Entity,Score
pandas/_testing.py::723,0.909091
pandas/_testing.py::725,0.909091
pandas/_testing.py::737,0.909091
pandas/_testing.py::738,0.909091
pandas/core/indexes/base.py::884,0.909091
pandas/core/indexes/multi.py::3355,0.909091
pandas/core/indexes/range.py::174,0.909091
pandas/core/indexes/range.py::175,0.909091
pandas/core/indexes/range.py::189,0.909091
pandas/core/indexes/range.py::190,0.909091
pandas/core/indexes/range.py::191,0.909091
pandas/core/indexes/range.py::192,0.909091
pandas/core/indexes/range.py::196,0.909091
pandas/_testing.py::735,0.660409
pandas/_testing.py::736,0.660409
pandas/core/frame.py::2874,0.660409
pandas/core/frame.py::2875,0.660409
pandas/core/frame.py::2876,0.660409
pandas/core/frame.py::2877,0.660409
pandas/core/indexes/base.py::297,0.660409
pandas/core/indexes/frozen.py::42,0.660409
pandas/core/indexes/range.py::125,0.660409
pandas/core/indexes/range.py::131,0.660409
pandas/core/indexes/range.py::132,0.660409
pandas/core/reshape/reshape.py::269,0.660409
pandas/core/reshape/reshape.py::270,0.660409
pandas/core/reshape/reshape.py::272,0.660409
pandas/core/series.py::264,0.660409
pandas/core/series.py::267,0.660409
pandas/core/series.py::268,0.660409
pandas/core/frame.py::2870,0.545836
pandas/core/frame.py::2871,0.545836
pandas/core/frame.py::2873,0.545836
pandas/core/indexes/frozen.py::41,0.545836
pandas/core/indexes/frozen.py::43,0.545836
pandas/core/indexes/multi.py::1046,0.545836
pandas/core/indexes/multi.py::1047,0.545836
pandas/core/indexes/multi.py::1053,0.545836
pandas/core/indexes/multi.py::1054,0.545836
pandas/core/indexes/multi.py::1061,0.545836
pandas/core/indexes/range.py::473,0.545836
pandas/core/indexes/range.py::475,0.545836
pandas/core/indexes/range.py::476,0.545836
pandas/io/formats/printing.py::105,0.545836
pandas/io/formats/printing.py::108,0.545836
pandas/io/formats/printing.py::110,0.545836
pandas/io/formats/printing.py::113,0.545836
pandas/io/formats/printing.py::115,0.545836
pandas/io/formats/printing.py::118,0.545836
pandas/io/formats/printing.py::119,0.545836
pandas/io/formats/printing.py::121,0.545836
pandas/io/formats/printing.py::123,0.545836
pandas/io/formats/printing.py::125,0.545836
pandas/io/formats/printing.py::128,0.545836
pandas/io/formats/printing.py::220,0.545836
pandas/io/formats/printing.py::221,0.545836
pandas/io/formats/printing.py::222,0.545836
pandas/io/formats/printing.py::223,0.545836
pandas/io/formats/printing.py::224,0.545836
pandas/io/formats/printing.py::225,0.545836
pandas/io/formats/printing.py::336,0.545836
pandas/io/formats/printing.py::390,0.545836
pandas/io/formats/printing.py::407,0.545836
pandas/io/formats/printing.py::408,0.545836
pandas/io/formats/printing.py::409,0.545836
pandas/io/formats/printing.py::410,0.545836
pandas/io/formats/printing.py::411,0.545836
pandas/io/formats/printing.py::412,0.545836
pandas/io/formats/printing.py::413,0.545836
pandas/io/formats/printing.py::414,0.545836
pandas/io/formats/printing.py::474,0.545836
pandas/io/formats/printing.py::478,0.545836
pandas/io/formats/printing.py::479,0.545836
pandas/io/formats/printing.py::480,0.545836
pandas/io/formats/printing.py::481,0.545836
pandas/io/formats/printing.py::485,0.545836
pandas/io/formats/printing.py::488,0.545836
pandas/io/formats/printing.py::494,0.545836
pandas/io/formats/printing.py::526,0.545836
pandas/core/indexes/base.py::415,0.476190
pandas/core/indexes/base.py::417,0.476190
pandas/core/indexes/base.py::418,0.476190
pandas/core/indexes/api.py::134,0.428070
pandas/core/indexes/api.py::135,0.428070
pandas/core/indexes/api.py::136,0.428070
pandas/core/indexes/base.py::2428,0.428070
pandas/core/indexes/base.py::2429,0.428070
pandas/core/indexes/base.py::2431,0.428070
pandas/core/internals/construction.py::311,0.428070
pandas/io/formats/printing.py::386,0.428070
pandas/io/formats/printing.py::442,0.428070
pandas/_testing.py::908,0.341480
pandas/_testing.py::910,0.341480
pandas/_testing.py::912,0.341480
pandas/_testing.py::915,0.341480
pandas/_testing.py::917,0.341480
pandas/_testing.py::924,0.341480
pandas/_testing.py::926,0.341480
pandas/_testing.py::929,0.341480
pandas/io/formats/printing.py::230,0.341480
pandas/core/series.py::296,0.322581
pandas/core/series.py::298,0.322581
pandas/io/formats/printing.py::351,0.306534
pandas/io/formats/printing.py::354,0.306534
pandas/io/formats/printing.py::355,0.306534
pandas/io/formats/printing.py::376,0.306534
pandas/io/formats/printing.py::381,0.306534
pandas/io/formats/printing.py::382,0.306534
pandas/io/formats/printing.py::385,0.306534
pandas/io/formats/printing.py::402,0.306534
pandas/io/formats/printing.py::416,0.306534
pandas/io/formats/printing.py::417,0.306534
pandas/io/formats/printing.py::419,0.306534
pandas/io/formats/printing.py::423,0.306534
pandas/io/formats/printing.py::428,0.306534
pandas/io/formats/printing.py::429,0.306534
pandas/io/formats/printing.py::430,0.306534
pandas/io/formats/printing.py::433,0.306534
pandas/io/formats/printing.py::434,0.306534
pandas/io/formats/printing.py::438,0.306534
pandas/io/formats/printing.py::439,0.306534
pandas/io/formats/printing.py::441,0.306534
pandas/io/formats/printing.py::447,0.306534
pandas/core/indexes/base.py::1523,0.269865
pandas/core/indexes/base.py::1525,0.269865
pandas/core/indexes/base.py::1526,0.269865
pandas/core/indexes/base.py::1527,0.269865
pandas/core/indexes/base.py::1528,0.269865
pandas/core/indexes/base.py::1529,0.269865
pandas/io/formats/format.py::397,0.269865
pandas/core/indexes/multi.py::491,0.260304
pandas/core/reshape/pivot.py::698,0.251700
pandas/core/indexes/multi.py::490,0.243902
pandas/core/dtypes/common.py::94,0.236793
pandas/core/reshape/pivot.py::569,0.236793
pandas/core/reshape/pivot.py::695,0.236793
pandas/core/reshape/pivot.py::696,0.236793
pandas/core/reshape/pivot.py::697,0.236793
pandas/core/construction.py::446,0.230275
pandas/core/construction.py::447,0.230275
pandas/core/frame.py::3652,0.230275
pandas/core/frame.py::3655,0.230275
pandas/core/frame.py::3656,0.230275
pandas/core/reshape/pivot.py::585,0.230275
pandas/core/reshape/pivot.py::586,0.230275
pandas/core/dtypes/cast.py::1340,0.224271
pandas/core/dtypes/cast.py::1341,0.224271
pandas/core/dtypes/cast.py::1345,0.224271
pandas/core/dtypes/cast.py::1346,0.224271
pandas/core/dtypes/cast.py::1348,0.224271
pandas/core/dtypes/common.py::93,0.224271
pandas/core/dtypes/common.py::95,0.224271
pandas/core/groupby/generic.py::1677,0.224271
pandas/core/groupby/generic.py::1678,0.224271
pandas/core/groupby/generic.py::1680,0.224271
pandas/core/groupby/generic.py::1681,0.224271
pandas/core/groupby/generic.py::1683,0.224271
pandas/core/groupby/generic.py::1687,0.224271
pandas/core/groupby/generic.py::1688,0.224271
pandas/core/groupby/generic.py::1690,0.224271
pandas/core/groupby/generic.py::1693,0.224271
pandas/core/groupby/groupby.py::945,0.224271
pandas/core/groupby/groupby.py::946,0.224271
pandas/core/groupby/groupby.py::949,0.224271
pandas/core/groupby/groupby.py::950,0.224271
pandas/core/groupby/groupby.py::951,0.224271
pandas/core/groupby/groupby.py::953,0.224271
pandas/core/indexes/range.py::690,0.224271
pandas/core/indexes/range.py::691,0.224271
pandas/core/common.py::276,0.218716
pandas/core/reshape/pivot.py::607,0.218716
pandas/core/common.py::275,0.213558
pandas/core/dtypes/inference.py::125,0.213558
pandas/core/generic.py::4427,0.213558
pandas/core/groupby/generic.py::998,0.213558
pandas/core/groupby/groupby.py::923,0.213558
pandas/core/groupby/groupby.py::925,0.213558
pandas/core/groupby/groupby.py::935,0.213558
pandas/core/groupby/groupby.py::936,0.213558
pandas/core/groupby/groupby.py::937,0.213558
pandas/core/groupby/groupby.py::938,0.213558
pandas/core/groupby/groupby.py::943,0.213558
pandas/core/groupby/groupby.py::955,0.213558
pandas/core/groupby/ops.py::356,0.213558
pandas/core/groupby/ops.py::606,0.213558
pandas/core/groupby/ops.py::608,0.213558
pandas/core/groupby/ops.py::612,0.213558
pandas/core/groupby/ops.py::619,0.213558
pandas/core/groupby/ops.py::623,0.213558
pandas/core/groupby/ops.py::624,0.213558
pandas/core/groupby/ops.py::639,0.213558
pandas/core/groupby/ops.py::641,0.213558
pandas/core/groupby/ops.py::644,0.213558
pandas/core/groupby/ops.py::645,0.213558
pandas/core/groupby/ops.py::646,0.213558
pandas/core/groupby/ops.py::647,0.213558
pandas/core/groupby/ops.py::648,0.213558
pandas/core/groupby/ops.py::649,0.213558
pandas/core/groupby/ops.py::650,0.213558
pandas/core/indexes/api.py::133,0.213558
pandas/core/reshape/concat.py::559,0.213558
pandas/core/reshape/concat.py::560,0.213558
pandas/core/reshape/pivot.py::560,0.213558
pandas/core/reshape/pivot.py::561,0.213558
pandas/core/reshape/pivot.py::563,0.213558
pandas/core/reshape/pivot.py::564,0.213558
pandas/core/reshape/pivot.py::566,0.213558
pandas/core/reshape/pivot.py::567,0.213558
pandas/core/reshape/pivot.py::568,0.213558
pandas/core/reshape/pivot.py::571,0.213558
pandas/core/reshape/pivot.py::572,0.213558
pandas/core/reshape/pivot.py::573,0.213558
pandas/core/reshape/pivot.py::575,0.213558
pandas/core/reshape/pivot.py::578,0.213558
pandas/core/reshape/pivot.py::581,0.213558
pandas/core/reshape/pivot.py::583,0.213558
pandas/core/reshape/pivot.py::584,0.213558
pandas/core/reshape/pivot.py::591,0.213558
pandas/core/reshape/pivot.py::592,0.213558
pandas/core/reshape/pivot.py::593,0.213558
pandas/core/reshape/pivot.py::594,0.213558
pandas/core/reshape/pivot.py::595,0.213558
pandas/core/reshape/pivot.py::596,0.213558
pandas/core/reshape/pivot.py::597,0.213558
pandas/core/reshape/pivot.py::598,0.213558
pandas/core/reshape/pivot.py::602,0.213558
pandas/core/reshape/pivot.py::694,0.213558
pandas/core/reshape/pivot.py::707,0.213558
pandas/core/series.py::206,0.213558
pandas/core/series.py::760,0.213558
pandas/core/series.py::762,0.213558
pandas/core/series.py::763,0.213558
pandas/core/series.py::765,0.213558
pandas/core/series.py::771,0.213558
pandas/core/series.py::772,0.213558
pandas/core/series.py::774,0.213558
pandas/core/series.py::775,0.213558
pandas/core/series.py::776,0.213558
pandas/core/series.py::779,0.213558
pandas/core/series.py::783,0.213558
pandas/core/series.py::856,0.213558
pandas/core/indexes/multi.py::3354,0.208750
pandas/core/indexes/multi.py::3359,0.208750
pandas/core/indexes/multi.py::3360,0.208750
pandas/core/indexes/multi.py::3361,0.208750
pandas/core/indexes/multi.py::3362,0.208750
pandas/core/indexes/multi.py::3366,0.208750
pandas/core/indexes/multi.py::3367,0.208750
pandas/core/indexes/multi.py::3371,0.208750
pandas/core/indexes/multi.py::3372,0.208750
pandas/core/indexes/multi.py::3374,0.208750
pandas/core/indexes/multi.py::3375,0.208750
pandas/core/series.py::806,0.208750
pandas/core/series.py::807,0.208750
pandas/core/dtypes/cast.py::111,0.204255
pandas/core/dtypes/cast.py::112,0.204255
pandas/core/dtypes/cast.py::113,0.204255
pandas/core/dtypes/cast.py::115,0.204255
pandas/core/dtypes/cast.py::117,0.204255
pandas/core/dtypes/cast.py::119,0.204255
pandas/core/dtypes/cast.py::123,0.204255
pandas/core/dtypes/cast.py::124,0.204255
pandas/core/dtypes/cast.py::125,0.204255
pandas/core/dtypes/cast.py::126,0.204255
pandas/core/dtypes/cast.py::131,0.204255
pandas/core/dtypes/cast.py::190,0.204255
pandas/core/dtypes/inference.py::423,0.204255
pandas/core/dtypes/inference.py::424,0.204255
pandas/core/groupby/groupby.py::918,0.204255
pandas/core/groupby/groupby.py::919,0.204255
pandas/core/indexes/base.py::483,0.204255
pandas/core/indexes/numeric.py::263,0.204255
pandas/core/indexes/numeric.py::266,0.204255
pandas/core/indexes/numeric.py::267,0.204255
pandas/core/indexes/numeric.py::268,0.204255
pandas/core/internals/blocks.py::168,0.204255
pandas/core/internals/blocks.py::3000,0.204255
pandas/core/internals/blocks.py::3004,0.204255
pandas/core/internals/blocks.py::452,0.204255
pandas/core/internals/blocks.py::453,0.204255
pandas/core/internals/blocks.py::455,0.204255
pandas/core/internals/blocks.py::457,0.204255
pandas/core/internals/blocks.py::458,0.204255
pandas/core/internals/blocks.py::465,0.204255
pandas/core/internals/blocks.py::466,0.204255
pandas/core/internals/blocks.py::467,0.204255
pandas/core/internals/blocks.py::470,0.204255
pandas/core/internals/blocks.py::479,0.204255
pandas/core/internals/blocks.py::480,0.204255
pandas/core/internals/blocks.py::481,0.204255
pandas/core/internals/blocks.py::482,0.204255
pandas/core/internals/blocks.py::485,0.204255
pandas/core/internals/blocks.py::486,0.204255
pandas/core/internals/blocks.py::490,0.204255
pandas/core/internals/blocks.py::491,0.204255
pandas/core/internals/blocks.py::493,0.204255
pandas/core/internals/blocks.py::504,0.204255
pandas/core/internals/blocks.py::510,0.204255
pandas/core/internals/blocks.py::513,0.204255
pandas/core/internals/blocks.py::516,0.204255
pandas/core/internals/blocks.py::526,0.204255
pandas/core/internals/blocks.py::529,0.204255
pandas/core/internals/blocks.py::533,0.204255
pandas/core/internals/blocks.py::538,0.204255
pandas/core/internals/blocks.py::539,0.204255
pandas/core/internals/blocks.py::540,0.204255
pandas/core/internals/blocks.py::542,0.204255
pandas/io/formats/printing.py::228,0.204255
pandas/core/frame.py::2883,0.200041
pandas/core/frame.py::3630,0.200041
pandas/core/indexes/multi.py::476,0.200041
pandas/core/indexes/multi.py::478,0.200041
pandas/core/indexes/multi.py::481,0.200041
pandas/core/indexes/multi.py::485,0.200041
pandas/core/indexes/multi.py::495,0.200041
pandas/core/internals/blocks.py::1011,0.200041
pandas/core/internals/blocks.py::1014,0.200041
pandas/core/internals/blocks.py::1017,0.200041
pandas/core/internals/blocks.py::2000,0.200041
pandas/core/internals/blocks.py::2001,0.200041
pandas/core/internals/blocks.py::2005,0.200041
pandas/core/internals/blocks.py::2006,0.200041
pandas/core/internals/blocks.py::2007,0.200041
pandas/core/internals/blocks.py::2008,0.200041
pandas/core/internals/blocks.py::2009,0.200041
pandas/core/internals/blocks.py::414,0.200041
pandas/core/internals/blocks.py::416,0.200041
pandas/core/internals/blocks.py::417,0.200041
pandas/core/internals/blocks.py::499,0.200041
pandas/core/internals/blocks.py::918,0.200041
pandas/core/internals/blocks.py::920,0.200041
pandas/core/internals/blocks.py::921,0.200041
pandas/core/internals/blocks.py::924,0.200041
pandas/core/internals/blocks.py::928,0.200041
pandas/core/internals/blocks.py::931,0.200041
pandas/core/internals/blocks.py::932,0.200041
pandas/core/internals/blocks.py::934,0.200041
pandas/core/internals/blocks.py::939,0.200041
pandas/core/internals/blocks.py::952,0.200041
pandas/core/internals/blocks.py::969,0.200041
pandas/core/generic.py::5945,0.196078
pandas/core/generic.py::5963,0.196078
pandas/core/generic.py::5979,0.196078
pandas/core/generic.py::5980,0.196078
pandas/core/generic.py::5981,0.196078
pandas/core/generic.py::5988,0.196078
pandas/core/generic.py::5992,0.196078
pandas/core/groupby/generic.py::948,0.196078
pandas/core/groupby/generic.py::986,0.196078
pandas/core/groupby/generic.py::987,0.196078
pandas/core/groupby/generic.py::990,0.196078
pandas/core/groupby/generic.py::994,0.196078
pandas/core/groupby/generic.py::995,0.196078
pandas/core/groupby/generic.py::996,0.196078
pandas/core/indexes/base.py::4654,0.196078
pandas/core/indexes/base.py::4670,0.196078
pandas/core/indexes/base.py::4672,0.196078
pandas/core/indexes/base.py::4674,0.196078
pandas/core/indexes/base.py::875,0.196078
pandas/core/indexes/base.py::876,0.196078
pandas/core/indexes/base.py::877,0.196078
pandas/core/indexes/base.py::878,0.196078
pandas/core/indexes/base.py::879,0.196078
pandas/core/indexes/base.py::880,0.196078
pandas/core/indexes/base.py::883,0.196078
pandas/core/indexes/base.py::886,0.196078
pandas/core/indexes/base.py::888,0.196078
pandas/core/indexes/base.py::898,0.196078
pandas/core/indexes/base.py::905,0.196078
pandas/core/internals/blocks.py::401,0.196078
pandas/core/internals/blocks.py::403,0.196078
pandas/core/internals/blocks.py::404,0.196078
pandas/core/internals/blocks.py::408,0.196078
pandas/core/internals/managers.py::389,0.196078
pandas/core/internals/managers.py::390,0.196078
pandas/core/internals/managers.py::399,0.196078
pandas/core/internals/managers.py::400,0.196078
pandas/core/internals/managers.py::553,0.196078
pandas/core/reshape/pivot.py::153,0.196078
pandas/io/formats/console.py::14,0.196078
pandas/io/formats/console.py::16,0.196078
pandas/io/formats/console.py::17,0.196078
pandas/io/formats/console.py::29,0.196078
pandas/io/formats/console.py::41,0.196078
pandas/io/formats/console.py::46,0.196078
pandas/io/formats/console.py::62,0.196078
pandas/io/formats/console.py::64,0.196078
pandas/io/formats/console.py::65,0.196078
pandas/io/formats/console.py::66,0.196078
pandas/io/formats/console.py::69,0.196078
pandas/io/formats/console.py::71,0.196078
pandas/io/formats/console.py::72,0.196078
pandas/io/formats/console.py::73,0.196078
pandas/io/formats/console.py::74,0.196078
pandas/io/formats/printing.py::275,0.196078
pandas/io/formats/printing.py::276,0.196078
pandas/io/formats/printing.py::315,0.196078
pandas/io/formats/printing.py::316,0.196078
pandas/io/formats/printing.py::318,0.196078
pandas/io/formats/printing.py::319,0.196078
pandas/io/formats/printing.py::321,0.196078
pandas/io/formats/printing.py::322,0.196078
pandas/io/formats/printing.py::324,0.196078
pandas/io/formats/printing.py::325,0.196078
pandas/io/formats/printing.py::326,0.196078
pandas/io/formats/printing.py::327,0.196078
pandas/io/formats/printing.py::332,0.196078
pandas/io/formats/printing.py::333,0.196078
pandas/io/formats/printing.py::339,0.196078
pandas/io/formats/printing.py::342,0.196078
pandas/io/formats/printing.py::345,0.196078
pandas/io/formats/printing.py::348,0.196078
pandas/io/formats/printing.py::349,0.196078
pandas/io/formats/printing.py::357,0.196078
pandas/io/formats/printing.py::363,0.196078
pandas/io/formats/printing.py::365,0.196078
pandas/io/formats/printing.py::367,0.196078
pandas/io/formats/printing.py::370,0.196078
pandas/io/formats/printing.py::449,0.196078
pandas/io/formats/printing.py::516,0.196078
pandas/io/formats/printing.py::517,0.196078
pandas/io/formats/printing.py::520,0.196078
pandas/io/formats/printing.py::524,0.196078
pandas/io/formats/printing.py::527,0.196078
pandas/io/formats/printing.py::528,0.196078
pandas/io/formats/printing.py::530,0.196078
pandas/core/dtypes/cast.py::705,0.192344
pandas/core/dtypes/cast.py::706,0.192344
pandas/core/dtypes/cast.py::708,0.192344
pandas/core/dtypes/cast.py::711,0.192344
pandas/core/dtypes/missing.py::157,0.192344
pandas/core/dtypes/missing.py::160,0.192344
pandas/core/frame.py::3612,0.192344
pandas/core/frame.py::3624,0.192344
pandas/core/frame.py::4144,0.192344
pandas/core/frame.py::4145,0.192344
pandas/core/frame.py::4146,0.192344
pandas/core/frame.py::4147,0.192344
pandas/core/frame.py::4148,0.192344
pandas/core/frame.py::4149,0.192344
pandas/core/frame.py::4150,0.192344
pandas/core/generic.py::5910,0.192344
pandas/core/generic.py::5911,0.192344
pandas/core/generic.py::5913,0.192344
pandas/core/generic.py::5917,0.192344
pandas/core/generic.py::5918,0.192344
pandas/core/generic.py::5919,0.192344
pandas/core/generic.py::5921,0.192344
pandas/core/generic.py::5942,0.192344
pandas/core/series.py::827,0.192344
pandas/core/series.py::828,0.192344
pandas/core/series.py::845,0.192344
pandas/core/series.py::848,0.192344
pandas/core/series.py::851,0.192344
pandas/core/series.py::855,0.192344
pandas/util/_validators.py::329,0.192344
pandas/util/_validators.py::331,0.192344
pandas/util/_validators.py::333,0.192344
pandas/util/_validators.py::336,0.192344
pandas/util/_validators.py::337,0.192344
pandas/util/_validators.py::346,0.192344
pandas/core/base.py::580,0.188816
pandas/core/groupby/groupby.py::911,0.188816
pandas/core/groupby/groupby.py::912,0.188816
pandas/core/groupby/groupby.py::915,0.188816
pandas/core/groupby/groupby.py::917,0.188816
pandas/core/groupby/groupby.py::940,0.188816
pandas/core/indexes/base.py::3181,0.188816
pandas/core/indexes/base.py::3184,0.188816
pandas/core/indexes/base.py::3185,0.188816
pandas/core/indexes/base.py::3187,0.188816
pandas/core/indexes/base.py::3188,0.188816
pandas/core/indexes/base.py::3189,0.188816
pandas/core/indexes/base.py::3190,0.188816
pandas/core/indexes/base.py::3193,0.188816
pandas/core/indexes/base.py::3198,0.188816
pandas/core/indexes/base.py::3199,0.188816
pandas/core/indexes/base.py::3200,0.188816
pandas/core/indexes/base.py::3201,0.188816
pandas/core/indexes/base.py::3202,0.188816
pandas/core/internals/blocks.py::3017,0.188816
pandas/core/internals/blocks.py::3018,0.188816
pandas/core/internals/blocks.py::3019,0.188816
pandas/core/internals/blocks.py::3023,0.188816
pandas/core/internals/managers.py::1510,0.188816
pandas/core/internals/managers.py::1513,0.188816
pandas/core/ops/__init__.py::145,0.188816
pandas/core/series.py::210,0.188816
pandas/core/series.py::918,0.188816
pandas/core/series.py::919,0.188816
pandas/core/series.py::920,0.188816
pandas/core/series.py::921,0.188816
pandas/core/base.py::497,0.185477
pandas/core/groupby/generic.py::947,0.185477
pandas/core/groupby/ops.py::112,0.185477
pandas/core/indexes/base.py::4627,0.185477
pandas/core/indexes/base.py::4628,0.185477
pandas/core/indexes/base.py::4648,0.185477
pandas/core/indexes/base.py::4649,0.185477
pandas/core/indexes/base.py::4651,0.185477
pandas/core/indexes/base.py::4652,0.185477
pandas/core/indexes/base.py::4653,0.185477
pandas/core/indexes/range.py::689,0.185477
pandas/core/ops/__init__.py::115,0.185477
pandas/core/ops/__init__.py::141,0.185477
pandas/core/ops/__init__.py::142,0.185477
pandas/core/ops/__init__.py::143,0.185477
pandas/core/ops/__init__.py::144,0.185477
pandas/io/formats/format.py::394,0.185477
pandas/io/formats/format.py::446,0.185477
pandas/io/formats/format.py::447,0.185477
pandas/io/formats/format.py::450,0.185477
pandas/io/formats/printing.py::194,0.185477
pandas/io/formats/printing.py::195,0.185477
pandas/io/formats/printing.py::196,0.185477
pandas/io/formats/printing.py::197,0.185477
pandas/io/formats/printing.py::204,0.185477
pandas/io/formats/printing.py::206,0.185477
pandas/io/formats/printing.py::207,0.185477
pandas/io/formats/printing.py::208,0.185477
pandas/io/formats/printing.py::209,0.185477
pandas/io/formats/printing.py::211,0.185477
pandas/io/formats/printing.py::213,0.185477
pandas/io/formats/printing.py::219,0.185477
pandas/io/formats/printing.py::227,0.185477
pandas/io/formats/printing.py::232,0.185477
pandas/core/groupby/groupby.py::804,0.182310
pandas/core/groupby/groupby.py::807,0.182310
pandas/core/groupby/groupby.py::809,0.182310
pandas/core/groupby/groupby.py::810,0.182310
pandas/core/groupby/groupby.py::819,0.182310
pandas/core/groupby/groupby.py::820,0.182310
pandas/core/groupby/groupby.py::822,0.182310
pandas/core/indexes/base.py::1749,0.182310
pandas/core/indexes/base.py::3118,0.182310
pandas/core/indexes/base.py::3120,0.182310
pandas/core/indexes/base.py::3123,0.182310
pandas/core/indexes/base.py::3130,0.182310
pandas/core/indexes/base.py::3134,0.182310
pandas/core/indexes/base.py::3148,0.182310
pandas/core/indexes/base.py::3152,0.182310
pandas/core/indexes/base.py::3170,0.182310
pandas/core/indexes/base.py::3173,0.182310
pandas/core/indexes/base.py::410,0.182310
pandas/core/indexes/base.py::4991,0.182310
pandas/core/indexes/base.py::4993,0.182310
pandas/core/indexes/base.py::4994,0.182310
pandas/core/indexes/base.py::4995,0.182310
pandas/core/indexes/base.py::4996,0.182310
pandas/core/indexes/base.py::4999,0.182310
pandas/core/indexes/range.py::316,0.182310
pandas/core/indexes/base.py::2474,0.179301
pandas/core/indexing.py::2189,0.179301
pandas/core/groupby/generic.py::944,0.176436
pandas/core/series.py::810,0.173706
pandas/core/series.py::811,0.173706
pandas/core/series.py::812,0.173706
pandas/core/internals/concat.py::102,0.171099
pandas/core/internals/concat.py::103,0.171099
pandas/core/internals/concat.py::107,0.171099
pandas/core/internals/concat.py::109,0.171099
pandas/core/internals/concat.py::66,0.171099
pandas/core/internals/concat.py::68,0.171099
pandas/core/internals/concat.py::70,0.171099
pandas/core/internals/concat.py::71,0.171099
pandas/core/internals/concat.py::72,0.171099
pandas/core/internals/concat.py::74,0.171099
pandas/core/internals/concat.py::77,0.171099
pandas/core/internals/concat.py::78,0.171099
pandas/core/internals/concat.py::81,0.171099
pandas/core/internals/concat.py::89,0.171099
pandas/core/internals/concat.py::90,0.171099
pandas/core/internals/concat.py::91,0.171099
pandas/core/internals/concat.py::111,0.166221
pandas/core/internals/concat.py::59,0.166221
pandas/core/internals/concat.py::60,0.166221
pandas/core/internals/concat.py::61,0.166221
pandas/core/internals/concat.py::63,0.166221
pandas/core/internals/concat.py::64,0.166221
pandas/core/generic.py::4425,0.163934
pandas/core/groupby/groupby.py::512,0.163934
pandas/core/groupby/groupby.py::513,0.163934
pandas/core/groupby/groupby.py::515,0.163934
pandas/core/indexes/base.py::4344,0.163934
pandas/core/series.py::287,0.163934
pandas/core/series.py::289,0.163934
pandas/core/series.py::293,0.163934
pandas/core/dtypes/cast.py::600,0.161740
pandas/core/dtypes/cast.py::603,0.161740
pandas/core/internals/concat.py::156,0.161740
pandas/core/internals/concat.py::157,0.161740
pandas/core/internals/concat.py::159,0.161740
pandas/core/internals/concat.py::161,0.161740
pandas/core/internals/concat.py::164,0.161740
pandas/core/internals/concat.py::165,0.161740
pandas/core/internals/concat.py::166,0.161740
pandas/core/internals/concat.py::167,0.161740
pandas/core/internals/concat.py::168,0.161740
pandas/core/internals/concat.py::169,0.161740
pandas/core/indexes/base.py::4338,0.159632
pandas/core/indexes/base.py::4340,0.159632
pandas/core/indexes/base.py::4341,0.159632
pandas/core/series.py::3964,0.159632
pandas/core/internals/managers.py::1043,0.157604
pandas/core/internals/managers.py::1045,0.157604
pandas/core/internals/managers.py::1046,0.157604
pandas/core/internals/managers.py::1165,0.157604
pandas/core/internals/managers.py::1166,0.157604
pandas/core/dtypes/cast.py::481,0.155653
pandas/core/dtypes/cast.py::482,0.155653
pandas/core/internals/concat.py::147,0.155653
pandas/core/internals/concat.py::150,0.155653
pandas/core/internals/concat.py::384,0.155653
pandas/core/internals/concat.py::388,0.155653
pandas/core/internals/concat.py::391,0.155653
pandas/core/internals/concat.py::394,0.155653
pandas/core/internals/concat.py::469,0.155653
pandas/core/internals/concat.py::472,0.155653
pandas/core/internals/concat.py::474,0.155653
pandas/core/internals/concat.py::475,0.155653
pandas/core/internals/concat.py::477,0.155653
pandas/core/internals/concat.py::478,0.155653
pandas/core/internals/concat.py::479,0.155653
pandas/core/internals/managers.py::1989,0.155653
pandas/core/internals/managers.py::1990,0.155653
pandas/core/internals/managers.py::1991,0.155653
pandas/core/dtypes/inference.py::421,0.153772
pandas/core/dtypes/inference.py::422,0.153772
pandas/core/frame.py::7070,0.153772
pandas/core/frame.py::7093,0.153772
pandas/core/frame.py::7101,0.153772
pandas/core/frame.py::7103,0.153772
pandas/core/frame.py::7106,0.153772
pandas/core/frame.py::7107,0.153772
pandas/core/frame.py::7108,0.153772
pandas/core/frame.py::7109,0.153772
pandas/core/frame.py::7110,0.153772
pandas/core/frame.py::7111,0.153772
pandas/core/indexes/api.py::132,0.153772
pandas/core/internals/blocks.py::344,0.153772
pandas/core/internals/blocks.py::345,0.153772
pandas/core/internals/blocks.py::347,0.153772
pandas/core/internals/blocks.py::348,0.153772
pandas/core/internals/concat.py::457,0.153772
pandas/core/internals/concat.py::459,0.153772
pandas/core/internals/concat.py::460,0.153772
pandas/core/internals/concat.py::461,0.153772
pandas/core/internals/concat.py::462,0.153772
pandas/core/internals/concat.py::463,0.153772
pandas/core/internals/concat.py::465,0.153772
pandas/core/internals/concat.py::466,0.153772
pandas/core/internals/concat.py::468,0.153772
pandas/core/series.py::285,0.153772
pandas/core/common.py::178,0.151959
pandas/core/frame.py::892,0.151959
pandas/core/frame.py::893,0.151959
pandas/core/frame.py::894,0.151959
pandas/core/reshape/concat.py::331,0.151959
pandas/core/reshape/concat.py::383,0.151959
pandas/core/reshape/concat.py::384,0.151959
pandas/core/construction.py::444,0.150208
pandas/core/internals/construction.py::306,0.150208
pandas/core/internals/construction.py::308,0.150208
pandas/core/internals/managers.py::1806,0.150208
pandas/core/internals/managers.py::1812,0.150208
pandas/core/dtypes/cast.py::559,0.148517
pandas/core/dtypes/cast.py::562,0.148517
pandas/core/dtypes/cast.py::570,0.148517
pandas/core/dtypes/cast.py::580,0.148517
pandas/core/dtypes/cast.py::592,0.148517
pandas/core/dtypes/cast.py::596,0.148517
pandas/core/dtypes/cast.py::599,0.148517
pandas/core/dtypes/cast.py::622,0.148517
pandas/core/indexes/base.py::4074,0.148517
pandas/core/indexes/base.py::4076,0.148517
pandas/core/indexes/base.py::4081,0.148517
pandas/core/indexes/base.py::5235,0.148517
pandas/core/indexes/base.py::5236,0.148517
pandas/core/indexes/base.py::5237,0.148517
pandas/core/indexes/base.py::5238,0.148517
pandas/core/internals/managers.py::1142,0.148517
pandas/core/internals/managers.py::1146,0.148517
pandas/core/internals/managers.py::1150,0.148517
pandas/core/internals/managers.py::1152,0.148517
pandas/core/internals/managers.py::1154,0.148517
pandas/core/internals/managers.py::1163,0.148517
pandas/core/internals/managers.py::1171,0.148517
pandas/core/internals/managers.py::1172,0.148517
pandas/core/internals/managers.py::1173,0.148517
pandas/core/internals/managers.py::1175,0.148517
pandas/core/internals/managers.py::1177,0.148517
pandas/core/indexes/range.py::393,0.146882
pandas/core/indexes/range.py::394,0.146882
pandas/core/indexes/range.py::170,0.145300
pandas/core/internals/managers.py::1550,0.143768
pandas/core/internals/managers.py::909,0.143768
pandas/core/internals/managers.py::910,0.143768
pandas/core/internals/managers.py::911,0.143768
pandas/core/internals/managers.py::912,0.143768
pandas/_config/config.py::113,0.142284
pandas/_config/config.py::116,0.142284
pandas/_config/config.py::117,0.142284
pandas/_config/config.py::558,0.142284
pandas/core/internals/blocks.py::299,0.142284
pandas/core/internals/managers.py::1938,0.142284
pandas/core/internals/managers.py::1939,0.142284
pandas/core/internals/managers.py::1940,0.142284
pandas/core/dtypes/cast.py::135,0.140845
pandas/core/internals/concat.py::117,0.140845
pandas/core/internals/concat.py::119,0.140845
pandas/core/internals/concat.py::120,0.140845
pandas/core/internals/concat.py::121,0.140845
pandas/core/internals/concat.py::444,0.140845
pandas/core/internals/managers.py::1981,0.140845
pandas/core/internals/managers.py::1998,0.140845
pandas/core/dtypes/cast.py::480,0.139449
pandas/core/indexes/api.py::100,0.139449
pandas/core/indexes/api.py::101,0.139449
pandas/core/indexes/api.py::102,0.139449
pandas/core/indexes/api.py::103,0.139449
pandas/core/indexes/api.py::104,0.139449
pandas/core/indexes/api.py::128,0.139449
pandas/core/indexes/api.py::129,0.139449
pandas/core/indexes/api.py::131,0.139449
pandas/core/indexes/api.py::141,0.139449
pandas/core/indexes/api.py::146,0.139449
pandas/core/indexes/api.py::89,0.139449
pandas/core/indexes/api.py::90,0.139449
pandas/core/indexes/api.py::98,0.139449
pandas/core/indexes/api.py::99,0.139449
pandas/core/internals/concat.py::44,0.139449
pandas/core/internals/concat.py::440,0.139449
pandas/core/internals/concat.py::45,0.139449
pandas/core/internals/concat.py::47,0.139449
pandas/core/internals/concat.py::49,0.139449
pandas/core/internals/concat.py::55,0.139449
pandas/core/internals/managers.py::1974,0.139449
pandas/core/internals/managers.py::1976,0.139449
pandas/core/internals/managers.py::1977,0.139449
pandas/core/internals/managers.py::1979,0.139449
pandas/core/internals/managers.py::2000,0.139449
pandas/core/reshape/concat.py::394,0.139449
pandas/core/reshape/concat.py::399,0.139449
pandas/core/reshape/concat.py::480,0.139449
pandas/core/reshape/concat.py::481,0.139449
pandas/core/reshape/concat.py::482,0.139449
pandas/core/reshape/concat.py::483,0.139449
pandas/core/reshape/concat.py::484,0.139449
pandas/core/reshape/concat.py::485,0.139449
pandas/core/reshape/concat.py::487,0.139449
pandas/core/reshape/concat.py::489,0.139449
pandas/core/reshape/concat.py::490,0.139449
pandas/core/reshape/concat.py::493,0.139449
pandas/core/reshape/concat.py::495,0.139449
pandas/core/reshape/concat.py::496,0.139449
pandas/core/reshape/concat.py::498,0.139449
pandas/core/reshape/concat.py::501,0.139449
pandas/core/reshape/concat.py::502,0.139449
pandas/core/reshape/concat.py::518,0.139449
pandas/core/reshape/concat.py::519,0.139449
pandas/core/reshape/concat.py::520,0.139449
pandas/core/reshape/concat.py::556,0.139449
pandas/core/base.py::486,0.138094
pandas/core/base.py::490,0.138094
pandas/core/base.py::492,0.138094
pandas/core/base.py::493,0.138094
pandas/core/dtypes/inference.py::419,0.138094
pandas/core/dtypes/inference.py::420,0.138094
pandas/core/generic.py::5256,0.138094
pandas/core/indexes/range.py::162,0.138094
pandas/core/indexes/range.py::163,0.138094
pandas/core/indexes/range.py::164,0.138094
pandas/core/indexes/range.py::166,0.138094
pandas/core/indexes/range.py::214,0.138094
pandas/core/indexes/range.py::236,0.138094
pandas/core/indexes/range.py::260,0.138094
pandas/core/reshape/concat.py::271,0.138094
pandas/core/reshape/concat.py::272,0.138094
pandas/core/reshape/concat.py::273,0.138094
pandas/core/reshape/concat.py::274,0.138094
pandas/core/reshape/concat.py::275,0.138094
pandas/core/reshape/concat.py::276,0.138094
pandas/core/reshape/concat.py::277,0.138094
pandas/core/reshape/concat.py::278,0.138094
pandas/core/reshape/concat.py::279,0.138094
pandas/core/reshape/concat.py::280,0.138094
pandas/core/reshape/concat.py::281,0.138094
pandas/core/reshape/concat.py::284,0.138094
pandas/core/reshape/concat.py::305,0.138094
pandas/core/reshape/concat.py::311,0.138094
pandas/core/reshape/concat.py::312,0.138094
pandas/core/reshape/concat.py::320,0.138094
pandas/core/reshape/concat.py::325,0.138094
pandas/core/reshape/concat.py::327,0.138094
pandas/core/reshape/concat.py::330,0.138094
pandas/core/reshape/concat.py::345,0.138094
pandas/core/reshape/concat.py::349,0.138094
pandas/core/reshape/concat.py::350,0.138094
pandas/core/reshape/concat.py::351,0.138094
pandas/core/reshape/concat.py::359,0.138094
pandas/core/reshape/concat.py::360,0.138094
pandas/core/reshape/concat.py::365,0.138094
pandas/core/reshape/concat.py::366,0.138094
pandas/core/reshape/concat.py::377,0.138094
pandas/core/reshape/concat.py::380,0.138094
pandas/core/reshape/concat.py::381,0.138094
pandas/core/reshape/concat.py::386,0.138094
pandas/core/reshape/concat.py::388,0.138094
pandas/core/reshape/concat.py::391,0.138094
pandas/core/reshape/concat.py::397,0.138094
pandas/core/reshape/concat.py::398,0.138094
pandas/core/reshape/concat.py::401,0.138094
pandas/core/reshape/concat.py::402,0.138094
pandas/core/reshape/concat.py::410,0.138094
pandas/core/reshape/concat.py::441,0.138094
pandas/core/reshape/concat.py::442,0.138094
pandas/core/reshape/concat.py::443,0.138094
pandas/core/reshape/concat.py::444,0.138094
pandas/core/reshape/concat.py::445,0.138094
pandas/core/reshape/concat.py::447,0.138094
pandas/core/reshape/concat.py::448,0.138094
pandas/core/reshape/concat.py::449,0.138094
pandas/core/reshape/concat.py::451,0.138094
pandas/core/reshape/concat.py::456,0.138094
pandas/core/reshape/concat.py::505,0.138094
pandas/core/reshape/concat.py::508,0.138094
pandas/core/reshape/concat.py::511,0.138094
pandas/core/reshape/concat.py::513,0.138094
pandas/core/reshape/concat.py::514,0.138094
pandas/core/reshape/concat.py::527,0.138094
pandas/core/reshape/concat.py::558,0.138094
pandas/core/dtypes/common.py::1729,0.136778
pandas/core/dtypes/common.py::1731,0.136778
pandas/core/dtypes/missing.py::155,0.136778
pandas/core/generic.py::5229,0.136778
pandas/core/base.py::324,0.135499
pandas/core/generic.py::5254,0.135499
pandas/core/generic.py::5255,0.135499
pandas/core/base.py::573,0.134256
pandas/core/indexes/range.py::389,0.133046
pandas/core/dtypes/cast.py::139,0.131868
pandas/core/dtypes/cast.py::151,0.131868
pandas/core/dtypes/cast.py::162,0.131868
pandas/core/indexes/numeric.py::112,0.131868
pandas/core/frame.py::2857,0.130722
pandas/core/frame.py::2858,0.130722
pandas/core/frame.py::2859,0.130722
pandas/core/frame.py::2861,0.130722
pandas/core/internals/managers.py::1025,0.126418
pandas/core/internals/managers.py::1033,0.126418
pandas/core/internals/managers.py::1036,0.126418
pandas/core/indexes/base.py::1515,0.125407
pandas/core/indexes/base.py::1516,0.125407
pandas/core/indexes/base.py::1517,0.125407
pandas/core/indexes/base.py::1520,0.125407
pandas/core/indexes/base.py::1521,0.125407
pandas/core/reshape/pivot.py::114,0.125407
pandas/core/reshape/pivot.py::115,0.125407
pandas/core/reshape/pivot.py::425,0.125407
pandas/core/arrays/categorical.py::339,0.124421
pandas/core/arrays/categorical.py::340,0.124421
pandas/core/reshape/pivot.py::421,0.124421
pandas/core/frame.py::3663,0.122515
pandas/core/frame.py::3669,0.122515
pandas/core/indexing.py::2184,0.122515
pandas/core/reshape/pivot.py::177,0.122515
pandas/core/dtypes/cast.py::102,0.121595
pandas/core/dtypes/cast.py::104,0.121595
pandas/core/dtypes/cast.py::106,0.121595
pandas/core/dtypes/cast.py::110,0.121595
pandas/core/dtypes/cast.py::133,0.121595
pandas/core/dtypes/cast.py::134,0.121595
pandas/core/frame.py::2851,0.121595
pandas/core/frame.py::2852,0.121595
pandas/core/frame.py::2853,0.121595
pandas/core/frame.py::2869,0.121595
pandas/core/frame.py::2880,0.121595
pandas/core/frame.py::2881,0.121595
pandas/core/indexes/multi.py::2630,0.121595
pandas/core/indexes/multi.py::2631,0.121595
pandas/core/indexes/multi.py::2644,0.121595
pandas/core/indexes/multi.py::2925,0.121595
pandas/core/indexes/multi.py::3463,0.121595
pandas/core/indexes/multi.py::3464,0.121595
pandas/core/indexes/multi.py::3472,0.121595
pandas/core/indexes/multi.py::3473,0.121595
pandas/core/indexes/multi.py::3477,0.121595
pandas/core/generic.py::3644,0.120695
pandas/core/reshape/pivot.py::420,0.120695
pandas/core/frame.py::3004,0.119815
pandas/core/generic.py::3643,0.119815
pandas/core/indexes/base.py::1489,0.119815
pandas/core/indexes/base.py::1490,0.119815
pandas/core/indexes/base.py::1492,0.119815
pandas/core/indexes/base.py::1494,0.119815
pandas/core/indexes/base.py::1496,0.119815
pandas/core/indexes/base.py::1503,0.119815
pandas/core/indexes/base.py::1504,0.119815
pandas/core/indexes/base.py::1505,0.119815
pandas/core/indexes/base.py::1507,0.119815
pandas/core/indexes/base.py::1508,0.119815
pandas/core/indexes/base.py::1509,0.119815
pandas/core/indexes/base.py::1510,0.119815
pandas/core/indexes/base.py::1512,0.119815
pandas/core/indexes/multi.py::1927,0.119815
pandas/core/indexes/multi.py::1929,0.119815
pandas/core/indexes/multi.py::2912,0.119815
pandas/core/indexes/multi.py::2920,0.119815
pandas/core/indexes/multi.py::2921,0.119815
pandas/core/indexes/multi.py::2922,0.119815
pandas/core/dtypes/cast.py::195,0.118954
pandas/core/dtypes/cast.py::196,0.118954
pandas/core/indexes/multi.py::1911,0.118954
pandas/core/indexes/multi.py::1913,0.118954
pandas/core/indexes/multi.py::1914,0.118954
pandas/core/indexes/multi.py::1915,0.118954
pandas/core/indexes/multi.py::1918,0.118954
pandas/core/indexes/multi.py::1920,0.118954
pandas/core/indexes/multi.py::2646,0.118954
pandas/core/indexes/multi.py::2647,0.118954
pandas/core/indexes/multi.py::2652,0.118954
pandas/core/indexes/multi.py::2653,0.118954
pandas/core/frame.py::2775,0.118111
pandas/core/frame.py::2849,0.118111
pandas/core/frame.py::2850,0.118111
pandas/core/frame.py::2923,0.118111
pandas/core/frame.py::2926,0.118111
pandas/core/frame.py::2927,0.118111
pandas/core/frame.py::2932,0.118111
pandas/core/frame.py::2934,0.118111
pandas/core/frame.py::2938,0.118111
pandas/core/frame.py::2996,0.118111
pandas/core/frame.py::2997,0.118111
pandas/core/frame.py::2998,0.118111
pandas/core/frame.py::3003,0.118111
pandas/core/generic.py::3579,0.118111
pandas/core/generic.py::3580,0.118111
pandas/core/indexes/base.py::5736,0.118111
pandas/core/indexes/base.py::5737,0.118111
pandas/core/indexes/base.py::5738,0.118111
pandas/core/indexes/base.py::5804,0.118111
pandas/core/indexes/base.py::5807,0.118111
pandas/core/indexes/base.py::5808,0.118111
pandas/core/indexes/base.py::5809,0.118111
pandas/core/indexes/base.py::5810,0.118111
pandas/core/internals/managers.py::1016,0.118111
pandas/core/internals/managers.py::1019,0.118111
pandas/core/internals/managers.py::1041,0.118111
pandas/core/internals/managers.py::1042,0.118111
pandas/core/internals/managers.py::629,0.118111
pandas/core/sorting.py::367,0.118111
pandas/core/sorting.py::368,0.118111
pandas/core/indexes/multi.py::1922,0.117286
pandas/core/indexes/multi.py::1932,0.117286
pandas/core/indexes/multi.py::1934,0.117286
pandas/core/indexes/multi.py::1935,0.117286
pandas/core/indexes/multi.py::1936,0.117286
pandas/core/indexes/multi.py::1937,0.117286
pandas/core/indexes/multi.py::1938,0.117286
pandas/core/indexes/multi.py::1939,0.117286
pandas/core/indexes/multi.py::410,0.117286
pandas/core/indexes/multi.py::411,0.117286
pandas/core/indexes/multi.py::413,0.117286
pandas/core/indexes/multi.py::417,0.117286
pandas/core/indexes/multi.py::418,0.117286
pandas/core/indexes/multi.py::423,0.117286
pandas/core/indexes/multi.py::424,0.117286
pandas/core/indexes/multi.py::427,0.117286
pandas/core/indexes/multi.py::428,0.117286
pandas/core/indexes/multi.py::431,0.117286
pandas/core/indexes/multi.py::432,0.117286
pandas/core/indexes/multi.py::433,0.117286
pandas/core/indexes/multi.py::434,0.117286
pandas/core/indexes/multi.py::435,0.117286
pandas/core/indexes/multi.py::436,0.117286
pandas/core/internals/blocks.py::3034,0.117286
pandas/core/internals/blocks.py::3040,0.117286
pandas/core/internals/blocks.py::3041,0.117286
pandas/core/internals/blocks.py::3043,0.117286
pandas/core/internals/blocks.py::3044,0.117286
pandas/core/internals/blocks.py::3045,0.117286
pandas/core/internals/blocks.py::3047,0.117286
pandas/core/groupby/groupby.py::2483,0.116478
pandas/core/indexes/multi.py::98,0.116478
pandas/core/dtypes/cast.py::1500,0.115687
pandas/core/dtypes/cast.py::1501,0.115687
pandas/core/dtypes/cast.py::1504,0.115687
pandas/core/dtypes/cast.py::1511,0.115687
pandas/core/dtypes/cast.py::1512,0.115687
pandas/core/indexes/base.py::5678,0.115687
pandas/core/indexes/base.py::5679,0.115687
pandas/core/indexes/base.py::5680,0.115687
pandas/core/indexes/numeric.py::254,0.115687
pandas/core/indexes/numeric.py::88,0.115687
pandas/core/indexes/numeric.py::89,0.115687
pandas/core/indexes/numeric.py::90,0.115687
pandas/core/indexes/numeric.py::91,0.115687
pandas/core/indexes/numeric.py::94,0.115687
pandas/core/indexes/numeric.py::95,0.115687
pandas/core/dtypes/cast.py::463,0.114912
pandas/core/dtypes/cast.py::477,0.114912
pandas/core/dtypes/cast.py::478,0.114912
pandas/core/generic.py::647,0.114912
pandas/core/generic.py::648,0.114912
pandas/core/reshape/reshape.py::215,0.114912
pandas/core/reshape/reshape.py::219,0.114912
pandas/core/reshape/reshape.py::220,0.114912
pandas/core/reshape/reshape.py::221,0.114912
pandas/core/reshape/reshape.py::223,0.114912
pandas/core/reshape/reshape.py::225,0.114912
pandas/core/reshape/reshape.py::226,0.114912
pandas/core/reshape/reshape.py::231,0.114912
pandas/core/reshape/reshape.py::234,0.114912
pandas/core/reshape/reshape.py::238,0.114912
pandas/core/reshape/reshape.py::241,0.114912
pandas/core/reshape/reshape.py::242,0.114912
pandas/core/reshape/reshape.py::243,0.114912
pandas/core/reshape/reshape.py::244,0.114912
pandas/core/reshape/reshape.py::245,0.114912
pandas/core/reshape/reshape.py::246,0.114912
pandas/core/reshape/reshape.py::247,0.114912
pandas/core/reshape/reshape.py::248,0.114912
pandas/core/reshape/reshape.py::252,0.114912
pandas/core/reshape/reshape.py::255,0.114912
pandas/core/frame.py::3049,0.114152
pandas/core/frame.py::3587,0.114152
pandas/core/frame.py::3609,0.114152
pandas/core/frame.py::3659,0.114152
pandas/core/internals/managers.py::172,0.114152
pandas/core/internals/managers.py::173,0.114152
pandas/core/internals/managers.py::174,0.114152
pandas/core/internals/managers.py::176,0.114152
pandas/core/internals/managers.py::182,0.114152
pandas/core/arrays/categorical.py::2663,0.112677
pandas/core/arrays/categorical.py::2664,0.112677
pandas/core/arrays/categorical.py::2665,0.112677
pandas/core/frame.py::1041,0.111257
pandas/core/indexes/base.py::741,0.110567
pandas/core/indexes/base.py::746,0.110567
pandas/core/internals/blocks.py::164,0.109890
pandas/core/internals/blocks.py::3029,0.109890
pandas/core/internals/blocks.py::3032,0.109890
pandas/core/internals/managers.py::1854,0.109890
pandas/core/internals/managers.py::1855,0.109890
pandas/core/internals/managers.py::1857,0.109890
pandas/core/internals/managers.py::1858,0.109890
pandas/core/internals/managers.py::1859,0.109890
pandas/core/internals/managers.py::1860,0.109890
pandas/core/internals/managers.py::1862,0.109890
pandas/core/internals/managers.py::1863,0.109890
pandas/core/internals/managers.py::916,0.109890
pandas/core/internals/managers.py::917,0.109890
pandas/core/internals/managers.py::918,0.109890
pandas/core/internals/managers.py::919,0.109890
pandas/core/indexes/base.py::2023,0.108573
pandas/core/indexes/base.py::2024,0.108573
pandas/core/dtypes/cast.py::227,0.107931
pandas/core/arrays/categorical.py::2688,0.107301
pandas/core/arrays/categorical.py::2691,0.107301
pandas/core/dtypes/cast.py::191,0.107301
pandas/core/dtypes/cast.py::212,0.107301
pandas/core/dtypes/cast.py::217,0.107301
pandas/core/dtypes/cast.py::218,0.107301
pandas/core/dtypes/cast.py::220,0.107301
pandas/core/dtypes/cast.py::221,0.107301
pandas/core/dtypes/cast.py::226,0.107301
pandas/core/reshape/reshape.py::400,0.107301
pandas/core/arrays/categorical.py::2649,0.106682
pandas/core/arrays/categorical.py::2652,0.106682
pandas/core/arrays/categorical.py::2666,0.106682
pandas/core/dtypes/cast.py::189,0.106682
pandas/core/indexes/multi.py::3112,0.106682
pandas/core/indexes/multi.py::3113,0.106682
pandas/core/indexes/multi.py::3114,0.106682
pandas/core/indexes/multi.py::3115,0.106682
pandas/core/indexes/multi.py::3116,0.106682
pandas/core/indexes/multi.py::3119,0.106682
pandas/core/indexes/multi.py::3120,0.106682
pandas/core/indexes/multi.py::3121,0.106682
pandas/core/indexes/multi.py::3122,0.106682
pandas/core/indexes/multi.py::3130,0.106682
pandas/core/indexes/multi.py::3133,0.106682
pandas/core/indexes/multi.py::3136,0.106682
pandas/core/indexes/numeric.py::111,0.106682
pandas/core/indexing.py::1796,0.106682
pandas/core/indexing.py::1803,0.106682
pandas/core/dtypes/cast.py::200,0.106074
pandas/core/dtypes/cast.py::205,0.106074
pandas/core/dtypes/cast.py::206,0.106074
pandas/core/dtypes/cast.py::208,0.106074
pandas/core/dtypes/cast.py::198,0.105476
pandas/core/indexes/multi.py::1354,0.105476
pandas/core/indexes/multi.py::1355,0.105476
pandas/core/indexes/multi.py::1746,0.105476
pandas/core/reshape/pivot.py::175,0.105476
pandas/core/algorithms.py::93,0.104888
pandas/core/algorithms.py::94,0.104888
pandas/core/algorithms.py::98,0.104888
pandas/core/algorithms.py::99,0.104888
pandas/core/dtypes/cast.py::1150,0.104888
pandas/core/dtypes/cast.py::1153,0.104888
pandas/core/dtypes/cast.py::1154,0.104888
pandas/core/dtypes/cast.py::1155,0.104888
pandas/core/dtypes/cast.py::1157,0.104888
pandas/core/dtypes/cast.py::1236,0.104888
pandas/core/dtypes/common.py::1475,0.104888
pandas/core/frame.py::5010,0.104310
pandas/core/frame.py::5012,0.104310
pandas/core/frame.py::5013,0.104310
pandas/core/frame.py::5014,0.104310
pandas/core/frame.py::5015,0.104310
pandas/core/frame.py::5034,0.104310
pandas/core/frame.py::5035,0.104310
pandas/core/frame.py::5038,0.104310
pandas/core/frame.py::5040,0.104310
pandas/core/frame.py::5043,0.104310
pandas/core/frame.py::5046,0.104310
pandas/core/generic.py::1864,0.104310
pandas/core/indexes/multi.py::1352,0.104310
pandas/core/indexes/multi.py::1685,0.104310
pandas/core/indexes/multi.py::1689,0.104310
pandas/core/indexes/multi.py::1692,0.104310
pandas/core/indexes/multi.py::1703,0.104310
pandas/core/indexes/multi.py::1704,0.104310
pandas/core/indexes/multi.py::1705,0.104310
pandas/core/indexes/multi.py::1706,0.104310
pandas/core/indexes/multi.py::1745,0.104310
pandas/core/indexes/multi.py::2194,0.104310
pandas/core/indexes/multi.py::2195,0.104310
pandas/core/indexes/multi.py::2196,0.104310
pandas/core/indexes/multi.py::2197,0.104310
pandas/core/indexes/multi.py::2201,0.104310
pandas/core/indexes/multi.py::2202,0.104310
pandas/core/indexes/multi.py::981,0.104310
pandas/core/indexes/multi.py::982,0.104310
pandas/core/indexes/numeric.py::279,0.104310
pandas/core/indexes/numeric.py::71,0.104310
pandas/core/indexes/numeric.py::72,0.104310
pandas/core/reshape/pivot.py::133,0.104310
pandas/core/reshape/pivot.py::174,0.104310
pandas/core/sorting.py::186,0.104310
pandas/core/sorting.py::187,0.104310
pandas/core/sorting.py::198,0.104310
pandas/core/sorting.py::200,0.104310
pandas/core/sorting.py::201,0.104310
pandas/core/sorting.py::202,0.104310
pandas/core/sorting.py::203,0.104310
pandas/core/sorting.py::207,0.104310
pandas/core/sorting.py::210,0.104310
pandas/core/sorting.py::211,0.104310
pandas/core/sorting.py::217,0.104310
pandas/core/sorting.py::220,0.104310
pandas/core/sorting.py::221,0.104310
pandas/core/sorting.py::223,0.104310
pandas/core/sorting.py::224,0.104310
pandas/core/sorting.py::225,0.104310
pandas/core/sorting.py::226,0.104310
pandas/core/sorting.py::234,0.104310
pandas/core/sorting.py::237,0.104310
pandas/core/sorting.py::238,0.104310
pandas/core/sorting.py::240,0.104310
pandas/core/generic.py::3260,0.103741
pandas/core/indexes/numeric.py::109,0.103741
pandas/core/sorting.py::181,0.103741
pandas/core/sorting.py::183,0.103741
pandas/core/sorting.py::189,0.103741
pandas/core/groupby/groupby.py::2479,0.103181
pandas/core/groupby/groupby.py::2480,0.103181
pandas/core/groupby/groupby.py::2481,0.103181
pandas/core/groupby/grouper.py::393,0.103181
pandas/core/indexes/base.py::540,0.103181
pandas/core/indexes/base.py::541,0.103181
pandas/core/indexes/base.py::542,0.103181
pandas/core/indexes/base.py::543,0.103181
pandas/core/indexes/base.py::545,0.103181
pandas/core/indexes/base.py::550,0.103181
pandas/core/indexes/multi.py::636,0.103181
pandas/core/indexes/base.py::1572,0.102631
pandas/core/indexes/numeric.py::74,0.102631
pandas/core/reshape/pivot.py::129,0.102631
pandas/core/reshape/pivot.py::130,0.102631
pandas/core/indexes/base.py::2046,0.102089
pandas/core/indexing.py::2195,0.102089
pandas/core/groupby/groupby.py::2475,0.101556
pandas/core/reshape/pivot.py::126,0.101556
pandas/core/reshape/pivot.py::127,0.101556
pandas/core/reshape/pivot.py::128,0.101556
pandas/core/reshape/pivot.py::134,0.101556
pandas/core/algorithms.py::1624,0.101031
pandas/core/frame.py::6099,0.100514
pandas/core/frame.py::6101,0.100514
pandas/core/frame.py::6102,0.100514
pandas/core/frame.py::6103,0.100514
pandas/core/frame.py::6104,0.100514
pandas/core/frame.py::6105,0.100514
pandas/core/frame.py::6106,0.100514
pandas/core/frame.py::6107,0.100514
pandas/core/frame.py::6108,0.100514
pandas/core/frame.py::6109,0.100514
pandas/core/frame.py::6110,0.100514
pandas/core/frame.py::6111,0.100514
pandas/core/indexes/multi.py::1329,0.100514
pandas/core/indexes/multi.py::1944,0.100514
pandas/core/indexes/multi.py::1945,0.100514
pandas/core/indexes/multi.py::1946,0.100514
pandas/core/indexes/multi.py::1947,0.100514
pandas/core/indexes/multi.py::1948,0.100514
pandas/core/indexes/multi.py::1949,0.100514
pandas/core/indexes/multi.py::1950,0.100514
pandas/core/indexes/multi.py::1951,0.100514
pandas/core/indexes/multi.py::1953,0.100514
pandas/core/indexes/multi.py::1954,0.100514
pandas/core/indexes/multi.py::1962,0.100514
pandas/core/indexes/multi.py::1979,0.100514
pandas/core/indexes/multi.py::1980,0.100514
pandas/core/indexes/multi.py::2577,0.100514
pandas/core/indexes/multi.py::2580,0.100514
pandas/core/indexes/multi.py::2643,0.100514
pandas/core/indexes/multi.py::2835,0.100514
pandas/core/indexes/multi.py::2836,0.100514
pandas/core/indexes/multi.py::2838,0.100514
pandas/core/indexes/multi.py::2865,0.100514
pandas/core/indexes/multi.py::2910,0.100514
pandas/core/reshape/pivot.py::173,0.100514
pandas/core/reshape/pivot.py::71,0.100514
pandas/core/reshape/pivot.py::72,0.100514
pandas/core/reshape/reshape.py::395,0.100514
pandas/core/indexes/multi.py::1328,0.100005
pandas/core/indexes/multi.py::1331,0.100005
pandas/core/indexes/multi.py::1333,0.100005
pandas/core/indexes/multi.py::1334,0.100005
pandas/core/indexes/multi.py::1335,0.100005
pandas/core/indexes/multi.py::1337,0.100005
pandas/core/indexes/multi.py::1339,0.100005
pandas/core/indexes/multi.py::1340,0.100005
pandas/core/indexes/multi.py::1342,0.100005
pandas/core/indexes/multi.py::1343,0.100005
pandas/core/indexes/multi.py::3094,0.100005
pandas/core/indexes/multi.py::3097,0.100005
pandas/core/indexes/multi.py::3106,0.100005
pandas/core/indexes/multi.py::3109,0.100005
pandas/core/algorithms.py::1614,0.099504
pandas/core/algorithms.py::1615,0.099504
pandas/core/algorithms.py::1616,0.099504
pandas/core/algorithms.py::1617,0.099504
pandas/core/dtypes/cast.py::434,0.099504
pandas/core/indexes/base.py::2044,0.099504
pandas/core/indexes/frozen.py::68,0.099504
pandas/core/reshape/reshape.py::299,0.099504
pandas/core/reshape/reshape.py::300,0.099504
pandas/core/reshape/reshape.py::302,0.099504
pandas/core/sorting.py::362,0.099504
pandas/core/sorting.py::363,0.099504
pandas/core/sorting.py::364,0.099504
pandas/core/sorting.py::365,0.099504
pandas/core/sorting.py::366,0.099504
pandas/core/reshape/pivot.py::103,0.099010
pandas/core/reshape/pivot.py::110,0.099010
pandas/core/reshape/pivot.py::112,0.099010
pandas/core/reshape/pivot.py::113,0.099010
pandas/core/reshape/pivot.py::184,0.099010
pandas/core/frame.py::7829,0.098523
pandas/core/frame.py::7830,0.098523
pandas/core/frame.py::7831,0.098523
pandas/core/groupby/grouper.py::379,0.098523
pandas/core/groupby/grouper.py::410,0.098523
pandas/core/groupby/grouper.py::412,0.098523
pandas/core/groupby/grouper.py::416,0.098523
pandas/core/groupby/grouper.py::417,0.098523
pandas/core/groupby/grouper.py::418,0.098523
pandas/core/groupby/grouper.py::419,0.098523
pandas/core/groupby/ops.py::105,0.098523
pandas/core/groupby/ops.py::281,0.098523
pandas/core/groupby/ops.py::282,0.098523
pandas/core/groupby/ops.py::293,0.098523
pandas/core/groupby/ops.py::294,0.098523
pandas/core/groupby/ops.py::295,0.098523
pandas/core/groupby/ops.py::302,0.098523
pandas/core/groupby/ops.py::303,0.098523
pandas/core/groupby/ops.py::304,0.098523
pandas/core/groupby/ops.py::305,0.098523
pandas/core/groupby/ops.py::307,0.098523
pandas/core/indexes/base.py::2910,0.098523
pandas/core/indexes/base.py::2911,0.098523
pandas/core/indexes/multi.py::1535,0.098523
pandas/core/indexes/multi.py::1536,0.098523
pandas/core/indexes/multi.py::1537,0.098523
pandas/core/indexes/multi.py::1538,0.098523
pandas/core/indexes/multi.py::1540,0.098523
pandas/core/indexes/multi.py::1541,0.098523
pandas/core/indexes/multi.py::1675,0.098523
pandas/core/sorting.py::130,0.098523
pandas/core/sorting.py::131,0.098523
pandas/core/sorting.py::132,0.098523
pandas/core/sorting.py::134,0.098523
pandas/core/sorting.py::139,0.098523
pandas/core/sorting.py::144,0.098523
pandas/core/sorting.py::145,0.098523
pandas/core/sorting.py::146,0.098523
pandas/core/sorting.py::147,0.098523
pandas/core/sorting.py::148,0.098523
pandas/core/sorting.py::149,0.098523
pandas/core/sorting.py::150,0.098523
pandas/core/sorting.py::151,0.098523
pandas/core/sorting.py::152,0.098523
pandas/core/sorting.py::153,0.098523
pandas/core/sorting.py::154,0.098523
pandas/core/sorting.py::166,0.098523
pandas/core/sorting.py::170,0.098523
pandas/core/sorting.py::172,0.098523
pandas/core/sorting.py::173,0.098523
pandas/core/sorting.py::92,0.098523
pandas/core/sorting.py::93,0.098523
pandas/core/sorting.py::94,0.098523
pandas/core/sorting.py::95,0.098523
pandas/core/indexes/base.py::4977,0.098044
pandas/core/indexes/base.py::4984,0.098044
pandas/core/reshape/pivot.py::79,0.097572
pandas/core/reshape/pivot.py::80,0.097572
pandas/core/reshape/pivot.py::81,0.097572
pandas/core/reshape/pivot.py::83,0.097572
pandas/core/reshape/pivot.py::84,0.097572
pandas/core/reshape/pivot.py::85,0.097572
pandas/core/reshape/pivot.py::88,0.097572
pandas/core/frame.py::8115,0.097106
pandas/core/reshape/pivot.py::67,0.097106
pandas/core/reshape/pivot.py::75,0.097106
pandas/core/reshape/pivot.py::76,0.097106
pandas/core/arrays/categorical.py::354,0.096647
pandas/core/arrays/categorical.py::355,0.096647
pandas/core/arrays/categorical.py::374,0.096647
pandas/core/dtypes/dtypes.py::537,0.096647
pandas/core/nanops.py::1200,0.096647
pandas/core/nanops.py::1201,0.096647
pandas/core/nanops.py::1204,0.096647
pandas/core/nanops.py::1205,0.096647
pandas/core/nanops.py::491,0.096647
pandas/core/reshape/reshape.py::404,0.096647
pandas/core/frame.py::4754,0.096194
pandas/core/frame.py::4755,0.096194
pandas/core/frame.py::7823,0.096194
pandas/core/generic.py::10908,0.096194
pandas/core/generic.py::10909,0.096194
pandas/core/generic.py::10914,0.096194
pandas/core/generic.py::10915,0.096194
pandas/core/generic.py::10916,0.096194
pandas/core/generic.py::10918,0.096194
pandas/core/generic.py::10922,0.096194
pandas/core/generic.py::10923,0.096194
pandas/core/generic.py::10924,0.096194
pandas/core/generic.py::10925,0.096194
pandas/core/generic.py::10926,0.096194
pandas/core/generic.py::10927,0.096194
pandas/core/generic.py::10928,0.096194
pandas/core/internals/construction.py::66,0.096194
pandas/core/nanops.py::1188,0.096194
pandas/core/nanops.py::1208,0.096194
pandas/core/nanops.py::485,0.096194
pandas/core/nanops.py::486,0.096194
pandas/core/nanops.py::488,0.096194
pandas/core/nanops.py::489,0.096194
pandas/core/nanops.py::493,0.096194
pandas/core/nanops.py::494,0.096194
pandas/core/nanops.py::496,0.096194
pandas/core/dtypes/missing.py::445,0.095748
pandas/core/dtypes/missing.py::446,0.095748
pandas/core/frame.py::7881,0.095748
pandas/core/frame.py::7886,0.095748
pandas/core/frame.py::7887,0.095748
pandas/core/frame.py::7888,0.095748
pandas/core/frame.py::7890,0.095748
pandas/core/frame.py::7891,0.095748
pandas/core/frame.py::7893,0.095748
pandas/core/frame.py::7910,0.095748
pandas/core/frame.py::7930,0.095748
pandas/core/frame.py::7931,0.095748
pandas/core/frame.py::7932,0.095748
pandas/core/frame.py::7933,0.095748
pandas/core/frame.py::7935,0.095748
pandas/core/frame.py::7978,0.095748
pandas/core/frame.py::7990,0.095748
pandas/core/frame.py::7991,0.095748
pandas/core/frame.py::7992,0.095748
pandas/core/frame.py::8116,0.095748
pandas/core/frame.py::8117,0.095748
pandas/core/reshape/reshape.py::440,0.095748
pandas/core/arrays/categorical.py::330,0.095308
pandas/core/arrays/categorical.py::333,0.095308
pandas/core/arrays/categorical.py::336,0.095308
pandas/core/arrays/categorical.py::353,0.095308
pandas/core/arrays/categorical.py::387,0.095308
pandas/core/arrays/categorical.py::393,0.095308
pandas/core/arrays/categorical.py::394,0.095308
pandas/core/dtypes/cast.py::442,0.095308
pandas/core/dtypes/cast.py::522,0.095308
pandas/core/frame.py::4731,0.095308
pandas/core/frame.py::4732,0.095308
pandas/core/frame.py::4736,0.095308
pandas/core/frame.py::4737,0.095308
pandas/core/frame.py::4739,0.095308
pandas/core/frame.py::4740,0.095308
pandas/core/frame.py::4748,0.095308
pandas/core/frame.py::4750,0.095308
pandas/core/frame.py::4752,0.095308
pandas/core/frame.py::4762,0.095308
pandas/core/frame.py::4764,0.095308
pandas/core/frame.py::4767,0.095308
pandas/core/frame.py::7810,0.095308
pandas/core/frame.py::7811,0.095308
pandas/core/frame.py::7814,0.095308
pandas/core/frame.py::7817,0.095308
pandas/core/frame.py::7820,0.095308
pandas/core/frame.py::7833,0.095308
pandas/core/indexes/multi.py::980,0.095308
pandas/core/indexing.py::1691,0.095308
pandas/core/indexing.py::1693,0.095308
pandas/core/indexing.py::1694,0.095308
pandas/core/indexing.py::1794,0.095308
pandas/core/indexing.py::1817,0.095308
pandas/core/indexing.py::1820,0.095308
pandas/core/indexing.py::1821,0.095308
pandas/core/indexing.py::1824,0.095308
pandas/core/indexing.py::1825,0.095308
pandas/core/indexing.py::1827,0.095308
pandas/core/indexing.py::1830,0.095308
pandas/core/indexing.py::1831,0.095308
pandas/core/indexing.py::575,0.095308
pandas/core/indexing.py::577,0.095308
pandas/core/indexing.py::578,0.095308
pandas/core/indexing.py::579,0.095308
pandas/core/indexing.py::580,0.095308
pandas/core/ops/__init__.py::518,0.095308
pandas/core/ops/__init__.py::520,0.095308
pandas/core/ops/__init__.py::523,0.095308
pandas/core/ops/__init__.py::524,0.095308
pandas/core/ops/__init__.py::526,0.095308
pandas/core/ops/__init__.py::528,0.095308
pandas/core/ops/array_ops.py::220,0.095308
pandas/core/ops/array_ops.py::221,0.095308
pandas/core/ops/array_ops.py::223,0.095308
pandas/core/ops/array_ops.py::224,0.095308
pandas/core/ops/array_ops.py::228,0.095308
pandas/core/ops/array_ops.py::235,0.095308
pandas/core/ops/array_ops.py::238,0.095308
pandas/core/ops/array_ops.py::245,0.095308
pandas/core/ops/array_ops.py::249,0.095308
pandas/core/ops/array_ops.py::250,0.095308
pandas/core/ops/array_ops.py::251,0.095308
pandas/core/ops/array_ops.py::252,0.095308
pandas/core/ops/array_ops.py::254,0.095308
pandas/core/ops/array_ops.py::256,0.095308
pandas/core/ops/array_ops.py::260,0.095308
pandas/core/ops/dispatch.py::37,0.095308
pandas/core/ops/dispatch.py::41,0.095308
pandas/core/ops/dispatch.py::45,0.095308
pandas/core/reshape/reshape.py::286,0.095308
pandas/core/reshape/reshape.py::432,0.095308
pandas/core/reshape/reshape.py::433,0.095308
pandas/core/reshape/reshape.py::434,0.095308
pandas/core/reshape/reshape.py::435,0.095308
pandas/core/reshape/reshape.py::436,0.095308
pandas/core/reshape/reshape.py::437,0.095308
pandas/core/reshape/reshape.py::438,0.095308
pandas/core/arrays/categorical.py::324,0.094874
pandas/core/arrays/categorical.py::325,0.094874
pandas/core/arrays/categorical.py::326,0.094874
pandas/core/arrays/categorical.py::637,0.094874
pandas/core/arrays/categorical.py::638,0.094874
pandas/core/arrays/categorical.py::640,0.094874
pandas/core/arrays/categorical.py::647,0.094874
pandas/core/arrays/categorical.py::648,0.094874
pandas/core/arrays/categorical.py::651,0.094874
pandas/core/arrays/categorical.py::654,0.094874
pandas/core/dtypes/dtypes.py::311,0.094874
pandas/core/dtypes/dtypes.py::316,0.094874
pandas/core/dtypes/missing.py::154,0.094874
pandas/core/generic.py::3583,0.094874
pandas/core/generic.py::3586,0.094874
pandas/core/generic.py::3587,0.094874
pandas/core/generic.py::546,0.094874
pandas/core/internals/blocks.py::375,0.094874
pandas/core/internals/blocks.py::376,0.094874
pandas/core/internals/blocks.py::378,0.094874
pandas/core/internals/blocks.py::382,0.094874
pandas/core/internals/blocks.py::392,0.094874
pandas/core/internals/blocks.py::393,0.094874
pandas/core/internals/blocks.py::395,0.094874
pandas/core/internals/managers.py::532,0.094874
pandas/core/reshape/reshape.py::265,0.094874
pandas/core/reshape/reshape.py::266,0.094874
pandas/core/reshape/reshape.py::267,0.094874
pandas/core/reshape/reshape.py::268,0.094874
pandas/core/reshape/reshape.py::279,0.094874
pandas/core/reshape/reshape.py::289,0.094874
pandas/core/reshape/reshape.py::290,0.094874
pandas/core/reshape/reshape.py::291,0.094874
pandas/core/dtypes/common.py::1397,0.094446
pandas/core/dtypes/missing.py::247,0.094446
pandas/core/dtypes/missing.py::249,0.094446
pandas/core/dtypes/missing.py::254,0.094446
pandas/core/dtypes/missing.py::255,0.094446
pandas/core/dtypes/missing.py::256,0.094446
pandas/core/indexes/multi.py::1910,0.094446
pandas/core/indexing.py::2177,0.094446
pandas/core/indexing.py::2178,0.094446
pandas/core/indexing.py::2181,0.094446
pandas/core/internals/blocks.py::3016,0.094446
pandas/core/internals/blocks.py::3024,0.094446
pandas/core/nanops.py::337,0.094446
pandas/core/nanops.py::349,0.094446
pandas/core/nanops.py::362,0.094446
pandas/core/nanops.py::56,0.094446
pandas/core/nanops.py::61,0.094446
pandas/core/nanops.py::62,0.094446
pandas/core/nanops.py::67,0.094446
pandas/core/nanops.py::68,0.094446
pandas/core/nanops.py::69,0.094446
pandas/core/ops/__init__.py::114,0.094446
pandas/core/ops/__init__.py::117,0.094446
pandas/core/ops/__init__.py::118,0.094446
pandas/core/ops/__init__.py::466,0.094446
pandas/core/ops/__init__.py::475,0.094446
pandas/core/ops/__init__.py::476,0.094446
pandas/core/ops/__init__.py::480,0.094446
pandas/core/ops/__init__.py::481,0.094446
pandas/core/ops/common.py::52,0.094446
pandas/core/ops/common.py::56,0.094446
pandas/core/ops/common.py::57,0.094446
pandas/core/ops/common.py::58,0.094446
pandas/core/ops/common.py::59,0.094446
pandas/core/ops/common.py::62,0.094446
pandas/core/ops/common.py::64,0.094446
pandas/core/ops/dispatch.py::35,0.094446
pandas/core/ops/dispatch.py::36,0.094446
pandas/core/reshape/reshape.py::407,0.094446
pandas/core/reshape/reshape.py::408,0.094446
pandas/core/reshape/reshape.py::425,0.094446
pandas/core/frame.py::6415,0.094023
pandas/core/frame.py::6417,0.094023
pandas/core/indexes/base.py::4208,0.094023
pandas/core/dtypes/base.py::286,0.093607
pandas/core/dtypes/base.py::287,0.093607
pandas/core/indexes/multi.py::101,0.093607
pandas/core/indexes/multi.py::1308,0.093607
pandas/core/indexes/multi.py::1311,0.093607
pandas/core/indexes/multi.py::1318,0.093607
pandas/core/indexes/multi.py::1321,0.093607
pandas/core/indexes/multi.py::1324,0.093607
pandas/core/indexes/multi.py::91,0.093607
pandas/core/indexes/multi.py::96,0.093607
pandas/core/indexing.py::1704,0.093607
pandas/core/indexing.py::1705,0.093607
pandas/core/indexing.py::1706,0.093607
pandas/core/indexing.py::1707,0.093607
pandas/core/internals/blocks.py::1274,0.093607
pandas/core/internals/blocks.py::3002,0.093607
pandas/core/internals/blocks.py::3003,0.093607
pandas/core/internals/blocks.py::3006,0.093607
pandas/core/internals/managers.py::652,0.093607
pandas/core/reshape/reshape.py::187,0.093607
pandas/core/reshape/reshape.py::188,0.093607
pandas/core/reshape/reshape.py::189,0.093607
pandas/core/reshape/reshape.py::191,0.093607
pandas/core/frame.py::8114,0.093195
pandas/core/generic.py::5165,0.093195
pandas/core/indexes/multi.py::3092,0.093195
pandas/core/internals/blocks.py::590,0.093195
pandas/core/internals/blocks.py::591,0.093195
pandas/core/internals/managers.py::1231,0.093195
pandas/core/internals/managers.py::1238,0.093195
pandas/core/internals/managers.py::1263,0.093195
pandas/core/internals/managers.py::1265,0.093195
pandas/core/internals/managers.py::1267,0.093195
pandas/core/dtypes/base.py::284,0.092790
pandas/core/dtypes/base.py::285,0.092790
pandas/core/generic.py::1436,0.092790
pandas/core/generic.py::1440,0.092790
pandas/core/generic.py::1441,0.092790
pandas/core/generic.py::1877,0.092790
pandas/core/generic.py::1878,0.092790
pandas/core/generic.py::1882,0.092790
pandas/core/generic.py::1883,0.092790
pandas/core/generic.py::350,0.092790
pandas/core/generic.py::351,0.092790
pandas/core/generic.py::352,0.092790
pandas/core/indexers.py::305,0.092790
pandas/core/indexers.py::307,0.092790
pandas/core/indexers.py::309,0.092790
pandas/core/indexing.py::2224,0.092790
pandas/core/indexing.py::2225,0.092790
pandas/core/indexing.py::2236,0.092790
pandas/core/indexing.py::2238,0.092790
pandas/core/indexing.py::2240,0.092790
pandas/core/nanops.py::168,0.092790
pandas/core/nanops.py::169,0.092790
pandas/core/nanops.py::223,0.092790
pandas/core/nanops.py::224,0.092790
pandas/core/nanops.py::226,0.092790
pandas/core/nanops.py::281,0.092790
pandas/core/nanops.py::283,0.092790
pandas/core/nanops.py::285,0.092790
pandas/core/nanops.py::291,0.092790
pandas/core/nanops.py::292,0.092790
pandas/core/nanops.py::294,0.092790
pandas/core/nanops.py::300,0.092790
pandas/core/nanops.py::304,0.092790
pandas/core/nanops.py::305,0.092790
pandas/core/nanops.py::308,0.092790
pandas/core/nanops.py::310,0.092790
pandas/core/nanops.py::320,0.092790
pandas/core/nanops.py::321,0.092790
pandas/core/nanops.py::322,0.092790
pandas/core/nanops.py::326,0.092790
pandas/core/nanops.py::331,0.092790
pandas/core/reshape/reshape.py::140,0.092790
pandas/core/reshape/reshape.py::141,0.092790
pandas/core/reshape/reshape.py::144,0.092790
pandas/core/reshape/reshape.py::146,0.092790
pandas/core/reshape/reshape.py::147,0.092790
pandas/core/reshape/reshape.py::148,0.092790
pandas/core/reshape/reshape.py::149,0.092790
pandas/core/reshape/reshape.py::151,0.092790
pandas/core/reshape/reshape.py::152,0.092790
pandas/core/reshape/reshape.py::154,0.092790
pandas/core/reshape/reshape.py::155,0.092790
pandas/core/reshape/reshape.py::157,0.092790
pandas/core/reshape/reshape.py::158,0.092790
pandas/core/reshape/reshape.py::161,0.092790
pandas/core/reshape/reshape.py::164,0.092790
pandas/core/reshape/reshape.py::165,0.092790
pandas/core/reshape/reshape.py::167,0.092790
pandas/core/reshape/reshape.py::168,0.092790
pandas/core/reshape/reshape.py::170,0.092790
pandas/core/reshape/reshape.py::171,0.092790
pandas/core/reshape/reshape.py::172,0.092790
pandas/core/reshape/reshape.py::174,0.092790
pandas/core/reshape/reshape.py::175,0.092790
pandas/core/reshape/reshape.py::176,0.092790
pandas/core/reshape/reshape.py::178,0.092790
pandas/core/reshape/reshape.py::181,0.092790
pandas/core/reshape/reshape.py::182,0.092790
pandas/core/reshape/reshape.py::183,0.092790
pandas/core/reshape/reshape.py::184,0.092790
pandas/core/reshape/reshape.py::194,0.092790
pandas/core/reshape/reshape.py::197,0.092790
pandas/core/reshape/reshape.py::198,0.092790
pandas/core/reshape/reshape.py::199,0.092790
pandas/core/reshape/reshape.py::200,0.092790
pandas/core/reshape/reshape.py::201,0.092790
pandas/core/reshape/reshape.py::202,0.092790
pandas/core/reshape/reshape.py::205,0.092790
pandas/core/reshape/reshape.py::258,0.092790
pandas/core/reshape/reshape.py::295,0.092790
pandas/core/reshape/reshape.py::298,0.092790
pandas/core/sorting.py::125,0.092790
pandas/core/sorting.py::126,0.092790
pandas/core/generic.py::5158,0.092389
pandas/core/generic.py::5159,0.092389
pandas/core/generic.py::5163,0.092389
pandas/core/indexes/base.py::1875,0.092389
pandas/core/indexes/base.py::4207,0.092389
pandas/core/indexes/multi.py::1286,0.092389
pandas/core/indexes/multi.py::1295,0.092389
pandas/core/indexes/multi.py::1814,0.092389
pandas/core/indexes/multi.py::1815,0.092389
pandas/core/indexes/multi.py::1817,0.092389
pandas/core/indexes/multi.py::1818,0.092389
pandas/core/indexes/multi.py::1823,0.092389
pandas/core/indexes/multi.py::1824,0.092389
pandas/core/indexes/multi.py::1826,0.092389
pandas/core/indexes/multi.py::1851,0.092389
pandas/core/indexes/multi.py::1852,0.092389
pandas/core/indexes/multi.py::1854,0.092389
pandas/core/indexes/multi.py::1856,0.092389
pandas/core/indexes/multi.py::1861,0.092389
pandas/core/indexes/multi.py::1875,0.092389
pandas/core/reshape/reshape.py::100,0.092389
pandas/core/reshape/reshape.py::102,0.092389
pandas/core/reshape/reshape.py::103,0.092389
pandas/core/reshape/reshape.py::104,0.092389
pandas/core/reshape/reshape.py::106,0.092389
pandas/core/reshape/reshape.py::108,0.092389
pandas/core/reshape/reshape.py::110,0.092389
pandas/core/reshape/reshape.py::113,0.092389
pandas/core/reshape/reshape.py::115,0.092389
pandas/core/reshape/reshape.py::118,0.092389
pandas/core/reshape/reshape.py::120,0.092389
pandas/core/reshape/reshape.py::121,0.092389
pandas/core/reshape/reshape.py::123,0.092389
pandas/core/reshape/reshape.py::124,0.092389
pandas/core/reshape/reshape.py::125,0.092389
pandas/core/reshape/reshape.py::131,0.092389
pandas/core/reshape/reshape.py::132,0.092389
pandas/core/reshape/reshape.py::135,0.092389
pandas/core/reshape/reshape.py::137,0.092389
pandas/core/reshape/reshape.py::403,0.092389
pandas/core/reshape/reshape.py::406,0.092389
pandas/core/sorting.py::65,0.092389
pandas/core/sorting.py::69,0.092389
pandas/core/dtypes/common.py::1265,0.091994
pandas/core/dtypes/common.py::1267,0.091994
pandas/core/dtypes/common.py::1270,0.091994
pandas/core/dtypes/common.py::1276,0.091994
pandas/core/dtypes/common.py::1277,0.091994
pandas/core/dtypes/common.py::1887,0.091994
pandas/core/dtypes/common.py::1890,0.091994
pandas/core/dtypes/missing.py::480,0.091994
pandas/core/dtypes/missing.py::484,0.091994
pandas/core/dtypes/missing.py::493,0.091994
pandas/core/dtypes/missing.py::497,0.091994
pandas/core/internals/blocks.py::1263,0.091994
pandas/core/internals/blocks.py::1264,0.091994
pandas/core/internals/blocks.py::193,0.091994
pandas/core/internals/blocks.py::2963,0.091994
pandas/core/internals/blocks.py::586,0.091994
pandas/core/internals/blocks.py::589,0.091994
pandas/core/dtypes/cast.py::436,0.091603
pandas/core/dtypes/common.py::1363,0.091603
pandas/core/dtypes/common.py::1364,0.091603
pandas/core/indexes/multi.py::1283,0.091603
pandas/core/indexes/multi.py::1284,0.091603
pandas/core/indexes/multi.py::1300,0.091603
pandas/core/generic.py::5544,0.091218
pandas/core/generic.py::5569,0.091218
pandas/core/generic.py::5579,0.091218
pandas/core/generic.py::5580,0.091218
pandas/core/internals/blocks.py::185,0.091218
pandas/core/internals/blocks.py::190,0.091218
pandas/core/internals/blocks.py::561,0.091218
pandas/core/internals/blocks.py::563,0.091218
pandas/core/internals/blocks.py::570,0.091218
pandas/core/internals/blocks.py::578,0.091218
pandas/core/internals/managers.py::559,0.091218
pandas/core/arrays/numpy_.py::424,0.090837
pandas/core/arrays/numpy_.py::426,0.090837
pandas/core/arrays/numpy_.py::429,0.090837
pandas/core/arrays/numpy_.py::432,0.090837
pandas/core/construction.py::383,0.090837
pandas/core/generic.py::368,0.090837
pandas/core/generic.py::369,0.090837
pandas/core/generic.py::372,0.090837
pandas/core/generic.py::379,0.090837
pandas/core/generic.py::380,0.090837
pandas/core/generic.py::4397,0.090837
pandas/core/generic.py::4398,0.090837
pandas/core/generic.py::4399,0.090837
pandas/core/generic.py::4400,0.090837
pandas/core/generic.py::4401,0.090837
pandas/core/generic.py::4402,0.090837
pandas/core/generic.py::4403,0.090837
pandas/core/generic.py::4408,0.090837
pandas/core/generic.py::4410,0.090837
pandas/core/generic.py::4416,0.090837
pandas/core/generic.py::4420,0.090837
pandas/core/generic.py::4421,0.090837
pandas/core/generic.py::4422,0.090837
pandas/core/generic.py::4423,0.090837
pandas/core/groupby/ops.py::289,0.090837
pandas/core/indexes/base.py::4337,0.090837
pandas/core/indexes/multi.py::1276,0.090837
pandas/core/indexes/multi.py::1277,0.090837
pandas/core/indexes/multi.py::1281,0.090837
pandas/core/indexes/multi.py::1282,0.090837
pandas/core/reshape/reshape.py::394,0.090837
pandas/core/algorithms.py::277,0.090461
pandas/core/dtypes/cast.py::183,0.090461
pandas/core/dtypes/cast.py::188,0.090461
pandas/core/dtypes/cast.py::193,0.090461
pandas/core/dtypes/generic.py::81,0.090461
pandas/core/dtypes/missing.py::153,0.090461
pandas/core/indexes/base.py::1188,0.090461
pandas/core/indexes/base.py::1190,0.090461
pandas/core/indexes/base.py::1192,0.090461
pandas/core/indexes/base.py::1193,0.090461
pandas/core/indexes/multi.py::2622,0.090461
pandas/core/indexes/multi.py::2628,0.090461
pandas/core/indexes/multi.py::2642,0.090461
pandas/core/indexes/multi.py::929,0.090461
pandas/core/indexes/multi.py::930,0.090461
pandas/core/indexes/multi.py::931,0.090461
pandas/core/indexes/multi.py::933,0.090461
pandas/core/indexes/multi.py::941,0.090461
pandas/core/indexes/multi.py::942,0.090461
pandas/core/indexes/multi.py::943,0.090461
pandas/core/indexes/multi.py::944,0.090461
pandas/core/indexes/multi.py::945,0.090461
pandas/core/indexes/multi.py::946,0.090461
pandas/core/indexes/multi.py::947,0.090461
pandas/core/indexes/multi.py::948,0.090461
pandas/core/indexes/multi.py::949,0.090461
pandas/core/indexes/multi.py::950,0.090461
pandas/core/indexes/multi.py::951,0.090461
pandas/core/indexes/multi.py::960,0.090461
pandas/core/indexes/multi.py::961,0.090461
pandas/core/indexes/multi.py::962,0.090461
pandas/core/indexes/multi.py::977,0.090461
pandas/core/indexes/multi.py::978,0.090461
pandas/core/indexes/multi.py::979,0.090461
pandas/core/indexes/multi.py::995,0.090461
pandas/core/internals/managers.py::1711,0.090461
pandas/core/internals/managers.py::1712,0.090461
pandas/core/dtypes/cast.py::179,0.090090
pandas/core/indexes/multi.py::3091,0.090090
pandas/core/internals/blocks.py::203,0.090090
pandas/core/internals/managers.py::1446,0.090090
pandas/core/internals/managers.py::1450,0.090090
pandas/core/internals/managers.py::1535,0.090090
pandas/core/internals/managers.py::1556,0.090090
pandas/core/series.py::263,0.090090
pandas/core/series.py::269,0.090090
pandas/core/series.py::273,0.090090
pandas/core/series.py::274,0.090090
pandas/core/series.py::275,0.090090
pandas/core/series.py::314,0.090090
pandas/core/series.py::316,0.090090
pandas/core/series.py::492,0.090090
pandas/core/sorting.py::389,0.090090
pandas/core/sorting.py::396,0.090090
pandas/core/sorting.py::399,0.090090
pandas/core/sorting.py::400,0.090090
pandas/core/sorting.py::402,0.090090
pandas/core/sorting.py::405,0.090090
pandas/core/sorting.py::406,0.090090
pandas/core/sorting.py::409,0.090090
pandas/core/sorting.py::411,0.090090
pandas/core/sorting.py::88,0.090090
pandas/core/base.py::682,0.089723
pandas/core/base.py::95,0.089723
pandas/core/base.py::96,0.089723
pandas/core/generic.py::5145,0.089723
pandas/core/groupby/groupby.py::2467,0.089723
pandas/core/groupby/groupby.py::2468,0.089723
pandas/core/groupby/groupby.py::2470,0.089723
pandas/core/internals/managers.py::1517,0.089723
pandas/core/series.py::375,0.089723
pandas/core/reshape/pivot.py::172,0.089361
pandas/core/reshape/pivot.py::179,0.089361
pandas/core/reshape/pivot.py::183,0.089361
pandas/core/reshape/pivot.py::186,0.089361
pandas/core/sorting.py::107,0.089361
pandas/core/sorting.py::380,0.089361
pandas/core/sorting.py::381,0.089361
pandas/core/sorting.py::383,0.089361
pandas/core/sorting.py::386,0.089361
pandas/core/sorting.py::388,0.089361
pandas/core/sorting.py::391,0.089361
pandas/core/sorting.py::54,0.089361
pandas/core/sorting.py::55,0.089361
pandas/core/sorting.py::56,0.089361
pandas/core/sorting.py::57,0.089361
pandas/core/sorting.py::58,0.089361
pandas/core/sorting.py::60,0.089361
pandas/core/sorting.py::62,0.089361
pandas/core/sorting.py::67,0.089361
pandas/core/sorting.py::68,0.089361
pandas/core/sorting.py::71,0.089361
pandas/core/sorting.py::72,0.089361
pandas/core/sorting.py::76,0.089361
pandas/core/sorting.py::78,0.089361
pandas/core/sorting.py::81,0.089361
pandas/core/sorting.py::82,0.089361
pandas/core/sorting.py::84,0.089361
pandas/core/sorting.py::85,0.089361
pandas/core/sorting.py::89,0.089361
pandas/core/sorting.py::91,0.089361
pandas/core/sorting.py::97,0.089361
pandas/core/sorting.py::98,0.089361
pandas/core/indexes/base.py::373,0.089003
pandas/core/indexes/numeric.py::54,0.089003
pandas/core/indexes/numeric.py::57,0.089003
pandas/core/indexes/numeric.py::67,0.089003
pandas/core/indexes/numeric.py::70,0.089003
pandas/core/indexes/numeric.py::76,0.089003
pandas/core/indexes/numeric.py::80,0.089003
pandas/core/indexes/numeric.py::81,0.089003
pandas/core/internals/construction.py::208,0.089003
pandas/core/internals/managers.py::1620,0.089003
pandas/core/internals/managers.py::1627,0.089003
pandas/core/series.py::229,0.089003
pandas/core/series.py::255,0.089003
pandas/core/series.py::303,0.089003
pandas/core/series.py::304,0.089003
pandas/core/dtypes/missing.py::376,0.088650
pandas/core/dtypes/missing.py::377,0.088650
pandas/core/dtypes/missing.py::379,0.088650
pandas/core/groupby/grouper.py::400,0.088650
pandas/core/indexes/multi.py::626,0.088650
pandas/core/indexes/multi.py::628,0.088650
pandas/core/indexes/multi.py::630,0.088650
pandas/core/indexes/multi.py::631,0.088650
pandas/core/internals/managers.py::1454,0.088650
pandas/core/internals/managers.py::1455,0.088650
pandas/core/internals/managers.py::1484,0.088650
pandas/core/series.py::319,0.088650
pandas/core/series.py::321,0.088650
pandas/_testing.py::633,0.088300
pandas/core/common.py::142,0.088300
pandas/core/common.py::145,0.088300
pandas/core/dtypes/common.py::1698,0.088300
pandas/core/generic.py::1590,0.088300
pandas/core/generic.py::1591,0.088300
pandas/core/generic.py::1594,0.088300
pandas/core/generic.py::1595,0.088300
pandas/core/generic.py::1596,0.088300
pandas/core/groupby/grouper.py::572,0.088300
pandas/core/groupby/grouper.py::590,0.088300
pandas/core/groupby/grouper.py::591,0.088300
pandas/core/groupby/grouper.py::592,0.088300
pandas/core/groupby/grouper.py::593,0.088300
pandas/core/groupby/grouper.py::594,0.088300
pandas/core/groupby/grouper.py::649,0.088300
pandas/core/groupby/grouper.py::650,0.088300
pandas/core/indexes/range.py::448,0.088300
pandas/core/indexes/range.py::449,0.088300
pandas/core/internals/blocks.py::653,0.088300
pandas/_testing.py::1317,0.087955
pandas/_testing.py::1320,0.087955
pandas/_testing.py::1322,0.087955
pandas/_testing.py::1323,0.087955
pandas/_testing.py::1327,0.087955
pandas/_testing.py::1332,0.087955
pandas/_testing.py::1336,0.087955
pandas/_testing.py::1337,0.087955
pandas/_testing.py::1338,0.087955
pandas/_testing.py::1339,0.087955
pandas/_testing.py::1340,0.087955
pandas/_testing.py::1341,0.087955
pandas/_testing.py::1342,0.087955
pandas/_testing.py::1343,0.087955
pandas/_testing.py::1344,0.087955
pandas/_testing.py::1348,0.087955
pandas/_testing.py::1349,0.087955
pandas/_testing.py::1350,0.087955
pandas/_testing.py::1351,0.087955
pandas/_testing.py::1352,0.087955
pandas/_testing.py::1353,0.087955
pandas/_testing.py::1354,0.087955
pandas/_testing.py::1355,0.087955
pandas/_testing.py::1356,0.087955
pandas/core/construction.py::584,0.087955
pandas/core/construction.py::585,0.087955
pandas/core/construction.py::586,0.087955
pandas/core/construction.py::587,0.087955
pandas/core/frame.py::4995,0.087955
pandas/core/frame.py::4997,0.087955
pandas/core/frame.py::4998,0.087955
pandas/core/frame.py::5002,0.087955
pandas/core/frame.py::5003,0.087955
pandas/core/frame.py::5009,0.087955
pandas/core/generic.py::5739,0.087955
pandas/core/generic.py::5740,0.087955
pandas/core/generic.py::5741,0.087955
pandas/core/generic.py::5742,0.087955
pandas/core/generic.py::5743,0.087955
pandas/core/generic.py::5744,0.087955
pandas/core/generic.py::5745,0.087955
pandas/core/generic.py::5746,0.087955
pandas/core/generic.py::5747,0.087955
pandas/core/generic.py::5748,0.087955
pandas/core/generic.py::5749,0.087955
pandas/core/generic.py::5750,0.087955
pandas/core/generic.py::5752,0.087955
pandas/core/groupby/generic.py::2030,0.087955
pandas/core/groupby/grouper.py::577,0.087955
pandas/core/indexes/base.py::1589,0.087955
pandas/core/indexes/multi.py::1170,0.087955
pandas/core/indexes/multi.py::1224,0.087955
pandas/core/indexes/multi.py::790,0.087955
pandas/core/internals/managers.py::562,0.087955
pandas/core/reshape/pivot.py::150,0.087955
pandas/core/series.py::214,0.087955
pandas/core/series.py::216,0.087955
pandas/core/series.py::228,0.087955
pandas/core/series.py::231,0.087955
pandas/core/series.py::233,0.087955
pandas/core/series.py::236,0.087955
pandas/core/series.py::240,0.087955
pandas/core/series.py::254,0.087955
pandas/core/series.py::295,0.087955
pandas/core/series.py::299,0.087955
pandas/core/series.py::313,0.087955
pandas/core/dtypes/missing.py::258,0.087614
pandas/core/dtypes/missing.py::262,0.087614
pandas/core/groupby/grouper.py::398,0.087614
pandas/core/groupby/ops.py::232,0.087614
pandas/core/groupby/ops.py::299,0.087614
pandas/core/internals/blocks.py::256,0.087614
pandas/core/internals/blocks.py::257,0.087614
pandas/core/internals/blocks.py::259,0.087614
pandas/core/reshape/pivot.py::136,0.087614
pandas/core/reshape/pivot.py::149,0.087614
pandas/core/reshape/pivot.py::152,0.087614
pandas/core/reshape/pivot.py::155,0.087614
pandas/core/base.py::315,0.087277
pandas/core/base.py::317,0.087277
pandas/core/base.py::318,0.087277
pandas/core/base.py::319,0.087277
pandas/core/base.py::321,0.087277
pandas/core/frame.py::5826,0.087277
pandas/core/frame.py::5828,0.087277
pandas/core/frame.py::5830,0.087277
pandas/core/frame.py::5832,0.087277
pandas/core/frame.py::5833,0.087277
pandas/core/frame.py::5834,0.087277
pandas/core/frame.py::5835,0.087277
pandas/core/frame.py::5836,0.087277
pandas/core/frame.py::5837,0.087277
pandas/core/frame.py::5838,0.087277
pandas/core/frame.py::5839,0.087277
pandas/core/frame.py::5840,0.087277
pandas/core/frame.py::5841,0.087277
pandas/core/groupby/generic.py::2028,0.087277
pandas/core/groupby/generic.py::2029,0.087277
pandas/core/groupby/generic.py::921,0.087277
pandas/core/groupby/generic.py::922,0.087277
pandas/core/groupby/generic.py::926,0.087277
pandas/core/groupby/generic.py::934,0.087277
pandas/core/groupby/generic.py::938,0.087277
pandas/core/groupby/generic.py::940,0.087277
pandas/core/groupby/generic.py::941,0.087277
pandas/core/groupby/groupby.py::378,0.087277
pandas/core/groupby/groupby.py::380,0.087277
pandas/core/groupby/groupby.py::381,0.087277
pandas/core/groupby/groupby.py::383,0.087277
pandas/core/groupby/groupby.py::385,0.087277
pandas/core/groupby/groupby.py::391,0.087277
pandas/core/groupby/groupby.py::392,0.087277
pandas/core/groupby/groupby.py::393,0.087277
pandas/core/groupby/groupby.py::394,0.087277
pandas/core/groupby/groupby.py::395,0.087277
pandas/core/groupby/groupby.py::396,0.087277
pandas/core/groupby/groupby.py::397,0.087277
pandas/core/groupby/groupby.py::399,0.087277
pandas/core/groupby/groupby.py::400,0.087277
pandas/core/groupby/groupby.py::402,0.087277
pandas/core/groupby/groupby.py::403,0.087277
pandas/core/groupby/groupby.py::404,0.087277
pandas/core/groupby/groupby.py::405,0.087277
pandas/core/groupby/groupby.py::406,0.087277
pandas/core/groupby/groupby.py::407,0.087277
pandas/core/groupby/groupby.py::408,0.087277
pandas/core/groupby/groupby.py::409,0.087277
pandas/core/groupby/groupby.py::412,0.087277
pandas/core/groupby/groupby.py::413,0.087277
pandas/core/groupby/groupby.py::414,0.087277
pandas/core/groupby/groupby.py::415,0.087277
pandas/core/groupby/groupby.py::574,0.087277
pandas/core/groupby/groupby.py::575,0.087277
pandas/core/groupby/grouper.py::254,0.087277
pandas/core/groupby/grouper.py::255,0.087277
pandas/core/groupby/grouper.py::256,0.087277
pandas/core/groupby/grouper.py::257,0.087277
pandas/core/groupby/grouper.py::258,0.087277
pandas/core/groupby/grouper.py::259,0.087277
pandas/core/groupby/grouper.py::260,0.087277
pandas/core/groupby/grouper.py::261,0.087277
pandas/core/groupby/grouper.py::262,0.087277
pandas/core/groupby/grouper.py::265,0.087277
pandas/core/groupby/grouper.py::268,0.087277
pandas/core/groupby/grouper.py::274,0.087277
pandas/core/groupby/grouper.py::291,0.087277
pandas/core/groupby/grouper.py::303,0.087277
pandas/core/groupby/grouper.py::306,0.087277
pandas/core/groupby/grouper.py::310,0.087277
pandas/core/groupby/grouper.py::336,0.087277
pandas/core/groupby/grouper.py::340,0.087277
pandas/core/groupby/grouper.py::341,0.087277
pandas/core/groupby/grouper.py::361,0.087277
pandas/core/groupby/grouper.py::362,0.087277
pandas/core/groupby/grouper.py::364,0.087277
pandas/core/groupby/grouper.py::392,0.087277
pandas/core/groupby/grouper.py::394,0.087277
pandas/core/groupby/grouper.py::404,0.087277
pandas/core/groupby/grouper.py::406,0.087277
pandas/core/groupby/grouper.py::407,0.087277
pandas/core/groupby/grouper.py::458,0.087277
pandas/core/groupby/grouper.py::462,0.087277
pandas/core/groupby/grouper.py::508,0.087277
pandas/core/groupby/grouper.py::516,0.087277
pandas/core/groupby/grouper.py::519,0.087277
pandas/core/groupby/grouper.py::523,0.087277
pandas/core/groupby/grouper.py::524,0.087277
pandas/core/groupby/grouper.py::527,0.087277
pandas/core/groupby/grouper.py::528,0.087277
pandas/core/groupby/grouper.py::529,0.087277
pandas/core/groupby/grouper.py::530,0.087277
pandas/core/groupby/grouper.py::535,0.087277
pandas/core/groupby/grouper.py::536,0.087277
pandas/core/groupby/grouper.py::552,0.087277
pandas/core/groupby/grouper.py::557,0.087277
pandas/core/groupby/grouper.py::559,0.087277
pandas/core/groupby/grouper.py::560,0.087277
pandas/core/groupby/grouper.py::563,0.087277
pandas/core/groupby/grouper.py::564,0.087277
pandas/core/groupby/grouper.py::575,0.087277
pandas/core/groupby/grouper.py::576,0.087277
pandas/core/groupby/grouper.py::583,0.087277
pandas/core/groupby/grouper.py::585,0.087277
pandas/core/groupby/grouper.py::589,0.087277
pandas/core/groupby/grouper.py::606,0.087277
pandas/core/groupby/grouper.py::625,0.087277
pandas/core/groupby/grouper.py::629,0.087277
pandas/core/groupby/grouper.py::631,0.087277
pandas/core/groupby/grouper.py::633,0.087277
pandas/core/groupby/grouper.py::637,0.087277
pandas/core/groupby/grouper.py::638,0.087277
pandas/core/groupby/grouper.py::642,0.087277
pandas/core/groupby/grouper.py::646,0.087277
pandas/core/groupby/grouper.py::648,0.087277
pandas/core/groupby/ops.py::101,0.087277
pandas/core/groupby/ops.py::224,0.087277
pandas/core/groupby/ops.py::263,0.087277
pandas/core/groupby/ops.py::265,0.087277
pandas/core/groupby/ops.py::266,0.087277
pandas/core/groupby/ops.py::267,0.087277
pandas/core/groupby/ops.py::279,0.087277
pandas/core/groupby/ops.py::280,0.087277
pandas/core/groupby/ops.py::89,0.087277
pandas/core/groupby/ops.py::91,0.087277
pandas/core/groupby/ops.py::92,0.087277
pandas/core/groupby/ops.py::93,0.087277
pandas/core/groupby/ops.py::94,0.087277
pandas/core/groupby/ops.py::95,0.087277
pandas/core/groupby/ops.py::96,0.087277
pandas/core/groupby/ops.py::97,0.087277
pandas/core/indexes/multi.py::1173,0.087277
pandas/core/indexes/multi.py::1202,0.087277
pandas/core/indexes/multi.py::1204,0.087277
pandas/core/indexes/multi.py::1206,0.087277
pandas/core/indexes/multi.py::1207,0.087277
pandas/core/indexes/multi.py::1209,0.087277
pandas/core/indexes/multi.py::1214,0.087277
pandas/core/indexes/multi.py::1215,0.087277
pandas/core/indexes/multi.py::1220,0.087277
pandas/core/indexes/multi.py::1221,0.087277
pandas/core/indexes/multi.py::1228,0.087277
pandas/core/indexes/multi.py::1868,0.087277
pandas/core/indexes/multi.py::254,0.087277
pandas/core/indexes/multi.py::256,0.087277
pandas/core/indexes/multi.py::258,0.087277
pandas/core/indexes/multi.py::260,0.087277
pandas/core/indexes/multi.py::263,0.087277
pandas/core/indexes/multi.py::266,0.087277
pandas/core/indexes/multi.py::267,0.087277
pandas/core/indexes/multi.py::269,0.087277
pandas/core/indexes/multi.py::270,0.087277
pandas/core/indexes/multi.py::272,0.087277
pandas/core/indexes/multi.py::274,0.087277
pandas/core/indexes/multi.py::277,0.087277
pandas/core/indexes/multi.py::279,0.087277
pandas/core/indexes/multi.py::283,0.087277
pandas/core/indexes/multi.py::284,0.087277
pandas/core/indexes/multi.py::286,0.087277
pandas/core/indexes/multi.py::3496,0.087277
pandas/core/indexes/multi.py::3497,0.087277
pandas/core/indexes/multi.py::3499,0.087277
pandas/core/indexes/multi.py::3500,0.087277
pandas/core/indexes/multi.py::668,0.087277
pandas/core/indexes/multi.py::676,0.087277
pandas/core/indexes/multi.py::677,0.087277
pandas/core/indexes/multi.py::678,0.087277
pandas/core/indexes/multi.py::687,0.087277
pandas/core/indexes/multi.py::691,0.087277
pandas/core/indexes/multi.py::692,0.087277
pandas/core/indexes/multi.py::693,0.087277
pandas/core/indexes/multi.py::696,0.087277
pandas/core/indexes/multi.py::697,0.087277
pandas/core/indexes/multi.py::795,0.087277
pandas/core/indexes/multi.py::801,0.087277
pandas/core/indexes/multi.py::802,0.087277
pandas/core/indexes/multi.py::803,0.087277
pandas/core/indexes/multi.py::804,0.087277
pandas/core/indexes/multi.py::814,0.087277
pandas/core/indexes/multi.py::817,0.087277
pandas/core/indexes/multi.py::819,0.087277
pandas/core/indexes/multi.py::820,0.087277
pandas/core/reshape/pivot.py::100,0.087277
pandas/core/reshape/pivot.py::101,0.087277
pandas/core/reshape/pivot.py::102,0.087277
pandas/core/reshape/pivot.py::119,0.087277
pandas/core/reshape/pivot.py::122,0.087277
pandas/core/base.py::68,0.086943
pandas/core/base.py::69,0.086943
pandas/core/common.py::139,0.086943
pandas/core/dtypes/cast.py::525,0.086943
pandas/core/generic.py::3344,0.086943
pandas/core/generic.py::3352,0.086943
pandas/core/generic.py::3354,0.086943
pandas/core/generic.py::3356,0.086943
pandas/core/generic.py::3358,0.086943
pandas/core/generic.py::3359,0.086943
pandas/core/generic.py::3361,0.086943
pandas/core/generic.py::3364,0.086943
pandas/core/generic.py::3365,0.086943
pandas/core/generic.py::3368,0.086943
pandas/core/internals/managers.py::1360,0.086943
pandas/core/reshape/pivot.py::39,0.086943
pandas/core/reshape/pivot.py::40,0.086943
pandas/core/reshape/pivot.py::416,0.086943
pandas/core/reshape/pivot.py::419,0.086943
pandas/core/reshape/pivot.py::42,0.086943
pandas/core/reshape/pivot.py::426,0.086943
pandas/core/reshape/pivot.py::63,0.086943
pandas/core/reshape/pivot.py::65,0.086943
pandas/core/reshape/pivot.py::66,0.086943
pandas/core/construction.py::380,0.086614
pandas/core/generic.py::399,0.086614
pandas/core/generic.py::400,0.086614
pandas/core/indexes/frozen.py::67,0.086614
pandas/core/indexes/frozen.py::69,0.086614
pandas/_testing.py::705,0.086288
pandas/_testing.py::766,0.086288
pandas/_testing.py::774,0.086288
pandas/_testing.py::775,0.086288
pandas/_testing.py::779,0.086288
pandas/_testing.py::782,0.086288
pandas/_testing.py::783,0.086288
pandas/core/dtypes/inference.py::67,0.086288
pandas/core/indexes/base.py::1364,0.086288
pandas/core/indexing.py::469,0.086288
pandas/core/dtypes/inference.py::323,0.085966
pandas/core/dtypes/inference.py::325,0.085966
pandas/core/dtypes/missing.py::473,0.085966
pandas/core/indexes/base.py::1293,0.085966
pandas/core/indexes/base.py::1296,0.085966
pandas/core/indexes/base.py::1299,0.085966
pandas/core/indexes/base.py::1302,0.085966
pandas/core/indexes/base.py::1304,0.085966
pandas/core/indexes/base.py::1307,0.085966
pandas/core/indexes/base.py::1310,0.085966
pandas/core/indexes/base.py::1311,0.085966
pandas/core/indexes/base.py::1312,0.085966
pandas/core/indexes/base.py::1313,0.085966
pandas/util/_validators.py::209,0.085966
pandas/util/_validators.py::214,0.085966
pandas/_testing.py::693,0.085647
pandas/_testing.py::694,0.085647
pandas/_testing.py::695,0.085647
pandas/_testing.py::696,0.085647
pandas/_testing.py::697,0.085647
pandas/_testing.py::698,0.085647
pandas/_testing.py::699,0.085647
pandas/_testing.py::700,0.085647
pandas/core/algorithms.py::1438,0.085647
pandas/core/algorithms.py::642,0.085647
pandas/core/indexers.py::191,0.085647
pandas/core/indexers.py::198,0.085647
pandas/core/indexers.py::199,0.085647
pandas/core/indexers.py::203,0.085647
pandas/core/indexers.py::204,0.085647
pandas/core/indexers.py::206,0.085647
pandas/core/indexes/base.py::1222,0.085647
pandas/core/indexes/base.py::1224,0.085647
pandas/core/indexes/base.py::1229,0.085647
pandas/core/indexes/base.py::1230,0.085647
pandas/core/indexes/base.py::1232,0.085647
pandas/core/indexes/frozen.py::77,0.085647
pandas/core/indexes/frozen.py::78,0.085647
pandas/core/indexes/frozen.py::79,0.085647
pandas/core/internals/managers.py::1348,0.085647
pandas/core/internals/managers.py::1351,0.085647
pandas/core/internals/managers.py::1352,0.085647
pandas/core/internals/managers.py::1355,0.085647
pandas/core/internals/managers.py::1356,0.085647
pandas/core/internals/managers.py::1357,0.085647
pandas/core/internals/managers.py::1359,0.085647
pandas/core/internals/managers.py::1363,0.085647
pandas/core/internals/managers.py::1364,0.085647
pandas/core/internals/managers.py::1365,0.085647
pandas/core/algorithms.py::1976,0.085332
pandas/core/indexes/base.py::608,0.085332
pandas/core/internals/blocks.py::264,0.085332
pandas/core/internals/blocks.py::683,0.085332
pandas/core/internals/blocks.py::684,0.085332
pandas/core/internals/blocks.py::685,0.085332
pandas/core/internals/blocks.py::686,0.085332
pandas/core/internals/managers.py::361,0.085332
pandas/core/internals/managers.py::364,0.085332
pandas/core/internals/managers.py::372,0.085332
pandas/core/internals/managers.py::374,0.085332
pandas/core/internals/managers.py::380,0.085332
pandas/core/internals/managers.py::386,0.085332
pandas/core/internals/managers.py::392,0.085332
pandas/core/internals/managers.py::396,0.085332
pandas/core/internals/managers.py::398,0.085332
pandas/core/internals/managers.py::403,0.085332
pandas/core/internals/managers.py::404,0.085332
pandas/core/internals/managers.py::409,0.085332
pandas/core/internals/managers.py::416,0.085332
pandas/core/internals/managers.py::419,0.085332
pandas/core/internals/managers.py::420,0.085332
pandas/core/internals/managers.py::422,0.085332
pandas/core/internals/managers.py::424,0.085332
pandas/core/internals/managers.py::425,0.085332
pandas/_testing.py::382,0.085020
pandas/_testing.py::384,0.085020
pandas/_testing.py::388,0.085020
pandas/_testing.py::619,0.085020
pandas/_testing.py::621,0.085020
pandas/_testing.py::622,0.085020
pandas/_testing.py::623,0.085020
pandas/_testing.py::626,0.085020
pandas/_testing.py::627,0.085020
pandas/_testing.py::630,0.085020
pandas/_testing.py::635,0.085020
pandas/_testing.py::644,0.085020
pandas/_testing.py::647,0.085020
pandas/_testing.py::650,0.085020
pandas/_testing.py::657,0.085020
pandas/_testing.py::664,0.085020
pandas/_testing.py::687,0.085020
pandas/_testing.py::704,0.085020
pandas/_testing.py::706,0.085020
pandas/_testing.py::708,0.085020
pandas/_testing.py::711,0.085020
pandas/_testing.py::712,0.085020
pandas/_testing.py::720,0.085020
pandas/_testing.py::722,0.085020
pandas/_testing.py::732,0.085020
pandas/_testing.py::733,0.085020
pandas/_testing.py::758,0.085020
pandas/_testing.py::760,0.085020
pandas/_testing.py::761,0.085020
pandas/_testing.py::763,0.085020
pandas/_testing.py::764,0.085020
pandas/core/algorithms.py::621,0.085020
pandas/core/algorithms.py::623,0.085020
pandas/core/algorithms.py::626,0.085020
pandas/core/algorithms.py::628,0.085020
pandas/core/algorithms.py::629,0.085020
pandas/core/base.py::642,0.085020
pandas/core/dtypes/common.py::217,0.084712
pandas/core/generic.py::5264,0.084712
pandas/core/generic.py::5265,0.084712
pandas/core/series.py::735,0.084712
pandas/core/common.py::131,0.084407
pandas/core/missing.py::602,0.084407
pandas/core/missing.py::75,0.084407
pandas/core/missing.py::76,0.084407
pandas/core/algorithms.py::1650,0.084106
pandas/core/indexes/base.py::733,0.084106
pandas/core/indexes/base.py::734,0.084106
pandas/core/indexes/base.py::735,0.084106
pandas/core/indexes/base.py::736,0.084106
pandas/core/indexes/base.py::737,0.084106
pandas/core/indexes/base.py::738,0.084106
pandas/core/indexes/base.py::755,0.084106
pandas/core/indexes/base.py::758,0.084106
pandas/core/indexes/base.py::768,0.084106
pandas/core/indexes/base.py::769,0.084106
pandas/core/internals/blocks.py::227,0.084106
pandas/core/internals/managers.py::1543,0.084106
pandas/core/internals/managers.py::205,0.084106
pandas/core/internals/managers.py::640,0.084106
pandas/core/internals/managers.py::641,0.084106
pandas/core/series.py::511,0.084106
pandas/core/common.py::153,0.083807
pandas/core/frame.py::455,0.083807
pandas/core/frame.py::461,0.083807
pandas/core/frame.py::464,0.083807
pandas/core/generic.py::522,0.083807
pandas/core/generic.py::5372,0.083807
pandas/core/generic.py::5373,0.083807
pandas/core/internals/blocks.py::216,0.083807
pandas/core/internals/blocks.py::218,0.083807
pandas/core/internals/construction.py::126,0.083807
pandas/core/internals/construction.py::141,0.083807
pandas/core/internals/construction.py::142,0.083807
pandas/core/internals/construction.py::153,0.083807
pandas/core/internals/construction.py::169,0.083807
pandas/core/internals/construction.py::171,0.083807
pandas/core/internals/construction.py::181,0.083807
pandas/core/internals/construction.py::182,0.083807
pandas/core/internals/construction.py::187,0.083807
pandas/core/internals/construction.py::210,0.083807
pandas/core/internals/construction.py::261,0.083807
pandas/core/internals/construction.py::288,0.083807
pandas/core/internals/construction.py::289,0.083807
pandas/core/internals/construction.py::292,0.083807
pandas/core/internals/construction.py::294,0.083807
pandas/core/internals/construction.py::297,0.083807
pandas/core/internals/construction.py::421,0.083807
pandas/core/internals/construction.py::424,0.083807
pandas/core/internals/construction.py::426,0.083807
pandas/core/internals/construction.py::429,0.083807
pandas/core/internals/construction.py::430,0.083807
pandas/core/internals/managers.py::1617,0.083807
pandas/core/internals/managers.py::1618,0.083807
pandas/core/internals/managers.py::1630,0.083807
pandas/core/internals/managers.py::1631,0.083807
pandas/core/internals/managers.py::1632,0.083807
pandas/core/internals/managers.py::207,0.083807
pandas/core/internals/managers.py::208,0.083807
pandas/core/internals/managers.py::209,0.083807
pandas/core/internals/managers.py::784,0.083807
pandas/core/internals/managers.py::788,0.083807
pandas/core/internals/managers.py::791,0.083807
pandas/core/internals/managers.py::793,0.083807
pandas/core/internals/managers.py::798,0.083807
pandas/core/internals/managers.py::799,0.083807
pandas/core/internals/managers.py::803,0.083807
pandas/core/algorithms.py::276,0.083512
pandas/core/algorithms.py::91,0.083512
pandas/core/frame.py::436,0.083220
pandas/core/frame.py::454,0.083220
pandas/core/internals/blocks.py::1260,0.083220
pandas/core/internals/blocks.py::1261,0.083220
pandas/core/internals/managers.py::1320,0.083220
pandas/core/internals/managers.py::1321,0.083220
pandas/core/internals/managers.py::1322,0.083220
pandas/core/internals/managers.py::1323,0.083220
pandas/core/internals/managers.py::1324,0.083220
pandas/core/internals/managers.py::1325,0.083220
pandas/core/arrays/categorical.py::316,0.082931
pandas/core/arrays/categorical.py::317,0.082931
pandas/core/arrays/categorical.py::323,0.082931
pandas/core/arrays/categorical.py::425,0.082931
pandas/core/arrays/categorical.py::451,0.082931
pandas/core/arrays/categorical.py::665,0.082931
pandas/core/arrays/categorical.py::666,0.082931
pandas/core/arrays/categorical.py::667,0.082931
pandas/core/dtypes/base.py::282,0.082931
pandas/core/dtypes/common.py::1143,0.082931
pandas/core/dtypes/common.py::1316,0.082931
pandas/core/dtypes/common.py::1319,0.082931
pandas/core/dtypes/common.py::1320,0.082931
pandas/core/dtypes/common.py::1321,0.082931
pandas/core/dtypes/common.py::1643,0.082931
pandas/core/dtypes/common.py::1886,0.082931
pandas/core/dtypes/dtypes.py::222,0.082931
pandas/core/dtypes/dtypes.py::307,0.082931
pandas/core/dtypes/dtypes.py::309,0.082931
pandas/core/dtypes/dtypes.py::320,0.082931
pandas/core/dtypes/dtypes.py::330,0.082931
pandas/core/dtypes/dtypes.py::332,0.082931
pandas/core/dtypes/dtypes.py::365,0.082931
pandas/core/dtypes/dtypes.py::366,0.082931
pandas/core/dtypes/dtypes.py::368,0.082931
pandas/core/dtypes/dtypes.py::369,0.082931
pandas/core/dtypes/dtypes.py::371,0.082931
pandas/core/dtypes/dtypes.py::372,0.082931
pandas/core/dtypes/dtypes.py::512,0.082931
pandas/core/dtypes/dtypes.py::530,0.082931
pandas/core/dtypes/dtypes.py::532,0.082931
pandas/core/dtypes/dtypes.py::536,0.082931
pandas/core/dtypes/dtypes.py::539,0.082931
pandas/core/dtypes/dtypes.py::541,0.082931
pandas/core/dtypes/dtypes.py::544,0.082931
pandas/core/dtypes/dtypes.py::547,0.082931
pandas/core/dtypes/dtypes.py::550,0.082931
pandas/core/dtypes/dtypes.py::567,0.082931
pandas/core/dtypes/dtypes.py::570,0.082931
pandas/core/dtypes/dtypes.py::577,0.082931
pandas/core/dtypes/dtypes.py::581,0.082931
pandas/core/dtypes/dtypes.py::583,0.082931
pandas/core/dtypes/dtypes.py::585,0.082931
pandas/core/dtypes/dtypes.py::592,0.082931
pandas/core/dtypes/dtypes.py::599,0.082931
pandas/core/dtypes/missing.py::443,0.082931
pandas/core/indexes/base.py::2043,0.082931
pandas/core/internals/managers.py::1299,0.082931
pandas/core/internals/managers.py::1307,0.082931
pandas/core/internals/managers.py::1310,0.082931
pandas/core/internals/blocks.py::1257,0.082645
pandas/core/internals/blocks.py::1259,0.082645
pandas/core/internals/blocks.py::1266,0.082645
pandas/core/internals/blocks.py::1267,0.082645
pandas/core/internals/blocks.py::1272,0.082645
pandas/core/internals/blocks.py::1273,0.082645
pandas/core/internals/blocks.py::1276,0.082645
pandas/core/internals/blocks.py::1279,0.082645
pandas/core/internals/blocks.py::231,0.082645
pandas/core/arrays/numpy_.py::186,0.082362
pandas/core/generic.py::384,0.082362
pandas/core/generic.py::385,0.082362
pandas/core/generic.py::386,0.082362
pandas/core/generic.py::387,0.082362
pandas/core/generic.py::415,0.082362
pandas/core/generic.py::416,0.082362
pandas/core/generic.py::417,0.082362
pandas/core/generic.py::418,0.082362
pandas/core/internals/blocks.py::266,0.082362
pandas/core/internals/managers.py::1209,0.082362
pandas/core/internals/managers.py::1218,0.082362
pandas/core/internals/managers.py::1221,0.082362
pandas/core/internals/managers.py::1224,0.082362
pandas/core/internals/managers.py::1227,0.082362
pandas/core/internals/managers.py::1228,0.082362
pandas/core/internals/managers.py::1241,0.082362
pandas/core/internals/managers.py::1242,0.082362
pandas/core/internals/managers.py::1243,0.082362
pandas/core/internals/managers.py::1256,0.082362
pandas/core/internals/managers.py::1258,0.082362
pandas/core/internals/managers.py::1259,0.082362
pandas/core/internals/managers.py::1262,0.082362
pandas/core/internals/managers.py::1281,0.082362
pandas/core/internals/managers.py::1285,0.082362
pandas/core/internals/managers.py::1286,0.082362
pandas/core/internals/managers.py::1288,0.082362
pandas/core/internals/managers.py::1289,0.082362
pandas/core/internals/managers.py::1297,0.082362
pandas/core/internals/managers.py::1298,0.082362
pandas/core/internals/managers.py::1329,0.082362
pandas/core/internals/managers.py::1944,0.082362
pandas/core/internals/managers.py::1951,0.082362
pandas/core/internals/managers.py::1955,0.082362
pandas/core/internals/managers.py::1956,0.082362
pandas/core/internals/managers.py::1958,0.082362
pandas/core/algorithms.py::1440,0.082081
pandas/core/arrays/sparse/dtype.py::209,0.082081
pandas/core/arrays/sparse/dtype.py::210,0.082081
pandas/core/arrays/sparse/dtype.py::228,0.082081
pandas/core/dtypes/base.py::237,0.082081
pandas/core/dtypes/base.py::242,0.082081
pandas/core/dtypes/base.py::243,0.082081
pandas/core/dtypes/base.py::244,0.082081
pandas/core/dtypes/cast.py::759,0.082081
pandas/core/dtypes/dtypes.py::100,0.082081
pandas/core/dtypes/dtypes.py::102,0.082081
pandas/core/dtypes/dtypes.py::1077,0.082081
pandas/core/dtypes/dtypes.py::1080,0.082081
pandas/core/dtypes/dtypes.py::1084,0.082081
pandas/core/dtypes/dtypes.py::1089,0.082081
pandas/core/dtypes/dtypes.py::354,0.082081
pandas/core/dtypes/dtypes.py::356,0.082081
pandas/core/dtypes/dtypes.py::357,0.082081
pandas/core/dtypes/dtypes.py::731,0.082081
pandas/core/dtypes/dtypes.py::732,0.082081
pandas/core/dtypes/dtypes.py::733,0.082081
pandas/core/dtypes/dtypes.py::734,0.082081
pandas/core/dtypes/dtypes.py::744,0.082081
pandas/core/dtypes/dtypes.py::873,0.082081
pandas/core/dtypes/dtypes.py::874,0.082081
pandas/core/dtypes/dtypes.py::875,0.082081
pandas/core/dtypes/dtypes.py::883,0.082081
pandas/core/dtypes/dtypes.py::884,0.082081
pandas/core/dtypes/dtypes.py::887,0.082081
pandas/core/dtypes/dtypes.py::96,0.082081
pandas/core/dtypes/dtypes.py::97,0.082081
pandas/core/dtypes/dtypes.py::98,0.082081
pandas/core/dtypes/dtypes.py::99,0.082081
pandas/core/indexes/base.py::729,0.082081
pandas/core/indexes/base.py::731,0.082081
pandas/core/indexes/base.py::732,0.082081
pandas/core/indexes/base.py::747,0.082081
pandas/core/algorithms.py::1629,0.081804
pandas/core/algorithms.py::1632,0.081804
pandas/core/algorithms.py::1633,0.081804
pandas/core/algorithms.py::1634,0.081804
pandas/core/algorithms.py::1658,0.081804
pandas/core/base.py::1069,0.081804
pandas/core/base.py::1071,0.081804
pandas/core/base.py::1074,0.081804
pandas/core/dtypes/cast.py::757,0.081804
pandas/core/dtypes/cast.py::758,0.081804
pandas/core/arrays/numpy_.py::141,0.081529
pandas/core/arrays/numpy_.py::143,0.081529
pandas/core/arrays/numpy_.py::148,0.081529
pandas/core/arrays/numpy_.py::151,0.081529
pandas/core/arrays/numpy_.py::154,0.081529
pandas/core/arrays/numpy_.py::155,0.081529
pandas/core/arrays/numpy_.py::44,0.081529
pandas/core/arrays/numpy_.py::45,0.081529
pandas/core/arrays/numpy_.py::46,0.081529
pandas/core/arrays/numpy_.py::47,0.081529
pandas/core/base.py::765,0.081529
pandas/core/base.py::767,0.081529
pandas/core/indexing.py::1680,0.081529
pandas/core/frame.py::530,0.081258
pandas/core/indexes/base.py::1204,0.081258
pandas/compat/numpy/function.py::56,0.080988
pandas/core/base.py::759,0.080988
pandas/core/base.py::764,0.080988
pandas/core/common.py::129,0.080988
pandas/core/common.py::146,0.080988
pandas/core/dtypes/common.py::1104,0.080988
pandas/core/frame.py::552,0.080988
pandas/core/series.py::533,0.080988
pandas/core/algorithms.py::1436,0.080722
pandas/core/algorithms.py::1437,0.080722
pandas/core/algorithms.py::1606,0.080722
pandas/core/algorithms.py::1607,0.080722
pandas/core/algorithms.py::1628,0.080722
pandas/core/algorithms.py::1956,0.080722
pandas/core/algorithms.py::1961,0.080722
pandas/core/algorithms.py::1966,0.080722
pandas/core/algorithms.py::1973,0.080722
pandas/core/algorithms.py::1975,0.080722
pandas/core/algorithms.py::1981,0.080722
pandas/core/algorithms.py::1982,0.080722
pandas/core/algorithms.py::1983,0.080722
pandas/core/algorithms.py::1990,0.080722
pandas/core/algorithms.py::1993,0.080722
pandas/core/algorithms.py::1998,0.080722
pandas/core/algorithms.py::2000,0.080722
pandas/core/algorithms.py::2002,0.080722
pandas/core/algorithms.py::2005,0.080722
pandas/core/algorithms.py::2012,0.080722
pandas/core/algorithms.py::2014,0.080722
pandas/core/algorithms.py::2015,0.080722
pandas/core/algorithms.py::2016,0.080722
pandas/core/algorithms.py::2019,0.080722
pandas/core/algorithms.py::2031,0.080722
pandas/core/algorithms.py::2034,0.080722
pandas/core/algorithms.py::633,0.080722
pandas/core/algorithms.py::634,0.080722
pandas/core/dtypes/missing.py::433,0.080722
pandas/core/dtypes/missing.py::436,0.080722
pandas/core/dtypes/missing.py::441,0.080722
pandas/core/frame.py::401,0.080722
pandas/core/frame.py::431,0.080722
pandas/core/frame.py::432,0.080722
pandas/core/generic.py::226,0.080722
pandas/core/generic.py::227,0.080722
pandas/core/generic.py::233,0.080722
pandas/core/generic.py::235,0.080722
pandas/core/generic.py::239,0.080722
pandas/core/generic.py::252,0.080722
pandas/core/generic.py::254,0.080722
pandas/core/generic.py::397,0.080722
pandas/core/generic.py::398,0.080722
pandas/core/generic.py::402,0.080722
pandas/core/generic.py::403,0.080722
pandas/core/generic.py::409,0.080722
pandas/core/generic.py::410,0.080722
pandas/core/generic.py::5140,0.080722
pandas/core/generic.py::5141,0.080722
pandas/core/generic.py::5144,0.080722
pandas/core/generic.py::5146,0.080722
pandas/core/generic.py::5226,0.080722
pandas/core/generic.py::5227,0.080722
pandas/core/generic.py::5228,0.080722
pandas/core/generic.py::5230,0.080722
pandas/core/generic.py::5235,0.080722
pandas/core/generic.py::5236,0.080722
pandas/core/generic.py::5238,0.080722
pandas/core/internals/blocks.py::2997,0.080722
pandas/core/internals/blocks.py::2999,0.080722
pandas/core/internals/blocks.py::3001,0.080722
pandas/core/internals/blocks.py::3007,0.080722
pandas/core/internals/blocks.py::3010,0.080722
pandas/core/internals/blocks.py::3011,0.080722
pandas/core/internals/managers.py::201,0.080722
pandas/core/internals/managers.py::204,0.080722
pandas/core/internals/managers.py::906,0.080722
pandas/core/internals/managers.py::907,0.080722
pandas/core/algorithms.py::184,0.080458
pandas/core/algorithms.py::186,0.080458
pandas/core/algorithms.py::192,0.080458
pandas/core/algorithms.py::193,0.080458
pandas/core/algorithms.py::195,0.080458
pandas/core/algorithms.py::202,0.080458
pandas/core/algorithms.py::210,0.080458
pandas/core/algorithms.py::474,0.080458
pandas/core/algorithms.py::476,0.080458
pandas/core/algorithms.py::477,0.080458
pandas/core/algorithms.py::479,0.080458
pandas/core/algorithms.py::480,0.080458
pandas/core/algorithms.py::613,0.080458
pandas/core/algorithms.py::614,0.080458
pandas/core/algorithms.py::616,0.080458
pandas/core/algorithms.py::632,0.080458
pandas/core/algorithms.py::637,0.080458
pandas/core/algorithms.py::640,0.080458
pandas/core/algorithms.py::647,0.080458
pandas/core/base.py::753,0.080458
pandas/core/base.py::755,0.080458
pandas/core/base.py::769,0.080458
pandas/core/dtypes/cast.py::430,0.080458
pandas/core/dtypes/cast.py::433,0.080458
pandas/core/dtypes/common.py::1064,0.080458
pandas/core/dtypes/common.py::1066,0.080458
pandas/core/dtypes/common.py::1067,0.080458
pandas/core/dtypes/common.py::1073,0.080458
pandas/core/dtypes/common.py::611,0.080458
pandas/core/dtypes/common.py::612,0.080458
pandas/core/generic.py::1815,0.080458
pandas/core/generic.py::479,0.080458
pandas/core/indexes/base.py::4148,0.080458
pandas/core/indexes/base.py::4149,0.080458
pandas/core/indexes/base.py::4150,0.080458
pandas/core/common.py::127,0.080197
pandas/core/common.py::128,0.080197
pandas/core/construction.py::531,0.080197
pandas/core/construction.py::534,0.080197
pandas/core/construction.py::537,0.080197
pandas/core/construction.py::540,0.080197
pandas/core/construction.py::545,0.080197
pandas/core/construction.py::546,0.080197
pandas/core/construction.py::567,0.080197
pandas/core/dtypes/cast.py::1070,0.080197
pandas/core/dtypes/cast.py::1440,0.080197
pandas/core/dtypes/cast.py::1442,0.080197
pandas/core/dtypes/cast.py::1454,0.080197
pandas/core/dtypes/common.py::712,0.080197
pandas/core/dtypes/common.py::713,0.080197
pandas/core/dtypes/common.py::714,0.080197
pandas/core/dtypes/common.py::715,0.080197
pandas/core/dtypes/missing.py::231,0.080197
pandas/core/dtypes/missing.py::243,0.080197
pandas/core/dtypes/missing.py::245,0.080197
pandas/core/frame.py::2776,0.080197
pandas/core/indexes/base.py::1374,0.080197
pandas/core/indexes/base.py::3955,0.080197
pandas/core/internals/blocks.py::2961,0.080197
pandas/core/dtypes/common.py::1866,0.079938
pandas/core/dtypes/common.py::1867,0.079938
pandas/core/dtypes/common.py::1872,0.079938
pandas/core/dtypes/common.py::1873,0.079938
pandas/core/dtypes/common.py::1883,0.079938
pandas/core/dtypes/missing.py::137,0.079938
pandas/core/dtypes/missing.py::139,0.079938
pandas/core/dtypes/missing.py::141,0.079938
pandas/core/dtypes/missing.py::142,0.079938
pandas/core/dtypes/missing.py::144,0.079938
pandas/core/dtypes/missing.py::145,0.079938
pandas/core/dtypes/missing.py::146,0.079938
pandas/core/dtypes/missing.py::147,0.079938
pandas/core/dtypes/missing.py::148,0.079938
pandas/core/dtypes/missing.py::149,0.079938
pandas/core/dtypes/missing.py::152,0.079938
pandas/core/dtypes/missing.py::226,0.079938
pandas/core/dtypes/missing.py::228,0.079938
pandas/core/dtypes/missing.py::235,0.079938
pandas/core/dtypes/missing.py::237,0.079938
pandas/core/dtypes/missing.py::265,0.079938
pandas/core/dtypes/missing.py::268,0.079938
pandas/core/indexes/numeric.py::160,0.079938
pandas/core/algorithms.py::1432,0.079682
pandas/core/algorithms.py::1433,0.079682
pandas/core/algorithms.py::1434,0.079682
pandas/core/algorithms.py::1435,0.079682
pandas/core/algorithms.py::1441,0.079682
pandas/core/algorithms.py::1442,0.079682
pandas/core/algorithms.py::1592,0.079682
pandas/core/algorithms.py::1594,0.079682
pandas/core/algorithms.py::1597,0.079682
pandas/core/algorithms.py::1598,0.079682
pandas/core/algorithms.py::1600,0.079682
pandas/core/algorithms.py::1604,0.079682
pandas/core/algorithms.py::1605,0.079682
pandas/core/algorithms.py::1611,0.079682
pandas/core/algorithms.py::1612,0.079682
pandas/core/algorithms.py::1626,0.079682
pandas/core/algorithms.py::1627,0.079682
pandas/core/algorithms.py::1631,0.079682
pandas/core/algorithms.py::1639,0.079682
pandas/core/algorithms.py::1640,0.079682
pandas/core/algorithms.py::1641,0.079682
pandas/core/algorithms.py::1642,0.079682
pandas/core/algorithms.py::1643,0.079682
pandas/core/algorithms.py::1648,0.079682
pandas/core/algorithms.py::1652,0.079682
pandas/core/algorithms.py::1653,0.079682
pandas/core/algorithms.py::1655,0.079682
pandas/core/algorithms.py::1657,0.079682
pandas/core/algorithms.py::1659,0.079682
pandas/core/algorithms.py::241,0.079682
pandas/core/algorithms.py::244,0.079682
pandas/core/algorithms.py::245,0.079682
pandas/core/algorithms.py::249,0.079682
pandas/core/algorithms.py::251,0.079682
pandas/core/algorithms.py::252,0.079682
pandas/core/algorithms.py::254,0.079682
pandas/core/algorithms.py::270,0.079682
pandas/core/algorithms.py::271,0.079682
pandas/core/algorithms.py::278,0.079682
pandas/core/algorithms.py::88,0.079682
pandas/core/algorithms.py::90,0.079682
pandas/core/common.py::347,0.079682
pandas/core/common.py::350,0.079682
pandas/core/dtypes/cast.py::361,0.079682
pandas/core/dtypes/cast.py::367,0.079682
pandas/core/dtypes/cast.py::385,0.079682
pandas/core/dtypes/cast.py::396,0.079682
pandas/core/dtypes/cast.py::415,0.079682
pandas/core/dtypes/cast.py::426,0.079682
pandas/core/dtypes/cast.py::429,0.079682
pandas/core/dtypes/cast.py::446,0.079682
pandas/core/dtypes/cast.py::450,0.079682
pandas/core/dtypes/cast.py::451,0.079682
pandas/core/dtypes/cast.py::454,0.079682
pandas/core/dtypes/cast.py::455,0.079682
pandas/core/dtypes/cast.py::492,0.079682
pandas/core/dtypes/cast.py::494,0.079682
pandas/core/dtypes/cast.py::497,0.079682
pandas/core/dtypes/cast.py::498,0.079682
pandas/core/dtypes/cast.py::519,0.079682
pandas/core/dtypes/cast.py::521,0.079682
pandas/core/dtypes/cast.py::523,0.079682
pandas/core/dtypes/cast.py::527,0.079682
pandas/core/dtypes/common.py::1662,0.079682
pandas/core/dtypes/common.py::1664,0.079682
pandas/core/dtypes/common.py::1665,0.079682
pandas/core/dtypes/common.py::1668,0.079682
pandas/core/dtypes/common.py::1696,0.079682
pandas/core/dtypes/common.py::604,0.079682
pandas/core/dtypes/common.py::605,0.079682
pandas/core/dtypes/common.py::607,0.079682
pandas/core/dtypes/common.py::614,0.079682
pandas/core/dtypes/inference.py::250,0.079682
pandas/core/dtypes/missing.py::126,0.079682
pandas/core/dtypes/missing.py::134,0.079682
pandas/core/dtypes/missing.py::135,0.079682
pandas/core/frame.py::2768,0.079682
pandas/core/frame.py::2769,0.079682
pandas/core/frame.py::2771,0.079682
pandas/core/frame.py::2773,0.079682
pandas/core/frame.py::2774,0.079682
pandas/core/frame.py::3064,0.079682
pandas/core/frame.py::3065,0.079682
pandas/core/frame.py::3068,0.079682
pandas/core/frame.py::3074,0.079682
pandas/core/frame.py::3075,0.079682
pandas/core/generic.py::3196,0.079682
pandas/core/generic.py::3538,0.079682
pandas/core/generic.py::3539,0.079682
pandas/core/generic.py::3540,0.079682
pandas/core/generic.py::3541,0.079682
pandas/core/generic.py::3542,0.079682
pandas/core/generic.py::3543,0.079682
pandas/core/generic.py::3544,0.079682
pandas/core/generic.py::3547,0.079682
pandas/core/generic.py::3548,0.079682
pandas/core/generic.py::5157,0.079682
pandas/core/generic.py::5161,0.079682
pandas/core/generic.py::5176,0.079682
pandas/core/generic.py::5177,0.079682
pandas/core/generic.py::5178,0.079682
pandas/core/generic.py::5179,0.079682
pandas/core/generic.py::5180,0.079682
pandas/core/generic.py::5184,0.079682
pandas/core/generic.py::5185,0.079682
pandas/core/generic.py::5186,0.079682
pandas/core/generic.py::5187,0.079682
pandas/core/indexes/base.py::1170,0.079682
pandas/core/indexes/base.py::1647,0.079682
pandas/core/indexes/base.py::2902,0.079682
pandas/core/indexes/base.py::2903,0.079682
pandas/core/indexes/base.py::2908,0.079682
pandas/core/indexes/base.py::2909,0.079682
pandas/core/indexes/base.py::492,0.079682
pandas/core/indexes/base.py::511,0.079682
pandas/core/indexes/base.py::512,0.079682
pandas/core/indexes/base.py::513,0.079682
pandas/core/indexes/base.py::514,0.079682
pandas/core/indexes/base.py::515,0.079682
pandas/core/indexes/base.py::519,0.079682
pandas/core/indexes/base.py::520,0.079682
pandas/core/indexes/base.py::525,0.079682
pandas/core/internals/blocks.py::209,0.079682
pandas/core/internals/blocks.py::263,0.079682
pandas/core/internals/blocks.py::265,0.079682
pandas/core/internals/blocks.py::267,0.079682
pandas/core/internals/blocks.py::2984,0.079682
pandas/core/internals/blocks.py::352,0.079682
pandas/core/internals/managers.py::1445,0.079682
pandas/core/internals/managers.py::1453,0.079682
pandas/core/internals/managers.py::1466,0.079682
pandas/core/internals/managers.py::1469,0.079682
pandas/core/internals/managers.py::1472,0.079682
pandas/core/internals/managers.py::1477,0.079682
pandas/core/internals/managers.py::1481,0.079682
pandas/core/internals/managers.py::1483,0.079682
pandas/core/internals/managers.py::1486,0.079682
pandas/core/internals/managers.py::1493,0.079682
pandas/core/internals/managers.py::1521,0.079682
pandas/core/internals/managers.py::1539,0.079682
pandas/core/internals/managers.py::292,0.079682
pandas/core/internals/managers.py::925,0.079682
pandas/core/internals/managers.py::927,0.079682
pandas/core/internals/managers.py::928,0.079682
pandas/core/internals/managers.py::939,0.079682
pandas/core/internals/managers.py::956,0.079682
pandas/core/internals/managers.py::957,0.079682
pandas/core/internals/managers.py::960,0.079682
pandas/core/internals/managers.py::962,0.079682
pandas/core/internals/managers.py::963,0.079682
pandas/core/internals/managers.py::966,0.079682
pandas/core/series.py::202,0.079682
pandas/core/series.py::205,0.079682
pandas/core/series.py::207,0.079682
pandas/core/series.py::209,0.079682
pandas/core/series.py::323,0.079682
pandas/core/series.py::324,0.079682
pandas/core/series.py::325,0.079682
pandas/core/series.py::395,0.079682
pandas/core/series.py::398,0.079682
pandas/core/series.py::399,0.079682
pandas/core/series.py::411,0.079682
pandas/core/series.py::413,0.079682
pandas/core/series.py::414,0.079682
pandas/core/series.py::418,0.079682
pandas/core/series.py::421,0.079682
pandas/core/series.py::433,0.079682
pandas/core/series.py::444,0.079682
pandas/core/series.py::448,0.079682
pandas/core/series.py::450,0.079682
pandas/core/series.py::499,0.079682
pandas/_config/config.py::100,0.079428
pandas/_config/config.py::102,0.079428
pandas/_config/config.py::104,0.079428
pandas/_config/config.py::105,0.079428
pandas/_config/config.py::107,0.079428
pandas/_config/config.py::109,0.079428
pandas/_config/config.py::122,0.079428
pandas/_config/config.py::123,0.079428
pandas/_config/config.py::127,0.079428
pandas/_config/config.py::129,0.079428
pandas/_config/config.py::133,0.079428
pandas/_config/config.py::134,0.079428
pandas/_config/config.py::136,0.079428
pandas/_config/config.py::137,0.079428
pandas/_config/config.py::138,0.079428
pandas/_config/config.py::141,0.079428
pandas/_config/config.py::142,0.079428
pandas/_config/config.py::144,0.079428
pandas/_config/config.py::243,0.079428
pandas/_config/config.py::557,0.079428
pandas/_config/config.py::561,0.079428
pandas/_config/config.py::562,0.079428
pandas/_config/config.py::565,0.079428
pandas/_config/config.py::569,0.079428
pandas/_config/config.py::570,0.079428
pandas/_config/config.py::571,0.079428
pandas/_config/config.py::572,0.079428
pandas/_config/config.py::573,0.079428
pandas/_config/config.py::592,0.079428
pandas/_config/config.py::593,0.079428
pandas/_config/config.py::594,0.079428
pandas/_config/config.py::595,0.079428
pandas/_config/config.py::608,0.079428
pandas/_config/config.py::617,0.079428
pandas/_config/config.py::618,0.079428
pandas/_config/config.py::621,0.079428
pandas/_config/config.py::633,0.079428
pandas/_config/config.py::634,0.079428
pandas/_config/config.py::649,0.079428
pandas/_config/config.py::826,0.079428
pandas/_config/config.py::95,0.079428
pandas/_config/config.py::96,0.079428
pandas/conftest.py::50,0.079428
pandas/conftest.py::53,0.079428
pandas/conftest.py::56,0.079428
pandas/conftest.py::59,0.079428
pandas/conftest.py::62,0.079428
pandas/conftest.py::73,0.079428
pandas/conftest.py::81,0.079428
pandas/conftest.py::82,0.079428
pandas/core/base.py::893,0.079428
pandas/core/base.py::898,0.079428
pandas/core/common.py::169,0.079428
pandas/core/common.py::171,0.079428
pandas/core/common.py::192,0.079428
pandas/core/common.py::226,0.079428
pandas/core/common.py::228,0.079428
pandas/core/common.py::231,0.079428
pandas/core/common.py::232,0.079428
pandas/core/common.py::234,0.079428
pandas/core/common.py::236,0.079428
pandas/core/common.py::239,0.079428
pandas/core/common.py::244,0.079428
pandas/core/common.py::284,0.079428
pandas/core/common.py::286,0.079428
pandas/core/construction.py::379,0.079428
pandas/core/construction.py::382,0.079428
pandas/core/construction.py::385,0.079428
pandas/core/construction.py::395,0.079428
pandas/core/construction.py::398,0.079428
pandas/core/construction.py::408,0.079428
pandas/core/construction.py::411,0.079428
pandas/core/construction.py::413,0.079428
pandas/core/construction.py::424,0.079428
pandas/core/construction.py::426,0.079428
pandas/core/construction.py::436,0.079428
pandas/core/construction.py::437,0.079428
pandas/core/construction.py::440,0.079428
pandas/core/construction.py::442,0.079428
pandas/core/construction.py::452,0.079428
pandas/core/construction.py::471,0.079428
pandas/core/construction.py::472,0.079428
pandas/core/construction.py::475,0.079428
pandas/core/construction.py::486,0.079428
pandas/core/construction.py::489,0.079428
pandas/core/construction.py::498,0.079428
pandas/core/construction.py::499,0.079428
pandas/core/construction.py::500,0.079428
pandas/core/construction.py::503,0.079428
pandas/core/construction.py::527,0.079428
pandas/core/construction.py::528,0.079428
pandas/core/construction.py::529,0.079428
pandas/core/dtypes/base.py::271,0.079428
pandas/core/dtypes/base.py::273,0.079428
pandas/core/dtypes/base.py::278,0.079428
pandas/core/dtypes/base.py::279,0.079428
pandas/core/dtypes/base.py::281,0.079428
pandas/core/dtypes/base.py::283,0.079428
pandas/core/dtypes/base.py::288,0.079428
pandas/core/dtypes/cast.py::1026,0.079428
pandas/core/dtypes/cast.py::1027,0.079428
pandas/core/dtypes/cast.py::1029,0.079428
pandas/core/dtypes/cast.py::1032,0.079428
pandas/core/dtypes/cast.py::1054,0.079428
pandas/core/dtypes/cast.py::1055,0.079428
pandas/core/dtypes/cast.py::1058,0.079428
pandas/core/dtypes/cast.py::1062,0.079428
pandas/core/dtypes/cast.py::1064,0.079428
pandas/core/dtypes/cast.py::1066,0.079428
pandas/core/dtypes/cast.py::1069,0.079428
pandas/core/dtypes/cast.py::1072,0.079428
pandas/core/dtypes/cast.py::1073,0.079428
pandas/core/dtypes/cast.py::1076,0.079428
pandas/core/dtypes/cast.py::1079,0.079428
pandas/core/dtypes/cast.py::1104,0.079428
pandas/core/dtypes/cast.py::1115,0.079428
pandas/core/dtypes/cast.py::1117,0.079428
pandas/core/dtypes/cast.py::1119,0.079428
pandas/core/dtypes/cast.py::1121,0.079428
pandas/core/dtypes/cast.py::1123,0.079428
pandas/core/dtypes/cast.py::1139,0.079428
pandas/core/dtypes/cast.py::1146,0.079428
pandas/core/dtypes/cast.py::1147,0.079428
pandas/core/dtypes/cast.py::1149,0.079428
pandas/core/dtypes/cast.py::1248,0.079428
pandas/core/dtypes/cast.py::1252,0.079428
pandas/core/dtypes/cast.py::1265,0.079428
pandas/core/dtypes/cast.py::1267,0.079428
pandas/core/dtypes/cast.py::1270,0.079428
pandas/core/dtypes/cast.py::1272,0.079428
pandas/core/dtypes/cast.py::1411,0.079428
pandas/core/dtypes/cast.py::1412,0.079428
pandas/core/dtypes/cast.py::1413,0.079428
pandas/core/dtypes/cast.py::71,0.079428
pandas/core/dtypes/cast.py::72,0.079428
pandas/core/dtypes/cast.py::73,0.079428
pandas/core/dtypes/cast.py::74,0.079428
pandas/core/dtypes/cast.py::76,0.079428
pandas/core/dtypes/cast.py::78,0.079428
pandas/core/dtypes/common.py::1021,0.079428
pandas/core/dtypes/common.py::1022,0.079428
pandas/core/dtypes/common.py::1023,0.079428
pandas/core/dtypes/common.py::1431,0.079428
pandas/core/dtypes/common.py::1474,0.079428
pandas/core/dtypes/common.py::1476,0.079428
pandas/core/dtypes/common.py::1477,0.079428
pandas/core/dtypes/common.py::1481,0.079428
pandas/core/dtypes/common.py::1485,0.079428
pandas/core/dtypes/common.py::1492,0.079428
pandas/core/dtypes/common.py::1496,0.079428
pandas/core/dtypes/common.py::1609,0.079428
pandas/core/dtypes/common.py::1610,0.079428
pandas/core/dtypes/common.py::1691,0.079428
pandas/core/dtypes/common.py::1695,0.079428
pandas/core/dtypes/common.py::1697,0.079428
pandas/core/dtypes/common.py::1701,0.079428
pandas/core/dtypes/common.py::1702,0.079428
pandas/core/dtypes/common.py::1704,0.079428
pandas/core/dtypes/common.py::1722,0.079428
pandas/core/dtypes/common.py::1723,0.079428
pandas/core/dtypes/common.py::1726,0.079428
pandas/core/dtypes/common.py::1727,0.079428
pandas/core/dtypes/common.py::1728,0.079428
pandas/core/dtypes/common.py::1734,0.079428
pandas/core/dtypes/common.py::1735,0.079428
pandas/core/dtypes/common.py::1738,0.079428
pandas/core/dtypes/common.py::1739,0.079428
pandas/core/dtypes/common.py::1741,0.079428
pandas/core/dtypes/common.py::1742,0.079428
pandas/core/dtypes/common.py::1749,0.079428
pandas/core/dtypes/common.py::1860,0.079428
pandas/core/dtypes/common.py::1862,0.079428
pandas/core/dtypes/common.py::1863,0.079428
pandas/core/dtypes/common.py::195,0.079428
pandas/core/dtypes/common.py::197,0.079428
pandas/core/dtypes/common.py::198,0.079428
pandas/core/dtypes/common.py::199,0.079428
pandas/core/dtypes/common.py::202,0.079428
pandas/core/dtypes/common.py::207,0.079428
pandas/core/dtypes/common.py::215,0.079428
pandas/core/dtypes/common.py::216,0.079428
pandas/core/dtypes/common.py::248,0.079428
pandas/core/dtypes/common.py::293,0.079428
pandas/core/dtypes/common.py::295,0.079428
pandas/core/dtypes/common.py::296,0.079428
pandas/core/dtypes/common.py::368,0.079428
pandas/core/dtypes/common.py::399,0.079428
pandas/core/dtypes/common.py::435,0.079428
pandas/core/dtypes/common.py::437,0.079428
pandas/core/dtypes/common.py::468,0.079428
pandas/core/dtypes/common.py::500,0.079428
pandas/core/dtypes/common.py::501,0.079428
pandas/core/dtypes/common.py::502,0.079428
pandas/core/dtypes/common.py::536,0.079428
pandas/core/dtypes/common.py::537,0.079428
pandas/core/dtypes/common.py::538,0.079428
pandas/core/dtypes/common.py::569,0.079428
pandas/core/dtypes/common.py::570,0.079428
pandas/core/dtypes/common.py::571,0.079428
pandas/core/dtypes/common.py::826,0.079428
pandas/core/dtypes/common.py::883,0.079428
pandas/core/dtypes/common.py::930,0.079428
pandas/core/dtypes/common.py::931,0.079428
pandas/core/dtypes/dtypes.py::1130,0.079428
pandas/core/dtypes/dtypes.py::1141,0.079428
pandas/core/dtypes/dtypes.py::87,0.079428
pandas/core/dtypes/dtypes.py::88,0.079428
pandas/core/dtypes/dtypes.py::89,0.079428
pandas/core/dtypes/dtypes.py::90,0.079428
pandas/core/dtypes/dtypes.py::91,0.079428
pandas/core/dtypes/dtypes.py::923,0.079428
pandas/core/dtypes/dtypes.py::936,0.079428
pandas/core/dtypes/dtypes.py::94,0.079428
pandas/core/dtypes/generic.py::12,0.079428
pandas/core/dtypes/inference.py::124,0.079428
pandas/core/dtypes/inference.py::127,0.079428
pandas/core/dtypes/inference.py::387,0.079428
pandas/core/dtypes/inference.py::388,0.079428
pandas/core/dtypes/inference.py::392,0.079428
pandas/core/frame.py::422,0.079428
pandas/core/frame.py::424,0.079428
pandas/core/frame.py::427,0.079428
pandas/core/frame.py::430,0.079428
pandas/core/frame.py::434,0.079428
pandas/core/frame.py::435,0.079428
pandas/core/frame.py::511,0.079428
pandas/core/generic.py::205,0.079428
pandas/core/generic.py::215,0.079428
pandas/core/generic.py::216,0.079428
pandas/core/generic.py::217,0.079428
pandas/core/generic.py::218,0.079428
pandas/core/generic.py::219,0.079428
pandas/core/generic.py::222,0.079428
pandas/core/indexes/base.py::1174,0.079428
pandas/core/indexes/base.py::1180,0.079428
pandas/core/indexes/base.py::1181,0.079428
pandas/core/indexes/base.py::281,0.079428
pandas/core/indexes/base.py::282,0.079428
pandas/core/indexes/base.py::283,0.079428
pandas/core/indexes/base.py::284,0.079428
pandas/core/indexes/base.py::285,0.079428
pandas/core/indexes/base.py::287,0.079428
pandas/core/indexes/base.py::289,0.079428
pandas/core/indexes/base.py::294,0.079428
pandas/core/indexes/base.py::296,0.079428
pandas/core/indexes/base.py::300,0.079428
pandas/core/indexes/base.py::304,0.079428
pandas/core/indexes/base.py::315,0.079428
pandas/core/indexes/base.py::316,0.079428
pandas/core/indexes/base.py::317,0.079428
pandas/core/indexes/base.py::332,0.079428
pandas/core/indexes/base.py::342,0.079428
pandas/core/indexes/base.py::348,0.079428
pandas/core/indexes/base.py::361,0.079428
pandas/core/indexes/base.py::362,0.079428
pandas/core/indexes/base.py::368,0.079428
pandas/core/indexes/base.py::369,0.079428
pandas/core/indexes/base.py::372,0.079428
pandas/core/indexes/base.py::374,0.079428
pandas/core/indexes/base.py::376,0.079428
pandas/core/indexes/base.py::378,0.079428
pandas/core/indexes/base.py::381,0.079428
pandas/core/indexes/base.py::385,0.079428
pandas/core/indexes/base.py::388,0.079428
pandas/core/indexes/base.py::389,0.079428
pandas/core/indexes/base.py::390,0.079428
pandas/core/indexes/base.py::391,0.079428
pandas/core/indexes/base.py::392,0.079428
pandas/core/indexes/base.py::3924,0.079428
pandas/core/indexes/base.py::395,0.079428
pandas/core/indexes/base.py::397,0.079428
pandas/core/indexes/base.py::400,0.079428
pandas/core/indexes/base.py::402,0.079428
pandas/core/indexes/base.py::404,0.079428
pandas/core/indexes/base.py::407,0.079428
pandas/core/indexes/base.py::409,0.079428
pandas/core/indexes/base.py::412,0.079428
pandas/core/indexes/base.py::4173,0.079428
pandas/core/indexes/base.py::4174,0.079428
pandas/core/indexes/base.py::4176,0.079428
pandas/core/indexes/base.py::4177,0.079428
pandas/core/indexes/base.py::4178,0.079428
pandas/core/indexes/base.py::421,0.079428
pandas/core/indexes/base.py::422,0.079428
pandas/core/indexes/base.py::4305,0.079428
pandas/core/indexes/base.py::4306,0.079428
pandas/core/indexes/base.py::463,0.079428
pandas/core/indexes/base.py::469,0.079428
pandas/core/indexes/base.py::470,0.079428
pandas/core/indexes/base.py::476,0.079428
pandas/core/indexes/base.py::477,0.079428
pandas/core/indexes/base.py::479,0.079428
pandas/core/indexes/base.py::5573,0.079428
pandas/core/indexes/base.py::5574,0.079428
pandas/core/indexes/base.py::5576,0.079428
pandas/core/indexes/base.py::5636,0.079428
pandas/core/indexes/base.py::5638,0.079428
pandas/core/indexes/base.py::5645,0.079428
pandas/core/indexes/base.py::5651,0.079428
pandas/core/indexes/base.py::5654,0.079428
pandas/core/indexes/base.py::5677,0.079428
pandas/core/indexes/base.py::5699,0.079428
pandas/core/indexes/base.py::5706,0.079428
pandas/core/indexes/base.py::5708,0.079428
pandas/core/indexes/base.py::5726,0.079428
pandas/core/indexes/base.py::573,0.079428
pandas/core/indexes/base.py::5733,0.079428
pandas/core/indexes/base.py::5735,0.079428
pandas/core/indexes/base.py::5744,0.079428
pandas/core/indexes/base.py::5748,0.079428
pandas/core/indexes/base.py::5755,0.079428
pandas/core/indexes/base.py::5758,0.079428
pandas/core/indexes/base.py::5779,0.079428
pandas/core/indexes/base.py::579,0.079428
pandas/core/indexes/base.py::580,0.079428
pandas/core/indexes/base.py::591,0.079428
pandas/core/indexes/base.py::592,0.079428
pandas/core/indexes/base.py::602,0.079428
pandas/core/indexes/base.py::626,0.079428
pandas/core/indexes/numeric.py::85,0.079428
pandas/core/indexes/numeric.py::86,0.079428
pandas/core/indexes/range.py::102,0.079428
pandas/core/indexes/range.py::104,0.079428
pandas/core/indexes/range.py::107,0.079428
pandas/core/indexes/range.py::109,0.079428
pandas/core/indexes/range.py::110,0.079428
pandas/core/indexes/range.py::113,0.079428
pandas/core/indexes/range.py::114,0.079428
pandas/core/indexes/range.py::136,0.079428
pandas/core/indexes/range.py::138,0.079428
pandas/core/indexes/range.py::140,0.079428
pandas/core/indexes/range.py::141,0.079428
pandas/core/indexes/range.py::143,0.079428
pandas/core/indexes/range.py::144,0.079428
pandas/core/indexes/range.py::679,0.079428
pandas/core/indexes/range.py::90,0.079428
pandas/core/indexes/range.py::91,0.079428
pandas/core/indexes/range.py::94,0.079428
pandas/core/indexes/range.py::99,0.079428
pandas/core/internals/blocks.py::112,0.079428
pandas/core/internals/blocks.py::113,0.079428
pandas/core/internals/blocks.py::114,0.079428
pandas/core/internals/blocks.py::116,0.079428
pandas/core/internals/blocks.py::143,0.079428
pandas/core/internals/blocks.py::144,0.079428
pandas/core/internals/blocks.py::146,0.079428
pandas/core/internals/blocks.py::151,0.079428
pandas/core/internals/blocks.py::235,0.079428
pandas/core/internals/blocks.py::239,0.079428
pandas/core/internals/blocks.py::240,0.079428
pandas/core/internals/blocks.py::242,0.079428
pandas/core/internals/blocks.py::2534,0.079428
pandas/core/internals/blocks.py::2537,0.079428
pandas/core/internals/blocks.py::2936,0.079428
pandas/core/internals/blocks.py::2937,0.079428
pandas/core/internals/blocks.py::2939,0.079428
pandas/core/internals/blocks.py::2942,0.079428
pandas/core/internals/blocks.py::2944,0.079428
pandas/core/internals/blocks.py::2947,0.079428
pandas/core/internals/blocks.py::2949,0.079428
pandas/core/internals/blocks.py::2951,0.079428
pandas/core/internals/blocks.py::2953,0.079428
pandas/core/internals/blocks.py::2954,0.079428
pandas/core/internals/blocks.py::2955,0.079428
pandas/core/internals/blocks.py::2958,0.079428
pandas/core/internals/blocks.py::2960,0.079428
pandas/core/internals/blocks.py::2962,0.079428
pandas/core/internals/blocks.py::2965,0.079428
pandas/core/internals/blocks.py::2966,0.079428
pandas/core/internals/blocks.py::2972,0.079428
pandas/core/internals/blocks.py::2977,0.079428
pandas/core/internals/blocks.py::2980,0.079428
pandas/core/internals/blocks.py::2981,0.079428
pandas/core/internals/blocks.py::2982,0.079428
pandas/core/internals/blocks.py::2989,0.079428
pandas/core/internals/blocks.py::323,0.079428
pandas/core/internals/blocks.py::327,0.079428
pandas/core/internals/blocks.py::331,0.079428
pandas/core/internals/blocks.py::334,0.079428
pandas/core/internals/blocks.py::335,0.079428
pandas/core/internals/construction.py::218,0.079428
pandas/core/internals/construction.py::243,0.079428
pandas/core/internals/construction.py::244,0.079428
pandas/core/internals/construction.py::245,0.079428
pandas/core/internals/construction.py::249,0.079428
pandas/core/internals/construction.py::252,0.079428
pandas/core/internals/construction.py::254,0.079428
pandas/core/internals/construction.py::301,0.079428
pandas/core/internals/construction.py::302,0.079428
pandas/core/internals/construction.py::304,0.079428
pandas/core/internals/construction.py::305,0.079428
pandas/core/internals/construction.py::313,0.079428
pandas/core/internals/construction.py::322,0.079428
pandas/core/internals/construction.py::323,0.079428
pandas/core/internals/construction.py::326,0.079428
pandas/core/internals/construction.py::328,0.079428
pandas/core/internals/construction.py::332,0.079428
pandas/core/internals/construction.py::333,0.079428
pandas/core/internals/construction.py::335,0.079428
pandas/core/internals/construction.py::336,0.079428
pandas/core/internals/construction.py::337,0.079428
pandas/core/internals/construction.py::339,0.079428
pandas/core/internals/construction.py::340,0.079428
pandas/core/internals/construction.py::341,0.079428
pandas/core/internals/construction.py::343,0.079428
pandas/core/internals/construction.py::344,0.079428
pandas/core/internals/construction.py::347,0.079428
pandas/core/internals/construction.py::350,0.079428
pandas/core/internals/construction.py::351,0.079428
pandas/core/internals/construction.py::352,0.079428
pandas/core/internals/construction.py::354,0.079428
pandas/core/internals/construction.py::357,0.079428
pandas/core/internals/construction.py::359,0.079428
pandas/core/internals/construction.py::362,0.079428
pandas/core/internals/construction.py::363,0.079428
pandas/core/internals/construction.py::364,0.079428
pandas/core/internals/construction.py::367,0.079428
pandas/core/internals/construction.py::372,0.079428
pandas/core/internals/construction.py::380,0.079428
pandas/core/internals/construction.py::382,0.079428
pandas/core/internals/construction.py::63,0.079428
pandas/core/internals/construction.py::64,0.079428
pandas/core/internals/construction.py::69,0.079428
pandas/core/internals/construction.py::72,0.079428
pandas/core/internals/construction.py::74,0.079428
pandas/core/internals/managers.py::128,0.079428
pandas/core/internals/managers.py::129,0.079428
pandas/core/internals/managers.py::131,0.079428
pandas/core/internals/managers.py::132,0.079428
pandas/core/internals/managers.py::138,0.079428
pandas/core/internals/managers.py::139,0.079428
pandas/core/internals/managers.py::141,0.079428
pandas/core/internals/managers.py::143,0.079428
pandas/core/internals/managers.py::1642,0.079428
pandas/core/internals/managers.py::1643,0.079428
pandas/core/internals/managers.py::1644,0.079428
pandas/core/internals/managers.py::1645,0.079428
pandas/core/internals/managers.py::1646,0.079428
pandas/core/internals/managers.py::165,0.079428
pandas/core/internals/managers.py::1676,0.079428
pandas/core/internals/managers.py::1677,0.079428
pandas/core/internals/managers.py::1679,0.079428
pandas/core/internals/managers.py::1680,0.079428
pandas/core/internals/managers.py::1681,0.079428
pandas/core/internals/managers.py::1686,0.079428
pandas/core/internals/managers.py::1687,0.079428
pandas/core/internals/managers.py::169,0.079428
pandas/core/internals/managers.py::1691,0.079428
pandas/core/internals/managers.py::1692,0.079428
pandas/core/internals/managers.py::1694,0.079428
pandas/core/internals/managers.py::1695,0.079428
pandas/core/internals/managers.py::1697,0.079428
pandas/core/internals/managers.py::1698,0.079428
pandas/core/internals/managers.py::1699,0.079428
pandas/core/internals/managers.py::1700,0.079428
pandas/core/internals/managers.py::1702,0.079428
pandas/core/internals/managers.py::1706,0.079428
pandas/core/internals/managers.py::1710,0.079428
pandas/core/internals/managers.py::1714,0.079428
pandas/core/internals/managers.py::1718,0.079428
pandas/core/internals/managers.py::1725,0.079428
pandas/core/internals/managers.py::1729,0.079428
pandas/core/internals/managers.py::1730,0.079428
pandas/core/internals/managers.py::1731,0.079428
pandas/core/internals/managers.py::1733,0.079428
pandas/core/internals/managers.py::1740,0.079428
pandas/core/internals/managers.py::1749,0.079428
pandas/core/internals/managers.py::1757,0.079428
pandas/core/internals/managers.py::1767,0.079428
pandas/core/internals/managers.py::1774,0.079428
pandas/core/internals/managers.py::1777,0.079428
pandas/core/internals/managers.py::1780,0.079428
pandas/core/internals/managers.py::1781,0.079428
pandas/core/internals/managers.py::1788,0.079428
pandas/core/internals/managers.py::1790,0.079428
pandas/core/internals/managers.py::1791,0.079428
pandas/core/internals/managers.py::1793,0.079428
pandas/core/internals/managers.py::1795,0.079428
pandas/core/internals/managers.py::1796,0.079428
pandas/core/internals/managers.py::1798,0.079428
pandas/core/internals/managers.py::1804,0.079428
pandas/core/internals/managers.py::1805,0.079428
pandas/core/internals/managers.py::1808,0.079428
pandas/core/internals/managers.py::1810,0.079428
pandas/core/internals/managers.py::1811,0.079428
pandas/core/internals/managers.py::1814,0.079428
pandas/core/internals/managers.py::1816,0.079428
pandas/core/internals/managers.py::1818,0.079428
pandas/core/internals/managers.py::1819,0.079428
pandas/core/internals/managers.py::1821,0.079428
pandas/core/internals/managers.py::1822,0.079428
pandas/core/internals/managers.py::1823,0.079428
pandas/core/internals/managers.py::1825,0.079428
pandas/core/internals/managers.py::216,0.079428
pandas/core/internals/managers.py::217,0.079428
pandas/core/internals/managers.py::218,0.079428
pandas/core/internals/managers.py::219,0.079428
pandas/core/internals/managers.py::221,0.079428
pandas/core/internals/managers.py::222,0.079428
pandas/core/internals/managers.py::223,0.079428
pandas/core/internals/managers.py::224,0.079428
pandas/core/internals/managers.py::226,0.079428
pandas/core/internals/managers.py::229,0.079428
pandas/core/internals/managers.py::230,0.079428
pandas/core/internals/managers.py::234,0.079428
pandas/core/internals/managers.py::307,0.079428
pandas/core/internals/managers.py::308,0.079428
pandas/core/internals/managers.py::309,0.079428
pandas/core/internals/managers.py::310,0.079428
pandas/core/internals/managers.py::312,0.079428
pandas/core/internals/managers.py::628,0.079428
pandas/core/internals/managers.py::630,0.079428
pandas/core/internals/managers.py::633,0.079428
pandas/core/internals/managers.py::634,0.079428
pandas/core/internals/managers.py::635,0.079428
pandas/core/internals/managers.py::915,0.079428
