Entity,Score
pandas/_testing.py::907,0.997921
pandas/_testing.py::909,0.997921
pandas/_testing.py::910,0.997921
pandas/_testing.py::914,0.997921
pandas/_testing.py::915,0.997921
pandas/_testing.py::923,0.997921
pandas/_testing.py::925,0.997921
pandas/_testing.py::928,0.997921
pandas/core/groupby/generic.py::630,0.997921
pandas/core/groupby/generic.py::631,0.997921
pandas/core/groupby/groupby.py::714,0.997921
pandas/core/groupby/groupby.py::716,0.997921
pandas/core/groupby/groupby.py::718,0.997921
pandas/core/groupby/groupby.py::719,0.997921
pandas/core/indexers.py::230,0.997921
pandas/core/indexers.py::231,0.997921
pandas/core/indexers.py::232,0.997921
pandas/core/indexers.py::233,0.997921
pandas/core/indexers.py::234,0.997921
pandas/core/indexers.py::236,0.997921
pandas/core/indexers.py::238,0.997921
pandas/core/indexers.py::240,0.997921
pandas/core/indexers.py::242,0.997921
pandas/core/indexers.py::244,0.997921
pandas/core/indexers.py::247,0.997921
pandas/core/indexes/base.py::3169,0.997921
pandas/core/indexes/base.py::3180,0.997921
pandas/core/indexes/base.py::3182,0.997921
pandas/core/indexes/base.py::3185,0.997921
pandas/core/indexes/base.py::3187,0.997921
pandas/core/indexes/base.py::4879,0.997921
pandas/core/indexes/base.py::4882,0.997921
pandas/core/indexes/base.py::4884,0.997921
pandas/core/indexes/base.py::4887,0.997921
pandas/core/indexes/base.py::4980,0.997921
pandas/core/indexes/base.py::4982,0.997921
pandas/core/indexes/base.py::4988,0.997921
pandas/core/indexes/base.py::4992,0.997921
pandas/core/indexes/base.py::4995,0.997921
pandas/core/indexes/base.py::4996,0.997921
pandas/core/indexes/base.py::5004,0.997921
pandas/core/indexes/base.py::5017,0.997921
pandas/core/indexes/base.py::5023,0.997921
pandas/core/indexes/base.py::5026,0.997921
pandas/core/indexes/base.py::5060,0.997921
pandas/core/indexes/base.py::5062,0.997921
pandas/core/indexes/base.py::5068,0.997921
pandas/core/indexes/base.py::5078,0.997921
pandas/core/indexes/base.py::5079,0.997921
pandas/core/indexes/base.py::5080,0.997921
pandas/core/indexes/base.py::5081,0.997921
pandas/core/indexes/base.py::5084,0.997921
pandas/core/indexes/base.py::5085,0.997921
pandas/core/indexes/base.py::5087,0.997921
pandas/core/indexes/base.py::5088,0.997921
pandas/core/indexes/base.py::5090,0.997921
pandas/core/indexes/base.py::5115,0.997921
pandas/core/indexes/numeric.py::100,0.997921
pandas/core/indexes/numeric.py::103,0.997921
pandas/core/indexing.py::1148,0.997921
pandas/core/internals/blocks.py::830,0.997921
pandas/core/internals/blocks.py::831,0.997921
pandas/io/formats/printing.py::109,0.997921
pandas/io/formats/printing.py::112,0.997921
pandas/io/formats/printing.py::114,0.997921
pandas/io/formats/printing.py::117,0.997921
pandas/io/formats/printing.py::119,0.997921
pandas/io/formats/printing.py::122,0.997921
pandas/io/formats/printing.py::123,0.997921
pandas/io/formats/printing.py::125,0.997921
pandas/io/formats/printing.py::127,0.997921
pandas/io/formats/printing.py::132,0.997921
pandas/io/formats/printing.py::224,0.997921
pandas/io/formats/printing.py::225,0.997921
pandas/io/formats/printing.py::226,0.997921
pandas/io/formats/printing.py::227,0.997921
pandas/io/formats/printing.py::228,0.997921
pandas/io/formats/printing.py::229,0.997921
pandas/core/base.py::1305,0.987707
pandas/core/base.py::1306,0.987707
pandas/core/base.py::1307,0.987707
pandas/core/base.py::1309,0.987707
pandas/core/construction.py::493,0.987707
pandas/core/construction.py::494,0.987707
pandas/core/construction.py::495,0.987707
pandas/core/construction.py::496,0.987707
pandas/core/dtypes/cast.py::1620,0.987707
pandas/core/dtypes/cast.py::1623,0.987707
pandas/core/dtypes/cast.py::1624,0.987707
pandas/core/dtypes/inference.py::387,0.987707
pandas/core/dtypes/inference.py::388,0.987707
pandas/core/dtypes/missing.py::252,0.987707
pandas/core/dtypes/missing.py::602,0.987707
pandas/core/dtypes/missing.py::603,0.987707
pandas/core/groupby/generic.py::425,0.987707
pandas/core/indexes/datetimes.py::271,0.987707
pandas/core/internals/blocks.py::2219,0.987707
pandas/core/internals/blocks.py::2220,0.987707
pandas/core/internals/blocks.py::2221,0.987707
pandas/core/internals/blocks.py::2228,0.987707
pandas/core/internals/blocks.py::2229,0.987707
pandas/core/internals/blocks.py::2231,0.987707
pandas/core/internals/blocks.py::2236,0.987707
pandas/core/internals/blocks.py::2263,0.987707
pandas/core/internals/blocks.py::2264,0.987707
pandas/core/internals/blocks.py::2265,0.987707
pandas/core/internals/blocks.py::2276,0.987707
pandas/core/internals/blocks.py::2278,0.987707
pandas/core/internals/blocks.py::2657,0.987707
pandas/io/formats/printing.py::234,0.987707
pandas/core/algorithms.py::105,0.977800
pandas/core/algorithms.py::121,0.977800
pandas/core/algorithms.py::126,0.977800
pandas/core/algorithms.py::131,0.977800
pandas/core/algorithms.py::138,0.977800
pandas/core/algorithms.py::145,0.977800
pandas/core/algorithms.py::147,0.977800
pandas/core/algorithms.py::148,0.977800
pandas/core/algorithms.py::150,0.977800
pandas/core/algorithms.py::194,0.977800
pandas/core/algorithms.py::623,0.977800
pandas/core/arrays/datetimelike.py::627,0.977800
pandas/core/arrays/datetimelike.py::629,0.977800
pandas/core/arrays/datetimelike.py::642,0.977800
pandas/core/arrays/datetimelike.py::643,0.977800
pandas/core/arrays/datetimelike.py::644,0.977800
pandas/core/arrays/datetimelike.py::649,0.977800
pandas/core/arrays/datetimelike.py::652,0.977800
pandas/core/dtypes/common.py::1664,0.977800
pandas/core/dtypes/missing.py::565,0.977800
pandas/core/groupby/grouper.py::362,0.977800
pandas/core/indexes/datetimelike.py::653,0.977800
pandas/core/indexes/datetimelike.py::654,0.977800
pandas/core/indexes/datetimelike.py::656,0.977800
pandas/core/indexes/datetimelike.py::658,0.977800
pandas/core/indexes/datetimelike.py::660,0.977800
pandas/core/indexes/datetimelike.py::662,0.977800
pandas/core/indexes/datetimelike.py::664,0.977800
pandas/core/indexes/datetimelike.py::666,0.977800
pandas/core/indexes/datetimelike.py::671,0.977800
pandas/core/indexes/datetimelike.py::672,0.977800
pandas/core/indexes/multi.py::654,0.977800
pandas/core/internals/blocks.py::2039,0.977800
pandas/core/internals/blocks.py::2040,0.977800
pandas/core/internals/blocks.py::2041,0.977800
pandas/core/internals/blocks.py::2042,0.977800
pandas/core/internals/blocks.py::2043,0.977800
pandas/core/internals/blocks.py::2089,0.977800
pandas/core/arrays/_ranges.py::114,0.968186
pandas/core/arrays/_ranges.py::116,0.968186
pandas/core/arrays/_ranges.py::117,0.968186
pandas/core/arrays/_ranges.py::119,0.968186
pandas/core/arrays/_ranges.py::122,0.968186
pandas/core/arrays/_ranges.py::123,0.968186
pandas/core/arrays/_ranges.py::127,0.968186
pandas/core/arrays/_ranges.py::129,0.968186
pandas/core/arrays/_ranges.py::160,0.968186
pandas/core/arrays/_ranges.py::161,0.968186
pandas/core/arrays/_ranges.py::164,0.968186
pandas/core/arrays/_ranges.py::165,0.968186
pandas/core/arrays/_ranges.py::166,0.968186
pandas/core/arrays/_ranges.py::168,0.968186
pandas/core/arrays/_ranges.py::46,0.968186
pandas/core/arrays/_ranges.py::47,0.968186
pandas/core/arrays/_ranges.py::48,0.968186
pandas/core/arrays/_ranges.py::49,0.968186
pandas/core/arrays/datetimes.py::401,0.968186
pandas/core/arrays/datetimes.py::402,0.968186
pandas/core/arrays/datetimes.py::403,0.968186
pandas/core/common.py::174,0.968186
pandas/core/dtypes/missing.py::600,0.968186
pandas/core/indexes/base.py::322,0.968186
pandas/core/indexes/base.py::324,0.968186
pandas/core/indexes/base.py::5781,0.968186
pandas/core/indexes/base.py::5787,0.968186
pandas/core/indexes/datetimelike.py::111,0.968186
pandas/core/indexes/datetimes.py::943,0.968186
pandas/core/internals/managers.py::1058,0.968186
pandas/core/internals/managers.py::1066,0.968186
pandas/core/internals/managers.py::1067,0.968186
pandas/core/internals/managers.py::1069,0.968186
pandas/core/internals/managers.py::1070,0.968186
pandas/core/internals/managers.py::1071,0.968186
pandas/core/internals/managers.py::1072,0.968186
pandas/core/internals/managers.py::1073,0.968186
pandas/core/internals/managers.py::1075,0.968186
pandas/core/internals/managers.py::1076,0.968186
pandas/core/internals/managers.py::736,0.968186
pandas/io/formats/printing.py::198,0.968186
pandas/io/formats/printing.py::199,0.968186
pandas/io/formats/printing.py::200,0.968186
pandas/io/formats/printing.py::201,0.968186
pandas/io/formats/printing.py::208,0.968186
pandas/io/formats/printing.py::210,0.968186
pandas/io/formats/printing.py::211,0.968186
pandas/io/formats/printing.py::213,0.968186
pandas/io/formats/printing.py::215,0.968186
pandas/io/formats/printing.py::217,0.968186
pandas/io/formats/printing.py::223,0.968186
pandas/io/formats/printing.py::231,0.968186
pandas/io/formats/printing.py::236,0.968186
pandas/core/arrays/datetimelike.py::734,0.958850
pandas/core/arrays/datetimelike.py::735,0.958850
pandas/core/indexes/datetimes.py::701,0.958850
pandas/core/indexes/extension.py::298,0.958850
pandas/core/indexes/extension.py::302,0.958850
pandas/core/indexes/extension.py::306,0.958850
pandas/core/indexes/extension.py::48,0.958850
pandas/core/internals/blocks.py::2653,0.958850
pandas/core/internals/blocks.py::2654,0.958850
pandas/core/internals/blocks.py::2655,0.958850
pandas/core/arrays/_ranges.py::38,0.949779
pandas/core/arrays/_ranges.py::39,0.949779
pandas/core/arrays/_ranges.py::60,0.949779
pandas/core/arrays/_ranges.py::63,0.949779
pandas/core/arrays/_ranges.py::64,0.949779
pandas/core/arrays/datetimelike.py::439,0.949779
pandas/core/arrays/datetimelike.py::459,0.949779
pandas/core/arrays/datetimelike.py::626,0.949779
pandas/core/arrays/datetimes.py::2110,0.949779
pandas/core/base.py::1257,0.949779
pandas/core/base.py::1259,0.949779
pandas/core/base.py::1267,0.949779
pandas/core/base.py::1269,0.949779
pandas/core/dtypes/cast.py::714,0.949779
pandas/core/internals/blocks.py::2649,0.949779
pandas/core/series.py::1771,0.949779
pandas/core/series.py::1772,0.949779
pandas/tseries/frequencies.py::166,0.949779
pandas/tseries/frequencies.py::167,0.949779
pandas/tseries/offsets.py::2550,0.949779
pandas/tseries/offsets.py::2551,0.949779
pandas/tseries/offsets.py::2579,0.949779
pandas/tseries/offsets.py::2580,0.949779
pandas/tseries/offsets.py::2582,0.949779
pandas/tseries/offsets.py::2585,0.949779
pandas/tseries/offsets.py::2586,0.949779
pandas/tseries/offsets.py::2588,0.949779
pandas/tseries/offsets.py::2619,0.949779
pandas/tseries/offsets.py::2623,0.949779
pandas/core/arrays/datetimelike.py::1601,0.940961
pandas/core/arrays/datetimelike.py::1603,0.940961
pandas/core/arrays/datetimelike.py::621,0.940961
pandas/core/arrays/datetimelike.py::623,0.940961
pandas/core/arrays/datetimelike.py::625,0.940961
pandas/core/arrays/datetimelike.py::871,0.940961
pandas/core/arrays/datetimelike.py::878,0.940961
pandas/core/arrays/datetimes.py::596,0.940961
pandas/core/arrays/datetimes.py::600,0.940961
pandas/core/arrays/datetimes.py::602,0.940961
pandas/core/dtypes/cast.py::396,0.940961
pandas/core/dtypes/cast.py::399,0.940961
pandas/core/dtypes/cast.py::402,0.940961
pandas/core/dtypes/cast.py::403,0.940961
pandas/core/dtypes/common.py::705,0.940961
pandas/core/dtypes/common.py::709,0.940961
pandas/core/groupby/generic.py::607,0.940961
pandas/core/indexes/multi.py::490,0.940961
pandas/core/indexes/multi.py::492,0.940961
pandas/core/indexes/multi.py::495,0.940961
pandas/core/indexes/multi.py::499,0.940961
pandas/core/indexes/multi.py::504,0.940961
pandas/core/indexes/multi.py::505,0.940961
pandas/core/indexes/multi.py::509,0.940961
pandas/core/internals/blocks.py::2034,0.940961
pandas/core/internals/blocks.py::2035,0.940961
pandas/core/algorithms.py::1273,0.932384
pandas/core/arrays/datetimes.py::582,0.932384
pandas/core/arrays/datetimes.py::584,0.932384
pandas/core/groupby/ops.py::146,0.932384
pandas/core/groupby/ops.py::149,0.932384
pandas/core/indexes/range.py::347,0.932384
pandas/core/indexes/range.py::348,0.932384
pandas/core/indexes/range.py::349,0.932384
pandas/core/sorting.py::294,0.932384
pandas/core/sorting.py::295,0.932384
pandas/core/sorting.py::296,0.932384
pandas/core/sorting.py::298,0.932384
pandas/core/sorting.py::299,0.932384
pandas/core/sorting.py::301,0.932384
pandas/core/sorting.py::304,0.932384
pandas/core/sorting.py::305,0.932384
pandas/core/sorting.py::308,0.932384
pandas/core/sorting.py::309,0.932384
pandas/core/sorting.py::310,0.932384
pandas/core/sorting.py::316,0.932384
pandas/core/sorting.py::317,0.932384
pandas/core/algorithms.py::1268,0.924038
pandas/core/algorithms.py::1269,0.924038
pandas/core/algorithms.py::1270,0.924038
pandas/core/algorithms.py::1271,0.924038
pandas/core/algorithms.py::1272,0.924038
pandas/core/algorithms.py::1274,0.924038
pandas/core/arrays/_ranges.py::37,0.924038
pandas/core/arrays/_ranges.py::83,0.924038
pandas/core/arrays/datetimelike.py::1600,0.924038
pandas/core/arrays/datetimelike.py::1605,0.924038
pandas/core/arrays/datetimelike.py::1625,0.924038
pandas/core/arrays/datetimelike.py::1626,0.924038
pandas/core/arrays/datetimelike.py::1628,0.924038
pandas/core/arrays/datetimelike.py::1629,0.924038
pandas/core/arrays/datetimelike.py::1630,0.924038
pandas/core/arrays/datetimelike.py::1638,0.924038
pandas/core/arrays/datetimes.py::2081,0.924038
pandas/core/arrays/datetimes.py::2082,0.924038
pandas/core/arrays/datetimes.py::2089,0.924038
pandas/core/arrays/datetimes.py::2090,0.924038
pandas/core/arrays/datetimes.py::2092,0.924038
pandas/core/arrays/datetimes.py::2096,0.924038
pandas/core/arrays/datetimes.py::2099,0.924038
pandas/core/arrays/datetimes.py::2103,0.924038
pandas/core/arrays/datetimes.py::2105,0.924038
pandas/core/arrays/datetimes.py::2106,0.924038
pandas/core/arrays/datetimes.py::2112,0.924038
pandas/core/arrays/datetimes.py::2119,0.924038
pandas/core/arrays/datetimes.py::267,0.924038
pandas/core/arrays/datetimes.py::351,0.924038
pandas/core/arrays/datetimes.py::352,0.924038
pandas/core/arrays/datetimes.py::355,0.924038
pandas/core/arrays/datetimes.py::360,0.924038
pandas/core/arrays/datetimes.py::362,0.924038
pandas/core/arrays/datetimes.py::363,0.924038
pandas/core/arrays/datetimes.py::365,0.924038
pandas/core/arrays/datetimes.py::368,0.924038
pandas/core/arrays/datetimes.py::373,0.924038
pandas/core/arrays/datetimes.py::376,0.924038
pandas/core/arrays/datetimes.py::378,0.924038
pandas/core/arrays/datetimes.py::380,0.924038
pandas/core/arrays/datetimes.py::382,0.924038
pandas/core/arrays/datetimes.py::396,0.924038
pandas/core/arrays/datetimes.py::400,0.924038
pandas/core/arrays/datetimes.py::406,0.924038
pandas/core/arrays/datetimes.py::407,0.924038
pandas/core/arrays/datetimes.py::409,0.924038
pandas/core/arrays/datetimes.py::436,0.924038
pandas/core/arrays/datetimes.py::438,0.924038
pandas/core/arrays/datetimes.py::441,0.924038
pandas/core/arrays/datetimes.py::442,0.924038
pandas/core/groupby/generic.py::629,0.924038
pandas/core/groupby/generic.py::633,0.924038
pandas/core/indexes/datetimes.py::942,0.924038
pandas/core/indexes/datetimes.py::945,0.924038
pandas/core/indexes/datetimes.py::946,0.924038
pandas/core/indexes/datetimes.py::947,0.924038
pandas/core/indexes/datetimes.py::948,0.924038
pandas/core/indexes/datetimes.py::949,0.924038
pandas/core/indexes/datetimes.py::950,0.924038
pandas/core/indexes/datetimes.py::951,0.924038
pandas/core/indexes/datetimes.py::952,0.924038
pandas/core/indexes/datetimes.py::953,0.924038
pandas/core/indexes/datetimes.py::955,0.924038
pandas/core/indexes/extension.py::229,0.924038
pandas/core/internals/blocks.py::843,0.924038
pandas/core/internals/blocks.py::845,0.924038
pandas/core/internals/blocks.py::849,0.924038
pandas/core/internals/blocks.py::853,0.924038
pandas/core/internals/blocks.py::869,0.924038
pandas/core/internals/blocks.py::870,0.924038
pandas/tseries/frequencies.py::120,0.924038
pandas/tseries/frequencies.py::121,0.924038
pandas/tseries/frequencies.py::123,0.924038
pandas/tseries/frequencies.py::131,0.924038
pandas/tseries/frequencies.py::148,0.924038
pandas/tseries/frequencies.py::149,0.924038
pandas/tseries/frequencies.py::150,0.924038
pandas/tseries/frequencies.py::151,0.924038
pandas/tseries/frequencies.py::152,0.924038
pandas/tseries/frequencies.py::155,0.924038
pandas/tseries/frequencies.py::156,0.924038
pandas/tseries/frequencies.py::158,0.924038
pandas/tseries/frequencies.py::160,0.924038
pandas/tseries/frequencies.py::161,0.924038
pandas/tseries/frequencies.py::162,0.924038
pandas/tseries/frequencies.py::163,0.924038
pandas/tseries/frequencies.py::164,0.924038
pandas/tseries/frequencies.py::165,0.924038
pandas/tseries/frequencies.py::169,0.924038
pandas/tseries/frequencies.py::170,0.924038
pandas/tseries/frequencies.py::171,0.924038
pandas/tseries/frequencies.py::172,0.924038
pandas/tseries/frequencies.py::173,0.924038
pandas/tseries/frequencies.py::176,0.924038
pandas/tseries/frequencies.py::177,0.924038
pandas/tseries/frequencies.py::179,0.924038
pandas/tseries/frequencies.py::182,0.924038
pandas/tseries/frequencies.py::212,0.924038
pandas/tseries/frequencies.py::213,0.924038
pandas/tseries/frequencies.py::214,0.924038
pandas/tseries/frequencies.py::215,0.924038
pandas/tseries/frequencies.py::219,0.924038
pandas/tseries/frequencies.py::220,0.924038
pandas/tseries/frequencies.py::221,0.924038
pandas/tseries/frequencies.py::222,0.924038
pandas/tseries/frequencies.py::226,0.924038
pandas/tseries/frequencies.py::228,0.924038
pandas/tseries/frequencies.py::232,0.924038
pandas/core/algorithms.py::238,0.915912
pandas/core/algorithms.py::240,0.915912
pandas/core/algorithms.py::241,0.915912
pandas/core/algorithms.py::242,0.915912
pandas/core/algorithms.py::369,0.915912
pandas/core/algorithms.py::371,0.915912
pandas/core/algorithms.py::375,0.915912
pandas/core/algorithms.py::376,0.915912
pandas/core/algorithms.py::378,0.915912
pandas/core/algorithms.py::379,0.915912
pandas/core/algorithms.py::380,0.915912
pandas/core/algorithms.py::381,0.915912
pandas/core/common.py::303,0.915912
pandas/core/groupby/generic.py::590,0.915912
pandas/core/groupby/generic.py::592,0.915912
pandas/core/groupby/generic.py::596,0.915912
pandas/core/groupby/generic.py::598,0.915912
pandas/core/groupby/generic.py::599,0.915912
pandas/core/groupby/generic.py::609,0.915912
pandas/core/groupby/generic.py::613,0.915912
pandas/core/groupby/generic.py::614,0.915912
pandas/core/groupby/generic.py::617,0.915912
pandas/core/groupby/generic.py::618,0.915912
pandas/core/groupby/generic.py::625,0.915912
pandas/core/groupby/generic.py::626,0.915912
pandas/core/groupby/generic.py::636,0.915912
pandas/core/groupby/generic.py::639,0.915912
pandas/core/groupby/generic.py::643,0.915912
pandas/core/groupby/generic.py::644,0.915912
pandas/core/indexers.py::119,0.915912
pandas/core/indexers.py::229,0.915912
pandas/core/indexing.py::1152,0.915912
pandas/core/indexing.py::1153,0.915912
pandas/core/indexing.py::1167,0.915912
pandas/core/indexing.py::1168,0.915912
pandas/core/indexing.py::1564,0.915912
pandas/core/indexing.py::1565,0.915912
pandas/core/indexing.py::1572,0.915912
pandas/core/indexing.py::1573,0.915912
pandas/core/indexing.py::1574,0.915912
pandas/core/indexing.py::1626,0.915912
pandas/core/indexing.py::1628,0.915912
pandas/core/indexing.py::1643,0.915912
pandas/core/indexing.py::1644,0.915912
pandas/core/indexing.py::1646,0.915912
pandas/core/indexing.py::1649,0.915912
pandas/core/indexing.py::1652,0.915912
pandas/core/indexing.py::1653,0.915912
pandas/core/indexing.py::1654,0.915912
pandas/core/indexing.py::1655,0.915912
pandas/core/indexing.py::1657,0.915912
pandas/core/indexing.py::1659,0.915912
pandas/core/indexing.py::1660,0.915912
pandas/core/indexing.py::1662,0.915912
pandas/core/indexing.py::1663,0.915912
pandas/core/indexing.py::1668,0.915912
pandas/core/indexing.py::1681,0.915912
pandas/core/indexing.py::1682,0.915912
pandas/core/indexing.py::1683,0.915912
pandas/core/indexing.py::1690,0.915912
pandas/core/indexing.py::1691,0.915912
pandas/core/indexing.py::1692,0.915912
pandas/core/indexing.py::1697,0.915912
pandas/core/indexing.py::1698,0.915912
pandas/core/indexing.py::1699,0.915912
pandas/core/indexing.py::1700,0.915912
pandas/core/indexing.py::1703,0.915912
pandas/core/indexing.py::1707,0.915912
pandas/core/indexing.py::1765,0.915912
pandas/core/indexing.py::1766,0.915912
pandas/core/indexing.py::598,0.915912
pandas/core/indexing.py::599,0.915912
pandas/core/indexing.py::617,0.915912
pandas/core/indexing.py::674,0.915912
pandas/core/indexing.py::675,0.915912
pandas/core/indexing.py::685,0.915912
pandas/core/indexing.py::686,0.915912
pandas/core/indexing.py::688,0.915912
pandas/core/indexing.py::689,0.915912
pandas/core/indexing.py::690,0.915912
pandas/core/internals/blocks.py::2114,0.915912
pandas/core/internals/blocks.py::2115,0.915912
pandas/core/internals/blocks.py::2121,0.915912
pandas/core/internals/blocks.py::839,0.915912
pandas/core/arrays/datetimes.py::287,0.907997
pandas/core/arrays/datetimes.py::288,0.907997
pandas/core/arrays/datetimelike.py::455,0.900283
pandas/core/dtypes/cast.py::1649,0.900283
pandas/core/dtypes/cast.py::1651,0.900283
pandas/core/dtypes/cast.py::712,0.900283
pandas/core/dtypes/cast.py::713,0.900283
pandas/core/dtypes/cast.py::715,0.900283
pandas/core/dtypes/cast.py::718,0.900283
pandas/core/dtypes/inference.py::383,0.900283
pandas/core/dtypes/inference.py::384,0.900283
pandas/core/dtypes/inference.py::385,0.900283
pandas/core/dtypes/inference.py::386,0.900283
pandas/core/generic.py::3158,0.900283
pandas/core/groupby/groupby.py::2478,0.900283
pandas/core/groupby/groupby.py::2482,0.900283
pandas/core/groupby/groupby.py::2483,0.900283
pandas/core/groupby/groupby.py::2484,0.900283
pandas/core/groupby/groupby.py::2486,0.900283
pandas/core/groupby/ops.py::294,0.900283
pandas/core/groupby/ops.py::295,0.900283
pandas/core/groupby/ops.py::296,0.900283
pandas/core/groupby/ops.py::303,0.900283
pandas/core/groupby/ops.py::304,0.900283
pandas/core/groupby/ops.py::305,0.900283
pandas/core/groupby/ops.py::306,0.900283
pandas/core/groupby/ops.py::308,0.900283
pandas/core/indexers.py::107,0.900283
pandas/core/indexers.py::47,0.900283
pandas/core/indexers.py::51,0.900283
pandas/core/indexers.py::67,0.900283
pandas/core/indexers.py::69,0.900283
pandas/core/indexers.py::73,0.900283
pandas/core/indexing.py::1145,0.900283
pandas/core/indexing.py::1147,0.900283
pandas/core/indexing.py::1150,0.900283
pandas/core/indexing.py::1160,0.900283
pandas/core/indexing.py::1161,0.900283
pandas/core/indexing.py::1163,0.900283
pandas/core/indexing.py::1545,0.900283
pandas/core/indexing.py::1547,0.900283
pandas/core/indexing.py::1550,0.900283
pandas/core/indexing.py::1554,0.900283
pandas/core/indexing.py::1563,0.900283
pandas/core/indexing.py::1571,0.900283
pandas/core/indexing.py::1638,0.900283
pandas/core/indexing.py::1641,0.900283
pandas/core/indexing.py::585,0.900283
pandas/core/indexing.py::588,0.900283
pandas/core/indexing.py::590,0.900283
pandas/core/indexing.py::597,0.900283
pandas/core/indexing.py::616,0.900283
pandas/core/indexing.py::620,0.900283
pandas/core/indexing.py::621,0.900283
pandas/core/indexing.py::623,0.900283
pandas/core/indexing.py::624,0.900283
pandas/core/indexing.py::881,0.900283
pandas/core/internals/blocks.py::823,0.900283
pandas/core/internals/blocks.py::825,0.900283
pandas/core/internals/blocks.py::829,0.900283
pandas/core/internals/blocks.py::834,0.900283
pandas/core/internals/blocks.py::835,0.900283
pandas/core/internals/blocks.py::838,0.900283
pandas/core/internals/blocks.py::860,0.900283
pandas/core/internals/blocks.py::865,0.900283
pandas/core/internals/blocks.py::868,0.900283
pandas/core/internals/blocks.py::872,0.900283
pandas/core/internals/blocks.py::876,0.900283
pandas/core/internals/blocks.py::878,0.900283
pandas/core/internals/blocks.py::882,0.900283
pandas/core/internals/blocks.py::886,0.900283
pandas/core/internals/blocks.py::892,0.900283
pandas/core/internals/blocks.py::903,0.900283
pandas/core/internals/blocks.py::913,0.900283
pandas/core/internals/blocks.py::915,0.900283
pandas/core/internals/blocks.py::917,0.900283
pandas/core/internals/blocks.py::918,0.900283
pandas/core/internals/managers.py::540,0.900283
pandas/core/sorting.py::130,0.900283
pandas/core/sorting.py::131,0.900283
pandas/core/sorting.py::132,0.900283
pandas/core/sorting.py::134,0.900283
pandas/core/sorting.py::139,0.900283
pandas/core/sorting.py::144,0.900283
pandas/core/sorting.py::145,0.900283
pandas/core/sorting.py::146,0.900283
pandas/core/sorting.py::147,0.900283
pandas/core/sorting.py::148,0.900283
pandas/core/sorting.py::149,0.900283
pandas/core/sorting.py::150,0.900283
pandas/core/sorting.py::151,0.900283
pandas/core/sorting.py::152,0.900283
pandas/core/sorting.py::153,0.900283
pandas/core/sorting.py::154,0.900283
pandas/core/sorting.py::166,0.900283
pandas/core/sorting.py::170,0.900283
pandas/core/sorting.py::172,0.900283
pandas/core/sorting.py::173,0.900283
pandas/core/dtypes/cast.py::1613,0.892764
pandas/core/dtypes/cast.py::1619,0.892764
pandas/core/dtypes/cast.py::1626,0.892764
pandas/core/dtypes/cast.py::1627,0.892764
pandas/core/dtypes/cast.py::1644,0.892764
pandas/core/dtypes/cast.py::1648,0.892764
pandas/core/dtypes/missing.py::555,0.892764
pandas/core/dtypes/missing.py::557,0.892764
pandas/core/dtypes/missing.py::560,0.892764
pandas/core/generic.py::3136,0.892764
pandas/core/generic.py::3137,0.892764
pandas/core/generic.py::3154,0.892764
pandas/core/generic.py::3155,0.892764
pandas/core/generic.py::3157,0.892764
pandas/core/groupby/generic.py::424,0.892764
pandas/core/groupby/generic.py::427,0.892764
pandas/core/groupby/generic.py::428,0.892764
pandas/core/groupby/generic.py::442,0.892764
pandas/core/groupby/generic.py::447,0.892764
pandas/core/groupby/generic.py::448,0.892764
pandas/core/groupby/ops.py::106,0.892764
pandas/core/groupby/ops.py::282,0.892764
pandas/core/groupby/ops.py::283,0.892764
pandas/core/groupby/ops.py::876,0.892764
pandas/core/indexes/base.py::3140,0.892764
pandas/core/indexes/base.py::3143,0.892764
pandas/core/indexes/base.py::3146,0.892764
pandas/core/indexes/base.py::3147,0.892764
pandas/core/indexes/base.py::3149,0.892764
pandas/core/indexes/base.py::3150,0.892764
pandas/core/indexes/base.py::3151,0.892764
pandas/core/indexes/base.py::3152,0.892764
pandas/core/indexes/base.py::3155,0.892764
pandas/core/indexes/multi.py::424,0.892764
pandas/core/indexes/multi.py::425,0.892764
pandas/core/indexes/multi.py::427,0.892764
pandas/core/indexes/multi.py::431,0.892764
pandas/core/indexes/multi.py::432,0.892764
pandas/core/indexes/multi.py::437,0.892764
pandas/core/indexes/multi.py::438,0.892764
pandas/core/indexes/multi.py::441,0.892764
pandas/core/indexes/multi.py::442,0.892764
pandas/core/indexes/multi.py::445,0.892764
pandas/core/indexes/multi.py::446,0.892764
pandas/core/indexes/multi.py::447,0.892764
pandas/core/indexes/multi.py::448,0.892764
pandas/core/indexes/multi.py::449,0.892764
pandas/core/indexes/multi.py::450,0.892764
pandas/core/indexes/range.py::390,0.892764
pandas/core/indexes/range.py::391,0.892764
pandas/core/sorting.py::92,0.892764
pandas/core/sorting.py::93,0.892764
pandas/core/sorting.py::94,0.892764
pandas/core/sorting.py::95,0.892764
pandas/core/arrays/datetimelike.py::412,0.885429
pandas/core/common.py::218,0.885429
pandas/core/dtypes/cast.py::452,0.885429
pandas/core/dtypes/cast.py::531,0.885429
pandas/core/internals/blocks.py::368,0.885429
pandas/core/internals/managers.py::1051,0.885429
pandas/core/indexers.py::270,0.878273
pandas/core/indexes/extension.py::219,0.878273
pandas/core/indexes/extension.py::220,0.878273
pandas/core/indexes/extension.py::57,0.878273
pandas/core/indexes/extension.py::58,0.878273
pandas/core/indexes/extension.py::62,0.878273
pandas/core/arrays/categorical.py::2653,0.871287
pandas/core/arrays/categorical.py::2656,0.871287
pandas/core/arrays/categorical.py::2667,0.871287
pandas/core/arrays/categorical.py::2668,0.871287
pandas/core/arrays/categorical.py::2669,0.871287
pandas/core/arrays/categorical.py::2670,0.871287
pandas/core/arrays/categorical.py::2692,0.871287
pandas/core/arrays/categorical.py::2695,0.871287
pandas/core/generic.py::5168,0.871287
pandas/core/generic.py::5169,0.871287
pandas/core/groupby/ops.py::873,0.871287
pandas/core/indexes/base.py::2012,0.871287
pandas/core/groupby/grouper.py::378,0.864466
pandas/core/indexes/base.py::3095,0.864466
pandas/core/indexes/base.py::3099,0.864466
pandas/core/indexes/base.py::3113,0.864466
pandas/io/formats/printing.py::128,0.863947
pandas/core/arrays/categorical.py::339,0.857802
pandas/core/arrays/categorical.py::340,0.857802
pandas/core/dtypes/dtypes.py::548,0.857802
pandas/core/indexes/base.py::3086,0.857802
pandas/core/indexes/base.py::3088,0.857802
pandas/core/indexes/base.py::3117,0.857802
pandas/core/indexes/extension.py::214,0.857802
pandas/core/indexes/extension.py::215,0.857802
pandas/core/arrays/categorical.py::351,0.851290
pandas/core/arrays/categorical.py::352,0.851290
pandas/core/arrays/categorical.py::371,0.851290
pandas/core/arrays/datetimelike.py::497,0.851290
pandas/core/arrays/categorical.py::668,0.844925
pandas/core/arrays/categorical.py::669,0.844925
pandas/core/arrays/categorical.py::670,0.844925
pandas/core/arrays/datetimelike.py::1662,0.844925
pandas/core/arrays/datetimelike.py::1673,0.844925
pandas/core/arrays/datetimelike.py::1692,0.844925
pandas/core/arrays/datetimelike.py::1693,0.844925
pandas/core/arrays/datetimelike.py::1695,0.844925
pandas/core/arrays/datetimelike.py::1696,0.844925
pandas/core/arrays/datetimelike.py::1700,0.844925
pandas/core/arrays/datetimes.py::1709,0.844925
pandas/core/arrays/datetimes.py::1711,0.844925
pandas/core/arrays/datetimes.py::1713,0.844925
pandas/core/arrays/datetimes.py::1720,0.844925
pandas/core/arrays/datetimes.py::1722,0.844925
pandas/core/arrays/datetimes.py::1725,0.844925
pandas/core/arrays/datetimes.py::1730,0.844925
pandas/core/arrays/datetimes.py::1732,0.844925
pandas/core/arrays/datetimes.py::1739,0.844925
pandas/core/arrays/datetimes.py::1741,0.844925
pandas/core/arrays/datetimes.py::1757,0.844925
pandas/core/arrays/datetimes.py::1762,0.844925
pandas/core/arrays/datetimes.py::1764,0.844925
pandas/core/arrays/datetimes.py::1765,0.844925
pandas/core/arrays/datetimes.py::1768,0.844925
pandas/core/arrays/datetimes.py::1776,0.844925
pandas/core/arrays/datetimes.py::1777,0.844925
pandas/core/arrays/datetimes.py::1789,0.844925
pandas/core/arrays/datetimes.py::1793,0.844925
pandas/core/arrays/datetimes.py::1794,0.844925
pandas/core/arrays/datetimes.py::1797,0.844925
pandas/core/arrays/datetimes.py::1799,0.844925
pandas/core/arrays/datetimes.py::2033,0.844925
pandas/core/arrays/datetimes.py::2058,0.844925
pandas/core/arrays/datetimes.py::309,0.844925
pandas/core/arrays/datetimes.py::311,0.844925
pandas/core/arrays/datetimes.py::312,0.844925
pandas/core/arrays/datetimes.py::313,0.844925
pandas/core/arrays/datetimes.py::314,0.844925
pandas/core/arrays/datetimes.py::315,0.844925
pandas/core/arrays/datetimes.py::316,0.844925
pandas/core/arrays/datetimes.py::317,0.844925
pandas/core/arrays/datetimes.py::318,0.844925
pandas/core/arrays/datetimes.py::321,0.844925
pandas/core/arrays/datetimes.py::323,0.844925
pandas/core/arrays/datetimes.py::324,0.844925
pandas/core/arrays/datetimes.py::326,0.844925
pandas/core/arrays/datetimes.py::330,0.844925
pandas/core/arrays/datetimes.py::335,0.844925
pandas/core/dtypes/common.py::1466,0.844925
pandas/core/dtypes/dtypes.py::329,0.844925
pandas/core/dtypes/dtypes.py::339,0.844925
pandas/core/indexes/datetimes.py::213,0.844925
pandas/core/indexes/datetimes.py::221,0.844925
pandas/core/indexes/datetimes.py::223,0.844925
pandas/core/indexes/datetimes.py::224,0.844925
pandas/core/indexes/datetimes.py::225,0.844925
pandas/core/indexes/datetimes.py::226,0.844925
pandas/core/indexes/datetimes.py::227,0.844925
pandas/core/indexes/datetimes.py::228,0.844925
pandas/core/indexes/datetimes.py::229,0.844925
pandas/core/indexes/datetimes.py::230,0.844925
pandas/core/indexes/datetimes.py::231,0.844925
pandas/core/indexes/datetimes.py::234,0.844925
pandas/core/indexes/datetimes.py::235,0.844925
pandas/core/sorting.py::107,0.844925
pandas/core/sorting.py::379,0.844925
pandas/core/sorting.py::380,0.844925
pandas/core/sorting.py::382,0.844925
pandas/core/sorting.py::385,0.844925
pandas/core/sorting.py::387,0.844925
pandas/core/sorting.py::390,0.844925
pandas/core/sorting.py::54,0.844925
pandas/core/sorting.py::55,0.844925
pandas/core/sorting.py::56,0.844925
pandas/core/sorting.py::57,0.844925
pandas/core/sorting.py::58,0.844925
pandas/core/sorting.py::60,0.844925
pandas/core/sorting.py::62,0.844925
pandas/core/sorting.py::67,0.844925
pandas/core/sorting.py::68,0.844925
pandas/core/sorting.py::71,0.844925
pandas/core/sorting.py::72,0.844925
pandas/core/sorting.py::76,0.844925
pandas/core/sorting.py::78,0.844925
pandas/core/sorting.py::81,0.844925
pandas/core/sorting.py::82,0.844925
pandas/core/sorting.py::84,0.844925
pandas/core/sorting.py::85,0.844925
pandas/core/sorting.py::88,0.844925
pandas/core/sorting.py::89,0.844925
pandas/core/sorting.py::91,0.844925
pandas/core/sorting.py::97,0.844925
pandas/core/sorting.py::98,0.844925
pandas/core/arrays/datetimes.py::1904,0.838700
pandas/core/arrays/datetimes.py::1912,0.838700
pandas/core/arrays/datetimes.py::1915,0.838700
pandas/core/arrays/datetimes.py::1922,0.838700
pandas/core/arrays/datetimes.py::1929,0.838700
pandas/core/arrays/datetimes.py::1935,0.838700
pandas/core/arrays/datetimes.py::1994,0.838700
pandas/core/arrays/datetimes.py::1995,0.838700
pandas/core/arrays/datetimes.py::1996,0.838700
pandas/core/arrays/datetimes.py::2004,0.838700
pandas/core/arrays/datetimes.py::2005,0.838700
pandas/core/arrays/datetimes.py::2011,0.838700
pandas/core/arrays/datetimes.py::212,0.838700
pandas/core/arrays/datetimes.py::215,0.838700
pandas/core/arrays/datetimes.py::217,0.838700
pandas/core/arrays/datetimes.py::219,0.838700
pandas/core/arrays/datetimes.py::220,0.838700
pandas/core/arrays/datetimes.py::222,0.838700
pandas/core/arrays/datetimes.py::229,0.838700
pandas/core/arrays/datetimes.py::232,0.838700
pandas/core/arrays/datetimes.py::233,0.838700
pandas/core/arrays/datetimes.py::234,0.838700
pandas/core/arrays/datetimes.py::236,0.838700
pandas/core/arrays/datetimes.py::241,0.838700
pandas/core/arrays/datetimes.py::244,0.838700
pandas/core/arrays/datetimes.py::250,0.838700
pandas/core/arrays/datetimes.py::256,0.838700
pandas/core/arrays/datetimes.py::258,0.838700
pandas/core/arrays/datetimes.py::264,0.838700
pandas/core/arrays/datetimes.py::266,0.838700
pandas/core/arrays/datetimes.py::268,0.838700
pandas/core/arrays/datetimes.py::276,0.838700
pandas/core/arrays/datetimes.py::277,0.838700
pandas/core/arrays/datetimes.py::278,0.838700
pandas/core/arrays/datetimes.py::280,0.838700
pandas/core/arrays/datetimes.py::67,0.838700
pandas/core/arrays/datetimes.py::68,0.838700
pandas/core/indexes/datetimes.py::243,0.838700
pandas/core/indexes/datetimes.py::244,0.838700
pandas/core/indexes/datetimes.py::247,0.838700
pandas/core/indexes/datetimes.py::248,0.838700
pandas/core/indexes/datetimes.py::250,0.838700
pandas/core/indexes/datetimes.py::251,0.838700
pandas/core/indexes/datetimes.py::252,0.838700
pandas/core/indexes/datetimes.py::253,0.838700
pandas/core/indexes/datetimes.py::255,0.838700
pandas/core/indexes/datetimes.py::256,0.838700
pandas/core/indexes/datetimes.py::257,0.838700
pandas/core/indexes/datetimes.py::259,0.838700
pandas/core/indexes/datetimes.py::260,0.838700
pandas/core/indexes/datetimes.py::261,0.838700
pandas/core/indexes/datetimes.py::262,0.838700
pandas/core/indexes/datetimes.py::264,0.838700
pandas/core/indexes/datetimes.py::265,0.838700
pandas/core/indexes/datetimes.py::266,0.838700
pandas/core/indexes/range.py::316,0.838700
pandas/tseries/frequencies.py::117,0.838700
pandas/tseries/frequencies.py::118,0.838700
pandas/core/arrays/categorical.py::316,0.832611
pandas/core/arrays/categorical.py::317,0.832611
pandas/core/arrays/categorical.py::323,0.832611
pandas/core/arrays/categorical.py::330,0.832611
pandas/core/arrays/categorical.py::333,0.832611
pandas/core/arrays/categorical.py::336,0.832611
pandas/core/arrays/categorical.py::350,0.832611
pandas/core/arrays/categorical.py::384,0.832611
pandas/core/arrays/categorical.py::390,0.832611
pandas/core/arrays/categorical.py::391,0.832611
pandas/core/arrays/categorical.py::422,0.832611
pandas/core/arrays/categorical.py::448,0.832611
pandas/core/dtypes/base.py::289,0.832611
pandas/core/dtypes/dtypes.py::225,0.832611
pandas/core/dtypes/dtypes.py::314,0.832611
pandas/core/dtypes/dtypes.py::316,0.832611
pandas/core/dtypes/dtypes.py::341,0.832611
pandas/core/dtypes/dtypes.py::376,0.832611
pandas/core/dtypes/dtypes.py::377,0.832611
pandas/core/dtypes/dtypes.py::379,0.832611
pandas/core/dtypes/dtypes.py::380,0.832611
pandas/core/dtypes/dtypes.py::382,0.832611
pandas/core/dtypes/dtypes.py::383,0.832611
pandas/core/dtypes/dtypes.py::523,0.832611
pandas/core/dtypes/dtypes.py::541,0.832611
pandas/core/dtypes/dtypes.py::543,0.832611
pandas/core/dtypes/dtypes.py::547,0.832611
pandas/core/dtypes/dtypes.py::550,0.832611
pandas/core/dtypes/dtypes.py::552,0.832611
pandas/core/dtypes/dtypes.py::555,0.832611
pandas/core/dtypes/dtypes.py::558,0.832611
pandas/core/dtypes/dtypes.py::561,0.832611
pandas/core/dtypes/dtypes.py::578,0.832611
pandas/core/dtypes/dtypes.py::581,0.832611
pandas/core/dtypes/dtypes.py::588,0.832611
pandas/core/dtypes/dtypes.py::592,0.832611
pandas/core/dtypes/dtypes.py::594,0.832611
pandas/core/dtypes/dtypes.py::596,0.832611
pandas/core/dtypes/dtypes.py::603,0.832611
pandas/core/dtypes/dtypes.py::610,0.832611
pandas/core/groupby/ops.py::208,0.832611
pandas/core/indexes/base.py::2011,0.832611
pandas/core/indexes/multi.py::1312,0.826653
pandas/_testing.py::637,0.820820
pandas/_testing.py::638,0.820820
pandas/_testing.py::639,0.820820
pandas/_testing.py::640,0.820820
pandas/_testing.py::641,0.820820
pandas/_testing.py::665,0.820820
pandas/_testing.py::666,0.820820
pandas/_testing.py::668,0.820820
pandas/_testing.py::670,0.820820
pandas/_testing.py::671,0.820820
pandas/_testing.py::673,0.820820
pandas/_testing.py::674,0.820820
pandas/_testing.py::675,0.820820
pandas/_testing.py::676,0.820820
pandas/_testing.py::677,0.820820
pandas/_testing.py::678,0.820820
pandas/_testing.py::679,0.820820
pandas/_testing.py::680,0.820820
pandas/_testing.py::681,0.820820
pandas/_testing.py::684,0.820820
pandas/core/algorithms.py::104,0.820820
pandas/core/common.py::136,0.820820
pandas/core/common.py::137,0.820820
pandas/core/common.py::138,0.820820
pandas/core/groupby/ops.py::113,0.820820
pandas/core/indexes/base.py::1717,0.820820
pandas/core/indexes/multi.py::1366,0.820820
pandas/core/algorithms.py::101,0.815110
pandas/core/algorithms.py::103,0.815110
pandas/core/indexes/multi.py::1085,0.815110
pandas/core/indexes/multi.py::1481,0.815110
pandas/core/indexes/multi.py::1482,0.815110
pandas/core/indexes/multi.py::1483,0.815110
pandas/core/indexes/multi.py::1484,0.815110
pandas/core/indexes/multi.py::1486,0.815110
pandas/core/indexes/multi.py::1487,0.815110
pandas/core/indexes/multi.py::644,0.815110
pandas/core/indexes/multi.py::647,0.815110
pandas/core/indexes/multi.py::649,0.815110
pandas/core/indexes/multi.py::650,0.815110
pandas/core/indexes/multi.py::651,0.815110
pandas/core/indexes/multi.py::653,0.815110
pandas/core/indexes/multi.py::655,0.815110
pandas/core/indexes/multi.py::656,0.815110
pandas/core/indexes/multi.py::658,0.815110
pandas/core/indexes/multi.py::659,0.815110
pandas/core/indexes/range.py::345,0.815110
pandas/core/indexes/range.py::346,0.815110
pandas/core/internals/managers.py::641,0.809517
pandas/core/internals/managers.py::642,0.809517
pandas/core/groupby/grouper.py::522,0.804038
pandas/core/groupby/grouper.py::523,0.804038
pandas/core/indexes/base.py::1991,0.798669
pandas/core/indexes/base.py::1992,0.798669
pandas/core/indexes/multi.py::1619,0.793406
pandas/core/indexing.py::468,0.793406
pandas/core/groupby/generic.py::227,0.783185
pandas/core/groupby/generic.py::419,0.783185
pandas/core/groupby/generic.py::423,0.783185
pandas/core/groupby/generic.py::430,0.783185
pandas/core/groupby/generic.py::440,0.783185
pandas/core/groupby/ops.py::924,0.778220
pandas/core/groupby/ops.py::944,0.778220
pandas/core/internals/blocks.py::2150,0.778220
pandas/core/internals/blocks.py::2284,0.778220
pandas/core/series.py::783,0.778220
pandas/core/base.py::226,0.773349
pandas/core/base.py::229,0.773349
pandas/core/base.py::235,0.773349
pandas/core/base.py::241,0.773349
pandas/core/base.py::243,0.773349
pandas/core/groupby/generic.py::1604,0.773349
pandas/core/groupby/generic.py::1613,0.773349
pandas/core/groupby/generic.py::1642,0.773349
pandas/core/groupby/ops.py::201,0.773349
pandas/core/groupby/ops.py::207,0.768568
pandas/core/groupby/ops.py::209,0.768568
pandas/core/groupby/ops.py::211,0.768568
pandas/core/groupby/ops.py::869,0.768568
pandas/core/groupby/generic.py::168,0.763874
pandas/core/groupby/ops.py::188,0.763874
pandas/core/groupby/ops.py::189,0.763874
pandas/core/groupby/ops.py::195,0.763874
pandas/core/groupby/ops.py::196,0.763874
pandas/core/groupby/ops.py::205,0.763874
pandas/core/groupby/ops.py::206,0.763874
pandas/core/groupby/ops.py::903,0.759266
pandas/core/groupby/ops.py::905,0.759266
pandas/core/groupby/ops.py::910,0.759266
pandas/core/groupby/ops.py::912,0.759266
pandas/core/groupby/ops.py::913,0.759266
pandas/core/dtypes/cast.py::1102,0.754740
pandas/core/arrays/datetimelike.py::514,0.750295
pandas/core/arrays/datetimelike.py::515,0.750295
pandas/core/arrays/datetimelike.py::517,0.750295
pandas/core/dtypes/common.py::1252,0.750295
pandas/core/dtypes/missing.py::486,0.750295
pandas/core/dtypes/missing.py::489,0.750295
pandas/core/dtypes/missing.py::490,0.750295
pandas/core/indexes/base.py::4116,0.750295
pandas/core/indexes/multi.py::1292,0.750295
pandas/core/indexes/multi.py::1294,0.750295
pandas/core/indexes/multi.py::1295,0.750295
pandas/core/indexes/multi.py::1297,0.750295
pandas/core/indexes/multi.py::1302,0.750295
pandas/core/indexes/multi.py::1303,0.750295
pandas/core/indexes/multi.py::1308,0.750295
pandas/core/indexes/multi.py::1309,0.750295
pandas/core/indexes/multi.py::1316,0.750295
pandas/core/indexes/multi.py::1319,0.750295
pandas/core/indexes/multi.py::288,0.750295
pandas/core/indexes/multi.py::291,0.750295
pandas/core/indexes/multi.py::293,0.750295
pandas/core/indexes/multi.py::297,0.750295
pandas/core/indexes/multi.py::298,0.750295
pandas/core/indexes/multi.py::300,0.750295
pandas/core/indexes/multi.py::686,0.750295
pandas/core/indexes/multi.py::697,0.750295
pandas/core/indexes/multi.py::699,0.750295
pandas/core/indexes/multi.py::701,0.750295
pandas/core/indexes/multi.py::702,0.750295
pandas/core/indexes/multi.py::835,0.750295
pandas/core/indexes/multi.py::849,0.750295
pandas/core/dtypes/cast.py::1154,0.745926
pandas/core/dtypes/cast.py::1156,0.745926
pandas/core/dtypes/cast.py::1175,0.745926
pandas/core/dtypes/cast.py::1193,0.745926
pandas/core/dtypes/cast.py::447,0.745926
pandas/core/dtypes/cast.py::448,0.745926
pandas/core/indexes/multi.py::1261,0.745926
pandas/core/indexes/multi.py::1290,0.745926
pandas/core/indexes/multi.py::268,0.745926
pandas/core/indexes/multi.py::270,0.745926
pandas/core/indexes/multi.py::272,0.745926
pandas/core/indexes/multi.py::274,0.745926
pandas/core/indexes/multi.py::277,0.745926
pandas/core/indexes/multi.py::280,0.745926
pandas/core/indexes/multi.py::281,0.745926
pandas/core/indexes/multi.py::283,0.745926
pandas/core/indexes/multi.py::284,0.745926
pandas/core/indexes/multi.py::286,0.745926
pandas/core/indexes/multi.py::3554,0.745926
pandas/core/indexes/multi.py::3555,0.745926
pandas/core/indexes/multi.py::3557,0.745926
pandas/core/indexes/multi.py::3558,0.745926
pandas/core/indexes/multi.py::710,0.745926
pandas/core/indexes/multi.py::718,0.745926
pandas/core/indexes/multi.py::719,0.745926
pandas/core/indexes/multi.py::720,0.745926
pandas/core/indexes/multi.py::729,0.745926
pandas/core/indexes/multi.py::733,0.745926
pandas/core/indexes/multi.py::734,0.745926
pandas/core/indexes/multi.py::735,0.745926
pandas/core/indexes/multi.py::738,0.745926
pandas/core/indexes/multi.py::739,0.745926
pandas/core/indexes/multi.py::854,0.745926
pandas/core/indexes/multi.py::860,0.745926
pandas/core/indexes/multi.py::861,0.745926
pandas/core/indexes/multi.py::862,0.745926
pandas/core/indexes/multi.py::863,0.745926
pandas/core/indexes/multi.py::873,0.745926
pandas/core/indexes/multi.py::876,0.745926
pandas/core/indexes/multi.py::878,0.745926
pandas/core/indexes/multi.py::879,0.745926
pandas/core/internals/managers.py::1703,0.745926
pandas/core/internals/managers.py::1704,0.745926
pandas/core/groupby/ops.py::144,0.741634
pandas/core/dtypes/cast.py::765,0.737414
pandas/core/dtypes/cast.py::766,0.737414
pandas/core/dtypes/cast.py::767,0.737414
pandas/core/groupby/groupby.py::748,0.737414
pandas/core/internals/blocks.py::2168,0.737414
pandas/core/internals/blocks.py::2169,0.737414
pandas/core/internals/blocks.py::2191,0.737414
pandas/core/internals/blocks.py::2194,0.737414
pandas/core/internals/blocks.py::2197,0.737414
pandas/core/internals/blocks.py::2198,0.737414
pandas/core/internals/blocks.py::2999,0.737414
pandas/core/internals/blocks.py::3000,0.737414
pandas/_config/config.py::404,0.733266
pandas/_config/config.py::409,0.733266
pandas/_config/config.py::412,0.733266
pandas/_config/config.py::414,0.733266
pandas/_config/config.py::415,0.733266
pandas/_config/config.py::418,0.733266
pandas/_config/config.py::419,0.733266
pandas/_config/config.py::420,0.733266
pandas/core/arrays/datetimelike.py::487,0.733266
pandas/core/arrays/datetimelike.py::489,0.733266
pandas/core/arrays/datetimelike.py::504,0.733266
pandas/core/arrays/datetimelike.py::505,0.733266
pandas/core/arrays/datetimelike.py::512,0.733266
pandas/core/arrays/datetimelike.py::513,0.733266
pandas/core/arrays/datetimes.py::474,0.733266
pandas/core/arrays/datetimes.py::548,0.733266
pandas/core/arrays/datetimes.py::552,0.733266
pandas/core/groupby/generic.py::1628,0.733266
pandas/core/groupby/generic.py::1640,0.733266
pandas/core/groupby/generic.py::1641,0.733266
pandas/core/groupby/generic.py::1643,0.733266
pandas/core/groupby/generic.py::1644,0.733266
pandas/core/groupby/groupby.py::708,0.733266
pandas/core/groupby/groupby.py::713,0.733266
pandas/core/groupby/groupby.py::733,0.733266
pandas/core/groupby/groupby.py::734,0.733266
pandas/core/groupby/groupby.py::735,0.733266
pandas/core/groupby/groupby.py::753,0.733266
pandas/core/groupby/groupby.py::754,0.733266
pandas/core/groupby/ops.py::165,0.733266
pandas/core/groupby/ops.py::166,0.733266
pandas/core/internals/blocks.py::2155,0.733266
pandas/core/internals/blocks.py::2156,0.733266
pandas/core/internals/blocks.py::2158,0.733266
pandas/core/internals/blocks.py::2160,0.733266
pandas/core/dtypes/cast.py::446,0.729187
pandas/core/dtypes/common.py::1670,0.729187
pandas/core/generic.py::5595,0.729187
pandas/core/generic.py::5596,0.729187
pandas/core/groupby/generic.py::165,0.729187
pandas/core/groupby/groupby.py::751,0.729187
pandas/core/groupby/ops.py::152,0.729187
pandas/core/groupby/ops.py::153,0.729187
pandas/core/groupby/ops.py::154,0.729187
pandas/core/groupby/ops.py::155,0.729187
pandas/core/groupby/ops.py::157,0.729187
pandas/core/groupby/ops.py::158,0.729187
pandas/core/groupby/ops.py::229,0.729187
pandas/core/indexes/base.py::631,0.729187
pandas/core/indexes/base.py::634,0.729187
pandas/core/indexes/base.py::635,0.729187
pandas/core/indexes/base.py::636,0.729187
pandas/core/indexes/base.py::637,0.729187
pandas/core/indexes/frozen.py::67,0.729187
pandas/core/indexes/frozen.py::69,0.729187
pandas/core/internals/managers.py::1499,0.729187
pandas/core/internals/managers.py::1502,0.729187
pandas/core/series.py::210,0.729187
pandas/core/series.py::214,0.729187
pandas/core/series.py::790,0.729187
pandas/core/series.py::797,0.729187
pandas/core/series.py::799,0.729187
pandas/core/series.py::800,0.729187
pandas/core/series.py::802,0.729187
pandas/core/series.py::808,0.729187
pandas/core/series.py::809,0.729187
pandas/core/series.py::811,0.729187
pandas/core/series.py::812,0.729187
pandas/core/series.py::813,0.729187
pandas/core/series.py::843,0.729187
pandas/core/series.py::947,0.729187
pandas/core/series.py::948,0.729187
pandas/core/series.py::949,0.729187
pandas/core/series.py::950,0.729187
pandas/_config/config.py::114,0.725176
pandas/_config/config.py::117,0.725176
pandas/_config/config.py::118,0.725176
pandas/_config/config.py::556,0.725176
pandas/core/dtypes/common.py::1044,0.725176
pandas/core/dtypes/common.py::1046,0.725176
pandas/core/dtypes/common.py::1047,0.725176
pandas/core/dtypes/common.py::1053,0.725176
pandas/core/groupby/ops.py::130,0.725176
pandas/core/groupby/ops.py::131,0.725176
pandas/core/groupby/ops.py::143,0.725176
pandas/core/groupby/ops.py::885,0.725176
pandas/core/groupby/ops.py::886,0.725176
pandas/core/groupby/ops.py::887,0.725176
pandas/core/groupby/ops.py::889,0.725176
pandas/core/groupby/ops.py::890,0.725176
pandas/core/groupby/ops.py::895,0.725176
pandas/core/groupby/ops.py::900,0.725176
pandas/core/groupby/ops.py::916,0.725176
pandas/core/groupby/ops.py::943,0.725176
pandas/core/groupby/ops.py::949,0.725176
pandas/core/arrays/datetimelike.py::960,0.717348
pandas/core/arrays/datetimes.py::285,0.717348
pandas/core/arrays/datetimes.py::286,0.717348
pandas/core/arrays/datetimes.py::290,0.717348
pandas/core/arrays/datetimes.py::291,0.717348
pandas/core/arrays/datetimes.py::292,0.717348
pandas/core/arrays/datetimes.py::293,0.717348
pandas/core/arrays/datetimes.py::294,0.717348
pandas/core/arrays/datetimes.py::496,0.717348
pandas/core/arrays/datetimes.py::509,0.717348
pandas/core/indexes/base.py::3124,0.713527
pandas/core/indexes/base.py::3125,0.713527
pandas/core/indexes/base.py::3126,0.713527
pandas/core/indexing.py::1476,0.713527
pandas/core/indexing.py::1502,0.713527
pandas/core/indexing.py::1504,0.713527
pandas/core/indexing.py::1507,0.713527
pandas/core/indexing.py::1508,0.713527
pandas/core/indexing.py::1509,0.713527
pandas/core/indexing.py::2245,0.713527
pandas/core/internals/managers.py::756,0.713527
pandas/core/internals/managers.py::757,0.713527
pandas/core/internals/managers.py::759,0.713527
pandas/core/indexes/base.py::592,0.709768
pandas/core/internals/managers.py::753,0.709768
pandas/core/internals/managers.py::763,0.709768
pandas/core/internals/managers.py::764,0.709768
pandas/core/internals/managers.py::765,0.709768
pandas/core/internals/managers.py::1101,0.702423
pandas/core/internals/managers.py::1103,0.702423
pandas/core/internals/managers.py::1104,0.702423
pandas/core/internals/managers.py::1105,0.702423
pandas/core/internals/managers.py::1106,0.702423
pandas/core/internals/managers.py::1107,0.702423
pandas/core/internals/managers.py::1111,0.702423
pandas/core/internals/managers.py::1112,0.702423
pandas/core/common.py::309,0.698835
pandas/core/common.py::310,0.698835
pandas/core/internals/managers.py::1053,0.698835
pandas/core/internals/managers.py::1054,0.698835
pandas/core/internals/managers.py::1057,0.698835
pandas/core/internals/managers.py::1080,0.698835
pandas/core/internals/managers.py::1081,0.698835
pandas/core/internals/managers.py::1083,0.698835
pandas/core/internals/managers.py::1084,0.698835
pandas/core/internals/managers.py::1114,0.698835
pandas/core/internals/managers.py::1117,0.698835
pandas/core/internals/blocks.py::2124,0.695302
pandas/core/base.py::579,0.688393
pandas/core/dtypes/cast.py::440,0.688393
pandas/core/dtypes/cast.py::443,0.688393
pandas/core/dtypes/cast.py::534,0.688393
pandas/core/indexes/base.py::4903,0.685015
pandas/core/indexes/base.py::4905,0.685015
pandas/core/indexes/base.py::4906,0.685015
pandas/core/indexes/base.py::4907,0.685015
pandas/core/indexes/base.py::4908,0.685015
pandas/core/internals/blocks.py::308,0.685015
pandas/core/frame.py::3325,0.681687
pandas/core/frame.py::3326,0.681687
pandas/core/frame.py::3342,0.681687
pandas/core/frame.py::3345,0.681687
pandas/core/frame.py::3399,0.678406
pandas/core/indexing.py::2107,0.678406
pandas/core/internals/managers.py::1024,0.678406
pandas/core/internals/managers.py::1038,0.678406
pandas/core/internals/managers.py::1039,0.678406
pandas/core/internals/managers.py::1041,0.678406
pandas/core/internals/managers.py::1042,0.678406
pandas/core/internals/managers.py::1044,0.678406
pandas/core/internals/managers.py::1045,0.678406
pandas/core/internals/managers.py::1046,0.678406
pandas/core/internals/managers.py::1047,0.678406
pandas/core/internals/managers.py::1048,0.678406
pandas/core/internals/managers.py::1049,0.678406
pandas/core/internals/managers.py::1050,0.678406
pandas/core/internals/managers.py::1064,0.678406
pandas/core/internals/managers.py::1079,0.678406
pandas/core/internals/managers.py::630,0.671985
pandas/core/common.py::202,0.665742
pandas/core/groupby/generic.py::622,0.664820
pandas/core/groupby/generic.py::623,0.664820
pandas/core/series.py::259,0.659670
pandas/core/sorting.py::367,0.659670
pandas/core/sorting.py::368,0.659670
pandas/core/frame.py::2647,0.656696
pandas/core/frame.py::2650,0.656696
pandas/core/frame.py::2651,0.656696
pandas/core/frame.py::2656,0.656696
pandas/core/frame.py::2658,0.656696
pandas/core/frame.py::2662,0.656696
pandas/core/frame.py::2722,0.656696
pandas/core/frame.py::2723,0.656696
pandas/core/frame.py::2724,0.656696
pandas/core/frame.py::2729,0.656696
pandas/core/frame.py::2730,0.656696
pandas/core/generic.py::3488,0.656696
pandas/core/generic.py::3489,0.656696
pandas/core/indexes/range.py::170,0.656696
pandas/core/indexes/range.py::393,0.656696
pandas/core/indexes/range.py::394,0.656696
pandas/core/internals/managers.py::1006,0.656696
pandas/core/internals/managers.py::1009,0.656696
pandas/core/internals/managers.py::1015,0.656696
pandas/core/internals/managers.py::1023,0.656696
pandas/core/internals/managers.py::1026,0.656696
pandas/core/internals/managers.py::1031,0.656696
pandas/core/internals/managers.py::1032,0.656696
pandas/core/sorting.py::362,0.656696
pandas/core/sorting.py::363,0.656696
pandas/core/sorting.py::364,0.656696
pandas/core/sorting.py::365,0.656696
pandas/core/sorting.py::366,0.656696
pandas/core/frame.py::2771,0.653762
pandas/core/frame.py::3322,0.653762
pandas/core/frame.py::3344,0.653762
pandas/core/frame.py::3394,0.653762
pandas/core/frame.py::3398,0.653762
pandas/core/frame.py::3404,0.653762
pandas/core/generic.py::3549,0.653762
pandas/core/generic.py::3550,0.653762
pandas/core/internals/managers.py::1539,0.653762
pandas/core/indexes/base.py::721,0.650867
pandas/core/indexes/base.py::726,0.650867
pandas/core/indexes/range.py::389,0.650867
pandas/core/indexing.py::2106,0.650867
pandas/core/indexes/base.py::4118,0.636946
pandas/core/indexes/base.py::4121,0.636946
pandas/core/indexes/base.py::4122,0.636946
pandas/core/indexes/base.py::4123,0.636946
pandas/core/indexes/base.py::4124,0.636946
pandas/core/indexes/base.py::4127,0.636946
pandas/core/indexes/range.py::162,0.636946
pandas/core/indexes/range.py::163,0.636946
pandas/core/indexes/range.py::164,0.636946
pandas/core/indexes/range.py::166,0.636946
pandas/core/indexes/range.py::214,0.636946
pandas/core/indexes/range.py::236,0.636946
pandas/core/indexes/range.py::260,0.636946
pandas/core/dtypes/common.py::1372,0.634268
pandas/core/dtypes/missing.py::248,0.634268
pandas/core/dtypes/missing.py::250,0.634268
pandas/core/dtypes/missing.py::255,0.634268
pandas/core/dtypes/missing.py::256,0.634268
pandas/core/dtypes/missing.py::257,0.634268
pandas/core/series.py::233,0.634268
pandas/core/series.py::307,0.634268
pandas/core/series.py::308,0.634268
pandas/compat/numpy/function.py::56,0.631623
pandas/core/indexing.py::2103,0.631623
pandas/core/indexing.py::2099,0.626431
pandas/core/indexing.py::2100,0.626431
pandas/core/frame.py::1045,0.623883
pandas/core/internals/blocks.py::270,0.623883
pandas/core/internals/blocks.py::271,0.623883
pandas/core/internals/blocks.py::273,0.623883
pandas/core/groupby/generic.py::619,0.620562
pandas/core/groupby/generic.py::620,0.620562
pandas/core/base.py::71,0.609220
pandas/core/base.py::72,0.609220
pandas/core/internals/managers.py::1461,0.591187
pandas/core/internals/managers.py::1466,0.591187
pandas/core/internals/managers.py::1470,0.591187
pandas/core/internals/managers.py::1545,0.591187
pandas/core/algorithms.py::100,0.584827
pandas/core/internals/managers.py::1435,0.584827
pandas/core/internals/managers.py::1439,0.584827
pandas/core/internals/managers.py::1455,0.584827
pandas/core/internals/managers.py::1458,0.584827
pandas/core/indexes/base.py::4113,0.582752
pandas/core/indexes/base.py::709,0.578667
pandas/core/indexes/base.py::711,0.578667
pandas/core/indexes/base.py::712,0.578667
pandas/core/indexes/base.py::727,0.578667
pandas/core/generic.py::5046,0.570749
pandas/core/generic.py::5047,0.570749
pandas/core/series.py::379,0.570749
pandas/core/indexes/numeric.py::250,0.561294
pandas/core/algorithms.py::94,0.555842
pandas/core/algorithms.py::95,0.555842
pandas/core/algorithms.py::99,0.555842
pandas/core/dtypes/common.py::1450,0.555842
pandas/_testing.py::633,0.554060
pandas/core/algorithms.py::1604,0.547098
pandas/core/algorithms.py::1605,0.547098
pandas/core/indexes/numeric.py::107,0.538755
pandas/core/indexes/numeric.py::109,0.538755
pandas/core/indexes/numeric.py::113,0.538755
pandas/core/indexes/numeric.py::115,0.538755
pandas/core/sorting.py::388,0.527110
pandas/core/sorting.py::395,0.527110
pandas/core/sorting.py::398,0.527110
pandas/core/sorting.py::399,0.527110
pandas/core/sorting.py::401,0.527110
pandas/core/sorting.py::404,0.527110
pandas/core/sorting.py::405,0.527110
pandas/core/sorting.py::408,0.527110
pandas/core/sorting.py::410,0.527110
pandas/core/dtypes/common.py::1856,0.511602
pandas/core/dtypes/common.py::1859,0.511602
pandas/core/construction.py::545,0.499480
pandas/core/construction.py::546,0.499480
pandas/core/dtypes/cast.py::1512,0.499480
pandas/core/dtypes/cast.py::1514,0.499480
pandas/core/dtypes/cast.py::1526,0.499480
pandas/io/formats/printing.py::129,0.497925
pandas/core/construction.py::531,0.493107
pandas/core/construction.py::534,0.493107
pandas/core/construction.py::537,0.493107
pandas/core/construction.py::540,0.493107
pandas/core/construction.py::567,0.493107
pandas/core/internals/managers.py::1699,0.472035
pandas/core/internals/managers.py::1700,0.472035
pandas/core/dtypes/cast.py::1143,0.452484
pandas/core/dtypes/missing.py::476,0.444949
pandas/core/dtypes/missing.py::478,0.444949
pandas/core/internals/blocks.py::3015,0.443123
pandas/core/internals/blocks.py::3008,0.418183
pandas/core/dtypes/common.py::1243,0.407196
pandas/core/dtypes/common.py::1245,0.407196
pandas/core/dtypes/common.py::1248,0.407196
pandas/core/dtypes/common.py::1254,0.407196
pandas/core/dtypes/common.py::1255,0.407196
pandas/core/dtypes/missing.py::480,0.407196
pandas/core/dtypes/missing.py::484,0.407196
pandas/core/dtypes/missing.py::493,0.407196
pandas/core/dtypes/missing.py::497,0.407196
pandas/core/dtypes/common.py::1617,0.405795
pandas/core/indexing.py::825,0.403721
pandas/core/indexing.py::827,0.403721
pandas/core/indexing.py::828,0.403721
pandas/core/series.py::289,0.398342
pandas/core/series.py::291,0.398342
pandas/core/series.py::293,0.398342
pandas/core/series.py::297,0.398342
pandas/core/construction.py::529,0.391286
pandas/core/internals/managers.py::1473,0.388811
pandas/core/series.py::323,0.388811
pandas/core/series.py::325,0.388811
pandas/core/algorithms.py::282,0.379934
pandas/core/internals/managers.py::1718,0.379363
pandas/core/internals/managers.py::1719,0.379363
pandas/core/construction.py::499,0.377667
pandas/core/construction.py::500,0.377667
pandas/core/series.py::278,0.376549
pandas/core/series.py::279,0.376549
pandas/core/dtypes/cast.py::1194,0.375994
pandas/core/dtypes/cast.py::1196,0.375994
pandas/core/algorithms.py::281,0.375441
pandas/core/algorithms.py::92,0.375441
pandas/core/series.py::318,0.374890
pandas/core/series.py::320,0.374890
pandas/core/internals/managers.py::1763,0.374342
pandas/core/internals/managers.py::1766,0.374342
pandas/core/internals/managers.py::1769,0.374342
pandas/core/internals/managers.py::1770,0.374342
pandas/core/internals/managers.py::1506,0.372712
pandas/core/dtypes/cast.py::1145,0.371104
pandas/core/dtypes/cast.py::1146,0.371104
pandas/core/dtypes/cast.py::1149,0.371104
pandas/core/dtypes/cast.py::1152,0.371104
pandas/core/dtypes/cast.py::1177,0.371104
pandas/core/dtypes/cast.py::1188,0.371104
pandas/core/dtypes/cast.py::1190,0.371104
pandas/core/dtypes/cast.py::1192,0.371104
pandas/core/dtypes/cast.py::1212,0.371104
pandas/core/series.py::267,0.369515
pandas/core/series.py::273,0.369515
pandas/core/series.py::277,0.369515
pandas/core/internals/construction.py::349,0.368991
pandas/core/internals/construction.py::350,0.368991
pandas/core/internals/construction.py::351,0.368991
pandas/core/internals/construction.py::362,0.368991
pandas/core/internals/construction.py::363,0.368991
pandas/core/internals/construction.py::366,0.368991
pandas/core/internals/construction.py::371,0.368991
pandas/core/internals/construction.py::379,0.368991
pandas/core/internals/construction.py::346,0.368468
pandas/core/internals/construction.py::358,0.368468
pandas/core/construction.py::440,0.367429
pandas/core/internals/managers.py::1776,0.366400
pandas/core/internals/managers.py::1778,0.366400
pandas/core/internals/managers.py::1779,0.366400
pandas/core/internals/managers.py::1781,0.366400
pandas/core/internals/managers.py::1783,0.366400
pandas/core/internals/managers.py::1784,0.366400
pandas/core/internals/managers.py::1786,0.366400
pandas/core/dtypes/missing.py::263,0.365888
pandas/core/internals/construction.py::64,0.365888
pandas/core/construction.py::584,0.365378
pandas/core/construction.py::585,0.365378
pandas/core/construction.py::586,0.365378
pandas/core/construction.py::587,0.365378
pandas/core/indexes/base.py::1970,0.365378
pandas/core/internals/construction.py::242,0.365378
pandas/core/internals/construction.py::243,0.365378
pandas/core/internals/construction.py::244,0.365378
pandas/core/internals/construction.py::248,0.365378
pandas/core/internals/construction.py::251,0.365378
pandas/core/series.py::218,0.365378
pandas/core/series.py::220,0.365378
pandas/core/series.py::232,0.365378
pandas/core/series.py::235,0.365378
pandas/core/series.py::237,0.365378
pandas/core/series.py::240,0.365378
pandas/core/series.py::244,0.365378
pandas/core/series.py::258,0.365378
pandas/core/series.py::299,0.365378
pandas/core/series.py::303,0.365378
pandas/core/series.py::317,0.365378
pandas/core/dtypes/cast.py::81,0.364871
pandas/core/dtypes/cast.py::82,0.364871
pandas/core/dtypes/cast.py::83,0.364871
pandas/core/dtypes/cast.py::84,0.364871
pandas/core/dtypes/cast.py::86,0.364871
pandas/core/dtypes/cast.py::88,0.364871
pandas/core/dtypes/inference.py::287,0.364871
pandas/core/dtypes/inference.py::289,0.364871
pandas/core/indexes/base.py::502,0.364365
pandas/core/dtypes/common.py::1855,0.363361
pandas/core/construction.py::437,0.362862
pandas/core/construction.py::442,0.362862
pandas/core/internals/blocks.py::2587,0.362365
pandas/core/internals/blocks.py::2590,0.362365
pandas/core/internals/blocks.py::3019,0.362365
pandas/core/frame.py::441,0.361870
pandas/core/internals/construction.py::331,0.361870
pandas/core/internals/construction.py::332,0.361870
pandas/core/internals/construction.py::334,0.361870
pandas/core/internals/construction.py::335,0.361870
pandas/core/internals/construction.py::336,0.361870
pandas/core/internals/construction.py::338,0.361870
pandas/core/internals/construction.py::339,0.361870
pandas/core/internals/construction.py::340,0.361870
pandas/core/internals/construction.py::342,0.361870
pandas/core/internals/construction.py::343,0.361870
pandas/core/internals/construction.py::353,0.361870
pandas/core/internals/construction.py::356,0.361870
pandas/core/internals/construction.py::361,0.361870
pandas/core/internals/construction.py::381,0.361870
pandas/core/groupby/groupby.py::515,0.361377
pandas/core/internals/blocks.py::3016,0.360886
pandas/core/internals/construction.py::217,0.360886
pandas/core/internals/construction.py::253,0.360886
pandas/core/construction.py::426,0.357504
pandas/core/construction.py::436,0.357504
pandas/core/groupby/groupby.py::512,0.356556
pandas/core/groupby/groupby.py::513,0.356556
pandas/core/common.py::273,0.354680
pandas/core/common.py::275,0.354680
pandas/core/groupby/grouper.py::392,0.354680
pandas/core/dtypes/missing.py::259,0.352377
pandas/core/dtypes/cast.py::1103,0.350567
pandas/core/dtypes/cast.py::1106,0.350567
pandas/core/indexing.py::2235,0.350567
pandas/core/indexing.py::671,0.350567
pandas/core/indexing.py::723,0.350567
pandas/core/indexing.py::726,0.350567
pandas/core/indexing.py::731,0.350567
pandas/core/indexing.py::734,0.350567
pandas/core/indexing.py::735,0.350567
pandas/core/indexing.py::736,0.350567
pandas/core/indexing.py::739,0.350567
pandas/core/indexing.py::742,0.350567
pandas/core/indexing.py::751,0.350567
pandas/core/indexing.py::753,0.350567
pandas/core/indexing.py::754,0.350567
pandas/core/indexing.py::758,0.350567
pandas/core/indexing.py::759,0.350567
pandas/_testing.py::631,0.348784
pandas/core/generic.py::3161,0.348343
pandas/_testing.py::1327,0.347465
pandas/_testing.py::1330,0.347465
pandas/_testing.py::1332,0.347465
pandas/_testing.py::1333,0.347465
pandas/_testing.py::1337,0.347465
pandas/_testing.py::1342,0.347465
pandas/_testing.py::1346,0.347465
pandas/_testing.py::1347,0.347465
pandas/_testing.py::1348,0.347465
pandas/_testing.py::1349,0.347465
pandas/_testing.py::1350,0.347465
pandas/_testing.py::1351,0.347465
pandas/_testing.py::1352,0.347465
pandas/_testing.py::1353,0.347465
pandas/_testing.py::1354,0.347465
pandas/_testing.py::1358,0.347465
pandas/_testing.py::1359,0.347465
pandas/_testing.py::1360,0.347465
pandas/_testing.py::1361,0.347465
pandas/_testing.py::1362,0.347465
pandas/_testing.py::1363,0.347465
pandas/_testing.py::1364,0.347465
pandas/_testing.py::1365,0.347465
pandas/_testing.py::1366,0.347465
pandas/_testing.py::1370,0.347465
pandas/_testing.py::1382,0.347465
pandas/_testing.py::1383,0.347465
pandas/_testing.py::1384,0.347465
pandas/_testing.py::1385,0.347465
pandas/_testing.py::1386,0.347465
pandas/_testing.py::1387,0.347465
pandas/_testing.py::1388,0.347465
pandas/_testing.py::1389,0.347465
pandas/_testing.py::1390,0.347465
pandas/_testing.py::1391,0.347465
pandas/_testing.py::1392,0.347465
pandas/_testing.py::1393,0.347465
pandas/_testing.py::1394,0.347465
pandas/_testing.py::1395,0.347465
pandas/_testing.py::1396,0.347465
pandas/core/dtypes/missing.py::138,0.345729
pandas/core/dtypes/missing.py::140,0.345729
pandas/core/dtypes/missing.py::142,0.345729
pandas/core/dtypes/missing.py::143,0.345729
pandas/core/dtypes/missing.py::145,0.345729
pandas/core/dtypes/missing.py::146,0.345729
pandas/core/dtypes/missing.py::147,0.345729
pandas/core/dtypes/missing.py::148,0.345729
pandas/core/dtypes/missing.py::149,0.345729
pandas/core/dtypes/missing.py::150,0.345729
pandas/core/dtypes/missing.py::153,0.345729
pandas/core/dtypes/missing.py::450,0.345729
pandas/core/dtypes/missing.py::453,0.345729
pandas/core/dtypes/missing.py::456,0.345729
pandas/core/dtypes/missing.py::460,0.345729
pandas/core/dtypes/missing.py::461,0.345729
pandas/core/internals/construction.py::312,0.345299
pandas/core/internals/construction.py::321,0.345299
pandas/core/internals/construction.py::322,0.345299
pandas/core/internals/managers.py::1796,0.345299
pandas/core/internals/managers.py::1802,0.345299
pandas/core/dtypes/missing.py::449,0.344870
pandas/core/dtypes/missing.py::470,0.344870
pandas/core/frame.py::558,0.344870
pandas/core/generic.py::1506,0.344870
pandas/core/generic.py::1507,0.344870
pandas/core/generic.py::1510,0.344870
pandas/core/generic.py::1511,0.344870
pandas/core/generic.py::1512,0.344870
pandas/core/groupby/grouper.py::590,0.344870
pandas/core/groupby/grouper.py::591,0.344870
pandas/core/groupby/grouper.py::592,0.344870
pandas/core/groupby/grouper.py::593,0.344870
pandas/core/common.py::283,0.344444
pandas/core/common.py::284,0.344444
pandas/core/common.py::285,0.344444
pandas/core/common.py::286,0.344444
pandas/core/frame.py::2482,0.344444
pandas/core/frame.py::2484,0.344444
pandas/core/frame.py::2485,0.344444
pandas/core/frame.py::2488,0.344444
pandas/core/frame.py::2490,0.344444
pandas/core/groupby/grouper.py::571,0.344444
pandas/core/groupby/grouper.py::589,0.344444
pandas/core/indexing.py::1330,0.344444
pandas/core/indexing.py::1344,0.344444
pandas/core/indexing.py::1345,0.344444
pandas/core/indexing.py::1346,0.344444
pandas/core/indexing.py::1347,0.344444
pandas/core/indexing.py::1410,0.344444
pandas/core/indexing.py::1413,0.344444
pandas/core/indexing.py::1414,0.344444
pandas/core/indexing.py::1415,0.344444
pandas/core/indexing.py::1443,0.344444
pandas/core/indexing.py::1444,0.344444
pandas/core/indexing.py::1445,0.344444
pandas/core/indexing.py::652,0.344444
pandas/core/indexing.py::653,0.344444
pandas/core/indexing.py::655,0.344444
pandas/core/indexing.py::656,0.344444
pandas/core/indexing.py::669,0.344444
pandas/core/indexing.py::714,0.344444
pandas/core/indexing.py::719,0.344444
pandas/core/indexing.py::815,0.344444
pandas/core/indexing.py::816,0.344444
pandas/core/indexing.py::822,0.344444
pandas/core/groupby/ops.py::301,0.344018
pandas/core/indexes/base.py::486,0.344018
pandas/core/indexes/base.py::501,0.344018
pandas/core/indexes/base.py::504,0.344018
pandas/core/indexes/base.py::506,0.344018
pandas/core/indexes/base.py::508,0.344018
pandas/core/dtypes/cast.py::1344,0.343595
pandas/core/dtypes/common.py::1297,0.343595
pandas/core/dtypes/common.py::1298,0.343595
pandas/core/frame.py::2466,0.343595
pandas/core/frame.py::407,0.343595
pandas/core/frame.py::437,0.343595
pandas/core/frame.py::438,0.343595
pandas/core/generic.py::219,0.343595
pandas/core/generic.py::220,0.343595
pandas/core/generic.py::226,0.343595
pandas/core/generic.py::228,0.343595
pandas/core/generic.py::232,0.343595
pandas/core/indexing.py::1435,0.343595
pandas/core/indexing.py::1436,0.343595
pandas/core/indexing.py::1491,0.343595
pandas/core/indexing.py::1492,0.343595
pandas/core/indexing.py::1496,0.343595
pandas/core/indexing.py::1498,0.343595
pandas/core/generic.py::485,0.343173
pandas/core/common.py::122,0.342752
pandas/core/common.py::135,0.342752
pandas/core/indexes/range.py::448,0.342752
pandas/core/indexes/range.py::449,0.342752
pandas/core/groupby/grouper.py::536,0.342333
pandas/core/groupby/grouper.py::537,0.342333
pandas/core/groupby/grouper.py::648,0.342333
pandas/core/groupby/grouper.py::649,0.342333
pandas/core/indexes/base.py::4081,0.342333
pandas/core/indexes/base.py::4082,0.342333
pandas/core/indexes/base.py::4083,0.342333
pandas/core/indexing.py::1478,0.342333
pandas/core/indexing.py::1481,0.342333
pandas/core/indexing.py::1486,0.342333
pandas/core/common.py::142,0.341916
pandas/core/dtypes/cast.py::1127,0.341916
pandas/core/dtypes/cast.py::1128,0.341916
pandas/core/dtypes/cast.py::1131,0.341916
pandas/core/dtypes/cast.py::1135,0.341916
pandas/core/dtypes/cast.py::1137,0.341916
pandas/core/dtypes/cast.py::1139,0.341916
pandas/core/dtypes/cast.py::1142,0.341916
pandas/core/frame.py::2499,0.341916
pandas/core/frame.py::2501,0.341916
pandas/core/indexers.py::36,0.341916
pandas/core/internals/blocks.py::278,0.341916
pandas/core/internals/blocks.py::692,0.341916
pandas/core/internals/blocks.py::693,0.341916
pandas/core/internals/blocks.py::694,0.341916
pandas/core/internals/blocks.py::695,0.341916
pandas/core/common.py::121,0.341500
pandas/core/indexes/base.py::1337,0.341500
pandas/core/internals/blocks.py::3060,0.341500
pandas/core/internals/blocks.py::3061,0.341500
pandas/core/internals/managers.py::362,0.341500
pandas/core/internals/managers.py::365,0.341500
pandas/core/internals/managers.py::373,0.341500
pandas/core/internals/managers.py::375,0.341500
pandas/core/internals/managers.py::381,0.341500
pandas/core/internals/managers.py::387,0.341500
pandas/core/internals/managers.py::393,0.341500
pandas/core/internals/managers.py::397,0.341500
pandas/core/internals/managers.py::399,0.341500
pandas/core/internals/managers.py::404,0.341500
pandas/core/internals/managers.py::405,0.341500
pandas/core/internals/managers.py::410,0.341500
pandas/core/internals/managers.py::417,0.341500
pandas/core/internals/managers.py::420,0.341500
pandas/core/internals/managers.py::421,0.341500
pandas/core/internals/managers.py::423,0.341500
pandas/core/internals/managers.py::425,0.341500
pandas/core/internals/managers.py::426,0.341500
pandas/core/dtypes/missing.py::227,0.341086
pandas/core/dtypes/missing.py::229,0.341086
pandas/core/dtypes/missing.py::232,0.341086
pandas/core/dtypes/missing.py::236,0.341086
pandas/core/dtypes/missing.py::238,0.341086
pandas/core/dtypes/missing.py::244,0.341086
pandas/core/dtypes/missing.py::246,0.341086
pandas/core/dtypes/missing.py::266,0.341086
pandas/core/dtypes/missing.py::269,0.341086
pandas/core/frame.py::2493,0.341086
pandas/core/frame.py::2494,0.341086
pandas/core/frame.py::2496,0.341086
pandas/core/frame.py::2498,0.341086
pandas/core/internals/blocks.py::3051,0.341086
pandas/core/internals/blocks.py::3053,0.341086
pandas/core/internals/blocks.py::3062,0.341086
pandas/core/groupby/groupby.py::2474,0.340673
pandas/core/groupby/grouper.py::399,0.340673
pandas/core/indexes/base.py::1760,0.340673
pandas/core/indexes/base.py::2852,0.340673
pandas/core/indexes/base.py::2853,0.340673
pandas/core/indexes/base.py::2858,0.340673
pandas/core/indexes/base.py::2859,0.340673
pandas/core/indexes/base.py::2860,0.340673
pandas/core/indexes/base.py::4894,0.340673
pandas/core/indexes/base.py::4895,0.340673
pandas/core/construction.py::413,0.340261
pandas/core/construction.py::424,0.340261
pandas/core/dtypes/missing.py::443,0.340261
pandas/core/groupby/grouper.py::397,0.340261
pandas/core/groupby/ops.py::300,0.340261
pandas/core/indexes/base.py::1963,0.340261
pandas/core/construction.py::528,0.339851
pandas/core/dtypes/cast.py::1100,0.339851
pandas/core/dtypes/cast.py::1101,0.339851
pandas/core/dtypes/cast.py::1322,0.339851
pandas/core/dtypes/cast.py::1326,0.339851
pandas/core/dtypes/cast.py::1339,0.339851
pandas/core/dtypes/cast.py::1341,0.339851
pandas/core/frame.py::2785,0.339851
pandas/core/frame.py::2786,0.339851
pandas/core/frame.py::2789,0.339851
pandas/core/generic.py::3446,0.339851
pandas/core/generic.py::3447,0.339851
pandas/core/generic.py::3448,0.339851
pandas/core/generic.py::3449,0.339851
pandas/core/generic.py::3450,0.339851
pandas/core/generic.py::3451,0.339851
pandas/core/generic.py::3452,0.339851
pandas/core/generic.py::3455,0.339851
pandas/core/generic.py::3456,0.339851
pandas/core/indexes/base.py::4238,0.339851
pandas/core/internals/construction.py::300,0.339851
pandas/core/internals/construction.py::301,0.339851
pandas/core/internals/construction.py::303,0.339851
pandas/core/internals/construction.py::304,0.339851
pandas/core/internals/construction.py::325,0.339851
pandas/core/internals/construction.py::327,0.339851
pandas/core/internals/construction.py::63,0.339851
pandas/core/internals/construction.py::69,0.339851
pandas/core/internals/construction.py::72,0.339851
pandas/core/internals/construction.py::74,0.339851
pandas/core/internals/managers.py::1630,0.339851
pandas/core/internals/managers.py::1631,0.339851
pandas/core/internals/managers.py::1632,0.339851
pandas/core/internals/managers.py::1633,0.339851
pandas/core/internals/managers.py::1634,0.339851
pandas/core/internals/managers.py::1664,0.339851
pandas/core/internals/managers.py::1665,0.339851
pandas/core/internals/managers.py::1667,0.339851
pandas/core/internals/managers.py::1668,0.339851
pandas/core/internals/managers.py::1669,0.339851
pandas/core/internals/managers.py::1674,0.339851
pandas/core/internals/managers.py::1675,0.339851
pandas/core/internals/managers.py::1679,0.339851
pandas/core/internals/managers.py::1680,0.339851
pandas/core/internals/managers.py::1682,0.339851
pandas/core/internals/managers.py::1683,0.339851
pandas/core/internals/managers.py::1685,0.339851
pandas/core/internals/managers.py::1686,0.339851
pandas/core/internals/managers.py::1690,0.339851
pandas/core/internals/managers.py::1694,0.339851
pandas/core/internals/managers.py::1698,0.339851
pandas/core/internals/managers.py::1702,0.339851
pandas/core/internals/managers.py::1706,0.339851
pandas/core/internals/managers.py::1713,0.339851
pandas/core/internals/managers.py::1717,0.339851
pandas/core/internals/managers.py::1721,0.339851
pandas/core/internals/managers.py::1728,0.339851
pandas/core/internals/managers.py::1737,0.339851
pandas/core/internals/managers.py::1745,0.339851
pandas/core/internals/managers.py::1755,0.339851
pandas/core/internals/managers.py::1792,0.339851
pandas/core/internals/managers.py::1793,0.339851
pandas/core/internals/managers.py::1798,0.339851
pandas/core/internals/managers.py::1799,0.339851
pandas/core/internals/managers.py::1804,0.339851
pandas/core/internals/managers.py::1806,0.339851
pandas/core/internals/managers.py::1807,0.339851
pandas/core/internals/managers.py::1809,0.339851
pandas/core/internals/managers.py::1810,0.339851
pandas/core/internals/managers.py::1811,0.339851
pandas/core/internals/managers.py::1813,0.339851
pandas/core/internals/managers.py::918,0.339851
pandas/core/internals/managers.py::920,0.339851
pandas/core/internals/managers.py::921,0.339851
pandas/core/internals/managers.py::932,0.339851
pandas/core/construction.py::527,0.339443
pandas/core/common.py::221,0.339036
pandas/core/dtypes/common.py::1710,0.339036
pandas/core/dtypes/common.py::603,0.339036
pandas/core/dtypes/common.py::604,0.339036
pandas/core/indexes/base.py::400,0.339036
pandas/core/indexes/base.py::402,0.339036
pandas/core/indexes/base.py::405,0.339036
pandas/core/indexes/base.py::407,0.339036
pandas/core/indexes/base.py::410,0.339036
pandas/core/indexes/base.py::419,0.339036
pandas/core/indexes/base.py::420,0.339036
pandas/core/base.py::1050,0.338630
pandas/core/base.py::1054,0.338630
pandas/core/base.py::647,0.338226
pandas/core/indexing.py::1475,0.338226
pandas/core/indexing.py::228,0.338226
pandas/core/indexing.py::814,0.338226
pandas/core/dtypes/common.py::218,0.337423
pandas/core/generic.py::245,0.337423
pandas/core/generic.py::247,0.337423
pandas/core/generic.py::5042,0.337423
pandas/core/generic.py::5045,0.337423
pandas/core/indexes/base.py::1196,0.337423
pandas/core/indexes/base.py::1198,0.337423
pandas/core/indexes/base.py::1203,0.337423
pandas/core/indexes/base.py::1204,0.337423
pandas/core/indexes/base.py::1206,0.337423
pandas/core/indexes/base.py::1266,0.337423
pandas/core/indexes/base.py::1269,0.337423
pandas/core/indexes/base.py::1272,0.337423
pandas/core/indexes/base.py::1275,0.337423
pandas/core/indexes/base.py::1277,0.337423
pandas/core/indexes/base.py::1280,0.337423
pandas/core/indexes/base.py::1283,0.337423
pandas/core/indexes/base.py::1284,0.337423
pandas/core/indexes/base.py::1285,0.337423
pandas/core/indexes/base.py::1286,0.337423
pandas/_testing.py::1210,0.337023
pandas/_testing.py::705,0.337023
pandas/_testing.py::767,0.337023
pandas/_testing.py::775,0.337023
pandas/_testing.py::776,0.337023
pandas/_testing.py::780,0.337023
pandas/_testing.py::783,0.337023
pandas/_testing.py::784,0.337023
pandas/core/dtypes/inference.py::68,0.337023
pandas/core/dtypes/missing.py::473,0.337023
pandas/core/generic.py::5041,0.337023
pandas/core/generic.py::5048,0.337023
pandas/core/groupby/groupby.py::2470,0.337023
pandas/core/groupby/groupby.py::2471,0.337023
pandas/core/groupby/groupby.py::2473,0.337023
pandas/core/indexes/frozen.py::77,0.337023
pandas/core/indexes/frozen.py::78,0.337023
pandas/core/indexes/frozen.py::79,0.337023
pandas/_testing.py::1116,0.336625
pandas/_testing.py::1119,0.336625
pandas/_testing.py::1121,0.336625
pandas/_testing.py::1124,0.336625
pandas/_testing.py::1128,0.336625
pandas/_testing.py::1134,0.336625
pandas/_testing.py::1135,0.336625
pandas/_testing.py::1136,0.336625
pandas/_testing.py::1137,0.336625
pandas/_testing.py::1138,0.336625
pandas/_testing.py::1139,0.336625
pandas/_testing.py::1140,0.336625
pandas/_testing.py::1141,0.336625
pandas/_testing.py::1142,0.336625
pandas/_testing.py::1145,0.336625
pandas/_testing.py::1150,0.336625
pandas/_testing.py::1156,0.336625
pandas/_testing.py::1158,0.336625
pandas/_testing.py::1165,0.336625
pandas/_testing.py::1185,0.336625
pandas/_testing.py::1187,0.336625
pandas/_testing.py::1193,0.336625
pandas/_testing.py::1200,0.336625
pandas/_testing.py::1201,0.336625
pandas/_testing.py::1202,0.336625
pandas/_testing.py::1203,0.336625
pandas/_testing.py::1204,0.336625
pandas/_testing.py::1205,0.336625
pandas/_testing.py::1209,0.336625
pandas/_testing.py::1212,0.336625
pandas/_testing.py::1213,0.336625
pandas/_testing.py::382,0.336625
pandas/_testing.py::384,0.336625
pandas/_testing.py::388,0.336625
pandas/_testing.py::619,0.336625
pandas/_testing.py::621,0.336625
pandas/_testing.py::622,0.336625
pandas/_testing.py::623,0.336625
pandas/_testing.py::626,0.336625
pandas/_testing.py::627,0.336625
pandas/_testing.py::630,0.336625
pandas/_testing.py::635,0.336625
pandas/_testing.py::644,0.336625
pandas/_testing.py::647,0.336625
pandas/_testing.py::650,0.336625
pandas/_testing.py::657,0.336625
pandas/_testing.py::664,0.336625
pandas/_testing.py::687,0.336625
pandas/_testing.py::693,0.336625
pandas/_testing.py::694,0.336625
pandas/_testing.py::695,0.336625
pandas/_testing.py::696,0.336625
pandas/_testing.py::697,0.336625
pandas/_testing.py::698,0.336625
pandas/_testing.py::699,0.336625
pandas/_testing.py::700,0.336625
pandas/_testing.py::704,0.336625
pandas/_testing.py::706,0.336625
pandas/_testing.py::708,0.336625
pandas/_testing.py::711,0.336625
pandas/_testing.py::712,0.336625
pandas/_testing.py::720,0.336625
pandas/_testing.py::722,0.336625
pandas/_testing.py::732,0.336625
pandas/_testing.py::733,0.336625
pandas/_testing.py::759,0.336625
pandas/_testing.py::761,0.336625
pandas/_testing.py::762,0.336625
pandas/_testing.py::764,0.336625
pandas/_testing.py::765,0.336625
pandas/core/groupby/ops.py::285,0.336625
pandas/core/groupby/ops.py::286,0.336625
pandas/core/indexes/base.py::393,0.336625
pandas/core/indexes/base.py::395,0.336625
pandas/core/indexes/base.py::398,0.336625
pandas/core/indexes/base.py::5634,0.336625
pandas/core/indexes/base.py::5676,0.336625
pandas/core/indexes/base.py::5683,0.336625
pandas/core/indexes/base.py::5686,0.336625
pandas/core/indexes/base.py::5707,0.336625
pandas/core/internals/blocks.py::216,0.336625
pandas/core/internals/managers.py::1528,0.336625
pandas/core/series.py::525,0.336625
pandas/core/groupby/groupby.py::575,0.336228
pandas/core/indexes/base.py::4237,0.336228
pandas/core/internals/blocks.py::3009,0.336228
pandas/core/internals/blocks.py::3012,0.336228
pandas/core/internals/blocks.py::3014,0.336228
pandas/core/dtypes/base.py::295,0.335832
pandas/core/groupby/grouper.py::576,0.335832
pandas/core/indexes/base.py::1615,0.335832
pandas/core/indexes/base.py::557,0.335832
pandas/core/internals/blocks.py::240,0.335832
pandas/core/internals/managers.py::1532,0.335832
pandas/core/series.py::541,0.335832
pandas/core/algorithms.py::641,0.335438
pandas/core/dtypes/missing.py::441,0.335438
pandas/core/groupby/groupby.py::574,0.335438
pandas/core/indexes/base.py::5564,0.335438
pandas/core/indexes/base.py::5566,0.335438
pandas/core/algorithms.py::1980,0.335045
pandas/core/algorithms.py::1985,0.335045
pandas/core/algorithms.py::1990,0.335045
pandas/core/algorithms.py::1997,0.335045
pandas/core/algorithms.py::1999,0.335045
pandas/core/algorithms.py::2000,0.335045
pandas/core/algorithms.py::2005,0.335045
pandas/core/algorithms.py::2006,0.335045
pandas/core/algorithms.py::2007,0.335045
pandas/core/algorithms.py::2014,0.335045
pandas/core/algorithms.py::2017,0.335045
pandas/core/algorithms.py::2022,0.335045
pandas/core/algorithms.py::2024,0.335045
pandas/core/algorithms.py::2026,0.335045
pandas/core/algorithms.py::2029,0.335045
pandas/core/algorithms.py::2036,0.335045
pandas/core/algorithms.py::2038,0.335045
pandas/core/algorithms.py::2039,0.335045
pandas/core/algorithms.py::2040,0.335045
pandas/core/algorithms.py::2043,0.335045
pandas/core/algorithms.py::2055,0.335045
pandas/core/algorithms.py::2058,0.335045
pandas/core/algorithms.py::632,0.335045
pandas/core/algorithms.py::633,0.335045
pandas/core/common.py::181,0.335045
pandas/core/common.py::215,0.335045
pandas/core/common.py::217,0.335045
pandas/core/common.py::220,0.335045
pandas/core/common.py::223,0.335045
pandas/core/common.py::225,0.335045
pandas/core/common.py::228,0.335045
pandas/core/common.py::233,0.335045
pandas/core/construction.py::395,0.335045
pandas/core/construction.py::398,0.335045
pandas/core/construction.py::408,0.335045
pandas/core/construction.py::411,0.335045
pandas/core/construction.py::452,0.335045
pandas/core/construction.py::471,0.335045
pandas/core/construction.py::472,0.335045
pandas/core/construction.py::475,0.335045
pandas/core/construction.py::486,0.335045
pandas/core/construction.py::489,0.335045
pandas/core/construction.py::498,0.335045
pandas/core/construction.py::503,0.335045
pandas/core/dtypes/cast.py::1220,0.335045
pandas/core/dtypes/cast.py::1221,0.335045
pandas/core/dtypes/cast.py::1223,0.335045
pandas/core/dtypes/cast.py::1346,0.335045
pandas/core/dtypes/cast.py::1483,0.335045
pandas/core/dtypes/cast.py::1484,0.335045
pandas/core/dtypes/cast.py::1485,0.335045
pandas/core/dtypes/common.py::196,0.335045
pandas/core/dtypes/common.py::198,0.335045
pandas/core/dtypes/common.py::199,0.335045
pandas/core/dtypes/common.py::200,0.335045
pandas/core/dtypes/common.py::203,0.335045
pandas/core/generic.py::1732,0.335045
pandas/core/indexes/base.py::366,0.335045
pandas/core/indexes/base.py::367,0.335045
pandas/core/indexes/base.py::376,0.335045
pandas/core/indexes/base.py::379,0.335045
pandas/core/indexes/base.py::383,0.335045
pandas/core/indexes/base.py::386,0.335045
pandas/core/indexes/base.py::387,0.335045
pandas/core/indexes/base.py::388,0.335045
pandas/core/indexes/base.py::389,0.335045
pandas/core/indexes/base.py::390,0.335045
pandas/core/indexes/base.py::5605,0.335045
pandas/core/indexes/base.py::5627,0.335045
pandas/core/indexes/base.py::5636,0.335045
pandas/core/indexes/base.py::5654,0.335045
pandas/core/indexes/base.py::5661,0.335045
pandas/core/indexes/base.py::5663,0.335045
pandas/core/indexes/base.py::5672,0.335045
pandas/core/indexes/range.py::102,0.335045
pandas/core/indexes/range.py::104,0.335045
pandas/core/indexes/range.py::107,0.335045
pandas/core/indexes/range.py::109,0.335045
pandas/core/indexes/range.py::110,0.335045
pandas/core/indexes/range.py::113,0.335045
pandas/core/indexes/range.py::114,0.335045
pandas/core/indexes/range.py::136,0.335045
pandas/core/indexes/range.py::138,0.335045
pandas/core/indexes/range.py::140,0.335045
pandas/core/indexes/range.py::141,0.335045
pandas/core/indexes/range.py::143,0.335045
pandas/core/indexes/range.py::144,0.335045
pandas/core/indexes/range.py::679,0.335045
pandas/core/indexes/range.py::90,0.335045
pandas/core/indexes/range.py::91,0.335045
pandas/core/indexes/range.py::94,0.335045
pandas/core/indexes/range.py::99,0.335045
pandas/core/series.py::563,0.335045
pandas/core/frame.py::536,0.334654
pandas/core/frame.py::5605,0.334654
pandas/core/frame.py::5607,0.334654
pandas/core/frame.py::5609,0.334654
pandas/core/frame.py::5611,0.334654
pandas/core/frame.py::5612,0.334654
pandas/core/frame.py::5613,0.334654
pandas/core/frame.py::5614,0.334654
pandas/core/frame.py::5615,0.334654
pandas/core/frame.py::5616,0.334654
pandas/core/frame.py::5617,0.334654
pandas/core/frame.py::5618,0.334654
pandas/core/frame.py::5619,0.334654
pandas/core/frame.py::5620,0.334654
pandas/core/groupby/grouper.py::409,0.334654
pandas/core/groupby/grouper.py::411,0.334654
pandas/core/groupby/grouper.py::415,0.334654
pandas/core/groupby/grouper.py::416,0.334654
pandas/core/groupby/grouper.py::417,0.334654
pandas/core/groupby/grouper.py::418,0.334654
pandas/core/internals/managers.py::294,0.334654
pandas/core/algorithms.py::478,0.334264
pandas/core/algorithms.py::480,0.334264
pandas/core/algorithms.py::481,0.334264
pandas/core/algorithms.py::483,0.334264
pandas/core/algorithms.py::484,0.334264
pandas/core/algorithms.py::612,0.334264
pandas/core/algorithms.py::613,0.334264
pandas/core/algorithms.py::615,0.334264
pandas/core/algorithms.py::620,0.334264
pandas/core/algorithms.py::622,0.334264
pandas/core/algorithms.py::625,0.334264
pandas/core/algorithms.py::627,0.334264
pandas/core/algorithms.py::628,0.334264
pandas/core/algorithms.py::631,0.334264
pandas/core/algorithms.py::636,0.334264
pandas/core/algorithms.py::639,0.334264
pandas/core/algorithms.py::646,0.334264
pandas/core/dtypes/missing.py::433,0.334264
pandas/core/dtypes/missing.py::436,0.334264
pandas/core/generic.py::442,0.334264
pandas/util/_decorators.py::269,0.334264
pandas/core/algorithms.py::1609,0.333875
pandas/core/algorithms.py::1610,0.333875
pandas/core/arrays/sparse/dtype.py::212,0.333875
pandas/core/arrays/sparse/dtype.py::216,0.333875
pandas/core/arrays/sparse/dtype.py::217,0.333875
pandas/core/arrays/sparse/dtype.py::235,0.333875
pandas/core/dtypes/base.py::243,0.333875
pandas/core/dtypes/base.py::249,0.333875
pandas/core/dtypes/base.py::250,0.333875
pandas/core/dtypes/base.py::251,0.333875
pandas/core/dtypes/cast.py::371,0.333875
pandas/core/dtypes/cast.py::377,0.333875
pandas/core/dtypes/cast.py::395,0.333875
pandas/core/dtypes/cast.py::406,0.333875
pandas/core/dtypes/cast.py::425,0.333875
pandas/core/dtypes/cast.py::436,0.333875
pandas/core/dtypes/cast.py::439,0.333875
pandas/core/dtypes/cast.py::456,0.333875
pandas/core/dtypes/cast.py::460,0.333875
pandas/core/dtypes/cast.py::461,0.333875
pandas/core/dtypes/cast.py::464,0.333875
pandas/core/dtypes/cast.py::465,0.333875
pandas/core/dtypes/cast.py::502,0.333875
pandas/core/dtypes/cast.py::504,0.333875
pandas/core/dtypes/cast.py::507,0.333875
pandas/core/dtypes/cast.py::508,0.333875
pandas/core/dtypes/cast.py::528,0.333875
pandas/core/dtypes/cast.py::530,0.333875
pandas/core/dtypes/cast.py::532,0.333875
pandas/core/dtypes/cast.py::536,0.333875
pandas/core/dtypes/dtypes.py::100,0.333875
pandas/core/dtypes/dtypes.py::101,0.333875
pandas/core/dtypes/dtypes.py::102,0.333875
pandas/core/dtypes/dtypes.py::103,0.333875
pandas/core/dtypes/dtypes.py::105,0.333875
pandas/core/dtypes/dtypes.py::1088,0.333875
pandas/core/dtypes/dtypes.py::1093,0.333875
pandas/core/dtypes/dtypes.py::1097,0.333875
pandas/core/dtypes/dtypes.py::1102,0.333875
pandas/core/dtypes/dtypes.py::363,0.333875
pandas/core/dtypes/dtypes.py::367,0.333875
pandas/core/dtypes/dtypes.py::368,0.333875
pandas/core/dtypes/dtypes.py::742,0.333875
pandas/core/dtypes/dtypes.py::747,0.333875
pandas/core/dtypes/dtypes.py::748,0.333875
pandas/core/dtypes/dtypes.py::749,0.333875
pandas/core/dtypes/dtypes.py::759,0.333875
pandas/core/dtypes/dtypes.py::885,0.333875
pandas/core/dtypes/dtypes.py::886,0.333875
pandas/core/dtypes/dtypes.py::887,0.333875
pandas/core/dtypes/dtypes.py::895,0.333875
pandas/core/dtypes/dtypes.py::896,0.333875
pandas/core/dtypes/dtypes.py::899,0.333875
pandas/core/dtypes/dtypes.py::99,0.333875
pandas/core/frame.py::2795,0.333875
pandas/core/frame.py::2796,0.333875
pandas/core/frame.py::428,0.333875
pandas/core/frame.py::430,0.333875
pandas/core/frame.py::433,0.333875
pandas/core/frame.py::436,0.333875
pandas/core/frame.py::440,0.333875
pandas/core/frame.py::517,0.333875
pandas/core/generic.py::3095,0.333875
pandas/core/generic.py::5087,0.333875
pandas/core/groupby/ops.py::233,0.333875
pandas/core/internals/blocks.py::149,0.333875
pandas/core/internals/blocks.py::329,0.333875
pandas/core/internals/blocks.py::337,0.333875
pandas/core/internals/blocks.py::340,0.333875
pandas/core/internals/blocks.py::341,0.333875
pandas/core/internals/blocks.py::358,0.333875
pandas/core/internals/managers.py::130,0.333875
pandas/core/internals/managers.py::131,0.333875
pandas/core/internals/managers.py::133,0.333875
pandas/core/internals/managers.py::134,0.333875
pandas/core/internals/managers.py::140,0.333875
pandas/core/internals/managers.py::141,0.333875
pandas/core/internals/managers.py::143,0.333875
pandas/core/internals/managers.py::145,0.333875
pandas/core/internals/managers.py::167,0.333875
pandas/core/internals/managers.py::171,0.333875
pandas/core/internals/managers.py::218,0.333875
pandas/core/internals/managers.py::219,0.333875
pandas/core/internals/managers.py::220,0.333875
pandas/core/internals/managers.py::221,0.333875
pandas/core/internals/managers.py::223,0.333875
pandas/core/internals/managers.py::224,0.333875
pandas/core/internals/managers.py::225,0.333875
pandas/core/internals/managers.py::226,0.333875
pandas/core/internals/managers.py::228,0.333875
pandas/core/internals/managers.py::231,0.333875
pandas/core/internals/managers.py::232,0.333875
pandas/core/internals/managers.py::309,0.333875
pandas/core/internals/managers.py::310,0.333875
pandas/core/internals/managers.py::311,0.333875
pandas/core/internals/managers.py::312,0.333875
pandas/core/internals/managers.py::314,0.333875
pandas/core/internals/managers.py::629,0.333875
pandas/core/internals/managers.py::631,0.333875
pandas/core/internals/managers.py::634,0.333875
pandas/core/internals/managers.py::635,0.333875
pandas/core/internals/managers.py::636,0.333875
pandas/core/internals/managers.py::908,0.333875
pandas/core/internals/managers.py::947,0.333875
pandas/core/internals/managers.py::948,0.333875
pandas/core/internals/managers.py::951,0.333875
pandas/core/internals/managers.py::952,0.333875
pandas/core/internals/managers.py::953,0.333875
pandas/core/internals/managers.py::955,0.333875
pandas/core/internals/managers.py::956,0.333875
pandas/core/algorithms.py::1430,0.333488
pandas/core/algorithms.py::1431,0.333488
pandas/core/algorithms.py::1432,0.333488
pandas/core/algorithms.py::1433,0.333488
pandas/core/algorithms.py::1439,0.333488
pandas/core/algorithms.py::1440,0.333488
pandas/core/algorithms.py::1590,0.333488
pandas/core/algorithms.py::1592,0.333488
pandas/core/algorithms.py::1595,0.333488
pandas/core/algorithms.py::1596,0.333488
pandas/core/algorithms.py::1598,0.333488
pandas/core/algorithms.py::1602,0.333488
pandas/core/algorithms.py::1603,0.333488
pandas/core/algorithms.py::1624,0.333488
pandas/core/algorithms.py::1625,0.333488
pandas/core/algorithms.py::1629,0.333488
pandas/core/algorithms.py::1637,0.333488
pandas/core/algorithms.py::1638,0.333488
pandas/core/algorithms.py::1639,0.333488
pandas/core/algorithms.py::1640,0.333488
pandas/core/algorithms.py::1641,0.333488
pandas/core/algorithms.py::1646,0.333488
pandas/core/algorithms.py::1650,0.333488
pandas/core/algorithms.py::1651,0.333488
pandas/core/algorithms.py::1653,0.333488
pandas/core/algorithms.py::1655,0.333488
pandas/core/algorithms.py::1657,0.333488
pandas/core/dtypes/common.py::701,0.333488
pandas/core/dtypes/common.py::702,0.333488
pandas/core/dtypes/common.py::703,0.333488
pandas/core/dtypes/common.py::704,0.333488
pandas/core/groupby/grouper.py::535,0.333488
pandas/core/indexes/base.py::4110,0.333488
pandas/core/indexes/base.py::4111,0.333488
pandas/core/algorithms.py::246,0.333102
pandas/core/algorithms.py::249,0.333102
pandas/core/algorithms.py::250,0.333102
pandas/core/algorithms.py::254,0.333102
pandas/core/algorithms.py::256,0.333102
pandas/core/algorithms.py::257,0.333102
pandas/core/algorithms.py::259,0.333102
pandas/core/dtypes/common.py::1122,0.333102
pandas/core/dtypes/common.py::1293,0.333102
pandas/core/dtypes/common.py::1296,0.333102
pandas/core/dtypes/common.py::1635,0.333102
pandas/core/dtypes/common.py::1637,0.333102
pandas/core/dtypes/common.py::1638,0.333102
pandas/core/dtypes/common.py::1641,0.333102
pandas/core/dtypes/common.py::1668,0.333102
pandas/core/dtypes/common.py::596,0.333102
pandas/core/dtypes/common.py::597,0.333102
pandas/core/dtypes/common.py::599,0.333102
pandas/core/dtypes/common.py::606,0.333102
pandas/core/groupby/grouper.py::391,0.333102
pandas/core/groupby/grouper.py::393,0.333102
pandas/core/groupby/grouper.py::403,0.333102
pandas/core/groupby/grouper.py::405,0.333102
pandas/core/groupby/grouper.py::406,0.333102
pandas/core/groupby/ops.py::102,0.333102
pandas/core/groupby/ops.py::225,0.333102
pandas/core/groupby/ops.py::264,0.333102
pandas/core/groupby/ops.py::266,0.333102
pandas/core/groupby/ops.py::267,0.333102
pandas/core/groupby/ops.py::268,0.333102
pandas/core/groupby/ops.py::280,0.333102
pandas/core/groupby/ops.py::281,0.333102
pandas/core/indexes/numeric.py::163,0.333102
pandas/core/algorithms.py::184,0.332717
pandas/core/algorithms.py::186,0.332717
pandas/core/algorithms.py::192,0.332717
pandas/core/algorithms.py::193,0.332717
pandas/core/algorithms.py::195,0.332717
pandas/core/algorithms.py::198,0.332717
pandas/core/algorithms.py::200,0.332717
pandas/core/algorithms.py::207,0.332717
pandas/core/algorithms.py::215,0.332717
pandas/core/algorithms.py::275,0.332717
pandas/core/algorithms.py::276,0.332717
pandas/core/algorithms.py::283,0.332717
pandas/core/algorithms.py::89,0.332717
pandas/core/algorithms.py::91,0.332717
pandas/core/dtypes/base.py::290,0.332717
pandas/core/dtypes/common.py::1835,0.332717
pandas/core/dtypes/common.py::1836,0.332717
pandas/core/dtypes/common.py::1841,0.332717
pandas/core/dtypes/common.py::1842,0.332717
pandas/core/dtypes/common.py::1852,0.332717
pandas/core/dtypes/inference.py::214,0.332717
pandas/core/groupby/grouper.py::363,0.332717
pandas/core/indexes/base.py::1148,0.332717
pandas/core/indexes/base.py::1154,0.332717
pandas/core/indexes/base.py::1155,0.332717
pandas/core/indexes/base.py::4106,0.332717
pandas/core/indexes/base.py::4107,0.332717
pandas/core/indexes/base.py::4109,0.332717
pandas/core/indexes/numeric.py::83,0.332717
pandas/core/indexes/numeric.py::84,0.332717
pandas/core/base.py::876,0.332334
pandas/core/base.py::881,0.332334
pandas/core/common.py::335,0.332334
pandas/core/common.py::338,0.332334
pandas/core/dtypes/base.py::286,0.332334
pandas/core/dtypes/base.py::288,0.332334
pandas/core/dtypes/missing.py::136,0.332334
pandas/core/groupby/grouper.py::290,0.332334
pandas/core/groupby/grouper.py::302,0.332334
pandas/core/groupby/grouper.py::305,0.332334
pandas/core/groupby/grouper.py::309,0.332334
pandas/core/groupby/grouper.py::335,0.332334
pandas/core/groupby/grouper.py::339,0.332334
pandas/core/groupby/grouper.py::340,0.332334
pandas/core/groupby/grouper.py::515,0.332334
pandas/core/groupby/grouper.py::518,0.332334
pandas/core/groupby/grouper.py::526,0.332334
pandas/core/groupby/grouper.py::527,0.332334
pandas/core/groupby/grouper.py::528,0.332334
pandas/core/groupby/grouper.py::529,0.332334
pandas/core/groupby/grouper.py::534,0.332334
pandas/core/groupby/grouper.py::551,0.332334
pandas/core/groupby/grouper.py::556,0.332334
pandas/core/groupby/grouper.py::558,0.332334
pandas/core/groupby/grouper.py::559,0.332334
pandas/core/groupby/grouper.py::562,0.332334
pandas/core/groupby/grouper.py::563,0.332334
pandas/core/groupby/grouper.py::574,0.332334
pandas/core/groupby/grouper.py::575,0.332334
pandas/core/groupby/grouper.py::582,0.332334
pandas/core/groupby/grouper.py::584,0.332334
pandas/core/groupby/grouper.py::588,0.332334
pandas/core/groupby/grouper.py::605,0.332334
pandas/core/groupby/grouper.py::624,0.332334
pandas/core/groupby/grouper.py::628,0.332334
pandas/core/groupby/grouper.py::630,0.332334
pandas/core/groupby/grouper.py::632,0.332334
pandas/core/groupby/grouper.py::636,0.332334
pandas/core/groupby/grouper.py::637,0.332334
pandas/core/groupby/grouper.py::641,0.332334
pandas/core/groupby/ops.py::90,0.332334
pandas/core/groupby/ops.py::92,0.332334
pandas/core/groupby/ops.py::93,0.332334
pandas/core/groupby/ops.py::94,0.332334
pandas/core/groupby/ops.py::95,0.332334
pandas/core/groupby/ops.py::96,0.332334
pandas/core/groupby/ops.py::97,0.332334
pandas/core/groupby/ops.py::98,0.332334
pandas/core/indexes/base.py::1347,0.332334
pandas/core/indexes/base.py::575,0.332334
pandas/core/indexes/base.py::576,0.332334
pandas/core/internals/blocks.py::277,0.332334
pandas/core/internals/blocks.py::279,0.332334
pandas/core/internals/blocks.py::281,0.332334
pandas/core/internals/blocks.py::3038,0.332334
pandas/core/internals/managers.py::1510,0.332334
pandas/core/series.py::209,0.332334
pandas/core/series.py::211,0.332334
pandas/core/series.py::213,0.332334
pandas/core/series.py::428,0.332334
pandas/core/common.py::158,0.331952
pandas/core/common.py::160,0.331952
pandas/core/construction.py::379,0.331952
pandas/core/construction.py::382,0.331952
pandas/core/construction.py::385,0.331952
pandas/core/dtypes/base.py::278,0.331952
pandas/core/dtypes/base.py::280,0.331952
pandas/core/dtypes/base.py::285,0.331952
pandas/core/dtypes/common.py::1004,0.331952
pandas/core/dtypes/common.py::1005,0.331952
pandas/core/dtypes/common.py::1006,0.331952
pandas/core/dtypes/common.py::1406,0.331952
pandas/core/dtypes/common.py::1449,0.331952
pandas/core/dtypes/common.py::1451,0.331952
pandas/core/dtypes/common.py::1452,0.331952
pandas/core/dtypes/common.py::1456,0.331952
pandas/core/dtypes/common.py::1460,0.331952
pandas/core/dtypes/common.py::1467,0.331952
pandas/core/dtypes/common.py::1471,0.331952
pandas/core/dtypes/common.py::1584,0.331952
pandas/core/dtypes/common.py::1585,0.331952
pandas/core/dtypes/common.py::1663,0.331952
pandas/core/dtypes/common.py::1667,0.331952
pandas/core/dtypes/common.py::1669,0.331952
pandas/core/dtypes/common.py::1673,0.331952
pandas/core/dtypes/common.py::1674,0.331952
pandas/core/dtypes/common.py::1676,0.331952
pandas/core/dtypes/common.py::1693,0.331952
pandas/core/dtypes/common.py::1694,0.331952
pandas/core/dtypes/common.py::1697,0.331952
pandas/core/dtypes/common.py::1698,0.331952
pandas/core/dtypes/common.py::1699,0.331952
pandas/core/dtypes/common.py::1705,0.331952
pandas/core/dtypes/common.py::1706,0.331952
pandas/core/dtypes/common.py::1709,0.331952
pandas/core/dtypes/common.py::1712,0.331952
pandas/core/dtypes/common.py::1713,0.331952
pandas/core/dtypes/common.py::1720,0.331952
pandas/core/dtypes/common.py::1829,0.331952
pandas/core/dtypes/common.py::1831,0.331952
pandas/core/dtypes/common.py::1832,0.331952
pandas/core/dtypes/common.py::208,0.331952
pandas/core/dtypes/common.py::216,0.331952
pandas/core/dtypes/common.py::217,0.331952
pandas/core/dtypes/common.py::249,0.331952
pandas/core/dtypes/common.py::294,0.331952
pandas/core/dtypes/common.py::296,0.331952
pandas/core/dtypes/common.py::297,0.331952
pandas/core/dtypes/common.py::367,0.331952
pandas/core/dtypes/common.py::397,0.331952
pandas/core/dtypes/common.py::432,0.331952
pandas/core/dtypes/common.py::434,0.331952
pandas/core/dtypes/common.py::464,0.331952
pandas/core/dtypes/common.py::495,0.331952
pandas/core/dtypes/common.py::496,0.331952
pandas/core/dtypes/common.py::497,0.331952
pandas/core/dtypes/common.py::530,0.331952
pandas/core/dtypes/common.py::531,0.331952
pandas/core/dtypes/common.py::532,0.331952
pandas/core/dtypes/common.py::562,0.331952
pandas/core/dtypes/common.py::563,0.331952
pandas/core/dtypes/common.py::564,0.331952
pandas/core/dtypes/common.py::813,0.331952
pandas/core/dtypes/common.py::869,0.331952
pandas/core/dtypes/common.py::916,0.331952
pandas/core/dtypes/common.py::917,0.331952
pandas/core/dtypes/dtypes.py::1142,0.331952
pandas/core/dtypes/dtypes.py::1153,0.331952
pandas/core/dtypes/dtypes.py::90,0.331952
pandas/core/dtypes/dtypes.py::91,0.331952
pandas/core/dtypes/dtypes.py::92,0.331952
pandas/core/dtypes/dtypes.py::93,0.331952
pandas/core/dtypes/dtypes.py::934,0.331952
pandas/core/dtypes/dtypes.py::94,0.331952
pandas/core/dtypes/dtypes.py::947,0.331952
pandas/core/dtypes/dtypes.py::97,0.331952
pandas/core/dtypes/generic.py::12,0.331952
pandas/core/dtypes/inference.py::352,0.331952
pandas/core/dtypes/inference.py::353,0.331952
pandas/core/dtypes/inference.py::357,0.331952
pandas/core/dtypes/missing.py::127,0.331952
pandas/core/dtypes/missing.py::135,0.331952
pandas/core/generic.py::207,0.331952
pandas/core/generic.py::208,0.331952
pandas/core/generic.py::209,0.331952
pandas/core/generic.py::210,0.331952
pandas/core/generic.py::211,0.331952
pandas/core/generic.py::214,0.331952
pandas/core/generic.py::347,0.331952
pandas/core/generic.py::348,0.331952
pandas/core/generic.py::349,0.331952
pandas/core/generic.py::350,0.331952
pandas/core/generic.py::360,0.331952
pandas/core/generic.py::361,0.331952
pandas/core/generic.py::365,0.331952
pandas/core/generic.py::366,0.331952
pandas/core/generic.py::372,0.331952
pandas/core/generic.py::373,0.331952
pandas/core/generic.py::5059,0.331952
pandas/core/generic.py::5063,0.331952
pandas/core/generic.py::5078,0.331952
pandas/core/generic.py::5079,0.331952
pandas/core/generic.py::5080,0.331952
pandas/core/generic.py::5081,0.331952
pandas/core/generic.py::5082,0.331952
pandas/core/generic.py::5086,0.331952
pandas/core/generic.py::5088,0.331952
pandas/core/generic.py::5089,0.331952
pandas/core/generic.py::5130,0.331952
pandas/core/generic.py::5131,0.331952
pandas/core/generic.py::5132,0.331952
pandas/core/generic.py::5134,0.331952
pandas/core/generic.py::5139,0.331952
pandas/core/generic.py::5140,0.331952
pandas/core/generic.py::5142,0.331952
pandas/core/groupby/groupby.py::378,0.331952
pandas/core/groupby/groupby.py::380,0.331952
pandas/core/groupby/groupby.py::381,0.331952
pandas/core/groupby/groupby.py::383,0.331952
pandas/core/groupby/groupby.py::385,0.331952
pandas/core/groupby/groupby.py::391,0.331952
pandas/core/groupby/groupby.py::392,0.331952
pandas/core/groupby/groupby.py::393,0.331952
pandas/core/groupby/groupby.py::394,0.331952
pandas/core/groupby/groupby.py::395,0.331952
pandas/core/groupby/groupby.py::396,0.331952
pandas/core/groupby/groupby.py::397,0.331952
pandas/core/groupby/groupby.py::399,0.331952
pandas/core/groupby/groupby.py::400,0.331952
pandas/core/groupby/groupby.py::402,0.331952
pandas/core/groupby/groupby.py::403,0.331952
pandas/core/groupby/groupby.py::404,0.331952
pandas/core/groupby/groupby.py::405,0.331952
pandas/core/groupby/groupby.py::406,0.331952
pandas/core/groupby/groupby.py::407,0.331952
pandas/core/groupby/groupby.py::408,0.331952
pandas/core/groupby/groupby.py::409,0.331952
pandas/core/groupby/groupby.py::412,0.331952
pandas/core/groupby/groupby.py::413,0.331952
pandas/core/groupby/groupby.py::414,0.331952
pandas/core/groupby/groupby.py::415,0.331952
pandas/core/groupby/grouper.py::253,0.331952
pandas/core/groupby/grouper.py::254,0.331952
pandas/core/groupby/grouper.py::255,0.331952
pandas/core/groupby/grouper.py::256,0.331952
pandas/core/groupby/grouper.py::257,0.331952
pandas/core/groupby/grouper.py::258,0.331952
pandas/core/groupby/grouper.py::259,0.331952
pandas/core/groupby/grouper.py::260,0.331952
pandas/core/groupby/grouper.py::261,0.331952
pandas/core/groupby/grouper.py::264,0.331952
pandas/core/groupby/grouper.py::267,0.331952
pandas/core/groupby/grouper.py::273,0.331952
pandas/core/groupby/grouper.py::360,0.331952
pandas/core/groupby/grouper.py::361,0.331952
pandas/core/groupby/grouper.py::457,0.331952
pandas/core/groupby/grouper.py::461,0.331952
pandas/core/groupby/grouper.py::507,0.331952
pandas/core/groupby/grouper.py::645,0.331952
pandas/core/groupby/grouper.py::647,0.331952
pandas/core/indexes/base.py::1144,0.331952
pandas/core/indexes/base.py::1178,0.331952
pandas/core/indexes/base.py::288,0.331952
pandas/core/indexes/base.py::290,0.331952
pandas/core/indexes/base.py::292,0.331952
pandas/core/indexes/base.py::297,0.331952
pandas/core/indexes/base.py::299,0.331952
pandas/core/indexes/base.py::303,0.331952
pandas/core/indexes/base.py::310,0.331952
pandas/core/indexes/base.py::317,0.331952
pandas/core/indexes/base.py::318,0.331952
pandas/core/indexes/base.py::319,0.331952
pandas/core/indexes/base.py::326,0.331952
pandas/core/indexes/base.py::332,0.331952
pandas/core/indexes/base.py::339,0.331952
pandas/core/indexes/base.py::352,0.331952
pandas/core/indexes/base.py::354,0.331952
pandas/core/indexes/base.py::360,0.331952
pandas/core/indexes/base.py::370,0.331952
pandas/core/indexes/base.py::372,0.331952
pandas/core/indexes/base.py::374,0.331952
pandas/core/indexes/base.py::3842,0.331952
pandas/core/indexes/base.py::3883,0.331952
pandas/core/indexes/base.py::461,0.331952
pandas/core/indexes/base.py::463,0.331952
pandas/core/indexes/base.py::464,0.331952
pandas/core/indexes/base.py::470,0.331952
pandas/core/indexes/base.py::471,0.331952
pandas/core/indexes/base.py::473,0.331952
pandas/core/indexes/base.py::5501,0.331952
pandas/core/indexes/base.py::5502,0.331952
pandas/core/indexes/base.py::5504,0.331952
pandas/core/indexes/base.py::5573,0.331952
pandas/core/indexes/base.py::5579,0.331952
pandas/core/indexes/base.py::5582,0.331952
pandas/core/indexes/base.py::563,0.331952
pandas/core/indexes/base.py::564,0.331952
pandas/core/indexes/base.py::586,0.331952
pandas/core/indexes/base.py::610,0.331952
pandas/core/internals/blocks.py::117,0.331952
pandas/core/internals/blocks.py::118,0.331952
pandas/core/internals/blocks.py::119,0.331952
pandas/core/internals/blocks.py::121,0.331952
pandas/core/internals/blocks.py::148,0.331952
pandas/core/internals/blocks.py::151,0.331952
pandas/core/internals/blocks.py::156,0.331952
pandas/core/internals/blocks.py::248,0.331952
pandas/core/internals/blocks.py::252,0.331952
pandas/core/internals/blocks.py::253,0.331952
pandas/core/internals/blocks.py::255,0.331952
pandas/core/internals/blocks.py::2990,0.331952
pandas/core/internals/blocks.py::2991,0.331952
pandas/core/internals/blocks.py::2993,0.331952
pandas/core/internals/blocks.py::2996,0.331952
pandas/core/internals/blocks.py::2998,0.331952
pandas/core/internals/blocks.py::3001,0.331952
pandas/core/internals/blocks.py::3003,0.331952
pandas/core/internals/blocks.py::3005,0.331952
pandas/core/internals/blocks.py::3007,0.331952
pandas/core/internals/blocks.py::3020,0.331952
pandas/core/internals/blocks.py::3026,0.331952
pandas/core/internals/blocks.py::3031,0.331952
pandas/core/internals/blocks.py::3034,0.331952
pandas/core/internals/blocks.py::3035,0.331952
pandas/core/internals/blocks.py::3036,0.331952
pandas/core/internals/blocks.py::3043,0.331952
pandas/core/internals/blocks.py::333,0.331952
pandas/core/internals/managers.py::1434,0.331952
pandas/core/internals/managers.py::1442,0.331952
pandas/core/internals/managers.py::1443,0.331952
pandas/core/internals/managers.py::1444,0.331952
pandas/core/internals/managers.py::1472,0.331952
pandas/core/internals/managers.py::1475,0.331952
pandas/core/internals/managers.py::1482,0.331952
pandas/core/internals/managers.py::236,0.331952
pandas/core/internals/managers.py::899,0.331952
pandas/core/internals/managers.py::900,0.331952
pandas/core/series.py::206,0.331952
pandas/core/series.py::327,0.331952
pandas/core/series.py::328,0.331952
pandas/core/series.py::329,0.331952
pandas/core/series.py::398,0.331952
pandas/core/series.py::401,0.331952
pandas/core/series.py::402,0.331952
pandas/core/series.py::414,0.331952
pandas/core/series.py::415,0.331952
pandas/core/series.py::439,0.331952
pandas/core/series.py::443,0.331952
pandas/core/series.py::445,0.331952
pandas/_config/config.py::101,0.331192
pandas/_config/config.py::103,0.331192
pandas/_config/config.py::105,0.331192
pandas/_config/config.py::106,0.331192
pandas/_config/config.py::108,0.331192
pandas/_config/config.py::110,0.331192
pandas/_config/config.py::123,0.331192
pandas/_config/config.py::124,0.331192
pandas/_config/config.py::128,0.331192
pandas/_config/config.py::130,0.331192
pandas/_config/config.py::134,0.331192
pandas/_config/config.py::135,0.331192
pandas/_config/config.py::137,0.331192
pandas/_config/config.py::138,0.331192
pandas/_config/config.py::139,0.331192
pandas/_config/config.py::142,0.331192
pandas/_config/config.py::143,0.331192
pandas/_config/config.py::145,0.331192
pandas/_config/config.py::242,0.331192
pandas/_config/config.py::555,0.331192
pandas/_config/config.py::559,0.331192
pandas/_config/config.py::560,0.331192
pandas/_config/config.py::563,0.331192
pandas/_config/config.py::567,0.331192
pandas/_config/config.py::568,0.331192
pandas/_config/config.py::569,0.331192
pandas/_config/config.py::570,0.331192
pandas/_config/config.py::571,0.331192
pandas/_config/config.py::588,0.331192
pandas/_config/config.py::589,0.331192
pandas/_config/config.py::590,0.331192
pandas/_config/config.py::591,0.331192
pandas/_config/config.py::604,0.331192
pandas/_config/config.py::612,0.331192
pandas/_config/config.py::613,0.331192
pandas/_config/config.py::616,0.331192
pandas/_config/config.py::627,0.331192
pandas/_config/config.py::628,0.331192
pandas/_config/config.py::643,0.331192
pandas/_config/config.py::817,0.331192
pandas/_config/config.py::96,0.331192
pandas/_config/config.py::97,0.331192
pandas/conftest.py::51,0.331192
pandas/conftest.py::54,0.331192
pandas/conftest.py::57,0.331192
pandas/conftest.py::60,0.331192
pandas/conftest.py::63,0.331192
pandas/conftest.py::74,0.331192
pandas/conftest.py::82,0.331192
pandas/conftest.py::83,0.331192
