Entity,Score
pandas/core/base.py::902,0.975610
pandas/core/indexes/base.py::5339,0.975610
pandas/core/indexes/base.py::5340,0.975610
pandas/core/indexes/base.py::5341,0.975610
pandas/core/indexes/base.py::5342,0.975610
pandas/core/indexes/base.py::951,0.975610
pandas/core/indexes/base.py::953,0.975610
pandas/core/indexes/base.py::955,0.975610
pandas/core/indexes/base.py::958,0.975610
pandas/core/indexes/base.py::959,0.975610
pandas/core/indexes/base.py::961,0.975610
pandas/core/indexes/base.py::962,0.975610
pandas/core/indexes/base.py::965,0.975610
pandas/core/indexes/base.py::966,0.975610
pandas/core/indexes/base.py::972,0.975610
pandas/core/indexes/base.py::973,0.975610
pandas/core/indexes/multi.py::1104,0.975610
pandas/core/indexes/multi.py::1107,0.975610
pandas/core/indexes/multi.py::1108,0.975610
pandas/core/indexes/multi.py::1109,0.975610
pandas/core/indexes/multi.py::1111,0.975610
pandas/core/indexes/multi.py::1113,0.975610
pandas/core/indexes/multi.py::1116,0.975610
pandas/core/indexes/multi.py::1117,0.975610
pandas/core/indexes/multi.py::1128,0.975610
pandas/core/indexes/multi.py::1130,0.975610
pandas/core/indexes/multi.py::1131,0.975610
pandas/core/indexes/multi.py::1132,0.975610
pandas/core/indexes/multi.py::1134,0.975610
pandas/core/indexes/multi.py::1135,0.975610
pandas/core/indexes/multi.py::1137,0.975610
pandas/core/indexes/multi.py::1138,0.975610
pandas/core/indexes/multi.py::1141,0.975610
pandas/core/indexes/multi.py::1142,0.975610
pandas/core/indexes/multi.py::1144,0.975610
pandas/core/indexes/multi.py::1145,0.975610
pandas/core/indexes/multi.py::1147,0.975610
pandas/core/indexes/multi.py::1148,0.975610
pandas/core/indexes/multi.py::1152,0.975610
pandas/core/indexes/multi.py::1155,0.975610
pandas/core/indexes/multi.py::1156,0.975610
pandas/core/indexes/multi.py::1159,0.975610
pandas/core/indexes/multi.py::1160,0.975610
pandas/core/indexes/multi.py::1162,0.975610
pandas/core/indexes/multi.py::1163,0.975610
pandas/core/indexes/multi.py::3418,0.975610
pandas/core/indexes/multi.py::3419,0.975610
pandas/core/indexes/multi.py::3421,0.975610
pandas/core/indexes/multi.py::3422,0.975610
pandas/core/indexes/multi.py::3424,0.975610
pandas/core/indexes/multi.py::3425,0.975610
pandas/core/indexes/multi.py::3427,0.975610
pandas/core/indexes/multi.py::3428,0.975610
pandas/core/indexes/multi.py::3433,0.975610
pandas/core/indexes/multi.py::3434,0.975610
pandas/core/indexes/multi.py::3436,0.975610
pandas/core/indexes/multi.py::3437,0.975610
pandas/core/indexes/multi.py::3438,0.975610
pandas/core/indexes/multi.py::3440,0.975610
pandas/core/indexes/multi.py::3442,0.975610
pandas/core/indexes/multi.py::3446,0.975610
pandas/core/reshape/reshape.py::339,0.975610
pandas/core/reshape/reshape.py::371,0.975610
pandas/core/reshape/reshape.py::386,0.975610
pandas/core/reshape/reshape.py::410,0.975610
pandas/io/formats/format.py::336,0.975610
pandas/io/formats/format.py::337,0.975610
pandas/io/formats/format.py::384,0.975610
pandas/io/formats/format.py::1145,0.874865
pandas/io/formats/format.py::1439,0.874865
pandas/io/formats/format.py::1440,0.874865
pandas/io/formats/format.py::1441,0.874865
pandas/io/formats/format.py::1138,0.741908
pandas/io/formats/format.py::1140,0.741908
pandas/io/formats/format.py::1142,0.741908
pandas/io/formats/format.py::1144,0.741908
pandas/core/indexes/base.py::937,0.694824
pandas/core/indexes/base.py::938,0.694824
pandas/core/indexes/base.py::945,0.694824
pandas/core/indexes/base.py::948,0.694824
pandas/core/series.py::1316,0.694824
pandas/core/series.py::1317,0.694824
pandas/core/series.py::1320,0.694824
pandas/core/series.py::1321,0.694824
pandas/core/series.py::1325,0.694824
pandas/core/series.py::1326,0.694824
pandas/core/series.py::1328,0.694824
pandas/core/series.py::1330,0.694824
pandas/core/series.py::1331,0.694824
pandas/core/series.py::1332,0.694824
pandas/core/series.py::1333,0.694824
pandas/core/series.py::1334,0.694824
pandas/core/series.py::1335,0.694824
pandas/core/series.py::1336,0.694824
pandas/core/series.py::1338,0.694824
pandas/core/series.py::1340,0.694824
pandas/core/series.py::1390,0.694824
pandas/core/series.py::1391,0.694824
pandas/core/series.py::1392,0.694824
pandas/core/series.py::1393,0.694824
pandas/core/series.py::1394,0.694824
pandas/core/series.py::1395,0.694824
pandas/core/series.py::1396,0.694824
pandas/core/series.py::1397,0.694824
pandas/core/series.py::1398,0.694824
pandas/core/series.py::1399,0.694824
pandas/core/series.py::1400,0.694824
pandas/core/series.py::1402,0.694824
pandas/core/series.py::1405,0.694824
pandas/core/series.py::1411,0.694824
pandas/core/series.py::1414,0.694824
pandas/core/series.py::1415,0.694824
pandas/io/formats/format.py::1134,0.694824
pandas/io/formats/format.py::1136,0.694824
pandas/io/formats/format.py::1149,0.694824
pandas/io/formats/format.py::1150,0.694824
pandas/io/formats/format.py::1152,0.694824
pandas/io/formats/format.py::1153,0.694824
pandas/io/formats/format.py::1155,0.694824
pandas/io/formats/format.py::1156,0.694824
pandas/io/formats/format.py::1158,0.694824
pandas/io/formats/format.py::1159,0.694824
pandas/io/formats/format.py::1160,0.694824
pandas/io/formats/format.py::1161,0.694824
pandas/io/formats/format.py::1162,0.694824
pandas/io/formats/format.py::1163,0.694824
pandas/io/formats/format.py::1164,0.694824
pandas/io/formats/format.py::1165,0.694824
pandas/io/formats/format.py::1166,0.694824
pandas/io/formats/format.py::1167,0.694824
pandas/io/formats/format.py::1170,0.694824
pandas/io/formats/format.py::1188,0.694824
pandas/io/formats/format.py::1189,0.694824
pandas/io/formats/format.py::1190,0.694824
pandas/io/formats/format.py::1191,0.694824
pandas/io/formats/format.py::1192,0.694824
pandas/io/formats/format.py::1193,0.694824
pandas/io/formats/format.py::1194,0.694824
pandas/io/formats/format.py::1195,0.694824
pandas/io/formats/format.py::1196,0.694824
pandas/io/formats/format.py::1197,0.694824
pandas/io/formats/format.py::1198,0.694824
pandas/io/formats/format.py::1201,0.694824
pandas/io/formats/format.py::1202,0.694824
pandas/io/formats/format.py::1736,0.694824
pandas/io/formats/format.py::1739,0.694824
pandas/io/formats/format.py::1740,0.694824
pandas/io/formats/format.py::1742,0.694824
pandas/io/formats/format.py::1744,0.694824
pandas/io/formats/format.py::1747,0.694824
pandas/io/formats/format.py::1748,0.694824
pandas/io/formats/format.py::1751,0.694824
pandas/io/formats/format.py::1752,0.694824
pandas/io/formats/format.py::1753,0.694824
pandas/io/formats/format.py::1755,0.694824
pandas/io/formats/format.py::1757,0.694824
pandas/io/formats/format.py::1758,0.694824
pandas/io/formats/format.py::1759,0.694824
pandas/io/formats/format.py::244,0.694824
pandas/io/formats/format.py::245,0.694824
pandas/io/formats/format.py::246,0.694824
pandas/io/formats/format.py::247,0.694824
pandas/io/formats/format.py::248,0.694824
pandas/io/formats/format.py::249,0.694824
pandas/io/formats/format.py::250,0.694824
pandas/io/formats/format.py::251,0.694824
pandas/io/formats/format.py::252,0.694824
pandas/io/formats/format.py::254,0.694824
pandas/io/formats/format.py::255,0.694824
pandas/io/formats/format.py::256,0.694824
pandas/io/formats/format.py::257,0.694824
pandas/io/formats/format.py::258,0.694824
pandas/io/formats/format.py::260,0.694824
pandas/io/formats/format.py::263,0.694824
pandas/io/formats/format.py::265,0.694824
pandas/io/formats/format.py::267,0.694824
pandas/io/formats/format.py::268,0.694824
pandas/io/formats/format.py::271,0.694824
pandas/io/formats/format.py::272,0.694824
pandas/io/formats/format.py::273,0.694824
pandas/io/formats/format.py::289,0.694824
pandas/io/formats/format.py::290,0.694824
pandas/io/formats/format.py::291,0.694824
pandas/io/formats/format.py::294,0.694824
pandas/io/formats/format.py::295,0.694824
pandas/io/formats/format.py::297,0.694824
pandas/io/formats/format.py::300,0.694824
pandas/io/formats/format.py::309,0.694824
pandas/io/formats/format.py::314,0.694824
pandas/io/formats/format.py::315,0.694824
pandas/io/formats/format.py::316,0.694824
pandas/io/formats/format.py::317,0.694824
pandas/io/formats/format.py::319,0.694824
pandas/io/formats/format.py::323,0.694824
pandas/io/formats/format.py::329,0.694824
pandas/io/formats/format.py::332,0.694824
pandas/io/formats/format.py::333,0.694824
pandas/io/formats/format.py::335,0.694824
pandas/io/formats/format.py::341,0.694824
pandas/io/formats/format.py::344,0.694824
pandas/io/formats/format.py::345,0.694824
pandas/io/formats/format.py::346,0.694824
pandas/io/formats/format.py::347,0.694824
pandas/io/formats/format.py::348,0.694824
pandas/io/formats/format.py::352,0.694824
pandas/io/formats/format.py::353,0.694824
pandas/io/formats/format.py::355,0.694824
pandas/io/formats/format.py::360,0.694824
pandas/io/formats/format.py::361,0.694824
pandas/io/formats/format.py::363,0.694824
pandas/io/formats/format.py::378,0.694824
pandas/io/formats/format.py::379,0.694824
pandas/io/formats/format.py::383,0.694824
pandas/io/formats/format.py::386,0.694824
pandas/io/formats/format.py::387,0.694824
pandas/io/formats/format.py::389,0.694824
pandas/io/formats/format.py::400,0.694824
pandas/io/formats/format.py::403,0.694824
pandas/io/formats/printing.py::41,0.694824
pandas/io/formats/printing.py::42,0.694824
pandas/io/formats/printing.py::44,0.694824
pandas/io/formats/printing.py::45,0.694824
pandas/io/formats/printing.py::46,0.694824
pandas/io/formats/printing.py::48,0.694824
pandas/io/formats/printing.py::49,0.694824
pandas/io/formats/printing.py::50,0.694824
pandas/io/formats/printing.py::51,0.694824
pandas/io/formats/printing.py::52,0.694824
pandas/io/formats/printing.py::53,0.694824
pandas/io/formats/printing.py::54,0.694824
pandas/io/formats/printing.py::55,0.694824
pandas/io/formats/printing.py::56,0.694824
pandas/io/formats/printing.py::57,0.694824
pandas/io/formats/printing.py::64,0.694824
pandas/io/formats/printing.py::65,0.694824
pandas/io/formats/printing.py::66,0.694824
pandas/io/formats/printing.py::69,0.694824
pandas/io/formats/printing.py::230,0.547113
pandas/io/formats/format.py::397,0.465914
pandas/core/reshape/reshape.py::357,0.421904
pandas/core/reshape/reshape.py::366,0.421904
pandas/core/reshape/reshape.py::367,0.421904
pandas/core/reshape/reshape.py::369,0.421904
pandas/core/reshape/reshape.py::370,0.421904
pandas/core/reshape/reshape.py::374,0.421904
pandas/core/reshape/reshape.py::375,0.421904
pandas/core/reshape/reshape.py::377,0.421904
pandas/core/reshape/reshape.py::378,0.421904
pandas/core/reshape/reshape.py::379,0.421904
pandas/core/reshape/reshape.py::530,0.421904
pandas/core/reshape/reshape.py::531,0.421904
pandas/core/reshape/reshape.py::532,0.421904
pandas/core/reshape/reshape.py::533,0.421904
pandas/core/reshape/reshape.py::534,0.421904
pandas/core/reshape/reshape.py::535,0.421904
pandas/core/reshape/reshape.py::536,0.421904
pandas/core/reshape/reshape.py::322,0.412726
pandas/core/reshape/reshape.py::324,0.412726
pandas/core/reshape/reshape.py::325,0.412726
pandas/core/reshape/reshape.py::326,0.412726
pandas/core/reshape/reshape.py::327,0.412726
pandas/core/reshape/reshape.py::328,0.412726
pandas/core/reshape/reshape.py::329,0.412726
pandas/core/reshape/reshape.py::331,0.412726
pandas/core/reshape/reshape.py::332,0.412726
pandas/core/reshape/reshape.py::334,0.412726
pandas/core/reshape/reshape.py::335,0.412726
pandas/core/reshape/reshape.py::337,0.412726
pandas/core/reshape/reshape.py::348,0.412726
pandas/core/reshape/reshape.py::381,0.412726
pandas/core/reshape/reshape.py::382,0.412726
pandas/core/reshape/reshape.py::385,0.412726
pandas/core/reshape/reshape.py::390,0.412726
pandas/core/sorting.py::167,0.412726
pandas/core/sorting.py::168,0.412726
pandas/core/frame.py::6277,0.404124
pandas/core/frame.py::6279,0.404124
pandas/core/frame.py::6282,0.404124
pandas/core/indexes/base.py::1387,0.404124
pandas/core/indexes/base.py::1392,0.404124
pandas/core/indexes/base.py::1402,0.404124
pandas/core/indexes/base.py::1403,0.404124
pandas/core/reshape/reshape.py::503,0.404124
pandas/core/reshape/reshape.py::504,0.404124
pandas/core/reshape/reshape.py::505,0.404124
pandas/core/reshape/reshape.py::509,0.404124
pandas/core/reshape/reshape.py::512,0.404124
pandas/core/reshape/reshape.py::514,0.404124
pandas/core/reshape/reshape.py::516,0.404124
pandas/core/reshape/reshape.py::539,0.404124
pandas/core/reshape/reshape.py::542,0.404124
pandas/core/reshape/reshape.py::543,0.404124
pandas/core/reshape/reshape.py::545,0.404124
pandas/core/reshape/reshape.py::553,0.404124
pandas/core/reshape/reshape.py::559,0.404124
pandas/core/reshape/reshape.py::564,0.404124
pandas/core/reshape/reshape.py::318,0.396040
pandas/core/reshape/reshape.py::320,0.396040
pandas/core/series.py::396,0.381232
pandas/core/series.py::415,0.381232
pandas/core/indexes/base.py::1386,0.356014
pandas/core/reshape/reshape.py::313,0.350456
pandas/core/reshape/reshape.py::398,0.350456
pandas/io/formats/format.py::394,0.345151
pandas/io/formats/format.py::446,0.345151
pandas/io/formats/format.py::447,0.345151
pandas/io/formats/format.py::450,0.345151
pandas/io/formats/printing.py::194,0.345151
pandas/io/formats/printing.py::195,0.345151
pandas/io/formats/printing.py::196,0.345151
pandas/io/formats/printing.py::197,0.345151
pandas/io/formats/printing.py::204,0.345151
pandas/io/formats/printing.py::206,0.345151
pandas/io/formats/printing.py::207,0.345151
pandas/io/formats/printing.py::208,0.345151
pandas/io/formats/printing.py::209,0.345151
pandas/io/formats/printing.py::211,0.345151
pandas/io/formats/printing.py::213,0.345151
pandas/io/formats/printing.py::219,0.345151
pandas/io/formats/printing.py::227,0.345151
pandas/io/formats/printing.py::232,0.345151
pandas/core/dtypes/inference.py::421,0.299256
pandas/core/dtypes/inference.py::422,0.299256
pandas/core/frame.py::2692,0.286607
pandas/core/frame.py::2695,0.286607
pandas/core/frame.py::2696,0.286607
pandas/core/frame.py::2708,0.286607
pandas/core/frame.py::2709,0.286607
pandas/core/frame.py::2711,0.286607
pandas/core/frame.py::2712,0.286607
pandas/core/frame.py::2715,0.286607
pandas/core/frame.py::585,0.286607
pandas/core/frame.py::588,0.286607
pandas/core/reshape/pivot.py::415,0.286607
pandas/core/dtypes/inference.py::423,0.285924
pandas/core/dtypes/inference.py::424,0.285924
pandas/_config/config.py::102,0.272847
pandas/_config/config.py::105,0.272847
pandas/_config/config.py::106,0.272847
pandas/_config/config.py::542,0.272847
pandas/core/indexes/numeric.py::112,0.267874
pandas/core/dtypes/inference.py::419,0.265487
pandas/core/dtypes/inference.py::420,0.265487
pandas/core/generic.py::5427,0.265487
pandas/core/generic.py::5429,0.265487
pandas/core/internals/managers.py::249,0.265487
pandas/core/internals/managers.py::250,0.265487
pandas/core/indexes/base.py::5484,0.258863
pandas/core/indexes/base.py::5487,0.258863
pandas/core/dtypes/common.py::167,0.256543
pandas/core/dtypes/common.py::168,0.256543
pandas/core/groupby/ops.py::375,0.256543
pandas/core/groupby/ops.py::382,0.256543
pandas/core/groupby/ops.py::384,0.256543
pandas/core/groupby/ops.py::385,0.256543
pandas/core/groupby/ops.py::386,0.256543
pandas/core/groupby/ops.py::412,0.256543
pandas/core/groupby/ops.py::413,0.256543
pandas/core/groupby/ops.py::414,0.256543
pandas/core/groupby/ops.py::415,0.256543
pandas/core/groupby/ops.py::421,0.256543
pandas/core/groupby/ops.py::484,0.256543
pandas/core/groupby/ops.py::487,0.256543
pandas/core/reshape/pivot.py::114,0.254445
pandas/core/reshape/pivot.py::115,0.254445
pandas/core/reshape/pivot.py::423,0.254445
pandas/core/reshape/pivot.py::419,0.252398
pandas/core/series.py::234,0.252398
pandas/core/indexes/base.py::5474,0.251421
pandas/core/reshape/pivot.py::418,0.244677
pandas/core/groupby/groupby.py::2483,0.235956
pandas/core/generic.py::646,0.226630
pandas/core/generic.py::647,0.226630
pandas/core/construction.py::541,0.225181
pandas/core/construction.py::542,0.225181
pandas/core/internals/managers.py::172,0.225181
pandas/core/internals/managers.py::173,0.225181
pandas/core/internals/managers.py::174,0.225181
pandas/core/internals/managers.py::176,0.225181
pandas/core/internals/managers.py::182,0.225181
pandas/core/construction.py::396,0.222364
pandas/core/generic.py::262,0.222364
pandas/core/generic.py::263,0.222364
pandas/core/generic.py::266,0.222364
pandas/core/generic.py::272,0.222364
pandas/core/groupby/groupby.py::1229,0.222364
pandas/core/groupby/groupby.py::1230,0.222364
pandas/core/groupby/groupby.py::1231,0.222364
pandas/compat/numpy/function.py::368,0.218330
pandas/compat/numpy/function.py::371,0.218330
pandas/compat/numpy/function.py::373,0.218330
pandas/core/dtypes/cast.py::227,0.218330
pandas/core/indexes/base.py::740,0.218330
pandas/core/indexes/base.py::745,0.218330
pandas/core/dtypes/cast.py::191,0.217034
pandas/core/dtypes/cast.py::212,0.217034
pandas/core/dtypes/cast.py::217,0.217034
pandas/core/dtypes/cast.py::218,0.217034
pandas/core/dtypes/cast.py::220,0.217034
pandas/core/dtypes/cast.py::221,0.217034
pandas/core/dtypes/cast.py::226,0.217034
pandas/core/dtypes/cast.py::189,0.215760
pandas/core/indexes/multi.py::3112,0.215760
pandas/core/indexes/multi.py::3113,0.215760
pandas/core/indexes/multi.py::3114,0.215760
pandas/core/indexes/multi.py::3115,0.215760
pandas/core/indexes/multi.py::3116,0.215760
pandas/core/indexes/multi.py::3119,0.215760
pandas/core/indexes/multi.py::3120,0.215760
pandas/core/indexes/multi.py::3121,0.215760
pandas/core/indexes/multi.py::3122,0.215760
pandas/core/indexes/multi.py::3130,0.215760
pandas/core/indexes/multi.py::3133,0.215760
pandas/core/indexes/multi.py::3136,0.215760
pandas/core/indexes/numeric.py::111,0.215760
pandas/core/indexing.py::1796,0.215760
pandas/core/indexing.py::1803,0.215760
pandas/core/base.py::273,0.214509
pandas/core/base.py::275,0.214509
pandas/core/base.py::276,0.214509
pandas/core/base.py::277,0.214509
pandas/core/base.py::278,0.214509
pandas/core/base.py::322,0.214509
pandas/core/dtypes/cast.py::200,0.214509
pandas/core/dtypes/cast.py::205,0.214509
pandas/core/dtypes/cast.py::206,0.214509
pandas/core/dtypes/cast.py::208,0.214509
pandas/core/dtypes/cast.py::198,0.213279
pandas/core/reshape/pivot.py::173,0.213279
pandas/core/algorithms.py::93,0.212070
pandas/core/algorithms.py::94,0.212070
pandas/core/algorithms.py::98,0.212070
pandas/core/algorithms.py::99,0.212070
pandas/core/dtypes/cast.py::1150,0.212070
pandas/core/dtypes/cast.py::1153,0.212070
pandas/core/dtypes/cast.py::1154,0.212070
pandas/core/dtypes/cast.py::1155,0.212070
pandas/core/dtypes/cast.py::1157,0.212070
pandas/core/dtypes/cast.py::1236,0.212070
pandas/core/dtypes/common.py::1475,0.212070
pandas/core/indexes/multi.py::981,0.210882
pandas/core/indexes/multi.py::982,0.210882
pandas/core/reshape/pivot.py::172,0.210882
pandas/core/indexes/numeric.py::109,0.209713
pandas/core/groupby/groupby.py::2479,0.208564
pandas/core/groupby/groupby.py::2480,0.208564
pandas/core/groupby/groupby.py::2481,0.208564
pandas/core/groupby/grouper.py::393,0.208564
pandas/core/indexes/base.py::539,0.208564
pandas/core/indexes/base.py::540,0.208564
pandas/core/indexes/base.py::541,0.208564
pandas/core/indexes/base.py::542,0.208564
pandas/core/indexes/base.py::544,0.208564
pandas/core/indexes/base.py::549,0.208564
pandas/core/indexes/numeric.py::74,0.207433
pandas/core/reshape/pivot.py::131,0.206321
pandas/core/generic.py::3259,0.205226
pandas/core/groupby/generic.py::1017,0.205226
pandas/core/groupby/groupby.py::2475,0.205226
pandas/core/groupby/ops.py::444,0.205226
pandas/core/groupby/ops.py::501,0.205226
pandas/core/groupby/ops.py::502,0.205226
pandas/core/groupby/ops.py::503,0.205226
pandas/core/groupby/ops.py::504,0.205226
pandas/core/groupby/ops.py::505,0.205226
pandas/core/groupby/ops.py::509,0.205226
pandas/core/groupby/ops.py::557,0.205226
pandas/core/internals/managers.py::715,0.205226
pandas/core/internals/managers.py::716,0.205226
pandas/core/internals/managers.py::720,0.205226
pandas/core/internals/managers.py::724,0.205226
pandas/core/internals/managers.py::725,0.205226
pandas/core/internals/managers.py::727,0.205226
pandas/core/internals/managers.py::728,0.205226
pandas/core/internals/managers.py::729,0.205226
pandas/core/internals/managers.py::730,0.205226
pandas/core/internals/managers.py::731,0.205226
pandas/core/internals/managers.py::733,0.205226
pandas/core/internals/managers.py::735,0.205226
pandas/core/internals/managers.py::736,0.205226
pandas/core/internals/managers.py::738,0.205226
pandas/core/algorithms.py::1624,0.204148
pandas/core/groupby/generic.py::1003,0.204148
pandas/core/groupby/generic.py::1004,0.204148
pandas/core/groupby/generic.py::1006,0.204148
pandas/core/groupby/generic.py::1014,0.204148
pandas/core/groupby/generic.py::1016,0.204148
pandas/core/groupby/generic.py::1019,0.204148
pandas/core/groupby/generic.py::1020,0.204148
pandas/core/groupby/generic.py::1021,0.204148
pandas/core/groupby/generic.py::1022,0.204148
pandas/core/groupby/generic.py::1023,0.204148
pandas/core/groupby/generic.py::1025,0.204148
pandas/core/groupby/generic.py::1026,0.204148
pandas/core/groupby/generic.py::1027,0.204148
pandas/core/groupby/generic.py::1028,0.204148
pandas/core/groupby/generic.py::1029,0.204148
pandas/core/groupby/generic.py::1067,0.204148
pandas/core/groupby/generic.py::1069,0.204148
pandas/core/groupby/generic.py::1071,0.204148
pandas/core/groupby/generic.py::1073,0.204148
pandas/core/groupby/generic.py::1087,0.204148
pandas/core/groupby/generic.py::1089,0.204148
pandas/core/groupby/generic.py::1090,0.204148
pandas/core/groupby/generic.py::1092,0.204148
pandas/core/groupby/generic.py::1097,0.204148
pandas/core/groupby/generic.py::1098,0.204148
pandas/core/groupby/generic.py::1100,0.204148
pandas/core/groupby/generic.py::1112,0.204148
pandas/core/groupby/generic.py::1113,0.204148
pandas/core/groupby/generic.py::1114,0.204148
pandas/core/groupby/generic.py::1115,0.204148
pandas/core/groupby/generic.py::1116,0.204148
pandas/core/groupby/generic.py::1118,0.204148
pandas/core/dtypes/missing.py::526,0.203088
pandas/core/frame.py::6099,0.203088
pandas/core/frame.py::6101,0.203088
pandas/core/frame.py::6102,0.203088
pandas/core/frame.py::6103,0.203088
pandas/core/frame.py::6104,0.203088
pandas/core/frame.py::6105,0.203088
pandas/core/frame.py::6106,0.203088
pandas/core/frame.py::6107,0.203088
pandas/core/frame.py::6108,0.203088
pandas/core/frame.py::6109,0.203088
pandas/core/frame.py::6110,0.203088
pandas/core/frame.py::6111,0.203088
pandas/core/groupby/ops.py::370,0.203088
pandas/core/groupby/ops.py::371,0.203088
pandas/core/groupby/ops.py::372,0.203088
pandas/core/groupby/ops.py::373,0.203088
pandas/core/groupby/ops.py::461,0.203088
pandas/core/groupby/ops.py::479,0.203088
pandas/core/groupby/ops.py::481,0.203088
pandas/core/groupby/ops.py::561,0.203088
pandas/core/indexes/multi.py::1944,0.203088
pandas/core/indexes/multi.py::1945,0.203088
pandas/core/indexes/multi.py::1946,0.203088
pandas/core/indexes/multi.py::1947,0.203088
pandas/core/indexes/multi.py::1948,0.203088
pandas/core/indexes/multi.py::1949,0.203088
pandas/core/indexes/multi.py::1950,0.203088
pandas/core/indexes/multi.py::1951,0.203088
pandas/core/indexes/multi.py::1953,0.203088
pandas/core/indexes/multi.py::1954,0.203088
pandas/core/indexes/multi.py::1962,0.203088
pandas/core/indexes/multi.py::1979,0.203088
pandas/core/indexes/multi.py::1980,0.203088
pandas/core/indexes/multi.py::2577,0.203088
pandas/core/indexes/multi.py::2580,0.203088
pandas/core/indexes/multi.py::2643,0.203088
pandas/core/indexes/multi.py::2835,0.203088
pandas/core/indexes/multi.py::2836,0.203088
pandas/core/indexes/multi.py::2838,0.203088
pandas/core/indexes/multi.py::2865,0.203088
pandas/core/indexes/multi.py::2910,0.203088
pandas/core/reshape/pivot.py::127,0.203088
pandas/core/reshape/pivot.py::128,0.203088
pandas/core/reshape/pivot.py::171,0.203088
pandas/core/reshape/pivot.py::71,0.203088
pandas/core/reshape/pivot.py::72,0.203088
pandas/core/dtypes/missing.py::396,0.202044
pandas/core/dtypes/missing.py::397,0.202044
pandas/core/dtypes/missing.py::398,0.202044
pandas/core/dtypes/missing.py::525,0.202044
pandas/core/dtypes/missing.py::527,0.202044
pandas/core/groupby/ops.py::360,0.202044
pandas/core/groupby/ops.py::361,0.202044
pandas/core/groupby/ops.py::365,0.202044
pandas/core/groupby/ops.py::366,0.202044
pandas/core/groupby/ops.py::410,0.202044
pandas/core/groupby/ops.py::411,0.202044
pandas/core/groupby/ops.py::424,0.202044
pandas/core/groupby/ops.py::436,0.202044
pandas/core/groupby/ops.py::437,0.202044
pandas/core/groupby/ops.py::439,0.202044
pandas/core/groupby/ops.py::441,0.202044
pandas/core/groupby/ops.py::454,0.202044
pandas/core/groupby/ops.py::456,0.202044
pandas/core/groupby/ops.py::467,0.202044
pandas/core/groupby/ops.py::473,0.202044
pandas/core/groupby/ops.py::474,0.202044
pandas/core/groupby/ops.py::476,0.202044
pandas/core/groupby/ops.py::493,0.202044
pandas/core/groupby/ops.py::495,0.202044
pandas/core/groupby/ops.py::496,0.202044
pandas/core/groupby/ops.py::497,0.202044
pandas/core/groupby/ops.py::511,0.202044
pandas/core/groupby/ops.py::513,0.202044
pandas/core/groupby/ops.py::516,0.202044
pandas/core/groupby/ops.py::517,0.202044
pandas/core/groupby/ops.py::521,0.202044
pandas/core/groupby/ops.py::523,0.202044
pandas/core/groupby/ops.py::524,0.202044
pandas/core/groupby/ops.py::525,0.202044
pandas/core/groupby/ops.py::527,0.202044
pandas/core/groupby/ops.py::528,0.202044
pandas/core/groupby/ops.py::529,0.202044
pandas/core/groupby/ops.py::541,0.202044
pandas/core/groupby/ops.py::547,0.202044
pandas/core/groupby/ops.py::551,0.202044
pandas/core/groupby/ops.py::554,0.202044
pandas/core/groupby/ops.py::556,0.202044
pandas/core/groupby/ops.py::559,0.202044
pandas/core/groupby/ops.py::564,0.202044
pandas/core/groupby/ops.py::569,0.202044
pandas/core/groupby/ops.py::570,0.202044
pandas/core/groupby/ops.py::586,0.202044
pandas/core/groupby/ops.py::591,0.202044
pandas/core/groupby/ops.py::593,0.202044
pandas/core/indexes/multi.py::3094,0.202044
pandas/core/indexes/multi.py::3097,0.202044
pandas/core/indexes/multi.py::3106,0.202044
pandas/core/indexes/multi.py::3109,0.202044
pandas/core/algorithms.py::1614,0.201015
pandas/core/algorithms.py::1615,0.201015
pandas/core/algorithms.py::1616,0.201015
pandas/core/algorithms.py::1617,0.201015
pandas/core/dtypes/cast.py::434,0.201015
pandas/core/reshape/pivot.py::124,0.201015
pandas/core/reshape/pivot.py::125,0.201015
pandas/core/reshape/pivot.py::126,0.201015
pandas/core/reshape/pivot.py::132,0.201015
pandas/core/reshape/pivot.py::103,0.200003
pandas/core/reshape/pivot.py::110,0.200003
pandas/core/reshape/pivot.py::112,0.200003
pandas/core/reshape/pivot.py::113,0.200003
pandas/core/frame.py::7829,0.199005
pandas/core/frame.py::7830,0.199005
pandas/core/frame.py::7831,0.199005
pandas/core/groupby/generic.py::1639,0.199005
pandas/core/groupby/generic.py::1640,0.199005
pandas/core/groupby/generic.py::1643,0.199005
pandas/core/groupby/generic.py::1720,0.199005
pandas/core/groupby/generic.py::1728,0.199005
pandas/core/groupby/generic.py::1729,0.199005
pandas/core/groupby/generic.py::1730,0.199005
pandas/core/groupby/generic.py::1732,0.199005
pandas/core/groupby/generic.py::1735,0.199005
pandas/core/groupby/generic.py::942,0.199005
pandas/core/groupby/grouper.py::379,0.199005
pandas/core/groupby/grouper.py::410,0.199005
pandas/core/groupby/grouper.py::412,0.199005
pandas/core/groupby/grouper.py::416,0.199005
pandas/core/groupby/grouper.py::417,0.199005
pandas/core/groupby/grouper.py::418,0.199005
pandas/core/groupby/grouper.py::419,0.199005
pandas/core/groupby/ops.py::105,0.199005
pandas/core/groupby/ops.py::281,0.199005
pandas/core/groupby/ops.py::282,0.199005
pandas/core/groupby/ops.py::293,0.199005
pandas/core/groupby/ops.py::294,0.199005
pandas/core/groupby/ops.py::295,0.199005
pandas/core/groupby/ops.py::302,0.199005
pandas/core/groupby/ops.py::303,0.199005
pandas/core/groupby/ops.py::304,0.199005
pandas/core/groupby/ops.py::305,0.199005
pandas/core/groupby/ops.py::307,0.199005
pandas/core/indexes/base.py::2629,0.199005
pandas/core/indexes/base.py::2630,0.199005
pandas/core/indexes/base.py::646,0.199005
pandas/core/indexes/base.py::649,0.199005
pandas/core/indexes/base.py::650,0.199005
pandas/core/indexes/base.py::651,0.199005
pandas/core/indexes/base.py::652,0.199005
pandas/core/indexes/multi.py::1675,0.199005
pandas/core/reshape/reshape.py::395,0.199005
pandas/core/sorting.py::130,0.199005
pandas/core/sorting.py::131,0.199005
pandas/core/sorting.py::132,0.199005
pandas/core/sorting.py::134,0.199005
pandas/core/sorting.py::139,0.199005
pandas/core/sorting.py::144,0.199005
pandas/core/sorting.py::145,0.199005
pandas/core/sorting.py::146,0.199005
pandas/core/sorting.py::147,0.199005
pandas/core/sorting.py::148,0.199005
pandas/core/sorting.py::149,0.199005
pandas/core/sorting.py::150,0.199005
pandas/core/sorting.py::151,0.199005
pandas/core/sorting.py::152,0.199005
pandas/core/sorting.py::153,0.199005
pandas/core/sorting.py::154,0.199005
pandas/core/sorting.py::166,0.199005
pandas/core/sorting.py::170,0.199005
pandas/core/sorting.py::172,0.199005
pandas/core/sorting.py::173,0.199005
pandas/core/sorting.py::92,0.199005
pandas/core/sorting.py::93,0.199005
pandas/core/sorting.py::94,0.199005
pandas/core/sorting.py::95,0.199005
pandas/core/indexes/base.py::4692,0.198022
pandas/core/indexes/base.py::4699,0.198022
pandas/core/indexes/frozen.py::68,0.197054
pandas/core/reshape/pivot.py::79,0.197054
pandas/core/reshape/pivot.py::80,0.197054
pandas/core/reshape/pivot.py::81,0.197054
pandas/core/reshape/pivot.py::83,0.197054
pandas/core/reshape/pivot.py::84,0.197054
pandas/core/reshape/pivot.py::85,0.197054
pandas/core/reshape/pivot.py::88,0.197054
pandas/core/generic.py::5691,0.196100
pandas/core/generic.py::5692,0.196100
pandas/core/internals/managers.py::781,0.196100
pandas/core/internals/managers.py::784,0.196100
pandas/core/internals/managers.py::785,0.196100
pandas/core/internals/managers.py::788,0.196100
pandas/core/internals/managers.py::790,0.196100
pandas/core/internals/managers.py::794,0.196100
pandas/core/internals/managers.py::795,0.196100
pandas/core/internals/managers.py::796,0.196100
pandas/core/reshape/pivot.py::67,0.196100
pandas/core/reshape/pivot.py::75,0.196100
pandas/core/reshape/pivot.py::76,0.196100
pandas/core/nanops.py::1200,0.195159
pandas/core/nanops.py::1201,0.195159
pandas/core/nanops.py::1204,0.195159
pandas/core/nanops.py::1205,0.195159
pandas/core/nanops.py::491,0.195159
pandas/core/frame.py::4754,0.194232
pandas/core/frame.py::4755,0.194232
pandas/core/frame.py::7823,0.194232
pandas/core/generic.py::10907,0.194232
pandas/core/generic.py::10908,0.194232
pandas/core/generic.py::10913,0.194232
pandas/core/generic.py::10914,0.194232
pandas/core/generic.py::10915,0.194232
pandas/core/generic.py::10917,0.194232
pandas/core/generic.py::10921,0.194232
pandas/core/generic.py::10922,0.194232
pandas/core/generic.py::10923,0.194232
pandas/core/generic.py::10924,0.194232
pandas/core/generic.py::10925,0.194232
pandas/core/generic.py::10926,0.194232
pandas/core/generic.py::10927,0.194232
pandas/core/nanops.py::1188,0.194232
pandas/core/nanops.py::1208,0.194232
pandas/core/nanops.py::485,0.194232
pandas/core/nanops.py::486,0.194232
pandas/core/nanops.py::488,0.194232
pandas/core/nanops.py::489,0.194232
pandas/core/nanops.py::493,0.194232
pandas/core/nanops.py::494,0.194232
pandas/core/nanops.py::496,0.194232
pandas/core/frame.py::7881,0.193318
pandas/core/frame.py::7886,0.193318
pandas/core/frame.py::7887,0.193318
pandas/core/frame.py::7888,0.193318
pandas/core/frame.py::7890,0.193318
pandas/core/frame.py::7891,0.193318
pandas/core/frame.py::7893,0.193318
pandas/core/frame.py::7910,0.193318
pandas/core/frame.py::7930,0.193318
pandas/core/frame.py::7931,0.193318
pandas/core/frame.py::7932,0.193318
pandas/core/frame.py::7933,0.193318
pandas/core/frame.py::7935,0.193318
pandas/core/frame.py::7978,0.193318
pandas/core/frame.py::7990,0.193318
pandas/core/frame.py::7991,0.193318
pandas/core/frame.py::7992,0.193318
pandas/core/frame.py::8116,0.193318
pandas/core/frame.py::8117,0.193318
pandas/core/frame.py::4731,0.192417
pandas/core/frame.py::4732,0.192417
pandas/core/frame.py::4736,0.192417
pandas/core/frame.py::4737,0.192417
pandas/core/frame.py::4739,0.192417
pandas/core/frame.py::4740,0.192417
pandas/core/frame.py::4748,0.192417
pandas/core/frame.py::4750,0.192417
pandas/core/frame.py::4752,0.192417
pandas/core/frame.py::4762,0.192417
pandas/core/frame.py::4764,0.192417
pandas/core/frame.py::4767,0.192417
pandas/core/frame.py::7810,0.192417
pandas/core/frame.py::7811,0.192417
pandas/core/frame.py::7814,0.192417
pandas/core/frame.py::7817,0.192417
pandas/core/frame.py::7820,0.192417
pandas/core/frame.py::7833,0.192417
pandas/core/indexing.py::1691,0.192417
pandas/core/indexing.py::1693,0.192417
pandas/core/indexing.py::1694,0.192417
pandas/core/indexing.py::1794,0.192417
pandas/core/indexing.py::1817,0.192417
pandas/core/indexing.py::1820,0.192417
pandas/core/indexing.py::1821,0.192417
pandas/core/indexing.py::1824,0.192417
pandas/core/indexing.py::1825,0.192417
pandas/core/indexing.py::1827,0.192417
pandas/core/indexing.py::1830,0.192417
pandas/core/indexing.py::1831,0.192417
pandas/core/indexing.py::575,0.192417
pandas/core/indexing.py::577,0.192417
pandas/core/indexing.py::578,0.192417
pandas/core/indexing.py::579,0.192417
pandas/core/indexing.py::580,0.192417
pandas/core/ops/__init__.py::518,0.192417
pandas/core/ops/__init__.py::520,0.192417
pandas/core/ops/__init__.py::523,0.192417
pandas/core/ops/__init__.py::524,0.192417
pandas/core/ops/__init__.py::526,0.192417
pandas/core/ops/__init__.py::528,0.192417
pandas/core/ops/array_ops.py::220,0.192417
pandas/core/ops/array_ops.py::221,0.192417
pandas/core/ops/array_ops.py::223,0.192417
pandas/core/ops/array_ops.py::224,0.192417
pandas/core/ops/array_ops.py::228,0.192417
pandas/core/ops/array_ops.py::235,0.192417
pandas/core/ops/array_ops.py::238,0.192417
pandas/core/ops/array_ops.py::245,0.192417
pandas/core/ops/array_ops.py::249,0.192417
pandas/core/ops/array_ops.py::250,0.192417
pandas/core/ops/array_ops.py::251,0.192417
pandas/core/ops/array_ops.py::252,0.192417
pandas/core/ops/array_ops.py::254,0.192417
pandas/core/ops/array_ops.py::256,0.192417
pandas/core/ops/array_ops.py::260,0.192417
pandas/core/ops/dispatch.py::37,0.192417
pandas/core/ops/dispatch.py::41,0.192417
pandas/core/ops/dispatch.py::45,0.192417
pandas/core/base.py::220,0.191529
pandas/core/dtypes/missing.py::154,0.191529
pandas/core/frame.py::3987,0.191529
pandas/core/frame.py::3988,0.191529
pandas/core/frame.py::3989,0.191529
pandas/core/frame.py::3990,0.191529
pandas/core/frame.py::3991,0.191529
pandas/core/frame.py::3992,0.191529
pandas/core/frame.py::3993,0.191529
pandas/core/frame.py::3994,0.191529
pandas/core/generic.py::3872,0.191529
pandas/core/generic.py::3874,0.191529
pandas/core/generic.py::3875,0.191529
pandas/core/generic.py::3877,0.191529
pandas/core/generic.py::3878,0.191529
pandas/core/generic.py::3886,0.191529
pandas/core/generic.py::3888,0.191529
pandas/core/generic.py::3889,0.191529
pandas/core/generic.py::3890,0.191529
pandas/core/generic.py::3892,0.191529
pandas/core/generic.py::3895,0.191529
pandas/core/generic.py::3914,0.191529
pandas/core/generic.py::3915,0.191529
pandas/core/generic.py::3916,0.191529
pandas/core/generic.py::3918,0.191529
pandas/core/generic.py::3919,0.191529
pandas/core/generic.py::3924,0.191529
pandas/core/generic.py::3925,0.191529
pandas/core/generic.py::3950,0.191529
pandas/core/generic.py::545,0.191529
pandas/core/internals/blocks.py::369,0.191529
pandas/core/internals/blocks.py::370,0.191529
pandas/core/internals/blocks.py::372,0.191529
pandas/core/internals/blocks.py::382,0.191529
pandas/core/internals/blocks.py::383,0.191529
pandas/core/internals/blocks.py::385,0.191529
pandas/core/internals/managers.py::555,0.191529
pandas/core/internals/blocks.py::3006,0.190652
pandas/core/internals/blocks.py::3014,0.190652
pandas/core/nanops.py::337,0.190652
pandas/core/nanops.py::349,0.190652
pandas/core/nanops.py::362,0.190652
pandas/core/nanops.py::56,0.190652
pandas/core/nanops.py::61,0.190652
pandas/core/nanops.py::62,0.190652
pandas/core/nanops.py::67,0.190652
pandas/core/nanops.py::68,0.190652
pandas/core/nanops.py::69,0.190652
pandas/core/ops/__init__.py::114,0.190652
pandas/core/ops/__init__.py::117,0.190652
pandas/core/ops/__init__.py::118,0.190652
pandas/core/ops/__init__.py::466,0.190652
pandas/core/ops/__init__.py::475,0.190652
pandas/core/ops/__init__.py::476,0.190652
pandas/core/ops/__init__.py::480,0.190652
pandas/core/ops/__init__.py::481,0.190652
pandas/core/ops/common.py::52,0.190652
pandas/core/ops/common.py::56,0.190652
pandas/core/ops/common.py::57,0.190652
pandas/core/ops/common.py::58,0.190652
pandas/core/ops/common.py::59,0.190652
pandas/core/ops/common.py::62,0.190652
pandas/core/ops/common.py::64,0.190652
pandas/core/ops/dispatch.py::35,0.190652
pandas/core/ops/dispatch.py::36,0.190652
pandas/core/base.py::216,0.189788
pandas/core/base.py::219,0.189788
pandas/core/common.py::264,0.189788
pandas/core/common.py::265,0.189788
pandas/core/frame.py::3734,0.189788
pandas/core/frame.py::3735,0.189788
pandas/core/frame.py::3776,0.189788
pandas/core/frame.py::3777,0.189788
pandas/core/frame.py::3779,0.189788
pandas/core/frame.py::3780,0.189788
pandas/core/frame.py::3781,0.189788
pandas/core/frame.py::3782,0.189788
pandas/core/frame.py::3783,0.189788
pandas/core/indexes/base.py::3923,0.189788
pandas/util/_validators.py::278,0.189788
pandas/util/_validators.py::285,0.189788
pandas/core/dtypes/base.py::286,0.188935
pandas/core/dtypes/base.py::287,0.188935
pandas/core/frame.py::3730,0.188935
pandas/core/frame.py::3732,0.188935
pandas/core/frame.py::3733,0.188935
pandas/core/frame.py::3738,0.188935
pandas/core/frame.py::3739,0.188935
pandas/core/frame.py::3744,0.188935
pandas/core/frame.py::3848,0.188935
pandas/core/frame.py::3849,0.188935
pandas/core/frame.py::3851,0.188935
pandas/core/frame.py::3852,0.188935
pandas/core/frame.py::3853,0.188935
pandas/core/generic.py::372,0.188935
pandas/core/generic.py::373,0.188935
pandas/core/generic.py::374,0.188935
pandas/core/generic.py::375,0.188935
pandas/core/generic.py::4465,0.188935
pandas/core/indexing.py::1704,0.188935
pandas/core/indexing.py::1705,0.188935
pandas/core/indexing.py::1706,0.188935
pandas/core/indexing.py::1707,0.188935
pandas/core/internals/blocks.py::1264,0.188935
pandas/core/internals/managers.py::681,0.188935
pandas/util/_decorators.py::227,0.188935
pandas/util/_validators.py::253,0.188935
pandas/util/_validators.py::258,0.188935
pandas/util/_validators.py::263,0.188935
pandas/util/_validators.py::272,0.188935
pandas/util/_validators.py::273,0.188935
pandas/util/_validators.py::274,0.188935
pandas/util/_validators.py::284,0.188935
pandas/util/_validators.py::308,0.188935
pandas/core/frame.py::8114,0.188094
pandas/core/generic.py::5164,0.188094
pandas/core/indexes/multi.py::3092,0.188094
pandas/core/internals/blocks.py::580,0.188094
pandas/core/internals/blocks.py::581,0.188094
pandas/core/internals/managers.py::1260,0.188094
pandas/core/internals/managers.py::1267,0.188094
pandas/core/internals/managers.py::1292,0.188094
pandas/core/internals/managers.py::1294,0.188094
pandas/core/internals/managers.py::1296,0.188094
pandas/core/dtypes/base.py::284,0.187263
pandas/core/dtypes/base.py::285,0.187263
pandas/core/dtypes/common.py::1397,0.187263
pandas/core/dtypes/missing.py::247,0.187263
pandas/core/dtypes/missing.py::249,0.187263
pandas/core/dtypes/missing.py::254,0.187263
pandas/core/dtypes/missing.py::255,0.187263
pandas/core/dtypes/missing.py::256,0.187263
pandas/core/generic.py::1435,0.187263
pandas/core/generic.py::1439,0.187263
pandas/core/generic.py::1440,0.187263
pandas/core/generic.py::1876,0.187263
pandas/core/generic.py::1877,0.187263
pandas/core/generic.py::1881,0.187263
pandas/core/generic.py::1882,0.187263
pandas/core/generic.py::349,0.187263
pandas/core/generic.py::350,0.187263
pandas/core/generic.py::351,0.187263
pandas/core/generic.py::388,0.187263
pandas/core/generic.py::389,0.187263
pandas/core/indexers.py::305,0.187263
pandas/core/indexers.py::307,0.187263
pandas/core/indexers.py::309,0.187263
pandas/core/indexes/base.py::4933,0.187263
pandas/core/indexes/base.py::4982,0.187263
pandas/core/indexing.py::2224,0.187263
pandas/core/indexing.py::2225,0.187263
pandas/core/indexing.py::2236,0.187263
pandas/core/indexing.py::2238,0.187263
pandas/core/indexing.py::2240,0.187263
pandas/core/nanops.py::168,0.187263
pandas/core/nanops.py::169,0.187263
pandas/core/nanops.py::223,0.187263
pandas/core/nanops.py::224,0.187263
pandas/core/nanops.py::226,0.187263
pandas/core/nanops.py::281,0.187263
pandas/core/nanops.py::283,0.187263
pandas/core/nanops.py::285,0.187263
pandas/core/nanops.py::291,0.187263
pandas/core/nanops.py::292,0.187263
pandas/core/nanops.py::294,0.187263
pandas/core/nanops.py::300,0.187263
pandas/core/nanops.py::304,0.187263
pandas/core/nanops.py::305,0.187263
pandas/core/nanops.py::308,0.187263
pandas/core/nanops.py::310,0.187263
pandas/core/nanops.py::320,0.187263
pandas/core/nanops.py::321,0.187263
pandas/core/nanops.py::322,0.187263
pandas/core/nanops.py::326,0.187263
pandas/core/nanops.py::331,0.187263
pandas/core/reshape/reshape.py::407,0.187263
pandas/core/frame.py::6415,0.186444
pandas/core/frame.py::6417,0.186444
pandas/core/generic.py::5157,0.186444
pandas/core/generic.py::5158,0.186444
pandas/core/generic.py::5162,0.186444
pandas/core/indexes/base.py::1662,0.186444
pandas/core/indexes/base.py::3922,0.186444
pandas/core/common.py::213,0.185635
pandas/core/common.py::260,0.185635
pandas/core/common.py::263,0.185635
pandas/core/common.py::269,0.185635
pandas/core/common.py::271,0.185635
pandas/core/dtypes/common.py::1265,0.185635
pandas/core/dtypes/common.py::1267,0.185635
pandas/core/dtypes/common.py::1270,0.185635
pandas/core/dtypes/common.py::1276,0.185635
pandas/core/dtypes/common.py::1277,0.185635
pandas/core/dtypes/common.py::1887,0.185635
pandas/core/dtypes/common.py::1890,0.185635
pandas/core/dtypes/missing.py::480,0.185635
pandas/core/dtypes/missing.py::484,0.185635
pandas/core/dtypes/missing.py::493,0.185635
pandas/core/dtypes/missing.py::497,0.185635
pandas/core/generic.py::4429,0.185635
pandas/core/generic.py::4433,0.185635
pandas/core/generic.py::4434,0.185635
pandas/core/generic.py::4435,0.185635
pandas/core/generic.py::4484,0.185635
pandas/core/generic.py::4485,0.185635
pandas/core/generic.py::4486,0.185635
pandas/core/generic.py::4487,0.185635
pandas/core/generic.py::4489,0.185635
pandas/core/generic.py::4492,0.185635
pandas/core/generic.py::4493,0.185635
pandas/core/generic.py::4494,0.185635
pandas/core/generic.py::4497,0.185635
pandas/core/generic.py::4498,0.185635
pandas/core/generic.py::4499,0.185635
pandas/core/generic.py::4500,0.185635
pandas/core/generic.py::4501,0.185635
pandas/core/generic.py::4502,0.185635
pandas/core/generic.py::4503,0.185635
pandas/core/generic.py::4506,0.185635
pandas/core/generic.py::4509,0.185635
pandas/core/indexes/base.py::3079,0.185635
pandas/core/indexes/base.py::4974,0.185635
pandas/core/indexes/base.py::4975,0.185635
pandas/core/indexes/base.py::4976,0.185635
pandas/core/indexes/base.py::4977,0.185635
pandas/core/indexes/base.py::4978,0.185635
pandas/core/internals/blocks.py::1253,0.185635
pandas/core/internals/blocks.py::1254,0.185635
pandas/core/internals/blocks.py::193,0.185635
pandas/core/internals/blocks.py::2953,0.185635
pandas/core/internals/blocks.py::576,0.185635
pandas/core/internals/blocks.py::579,0.185635
pandas/core/internals/managers.py::1251,0.185635
pandas/core/dtypes/common.py::1363,0.184837
pandas/core/dtypes/common.py::1364,0.184837
pandas/core/generic.py::5543,0.184049
pandas/core/generic.py::5568,0.184049
pandas/core/generic.py::5578,0.184049
pandas/core/generic.py::5579,0.184049
pandas/core/internals/blocks.py::185,0.184049
pandas/core/internals/blocks.py::190,0.184049
pandas/core/internals/blocks.py::551,0.184049
pandas/core/internals/blocks.py::553,0.184049
pandas/core/internals/blocks.py::560,0.184049
pandas/core/internals/blocks.py::568,0.184049
pandas/core/internals/managers.py::582,0.184049
pandas/core/arrays/numpy_.py::424,0.183271
pandas/core/arrays/numpy_.py::426,0.183271
pandas/core/arrays/numpy_.py::429,0.183271
pandas/core/arrays/numpy_.py::432,0.183271
pandas/core/construction.py::383,0.183271
pandas/core/generic.py::367,0.183271
pandas/core/generic.py::368,0.183271
pandas/core/generic.py::371,0.183271
pandas/core/generic.py::378,0.183271
pandas/core/generic.py::379,0.183271
pandas/core/generic.py::4396,0.183271
pandas/core/generic.py::4397,0.183271
pandas/core/generic.py::4398,0.183271
pandas/core/generic.py::4399,0.183271
pandas/core/generic.py::4400,0.183271
pandas/core/generic.py::4401,0.183271
pandas/core/generic.py::4402,0.183271
pandas/core/generic.py::4407,0.183271
pandas/core/generic.py::4409,0.183271
pandas/core/generic.py::4415,0.183271
pandas/core/generic.py::4419,0.183271
pandas/core/generic.py::4420,0.183271
pandas/core/generic.py::4421,0.183271
pandas/core/generic.py::4422,0.183271
pandas/core/groupby/ops.py::289,0.183271
pandas/core/indexes/base.py::4052,0.183271
pandas/core/reshape/reshape.py::403,0.183271
pandas/core/reshape/reshape.py::406,0.183271
pandas/core/sorting.py::65,0.183271
pandas/core/sorting.py::69,0.183271
pandas/core/dtypes/cast.py::183,0.182503
pandas/core/dtypes/cast.py::188,0.182503
pandas/core/dtypes/cast.py::193,0.182503
pandas/core/dtypes/generic.py::81,0.182503
pandas/core/dtypes/missing.py::153,0.182503
pandas/core/groupby/grouper.py::538,0.182503
pandas/core/indexes/base.py::1184,0.182503
pandas/core/indexes/base.py::1186,0.182503
pandas/core/indexes/base.py::1188,0.182503
pandas/core/indexes/base.py::1189,0.182503
pandas/core/indexes/multi.py::2622,0.182503
pandas/core/indexes/multi.py::2628,0.182503
pandas/core/indexes/multi.py::2642,0.182503
pandas/core/indexes/multi.py::929,0.182503
pandas/core/indexes/multi.py::930,0.182503
pandas/core/indexes/multi.py::931,0.182503
pandas/core/indexes/multi.py::933,0.182503
pandas/core/indexes/multi.py::941,0.182503
pandas/core/indexes/multi.py::942,0.182503
pandas/core/indexes/multi.py::943,0.182503
pandas/core/indexes/multi.py::944,0.182503
pandas/core/indexes/multi.py::945,0.182503
pandas/core/indexes/multi.py::946,0.182503
pandas/core/indexes/multi.py::947,0.182503
pandas/core/indexes/multi.py::948,0.182503
pandas/core/indexes/multi.py::949,0.182503
pandas/core/indexes/multi.py::950,0.182503
pandas/core/indexes/multi.py::951,0.182503
pandas/core/indexes/multi.py::960,0.182503
pandas/core/indexes/multi.py::961,0.182503
pandas/core/indexes/multi.py::962,0.182503
pandas/core/indexes/multi.py::977,0.182503
pandas/core/indexes/multi.py::978,0.182503
pandas/core/indexes/multi.py::979,0.182503
pandas/core/indexes/multi.py::995,0.182503
pandas/core/internals/managers.py::1738,0.182503
pandas/core/internals/managers.py::1739,0.182503
pandas/core/dtypes/cast.py::179,0.181745
pandas/core/indexes/multi.py::1300,0.181745
pandas/core/indexes/multi.py::3091,0.181745
pandas/core/internals/blocks.py::197,0.181745
pandas/core/internals/managers.py::1475,0.181745
pandas/core/internals/managers.py::1479,0.181745
pandas/core/internals/managers.py::1563,0.181745
pandas/core/internals/managers.py::1583,0.181745
pandas/core/series.py::263,0.181745
pandas/core/series.py::269,0.181745
pandas/core/series.py::273,0.181745
pandas/core/series.py::274,0.181745
pandas/core/series.py::275,0.181745
pandas/core/series.py::314,0.181745
pandas/core/series.py::316,0.181745
pandas/core/series.py::492,0.181745
pandas/core/sorting.py::389,0.181745
pandas/core/sorting.py::396,0.181745
pandas/core/sorting.py::399,0.181745
pandas/core/sorting.py::400,0.181745
pandas/core/sorting.py::402,0.181745
pandas/core/sorting.py::405,0.181745
pandas/core/sorting.py::406,0.181745
pandas/core/sorting.py::409,0.181745
pandas/core/sorting.py::411,0.181745
pandas/core/sorting.py::88,0.181745
pandas/core/base.py::95,0.180995
pandas/core/base.py::96,0.180995
pandas/core/generic.py::5144,0.180995
pandas/core/groupby/groupby.py::2467,0.180995
pandas/core/groupby/groupby.py::2468,0.180995
pandas/core/groupby/groupby.py::2470,0.180995
pandas/core/groupby/grouper.py::537,0.180995
pandas/core/internals/managers.py::1546,0.180995
pandas/core/series.py::375,0.180995
pandas/core/indexes/multi.py::1276,0.180256
pandas/core/indexes/multi.py::1277,0.180256
pandas/core/indexes/multi.py::1281,0.180256
pandas/core/indexes/multi.py::1282,0.180256
pandas/core/reshape/pivot.py::170,0.180256
pandas/core/reshape/reshape.py::394,0.180256
pandas/core/sorting.py::107,0.180256
pandas/core/sorting.py::380,0.180256
pandas/core/sorting.py::381,0.180256
pandas/core/sorting.py::383,0.180256
pandas/core/sorting.py::386,0.180256
pandas/core/sorting.py::388,0.180256
pandas/core/sorting.py::391,0.180256
pandas/core/sorting.py::54,0.180256
pandas/core/sorting.py::55,0.180256
pandas/core/sorting.py::56,0.180256
pandas/core/sorting.py::57,0.180256
pandas/core/sorting.py::58,0.180256
pandas/core/sorting.py::60,0.180256
pandas/core/sorting.py::62,0.180256
pandas/core/sorting.py::67,0.180256
pandas/core/sorting.py::68,0.180256
pandas/core/sorting.py::71,0.180256
pandas/core/sorting.py::72,0.180256
pandas/core/sorting.py::76,0.180256
pandas/core/sorting.py::78,0.180256
pandas/core/sorting.py::81,0.180256
pandas/core/sorting.py::82,0.180256
pandas/core/sorting.py::84,0.180256
pandas/core/sorting.py::85,0.180256
pandas/core/sorting.py::89,0.180256
pandas/core/sorting.py::91,0.180256
pandas/core/sorting.py::97,0.180256
pandas/core/sorting.py::98,0.180256
pandas/core/indexes/base.py::372,0.179525
pandas/core/indexes/numeric.py::54,0.179525
pandas/core/indexes/numeric.py::57,0.179525
pandas/core/indexes/numeric.py::67,0.179525
pandas/core/indexes/numeric.py::70,0.179525
pandas/core/indexes/numeric.py::76,0.179525
pandas/core/indexes/numeric.py::80,0.179525
pandas/core/indexes/numeric.py::81,0.179525
pandas/core/internals/construction.py::208,0.179525
pandas/core/internals/managers.py::1647,0.179525
pandas/core/internals/managers.py::1654,0.179525
pandas/core/series.py::229,0.179525
pandas/core/series.py::255,0.179525
pandas/core/series.py::303,0.179525
pandas/core/series.py::304,0.179525
pandas/core/dtypes/missing.py::376,0.178802
pandas/core/dtypes/missing.py::377,0.178802
pandas/core/dtypes/missing.py::379,0.178802
pandas/core/groupby/grouper.py::400,0.178802
pandas/core/indexes/base.py::1721,0.178802
pandas/core/indexes/multi.py::626,0.178802
pandas/core/indexes/multi.py::628,0.178802
pandas/core/indexes/multi.py::630,0.178802
pandas/core/indexes/multi.py::631,0.178802
pandas/core/internals/managers.py::1483,0.178802
pandas/core/internals/managers.py::1484,0.178802
pandas/core/internals/managers.py::1513,0.178802
pandas/core/series.py::319,0.178802
pandas/core/series.py::321,0.178802
pandas/core/base.py::682,0.178089
pandas/core/common.py::142,0.178089
pandas/core/common.py::145,0.178089
pandas/core/dtypes/common.py::1698,0.178089
pandas/core/generic.py::1589,0.178089
pandas/core/generic.py::1590,0.178089
pandas/core/generic.py::1593,0.178089
pandas/core/generic.py::1594,0.178089
pandas/core/generic.py::1595,0.178089
pandas/core/groupby/grouper.py::572,0.178089
pandas/core/groupby/grouper.py::590,0.178089
pandas/core/groupby/grouper.py::591,0.178089
pandas/core/groupby/grouper.py::592,0.178089
pandas/core/groupby/grouper.py::593,0.178089
pandas/core/groupby/grouper.py::594,0.178089
pandas/core/groupby/grouper.py::649,0.178089
pandas/core/groupby/grouper.py::650,0.178089
pandas/core/indexes/range.py::448,0.178089
pandas/core/indexes/range.py::449,0.178089
pandas/core/internals/blocks.py::643,0.178089
pandas/core/construction.py::584,0.177384
pandas/core/construction.py::585,0.177384
pandas/core/construction.py::586,0.177384
pandas/core/construction.py::587,0.177384
pandas/core/generic.py::5738,0.177384
pandas/core/generic.py::5739,0.177384
pandas/core/generic.py::5740,0.177384
pandas/core/generic.py::5741,0.177384
pandas/core/generic.py::5742,0.177384
pandas/core/generic.py::5743,0.177384
pandas/core/generic.py::5744,0.177384
pandas/core/generic.py::5745,0.177384
pandas/core/generic.py::5746,0.177384
pandas/core/generic.py::5747,0.177384
pandas/core/generic.py::5748,0.177384
pandas/core/generic.py::5749,0.177384
pandas/core/generic.py::5751,0.177384
pandas/core/groupby/generic.py::2030,0.177384
pandas/core/groupby/grouper.py::577,0.177384
pandas/core/indexes/multi.py::1170,0.177384
pandas/core/indexes/multi.py::1224,0.177384
pandas/core/indexes/multi.py::790,0.177384
pandas/core/internals/managers.py::585,0.177384
pandas/core/series.py::214,0.177384
pandas/core/series.py::216,0.177384
pandas/core/series.py::228,0.177384
pandas/core/series.py::231,0.177384
pandas/core/series.py::233,0.177384
pandas/core/series.py::236,0.177384
pandas/core/series.py::240,0.177384
pandas/core/series.py::254,0.177384
pandas/core/series.py::295,0.177384
pandas/core/series.py::299,0.177384
pandas/core/series.py::313,0.177384
pandas/core/dtypes/missing.py::258,0.176687
pandas/core/dtypes/missing.py::262,0.176687
pandas/core/groupby/grouper.py::398,0.176687
pandas/core/groupby/ops.py::232,0.176687
pandas/core/groupby/ops.py::299,0.176687
pandas/core/internals/blocks.py::250,0.176687
pandas/core/internals/blocks.py::251,0.176687
pandas/core/internals/blocks.py::253,0.176687
pandas/core/reshape/pivot.py::134,0.176687
pandas/core/reshape/pivot.py::147,0.176687
pandas/core/reshape/pivot.py::150,0.176687
pandas/core/reshape/pivot.py::153,0.176687
pandas/core/base.py::315,0.175999
pandas/core/base.py::317,0.175999
pandas/core/base.py::318,0.175999
pandas/core/base.py::319,0.175999
pandas/core/base.py::321,0.175999
pandas/core/frame.py::5826,0.175999
pandas/core/frame.py::5828,0.175999
pandas/core/frame.py::5830,0.175999
pandas/core/frame.py::5832,0.175999
pandas/core/frame.py::5833,0.175999
pandas/core/frame.py::5834,0.175999
pandas/core/frame.py::5835,0.175999
pandas/core/frame.py::5836,0.175999
pandas/core/frame.py::5837,0.175999
pandas/core/frame.py::5838,0.175999
pandas/core/frame.py::5839,0.175999
pandas/core/frame.py::5840,0.175999
pandas/core/frame.py::5841,0.175999
pandas/core/groupby/generic.py::2028,0.175999
pandas/core/groupby/generic.py::2029,0.175999
pandas/core/groupby/generic.py::921,0.175999
pandas/core/groupby/generic.py::922,0.175999
pandas/core/groupby/generic.py::926,0.175999
pandas/core/groupby/generic.py::934,0.175999
pandas/core/groupby/generic.py::938,0.175999
pandas/core/groupby/generic.py::940,0.175999
pandas/core/groupby/generic.py::941,0.175999
pandas/core/groupby/groupby.py::378,0.175999
pandas/core/groupby/groupby.py::380,0.175999
pandas/core/groupby/groupby.py::381,0.175999
pandas/core/groupby/groupby.py::383,0.175999
pandas/core/groupby/groupby.py::385,0.175999
pandas/core/groupby/groupby.py::391,0.175999
pandas/core/groupby/groupby.py::392,0.175999
pandas/core/groupby/groupby.py::393,0.175999
pandas/core/groupby/groupby.py::394,0.175999
pandas/core/groupby/groupby.py::395,0.175999
pandas/core/groupby/groupby.py::396,0.175999
pandas/core/groupby/groupby.py::397,0.175999
pandas/core/groupby/groupby.py::399,0.175999
pandas/core/groupby/groupby.py::400,0.175999
pandas/core/groupby/groupby.py::402,0.175999
pandas/core/groupby/groupby.py::403,0.175999
pandas/core/groupby/groupby.py::404,0.175999
pandas/core/groupby/groupby.py::405,0.175999
pandas/core/groupby/groupby.py::406,0.175999
pandas/core/groupby/groupby.py::407,0.175999
pandas/core/groupby/groupby.py::408,0.175999
pandas/core/groupby/groupby.py::409,0.175999
pandas/core/groupby/groupby.py::412,0.175999
pandas/core/groupby/groupby.py::413,0.175999
pandas/core/groupby/groupby.py::414,0.175999
pandas/core/groupby/groupby.py::415,0.175999
pandas/core/groupby/groupby.py::574,0.175999
pandas/core/groupby/groupby.py::575,0.175999
pandas/core/groupby/grouper.py::254,0.175999
pandas/core/groupby/grouper.py::255,0.175999
pandas/core/groupby/grouper.py::256,0.175999
pandas/core/groupby/grouper.py::257,0.175999
pandas/core/groupby/grouper.py::258,0.175999
pandas/core/groupby/grouper.py::259,0.175999
pandas/core/groupby/grouper.py::260,0.175999
pandas/core/groupby/grouper.py::261,0.175999
pandas/core/groupby/grouper.py::262,0.175999
pandas/core/groupby/grouper.py::265,0.175999
pandas/core/groupby/grouper.py::268,0.175999
pandas/core/groupby/grouper.py::274,0.175999
pandas/core/groupby/grouper.py::291,0.175999
pandas/core/groupby/grouper.py::303,0.175999
pandas/core/groupby/grouper.py::306,0.175999
pandas/core/groupby/grouper.py::310,0.175999
pandas/core/groupby/grouper.py::336,0.175999
pandas/core/groupby/grouper.py::340,0.175999
pandas/core/groupby/grouper.py::341,0.175999
pandas/core/groupby/grouper.py::361,0.175999
pandas/core/groupby/grouper.py::362,0.175999
pandas/core/groupby/grouper.py::364,0.175999
pandas/core/groupby/grouper.py::392,0.175999
pandas/core/groupby/grouper.py::394,0.175999
pandas/core/groupby/grouper.py::404,0.175999
pandas/core/groupby/grouper.py::406,0.175999
pandas/core/groupby/grouper.py::407,0.175999
pandas/core/groupby/grouper.py::458,0.175999
pandas/core/groupby/grouper.py::462,0.175999
pandas/core/groupby/grouper.py::508,0.175999
pandas/core/groupby/grouper.py::516,0.175999
pandas/core/groupby/grouper.py::519,0.175999
pandas/core/groupby/grouper.py::523,0.175999
pandas/core/groupby/grouper.py::524,0.175999
pandas/core/groupby/grouper.py::527,0.175999
pandas/core/groupby/grouper.py::528,0.175999
pandas/core/groupby/grouper.py::529,0.175999
pandas/core/groupby/grouper.py::530,0.175999
pandas/core/groupby/grouper.py::535,0.175999
pandas/core/groupby/grouper.py::536,0.175999
pandas/core/groupby/grouper.py::552,0.175999
pandas/core/groupby/grouper.py::557,0.175999
pandas/core/groupby/grouper.py::559,0.175999
pandas/core/groupby/grouper.py::560,0.175999
pandas/core/groupby/grouper.py::563,0.175999
pandas/core/groupby/grouper.py::564,0.175999
pandas/core/groupby/grouper.py::575,0.175999
pandas/core/groupby/grouper.py::576,0.175999
pandas/core/groupby/grouper.py::583,0.175999
pandas/core/groupby/grouper.py::585,0.175999
pandas/core/groupby/grouper.py::589,0.175999
pandas/core/groupby/grouper.py::606,0.175999
pandas/core/groupby/grouper.py::625,0.175999
pandas/core/groupby/grouper.py::629,0.175999
pandas/core/groupby/grouper.py::631,0.175999
pandas/core/groupby/grouper.py::633,0.175999
pandas/core/groupby/grouper.py::637,0.175999
pandas/core/groupby/grouper.py::638,0.175999
pandas/core/groupby/grouper.py::642,0.175999
pandas/core/groupby/grouper.py::646,0.175999
pandas/core/groupby/grouper.py::648,0.175999
pandas/core/groupby/ops.py::101,0.175999
pandas/core/groupby/ops.py::224,0.175999
pandas/core/groupby/ops.py::263,0.175999
pandas/core/groupby/ops.py::265,0.175999
pandas/core/groupby/ops.py::266,0.175999
pandas/core/groupby/ops.py::267,0.175999
pandas/core/groupby/ops.py::279,0.175999
pandas/core/groupby/ops.py::280,0.175999
pandas/core/groupby/ops.py::89,0.175999
pandas/core/groupby/ops.py::91,0.175999
pandas/core/groupby/ops.py::92,0.175999
pandas/core/groupby/ops.py::93,0.175999
pandas/core/groupby/ops.py::94,0.175999
pandas/core/groupby/ops.py::95,0.175999
pandas/core/groupby/ops.py::96,0.175999
pandas/core/groupby/ops.py::97,0.175999
pandas/core/indexes/multi.py::1173,0.175999
pandas/core/indexes/multi.py::1202,0.175999
pandas/core/indexes/multi.py::1204,0.175999
pandas/core/indexes/multi.py::1206,0.175999
pandas/core/indexes/multi.py::1207,0.175999
pandas/core/indexes/multi.py::1209,0.175999
pandas/core/indexes/multi.py::1214,0.175999
pandas/core/indexes/multi.py::1215,0.175999
pandas/core/indexes/multi.py::1220,0.175999
pandas/core/indexes/multi.py::1221,0.175999
pandas/core/indexes/multi.py::1228,0.175999
pandas/core/indexes/multi.py::1868,0.175999
pandas/core/indexes/multi.py::254,0.175999
pandas/core/indexes/multi.py::256,0.175999
pandas/core/indexes/multi.py::258,0.175999
pandas/core/indexes/multi.py::260,0.175999
pandas/core/indexes/multi.py::263,0.175999
pandas/core/indexes/multi.py::266,0.175999
pandas/core/indexes/multi.py::267,0.175999
pandas/core/indexes/multi.py::269,0.175999
pandas/core/indexes/multi.py::270,0.175999
pandas/core/indexes/multi.py::272,0.175999
pandas/core/indexes/multi.py::274,0.175999
pandas/core/indexes/multi.py::277,0.175999
pandas/core/indexes/multi.py::279,0.175999
pandas/core/indexes/multi.py::283,0.175999
pandas/core/indexes/multi.py::284,0.175999
pandas/core/indexes/multi.py::286,0.175999
pandas/core/indexes/multi.py::3496,0.175999
pandas/core/indexes/multi.py::3497,0.175999
pandas/core/indexes/multi.py::3499,0.175999
pandas/core/indexes/multi.py::3500,0.175999
pandas/core/indexes/multi.py::668,0.175999
pandas/core/indexes/multi.py::676,0.175999
pandas/core/indexes/multi.py::677,0.175999
pandas/core/indexes/multi.py::678,0.175999
pandas/core/indexes/multi.py::687,0.175999
pandas/core/indexes/multi.py::691,0.175999
pandas/core/indexes/multi.py::692,0.175999
pandas/core/indexes/multi.py::693,0.175999
pandas/core/indexes/multi.py::696,0.175999
pandas/core/indexes/multi.py::697,0.175999
pandas/core/indexes/multi.py::795,0.175999
pandas/core/indexes/multi.py::801,0.175999
pandas/core/indexes/multi.py::802,0.175999
pandas/core/indexes/multi.py::803,0.175999
pandas/core/indexes/multi.py::804,0.175999
pandas/core/indexes/multi.py::814,0.175999
pandas/core/indexes/multi.py::817,0.175999
pandas/core/indexes/multi.py::819,0.175999
pandas/core/indexes/multi.py::820,0.175999
pandas/core/reshape/pivot.py::100,0.175999
pandas/core/reshape/pivot.py::101,0.175999
pandas/core/reshape/pivot.py::102,0.175999
pandas/core/reshape/pivot.py::119,0.175999
pandas/core/reshape/pivot.py::120,0.175999
pandas/core/base.py::68,0.175318
pandas/core/base.py::69,0.175318
pandas/core/common.py::139,0.175318
pandas/core/dtypes/cast.py::525,0.175318
pandas/core/generic.py::3343,0.175318
pandas/core/generic.py::3351,0.175318
pandas/core/generic.py::3353,0.175318
pandas/core/generic.py::3355,0.175318
pandas/core/generic.py::3357,0.175318
pandas/core/generic.py::3358,0.175318
pandas/core/generic.py::3360,0.175318
pandas/core/generic.py::3363,0.175318
pandas/core/generic.py::3364,0.175318
pandas/core/generic.py::3367,0.175318
pandas/core/internals/managers.py::1389,0.175318
pandas/core/reshape/pivot.py::39,0.175318
pandas/core/reshape/pivot.py::40,0.175318
pandas/core/reshape/pivot.py::414,0.175318
pandas/core/reshape/pivot.py::417,0.175318
pandas/core/reshape/pivot.py::42,0.175318
pandas/core/reshape/pivot.py::424,0.175318
pandas/core/reshape/pivot.py::63,0.175318
pandas/core/reshape/pivot.py::65,0.175318
pandas/core/reshape/pivot.py::66,0.175318
pandas/core/construction.py::380,0.174646
pandas/core/generic.py::398,0.174646
pandas/core/generic.py::399,0.174646
pandas/core/indexes/frozen.py::67,0.174646
pandas/core/indexes/frozen.py::69,0.174646
pandas/core/indexing.py::469,0.173981
pandas/core/dtypes/inference.py::323,0.173323
pandas/core/dtypes/inference.py::325,0.173323
pandas/core/dtypes/missing.py::437,0.173323
pandas/core/dtypes/missing.py::473,0.173323
pandas/core/indexes/base.py::3100,0.173323
pandas/core/indexes/base.py::3103,0.173323
pandas/core/indexes/base.py::3105,0.173323
pandas/core/indexes/base.py::3111,0.173323
pandas/core/indexes/base.py::3113,0.173323
pandas/core/indexes/base.py::3120,0.173323
pandas/core/indexes/base.py::3124,0.173323
pandas/core/indexes/base.py::3125,0.173323
pandas/core/indexes/base.py::3126,0.173323
pandas/core/indexes/base.py::3136,0.173323
pandas/core/indexes/base.py::3140,0.173323
pandas/core/indexes/base.py::5315,0.173323
pandas/core/indexes/base.py::5327,0.173323
pandas/core/indexes/base.py::5328,0.173323
pandas/core/indexes/base.py::5332,0.173323
pandas/util/_validators.py::209,0.173323
pandas/util/_validators.py::214,0.173323
pandas/core/algorithms.py::1438,0.172673
pandas/core/algorithms.py::642,0.172673
pandas/core/indexers.py::191,0.172673
pandas/core/indexers.py::198,0.172673
pandas/core/indexers.py::199,0.172673
pandas/core/indexers.py::203,0.172673
pandas/core/indexers.py::204,0.172673
pandas/core/indexers.py::206,0.172673
pandas/core/internals/managers.py::1377,0.172673
pandas/core/internals/managers.py::1380,0.172673
pandas/core/internals/managers.py::1381,0.172673
pandas/core/internals/managers.py::1384,0.172673
pandas/core/internals/managers.py::1385,0.172673
pandas/core/internals/managers.py::1386,0.172673
pandas/core/internals/managers.py::1388,0.172673
pandas/core/internals/managers.py::1392,0.172673
pandas/core/internals/managers.py::1393,0.172673
pandas/core/internals/managers.py::1394,0.172673
pandas/core/algorithms.py::1976,0.172031
pandas/core/internals/blocks.py::258,0.172031
pandas/core/internals/blocks.py::673,0.172031
pandas/core/internals/blocks.py::674,0.172031
pandas/core/internals/blocks.py::675,0.172031
pandas/core/internals/blocks.py::676,0.172031
pandas/core/internals/managers.py::384,0.172031
pandas/core/internals/managers.py::387,0.172031
pandas/core/internals/managers.py::395,0.172031
pandas/core/internals/managers.py::397,0.172031
pandas/core/internals/managers.py::403,0.172031
pandas/core/internals/managers.py::409,0.172031
pandas/core/internals/managers.py::415,0.172031
pandas/core/internals/managers.py::419,0.172031
pandas/core/internals/managers.py::421,0.172031
pandas/core/internals/managers.py::426,0.172031
pandas/core/internals/managers.py::427,0.172031
pandas/core/internals/managers.py::432,0.172031
pandas/core/internals/managers.py::439,0.172031
pandas/core/internals/managers.py::442,0.172031
pandas/core/internals/managers.py::443,0.172031
pandas/core/internals/managers.py::445,0.172031
pandas/core/internals/managers.py::447,0.172031
pandas/core/internals/managers.py::448,0.172031
pandas/core/algorithms.py::621,0.171395
pandas/core/algorithms.py::623,0.171395
pandas/core/algorithms.py::626,0.171395
pandas/core/algorithms.py::628,0.171395
pandas/core/algorithms.py::629,0.171395
pandas/core/indexes/base.py::1650,0.171395
pandas/core/indexes/base.py::2690,0.171395
pandas/core/indexes/base.py::2691,0.171395
pandas/core/indexes/base.py::2692,0.171395
pandas/core/indexes/base.py::2698,0.171395
pandas/core/indexes/base.py::2701,0.171395
pandas/core/indexes/base.py::2702,0.171395
pandas/core/indexes/base.py::2707,0.171395
pandas/core/indexes/base.py::2714,0.171395
pandas/core/indexes/base.py::2719,0.171395
pandas/core/indexes/base.py::2721,0.171395
pandas/core/indexes/base.py::2724,0.171395
pandas/core/indexes/base.py::2729,0.171395
pandas/core/indexes/base.py::2735,0.171395
pandas/core/indexes/base.py::2737,0.171395
pandas/core/indexes/base.py::4472,0.171395
pandas/core/indexes/base.py::4474,0.171395
pandas/core/indexes/base.py::4477,0.171395
pandas/core/dtypes/common.py::217,0.170766
pandas/core/generic.py::5263,0.170766
pandas/core/generic.py::5264,0.170766
pandas/core/series.py::735,0.170766
pandas/core/common.py::131,0.170145
pandas/core/missing.py::602,0.170145
pandas/core/missing.py::75,0.170145
pandas/core/missing.py::76,0.170145
pandas/core/algorithms.py::1650,0.169530
pandas/core/indexes/base.py::732,0.169530
pandas/core/indexes/base.py::733,0.169530
pandas/core/indexes/base.py::734,0.169530
pandas/core/indexes/base.py::735,0.169530
pandas/core/indexes/base.py::736,0.169530
pandas/core/indexes/base.py::737,0.169530
pandas/core/indexes/base.py::754,0.169530
pandas/core/indexes/base.py::757,0.169530
pandas/core/indexes/base.py::767,0.169530
pandas/core/indexes/base.py::768,0.169530
pandas/core/internals/managers.py::663,0.169530
pandas/core/internals/managers.py::664,0.169530
pandas/core/frame.py::455,0.168921
pandas/core/frame.py::461,0.168921
pandas/core/frame.py::464,0.168921
pandas/core/generic.py::5371,0.168921
pandas/core/generic.py::5372,0.168921
pandas/core/internals/blocks.py::210,0.168921
pandas/core/internals/blocks.py::212,0.168921
pandas/core/internals/construction.py::126,0.168921
pandas/core/internals/construction.py::141,0.168921
pandas/core/internals/construction.py::142,0.168921
pandas/core/internals/construction.py::153,0.168921
pandas/core/internals/construction.py::169,0.168921
pandas/core/internals/construction.py::171,0.168921
pandas/core/internals/construction.py::181,0.168921
pandas/core/internals/construction.py::182,0.168921
pandas/core/internals/construction.py::187,0.168921
pandas/core/internals/construction.py::210,0.168921
pandas/core/internals/construction.py::261,0.168921
pandas/core/internals/construction.py::288,0.168921
pandas/core/internals/construction.py::289,0.168921
pandas/core/internals/construction.py::292,0.168921
pandas/core/internals/construction.py::294,0.168921
pandas/core/internals/construction.py::297,0.168921
pandas/core/internals/construction.py::421,0.168921
pandas/core/internals/construction.py::424,0.168921
pandas/core/internals/construction.py::426,0.168921
pandas/core/internals/construction.py::429,0.168921
pandas/core/internals/construction.py::430,0.168921
pandas/core/internals/managers.py::1644,0.168921
pandas/core/internals/managers.py::1645,0.168921
pandas/core/internals/managers.py::1657,0.168921
pandas/core/internals/managers.py::1658,0.168921
pandas/core/internals/managers.py::1659,0.168921
pandas/core/internals/managers.py::207,0.168921
pandas/core/internals/managers.py::208,0.168921
pandas/core/internals/managers.py::209,0.168921
pandas/core/internals/managers.py::813,0.168921
pandas/core/internals/managers.py::817,0.168921
pandas/core/internals/managers.py::820,0.168921
pandas/core/internals/managers.py::822,0.168921
pandas/core/internals/managers.py::827,0.168921
pandas/core/internals/managers.py::828,0.168921
pandas/core/internals/managers.py::832,0.168921
pandas/core/indexes/base.py::5292,0.168320
pandas/core/indexes/base.py::5295,0.168320
pandas/core/indexes/base.py::5300,0.168320
pandas/core/indexes/base.py::5320,0.168320
pandas/core/frame.py::436,0.167724
pandas/core/frame.py::454,0.167724
pandas/core/indexes/base.py::3714,0.167724
pandas/core/indexes/base.py::4023,0.167724
pandas/core/indexes/base.py::4026,0.167724
pandas/core/indexes/base.py::4030,0.167724
pandas/core/indexes/base.py::4036,0.167724
pandas/core/indexes/base.py::4037,0.167724
pandas/core/internals/blocks.py::1250,0.167724
pandas/core/internals/blocks.py::1251,0.167724
pandas/core/internals/managers.py::1349,0.167724
pandas/core/internals/managers.py::1350,0.167724
pandas/core/internals/managers.py::1351,0.167724
pandas/core/internals/managers.py::1352,0.167724
pandas/core/internals/managers.py::1353,0.167724
pandas/core/internals/managers.py::1354,0.167724
pandas/core/dtypes/common.py::1143,0.167135
pandas/core/dtypes/common.py::1316,0.167135
pandas/core/dtypes/common.py::1319,0.167135
pandas/core/dtypes/common.py::1320,0.167135
pandas/core/dtypes/common.py::1321,0.167135
pandas/core/dtypes/common.py::1643,0.167135
pandas/core/dtypes/common.py::1886,0.167135
pandas/core/internals/managers.py::1328,0.167135
pandas/core/internals/managers.py::1336,0.167135
pandas/core/internals/managers.py::1339,0.167135
pandas/core/internals/blocks.py::1247,0.166552
pandas/core/internals/blocks.py::1249,0.166552
pandas/core/internals/blocks.py::1256,0.166552
pandas/core/internals/blocks.py::1257,0.166552
pandas/core/internals/blocks.py::1262,0.166552
pandas/core/internals/blocks.py::1263,0.166552
pandas/core/internals/blocks.py::1266,0.166552
pandas/core/internals/blocks.py::1269,0.166552
pandas/core/internals/blocks.py::225,0.166552
pandas/core/arrays/numpy_.py::186,0.165975
pandas/core/generic.py::383,0.165975
pandas/core/generic.py::384,0.165975
pandas/core/generic.py::385,0.165975
pandas/core/generic.py::386,0.165975
pandas/core/generic.py::414,0.165975
pandas/core/generic.py::415,0.165975
pandas/core/generic.py::416,0.165975
pandas/core/generic.py::417,0.165975
pandas/core/indexes/base.py::1717,0.165975
pandas/core/internals/blocks.py::260,0.165975
pandas/core/internals/managers.py::1238,0.165975
pandas/core/internals/managers.py::1247,0.165975
pandas/core/internals/managers.py::1250,0.165975
pandas/core/internals/managers.py::1253,0.165975
pandas/core/internals/managers.py::1256,0.165975
pandas/core/internals/managers.py::1257,0.165975
pandas/core/internals/managers.py::1270,0.165975
pandas/core/internals/managers.py::1271,0.165975
pandas/core/internals/managers.py::1272,0.165975
pandas/core/internals/managers.py::1285,0.165975
pandas/core/internals/managers.py::1287,0.165975
pandas/core/internals/managers.py::1288,0.165975
pandas/core/internals/managers.py::1291,0.165975
pandas/core/internals/managers.py::1310,0.165975
pandas/core/internals/managers.py::1314,0.165975
pandas/core/internals/managers.py::1315,0.165975
pandas/core/internals/managers.py::1317,0.165975
pandas/core/internals/managers.py::1318,0.165975
pandas/core/internals/managers.py::1326,0.165975
pandas/core/internals/managers.py::1327,0.165975
pandas/core/internals/managers.py::1358,0.165975
pandas/core/internals/managers.py::1971,0.165975
pandas/core/internals/managers.py::1978,0.165975
pandas/core/internals/managers.py::1982,0.165975
pandas/core/internals/managers.py::1983,0.165975
pandas/core/internals/managers.py::1985,0.165975
pandas/core/arrays/sparse/dtype.py::209,0.165404
pandas/core/arrays/sparse/dtype.py::210,0.165404
pandas/core/arrays/sparse/dtype.py::228,0.165404
pandas/core/dtypes/base.py::237,0.165404
pandas/core/dtypes/base.py::242,0.165404
pandas/core/dtypes/base.py::243,0.165404
pandas/core/dtypes/base.py::244,0.165404
pandas/core/dtypes/cast.py::759,0.165404
pandas/core/dtypes/dtypes.py::100,0.165404
pandas/core/dtypes/dtypes.py::102,0.165404
pandas/core/dtypes/dtypes.py::1077,0.165404
pandas/core/dtypes/dtypes.py::1080,0.165404
pandas/core/dtypes/dtypes.py::1084,0.165404
pandas/core/dtypes/dtypes.py::1089,0.165404
pandas/core/dtypes/dtypes.py::354,0.165404
pandas/core/dtypes/dtypes.py::356,0.165404
pandas/core/dtypes/dtypes.py::357,0.165404
pandas/core/dtypes/dtypes.py::731,0.165404
pandas/core/dtypes/dtypes.py::732,0.165404
pandas/core/dtypes/dtypes.py::733,0.165404
pandas/core/dtypes/dtypes.py::734,0.165404
pandas/core/dtypes/dtypes.py::744,0.165404
pandas/core/dtypes/dtypes.py::873,0.165404
pandas/core/dtypes/dtypes.py::874,0.165404
pandas/core/dtypes/dtypes.py::875,0.165404
pandas/core/dtypes/dtypes.py::883,0.165404
pandas/core/dtypes/dtypes.py::884,0.165404
pandas/core/dtypes/dtypes.py::887,0.165404
pandas/core/dtypes/dtypes.py::96,0.165404
pandas/core/dtypes/dtypes.py::97,0.165404
pandas/core/dtypes/dtypes.py::98,0.165404
pandas/core/dtypes/dtypes.py::99,0.165404
pandas/core/indexes/base.py::728,0.165404
pandas/core/indexes/base.py::730,0.165404
pandas/core/indexes/base.py::731,0.165404
pandas/core/indexes/base.py::746,0.165404
pandas/core/algorithms.py::1629,0.164839
pandas/core/algorithms.py::1632,0.164839
pandas/core/algorithms.py::1633,0.164839
pandas/core/algorithms.py::1634,0.164839
pandas/core/algorithms.py::1658,0.164839
pandas/core/base.py::1069,0.164839
pandas/core/base.py::1071,0.164839
pandas/core/base.py::1074,0.164839
pandas/core/dtypes/cast.py::757,0.164839
pandas/core/dtypes/cast.py::758,0.164839
pandas/core/arrays/numpy_.py::141,0.164280
pandas/core/arrays/numpy_.py::143,0.164280
pandas/core/arrays/numpy_.py::148,0.164280
pandas/core/arrays/numpy_.py::151,0.164280
pandas/core/arrays/numpy_.py::154,0.164280
pandas/core/arrays/numpy_.py::155,0.164280
pandas/core/arrays/numpy_.py::44,0.164280
pandas/core/arrays/numpy_.py::45,0.164280
pandas/core/arrays/numpy_.py::46,0.164280
pandas/core/arrays/numpy_.py::47,0.164280
pandas/core/base.py::765,0.164280
pandas/core/base.py::767,0.164280
pandas/core/indexing.py::1680,0.164280
pandas/core/frame.py::530,0.163726
pandas/compat/numpy/function.py::56,0.163178
pandas/core/base.py::759,0.163178
pandas/core/base.py::764,0.163178
pandas/core/dtypes/common.py::1104,0.163178
pandas/core/frame.py::552,0.163178
pandas/core/series.py::533,0.163178
pandas/core/algorithms.py::1436,0.162635
pandas/core/algorithms.py::1437,0.162635
pandas/core/algorithms.py::1606,0.162635
pandas/core/algorithms.py::1607,0.162635
pandas/core/algorithms.py::1628,0.162635
pandas/core/algorithms.py::1956,0.162635
pandas/core/algorithms.py::1961,0.162635
pandas/core/algorithms.py::1966,0.162635
pandas/core/algorithms.py::1973,0.162635
pandas/core/algorithms.py::1975,0.162635
pandas/core/algorithms.py::1981,0.162635
pandas/core/algorithms.py::1982,0.162635
pandas/core/algorithms.py::1983,0.162635
pandas/core/algorithms.py::1990,0.162635
pandas/core/algorithms.py::1993,0.162635
pandas/core/algorithms.py::1998,0.162635
pandas/core/algorithms.py::2000,0.162635
pandas/core/algorithms.py::2002,0.162635
pandas/core/algorithms.py::2005,0.162635
pandas/core/algorithms.py::2012,0.162635
pandas/core/algorithms.py::2014,0.162635
pandas/core/algorithms.py::2015,0.162635
pandas/core/algorithms.py::2016,0.162635
pandas/core/algorithms.py::2019,0.162635
pandas/core/algorithms.py::2031,0.162635
pandas/core/algorithms.py::2034,0.162635
pandas/core/algorithms.py::633,0.162635
pandas/core/algorithms.py::634,0.162635
pandas/core/dtypes/missing.py::433,0.162635
pandas/core/dtypes/missing.py::436,0.162635
pandas/core/dtypes/missing.py::441,0.162635
pandas/core/frame.py::401,0.162635
pandas/core/frame.py::431,0.162635
pandas/core/frame.py::432,0.162635
pandas/core/generic.py::225,0.162635
pandas/core/generic.py::226,0.162635
pandas/core/generic.py::232,0.162635
pandas/core/generic.py::234,0.162635
pandas/core/generic.py::238,0.162635
pandas/core/generic.py::251,0.162635
pandas/core/generic.py::253,0.162635
pandas/core/generic.py::396,0.162635
pandas/core/generic.py::397,0.162635
pandas/core/generic.py::401,0.162635
pandas/core/generic.py::402,0.162635
pandas/core/generic.py::408,0.162635
pandas/core/generic.py::409,0.162635
pandas/core/generic.py::5139,0.162635
pandas/core/generic.py::5140,0.162635
pandas/core/generic.py::5143,0.162635
pandas/core/generic.py::5145,0.162635
pandas/core/generic.py::5225,0.162635
pandas/core/generic.py::5226,0.162635
pandas/core/generic.py::5227,0.162635
pandas/core/generic.py::5229,0.162635
pandas/core/generic.py::5234,0.162635
pandas/core/generic.py::5235,0.162635
pandas/core/generic.py::5237,0.162635
pandas/core/indexes/base.py::1200,0.162635
pandas/core/internals/blocks.py::2987,0.162635
pandas/core/internals/blocks.py::2989,0.162635
pandas/core/internals/blocks.py::2991,0.162635
pandas/core/internals/blocks.py::2997,0.162635
pandas/core/internals/blocks.py::3000,0.162635
pandas/core/internals/blocks.py::3001,0.162635
pandas/core/internals/managers.py::201,0.162635
pandas/core/internals/managers.py::204,0.162635
pandas/core/internals/managers.py::935,0.162635
pandas/core/internals/managers.py::936,0.162635
pandas/core/algorithms.py::184,0.162098
pandas/core/algorithms.py::186,0.162098
pandas/core/algorithms.py::192,0.162098
pandas/core/algorithms.py::193,0.162098
pandas/core/algorithms.py::195,0.162098
pandas/core/algorithms.py::202,0.162098
pandas/core/algorithms.py::210,0.162098
pandas/core/algorithms.py::474,0.162098
pandas/core/algorithms.py::476,0.162098
pandas/core/algorithms.py::477,0.162098
pandas/core/algorithms.py::479,0.162098
pandas/core/algorithms.py::480,0.162098
pandas/core/algorithms.py::613,0.162098
pandas/core/algorithms.py::614,0.162098
pandas/core/algorithms.py::616,0.162098
pandas/core/algorithms.py::632,0.162098
pandas/core/algorithms.py::637,0.162098
pandas/core/algorithms.py::640,0.162098
pandas/core/algorithms.py::647,0.162098
pandas/core/base.py::753,0.162098
pandas/core/base.py::755,0.162098
pandas/core/base.py::769,0.162098
pandas/core/dtypes/cast.py::430,0.162098
pandas/core/dtypes/cast.py::433,0.162098
pandas/core/dtypes/common.py::1064,0.162098
pandas/core/dtypes/common.py::1066,0.162098
pandas/core/dtypes/common.py::1067,0.162098
pandas/core/dtypes/common.py::1073,0.162098
pandas/core/dtypes/common.py::611,0.162098
pandas/core/dtypes/common.py::612,0.162098
pandas/core/generic.py::1814,0.162098
pandas/core/generic.py::478,0.162098
pandas/core/indexes/base.py::3863,0.162098
pandas/core/indexes/base.py::3864,0.162098
pandas/core/indexes/base.py::3865,0.162098
pandas/core/common.py::127,0.161566
pandas/core/common.py::128,0.161566
pandas/core/construction.py::531,0.161566
pandas/core/construction.py::534,0.161566
pandas/core/construction.py::537,0.161566
pandas/core/construction.py::540,0.161566
pandas/core/construction.py::545,0.161566
pandas/core/construction.py::546,0.161566
pandas/core/construction.py::567,0.161566
pandas/core/dtypes/cast.py::1070,0.161566
pandas/core/dtypes/cast.py::1440,0.161566
pandas/core/dtypes/cast.py::1442,0.161566
pandas/core/dtypes/cast.py::1454,0.161566
pandas/core/dtypes/common.py::712,0.161566
pandas/core/dtypes/common.py::713,0.161566
pandas/core/dtypes/common.py::714,0.161566
pandas/core/dtypes/common.py::715,0.161566
pandas/core/dtypes/missing.py::231,0.161566
pandas/core/dtypes/missing.py::243,0.161566
pandas/core/dtypes/missing.py::245,0.161566
pandas/core/frame.py::2776,0.161566
pandas/core/indexes/base.py::1370,0.161566
pandas/core/indexes/base.py::3670,0.161566
pandas/core/internals/blocks.py::2951,0.161566
pandas/core/dtypes/common.py::1866,0.161039
pandas/core/dtypes/common.py::1867,0.161039
pandas/core/dtypes/common.py::1872,0.161039
pandas/core/dtypes/common.py::1873,0.161039
pandas/core/dtypes/common.py::1883,0.161039
pandas/core/dtypes/missing.py::137,0.161039
pandas/core/dtypes/missing.py::139,0.161039
pandas/core/dtypes/missing.py::141,0.161039
pandas/core/dtypes/missing.py::142,0.161039
pandas/core/dtypes/missing.py::144,0.161039
pandas/core/dtypes/missing.py::145,0.161039
pandas/core/dtypes/missing.py::146,0.161039
pandas/core/dtypes/missing.py::147,0.161039
pandas/core/dtypes/missing.py::148,0.161039
pandas/core/dtypes/missing.py::149,0.161039
pandas/core/dtypes/missing.py::152,0.161039
pandas/core/dtypes/missing.py::226,0.161039
pandas/core/dtypes/missing.py::228,0.161039
pandas/core/dtypes/missing.py::235,0.161039
pandas/core/dtypes/missing.py::237,0.161039
pandas/core/dtypes/missing.py::265,0.161039
pandas/core/dtypes/missing.py::268,0.161039
pandas/core/indexes/numeric.py::160,0.161039
pandas/core/algorithms.py::1432,0.160518
pandas/core/algorithms.py::1433,0.160518
pandas/core/algorithms.py::1434,0.160518
pandas/core/algorithms.py::1435,0.160518
pandas/core/algorithms.py::1441,0.160518
pandas/core/algorithms.py::1442,0.160518
pandas/core/algorithms.py::1592,0.160518
pandas/core/algorithms.py::1594,0.160518
pandas/core/algorithms.py::1597,0.160518
pandas/core/algorithms.py::1598,0.160518
pandas/core/algorithms.py::1600,0.160518
pandas/core/algorithms.py::1604,0.160518
pandas/core/algorithms.py::1605,0.160518
pandas/core/algorithms.py::1611,0.160518
pandas/core/algorithms.py::1612,0.160518
pandas/core/algorithms.py::1626,0.160518
pandas/core/algorithms.py::1627,0.160518
pandas/core/algorithms.py::1631,0.160518
pandas/core/algorithms.py::1639,0.160518
pandas/core/algorithms.py::1640,0.160518
pandas/core/algorithms.py::1641,0.160518
pandas/core/algorithms.py::1642,0.160518
pandas/core/algorithms.py::1643,0.160518
pandas/core/algorithms.py::1648,0.160518
pandas/core/algorithms.py::1652,0.160518
pandas/core/algorithms.py::1653,0.160518
pandas/core/algorithms.py::1655,0.160518
pandas/core/algorithms.py::1657,0.160518
pandas/core/algorithms.py::1659,0.160518
pandas/core/algorithms.py::241,0.160518
pandas/core/algorithms.py::244,0.160518
pandas/core/algorithms.py::245,0.160518
pandas/core/algorithms.py::249,0.160518
pandas/core/algorithms.py::251,0.160518
pandas/core/algorithms.py::252,0.160518
pandas/core/algorithms.py::254,0.160518
pandas/core/algorithms.py::270,0.160518
pandas/core/algorithms.py::271,0.160518
pandas/core/algorithms.py::278,0.160518
pandas/core/algorithms.py::88,0.160518
pandas/core/algorithms.py::90,0.160518
pandas/core/common.py::347,0.160518
pandas/core/common.py::350,0.160518
pandas/core/dtypes/cast.py::361,0.160518
pandas/core/dtypes/cast.py::367,0.160518
pandas/core/dtypes/cast.py::385,0.160518
pandas/core/dtypes/cast.py::396,0.160518
pandas/core/dtypes/cast.py::415,0.160518
pandas/core/dtypes/cast.py::426,0.160518
pandas/core/dtypes/cast.py::429,0.160518
pandas/core/dtypes/cast.py::446,0.160518
pandas/core/dtypes/cast.py::450,0.160518
pandas/core/dtypes/cast.py::451,0.160518
pandas/core/dtypes/cast.py::454,0.160518
pandas/core/dtypes/cast.py::455,0.160518
pandas/core/dtypes/cast.py::492,0.160518
pandas/core/dtypes/cast.py::494,0.160518
pandas/core/dtypes/cast.py::497,0.160518
pandas/core/dtypes/cast.py::498,0.160518
pandas/core/dtypes/cast.py::519,0.160518
pandas/core/dtypes/cast.py::521,0.160518
pandas/core/dtypes/cast.py::523,0.160518
pandas/core/dtypes/cast.py::527,0.160518
pandas/core/dtypes/common.py::1662,0.160518
pandas/core/dtypes/common.py::1664,0.160518
pandas/core/dtypes/common.py::1665,0.160518
pandas/core/dtypes/common.py::1668,0.160518
pandas/core/dtypes/common.py::1696,0.160518
pandas/core/dtypes/common.py::604,0.160518
pandas/core/dtypes/common.py::605,0.160518
pandas/core/dtypes/common.py::607,0.160518
pandas/core/dtypes/common.py::614,0.160518
pandas/core/dtypes/inference.py::250,0.160518
pandas/core/dtypes/missing.py::126,0.160518
pandas/core/dtypes/missing.py::134,0.160518
pandas/core/dtypes/missing.py::135,0.160518
pandas/core/frame.py::2768,0.160518
pandas/core/frame.py::2769,0.160518
pandas/core/frame.py::2771,0.160518
pandas/core/frame.py::2773,0.160518
pandas/core/frame.py::2774,0.160518
pandas/core/frame.py::3064,0.160518
pandas/core/frame.py::3065,0.160518
pandas/core/frame.py::3068,0.160518
pandas/core/frame.py::3074,0.160518
pandas/core/frame.py::3075,0.160518
pandas/core/generic.py::3195,0.160518
pandas/core/generic.py::3537,0.160518
pandas/core/generic.py::3538,0.160518
pandas/core/generic.py::3539,0.160518
pandas/core/generic.py::3540,0.160518
pandas/core/generic.py::3541,0.160518
pandas/core/generic.py::3542,0.160518
pandas/core/generic.py::3543,0.160518
pandas/core/generic.py::3546,0.160518
pandas/core/generic.py::3547,0.160518
pandas/core/generic.py::5156,0.160518
pandas/core/generic.py::5160,0.160518
pandas/core/generic.py::5175,0.160518
pandas/core/generic.py::5176,0.160518
pandas/core/generic.py::5177,0.160518
pandas/core/generic.py::5178,0.160518
pandas/core/generic.py::5179,0.160518
pandas/core/generic.py::5183,0.160518
pandas/core/generic.py::5184,0.160518
pandas/core/generic.py::5185,0.160518
pandas/core/generic.py::5186,0.160518
pandas/core/indexes/base.py::1166,0.160518
pandas/core/indexes/base.py::1643,0.160518
pandas/core/indexes/base.py::2621,0.160518
pandas/core/indexes/base.py::2622,0.160518
pandas/core/indexes/base.py::2627,0.160518
pandas/core/indexes/base.py::2628,0.160518
pandas/core/indexes/base.py::491,0.160518
pandas/core/indexes/base.py::510,0.160518
pandas/core/indexes/base.py::511,0.160518
pandas/core/indexes/base.py::512,0.160518
pandas/core/indexes/base.py::513,0.160518
pandas/core/indexes/base.py::514,0.160518
pandas/core/indexes/base.py::518,0.160518
pandas/core/indexes/base.py::519,0.160518
pandas/core/indexes/base.py::524,0.160518
pandas/core/internals/blocks.py::203,0.160518
pandas/core/internals/blocks.py::257,0.160518
pandas/core/internals/blocks.py::259,0.160518
pandas/core/internals/blocks.py::261,0.160518
pandas/core/internals/blocks.py::2974,0.160518
pandas/core/internals/blocks.py::346,0.160518
pandas/core/internals/managers.py::1474,0.160518
pandas/core/internals/managers.py::1482,0.160518
pandas/core/internals/managers.py::1495,0.160518
pandas/core/internals/managers.py::1498,0.160518
pandas/core/internals/managers.py::1501,0.160518
pandas/core/internals/managers.py::1506,0.160518
pandas/core/internals/managers.py::1510,0.160518
pandas/core/internals/managers.py::1512,0.160518
pandas/core/internals/managers.py::1515,0.160518
pandas/core/internals/managers.py::1522,0.160518
pandas/core/internals/managers.py::1550,0.160518
pandas/core/internals/managers.py::1566,0.160518
pandas/core/internals/managers.py::315,0.160518
pandas/core/internals/managers.py::954,0.160518
pandas/core/internals/managers.py::956,0.160518
pandas/core/internals/managers.py::957,0.160518
pandas/core/internals/managers.py::968,0.160518
pandas/core/internals/managers.py::985,0.160518
pandas/core/internals/managers.py::986,0.160518
pandas/core/internals/managers.py::989,0.160518
pandas/core/internals/managers.py::991,0.160518
pandas/core/internals/managers.py::992,0.160518
pandas/core/internals/managers.py::995,0.160518
pandas/core/series.py::202,0.160518
pandas/core/series.py::205,0.160518
pandas/core/series.py::207,0.160518
pandas/core/series.py::209,0.160518
pandas/core/series.py::323,0.160518
pandas/core/series.py::324,0.160518
pandas/core/series.py::325,0.160518
pandas/core/series.py::395,0.160518
pandas/core/series.py::398,0.160518
pandas/core/series.py::399,0.160518
pandas/core/series.py::411,0.160518
pandas/core/series.py::413,0.160518
pandas/core/series.py::414,0.160518
pandas/core/series.py::418,0.160518
pandas/core/series.py::421,0.160518
pandas/core/series.py::433,0.160518
pandas/core/series.py::444,0.160518
pandas/core/series.py::448,0.160518
pandas/core/series.py::450,0.160518
pandas/core/series.py::499,0.160518
pandas/_config/config.py::111,0.160001
pandas/_config/config.py::112,0.160001
pandas/_config/config.py::116,0.160001
pandas/_config/config.py::118,0.160001
pandas/_config/config.py::122,0.160001
pandas/_config/config.py::123,0.160001
pandas/_config/config.py::125,0.160001
pandas/_config/config.py::126,0.160001
pandas/_config/config.py::127,0.160001
pandas/_config/config.py::130,0.160001
pandas/_config/config.py::131,0.160001
pandas/_config/config.py::133,0.160001
pandas/_config/config.py::232,0.160001
pandas/_config/config.py::541,0.160001
pandas/_config/config.py::545,0.160001
pandas/_config/config.py::546,0.160001
pandas/_config/config.py::549,0.160001
pandas/_config/config.py::553,0.160001
pandas/_config/config.py::554,0.160001
pandas/_config/config.py::555,0.160001
pandas/_config/config.py::556,0.160001
pandas/_config/config.py::557,0.160001
pandas/_config/config.py::576,0.160001
pandas/_config/config.py::577,0.160001
pandas/_config/config.py::578,0.160001
pandas/_config/config.py::579,0.160001
pandas/_config/config.py::592,0.160001
pandas/_config/config.py::601,0.160001
pandas/_config/config.py::602,0.160001
pandas/_config/config.py::605,0.160001
pandas/_config/config.py::617,0.160001
pandas/_config/config.py::618,0.160001
pandas/_config/config.py::633,0.160001
pandas/_config/config.py::807,0.160001
pandas/_config/config.py::84,0.160001
pandas/_config/config.py::85,0.160001
pandas/_config/config.py::89,0.160001
pandas/_config/config.py::91,0.160001
pandas/_config/config.py::93,0.160001
pandas/_config/config.py::94,0.160001
pandas/_config/config.py::96,0.160001
pandas/_config/config.py::98,0.160001
pandas/conftest.py::50,0.160001
pandas/conftest.py::53,0.160001
pandas/conftest.py::56,0.160001
pandas/conftest.py::59,0.160001
pandas/conftest.py::62,0.160001
pandas/conftest.py::73,0.160001
pandas/conftest.py::81,0.160001
pandas/conftest.py::82,0.160001
pandas/core/base.py::893,0.160001
pandas/core/base.py::898,0.160001
pandas/core/common.py::169,0.160001
pandas/core/common.py::171,0.160001
pandas/core/common.py::192,0.160001
pandas/core/common.py::226,0.160001
pandas/core/common.py::228,0.160001
pandas/core/common.py::231,0.160001
pandas/core/common.py::232,0.160001
pandas/core/common.py::234,0.160001
pandas/core/common.py::236,0.160001
pandas/core/common.py::239,0.160001
pandas/core/common.py::244,0.160001
pandas/core/common.py::284,0.160001
pandas/core/common.py::286,0.160001
pandas/core/construction.py::379,0.160001
pandas/core/construction.py::382,0.160001
pandas/core/construction.py::385,0.160001
pandas/core/construction.py::395,0.160001
pandas/core/construction.py::398,0.160001
pandas/core/construction.py::408,0.160001
pandas/core/construction.py::411,0.160001
pandas/core/construction.py::413,0.160001
pandas/core/construction.py::424,0.160001
pandas/core/construction.py::426,0.160001
pandas/core/construction.py::436,0.160001
pandas/core/construction.py::437,0.160001
pandas/core/construction.py::440,0.160001
pandas/core/construction.py::442,0.160001
pandas/core/construction.py::452,0.160001
pandas/core/construction.py::471,0.160001
pandas/core/construction.py::472,0.160001
pandas/core/construction.py::475,0.160001
pandas/core/construction.py::486,0.160001
pandas/core/construction.py::489,0.160001
pandas/core/construction.py::498,0.160001
pandas/core/construction.py::499,0.160001
pandas/core/construction.py::500,0.160001
pandas/core/construction.py::503,0.160001
pandas/core/construction.py::527,0.160001
pandas/core/construction.py::528,0.160001
pandas/core/construction.py::529,0.160001
pandas/core/dtypes/base.py::271,0.160001
pandas/core/dtypes/base.py::273,0.160001
pandas/core/dtypes/base.py::278,0.160001
pandas/core/dtypes/base.py::279,0.160001
pandas/core/dtypes/base.py::281,0.160001
pandas/core/dtypes/base.py::283,0.160001
pandas/core/dtypes/base.py::288,0.160001
pandas/core/dtypes/cast.py::1026,0.160001
pandas/core/dtypes/cast.py::1027,0.160001
pandas/core/dtypes/cast.py::1029,0.160001
pandas/core/dtypes/cast.py::1032,0.160001
pandas/core/dtypes/cast.py::1054,0.160001
pandas/core/dtypes/cast.py::1055,0.160001
pandas/core/dtypes/cast.py::1058,0.160001
pandas/core/dtypes/cast.py::1062,0.160001
pandas/core/dtypes/cast.py::1064,0.160001
pandas/core/dtypes/cast.py::1066,0.160001
pandas/core/dtypes/cast.py::1069,0.160001
pandas/core/dtypes/cast.py::1072,0.160001
pandas/core/dtypes/cast.py::1073,0.160001
pandas/core/dtypes/cast.py::1076,0.160001
pandas/core/dtypes/cast.py::1079,0.160001
pandas/core/dtypes/cast.py::1104,0.160001
pandas/core/dtypes/cast.py::1115,0.160001
pandas/core/dtypes/cast.py::1117,0.160001
pandas/core/dtypes/cast.py::1119,0.160001
pandas/core/dtypes/cast.py::1121,0.160001
pandas/core/dtypes/cast.py::1123,0.160001
pandas/core/dtypes/cast.py::1139,0.160001
pandas/core/dtypes/cast.py::1146,0.160001
pandas/core/dtypes/cast.py::1147,0.160001
pandas/core/dtypes/cast.py::1149,0.160001
pandas/core/dtypes/cast.py::1248,0.160001
pandas/core/dtypes/cast.py::1252,0.160001
pandas/core/dtypes/cast.py::1265,0.160001
pandas/core/dtypes/cast.py::1267,0.160001
pandas/core/dtypes/cast.py::1270,0.160001
pandas/core/dtypes/cast.py::1272,0.160001
pandas/core/dtypes/cast.py::1411,0.160001
pandas/core/dtypes/cast.py::1412,0.160001
pandas/core/dtypes/cast.py::1413,0.160001
pandas/core/dtypes/cast.py::71,0.160001
pandas/core/dtypes/cast.py::72,0.160001
pandas/core/dtypes/cast.py::73,0.160001
pandas/core/dtypes/cast.py::74,0.160001
pandas/core/dtypes/cast.py::76,0.160001
pandas/core/dtypes/cast.py::78,0.160001
pandas/core/dtypes/common.py::1021,0.160001
pandas/core/dtypes/common.py::1022,0.160001
pandas/core/dtypes/common.py::1023,0.160001
pandas/core/dtypes/common.py::1431,0.160001
pandas/core/dtypes/common.py::1474,0.160001
pandas/core/dtypes/common.py::1476,0.160001
pandas/core/dtypes/common.py::1477,0.160001
pandas/core/dtypes/common.py::1481,0.160001
pandas/core/dtypes/common.py::1485,0.160001
pandas/core/dtypes/common.py::1492,0.160001
pandas/core/dtypes/common.py::1496,0.160001
pandas/core/dtypes/common.py::1609,0.160001
pandas/core/dtypes/common.py::1610,0.160001
pandas/core/dtypes/common.py::1691,0.160001
pandas/core/dtypes/common.py::1695,0.160001
pandas/core/dtypes/common.py::1697,0.160001
pandas/core/dtypes/common.py::1701,0.160001
pandas/core/dtypes/common.py::1702,0.160001
pandas/core/dtypes/common.py::1704,0.160001
pandas/core/dtypes/common.py::1722,0.160001
pandas/core/dtypes/common.py::1723,0.160001
pandas/core/dtypes/common.py::1726,0.160001
pandas/core/dtypes/common.py::1727,0.160001
pandas/core/dtypes/common.py::1728,0.160001
pandas/core/dtypes/common.py::1734,0.160001
pandas/core/dtypes/common.py::1735,0.160001
pandas/core/dtypes/common.py::1738,0.160001
pandas/core/dtypes/common.py::1739,0.160001
pandas/core/dtypes/common.py::1741,0.160001
pandas/core/dtypes/common.py::1742,0.160001
pandas/core/dtypes/common.py::1749,0.160001
pandas/core/dtypes/common.py::1860,0.160001
pandas/core/dtypes/common.py::1862,0.160001
pandas/core/dtypes/common.py::1863,0.160001
pandas/core/dtypes/common.py::195,0.160001
pandas/core/dtypes/common.py::197,0.160001
pandas/core/dtypes/common.py::198,0.160001
pandas/core/dtypes/common.py::199,0.160001
pandas/core/dtypes/common.py::202,0.160001
pandas/core/dtypes/common.py::207,0.160001
pandas/core/dtypes/common.py::215,0.160001
pandas/core/dtypes/common.py::216,0.160001
pandas/core/dtypes/common.py::248,0.160001
pandas/core/dtypes/common.py::293,0.160001
pandas/core/dtypes/common.py::295,0.160001
pandas/core/dtypes/common.py::296,0.160001
pandas/core/dtypes/common.py::368,0.160001
pandas/core/dtypes/common.py::399,0.160001
pandas/core/dtypes/common.py::435,0.160001
pandas/core/dtypes/common.py::437,0.160001
pandas/core/dtypes/common.py::468,0.160001
pandas/core/dtypes/common.py::500,0.160001
pandas/core/dtypes/common.py::501,0.160001
pandas/core/dtypes/common.py::502,0.160001
pandas/core/dtypes/common.py::536,0.160001
pandas/core/dtypes/common.py::537,0.160001
pandas/core/dtypes/common.py::538,0.160001
pandas/core/dtypes/common.py::569,0.160001
pandas/core/dtypes/common.py::570,0.160001
pandas/core/dtypes/common.py::571,0.160001
pandas/core/dtypes/common.py::826,0.160001
pandas/core/dtypes/common.py::883,0.160001
pandas/core/dtypes/common.py::930,0.160001
pandas/core/dtypes/common.py::931,0.160001
pandas/core/dtypes/dtypes.py::1130,0.160001
pandas/core/dtypes/dtypes.py::1141,0.160001
pandas/core/dtypes/dtypes.py::87,0.160001
pandas/core/dtypes/dtypes.py::88,0.160001
pandas/core/dtypes/dtypes.py::89,0.160001
pandas/core/dtypes/dtypes.py::90,0.160001
pandas/core/dtypes/dtypes.py::91,0.160001
pandas/core/dtypes/dtypes.py::923,0.160001
pandas/core/dtypes/dtypes.py::936,0.160001
pandas/core/dtypes/dtypes.py::94,0.160001
pandas/core/dtypes/generic.py::12,0.160001
pandas/core/dtypes/inference.py::124,0.160001
pandas/core/dtypes/inference.py::127,0.160001
pandas/core/dtypes/inference.py::387,0.160001
pandas/core/dtypes/inference.py::388,0.160001
pandas/core/dtypes/inference.py::392,0.160001
pandas/core/frame.py::422,0.160001
pandas/core/frame.py::424,0.160001
pandas/core/frame.py::427,0.160001
pandas/core/frame.py::430,0.160001
pandas/core/frame.py::434,0.160001
pandas/core/frame.py::435,0.160001
pandas/core/frame.py::511,0.160001
pandas/core/generic.py::204,0.160001
pandas/core/generic.py::214,0.160001
pandas/core/generic.py::215,0.160001
pandas/core/generic.py::216,0.160001
pandas/core/generic.py::217,0.160001
pandas/core/generic.py::218,0.160001
pandas/core/generic.py::221,0.160001
pandas/core/indexes/base.py::1170,0.160001
pandas/core/indexes/base.py::1176,0.160001
pandas/core/indexes/base.py::1177,0.160001
pandas/core/indexes/base.py::280,0.160001
pandas/core/indexes/base.py::281,0.160001
pandas/core/indexes/base.py::282,0.160001
pandas/core/indexes/base.py::283,0.160001
pandas/core/indexes/base.py::284,0.160001
pandas/core/indexes/base.py::286,0.160001
pandas/core/indexes/base.py::288,0.160001
pandas/core/indexes/base.py::293,0.160001
pandas/core/indexes/base.py::295,0.160001
pandas/core/indexes/base.py::299,0.160001
pandas/core/indexes/base.py::303,0.160001
pandas/core/indexes/base.py::314,0.160001
pandas/core/indexes/base.py::315,0.160001
pandas/core/indexes/base.py::316,0.160001
pandas/core/indexes/base.py::331,0.160001
pandas/core/indexes/base.py::341,0.160001
pandas/core/indexes/base.py::347,0.160001
pandas/core/indexes/base.py::360,0.160001
pandas/core/indexes/base.py::361,0.160001
pandas/core/indexes/base.py::3640,0.160001
pandas/core/indexes/base.py::367,0.160001
pandas/core/indexes/base.py::368,0.160001
pandas/core/indexes/base.py::371,0.160001
pandas/core/indexes/base.py::373,0.160001
pandas/core/indexes/base.py::375,0.160001
pandas/core/indexes/base.py::377,0.160001
pandas/core/indexes/base.py::380,0.160001
pandas/core/indexes/base.py::384,0.160001
pandas/core/indexes/base.py::387,0.160001
pandas/core/indexes/base.py::388,0.160001
pandas/core/indexes/base.py::3888,0.160001
pandas/core/indexes/base.py::3889,0.160001
pandas/core/indexes/base.py::389,0.160001
pandas/core/indexes/base.py::3891,0.160001
pandas/core/indexes/base.py::3892,0.160001
pandas/core/indexes/base.py::3893,0.160001
pandas/core/indexes/base.py::390,0.160001
pandas/core/indexes/base.py::391,0.160001
pandas/core/indexes/base.py::394,0.160001
pandas/core/indexes/base.py::396,0.160001
pandas/core/indexes/base.py::399,0.160001
pandas/core/indexes/base.py::401,0.160001
pandas/core/indexes/base.py::4020,0.160001
pandas/core/indexes/base.py::4021,0.160001
pandas/core/indexes/base.py::403,0.160001
pandas/core/indexes/base.py::406,0.160001
pandas/core/indexes/base.py::408,0.160001
pandas/core/indexes/base.py::411,0.160001
pandas/core/indexes/base.py::420,0.160001
pandas/core/indexes/base.py::421,0.160001
pandas/core/indexes/base.py::462,0.160001
pandas/core/indexes/base.py::468,0.160001
pandas/core/indexes/base.py::469,0.160001
pandas/core/indexes/base.py::475,0.160001
pandas/core/indexes/base.py::476,0.160001
pandas/core/indexes/base.py::478,0.160001
pandas/core/indexes/base.py::5288,0.160001
pandas/core/indexes/base.py::5289,0.160001
pandas/core/indexes/base.py::5291,0.160001
pandas/core/indexes/base.py::5351,0.160001
pandas/core/indexes/base.py::5353,0.160001
pandas/core/indexes/base.py::5360,0.160001
pandas/core/indexes/base.py::5366,0.160001
pandas/core/indexes/base.py::5369,0.160001
pandas/core/indexes/base.py::5392,0.160001
pandas/core/indexes/base.py::5414,0.160001
pandas/core/indexes/base.py::5421,0.160001
pandas/core/indexes/base.py::5423,0.160001
pandas/core/indexes/base.py::5441,0.160001
pandas/core/indexes/base.py::5448,0.160001
pandas/core/indexes/base.py::5450,0.160001
pandas/core/indexes/base.py::5459,0.160001
pandas/core/indexes/base.py::5463,0.160001
pandas/core/indexes/base.py::5470,0.160001
pandas/core/indexes/base.py::5473,0.160001
pandas/core/indexes/base.py::5494,0.160001
pandas/core/indexes/base.py::572,0.160001
pandas/core/indexes/base.py::578,0.160001
pandas/core/indexes/base.py::579,0.160001
pandas/core/indexes/base.py::590,0.160001
pandas/core/indexes/base.py::591,0.160001
pandas/core/indexes/base.py::601,0.160001
pandas/core/indexes/base.py::625,0.160001
pandas/core/indexes/numeric.py::85,0.160001
pandas/core/indexes/numeric.py::86,0.160001
pandas/core/indexes/range.py::101,0.160001
pandas/core/indexes/range.py::104,0.160001
pandas/core/indexes/range.py::106,0.160001
pandas/core/indexes/range.py::107,0.160001
pandas/core/indexes/range.py::110,0.160001
pandas/core/indexes/range.py::111,0.160001
pandas/core/indexes/range.py::133,0.160001
pandas/core/indexes/range.py::136,0.160001
pandas/core/indexes/range.py::139,0.160001
pandas/core/indexes/range.py::142,0.160001
pandas/core/indexes/range.py::143,0.160001
pandas/core/indexes/range.py::145,0.160001
pandas/core/indexes/range.py::146,0.160001
pandas/core/indexes/range.py::679,0.160001
pandas/core/indexes/range.py::87,0.160001
pandas/core/indexes/range.py::88,0.160001
pandas/core/indexes/range.py::91,0.160001
pandas/core/indexes/range.py::96,0.160001
pandas/core/indexes/range.py::99,0.160001
pandas/core/internals/blocks.py::112,0.160001
pandas/core/internals/blocks.py::113,0.160001
pandas/core/internals/blocks.py::114,0.160001
pandas/core/internals/blocks.py::116,0.160001
pandas/core/internals/blocks.py::143,0.160001
pandas/core/internals/blocks.py::144,0.160001
pandas/core/internals/blocks.py::146,0.160001
pandas/core/internals/blocks.py::151,0.160001
pandas/core/internals/blocks.py::229,0.160001
pandas/core/internals/blocks.py::233,0.160001
pandas/core/internals/blocks.py::234,0.160001
pandas/core/internals/blocks.py::236,0.160001
pandas/core/internals/blocks.py::2524,0.160001
pandas/core/internals/blocks.py::2527,0.160001
pandas/core/internals/blocks.py::2926,0.160001
pandas/core/internals/blocks.py::2927,0.160001
pandas/core/internals/blocks.py::2929,0.160001
pandas/core/internals/blocks.py::2932,0.160001
pandas/core/internals/blocks.py::2934,0.160001
pandas/core/internals/blocks.py::2937,0.160001
pandas/core/internals/blocks.py::2939,0.160001
pandas/core/internals/blocks.py::2941,0.160001
pandas/core/internals/blocks.py::2943,0.160001
pandas/core/internals/blocks.py::2944,0.160001
pandas/core/internals/blocks.py::2945,0.160001
pandas/core/internals/blocks.py::2948,0.160001
pandas/core/internals/blocks.py::2950,0.160001
pandas/core/internals/blocks.py::2952,0.160001
pandas/core/internals/blocks.py::2955,0.160001
pandas/core/internals/blocks.py::2956,0.160001
pandas/core/internals/blocks.py::2962,0.160001
pandas/core/internals/blocks.py::2967,0.160001
pandas/core/internals/blocks.py::2970,0.160001
pandas/core/internals/blocks.py::2971,0.160001
pandas/core/internals/blocks.py::2972,0.160001
pandas/core/internals/blocks.py::2979,0.160001
pandas/core/internals/blocks.py::317,0.160001
pandas/core/internals/blocks.py::321,0.160001
pandas/core/internals/blocks.py::325,0.160001
pandas/core/internals/blocks.py::328,0.160001
pandas/core/internals/blocks.py::329,0.160001
pandas/core/internals/construction.py::218,0.160001
pandas/core/internals/construction.py::243,0.160001
pandas/core/internals/construction.py::244,0.160001
pandas/core/internals/construction.py::245,0.160001
pandas/core/internals/construction.py::249,0.160001
pandas/core/internals/construction.py::252,0.160001
pandas/core/internals/construction.py::254,0.160001
pandas/core/internals/construction.py::301,0.160001
pandas/core/internals/construction.py::302,0.160001
pandas/core/internals/construction.py::304,0.160001
pandas/core/internals/construction.py::305,0.160001
pandas/core/internals/construction.py::313,0.160001
pandas/core/internals/construction.py::322,0.160001
pandas/core/internals/construction.py::323,0.160001
pandas/core/internals/construction.py::326,0.160001
pandas/core/internals/construction.py::328,0.160001
pandas/core/internals/construction.py::332,0.160001
pandas/core/internals/construction.py::333,0.160001
pandas/core/internals/construction.py::335,0.160001
pandas/core/internals/construction.py::336,0.160001
pandas/core/internals/construction.py::337,0.160001
pandas/core/internals/construction.py::339,0.160001
pandas/core/internals/construction.py::340,0.160001
pandas/core/internals/construction.py::341,0.160001
pandas/core/internals/construction.py::343,0.160001
pandas/core/internals/construction.py::344,0.160001
pandas/core/internals/construction.py::347,0.160001
pandas/core/internals/construction.py::350,0.160001
pandas/core/internals/construction.py::351,0.160001
pandas/core/internals/construction.py::352,0.160001
pandas/core/internals/construction.py::354,0.160001
pandas/core/internals/construction.py::357,0.160001
pandas/core/internals/construction.py::359,0.160001
pandas/core/internals/construction.py::362,0.160001
pandas/core/internals/construction.py::363,0.160001
pandas/core/internals/construction.py::364,0.160001
pandas/core/internals/construction.py::367,0.160001
pandas/core/internals/construction.py::372,0.160001
pandas/core/internals/construction.py::380,0.160001
pandas/core/internals/construction.py::382,0.160001
pandas/core/internals/construction.py::63,0.160001
pandas/core/internals/construction.py::64,0.160001
pandas/core/internals/construction.py::69,0.160001
pandas/core/internals/construction.py::72,0.160001
pandas/core/internals/construction.py::74,0.160001
pandas/core/internals/managers.py::128,0.160001
pandas/core/internals/managers.py::129,0.160001
pandas/core/internals/managers.py::131,0.160001
pandas/core/internals/managers.py::132,0.160001
pandas/core/internals/managers.py::138,0.160001
pandas/core/internals/managers.py::139,0.160001
pandas/core/internals/managers.py::141,0.160001
pandas/core/internals/managers.py::143,0.160001
pandas/core/internals/managers.py::165,0.160001
pandas/core/internals/managers.py::1669,0.160001
pandas/core/internals/managers.py::1670,0.160001
pandas/core/internals/managers.py::1671,0.160001
pandas/core/internals/managers.py::1672,0.160001
pandas/core/internals/managers.py::1673,0.160001
pandas/core/internals/managers.py::169,0.160001
pandas/core/internals/managers.py::1703,0.160001
pandas/core/internals/managers.py::1704,0.160001
pandas/core/internals/managers.py::1706,0.160001
pandas/core/internals/managers.py::1707,0.160001
pandas/core/internals/managers.py::1708,0.160001
pandas/core/internals/managers.py::1713,0.160001
pandas/core/internals/managers.py::1714,0.160001
pandas/core/internals/managers.py::1718,0.160001
pandas/core/internals/managers.py::1719,0.160001
pandas/core/internals/managers.py::1721,0.160001
pandas/core/internals/managers.py::1722,0.160001
pandas/core/internals/managers.py::1724,0.160001
pandas/core/internals/managers.py::1725,0.160001
pandas/core/internals/managers.py::1726,0.160001
pandas/core/internals/managers.py::1727,0.160001
pandas/core/internals/managers.py::1729,0.160001
pandas/core/internals/managers.py::1733,0.160001
pandas/core/internals/managers.py::1737,0.160001
pandas/core/internals/managers.py::1741,0.160001
pandas/core/internals/managers.py::1745,0.160001
pandas/core/internals/managers.py::1752,0.160001
pandas/core/internals/managers.py::1756,0.160001
pandas/core/internals/managers.py::1757,0.160001
pandas/core/internals/managers.py::1758,0.160001
pandas/core/internals/managers.py::1760,0.160001
pandas/core/internals/managers.py::1767,0.160001
pandas/core/internals/managers.py::1776,0.160001
pandas/core/internals/managers.py::1784,0.160001
pandas/core/internals/managers.py::1794,0.160001
pandas/core/internals/managers.py::1801,0.160001
pandas/core/internals/managers.py::1804,0.160001
pandas/core/internals/managers.py::1807,0.160001
pandas/core/internals/managers.py::1808,0.160001
pandas/core/internals/managers.py::1815,0.160001
pandas/core/internals/managers.py::1817,0.160001
pandas/core/internals/managers.py::1818,0.160001
pandas/core/internals/managers.py::1820,0.160001
pandas/core/internals/managers.py::1822,0.160001
pandas/core/internals/managers.py::1823,0.160001
pandas/core/internals/managers.py::1825,0.160001
pandas/core/internals/managers.py::1831,0.160001
pandas/core/internals/managers.py::1832,0.160001
pandas/core/internals/managers.py::1835,0.160001
pandas/core/internals/managers.py::1837,0.160001
pandas/core/internals/managers.py::1838,0.160001
pandas/core/internals/managers.py::1841,0.160001
pandas/core/internals/managers.py::1843,0.160001
pandas/core/internals/managers.py::1845,0.160001
pandas/core/internals/managers.py::1846,0.160001
pandas/core/internals/managers.py::1848,0.160001
pandas/core/internals/managers.py::1849,0.160001
pandas/core/internals/managers.py::1850,0.160001
pandas/core/internals/managers.py::1852,0.160001
pandas/core/internals/managers.py::216,0.160001
pandas/core/internals/managers.py::217,0.160001
pandas/core/internals/managers.py::218,0.160001
pandas/core/internals/managers.py::219,0.160001
pandas/core/internals/managers.py::221,0.160001
pandas/core/internals/managers.py::222,0.160001
pandas/core/internals/managers.py::223,0.160001
pandas/core/internals/managers.py::224,0.160001
pandas/core/internals/managers.py::226,0.160001
pandas/core/internals/managers.py::229,0.160001
pandas/core/internals/managers.py::230,0.160001
pandas/core/internals/managers.py::234,0.160001
pandas/core/internals/managers.py::330,0.160001
pandas/core/internals/managers.py::331,0.160001
pandas/core/internals/managers.py::332,0.160001
pandas/core/internals/managers.py::333,0.160001
pandas/core/internals/managers.py::335,0.160001
pandas/core/internals/managers.py::651,0.160001
pandas/core/internals/managers.py::653,0.160001
pandas/core/internals/managers.py::656,0.160001
pandas/core/internals/managers.py::657,0.160001
pandas/core/internals/managers.py::658,0.160001
pandas/core/internals/managers.py::944,0.160001
pandas/core/indexes/base.py::2708,0.127454
pandas/core/indexes/base.py::2709,0.127454
pandas/core/indexes/base.py::2710,0.127454
pandas/core/indexes/base.py::2711,0.127454
pandas/core/indexes/base.py::682,0.119815
pandas/core/indexes/base.py::689,0.119815
pandas/core/indexes/base.py::692,0.119815
pandas/core/indexes/base.py::693,0.119815
pandas/core/indexes/base.py::696,0.119815
pandas/core/indexes/base.py::842,0.119815
pandas/core/indexes/base.py::845,0.119815
pandas/core/indexes/base.py::847,0.119815
pandas/core/indexes/base.py::848,0.119815
pandas/core/indexes/base.py::849,0.119815
pandas/core/indexes/base.py::851,0.119815
pandas/core/indexes/base.py::853,0.119815
pandas/core/indexes/base.py::684,0.110567
pandas/core/indexes/base.py::681,0.103181
pandas/core/dtypes/common.py::1729,0.069527
pandas/core/dtypes/common.py::1731,0.069527
pandas/core/indexes/base.py::5451,0.061169
pandas/core/indexes/base.py::5452,0.061169
pandas/core/indexes/base.py::5453,0.061169
pandas/core/indexes/base.py::5519,0.061169
pandas/core/indexes/base.py::5522,0.061169
pandas/core/indexes/base.py::5523,0.061169
pandas/core/indexes/base.py::5524,0.061169
pandas/core/indexes/base.py::5525,0.061169
pandas/core/dtypes/cast.py::1500,0.059833
pandas/core/dtypes/cast.py::1501,0.059833
pandas/core/dtypes/cast.py::1504,0.059833
pandas/core/dtypes/cast.py::1511,0.059833
pandas/core/dtypes/cast.py::1512,0.059833
pandas/core/indexes/base.py::5393,0.059833
pandas/core/indexes/base.py::5394,0.059833
pandas/core/indexes/base.py::5395,0.059833
pandas/core/indexes/numeric.py::254,0.059833
pandas/core/indexes/numeric.py::88,0.059833
pandas/core/indexes/numeric.py::89,0.059833
pandas/core/indexes/numeric.py::90,0.059833
pandas/core/indexes/numeric.py::91,0.059833
pandas/core/indexes/numeric.py::94,0.059833
pandas/core/indexes/numeric.py::95,0.059833
pandas/core/indexes/base.py::1289,0.043331
pandas/core/indexes/base.py::1292,0.043331
pandas/core/indexes/base.py::1295,0.043331
pandas/core/indexes/base.py::1298,0.043331
pandas/core/indexes/base.py::1300,0.043331
pandas/core/indexes/base.py::1303,0.043331
pandas/core/indexes/base.py::1306,0.043331
pandas/core/indexes/base.py::1307,0.043331
pandas/core/indexes/base.py::1308,0.043331
pandas/core/indexes/base.py::1309,0.043331
pandas/core/indexes/base.py::1218,0.043168
pandas/core/indexes/base.py::1220,0.043168
pandas/core/indexes/base.py::1225,0.043168
pandas/core/indexes/base.py::1226,0.043168
pandas/core/indexes/base.py::1228,0.043168
