Entity,Score
pandas/_config/config.py::396,0.952381
pandas/_config/config.py::401,0.952381
pandas/_config/config.py::404,0.952381
pandas/_config/config.py::406,0.952381
pandas/_config/config.py::407,0.952381
pandas/_config/config.py::410,0.952381
pandas/_config/config.py::411,0.952381
pandas/_config/config.py::412,0.952381
pandas/_config/config.py::839,0.952381
pandas/_config/config.py::842,0.952381
pandas/_config/config.py::843,0.952381
pandas/_config/config.py::844,0.952381
pandas/core/dtypes/inference.py::423,0.952381
pandas/core/dtypes/inference.py::424,0.952381
pandas/core/frame.py::639,0.952381
pandas/core/frame.py::640,0.952381
pandas/core/frame.py::648,0.952381
pandas/core/frame.py::649,0.952381
pandas/core/frame.py::653,0.952381
pandas/core/frame.py::654,0.952381
pandas/core/frame.py::655,0.952381
pandas/core/frame.py::656,0.952381
pandas/core/frame.py::657,0.952381
pandas/core/frame.py::658,0.952381
pandas/core/frame.py::659,0.952381
pandas/core/frame.py::662,0.952381
pandas/core/frame.py::663,0.952381
pandas/core/frame.py::664,0.952381
pandas/core/frame.py::665,0.952381
pandas/core/frame.py::666,0.952381
pandas/core/frame.py::667,0.952381
pandas/core/frame.py::668,0.952381
pandas/core/frame.py::669,0.952381
pandas/core/frame.py::672,0.952381
pandas/core/frame.py::780,0.952381
pandas/core/frame.py::782,0.952381
pandas/core/frame.py::783,0.952381
pandas/core/frame.py::784,0.952381
pandas/core/frame.py::785,0.952381
pandas/core/frame.py::786,0.952381
pandas/core/frame.py::787,0.952381
pandas/core/frame.py::788,0.952381
pandas/core/frame.py::789,0.952381
pandas/core/frame.py::790,0.952381
pandas/core/frame.py::791,0.952381
pandas/core/frame.py::792,0.952381
pandas/core/frame.py::793,0.952381
pandas/core/frame.py::794,0.952381
pandas/core/frame.py::795,0.952381
pandas/core/frame.py::796,0.952381
pandas/core/frame.py::797,0.952381
pandas/core/frame.py::798,0.952381
pandas/core/frame.py::799,0.952381
pandas/core/frame.py::800,0.952381
pandas/core/frame.py::802,0.952381
pandas/core/generic.py::11261,0.952381
pandas/core/generic.py::11264,0.952381
pandas/core/generic.py::11265,0.952381
pandas/core/generic.py::11266,0.952381
pandas/core/generic.py::11267,0.952381
pandas/core/generic.py::11268,0.952381
pandas/core/generic.py::11269,0.952381
pandas/core/generic.py::11271,0.952381
pandas/core/generic.py::11272,0.952381
pandas/core/generic.py::1882,0.952381
pandas/core/generic.py::5602,0.952381
pandas/core/generic.py::5604,0.952381
pandas/core/indexes/base.py::1025,0.952381
pandas/core/indexes/base.py::1026,0.952381
pandas/core/indexes/base.py::1033,0.952381
pandas/core/indexes/base.py::1036,0.952381
pandas/core/indexes/base.py::1039,0.952381
pandas/core/indexes/base.py::1041,0.952381
pandas/core/indexes/base.py::1043,0.952381
pandas/core/indexes/base.py::1046,0.952381
pandas/core/indexes/base.py::1047,0.952381
pandas/core/indexes/base.py::1049,0.952381
pandas/core/indexes/base.py::1050,0.952381
pandas/core/indexes/base.py::1053,0.952381
pandas/core/indexes/base.py::1054,0.952381
pandas/core/indexes/base.py::1061,0.952381
pandas/core/indexes/range.py::218,0.952381
pandas/core/internals/blocks.py::574,0.952381
pandas/core/internals/blocks.py::575,0.952381
pandas/core/internals/managers.py::249,0.952381
pandas/core/internals/managers.py::250,0.952381
pandas/core/nanops.py::100,0.952381
pandas/core/nanops.py::109,0.952381
pandas/core/nanops.py::1186,0.952381
pandas/core/nanops.py::1198,0.952381
pandas/core/nanops.py::1199,0.952381
pandas/core/nanops.py::1202,0.952381
pandas/core/nanops.py::1203,0.952381
pandas/core/nanops.py::1206,0.952381
pandas/core/nanops.py::123,0.952381
pandas/core/nanops.py::125,0.952381
pandas/core/nanops.py::168,0.952381
pandas/core/nanops.py::177,0.952381
pandas/core/nanops.py::180,0.952381
pandas/core/nanops.py::184,0.952381
pandas/core/nanops.py::335,0.952381
pandas/core/nanops.py::347,0.952381
pandas/core/nanops.py::360,0.952381
pandas/core/nanops.py::824,0.952381
pandas/core/nanops.py::825,0.952381
pandas/core/nanops.py::828,0.952381
pandas/core/nanops.py::835,0.952381
pandas/core/nanops.py::837,0.952381
pandas/core/nanops.py::838,0.952381
pandas/core/nanops.py::95,0.952381
pandas/core/series.py::3871,0.952381
pandas/core/series.py::3877,0.952381
pandas/core/series.py::3881,0.952381
pandas/core/series.py::3885,0.952381
pandas/core/series.py::3891,0.952381
pandas/core/series.py::3893,0.952381
pandas/core/series.py::3894,0.952381
pandas/core/series.py::3898,0.952381
pandas/core/series.py::3902,0.952381
pandas/core/series.py::3903,0.952381
pandas/core/series.py::3905,0.952381
pandas/core/series.py::3910,0.952381
pandas/core/strings.py::1960,0.952381
pandas/core/strings.py::1961,0.952381
pandas/core/strings.py::198,0.952381
pandas/io/common.py::126,0.952381
pandas/io/common.py::128,0.952381
pandas/io/common.py::165,0.952381
pandas/io/common.py::168,0.952381
pandas/io/common.py::170,0.952381
pandas/io/formats/console.py::13,0.952381
pandas/io/formats/console.py::15,0.952381
pandas/io/formats/console.py::17,0.952381
pandas/io/formats/console.py::29,0.952381
pandas/io/formats/console.py::41,0.952381
pandas/io/formats/console.py::46,0.952381
pandas/io/formats/console.py::58,0.952381
pandas/io/formats/console.py::60,0.952381
pandas/io/formats/console.py::61,0.952381
pandas/io/formats/console.py::62,0.952381
pandas/io/formats/console.py::65,0.952381
pandas/io/formats/console.py::67,0.952381
pandas/io/formats/console.py::68,0.952381
pandas/io/formats/console.py::69,0.952381
pandas/io/formats/console.py::70,0.952381
pandas/io/formats/format.py::1013,0.952381
pandas/io/formats/format.py::1014,0.952381
pandas/io/formats/format.py::1015,0.952381
pandas/io/formats/format.py::1017,0.952381
pandas/io/formats/format.py::1018,0.952381
pandas/io/formats/format.py::1021,0.952381
pandas/io/formats/format.py::1025,0.952381
pandas/io/formats/format.py::1029,0.952381
pandas/io/formats/format.py::1033,0.952381
pandas/io/formats/format.py::1037,0.952381
pandas/io/formats/format.py::1042,0.952381
pandas/io/formats/format.py::1043,0.952381
pandas/io/formats/format.py::1044,0.952381
pandas/io/formats/format.py::1045,0.952381
pandas/io/formats/format.py::1047,0.952381
pandas/io/formats/format.py::1055,0.952381
pandas/io/formats/format.py::1058,0.952381
pandas/io/formats/format.py::1063,0.952381
pandas/io/formats/format.py::1066,0.952381
pandas/io/formats/format.py::1069,0.952381
pandas/io/formats/format.py::1072,0.952381
pandas/io/formats/format.py::1074,0.952381
pandas/io/formats/format.py::1075,0.952381
pandas/io/formats/format.py::1132,0.952381
pandas/io/formats/format.py::1134,0.952381
pandas/io/formats/format.py::1136,0.952381
pandas/io/formats/format.py::1138,0.952381
pandas/io/formats/format.py::1140,0.952381
pandas/io/formats/format.py::1142,0.952381
pandas/io/formats/format.py::1145,0.952381
pandas/io/formats/format.py::1147,0.952381
pandas/io/formats/format.py::1148,0.952381
pandas/io/formats/format.py::1150,0.952381
pandas/io/formats/format.py::1151,0.952381
pandas/io/formats/format.py::1153,0.952381
pandas/io/formats/format.py::1154,0.952381
pandas/io/formats/format.py::1156,0.952381
pandas/io/formats/format.py::1157,0.952381
pandas/io/formats/format.py::1158,0.952381
pandas/io/formats/format.py::1159,0.952381
pandas/io/formats/format.py::1160,0.952381
pandas/io/formats/format.py::1161,0.952381
pandas/io/formats/format.py::1162,0.952381
pandas/io/formats/format.py::1163,0.952381
pandas/io/formats/format.py::1164,0.952381
pandas/io/formats/format.py::1165,0.952381
pandas/io/formats/format.py::1168,0.952381
pandas/io/formats/format.py::1186,0.952381
pandas/io/formats/format.py::1187,0.952381
pandas/io/formats/format.py::1188,0.952381
pandas/io/formats/format.py::1189,0.952381
pandas/io/formats/format.py::1190,0.952381
pandas/io/formats/format.py::1191,0.952381
pandas/io/formats/format.py::1192,0.952381
pandas/io/formats/format.py::1193,0.952381
pandas/io/formats/format.py::1194,0.952381
pandas/io/formats/format.py::1195,0.952381
pandas/io/formats/format.py::1196,0.952381
pandas/io/formats/format.py::1199,0.952381
pandas/io/formats/format.py::1200,0.952381
pandas/io/formats/format.py::1203,0.952381
pandas/io/formats/format.py::1204,0.952381
pandas/io/formats/format.py::1205,0.952381
pandas/io/formats/format.py::1206,0.952381
pandas/io/formats/format.py::1207,0.952381
pandas/io/formats/format.py::1209,0.952381
pandas/io/formats/format.py::1215,0.952381
pandas/io/formats/format.py::1216,0.952381
pandas/io/formats/format.py::1219,0.952381
pandas/io/formats/format.py::1220,0.952381
pandas/io/formats/format.py::1232,0.952381
pandas/io/formats/format.py::1236,0.952381
pandas/io/formats/format.py::1238,0.952381
pandas/io/formats/format.py::1239,0.952381
pandas/io/formats/format.py::1241,0.952381
pandas/io/formats/format.py::1244,0.952381
pandas/io/formats/format.py::1245,0.952381
pandas/io/formats/format.py::1246,0.952381
pandas/io/formats/format.py::1247,0.952381
pandas/io/formats/format.py::1249,0.952381
pandas/io/formats/format.py::1250,0.952381
pandas/io/formats/format.py::1251,0.952381
pandas/io/formats/format.py::1253,0.952381
pandas/io/formats/format.py::1256,0.952381
pandas/io/formats/format.py::1261,0.952381
pandas/io/formats/format.py::1262,0.952381
pandas/io/formats/format.py::1264,0.952381
pandas/io/formats/format.py::1732,0.952381
pandas/io/formats/format.py::1735,0.952381
pandas/io/formats/format.py::1736,0.952381
pandas/io/formats/format.py::1738,0.952381
pandas/io/formats/format.py::1740,0.952381
pandas/io/formats/format.py::1741,0.952381
pandas/io/formats/format.py::1743,0.952381
pandas/io/formats/format.py::1744,0.952381
pandas/io/formats/format.py::1747,0.952381
pandas/io/formats/format.py::1748,0.952381
pandas/io/formats/format.py::1749,0.952381
pandas/io/formats/format.py::1751,0.952381
pandas/io/formats/format.py::1753,0.952381
pandas/io/formats/format.py::1754,0.952381
pandas/io/formats/format.py::1755,0.952381
pandas/io/formats/format.py::1796,0.952381
pandas/io/formats/format.py::1799,0.952381
pandas/io/formats/format.py::392,0.952381
pandas/io/formats/format.py::395,0.952381
pandas/io/formats/format.py::398,0.952381
pandas/io/formats/format.py::401,0.952381
pandas/io/formats/format.py::444,0.952381
pandas/io/formats/format.py::445,0.952381
pandas/io/formats/format.py::448,0.952381
pandas/io/formats/format.py::460,0.952381
pandas/io/formats/format.py::461,0.952381
pandas/io/formats/format.py::465,0.952381
pandas/io/formats/format.py::472,0.952381
pandas/io/formats/format.py::473,0.952381
pandas/io/formats/format.py::474,0.952381
pandas/io/formats/format.py::484,0.952381
pandas/io/formats/format.py::485,0.952381
pandas/io/formats/format.py::489,0.952381
pandas/io/formats/format.py::490,0.952381
pandas/io/formats/format.py::494,0.952381
pandas/io/formats/format.py::495,0.952381
pandas/io/formats/format.py::516,0.952381
pandas/io/formats/format.py::517,0.952381
pandas/io/formats/format.py::518,0.952381
pandas/io/formats/format.py::520,0.952381
pandas/io/formats/format.py::560,0.952381
pandas/io/formats/format.py::561,0.952381
pandas/io/formats/format.py::563,0.952381
pandas/io/formats/format.py::564,0.952381
pandas/io/formats/format.py::566,0.952381
pandas/io/formats/format.py::568,0.952381
pandas/io/formats/format.py::569,0.952381
pandas/io/formats/format.py::570,0.952381
pandas/io/formats/format.py::580,0.952381
pandas/io/formats/format.py::581,0.952381
pandas/io/formats/format.py::582,0.952381
pandas/io/formats/format.py::583,0.952381
pandas/io/formats/format.py::584,0.952381
pandas/io/formats/format.py::585,0.952381
pandas/io/formats/format.py::586,0.952381
pandas/io/formats/format.py::587,0.952381
pandas/io/formats/format.py::588,0.952381
pandas/io/formats/format.py::589,0.952381
pandas/io/formats/format.py::590,0.952381
pandas/io/formats/format.py::591,0.952381
pandas/io/formats/format.py::592,0.952381
pandas/io/formats/format.py::594,0.952381
pandas/io/formats/format.py::595,0.952381
pandas/io/formats/format.py::599,0.952381
pandas/io/formats/format.py::600,0.952381
pandas/io/formats/format.py::602,0.952381
pandas/io/formats/format.py::606,0.952381
pandas/io/formats/format.py::608,0.952381
pandas/io/formats/format.py::609,0.952381
pandas/io/formats/format.py::616,0.952381
pandas/io/formats/format.py::619,0.952381
pandas/io/formats/format.py::620,0.952381
pandas/io/formats/format.py::621,0.952381
pandas/io/formats/format.py::624,0.952381
pandas/io/formats/format.py::625,0.952381
pandas/io/formats/format.py::626,0.952381
pandas/io/formats/format.py::627,0.952381
pandas/io/formats/format.py::628,0.952381
pandas/io/formats/format.py::643,0.952381
pandas/io/formats/format.py::645,0.952381
pandas/io/formats/format.py::648,0.952381
pandas/io/formats/format.py::649,0.952381
pandas/io/formats/format.py::650,0.952381
pandas/io/formats/format.py::653,0.952381
pandas/io/formats/format.py::654,0.952381
pandas/io/formats/format.py::655,0.952381
pandas/io/formats/format.py::657,0.952381
pandas/io/formats/format.py::658,0.952381
pandas/io/formats/format.py::660,0.952381
pandas/io/formats/format.py::661,0.952381
pandas/io/formats/format.py::663,0.952381
pandas/io/formats/format.py::664,0.952381
pandas/io/formats/format.py::686,0.952381
pandas/io/formats/format.py::697,0.952381
pandas/io/formats/format.py::699,0.952381
pandas/io/formats/format.py::700,0.952381
pandas/io/formats/format.py::701,0.952381
pandas/io/formats/format.py::702,0.952381
pandas/io/formats/format.py::710,0.952381
pandas/io/formats/format.py::712,0.952381
pandas/io/formats/format.py::715,0.952381
pandas/io/formats/format.py::717,0.952381
pandas/io/formats/format.py::729,0.952381
pandas/io/formats/format.py::743,0.952381
pandas/io/formats/format.py::745,0.952381
pandas/io/formats/format.py::749,0.952381
pandas/io/formats/format.py::750,0.952381
pandas/io/formats/format.py::751,0.952381
pandas/io/formats/format.py::752,0.952381
pandas/io/formats/format.py::753,0.952381
pandas/io/formats/format.py::755,0.952381
pandas/io/formats/format.py::756,0.952381
pandas/io/formats/format.py::757,0.952381
pandas/io/formats/format.py::760,0.952381
pandas/io/formats/format.py::761,0.952381
pandas/io/formats/format.py::762,0.952381
pandas/io/formats/format.py::764,0.952381
pandas/io/formats/format.py::765,0.952381
pandas/io/formats/format.py::766,0.952381
pandas/io/formats/format.py::769,0.952381
pandas/io/formats/format.py::770,0.952381
pandas/io/formats/format.py::772,0.952381
pandas/io/formats/format.py::775,0.952381
pandas/io/formats/format.py::800,0.952381
pandas/io/formats/format.py::806,0.952381
pandas/io/formats/format.py::808,0.952381
pandas/io/formats/format.py::810,0.952381
pandas/io/formats/format.py::819,0.952381
pandas/io/formats/format.py::820,0.952381
pandas/io/formats/format.py::824,0.952381
pandas/io/formats/format.py::828,0.952381
pandas/io/formats/format.py::829,0.952381
pandas/io/formats/format.py::831,0.952381
pandas/io/formats/format.py::833,0.952381
pandas/io/formats/format.py::834,0.952381
pandas/io/formats/format.py::835,0.952381
pandas/io/formats/format.py::836,0.952381
pandas/io/formats/format.py::837,0.952381
pandas/io/formats/format.py::847,0.952381
pandas/io/formats/format.py::849,0.952381
pandas/io/formats/format.py::850,0.952381
pandas/io/formats/format.py::854,0.952381
pandas/io/formats/format.py::855,0.952381
pandas/io/formats/format.py::856,0.952381
pandas/io/formats/format.py::857,0.952381
pandas/io/formats/format.py::859,0.952381
pandas/io/formats/format.py::910,0.952381
pandas/io/formats/format.py::942,0.952381
pandas/io/formats/format.py::943,0.952381
pandas/io/formats/format.py::944,0.952381
pandas/io/formats/format.py::945,0.952381
pandas/io/formats/format.py::946,0.952381
pandas/io/formats/format.py::947,0.952381
pandas/io/formats/format.py::948,0.952381
pandas/io/formats/format.py::949,0.952381
pandas/io/formats/format.py::950,0.952381
pandas/io/formats/format.py::983,0.952381
pandas/io/formats/format.py::985,0.952381
pandas/io/formats/format.py::987,0.952381
pandas/io/formats/printing.py::195,0.952381
pandas/io/formats/printing.py::196,0.952381
pandas/io/formats/printing.py::197,0.952381
pandas/io/formats/printing.py::198,0.952381
pandas/io/formats/printing.py::205,0.952381
pandas/io/formats/printing.py::207,0.952381
pandas/io/formats/printing.py::208,0.952381
pandas/io/formats/printing.py::209,0.952381
pandas/io/formats/printing.py::210,0.952381
pandas/io/formats/printing.py::212,0.952381
pandas/io/formats/printing.py::214,0.952381
pandas/io/formats/printing.py::220,0.952381
pandas/io/formats/printing.py::228,0.952381
pandas/io/formats/printing.py::231,0.952381
pandas/io/formats/printing.py::233,0.952381
pandas/io/formats/printing.py::41,0.952381
pandas/io/formats/printing.py::42,0.952381
pandas/io/formats/printing.py::44,0.952381
pandas/io/formats/printing.py::45,0.952381
pandas/io/formats/printing.py::46,0.952381
pandas/io/formats/printing.py::48,0.952381
pandas/io/formats/printing.py::49,0.952381
pandas/io/formats/printing.py::50,0.952381
pandas/io/formats/printing.py::51,0.952381
pandas/io/formats/printing.py::52,0.952381
pandas/io/formats/printing.py::53,0.952381
pandas/io/formats/printing.py::54,0.952381
pandas/io/formats/printing.py::55,0.952381
pandas/io/formats/printing.py::56,0.952381
pandas/io/formats/printing.py::57,0.952381
pandas/io/formats/printing.py::64,0.952381
pandas/io/formats/printing.py::65,0.952381
pandas/io/formats/printing.py::66,0.952381
pandas/io/formats/printing.py::69,0.952381
pandas/core/dtypes/missing.py::369,0.784471
pandas/core/dtypes/missing.py::370,0.784471
pandas/core/dtypes/missing.py::372,0.784471
pandas/io/formats/format.py::1143,0.660409
pandas/io/formats/format.py::1435,0.660409
pandas/io/formats/format.py::1436,0.660409
pandas/io/formats/format.py::1437,0.660409
pandas/core/series.py::286,0.613069
pandas/core/series.py::288,0.613069
pandas/core/dtypes/inference.py::419,0.520609
pandas/core/dtypes/inference.py::420,0.520609
pandas/core/dtypes/inference.py::421,0.520609
pandas/core/dtypes/inference.py::422,0.520609
pandas/core/reshape/melt.py::52,0.476190
pandas/core/reshape/melt.py::53,0.476190
pandas/core/reshape/melt.py::55,0.476190
pandas/core/reshape/melt.py::74,0.476190
pandas/core/reshape/melt.py::75,0.476190
pandas/core/reshape/melt.py::77,0.476190
pandas/core/indexing.py::914,0.358601
pandas/core/indexing.py::917,0.358601
pandas/core/indexing.py::920,0.358601
pandas/core/indexing.py::926,0.358601
pandas/core/indexing.py::931,0.358601
pandas/core/indexing.py::938,0.358601
pandas/core/indexing.py::939,0.358601
pandas/core/indexing.py::943,0.358601
pandas/core/indexing.py::944,0.358601
pandas/core/strings.py::197,0.358601
pandas/core/strings.py::199,0.358601
pandas/core/strings.py::201,0.358601
pandas/core/strings.py::202,0.358601
pandas/core/strings.py::203,0.358601
pandas/core/strings.py::204,0.358601
pandas/core/strings.py::205,0.358601
pandas/core/strings.py::225,0.358601
pandas/core/strings.py::229,0.358601
pandas/core/indexes/base.py::438,0.347412
pandas/core/indexes/base.py::447,0.347412
pandas/core/indexes/base.py::449,0.347412
pandas/core/accessor.py::170,0.337214
pandas/core/accessor.py::173,0.337214
pandas/core/accessor.py::178,0.337214
pandas/core/accessor.py::179,0.337214
pandas/core/base.py::103,0.337214
pandas/core/base.py::112,0.337214
pandas/core/base.py::120,0.337214
pandas/core/strings.py::121,0.337214
pandas/core/strings.py::125,0.337214
pandas/core/strings.py::1934,0.337214
pandas/core/strings.py::194,0.337214
pandas/core/strings.py::1942,0.337214
pandas/core/strings.py::2029,0.337214
pandas/core/strings.py::2030,0.337214
pandas/core/strings.py::2031,0.337214
pandas/core/strings.py::2034,0.337214
pandas/core/strings.py::2036,0.337214
pandas/core/strings.py::2037,0.337214
pandas/core/strings.py::2062,0.337214
pandas/core/strings.py::2064,0.337214
pandas/core/strings.py::2070,0.337214
pandas/core/strings.py::2072,0.337214
pandas/core/strings.py::2073,0.337214
pandas/core/strings.py::2076,0.337214
pandas/core/strings.py::2079,0.337214
pandas/core/strings.py::2080,0.337214
pandas/core/strings.py::2085,0.337214
pandas/core/strings.py::2087,0.337214
pandas/core/strings.py::2113,0.337214
pandas/core/strings.py::2120,0.337214
pandas/core/strings.py::2126,0.337214
pandas/core/strings.py::2128,0.337214
pandas/core/strings.py::2134,0.337214
pandas/core/strings.py::2137,0.337214
pandas/core/strings.py::2139,0.337214
pandas/core/strings.py::2141,0.337214
pandas/core/strings.py::2161,0.337214
pandas/core/strings.py::2164,0.337214
pandas/core/strings.py::2167,0.337214
pandas/core/strings.py::2168,0.337214
pandas/core/strings.py::2169,0.337214
pandas/core/strings.py::2172,0.337214
pandas/core/strings.py::2176,0.337214
pandas/core/strings.py::2193,0.337214
pandas/core/strings.py::2194,0.337214
pandas/core/strings.py::2199,0.337214
pandas/core/strings.py::2200,0.337214
pandas/core/strings.py::2201,0.337214
pandas/core/dtypes/common.py::1276,0.327869
pandas/core/dtypes/common.py::1277,0.327869
pandas/_config/config.py::102,0.311306
pandas/_config/config.py::105,0.311306
pandas/_config/config.py::106,0.311306
pandas/_config/config.py::543,0.311306
pandas/core/accessor.py::77,0.311306
pandas/core/algorithms.py::230,0.311306
pandas/core/algorithms.py::232,0.311306
pandas/core/algorithms.py::233,0.311306
pandas/core/algorithms.py::234,0.311306
pandas/core/algorithms.py::362,0.311306
pandas/core/algorithms.py::364,0.311306
pandas/core/algorithms.py::368,0.311306
pandas/core/algorithms.py::369,0.311306
pandas/core/algorithms.py::371,0.311306
pandas/core/algorithms.py::372,0.311306
pandas/core/algorithms.py::373,0.311306
pandas/core/algorithms.py::374,0.311306
pandas/core/arrays/_ranges.py::37,0.311306
pandas/core/arrays/_ranges.py::72,0.311306
pandas/core/arrays/_ranges.py::74,0.311306
pandas/core/arrays/_ranges.py::75,0.311306
pandas/core/arrays/_ranges.py::79,0.311306
pandas/core/arrays/_ranges.py::81,0.311306
pandas/core/arrays/_ranges.py::83,0.311306
pandas/core/arrays/base.py::380,0.311306
pandas/core/arrays/categorical.py::2696,0.311306
pandas/core/arrays/datetimelike.py::1519,0.311306
pandas/core/arrays/datetimelike.py::1520,0.311306
pandas/core/arrays/datetimelike.py::1522,0.311306
pandas/core/arrays/datetimelike.py::1526,0.311306
pandas/core/arrays/datetimelike.py::1546,0.311306
pandas/core/arrays/datetimelike.py::1547,0.311306
pandas/core/arrays/datetimelike.py::1549,0.311306
pandas/core/arrays/datetimelike.py::1550,0.311306
pandas/core/arrays/datetimelike.py::1551,0.311306
pandas/core/arrays/datetimelike.py::1559,0.311306
pandas/core/arrays/datetimelike.py::1583,0.311306
pandas/core/arrays/datetimelike.py::1584,0.311306
pandas/core/arrays/datetimelike.py::1590,0.311306
pandas/core/arrays/datetimelike.py::1591,0.311306
pandas/core/arrays/datetimelike.py::1592,0.311306
pandas/core/arrays/datetimelike.py::1594,0.311306
pandas/core/arrays/datetimelike.py::1613,0.311306
pandas/core/arrays/datetimelike.py::1614,0.311306
pandas/core/arrays/datetimelike.py::1616,0.311306
pandas/core/arrays/datetimelike.py::1617,0.311306
pandas/core/arrays/datetimelike.py::1621,0.311306
pandas/core/arrays/datetimelike.py::355,0.311306
pandas/core/arrays/datetimelike.py::359,0.311306
pandas/core/arrays/datetimelike.py::397,0.311306
pandas/core/arrays/datetimelike.py::405,0.311306
pandas/core/arrays/datetimelike.py::406,0.311306
pandas/core/arrays/datetimelike.py::413,0.311306
pandas/core/arrays/datetimelike.py::414,0.311306
pandas/core/arrays/datetimelike.py::415,0.311306
pandas/core/arrays/datetimelike.py::416,0.311306
pandas/core/arrays/datetimelike.py::418,0.311306
pandas/core/arrays/datetimelike.py::425,0.311306
pandas/core/arrays/datetimelike.py::426,0.311306
pandas/core/arrays/datetimelike.py::429,0.311306
pandas/core/arrays/datetimelike.py::430,0.311306
pandas/core/arrays/datetimelike.py::431,0.311306
pandas/core/arrays/datetimelike.py::434,0.311306
pandas/core/arrays/datetimelike.py::440,0.311306
pandas/core/arrays/datetimelike.py::441,0.311306
pandas/core/arrays/datetimelike.py::448,0.311306
pandas/core/arrays/datetimelike.py::713,0.311306
pandas/core/arrays/datetimelike.py::720,0.311306
pandas/core/arrays/datetimelike.py::740,0.311306
pandas/core/arrays/datetimelike.py::746,0.311306
pandas/core/arrays/datetimelike.py::803,0.311306
pandas/core/arrays/datetimelike.py::818,0.311306
pandas/core/arrays/datetimelike.py::820,0.311306
pandas/core/arrays/datetimelike.py::829,0.311306
pandas/core/arrays/datetimelike.py::830,0.311306
pandas/core/arrays/datetimes.py::111,0.311306
pandas/core/arrays/datetimes.py::112,0.311306
pandas/core/arrays/datetimes.py::115,0.311306
pandas/core/arrays/datetimes.py::132,0.311306
pandas/core/arrays/datetimes.py::137,0.311306
pandas/core/arrays/datetimes.py::138,0.311306
pandas/core/arrays/datetimes.py::139,0.311306
pandas/core/arrays/datetimes.py::142,0.311306
pandas/core/arrays/datetimes.py::1891,0.311306
pandas/core/arrays/datetimes.py::1893,0.311306
pandas/core/arrays/datetimes.py::1895,0.311306
pandas/core/arrays/datetimes.py::1902,0.311306
pandas/core/arrays/datetimes.py::1904,0.311306
pandas/core/arrays/datetimes.py::1907,0.311306
pandas/core/arrays/datetimes.py::1909,0.311306
pandas/core/arrays/datetimes.py::1912,0.311306
pandas/core/arrays/datetimes.py::1914,0.311306
pandas/core/arrays/datetimes.py::1915,0.311306
pandas/core/arrays/datetimes.py::1918,0.311306
pandas/core/arrays/datetimes.py::1921,0.311306
pandas/core/arrays/datetimes.py::1923,0.311306
pandas/core/arrays/datetimes.py::1943,0.311306
pandas/core/arrays/datetimes.py::1948,0.311306
pandas/core/arrays/datetimes.py::1950,0.311306
pandas/core/arrays/datetimes.py::1951,0.311306
pandas/core/arrays/datetimes.py::1954,0.311306
pandas/core/arrays/datetimes.py::1962,0.311306
pandas/core/arrays/datetimes.py::1963,0.311306
pandas/core/arrays/datetimes.py::1981,0.311306
pandas/core/arrays/datetimes.py::1985,0.311306
pandas/core/arrays/datetimes.py::1986,0.311306
pandas/core/arrays/datetimes.py::1989,0.311306
pandas/core/arrays/datetimes.py::1991,0.311306
pandas/core/arrays/datetimes.py::2096,0.311306
pandas/core/arrays/datetimes.py::2104,0.311306
pandas/core/arrays/datetimes.py::2113,0.311306
pandas/core/arrays/datetimes.py::2120,0.311306
pandas/core/arrays/datetimes.py::2127,0.311306
pandas/core/arrays/datetimes.py::2133,0.311306
pandas/core/arrays/datetimes.py::2192,0.311306
pandas/core/arrays/datetimes.py::2193,0.311306
pandas/core/arrays/datetimes.py::2194,0.311306
pandas/core/arrays/datetimes.py::2205,0.311306
pandas/core/arrays/datetimes.py::2206,0.311306
pandas/core/arrays/datetimes.py::2212,0.311306
pandas/core/arrays/datetimes.py::2234,0.311306
pandas/core/arrays/datetimes.py::2259,0.311306
pandas/core/arrays/datetimes.py::2282,0.311306
pandas/core/arrays/datetimes.py::2283,0.311306
pandas/core/arrays/datetimes.py::2290,0.311306
pandas/core/arrays/datetimes.py::2291,0.311306
pandas/core/arrays/datetimes.py::2293,0.311306
pandas/core/arrays/datetimes.py::2297,0.311306
pandas/core/arrays/datetimes.py::2300,0.311306
pandas/core/arrays/datetimes.py::2304,0.311306
pandas/core/arrays/datetimes.py::2306,0.311306
pandas/core/arrays/datetimes.py::2307,0.311306
pandas/core/arrays/datetimes.py::2308,0.311306
pandas/core/arrays/datetimes.py::2309,0.311306
pandas/core/arrays/datetimes.py::2313,0.311306
pandas/core/arrays/datetimes.py::2320,0.311306
pandas/core/arrays/datetimes.py::327,0.311306
pandas/core/arrays/datetimes.py::330,0.311306
pandas/core/arrays/datetimes.py::332,0.311306
pandas/core/arrays/datetimes.py::334,0.311306
pandas/core/arrays/datetimes.py::335,0.311306
pandas/core/arrays/datetimes.py::337,0.311306
pandas/core/arrays/datetimes.py::344,0.311306
pandas/core/arrays/datetimes.py::347,0.311306
pandas/core/arrays/datetimes.py::349,0.311306
pandas/core/arrays/datetimes.py::351,0.311306
pandas/core/arrays/datetimes.py::357,0.311306
pandas/core/arrays/datetimes.py::360,0.311306
pandas/core/arrays/datetimes.py::366,0.311306
pandas/core/arrays/datetimes.py::373,0.311306
pandas/core/arrays/datetimes.py::375,0.311306
pandas/core/arrays/datetimes.py::382,0.311306
pandas/core/arrays/datetimes.py::384,0.311306
pandas/core/arrays/datetimes.py::385,0.311306
pandas/core/arrays/datetimes.py::386,0.311306
pandas/core/arrays/datetimes.py::394,0.311306
pandas/core/arrays/datetimes.py::395,0.311306
pandas/core/arrays/datetimes.py::396,0.311306
pandas/core/arrays/datetimes.py::398,0.311306
pandas/core/arrays/datetimes.py::403,0.311306
pandas/core/arrays/datetimes.py::404,0.311306
pandas/core/arrays/datetimes.py::405,0.311306
pandas/core/arrays/datetimes.py::407,0.311306
pandas/core/arrays/datetimes.py::408,0.311306
pandas/core/arrays/datetimes.py::409,0.311306
pandas/core/arrays/datetimes.py::410,0.311306
pandas/core/arrays/datetimes.py::411,0.311306
pandas/core/arrays/datetimes.py::427,0.311306
pandas/core/arrays/datetimes.py::429,0.311306
pandas/core/arrays/datetimes.py::430,0.311306
pandas/core/arrays/datetimes.py::431,0.311306
pandas/core/arrays/datetimes.py::432,0.311306
pandas/core/arrays/datetimes.py::433,0.311306
pandas/core/arrays/datetimes.py::434,0.311306
pandas/core/arrays/datetimes.py::435,0.311306
pandas/core/arrays/datetimes.py::436,0.311306
pandas/core/arrays/datetimes.py::437,0.311306
pandas/core/arrays/datetimes.py::440,0.311306
pandas/core/arrays/datetimes.py::442,0.311306
pandas/core/arrays/datetimes.py::443,0.311306
pandas/core/arrays/datetimes.py::445,0.311306
pandas/core/arrays/datetimes.py::449,0.311306
pandas/core/arrays/datetimes.py::454,0.311306
pandas/core/arrays/datetimes.py::470,0.311306
pandas/core/arrays/datetimes.py::471,0.311306
pandas/core/arrays/datetimes.py::474,0.311306
pandas/core/arrays/datetimes.py::479,0.311306
pandas/core/arrays/datetimes.py::481,0.311306
pandas/core/arrays/datetimes.py::482,0.311306
pandas/core/arrays/datetimes.py::484,0.311306
pandas/core/arrays/datetimes.py::487,0.311306
pandas/core/arrays/datetimes.py::492,0.311306
pandas/core/arrays/datetimes.py::495,0.311306
pandas/core/arrays/datetimes.py::497,0.311306
pandas/core/arrays/datetimes.py::499,0.311306
pandas/core/arrays/datetimes.py::501,0.311306
pandas/core/arrays/datetimes.py::515,0.311306
pandas/core/arrays/datetimes.py::519,0.311306
pandas/core/arrays/datetimes.py::525,0.311306
pandas/core/arrays/datetimes.py::526,0.311306
pandas/core/arrays/datetimes.py::528,0.311306
pandas/core/arrays/datetimes.py::555,0.311306
pandas/core/arrays/datetimes.py::557,0.311306
pandas/core/arrays/datetimes.py::560,0.311306
pandas/core/arrays/datetimes.py::561,0.311306
pandas/core/arrays/datetimes.py::594,0.311306
pandas/core/arrays/datetimes.py::616,0.311306
pandas/core/arrays/datetimes.py::629,0.311306
pandas/core/arrays/datetimes.py::87,0.311306
pandas/core/arrays/datetimes.py::88,0.311306
pandas/core/arrays/numpy_.py::420,0.311306
pandas/core/arrays/numpy_.py::421,0.311306
pandas/core/arrays/numpy_.py::424,0.311306
pandas/core/construction.py::362,0.311306
pandas/core/dtypes/cast.py::837,0.311306
pandas/core/dtypes/common.py::673,0.311306
pandas/core/dtypes/common.py::675,0.311306
pandas/core/dtypes/common.py::677,0.311306
pandas/core/frame.py::2666,0.311306
pandas/core/generic.py::3643,0.311306
pandas/core/generic.py::3644,0.311306
pandas/core/generic.py::3645,0.311306
pandas/core/generic.py::3649,0.311306
pandas/core/generic.py::3650,0.311306
pandas/core/generic.py::3651,0.311306
pandas/core/generic.py::3721,0.311306
pandas/core/generic.py::3722,0.311306
pandas/core/generic.py::3727,0.311306
pandas/core/generic.py::3728,0.311306
pandas/core/generic.py::3729,0.311306
pandas/core/generic.py::3730,0.311306
pandas/core/generic.py::3731,0.311306
pandas/core/indexes/api.py::205,0.311306
pandas/core/indexes/base.py::1745,0.311306
pandas/core/indexes/base.py::3087,0.311306
pandas/core/indexes/base.py::3090,0.311306
pandas/core/indexes/base.py::3098,0.311306
pandas/core/indexes/base.py::3101,0.311306
pandas/core/indexes/base.py::3102,0.311306
pandas/core/indexes/base.py::3104,0.311306
pandas/core/indexes/base.py::3105,0.311306
pandas/core/indexes/base.py::3106,0.311306
pandas/core/indexes/base.py::3108,0.311306
pandas/core/indexes/base.py::3113,0.311306
pandas/core/indexes/base.py::3114,0.311306
pandas/core/indexes/base.py::3115,0.311306
pandas/core/indexes/base.py::3116,0.311306
pandas/core/indexes/base.py::3117,0.311306
pandas/core/indexes/base.py::4963,0.311306
pandas/core/indexes/base.py::4965,0.311306
pandas/core/indexes/base.py::4966,0.311306
pandas/core/indexes/base.py::4967,0.311306
pandas/core/indexes/base.py::4968,0.311306
pandas/core/indexes/base.py::4971,0.311306
pandas/core/indexes/base.py::5565,0.311306
pandas/core/indexes/base.py::5567,0.311306
pandas/core/indexes/datetimelike.py::105,0.311306
pandas/core/indexes/datetimelike.py::117,0.311306
pandas/core/indexes/datetimelike.py::151,0.311306
pandas/core/indexes/datetimelike.py::164,0.311306
pandas/core/indexes/datetimelike.py::186,0.311306
pandas/core/indexes/datetimelike.py::187,0.311306
pandas/core/indexes/datetimelike.py::189,0.311306
pandas/core/indexes/datetimelike.py::191,0.311306
pandas/core/indexes/datetimelike.py::201,0.311306
pandas/core/indexes/datetimelike.py::205,0.311306
pandas/core/indexes/datetimelike.py::211,0.311306
pandas/core/indexes/datetimelike.py::256,0.311306
pandas/core/indexes/datetimelike.py::257,0.311306
pandas/core/indexes/datetimelike.py::259,0.311306
pandas/core/indexes/datetimelike.py::840,0.311306
pandas/core/indexes/datetimelike.py::841,0.311306
pandas/core/indexes/datetimelike.py::842,0.311306
pandas/core/indexes/datetimelike.py::843,0.311306
pandas/core/indexes/datetimes.py::1024,0.311306
pandas/core/indexes/datetimes.py::1029,0.311306
pandas/core/indexes/datetimes.py::1031,0.311306
pandas/core/indexes/datetimes.py::1032,0.311306
pandas/core/indexes/datetimes.py::1035,0.311306
pandas/core/indexes/datetimes.py::1115,0.311306
pandas/core/indexes/datetimes.py::1116,0.311306
pandas/core/indexes/datetimes.py::1214,0.311306
pandas/core/indexes/datetimes.py::1215,0.311306
pandas/core/indexes/datetimes.py::1216,0.311306
pandas/core/indexes/datetimes.py::1217,0.311306
pandas/core/indexes/datetimes.py::1222,0.311306
pandas/core/indexes/datetimes.py::1247,0.311306
pandas/core/indexes/datetimes.py::1251,0.311306
pandas/core/indexes/datetimes.py::1570,0.311306
pandas/core/indexes/datetimes.py::1573,0.311306
pandas/core/indexes/datetimes.py::1574,0.311306
pandas/core/indexes/datetimes.py::1575,0.311306
pandas/core/indexes/datetimes.py::1576,0.311306
pandas/core/indexes/datetimes.py::1577,0.311306
pandas/core/indexes/datetimes.py::1578,0.311306
pandas/core/indexes/datetimes.py::1579,0.311306
pandas/core/indexes/datetimes.py::1580,0.311306
pandas/core/indexes/datetimes.py::1581,0.311306
pandas/core/indexes/datetimes.py::1583,0.311306
pandas/core/indexes/datetimes.py::1663,0.311306
pandas/core/indexes/datetimes.py::1667,0.311306
pandas/core/indexes/datetimes.py::1674,0.311306
pandas/core/indexes/datetimes.py::1681,0.311306
pandas/core/indexes/datetimes.py::1682,0.311306
pandas/core/indexes/datetimes.py::1683,0.311306
pandas/core/indexes/datetimes.py::1684,0.311306
pandas/core/indexes/datetimes.py::1685,0.311306
pandas/core/indexes/datetimes.py::1686,0.311306
pandas/core/indexes/datetimes.py::1687,0.311306
pandas/core/indexes/datetimes.py::1688,0.311306
pandas/core/indexes/datetimes.py::1689,0.311306
pandas/core/indexes/datetimes.py::1690,0.311306
pandas/core/indexes/datetimes.py::281,0.311306
pandas/core/indexes/datetimes.py::289,0.311306
pandas/core/indexes/datetimes.py::291,0.311306
pandas/core/indexes/datetimes.py::311,0.311306
pandas/core/indexes/datetimes.py::321,0.311306
pandas/core/indexes/datetimes.py::322,0.311306
pandas/core/indexes/datetimes.py::324,0.311306
pandas/core/indexes/datetimes.py::325,0.311306
pandas/core/indexes/datetimes.py::326,0.311306
pandas/core/indexes/datetimes.py::327,0.311306
pandas/core/indexes/datetimes.py::328,0.311306
pandas/core/indexes/datetimes.py::329,0.311306
pandas/core/indexes/datetimes.py::330,0.311306
pandas/core/indexes/datetimes.py::331,0.311306
pandas/core/indexes/datetimes.py::332,0.311306
pandas/core/indexes/datetimes.py::333,0.311306
pandas/core/indexes/datetimes.py::336,0.311306
pandas/core/indexes/datetimes.py::337,0.311306
pandas/core/indexes/datetimes.py::345,0.311306
pandas/core/indexes/datetimes.py::346,0.311306
pandas/core/indexes/datetimes.py::349,0.311306
pandas/core/indexes/datetimes.py::350,0.311306
pandas/core/indexes/datetimes.py::352,0.311306
pandas/core/indexes/datetimes.py::353,0.311306
pandas/core/indexes/datetimes.py::354,0.311306
pandas/core/indexes/datetimes.py::355,0.311306
pandas/core/indexes/datetimes.py::358,0.311306
pandas/core/indexes/datetimes.py::361,0.311306
pandas/core/indexes/datetimes.py::362,0.311306
pandas/core/indexes/datetimes.py::363,0.311306
pandas/core/indexes/datetimes.py::365,0.311306
pandas/core/indexes/datetimes.py::366,0.311306
pandas/core/indexes/datetimes.py::367,0.311306
pandas/core/indexes/datetimes.py::369,0.311306
pandas/core/indexes/datetimes.py::370,0.311306
pandas/core/indexes/datetimes.py::371,0.311306
pandas/core/indexes/datetimes.py::395,0.311306
pandas/core/indexes/datetimes.py::400,0.311306
pandas/core/indexes/datetimes.py::532,0.311306
pandas/core/indexes/datetimes.py::534,0.311306
pandas/core/indexes/datetimes.py::535,0.311306
pandas/core/indexes/datetimes.py::539,0.311306
pandas/core/indexes/datetimes.py::545,0.311306
pandas/core/indexes/datetimes.py::547,0.311306
pandas/core/indexes/datetimes.py::548,0.311306
pandas/core/indexes/datetimes.py::556,0.311306
pandas/core/indexes/datetimes.py::559,0.311306
pandas/core/indexes/datetimes.py::562,0.311306
pandas/core/indexes/datetimes.py::564,0.311306
pandas/core/indexes/datetimes.py::567,0.311306
pandas/core/indexes/datetimes.py::570,0.311306
pandas/core/indexes/datetimes.py::574,0.311306
pandas/core/indexes/datetimes.py::575,0.311306
pandas/core/indexes/datetimes.py::579,0.311306
pandas/core/indexes/datetimes.py::580,0.311306
pandas/core/indexes/datetimes.py::583,0.311306
pandas/core/indexes/datetimes.py::584,0.311306
pandas/core/indexes/datetimes.py::592,0.311306
pandas/core/indexes/datetimes.py::595,0.311306
pandas/core/indexes/datetimes.py::600,0.311306
pandas/core/indexes/datetimes.py::601,0.311306
pandas/core/indexes/datetimes.py::616,0.311306
pandas/core/indexes/datetimes.py::617,0.311306
pandas/core/indexes/datetimes.py::622,0.311306
pandas/core/indexes/datetimes.py::628,0.311306
pandas/core/indexes/datetimes.py::801,0.311306
pandas/core/indexes/datetimes.py::802,0.311306
pandas/core/indexes/datetimes.py::803,0.311306
pandas/core/indexes/datetimes.py::806,0.311306
pandas/core/indexes/datetimes.py::809,0.311306
pandas/core/indexes/datetimes.py::812,0.311306
pandas/core/indexes/multi.py::445,0.311306
pandas/core/indexes/numeric.py::286,0.311306
pandas/core/indexing.py::2338,0.311306
pandas/core/indexing.py::2349,0.311306
pandas/core/indexing.py::2350,0.311306
pandas/core/indexing.py::2351,0.311306
pandas/core/indexing.py::2352,0.311306
pandas/core/internals/blocks.py::304,0.311306
pandas/core/internals/blocks.py::305,0.311306
pandas/core/internals/blocks.py::306,0.311306
pandas/core/internals/blocks.py::309,0.311306
pandas/core/internals/blocks.py::311,0.311306
pandas/core/internals/blocks.py::313,0.311306
pandas/core/internals/blocks.py::316,0.311306
pandas/core/internals/construction.py::331,0.311306
pandas/core/internals/construction.py::332,0.311306
pandas/core/internals/construction.py::344,0.311306
pandas/core/internals/managers.py::733,0.311306
pandas/core/internals/managers.py::736,0.311306
pandas/core/internals/managers.py::739,0.311306
pandas/core/internals/managers.py::740,0.311306
pandas/core/internals/managers.py::741,0.311306
pandas/core/internals/managers.py::742,0.311306
pandas/core/internals/managers.py::744,0.311306
pandas/core/internals/managers.py::745,0.311306
pandas/core/internals/managers.py::747,0.311306
pandas/core/internals/managers.py::748,0.311306
pandas/core/internals/managers.py::749,0.311306
pandas/core/ops/__init__.py::431,0.311306
pandas/core/ops/__init__.py::440,0.311306
pandas/core/ops/__init__.py::441,0.311306
pandas/core/ops/__init__.py::445,0.311306
pandas/core/ops/__init__.py::446,0.311306
pandas/core/ops/__init__.py::482,0.311306
pandas/core/ops/__init__.py::484,0.311306
pandas/core/ops/__init__.py::487,0.311306
pandas/core/ops/__init__.py::488,0.311306
pandas/core/ops/__init__.py::490,0.311306
pandas/core/ops/__init__.py::492,0.311306
pandas/core/ops/__init__.py::84,0.311306
pandas/core/ops/array_ops.py::234,0.311306
pandas/core/ops/array_ops.py::235,0.311306
pandas/core/ops/array_ops.py::237,0.311306
pandas/core/ops/array_ops.py::238,0.311306
pandas/core/ops/array_ops.py::242,0.311306
pandas/core/ops/array_ops.py::249,0.311306
pandas/core/ops/array_ops.py::252,0.311306
pandas/core/ops/array_ops.py::259,0.311306
pandas/core/ops/array_ops.py::263,0.311306
pandas/core/ops/array_ops.py::264,0.311306
pandas/core/ops/array_ops.py::265,0.311306
pandas/core/ops/array_ops.py::266,0.311306
pandas/core/ops/array_ops.py::268,0.311306
pandas/core/ops/array_ops.py::270,0.311306
pandas/core/ops/array_ops.py::275,0.311306
pandas/core/ops/common.py::52,0.311306
pandas/core/ops/common.py::56,0.311306
pandas/core/ops/common.py::57,0.311306
pandas/core/ops/common.py::58,0.311306
pandas/core/ops/common.py::59,0.311306
pandas/core/ops/common.py::62,0.311306
pandas/core/ops/common.py::64,0.311306
pandas/core/ops/dispatch.py::38,0.311306
pandas/core/ops/dispatch.py::39,0.311306
pandas/core/ops/dispatch.py::40,0.311306
pandas/core/ops/dispatch.py::44,0.311306
pandas/core/ops/dispatch.py::48,0.311306
pandas/core/series.py::386,0.311306
pandas/core/series.py::405,0.311306
pandas/tseries/frequencies.py::114,0.311306
pandas/tseries/frequencies.py::115,0.311306
pandas/tseries/frequencies.py::117,0.311306
pandas/tseries/frequencies.py::118,0.311306
pandas/tseries/frequencies.py::120,0.311306
pandas/tseries/frequencies.py::128,0.311306
pandas/tseries/frequencies.py::145,0.311306
pandas/tseries/frequencies.py::146,0.311306
pandas/tseries/frequencies.py::147,0.311306
pandas/tseries/frequencies.py::148,0.311306
pandas/tseries/frequencies.py::149,0.311306
pandas/tseries/frequencies.py::152,0.311306
pandas/tseries/frequencies.py::153,0.311306
pandas/tseries/frequencies.py::155,0.311306
pandas/tseries/frequencies.py::157,0.311306
pandas/tseries/frequencies.py::158,0.311306
pandas/tseries/frequencies.py::159,0.311306
pandas/tseries/frequencies.py::160,0.311306
pandas/tseries/frequencies.py::161,0.311306
pandas/tseries/frequencies.py::162,0.311306
pandas/tseries/frequencies.py::166,0.311306
pandas/tseries/frequencies.py::167,0.311306
pandas/tseries/frequencies.py::168,0.311306
pandas/tseries/frequencies.py::169,0.311306
pandas/tseries/frequencies.py::170,0.311306
pandas/tseries/frequencies.py::173,0.311306
pandas/tseries/frequencies.py::174,0.311306
pandas/tseries/frequencies.py::176,0.311306
pandas/tseries/frequencies.py::179,0.311306
pandas/tseries/frequencies.py::190,0.311306
pandas/tseries/frequencies.py::191,0.311306
pandas/tseries/frequencies.py::192,0.311306
pandas/tseries/frequencies.py::193,0.311306
pandas/tseries/frequencies.py::197,0.311306
pandas/tseries/frequencies.py::198,0.311306
pandas/tseries/frequencies.py::199,0.311306
pandas/tseries/frequencies.py::200,0.311306
pandas/tseries/frequencies.py::204,0.311306
pandas/tseries/frequencies.py::206,0.311306
pandas/tseries/frequencies.py::210,0.311306
pandas/tseries/frequencies.py::235,0.311306
pandas/tseries/frequencies.py::237,0.311306
pandas/tseries/frequencies.py::250,0.311306
pandas/tseries/frequencies.py::255,0.311306
pandas/tseries/frequencies.py::260,0.311306
pandas/tseries/frequencies.py::268,0.311306
pandas/tseries/frequencies.py::274,0.311306
pandas/tseries/frequencies.py::275,0.311306
pandas/tseries/frequencies.py::284,0.311306
pandas/tseries/frequencies.py::285,0.311306
pandas/tseries/frequencies.py::289,0.311306
pandas/tseries/frequencies.py::290,0.311306
pandas/tseries/frequencies.py::293,0.311306
pandas/tseries/frequencies.py::295,0.311306
pandas/tseries/frequencies.py::299,0.311306
pandas/tseries/frequencies.py::304,0.311306
pandas/tseries/frequencies.py::312,0.311306
pandas/tseries/frequencies.py::327,0.311306
pandas/tseries/frequencies.py::330,0.311306
pandas/tseries/frequencies.py::331,0.311306
pandas/tseries/frequencies.py::332,0.311306
pandas/tseries/frequencies.py::365,0.311306
pandas/tseries/frequencies.py::373,0.311306
pandas/tseries/frequencies.py::380,0.311306
pandas/tseries/frequencies.py::384,0.311306
pandas/tseries/frequencies.py::385,0.311306
pandas/tseries/frequencies.py::389,0.311306
pandas/tseries/frequencies.py::392,0.311306
pandas/tseries/frequencies.py::393,0.311306
pandas/tseries/frequencies.py::399,0.311306
pandas/tseries/frequencies.py::400,0.311306
pandas/tseries/frequencies.py::407,0.311306
pandas/tseries/frequencies.py::408,0.311306
pandas/tseries/frequencies.py::411,0.311306
pandas/tseries/frequencies.py::420,0.311306
pandas/tseries/frequencies.py::421,0.311306
pandas/tseries/frequencies.py::428,0.311306
pandas/tseries/frequencies.py::431,0.311306
pandas/tseries/frequencies.py::434,0.311306
pandas/tseries/frequencies.py::435,0.311306
pandas/tseries/frequencies.py::438,0.311306
pandas/tseries/frequencies.py::441,0.311306
pandas/tseries/frequencies.py::444,0.311306
pandas/tseries/frequencies.py::445,0.311306
pandas/tseries/frequencies.py::448,0.311306
pandas/tseries/frequencies.py::450,0.311306
pandas/tseries/frequencies.py::451,0.311306
pandas/tseries/frequencies.py::455,0.311306
pandas/tseries/frequencies.py::459,0.311306
pandas/tseries/frequencies.py::460,0.311306
pandas/tseries/frequencies.py::461,0.311306
pandas/tseries/frequencies.py::462,0.311306
pandas/tseries/frequencies.py::463,0.311306
pandas/tseries/frequencies.py::464,0.311306
pandas/tseries/frequencies.py::465,0.311306
pandas/tseries/frequencies.py::505,0.311306
pandas/tseries/offsets.py::100,0.311306
pandas/tseries/offsets.py::101,0.311306
pandas/tseries/offsets.py::103,0.311306
pandas/tseries/offsets.py::104,0.311306
pandas/tseries/offsets.py::106,0.311306
pandas/tseries/offsets.py::107,0.311306
pandas/tseries/offsets.py::108,0.311306
pandas/tseries/offsets.py::110,0.311306
pandas/tseries/offsets.py::112,0.311306
pandas/tseries/offsets.py::113,0.311306
pandas/tseries/offsets.py::115,0.311306
pandas/tseries/offsets.py::116,0.311306
pandas/tseries/offsets.py::120,0.311306
pandas/tseries/offsets.py::131,0.311306
pandas/tseries/offsets.py::146,0.311306
pandas/tseries/offsets.py::2749,0.311306
pandas/tseries/offsets.py::2751,0.311306
pandas/tseries/offsets.py::2753,0.311306
pandas/tseries/offsets.py::2754,0.311306
pandas/tseries/offsets.py::2755,0.311306
pandas/tseries/offsets.py::2756,0.311306
pandas/tseries/offsets.py::2758,0.311306
pandas/tseries/offsets.py::2759,0.311306
pandas/tseries/offsets.py::2764,0.311306
pandas/tseries/offsets.py::2768,0.311306
pandas/tseries/offsets.py::2769,0.311306
pandas/tseries/offsets.py::2771,0.311306
pandas/tseries/offsets.py::2774,0.311306
pandas/tseries/offsets.py::2775,0.311306
pandas/tseries/offsets.py::2776,0.311306
pandas/tseries/offsets.py::2777,0.311306
pandas/tseries/offsets.py::2779,0.311306
pandas/tseries/offsets.py::2782,0.311306
pandas/tseries/offsets.py::2785,0.311306
pandas/tseries/offsets.py::2786,0.311306
pandas/tseries/offsets.py::2790,0.311306
pandas/tseries/offsets.py::417,0.311306
pandas/tseries/offsets.py::418,0.311306
pandas/tseries/offsets.py::419,0.311306
pandas/tseries/offsets.py::420,0.311306
pandas/tseries/offsets.py::443,0.311306
pandas/tseries/offsets.py::447,0.311306
pandas/tseries/offsets.py::448,0.311306
pandas/tseries/offsets.py::452,0.311306
pandas/tseries/offsets.py::455,0.311306
pandas/tseries/offsets.py::457,0.311306
pandas/tseries/offsets.py::458,0.311306
pandas/tseries/offsets.py::464,0.311306
pandas/tseries/offsets.py::513,0.311306
pandas/tseries/offsets.py::536,0.311306
pandas/tseries/offsets.py::537,0.311306
pandas/tseries/offsets.py::572,0.311306
pandas/tseries/offsets.py::573,0.311306
pandas/tseries/offsets.py::574,0.311306
pandas/tseries/offsets.py::577,0.311306
pandas/tseries/offsets.py::578,0.311306
pandas/tseries/offsets.py::582,0.311306
pandas/tseries/offsets.py::585,0.311306
pandas/tseries/offsets.py::588,0.311306
pandas/tseries/offsets.py::590,0.311306
pandas/tseries/offsets.py::591,0.311306
pandas/tseries/offsets.py::593,0.311306
pandas/tseries/offsets.py::596,0.311306
pandas/tseries/offsets.py::598,0.311306
pandas/tseries/offsets.py::599,0.311306
pandas/tseries/offsets.py::601,0.311306
pandas/tseries/offsets.py::636,0.311306
pandas/tseries/offsets.py::638,0.311306
pandas/tseries/offsets.py::83,0.311306
pandas/tseries/offsets.py::84,0.311306
pandas/tseries/offsets.py::95,0.311306
pandas/tseries/offsets.py::97,0.311306
pandas/util/testing.py::1587,0.311306
pandas/util/testing.py::1639,0.311306
pandas/util/testing.py::1640,0.311306
pandas/util/testing.py::1641,0.311306
pandas/util/testing.py::1815,0.311306
pandas/util/testing.py::1816,0.311306
pandas/util/testing.py::1817,0.311306
pandas/util/testing.py::1827,0.311306
pandas/util/testing.py::1836,0.311306
pandas/util/testing.py::1837,0.311306
pandas/core/dtypes/inference.py::355,0.303917
pandas/core/frame.py::417,0.303917
pandas/core/frame.py::435,0.303917
pandas/core/frame.py::448,0.303917
pandas/core/frame.py::449,0.303917
pandas/core/frame.py::451,0.303917
pandas/core/frame.py::452,0.303917
pandas/core/frame.py::453,0.303917
pandas/core/frame.py::455,0.303917
pandas/core/frame.py::456,0.303917
pandas/core/frame.py::459,0.303917
pandas/core/frame.py::460,0.303917
pandas/core/frame.py::462,0.303917
pandas/core/frame.py::465,0.303917
pandas/core/frame.py::467,0.303917
pandas/core/indexes/numeric.py::77,0.303917
pandas/core/indexes/numeric.py::78,0.303917
pandas/core/indexes/range.py::706,0.303917
pandas/core/indexes/range.py::709,0.303917
pandas/core/indexes/range.py::710,0.303917
pandas/core/indexes/range.py::711,0.303917
pandas/core/indexes/range.py::712,0.303917
pandas/core/internals/construction.py::427,0.303917
pandas/core/internals/construction.py::440,0.303917
pandas/core/internals/construction.py::446,0.303917
pandas/core/internals/construction.py::447,0.303917
pandas/core/internals/construction.py::475,0.303917
pandas/core/internals/construction.py::479,0.303917
pandas/core/internals/construction.py::481,0.303917
pandas/core/internals/construction.py::482,0.303917
pandas/core/internals/construction.py::483,0.303917
pandas/core/internals/construction.py::487,0.303917
pandas/core/internals/construction.py::561,0.303917
pandas/core/internals/construction.py::562,0.303917
pandas/core/internals/construction.py::572,0.303917
pandas/core/internals/construction.py::573,0.303917
pandas/core/internals/construction.py::574,0.303917
pandas/core/internals/construction.py::575,0.303917
pandas/core/internals/construction.py::576,0.303917
pandas/core/internals/construction.py::578,0.303917
pandas/core/internals/construction.py::580,0.303917
pandas/core/common.py::206,0.297033
pandas/core/dtypes/cast.py::785,0.297033
pandas/core/dtypes/cast.py::788,0.297033
pandas/core/dtypes/cast.py::791,0.297033
pandas/core/dtypes/cast.py::794,0.297033
pandas/core/dtypes/cast.py::809,0.297033
pandas/core/dtypes/cast.py::832,0.297033
pandas/core/dtypes/cast.py::855,0.297033
pandas/core/dtypes/cast.py::859,0.297033
pandas/core/dtypes/cast.py::861,0.297033
pandas/core/dtypes/inference.py::323,0.297033
pandas/core/dtypes/inference.py::325,0.297033
pandas/core/generic.py::5765,0.297033
pandas/core/generic.py::5790,0.297033
pandas/core/generic.py::5800,0.297033
pandas/core/generic.py::5801,0.297033
pandas/core/internals/blocks.py::184,0.297033
pandas/core/internals/blocks.py::189,0.297033
pandas/core/internals/blocks.py::192,0.297033
pandas/core/internals/blocks.py::527,0.297033
pandas/core/internals/blocks.py::545,0.297033
pandas/core/internals/blocks.py::547,0.297033
pandas/core/internals/blocks.py::554,0.297033
pandas/core/internals/blocks.py::562,0.297033
pandas/core/internals/blocks.py::570,0.297033
pandas/core/internals/blocks.py::573,0.297033
pandas/core/internals/blocks.py::579,0.297033
pandas/core/internals/blocks.py::583,0.297033
pandas/core/internals/blocks.py::594,0.297033
pandas/core/internals/blocks.py::597,0.297033
pandas/core/internals/blocks.py::598,0.297033
pandas/core/internals/blocks.py::599,0.297033
pandas/core/internals/blocks.py::610,0.297033
pandas/core/internals/blocks.py::611,0.297033
pandas/core/internals/blocks.py::613,0.297033
pandas/core/internals/blocks.py::615,0.297033
pandas/core/internals/blocks.py::616,0.297033
pandas/core/internals/blocks.py::628,0.297033
pandas/core/internals/construction.py::292,0.297033
pandas/core/internals/construction.py::294,0.297033
pandas/core/internals/construction.py::297,0.297033
pandas/core/internals/managers.py::1833,0.297033
pandas/core/internals/managers.py::1839,0.297033
pandas/core/internals/managers.py::574,0.297033
pandas/core/arrays/categorical.py::2693,0.290599
pandas/core/arrays/categorical.py::2695,0.290599
pandas/core/arrays/categorical.py::352,0.290599
pandas/core/arrays/categorical.py::355,0.290599
pandas/core/arrays/categorical.py::358,0.290599
pandas/core/arrays/categorical.py::359,0.290599
pandas/core/arrays/categorical.py::360,0.290599
pandas/core/arrays/categorical.py::362,0.290599
pandas/core/dtypes/missing.py::152,0.290599
pandas/core/generic.py::4545,0.290599
pandas/core/generic.py::4547,0.290599
pandas/core/indexes/base.py::4314,0.290599
pandas/core/indexes/base.py::4316,0.290599
pandas/core/indexes/base.py::4317,0.290599
pandas/core/indexes/base.py::4320,0.290599
pandas/core/construction.py::359,0.284568
pandas/core/algorithms.py::1611,0.268512
pandas/core/algorithms.py::1612,0.268512
pandas/core/dtypes/common.py::1556,0.268512
pandas/core/dtypes/generic.py::78,0.268512
pandas/core/dtypes/missing.py::149,0.268512
pandas/core/dtypes/missing.py::151,0.268512
pandas/core/indexes/base.py::2826,0.263737
pandas/core/indexes/base.py::2827,0.263737
pandas/core/indexes/base.py::4949,0.263737
pandas/core/indexes/base.py::4956,0.263737
pandas/core/indexing.py::2348,0.263737
pandas/core/internals/managers.py::1057,0.263737
pandas/core/internals/managers.py::1059,0.263737
pandas/core/internals/managers.py::1060,0.263737
pandas/core/internals/managers.py::1179,0.263737
pandas/core/internals/managers.py::1180,0.263737
pandas/core/base.py::690,0.259209
pandas/core/frame.py::2616,0.259209
pandas/core/frame.py::2633,0.259209
pandas/core/frame.py::2639,0.259209
pandas/core/frame.py::2641,0.259209
pandas/core/frame.py::2643,0.259209
pandas/core/frame.py::2646,0.259209
pandas/core/frame.py::2648,0.259209
pandas/core/indexing.py::163,0.259209
pandas/core/indexing.py::1961,0.259209
pandas/core/indexing.py::1975,0.259209
pandas/core/indexing.py::1976,0.259209
pandas/core/indexing.py::1977,0.259209
pandas/core/indexing.py::1978,0.259209
pandas/core/indexing.py::2010,0.259209
pandas/core/indexing.py::2013,0.259209
pandas/core/indexing.py::2014,0.259209
pandas/core/indexing.py::2015,0.259209
pandas/core/indexing.py::2050,0.259209
pandas/core/indexing.py::2051,0.259209
pandas/core/indexing.py::2056,0.259209
pandas/core/indexing.py::2057,0.259209
pandas/core/indexing.py::2058,0.259209
pandas/core/indexing.py::2102,0.259209
pandas/core/indexing.py::2105,0.259209
pandas/core/indexing.py::2108,0.259209
pandas/core/indexing.py::2113,0.259209
pandas/core/indexing.py::2118,0.259209
pandas/core/indexing.py::2119,0.259209
pandas/core/indexing.py::2123,0.259209
pandas/core/indexing.py::2125,0.259209
pandas/core/common.py::287,0.254908
pandas/core/common.py::288,0.254908
pandas/core/common.py::289,0.254908
pandas/core/common.py::290,0.254908
pandas/core/frame.py::511,0.254908
pandas/core/indexers.py::26,0.254908
pandas/core/indexes/base.py::363,0.254908
pandas/core/indexes/base.py::390,0.254908
pandas/core/indexes/base.py::397,0.254908
pandas/core/indexes/base.py::4038,0.254908
pandas/core/indexes/base.py::4040,0.254908
pandas/core/indexes/base.py::4045,0.254908
pandas/core/indexes/base.py::5208,0.254908
pandas/core/indexes/base.py::5209,0.254908
pandas/core/indexes/base.py::5210,0.254908
pandas/core/indexes/base.py::5211,0.254908
pandas/core/indexing.py::1380,0.254908
pandas/core/indexing.py::1381,0.254908
pandas/core/indexing.py::1382,0.254908
pandas/core/indexing.py::1387,0.254908
pandas/core/indexing.py::232,0.254908
pandas/core/indexing.py::233,0.254908
pandas/core/indexing.py::235,0.254908
pandas/core/indexing.py::236,0.254908
pandas/core/indexing.py::244,0.254908
pandas/core/indexing.py::246,0.254908
pandas/core/indexing.py::2470,0.254908
pandas/core/indexing.py::889,0.254908
pandas/core/indexing.py::894,0.254908
pandas/core/indexing.py::898,0.254908
pandas/core/indexing.py::901,0.254908
pandas/core/indexing.py::906,0.254908
pandas/core/indexing.py::912,0.254908
pandas/core/indexing.py::913,0.254908
pandas/core/internals/blocks.py::257,0.254908
pandas/core/internals/blocks.py::673,0.254908
pandas/core/internals/blocks.py::674,0.254908
pandas/core/internals/blocks.py::675,0.254908
pandas/core/internals/blocks.py::676,0.254908
pandas/core/internals/managers.py::1156,0.254908
pandas/core/internals/managers.py::1160,0.254908
pandas/core/internals/managers.py::1164,0.254908
pandas/core/internals/managers.py::1166,0.254908
pandas/core/internals/managers.py::1168,0.254908
pandas/core/internals/managers.py::1177,0.254908
pandas/core/internals/managers.py::1185,0.254908
pandas/core/internals/managers.py::1186,0.254908
pandas/core/internals/managers.py::1187,0.254908
pandas/core/internals/managers.py::1189,0.254908
pandas/core/internals/managers.py::1191,0.254908
pandas/core/reshape/melt.py::38,0.254908
pandas/core/generic.py::439,0.250815
pandas/core/generic.py::440,0.250815
pandas/core/generic.py::550,0.250815
pandas/core/indexes/numeric.py::169,0.250815
pandas/core/indexes/base.py::401,0.246914
pandas/core/ops/__init__.py::81,0.246914
pandas/core/ops/__init__.py::85,0.246914
pandas/core/algorithms.py::1996,0.243190
pandas/core/algorithms.py::1998,0.243190
pandas/core/algorithms.py::2003,0.243190
pandas/core/algorithms.py::2005,0.243190
pandas/core/algorithms.py::2007,0.243190
pandas/core/algorithms.py::2010,0.243190
pandas/core/algorithms.py::2017,0.243190
pandas/core/algorithms.py::2019,0.243190
pandas/core/algorithms.py::2020,0.243190
pandas/core/algorithms.py::2021,0.243190
pandas/core/algorithms.py::2024,0.243190
pandas/core/algorithms.py::2036,0.243190
pandas/core/algorithms.py::2039,0.243190
pandas/core/algorithms.py::274,0.243190
pandas/core/algorithms.py::635,0.243190
pandas/core/algorithms.py::636,0.243190
pandas/core/algorithms.py::96,0.243190
pandas/core/base.py::999,0.243190
pandas/core/dtypes/common.py::1611,0.243190
pandas/core/dtypes/common.py::220,0.243190
pandas/core/indexes/api.py::202,0.243190
pandas/core/indexes/api.py::204,0.243190
pandas/core/indexes/api.py::263,0.243190
pandas/core/indexes/api.py::264,0.243190
pandas/core/indexes/base.py::2259,0.243190
pandas/core/indexes/base.py::2260,0.243190
pandas/core/indexes/base.py::2662,0.243190
pandas/core/indexes/base.py::2664,0.243190
pandas/core/indexes/base.py::2666,0.243190
pandas/core/indexes/base.py::2667,0.243190
pandas/core/indexes/base.py::2669,0.243190
pandas/core/indexes/base.py::2670,0.243190
pandas/core/indexes/base.py::2671,0.243190
pandas/core/indexes/base.py::2672,0.243190
pandas/core/indexes/base.py::2673,0.243190
pandas/core/indexes/base.py::2677,0.243190
pandas/core/indexes/base.py::2766,0.243190
pandas/core/indexes/base.py::2767,0.243190
pandas/core/indexes/base.py::2768,0.243190
pandas/core/indexes/base.py::2771,0.243190
pandas/core/indexes/base.py::4291,0.243190
pandas/core/indexes/numeric.py::51,0.243190
pandas/core/indexes/numeric.py::52,0.243190
pandas/core/indexes/numeric.py::63,0.243190
pandas/core/indexes/numeric.py::73,0.243190
pandas/core/indexes/numeric.py::76,0.243190
pandas/core/indexes/numeric.py::82,0.243190
pandas/core/indexes/numeric.py::84,0.243190
pandas/core/algorithms.py::90,0.239630
pandas/core/algorithms.py::91,0.239630
pandas/core/algorithms.py::95,0.239630
pandas/core/construction.py::375,0.239630
pandas/core/construction.py::515,0.239630
pandas/core/construction.py::518,0.239630
pandas/core/construction.py::521,0.239630
pandas/core/construction.py::524,0.239630
pandas/core/construction.py::525,0.239630
pandas/core/construction.py::526,0.239630
pandas/core/construction.py::529,0.239630
pandas/core/construction.py::530,0.239630
pandas/core/construction.py::551,0.239630
pandas/core/dtypes/cast.py::1116,0.239630
pandas/core/dtypes/cast.py::1119,0.239630
pandas/core/dtypes/cast.py::1120,0.239630
pandas/core/dtypes/cast.py::1121,0.239630
pandas/core/dtypes/cast.py::1123,0.239630
pandas/core/dtypes/cast.py::1208,0.239630
pandas/core/dtypes/cast.py::1412,0.239630
pandas/core/dtypes/cast.py::1414,0.239630
pandas/core/dtypes/cast.py::1426,0.239630
pandas/core/dtypes/common.py::1388,0.239630
pandas/core/dtypes/common.py::1798,0.239630
pandas/core/dtypes/common.py::1801,0.239630
pandas/core/generic.py::249,0.239630
pandas/core/generic.py::250,0.239630
pandas/core/generic.py::253,0.239630
pandas/core/generic.py::259,0.239630
pandas/core/generic.py::507,0.239630
pandas/core/indexes/api.py::169,0.239630
pandas/core/indexes/api.py::171,0.239630
pandas/core/indexes/api.py::177,0.239630
pandas/core/indexes/api.py::179,0.239630
pandas/core/indexes/api.py::201,0.239630
pandas/core/indexes/api.py::251,0.239630
pandas/core/indexes/api.py::253,0.239630
pandas/core/indexes/base.py::1813,0.239630
pandas/core/indexes/base.py::2378,0.239630
pandas/core/indexes/base.py::2655,0.239630
pandas/core/indexes/base.py::2656,0.239630
pandas/core/indexes/base.py::2658,0.239630
pandas/core/indexes/base.py::2761,0.239630
pandas/core/indexes/base.py::2763,0.239630
pandas/core/internals/blocks.py::2981,0.239630
pandas/core/internals/construction.py::345,0.239630
pandas/core/internals/construction.py::366,0.239630
pandas/core/internals/managers.py::1726,0.239630
pandas/core/internals/managers.py::1727,0.239630
pandas/core/series.py::218,0.239630
pandas/core/series.py::224,0.239630
pandas/core/series.py::273,0.239630
pandas/core/series.py::275,0.239630
pandas/core/series.py::279,0.239630
pandas/core/series.py::283,0.239630
pandas/compat/numpy/function.py::43,0.236222
pandas/core/algorithms.py::273,0.236222
pandas/core/algorithms.py::88,0.236222
pandas/core/arrays/categorical.py::2724,0.236222
pandas/core/arrays/categorical.py::2727,0.236222
pandas/core/arrays/categorical.py::2738,0.236222
pandas/core/arrays/categorical.py::2739,0.236222
pandas/core/arrays/categorical.py::2740,0.236222
pandas/core/arrays/categorical.py::2741,0.236222
pandas/core/arrays/categorical.py::2763,0.236222
pandas/core/arrays/categorical.py::2766,0.236222
pandas/core/arrays/categorical.py::327,0.236222
pandas/core/arrays/categorical.py::328,0.236222
pandas/core/arrays/categorical.py::334,0.236222
pandas/core/arrays/categorical.py::341,0.236222
pandas/core/arrays/categorical.py::344,0.236222
pandas/core/arrays/categorical.py::347,0.236222
pandas/core/arrays/categorical.py::350,0.236222
pandas/core/arrays/categorical.py::351,0.236222
pandas/core/arrays/categorical.py::364,0.236222
pandas/core/arrays/categorical.py::365,0.236222
pandas/core/arrays/categorical.py::366,0.236222
pandas/core/arrays/categorical.py::385,0.236222
pandas/core/arrays/categorical.py::398,0.236222
pandas/core/arrays/categorical.py::404,0.236222
pandas/core/arrays/categorical.py::405,0.236222
pandas/core/arrays/categorical.py::436,0.236222
pandas/core/arrays/categorical.py::462,0.236222
pandas/core/arrays/categorical.py::699,0.236222
pandas/core/arrays/categorical.py::700,0.236222
pandas/core/arrays/categorical.py::701,0.236222
pandas/core/base.py::67,0.236222
pandas/core/base.py::68,0.236222
pandas/core/common.py::146,0.236222
pandas/core/dtypes/base.py::282,0.236222
pandas/core/dtypes/cast.py::724,0.236222
pandas/core/dtypes/cast.py::725,0.236222
pandas/core/dtypes/cast.py::726,0.236222
pandas/core/dtypes/common.py::1174,0.236222
pandas/core/dtypes/dtypes.py::228,0.236222
pandas/core/dtypes/dtypes.py::229,0.236222
pandas/core/dtypes/dtypes.py::314,0.236222
pandas/core/dtypes/dtypes.py::316,0.236222
pandas/core/dtypes/dtypes.py::328,0.236222
pandas/core/dtypes/dtypes.py::338,0.236222
pandas/core/dtypes/dtypes.py::340,0.236222
pandas/core/dtypes/dtypes.py::344,0.236222
pandas/core/dtypes/dtypes.py::345,0.236222
pandas/core/dtypes/dtypes.py::347,0.236222
pandas/core/dtypes/dtypes.py::348,0.236222
pandas/core/dtypes/dtypes.py::350,0.236222
pandas/core/dtypes/dtypes.py::351,0.236222
pandas/core/dtypes/dtypes.py::352,0.236222
pandas/core/dtypes/dtypes.py::494,0.236222
pandas/core/dtypes/dtypes.py::512,0.236222
pandas/core/dtypes/dtypes.py::514,0.236222
pandas/core/dtypes/dtypes.py::517,0.236222
pandas/core/dtypes/dtypes.py::518,0.236222
pandas/core/dtypes/dtypes.py::520,0.236222
pandas/core/dtypes/dtypes.py::522,0.236222
pandas/core/dtypes/dtypes.py::525,0.236222
pandas/core/dtypes/dtypes.py::528,0.236222
pandas/core/dtypes/dtypes.py::531,0.236222
pandas/core/dtypes/dtypes.py::548,0.236222
pandas/core/dtypes/dtypes.py::551,0.236222
pandas/core/dtypes/dtypes.py::559,0.236222
pandas/core/dtypes/dtypes.py::562,0.236222
pandas/core/dtypes/dtypes.py::563,0.236222
pandas/core/dtypes/dtypes.py::566,0.236222
pandas/core/dtypes/dtypes.py::567,0.236222
pandas/core/dtypes/dtypes.py::568,0.236222
pandas/core/dtypes/dtypes.py::582,0.236222
pandas/core/dtypes/dtypes.py::589,0.236222
pandas/core/frame.py::2806,0.236222
pandas/core/frame.py::2809,0.236222
pandas/core/frame.py::2810,0.236222
pandas/core/frame.py::2815,0.236222
pandas/core/frame.py::2817,0.236222
pandas/core/frame.py::2821,0.236222
pandas/core/frame.py::2879,0.236222
pandas/core/frame.py::2880,0.236222
pandas/core/frame.py::2881,0.236222
pandas/core/frame.py::2886,0.236222
pandas/core/frame.py::2887,0.236222
pandas/core/frame.py::2932,0.236222
pandas/core/frame.py::3438,0.236222
pandas/core/frame.py::3441,0.236222
pandas/core/frame.py::3442,0.236222
pandas/core/frame.py::3458,0.236222
pandas/core/frame.py::3460,0.236222
pandas/core/frame.py::3461,0.236222
pandas/core/frame.py::3510,0.236222
pandas/core/frame.py::3514,0.236222
pandas/core/frame.py::3520,0.236222
pandas/core/generic.py::3349,0.236222
pandas/core/generic.py::3654,0.236222
pandas/core/generic.py::3655,0.236222
pandas/core/generic.py::3718,0.236222
pandas/core/generic.py::3719,0.236222
pandas/core/generic.py::686,0.236222
pandas/core/generic.py::687,0.236222
pandas/core/indexes/base.py::1660,0.236222
pandas/core/indexes/base.py::1677,0.236222
pandas/core/indexes/base.py::1863,0.236222
pandas/core/indexes/base.py::1864,0.236222
pandas/core/indexes/base.py::1883,0.236222
pandas/core/indexes/base.py::1884,0.236222
pandas/core/indexes/base.py::568,0.236222
pandas/core/indexes/base.py::596,0.236222
pandas/core/indexes/base.py::597,0.236222
pandas/core/indexes/base.py::598,0.236222
pandas/core/indexes/base.py::599,0.236222
pandas/core/indexes/base.py::601,0.236222
pandas/core/indexes/base.py::606,0.236222
pandas/core/indexes/base.py::664,0.236222
pandas/core/indexes/frozen.py::142,0.236222
pandas/core/indexes/frozen.py::183,0.236222
pandas/core/indexes/frozen.py::184,0.236222
pandas/core/indexes/frozen.py::185,0.236222
pandas/core/indexes/frozen.py::187,0.236222
pandas/core/indexes/frozen.py::71,0.236222
pandas/core/indexes/frozen.py::73,0.236222
pandas/core/indexes/multi.py::1221,0.236222
pandas/core/indexes/multi.py::1224,0.236222
pandas/core/indexes/multi.py::1253,0.236222
pandas/core/indexes/multi.py::1255,0.236222
pandas/core/indexes/multi.py::1257,0.236222
pandas/core/indexes/multi.py::1258,0.236222
pandas/core/indexes/multi.py::1260,0.236222
pandas/core/indexes/multi.py::1265,0.236222
pandas/core/indexes/multi.py::1266,0.236222
pandas/core/indexes/multi.py::1271,0.236222
pandas/core/indexes/multi.py::1272,0.236222
pandas/core/indexes/multi.py::1275,0.236222
pandas/core/indexes/multi.py::1281,0.236222
pandas/core/indexes/multi.py::1982,0.236222
pandas/core/indexes/multi.py::262,0.236222
pandas/core/indexes/multi.py::264,0.236222
pandas/core/indexes/multi.py::266,0.236222
pandas/core/indexes/multi.py::268,0.236222
pandas/core/indexes/multi.py::271,0.236222
pandas/core/indexes/multi.py::274,0.236222
pandas/core/indexes/multi.py::275,0.236222
pandas/core/indexes/multi.py::277,0.236222
pandas/core/indexes/multi.py::278,0.236222
pandas/core/indexes/multi.py::280,0.236222
pandas/core/indexes/multi.py::282,0.236222
pandas/core/indexes/multi.py::285,0.236222
pandas/core/indexes/multi.py::287,0.236222
pandas/core/indexes/multi.py::291,0.236222
pandas/core/indexes/multi.py::292,0.236222
pandas/core/indexes/multi.py::294,0.236222
pandas/core/indexes/multi.py::426,0.236222
pandas/core/indexes/multi.py::427,0.236222
pandas/core/indexes/multi.py::429,0.236222
pandas/core/indexes/multi.py::433,0.236222
pandas/core/indexes/multi.py::434,0.236222
pandas/core/indexes/multi.py::439,0.236222
pandas/core/indexes/multi.py::440,0.236222
pandas/core/indexes/multi.py::443,0.236222
pandas/core/indexes/multi.py::444,0.236222
pandas/core/indexes/multi.py::447,0.236222
pandas/core/indexes/multi.py::448,0.236222
pandas/core/indexes/multi.py::449,0.236222
pandas/core/indexes/multi.py::450,0.236222
pandas/core/indexes/multi.py::451,0.236222
pandas/core/indexes/multi.py::452,0.236222
pandas/core/indexes/multi.py::707,0.236222
pandas/core/indexes/multi.py::715,0.236222
pandas/core/indexes/multi.py::716,0.236222
pandas/core/indexes/multi.py::717,0.236222
pandas/core/indexes/multi.py::726,0.236222
pandas/core/indexes/multi.py::730,0.236222
pandas/core/indexes/multi.py::731,0.236222
pandas/core/indexes/multi.py::732,0.236222
pandas/core/indexes/multi.py::735,0.236222
pandas/core/indexes/multi.py::736,0.236222
pandas/core/indexes/multi.py::814,0.236222
pandas/core/indexes/multi.py::828,0.236222
pandas/core/indexes/multi.py::834,0.236222
pandas/core/indexes/multi.py::835,0.236222
pandas/core/indexes/multi.py::836,0.236222
pandas/core/indexes/multi.py::837,0.236222
pandas/core/indexes/multi.py::849,0.236222
pandas/core/indexes/multi.py::852,0.236222
pandas/core/indexes/multi.py::854,0.236222
pandas/core/indexes/multi.py::855,0.236222
pandas/core/indexes/range.py::465,0.236222
pandas/core/indexes/range.py::466,0.236222
pandas/core/indexing.py::2343,0.236222
pandas/core/internals/blocks.py::196,0.236222
pandas/core/internals/blocks.py::209,0.236222
pandas/core/internals/blocks.py::211,0.236222
pandas/core/internals/blocks.py::2530,0.236222
pandas/core/internals/blocks.py::2533,0.236222
pandas/core/internals/blocks.py::2992,0.236222
pandas/core/internals/blocks.py::3024,0.236222
pandas/core/internals/blocks.py::3026,0.236222
pandas/core/internals/blocks.py::3028,0.236222
pandas/core/internals/blocks.py::3034,0.236222
pandas/core/internals/blocks.py::3037,0.236222
pandas/core/internals/blocks.py::3038,0.236222
pandas/core/internals/managers.py::1030,0.236222
pandas/core/internals/managers.py::1033,0.236222
pandas/core/internals/managers.py::1039,0.236222
pandas/core/internals/managers.py::1047,0.236222
pandas/core/internals/managers.py::1050,0.236222
pandas/core/internals/managers.py::1055,0.236222
pandas/core/internals/managers.py::1056,0.236222
pandas/core/internals/managers.py::1561,0.236222
pandas/core/internals/managers.py::172,0.236222
pandas/core/internals/managers.py::173,0.236222
pandas/core/internals/managers.py::174,0.236222
pandas/core/internals/managers.py::1757,0.236222
pandas/core/internals/managers.py::1758,0.236222
pandas/core/internals/managers.py::176,0.236222
pandas/core/internals/managers.py::1801,0.236222
pandas/core/internals/managers.py::1804,0.236222
pandas/core/internals/managers.py::1807,0.236222
pandas/core/internals/managers.py::1808,0.236222
pandas/core/internals/managers.py::182,0.236222
pandas/core/internals/managers.py::1963,0.236222
pandas/core/internals/managers.py::1964,0.236222
pandas/core/internals/managers.py::1965,0.236222
pandas/core/internals/managers.py::375,0.236222
pandas/core/internals/managers.py::378,0.236222
pandas/core/internals/managers.py::386,0.236222
pandas/core/internals/managers.py::387,0.236222
pandas/core/internals/managers.py::389,0.236222
pandas/core/internals/managers.py::395,0.236222
pandas/core/internals/managers.py::401,0.236222
pandas/core/internals/managers.py::407,0.236222
pandas/core/internals/managers.py::411,0.236222
pandas/core/internals/managers.py::413,0.236222
pandas/core/internals/managers.py::418,0.236222
pandas/core/internals/managers.py::419,0.236222
pandas/core/internals/managers.py::424,0.236222
pandas/core/internals/managers.py::431,0.236222
pandas/core/internals/managers.py::432,0.236222
pandas/core/internals/managers.py::434,0.236222
pandas/core/internals/managers.py::436,0.236222
pandas/core/internals/managers.py::437,0.236222
pandas/core/internals/managers.py::439,0.236222
pandas/core/internals/managers.py::440,0.236222
pandas/core/nanops.py::166,0.236222
pandas/core/nanops.py::221,0.236222
pandas/core/nanops.py::222,0.236222
pandas/core/nanops.py::224,0.236222
pandas/core/nanops.py::279,0.236222
pandas/core/nanops.py::281,0.236222
pandas/core/nanops.py::283,0.236222
pandas/core/nanops.py::289,0.236222
pandas/core/nanops.py::290,0.236222
pandas/core/nanops.py::292,0.236222
pandas/core/nanops.py::298,0.236222
pandas/core/nanops.py::302,0.236222
pandas/core/nanops.py::303,0.236222
pandas/core/nanops.py::306,0.236222
pandas/core/nanops.py::308,0.236222
pandas/core/nanops.py::318,0.236222
pandas/core/nanops.py::319,0.236222
pandas/core/nanops.py::320,0.236222
pandas/core/nanops.py::324,0.236222
pandas/core/nanops.py::329,0.236222
pandas/core/reshape/melt.py::35,0.236222
pandas/core/reshape/melt.py::40,0.236222
pandas/core/series.py::3922,0.236222
pandas/core/series.py::3924,0.236222
pandas/core/series.py::3925,0.236222
pandas/core/series.py::3927,0.236222
pandas/core/series.py::3931,0.236222
pandas/core/series.py::3934,0.236222
pandas/core/series.py::3937,0.236222
pandas/core/series.py::3943,0.236222
pandas/core/series.py::3944,0.236222
pandas/core/series.py::3948,0.236222
pandas/core/series.py::3949,0.236222
pandas/core/series.py::407,0.236222
pandas/core/series.py::514,0.236222
pandas/util/_decorators.py::180,0.236222
pandas/util/_decorators.py::182,0.236222
pandas/util/_decorators.py::222,0.236222
pandas/core/algorithms.py::181,0.232957
pandas/core/algorithms.py::183,0.232957
pandas/core/algorithms.py::189,0.232957
pandas/core/algorithms.py::190,0.232957
pandas/core/algorithms.py::192,0.232957
pandas/core/algorithms.py::1961,0.232957
pandas/core/algorithms.py::1966,0.232957
pandas/core/algorithms.py::1971,0.232957
pandas/core/algorithms.py::1978,0.232957
pandas/core/algorithms.py::1980,0.232957
pandas/core/algorithms.py::1981,0.232957
pandas/core/algorithms.py::1986,0.232957
pandas/core/algorithms.py::1987,0.232957
pandas/core/algorithms.py::1988,0.232957
pandas/core/algorithms.py::199,0.232957
pandas/core/algorithms.py::1995,0.232957
pandas/core/algorithms.py::207,0.232957
pandas/core/algorithms.py::238,0.232957
pandas/core/algorithms.py::241,0.232957
pandas/core/algorithms.py::242,0.232957
pandas/core/algorithms.py::246,0.232957
pandas/core/algorithms.py::248,0.232957
pandas/core/algorithms.py::249,0.232957
pandas/core/algorithms.py::251,0.232957
pandas/core/algorithms.py::267,0.232957
pandas/core/algorithms.py::268,0.232957
pandas/core/algorithms.py::275,0.232957
pandas/core/algorithms.py::476,0.232957
pandas/core/algorithms.py::478,0.232957
pandas/core/algorithms.py::479,0.232957
pandas/core/algorithms.py::481,0.232957
pandas/core/algorithms.py::482,0.232957
pandas/core/algorithms.py::615,0.232957
pandas/core/algorithms.py::616,0.232957
pandas/core/algorithms.py::618,0.232957
pandas/core/algorithms.py::623,0.232957
pandas/core/algorithms.py::625,0.232957
pandas/core/algorithms.py::628,0.232957
pandas/core/algorithms.py::630,0.232957
pandas/core/algorithms.py::631,0.232957
pandas/core/algorithms.py::634,0.232957
pandas/core/algorithms.py::639,0.232957
pandas/core/algorithms.py::642,0.232957
pandas/core/algorithms.py::644,0.232957
pandas/core/algorithms.py::649,0.232957
pandas/core/algorithms.py::85,0.232957
pandas/core/algorithms.py::87,0.232957
pandas/core/arrays/numpy_.py::125,0.232957
pandas/core/arrays/numpy_.py::127,0.232957
pandas/core/arrays/numpy_.py::134,0.232957
pandas/core/arrays/numpy_.py::137,0.232957
pandas/core/arrays/numpy_.py::140,0.232957
pandas/core/arrays/numpy_.py::141,0.232957
pandas/core/arrays/numpy_.py::42,0.232957
pandas/core/arrays/numpy_.py::43,0.232957
pandas/core/arrays/numpy_.py::44,0.232957
pandas/core/arrays/numpy_.py::45,0.232957
pandas/core/arrays/sparse/dtype.py::204,0.232957
pandas/core/arrays/sparse/dtype.py::205,0.232957
pandas/core/arrays/sparse/dtype.py::223,0.232957
pandas/core/arrays/string_.py::77,0.232957
pandas/core/arrays/string_.py::79,0.232957
pandas/core/base.py::866,0.232957
pandas/core/base.py::868,0.232957
pandas/core/base.py::872,0.232957
pandas/core/base.py::877,0.232957
pandas/core/base.py::878,0.232957
pandas/core/base.py::880,0.232957
pandas/core/base.py::882,0.232957
pandas/core/construction.py::419,0.232957
pandas/core/dtypes/base.py::239,0.232957
pandas/core/dtypes/base.py::240,0.232957
pandas/core/dtypes/base.py::241,0.232957
pandas/core/dtypes/base.py::242,0.232957
pandas/core/dtypes/cast.py::417,0.232957
pandas/core/dtypes/cast.py::421,0.232957
pandas/core/dtypes/cast.py::422,0.232957
pandas/core/dtypes/cast.py::425,0.232957
pandas/core/dtypes/cast.py::426,0.232957
pandas/core/dtypes/cast.py::494,0.232957
pandas/core/dtypes/cast.py::498,0.232957
pandas/core/dtypes/cast.py::65,0.232957
pandas/core/dtypes/cast.py::66,0.232957
pandas/core/dtypes/cast.py::67,0.232957
pandas/core/dtypes/cast.py::68,0.232957
pandas/core/dtypes/cast.py::70,0.232957
pandas/core/dtypes/cast.py::72,0.232957
pandas/core/dtypes/common.py::1095,0.232957
pandas/core/dtypes/common.py::1097,0.232957
pandas/core/dtypes/common.py::1098,0.232957
pandas/core/dtypes/common.py::1104,0.232957
pandas/core/dtypes/common.py::1135,0.232957
pandas/core/dtypes/common.py::1310,0.232957
pandas/core/dtypes/common.py::1797,0.232957
pandas/core/dtypes/dtypes.py::103,0.232957
pandas/core/dtypes/dtypes.py::104,0.232957
pandas/core/dtypes/dtypes.py::105,0.232957
pandas/core/dtypes/dtypes.py::1057,0.232957
pandas/core/dtypes/dtypes.py::106,0.232957
pandas/core/dtypes/dtypes.py::1061,0.232957
pandas/core/dtypes/dtypes.py::1065,0.232957
pandas/core/dtypes/dtypes.py::107,0.232957
pandas/core/dtypes/dtypes.py::109,0.232957
pandas/core/dtypes/dtypes.py::739,0.232957
pandas/core/dtypes/dtypes.py::740,0.232957
pandas/core/dtypes/dtypes.py::741,0.232957
pandas/core/dtypes/dtypes.py::751,0.232957
pandas/core/dtypes/dtypes.py::881,0.232957
pandas/core/dtypes/inference.py::389,0.232957
pandas/core/dtypes/inference.py::390,0.232957
pandas/core/dtypes/missing.py::133,0.232957
pandas/core/dtypes/missing.py::135,0.232957
pandas/core/dtypes/missing.py::137,0.232957
pandas/core/dtypes/missing.py::138,0.232957
pandas/core/dtypes/missing.py::140,0.232957
pandas/core/dtypes/missing.py::141,0.232957
pandas/core/dtypes/missing.py::142,0.232957
pandas/core/dtypes/missing.py::143,0.232957
pandas/core/dtypes/missing.py::144,0.232957
pandas/core/dtypes/missing.py::145,0.232957
pandas/core/dtypes/missing.py::148,0.232957
pandas/core/dtypes/missing.py::222,0.232957
pandas/core/dtypes/missing.py::224,0.232957
pandas/core/dtypes/missing.py::227,0.232957
pandas/core/dtypes/missing.py::231,0.232957
pandas/core/dtypes/missing.py::233,0.232957
pandas/core/dtypes/missing.py::239,0.232957
pandas/core/dtypes/missing.py::241,0.232957
pandas/core/dtypes/missing.py::243,0.232957
pandas/core/dtypes/missing.py::245,0.232957
pandas/core/dtypes/missing.py::250,0.232957
pandas/core/dtypes/missing.py::251,0.232957
pandas/core/dtypes/missing.py::252,0.232957
pandas/core/dtypes/missing.py::261,0.232957
pandas/core/dtypes/missing.py::264,0.232957
pandas/core/frame.py::1021,0.232957
pandas/core/frame.py::2656,0.232957
pandas/core/frame.py::2657,0.232957
pandas/core/frame.py::2659,0.232957
pandas/core/frame.py::2662,0.232957
pandas/core/frame.py::2663,0.232957
pandas/core/frame.py::412,0.232957
pandas/core/frame.py::413,0.232957
pandas/core/generic.py::216,0.232957
pandas/core/generic.py::217,0.232957
pandas/core/generic.py::223,0.232957
pandas/core/generic.py::225,0.232957
pandas/core/generic.py::229,0.232957
pandas/core/generic.py::3658,0.232957
pandas/core/generic.py::3661,0.232957
pandas/core/generic.py::3662,0.232957
pandas/core/generic.py::380,0.232957
pandas/core/generic.py::381,0.232957
pandas/core/generic.py::384,0.232957
pandas/core/generic.py::385,0.232957
pandas/core/generic.py::397,0.232957
pandas/core/generic.py::404,0.232957
pandas/core/generic.py::405,0.232957
pandas/core/generic.py::4517,0.232957
pandas/core/generic.py::4518,0.232957
pandas/core/generic.py::4519,0.232957
pandas/core/generic.py::4520,0.232957
pandas/core/generic.py::4521,0.232957
pandas/core/generic.py::4522,0.232957
pandas/core/generic.py::4523,0.232957
pandas/core/generic.py::4528,0.232957
pandas/core/generic.py::4530,0.232957
pandas/core/generic.py::4536,0.232957
pandas/core/generic.py::454,0.232957
pandas/core/generic.py::4540,0.232957
pandas/core/generic.py::4541,0.232957
pandas/core/generic.py::4542,0.232957
pandas/core/generic.py::4543,0.232957
pandas/core/generic.py::455,0.232957
pandas/core/generic.py::5220,0.232957
pandas/core/indexes/base.py::4313,0.232957
pandas/core/indexing.py::2336,0.232957
pandas/core/indexing.py::2337,0.232957
pandas/core/indexing.py::2340,0.232957
pandas/core/internals/blocks.py::296,0.232957
pandas/core/internals/construction.py::333,0.232957
pandas/core/internals/construction.py::336,0.232957
pandas/core/internals/construction.py::337,0.232957
pandas/core/internals/construction.py::338,0.232957
pandas/core/internals/construction.py::349,0.232957
pandas/core/internals/construction.py::350,0.232957
pandas/core/internals/construction.py::353,0.232957
pandas/core/internals/construction.py::358,0.232957
pandas/core/internals/construction.py::62,0.232957
pandas/core/internals/managers.py::1460,0.232957
pandas/core/internals/managers.py::1464,0.232957
pandas/core/internals/managers.py::1533,0.232957
pandas/core/internals/managers.py::1541,0.232957
pandas/core/internals/managers.py::1575,0.232957
pandas/core/internals/managers.py::1581,0.232957
pandas/core/series.py::248,0.232957
pandas/core/series.py::256,0.232957
pandas/core/series.py::260,0.232957
pandas/core/series.py::261,0.232957
pandas/core/series.py::262,0.232957
pandas/core/series.py::304,0.232957
pandas/core/series.py::306,0.232957
pandas/core/series.py::361,0.232957
pandas/core/series.py::4076,0.232957
pandas/core/series.py::419,0.232957
pandas/core/series.py::656,0.232957
pandas/core/reshape/melt.py::58,0.230275
pandas/core/algorithms.py::1437,0.229824
pandas/core/algorithms.py::1438,0.229824
pandas/core/algorithms.py::1439,0.229824
pandas/core/algorithms.py::1440,0.229824
pandas/core/algorithms.py::1446,0.229824
pandas/core/algorithms.py::1447,0.229824
pandas/core/algorithms.py::1597,0.229824
pandas/core/algorithms.py::1599,0.229824
pandas/core/algorithms.py::1602,0.229824
pandas/core/algorithms.py::1603,0.229824
pandas/core/algorithms.py::1605,0.229824
pandas/core/algorithms.py::1609,0.229824
pandas/core/algorithms.py::1610,0.229824
pandas/core/algorithms.py::1616,0.229824
pandas/core/algorithms.py::1617,0.229824
pandas/core/algorithms.py::1631,0.229824
pandas/core/algorithms.py::1632,0.229824
pandas/core/algorithms.py::1636,0.229824
pandas/core/algorithms.py::1644,0.229824
pandas/core/algorithms.py::1645,0.229824
pandas/core/algorithms.py::1646,0.229824
pandas/core/algorithms.py::1647,0.229824
pandas/core/algorithms.py::1648,0.229824
pandas/core/algorithms.py::1653,0.229824
pandas/core/algorithms.py::1657,0.229824
pandas/core/algorithms.py::1658,0.229824
pandas/core/algorithms.py::1660,0.229824
pandas/core/algorithms.py::1662,0.229824
pandas/core/algorithms.py::1664,0.229824
pandas/core/base.py::767,0.229824
pandas/core/base.py::990,0.229824
pandas/core/base.py::995,0.229824
pandas/core/common.py::120,0.229824
pandas/core/common.py::121,0.229824
pandas/core/common.py::122,0.229824
pandas/core/common.py::139,0.229824
pandas/core/common.py::340,0.229824
pandas/core/common.py::343,0.229824
pandas/core/construction.py::392,0.229824
pandas/core/construction.py::403,0.229824
pandas/core/construction.py::478,0.229824
pandas/core/construction.py::479,0.229824
pandas/core/construction.py::511,0.229824
pandas/core/construction.py::512,0.229824
pandas/core/construction.py::513,0.229824
pandas/core/dtypes/cast.py::1036,0.229824
pandas/core/dtypes/cast.py::1038,0.229824
pandas/core/dtypes/cast.py::1039,0.229824
pandas/core/dtypes/cast.py::1042,0.229824
pandas/core/dtypes/cast.py::1045,0.229824
pandas/core/dtypes/cast.py::1070,0.229824
pandas/core/dtypes/cast.py::1081,0.229824
pandas/core/dtypes/cast.py::1083,0.229824
pandas/core/dtypes/cast.py::1085,0.229824
pandas/core/dtypes/cast.py::1087,0.229824
pandas/core/dtypes/cast.py::1089,0.229824
pandas/core/dtypes/cast.py::1105,0.229824
pandas/core/dtypes/cast.py::340,0.229824
pandas/core/dtypes/cast.py::346,0.229824
pandas/core/dtypes/cast.py::364,0.229824
pandas/core/dtypes/cast.py::375,0.229824
pandas/core/dtypes/cast.py::394,0.229824
pandas/core/dtypes/cast.py::397,0.229824
pandas/core/dtypes/cast.py::400,0.229824
pandas/core/dtypes/cast.py::463,0.229824
pandas/core/dtypes/cast.py::465,0.229824
pandas/core/dtypes/cast.py::468,0.229824
pandas/core/dtypes/cast.py::469,0.229824
pandas/core/dtypes/cast.py::490,0.229824
pandas/core/dtypes/cast.py::492,0.229824
pandas/core/dtypes/cast.py::992,0.229824
pandas/core/dtypes/cast.py::993,0.229824
pandas/core/dtypes/cast.py::995,0.229824
pandas/core/dtypes/cast.py::998,0.229824
pandas/core/dtypes/common.py::1575,0.229824
pandas/core/dtypes/common.py::1577,0.229824
pandas/core/dtypes/common.py::1578,0.229824
pandas/core/dtypes/common.py::1581,0.229824
pandas/core/dtypes/common.py::1609,0.229824
pandas/core/dtypes/common.py::1777,0.229824
pandas/core/dtypes/common.py::1778,0.229824
pandas/core/dtypes/common.py::1783,0.229824
pandas/core/dtypes/common.py::1784,0.229824
pandas/core/dtypes/common.py::1794,0.229824
pandas/core/dtypes/common.py::642,0.229824
pandas/core/dtypes/common.py::643,0.229824
pandas/core/dtypes/common.py::645,0.229824
pandas/core/dtypes/common.py::743,0.229824
pandas/core/dtypes/common.py::744,0.229824
pandas/core/dtypes/common.py::745,0.229824
pandas/core/dtypes/common.py::746,0.229824
pandas/core/dtypes/common.py::857,0.229824
pandas/core/dtypes/inference.py::250,0.229824
pandas/core/dtypes/inference.py::387,0.229824
pandas/core/dtypes/inference.py::388,0.229824
pandas/core/dtypes/inference.py::392,0.229824
pandas/core/dtypes/missing.py::122,0.229824
pandas/core/dtypes/missing.py::130,0.229824
pandas/core/dtypes/missing.py::131,0.229824
pandas/core/frame.py::2651,0.229824
pandas/core/frame.py::2652,0.229824
pandas/core/frame.py::2654,0.229824
pandas/core/frame.py::2947,0.229824
pandas/core/frame.py::2948,0.229824
pandas/core/frame.py::2951,0.229824
pandas/core/frame.py::2957,0.229824
pandas/core/frame.py::2958,0.229824
pandas/core/frame.py::382,0.229824
pandas/core/generic.py::238,0.229824
pandas/core/generic.py::240,0.229824
pandas/core/generic.py::3287,0.229824
pandas/core/generic.py::3613,0.229824
pandas/core/generic.py::3614,0.229824
pandas/core/generic.py::3615,0.229824
pandas/core/generic.py::3616,0.229824
pandas/core/generic.py::3617,0.229824
pandas/core/generic.py::3618,0.229824
pandas/core/generic.py::3619,0.229824
pandas/core/generic.py::3622,0.229824
pandas/core/generic.py::3623,0.229824
pandas/core/generic.py::421,0.229824
pandas/core/generic.py::422,0.229824
pandas/core/generic.py::423,0.229824
pandas/core/generic.py::424,0.229824
pandas/core/generic.py::434,0.229824
pandas/core/generic.py::435,0.229824
pandas/core/generic.py::436,0.229824
pandas/core/generic.py::437,0.229824
pandas/core/generic.py::446,0.229824
pandas/core/generic.py::447,0.229824
pandas/core/generic.py::452,0.229824
pandas/core/generic.py::453,0.229824
pandas/core/generic.py::5218,0.229824
pandas/core/generic.py::5219,0.229824
pandas/core/generic.py::5222,0.229824
pandas/core/generic.py::5224,0.229824
pandas/core/generic.py::5254,0.229824
pandas/core/generic.py::5255,0.229824
pandas/core/generic.py::5256,0.229824
pandas/core/generic.py::5257,0.229824
pandas/core/generic.py::5258,0.229824
pandas/core/generic.py::5262,0.229824
pandas/core/generic.py::5263,0.229824
pandas/core/generic.py::5304,0.229824
pandas/core/generic.py::5305,0.229824
pandas/core/generic.py::5306,0.229824
pandas/core/generic.py::5308,0.229824
pandas/core/generic.py::5313,0.229824
pandas/core/generic.py::5314,0.229824
pandas/core/generic.py::5316,0.229824
pandas/core/indexes/base.py::1459,0.229824
pandas/core/indexes/base.py::1735,0.229824
pandas/core/indexes/base.py::1742,0.229824
pandas/core/indexes/base.py::1809,0.229824
pandas/core/indexes/base.py::2818,0.229824
pandas/core/indexes/base.py::2819,0.229824
pandas/core/indexes/base.py::2824,0.229824
pandas/core/indexes/base.py::2825,0.229824
pandas/core/indexes/base.py::2887,0.229824
pandas/core/indexes/base.py::2888,0.229824
pandas/core/indexes/base.py::2889,0.229824
pandas/core/indexes/base.py::2895,0.229824
pandas/core/indexes/base.py::2898,0.229824
pandas/core/indexes/base.py::2899,0.229824
pandas/core/indexes/base.py::2904,0.229824
pandas/core/indexes/base.py::2911,0.229824
pandas/core/indexes/base.py::2916,0.229824
pandas/core/indexes/base.py::2918,0.229824
pandas/core/indexes/base.py::2921,0.229824
pandas/core/indexes/base.py::2926,0.229824
pandas/core/indexes/base.py::2932,0.229824
pandas/core/indexes/base.py::2934,0.229824
pandas/core/indexes/base.py::3833,0.229824
pandas/core/indexes/base.py::4113,0.229824
pandas/core/indexes/base.py::4114,0.229824
pandas/core/indexes/base.py::4115,0.229824
pandas/core/indexes/base.py::4290,0.229824
pandas/core/indexes/base.py::4729,0.229824
pandas/core/indexes/base.py::4731,0.229824
pandas/core/indexes/base.py::4734,0.229824
pandas/core/indexes/base.py::548,0.229824
pandas/core/indexes/base.py::5550,0.229824
pandas/core/indexes/base.py::5553,0.229824
pandas/core/indexes/base.py::5558,0.229824
pandas/core/indexes/base.py::5559,0.229824
pandas/core/indexes/base.py::5562,0.229824
pandas/core/indexes/base.py::5564,0.229824
pandas/core/indexes/base.py::567,0.229824
pandas/core/indexes/base.py::569,0.229824
pandas/core/indexes/base.py::570,0.229824
pandas/core/indexes/base.py::571,0.229824
pandas/core/indexes/base.py::575,0.229824
pandas/core/indexes/base.py::576,0.229824
pandas/core/indexes/base.py::581,0.229824
pandas/core/indexes/base.py::647,0.229824
pandas/core/indexes/base.py::648,0.229824
pandas/core/internals/blocks.py::202,0.229824
pandas/core/internals/blocks.py::256,0.229824
pandas/core/internals/blocks.py::258,0.229824
pandas/core/internals/blocks.py::259,0.229824
pandas/core/internals/blocks.py::260,0.229824
pandas/core/internals/blocks.py::2988,0.229824
pandas/core/internals/blocks.py::2990,0.229824
pandas/core/internals/blocks.py::3011,0.229824
pandas/core/internals/blocks.py::349,0.229824
pandas/core/internals/construction.py::232,0.229824
pandas/core/internals/construction.py::233,0.229824
pandas/core/internals/construction.py::234,0.229824
pandas/core/internals/construction.py::238,0.229824
pandas/core/internals/construction.py::241,0.229824
pandas/core/internals/construction.py::60,0.229824
pandas/core/internals/managers.py::1459,0.229824
pandas/core/internals/managers.py::1467,0.229824
pandas/core/internals/managers.py::1468,0.229824
pandas/core/internals/managers.py::1469,0.229824
pandas/core/internals/managers.py::1480,0.229824
pandas/core/internals/managers.py::1483,0.229824
pandas/core/internals/managers.py::1486,0.229824
pandas/core/internals/managers.py::1491,0.229824
pandas/core/internals/managers.py::1495,0.229824
pandas/core/internals/managers.py::1497,0.229824
pandas/core/internals/managers.py::1498,0.229824
pandas/core/internals/managers.py::1500,0.229824
pandas/core/internals/managers.py::1507,0.229824
pandas/core/internals/managers.py::1564,0.229824
pandas/core/internals/managers.py::319,0.229824
pandas/core/internals/managers.py::920,0.229824
pandas/core/internals/managers.py::921,0.229824
pandas/core/internals/managers.py::939,0.229824
pandas/core/internals/managers.py::941,0.229824
pandas/core/internals/managers.py::942,0.229824
pandas/core/internals/managers.py::953,0.229824
pandas/core/internals/managers.py::970,0.229824
pandas/core/internals/managers.py::971,0.229824
pandas/core/internals/managers.py::974,0.229824
pandas/core/internals/managers.py::976,0.229824
pandas/core/internals/managers.py::977,0.229824
pandas/core/internals/managers.py::980,0.229824
pandas/core/missing.py::595,0.229824
pandas/core/missing.py::65,0.229824
pandas/core/missing.py::66,0.229824
pandas/core/series.py::197,0.229824
pandas/core/series.py::200,0.229824
pandas/core/series.py::202,0.229824
pandas/core/series.py::204,0.229824
pandas/core/series.py::209,0.229824
pandas/core/series.py::210,0.229824
pandas/core/series.py::212,0.229824
pandas/core/series.py::214,0.229824
pandas/core/series.py::226,0.229824
pandas/core/series.py::230,0.229824
pandas/core/series.py::246,0.229824
pandas/core/series.py::247,0.229824
pandas/core/series.py::285,0.229824
pandas/core/series.py::289,0.229824
pandas/core/series.py::293,0.229824
pandas/core/series.py::294,0.229824
pandas/core/series.py::303,0.229824
pandas/core/series.py::309,0.229824
pandas/core/series.py::311,0.229824
pandas/core/series.py::313,0.229824
pandas/core/series.py::314,0.229824
pandas/core/series.py::315,0.229824
pandas/core/series.py::381,0.229824
pandas/core/series.py::384,0.229824
pandas/core/series.py::385,0.229824
pandas/core/series.py::397,0.229824
pandas/core/series.py::399,0.229824
pandas/core/series.py::400,0.229824
pandas/core/series.py::404,0.229824
pandas/core/series.py::430,0.229824
pandas/core/series.py::434,0.229824
pandas/core/series.py::436,0.229824
pandas/core/series.py::521,0.229824
pandas/_config/config.py::111,0.226814
pandas/_config/config.py::112,0.226814
pandas/_config/config.py::116,0.226814
pandas/_config/config.py::118,0.226814
pandas/_config/config.py::122,0.226814
pandas/_config/config.py::123,0.226814
pandas/_config/config.py::125,0.226814
pandas/_config/config.py::126,0.226814
pandas/_config/config.py::127,0.226814
pandas/_config/config.py::130,0.226814
pandas/_config/config.py::131,0.226814
pandas/_config/config.py::133,0.226814
pandas/_config/config.py::233,0.226814
pandas/_config/config.py::542,0.226814
pandas/_config/config.py::546,0.226814
pandas/_config/config.py::547,0.226814
pandas/_config/config.py::550,0.226814
pandas/_config/config.py::554,0.226814
pandas/_config/config.py::555,0.226814
pandas/_config/config.py::556,0.226814
pandas/_config/config.py::557,0.226814
pandas/_config/config.py::558,0.226814
pandas/_config/config.py::577,0.226814
pandas/_config/config.py::578,0.226814
pandas/_config/config.py::579,0.226814
pandas/_config/config.py::580,0.226814
pandas/_config/config.py::593,0.226814
pandas/_config/config.py::602,0.226814
pandas/_config/config.py::603,0.226814
pandas/_config/config.py::606,0.226814
pandas/_config/config.py::618,0.226814
pandas/_config/config.py::619,0.226814
pandas/_config/config.py::634,0.226814
pandas/_config/config.py::811,0.226814
pandas/_config/config.py::84,0.226814
pandas/_config/config.py::85,0.226814
pandas/_config/config.py::89,0.226814
pandas/_config/config.py::91,0.226814
pandas/_config/config.py::93,0.226814
pandas/_config/config.py::94,0.226814
pandas/_config/config.py::96,0.226814
pandas/_config/config.py::98,0.226814
pandas/conftest.py::49,0.226814
pandas/conftest.py::52,0.226814
pandas/conftest.py::55,0.226814
pandas/conftest.py::58,0.226814
pandas/conftest.py::61,0.226814
pandas/conftest.py::72,0.226814
pandas/conftest.py::80,0.226814
pandas/conftest.py::81,0.226814
pandas/core/base.py::1166,0.226814
pandas/core/base.py::1168,0.226814
pandas/core/base.py::1171,0.226814
pandas/core/common.py::162,0.226814
pandas/core/common.py::164,0.226814
pandas/core/common.py::185,0.226814
pandas/core/common.py::219,0.226814
pandas/core/common.py::221,0.226814
pandas/core/common.py::224,0.226814
pandas/core/common.py::225,0.226814
pandas/core/common.py::227,0.226814
pandas/core/common.py::229,0.226814
pandas/core/common.py::232,0.226814
pandas/core/common.py::237,0.226814
pandas/core/common.py::277,0.226814
pandas/core/common.py::279,0.226814
pandas/core/construction.py::358,0.226814
pandas/core/construction.py::361,0.226814
pandas/core/construction.py::364,0.226814
pandas/core/construction.py::374,0.226814
pandas/core/construction.py::377,0.226814
pandas/core/construction.py::387,0.226814
pandas/core/construction.py::390,0.226814
pandas/core/construction.py::405,0.226814
pandas/core/construction.py::415,0.226814
pandas/core/construction.py::416,0.226814
pandas/core/construction.py::421,0.226814
pandas/core/construction.py::431,0.226814
pandas/core/construction.py::450,0.226814
pandas/core/construction.py::451,0.226814
pandas/core/construction.py::454,0.226814
pandas/core/construction.py::465,0.226814
pandas/core/construction.py::468,0.226814
pandas/core/construction.py::477,0.226814
pandas/core/construction.py::487,0.226814
pandas/core/dtypes/base.py::237,0.226814
pandas/core/dtypes/base.py::238,0.226814
pandas/core/dtypes/base.py::271,0.226814
pandas/core/dtypes/base.py::273,0.226814
pandas/core/dtypes/base.py::278,0.226814
pandas/core/dtypes/base.py::279,0.226814
pandas/core/dtypes/base.py::281,0.226814
pandas/core/dtypes/base.py::283,0.226814
pandas/core/dtypes/base.py::284,0.226814
pandas/core/dtypes/base.py::285,0.226814
pandas/core/dtypes/base.py::286,0.226814
pandas/core/dtypes/cast.py::1020,0.226814
pandas/core/dtypes/cast.py::1021,0.226814
pandas/core/dtypes/cast.py::1024,0.226814
pandas/core/dtypes/cast.py::1028,0.226814
pandas/core/dtypes/cast.py::1030,0.226814
pandas/core/dtypes/cast.py::1032,0.226814
pandas/core/dtypes/cast.py::1035,0.226814
pandas/core/dtypes/cast.py::1112,0.226814
pandas/core/dtypes/cast.py::1113,0.226814
pandas/core/dtypes/cast.py::1115,0.226814
pandas/core/dtypes/cast.py::1220,0.226814
pandas/core/dtypes/cast.py::1224,0.226814
pandas/core/dtypes/cast.py::1237,0.226814
pandas/core/dtypes/cast.py::1239,0.226814
pandas/core/dtypes/cast.py::1242,0.226814
pandas/core/dtypes/cast.py::1244,0.226814
pandas/core/dtypes/cast.py::1383,0.226814
pandas/core/dtypes/cast.py::1384,0.226814
pandas/core/dtypes/cast.py::1385,0.226814
pandas/core/dtypes/common.py::1052,0.226814
pandas/core/dtypes/common.py::1053,0.226814
pandas/core/dtypes/common.py::1054,0.226814
pandas/core/dtypes/common.py::1344,0.226814
pandas/core/dtypes/common.py::1387,0.226814
pandas/core/dtypes/common.py::1389,0.226814
pandas/core/dtypes/common.py::1390,0.226814
pandas/core/dtypes/common.py::1394,0.226814
pandas/core/dtypes/common.py::1398,0.226814
pandas/core/dtypes/common.py::1405,0.226814
pandas/core/dtypes/common.py::1409,0.226814
pandas/core/dtypes/common.py::1522,0.226814
pandas/core/dtypes/common.py::1523,0.226814
pandas/core/dtypes/common.py::1604,0.226814
pandas/core/dtypes/common.py::1608,0.226814
pandas/core/dtypes/common.py::1610,0.226814
pandas/core/dtypes/common.py::1614,0.226814
pandas/core/dtypes/common.py::1615,0.226814
pandas/core/dtypes/common.py::1617,0.226814
pandas/core/dtypes/common.py::1635,0.226814
pandas/core/dtypes/common.py::1636,0.226814
pandas/core/dtypes/common.py::1639,0.226814
pandas/core/dtypes/common.py::1640,0.226814
pandas/core/dtypes/common.py::1641,0.226814
pandas/core/dtypes/common.py::1647,0.226814
pandas/core/dtypes/common.py::1648,0.226814
pandas/core/dtypes/common.py::1651,0.226814
pandas/core/dtypes/common.py::1652,0.226814
pandas/core/dtypes/common.py::1654,0.226814
pandas/core/dtypes/common.py::1655,0.226814
pandas/core/dtypes/common.py::1662,0.226814
pandas/core/dtypes/common.py::1771,0.226814
pandas/core/dtypes/common.py::1773,0.226814
pandas/core/dtypes/common.py::1774,0.226814
pandas/core/dtypes/common.py::195,0.226814
pandas/core/dtypes/common.py::199,0.226814
pandas/core/dtypes/common.py::200,0.226814
pandas/core/dtypes/common.py::201,0.226814
pandas/core/dtypes/common.py::202,0.226814
pandas/core/dtypes/common.py::205,0.226814
pandas/core/dtypes/common.py::210,0.226814
pandas/core/dtypes/common.py::218,0.226814
pandas/core/dtypes/common.py::219,0.226814
pandas/core/dtypes/common.py::251,0.226814
pandas/core/dtypes/common.py::300,0.226814
pandas/core/dtypes/common.py::302,0.226814
pandas/core/dtypes/common.py::303,0.226814
pandas/core/dtypes/common.py::375,0.226814
pandas/core/dtypes/common.py::437,0.226814
pandas/core/dtypes/common.py::473,0.226814
pandas/core/dtypes/common.py::475,0.226814
pandas/core/dtypes/common.py::506,0.226814
pandas/core/dtypes/common.py::538,0.226814
pandas/core/dtypes/common.py::540,0.226814
pandas/core/dtypes/common.py::574,0.226814
pandas/core/dtypes/common.py::575,0.226814
pandas/core/dtypes/common.py::576,0.226814
pandas/core/dtypes/common.py::607,0.226814
pandas/core/dtypes/common.py::608,0.226814
pandas/core/dtypes/common.py::609,0.226814
pandas/core/dtypes/common.py::914,0.226814
pandas/core/dtypes/common.py::961,0.226814
pandas/core/dtypes/common.py::962,0.226814
pandas/core/dtypes/dtypes.py::101,0.226814
pandas/core/dtypes/dtypes.py::1053,0.226814
pandas/core/dtypes/dtypes.py::1054,0.226814
pandas/core/dtypes/dtypes.py::1055,0.226814
pandas/core/dtypes/dtypes.py::1106,0.226814
pandas/core/dtypes/dtypes.py::1117,0.226814
pandas/core/dtypes/dtypes.py::738,0.226814
pandas/core/dtypes/dtypes.py::753,0.226814
pandas/core/dtypes/dtypes.py::880,0.226814
pandas/core/dtypes/dtypes.py::882,0.226814
pandas/core/dtypes/dtypes.py::890,0.226814
pandas/core/dtypes/dtypes.py::926,0.226814
pandas/core/dtypes/dtypes.py::939,0.226814
pandas/core/dtypes/dtypes.py::94,0.226814
pandas/core/dtypes/dtypes.py::95,0.226814
pandas/core/dtypes/dtypes.py::96,0.226814
pandas/core/dtypes/dtypes.py::97,0.226814
pandas/core/dtypes/dtypes.py::98,0.226814
pandas/core/dtypes/generic.py::9,0.226814
pandas/core/dtypes/inference.py::124,0.226814
pandas/core/dtypes/inference.py::127,0.226814
pandas/core/frame.py::403,0.226814
pandas/core/frame.py::405,0.226814
pandas/core/frame.py::408,0.226814
pandas/core/frame.py::411,0.226814
pandas/core/frame.py::415,0.226814
pandas/core/frame.py::416,0.226814
pandas/core/frame.py::492,0.226814
pandas/core/generic.py::195,0.226814
pandas/core/generic.py::205,0.226814
pandas/core/generic.py::206,0.226814
pandas/core/generic.py::207,0.226814
pandas/core/generic.py::208,0.226814
pandas/core/generic.py::209,0.226814
pandas/core/generic.py::212,0.226814
pandas/core/indexes/base.py::272,0.226814
pandas/core/indexes/base.py::273,0.226814
pandas/core/indexes/base.py::274,0.226814
pandas/core/indexes/base.py::275,0.226814
pandas/core/indexes/base.py::276,0.226814
pandas/core/indexes/base.py::278,0.226814
pandas/core/indexes/base.py::281,0.226814
pandas/core/indexes/base.py::291,0.226814
pandas/core/indexes/base.py::296,0.226814
pandas/core/indexes/base.py::298,0.226814
pandas/core/indexes/base.py::302,0.226814
pandas/core/indexes/base.py::307,0.226814
pandas/core/indexes/base.py::313,0.226814
pandas/core/indexes/base.py::314,0.226814
pandas/core/indexes/base.py::315,0.226814
pandas/core/indexes/base.py::330,0.226814
pandas/core/indexes/base.py::340,0.226814
pandas/core/indexes/base.py::344,0.226814
pandas/core/indexes/base.py::356,0.226814
pandas/core/indexes/base.py::357,0.226814
pandas/core/indexes/base.py::3863,0.226814
pandas/core/indexes/base.py::400,0.226814
pandas/core/indexes/base.py::402,0.226814
pandas/core/indexes/base.py::404,0.226814
pandas/core/indexes/base.py::406,0.226814
pandas/core/indexes/base.py::409,0.226814
pandas/core/indexes/base.py::413,0.226814
pandas/core/indexes/base.py::4158,0.226814
pandas/core/indexes/base.py::4159,0.226814
pandas/core/indexes/base.py::416,0.226814
pandas/core/indexes/base.py::4161,0.226814
pandas/core/indexes/base.py::4162,0.226814
pandas/core/indexes/base.py::4163,0.226814
pandas/core/indexes/base.py::417,0.226814
pandas/core/indexes/base.py::418,0.226814
pandas/core/indexes/base.py::425,0.226814
pandas/core/indexes/base.py::428,0.226814
pandas/core/indexes/base.py::4287,0.226814
pandas/core/indexes/base.py::4288,0.226814
pandas/core/indexes/base.py::434,0.226814
pandas/core/indexes/base.py::437,0.226814
pandas/core/indexes/base.py::454,0.226814
pandas/core/indexes/base.py::456,0.226814
pandas/core/indexes/base.py::458,0.226814
pandas/core/indexes/base.py::460,0.226814
pandas/core/indexes/base.py::463,0.226814
pandas/core/indexes/base.py::465,0.226814
pandas/core/indexes/base.py::468,0.226814
pandas/core/indexes/base.py::477,0.226814
pandas/core/indexes/base.py::478,0.226814
pandas/core/indexes/base.py::519,0.226814
pandas/core/indexes/base.py::525,0.226814
pandas/core/indexes/base.py::526,0.226814
pandas/core/indexes/base.py::532,0.226814
pandas/core/indexes/base.py::533,0.226814
pandas/core/indexes/base.py::535,0.226814
pandas/core/indexes/base.py::5546,0.226814
pandas/core/indexes/base.py::5547,0.226814
pandas/core/indexes/base.py::5549,0.226814
pandas/core/indexes/base.py::5609,0.226814
pandas/core/indexes/base.py::5611,0.226814
pandas/core/indexes/base.py::629,0.226814
pandas/core/indexes/base.py::635,0.226814
pandas/core/indexes/base.py::636,0.226814
pandas/core/indexes/base.py::658,0.226814
pandas/core/indexes/base.py::682,0.226814
pandas/core/indexes/numeric.py::88,0.226814
pandas/core/indexes/numeric.py::89,0.226814
pandas/core/indexes/range.py::104,0.226814
pandas/core/indexes/range.py::107,0.226814
pandas/core/indexes/range.py::113,0.226814
pandas/core/indexes/range.py::116,0.226814
pandas/core/indexes/range.py::118,0.226814
pandas/core/indexes/range.py::121,0.226814
pandas/core/indexes/range.py::123,0.226814
pandas/core/indexes/range.py::124,0.226814
pandas/core/indexes/range.py::127,0.226814
pandas/core/indexes/range.py::128,0.226814
pandas/core/indexes/range.py::150,0.226814
pandas/core/indexes/range.py::153,0.226814
pandas/core/indexes/range.py::156,0.226814
pandas/core/indexes/range.py::159,0.226814
pandas/core/indexes/range.py::160,0.226814
pandas/core/indexes/range.py::162,0.226814
pandas/core/indexes/range.py::163,0.226814
pandas/core/indexes/range.py::696,0.226814
pandas/core/indexes/range.py::94,0.226814
pandas/core/internals/blocks.py::112,0.226814
pandas/core/internals/blocks.py::113,0.226814
pandas/core/internals/blocks.py::114,0.226814
pandas/core/internals/blocks.py::116,0.226814
pandas/core/internals/blocks.py::143,0.226814
pandas/core/internals/blocks.py::144,0.226814
pandas/core/internals/blocks.py::146,0.226814
pandas/core/internals/blocks.py::150,0.226814
pandas/core/internals/blocks.py::228,0.226814
pandas/core/internals/blocks.py::232,0.226814
pandas/core/internals/blocks.py::233,0.226814
pandas/core/internals/blocks.py::235,0.226814
pandas/core/internals/blocks.py::2963,0.226814
pandas/core/internals/blocks.py::2964,0.226814
pandas/core/internals/blocks.py::2966,0.226814
pandas/core/internals/blocks.py::2969,0.226814
pandas/core/internals/blocks.py::2971,0.226814
pandas/core/internals/blocks.py::2974,0.226814
pandas/core/internals/blocks.py::2976,0.226814
pandas/core/internals/blocks.py::2978,0.226814
pandas/core/internals/blocks.py::2980,0.226814
pandas/core/internals/blocks.py::2982,0.226814
pandas/core/internals/blocks.py::2985,0.226814
pandas/core/internals/blocks.py::2987,0.226814
pandas/core/internals/blocks.py::2989,0.226814
pandas/core/internals/blocks.py::2993,0.226814
pandas/core/internals/blocks.py::2999,0.226814
pandas/core/internals/blocks.py::3004,0.226814
pandas/core/internals/blocks.py::3007,0.226814
pandas/core/internals/blocks.py::3008,0.226814
pandas/core/internals/blocks.py::3009,0.226814
pandas/core/internals/blocks.py::3016,0.226814
pandas/core/internals/blocks.py::320,0.226814
pandas/core/internals/blocks.py::324,0.226814
pandas/core/internals/blocks.py::328,0.226814
pandas/core/internals/blocks.py::331,0.226814
pandas/core/internals/blocks.py::332,0.226814
pandas/core/internals/construction.py::207,0.226814
pandas/core/internals/construction.py::243,0.226814
pandas/core/internals/construction.py::287,0.226814
pandas/core/internals/construction.py::288,0.226814
pandas/core/internals/construction.py::290,0.226814
pandas/core/internals/construction.py::291,0.226814
pandas/core/internals/construction.py::299,0.226814
pandas/core/internals/construction.py::308,0.226814
pandas/core/internals/construction.py::309,0.226814
pandas/core/internals/construction.py::312,0.226814
pandas/core/internals/construction.py::314,0.226814
pandas/core/internals/construction.py::318,0.226814
pandas/core/internals/construction.py::319,0.226814
pandas/core/internals/construction.py::321,0.226814
pandas/core/internals/construction.py::322,0.226814
pandas/core/internals/construction.py::323,0.226814
pandas/core/internals/construction.py::325,0.226814
pandas/core/internals/construction.py::326,0.226814
pandas/core/internals/construction.py::327,0.226814
pandas/core/internals/construction.py::329,0.226814
pandas/core/internals/construction.py::330,0.226814
pandas/core/internals/construction.py::340,0.226814
pandas/core/internals/construction.py::343,0.226814
pandas/core/internals/construction.py::348,0.226814
pandas/core/internals/construction.py::368,0.226814
pandas/core/internals/construction.py::59,0.226814
pandas/core/internals/construction.py::65,0.226814
pandas/core/internals/construction.py::68,0.226814
pandas/core/internals/construction.py::70,0.226814
pandas/core/internals/managers.py::128,0.226814
pandas/core/internals/managers.py::129,0.226814
pandas/core/internals/managers.py::131,0.226814
pandas/core/internals/managers.py::132,0.226814
pandas/core/internals/managers.py::138,0.226814
pandas/core/internals/managers.py::139,0.226814
pandas/core/internals/managers.py::141,0.226814
pandas/core/internals/managers.py::143,0.226814
pandas/core/internals/managers.py::165,0.226814
pandas/core/internals/managers.py::1667,0.226814
pandas/core/internals/managers.py::1668,0.226814
pandas/core/internals/managers.py::1669,0.226814
pandas/core/internals/managers.py::1670,0.226814
pandas/core/internals/managers.py::1671,0.226814
pandas/core/internals/managers.py::169,0.226814
pandas/core/internals/managers.py::1703,0.226814
pandas/core/internals/managers.py::1704,0.226814
pandas/core/internals/managers.py::1706,0.226814
pandas/core/internals/managers.py::1707,0.226814
pandas/core/internals/managers.py::1708,0.226814
pandas/core/internals/managers.py::1713,0.226814
pandas/core/internals/managers.py::1714,0.226814
pandas/core/internals/managers.py::1718,0.226814
pandas/core/internals/managers.py::1719,0.226814
pandas/core/internals/managers.py::1721,0.226814
pandas/core/internals/managers.py::1722,0.226814
pandas/core/internals/managers.py::1724,0.226814
pandas/core/internals/managers.py::1725,0.226814
pandas/core/internals/managers.py::1729,0.226814
pandas/core/internals/managers.py::1733,0.226814
pandas/core/internals/managers.py::1737,0.226814
pandas/core/internals/managers.py::1741,0.226814
pandas/core/internals/managers.py::1745,0.226814
pandas/core/internals/managers.py::1752,0.226814
pandas/core/internals/managers.py::1756,0.226814
pandas/core/internals/managers.py::1760,0.226814
pandas/core/internals/managers.py::1767,0.226814
pandas/core/internals/managers.py::1776,0.226814
pandas/core/internals/managers.py::1784,0.226814
pandas/core/internals/managers.py::1794,0.226814
pandas/core/internals/managers.py::1815,0.226814
pandas/core/internals/managers.py::1817,0.226814
pandas/core/internals/managers.py::1818,0.226814
pandas/core/internals/managers.py::1820,0.226814
pandas/core/internals/managers.py::1822,0.226814
pandas/core/internals/managers.py::1823,0.226814
pandas/core/internals/managers.py::1825,0.226814
pandas/core/internals/managers.py::1831,0.226814
pandas/core/internals/managers.py::1832,0.226814
pandas/core/internals/managers.py::1835,0.226814
pandas/core/internals/managers.py::1837,0.226814
pandas/core/internals/managers.py::1838,0.226814
pandas/core/internals/managers.py::1841,0.226814
pandas/core/internals/managers.py::1843,0.226814
pandas/core/internals/managers.py::1845,0.226814
pandas/core/internals/managers.py::1846,0.226814
pandas/core/internals/managers.py::1848,0.226814
pandas/core/internals/managers.py::1849,0.226814
pandas/core/internals/managers.py::1850,0.226814
pandas/core/internals/managers.py::1852,0.226814
pandas/core/internals/managers.py::216,0.226814
pandas/core/internals/managers.py::217,0.226814
pandas/core/internals/managers.py::218,0.226814
pandas/core/internals/managers.py::219,0.226814
pandas/core/internals/managers.py::221,0.226814
pandas/core/internals/managers.py::222,0.226814
pandas/core/internals/managers.py::223,0.226814
pandas/core/internals/managers.py::224,0.226814
pandas/core/internals/managers.py::226,0.226814
pandas/core/internals/managers.py::229,0.226814
pandas/core/internals/managers.py::230,0.226814
pandas/core/internals/managers.py::234,0.226814
pandas/core/internals/managers.py::334,0.226814
pandas/core/internals/managers.py::335,0.226814
pandas/core/internals/managers.py::336,0.226814
pandas/core/internals/managers.py::337,0.226814
pandas/core/internals/managers.py::339,0.226814
pandas/core/internals/managers.py::643,0.226814
pandas/core/internals/managers.py::645,0.226814
pandas/core/internals/managers.py::648,0.226814
pandas/core/internals/managers.py::649,0.226814
pandas/core/internals/managers.py::650,0.226814
pandas/core/internals/managers.py::929,0.226814
pandas/core/reshape/melt.py::70,0.136778
pandas/core/reshape/melt.py::72,0.136778
pandas/core/reshape/melt.py::73,0.136778
pandas/core/reshape/melt.py::61,0.134256
pandas/core/reshape/melt.py::63,0.134256
pandas/core/internals/managers.py::1738,0.131868
pandas/core/internals/managers.py::1739,0.131868
pandas/core/reshape/melt.py::41,0.125407
pandas/core/reshape/melt.py::43,0.125407
pandas/core/reshape/melt.py::49,0.125407
pandas/core/reshape/melt.py::50,0.125407
pandas/core/reshape/melt.py::51,0.125407
pandas/core/reshape/melt.py::60,0.119815
