Entity,Score
lib/matplotlib/figure.py::243,0.909091
lib/matplotlib/figure.py::244,0.909091
lib/matplotlib/figure.py::245,0.909091
lib/matplotlib/figure.py::246,0.909091
lib/matplotlib/transforms.py::371,0.909091
lib/matplotlib/transforms.py::372,0.909091
lib/matplotlib/backend_bases.py::2603,0.660409
lib/matplotlib/figure.py::884,0.660409
lib/matplotlib/tests/test_text.py::326,0.660409
lib/matplotlib/tests/test_text.py::328,0.660409
lib/matplotlib/tests/test_text.py::329,0.660409
lib/matplotlib/tests/test_text.py::330,0.660409
lib/matplotlib/tests/test_text.py::332,0.660409
lib/matplotlib/tests/test_text.py::333,0.660409
lib/matplotlib/tests/test_text.py::334,0.660409
lib/matplotlib/tests/test_text.py::335,0.660409
lib/matplotlib/tests/test_text.py::337,0.660409
lib/matplotlib/text.py::895,0.660409
lib/matplotlib/text.py::896,0.660409
lib/matplotlib/figure.py::445,0.230275
lib/matplotlib/figure.py::446,0.230275
lib/matplotlib/figure.py::447,0.230275
lib/matplotlib/figure.py::448,0.230275
lib/matplotlib/figure.py::449,0.230275
lib/matplotlib/figure.py::872,0.230275
lib/matplotlib/figure.py::874,0.230275
lib/matplotlib/figure.py::875,0.230275
lib/matplotlib/figure.py::877,0.230275
lib/matplotlib/figure.py::878,0.230275
lib/matplotlib/figure.py::879,0.230275
lib/matplotlib/figure.py::880,0.230275
lib/matplotlib/figure.py::881,0.230275
lib/matplotlib/figure.py::882,0.230275
lib/matplotlib/figure.py::883,0.230275
lib/matplotlib/figure.py::885,0.230275
lib/matplotlib/transforms.py::1850,0.230275
lib/matplotlib/transforms.py::1851,0.230275
lib/matplotlib/transforms.py::1852,0.230275
lib/matplotlib/transforms.py::867,0.230275
lib/matplotlib/transforms.py::868,0.230275
lib/matplotlib/figure.py::906,0.224271
lib/matplotlib/transforms.py::306,0.224271
lib/matplotlib/axes/_base.py::2667,0.196078
lib/matplotlib/axes/_base.py::2668,0.196078
lib/matplotlib/figure.py::1556,0.192344
lib/matplotlib/cbook/__init__.py::1847,0.188816
lib/matplotlib/figure.py::1063,0.188816
lib/matplotlib/figure.py::1064,0.188816
lib/matplotlib/figure.py::1065,0.188816
lib/matplotlib/figure.py::1066,0.188816
lib/matplotlib/figure.py::1067,0.188816
lib/matplotlib/figure.py::1366,0.188816
lib/matplotlib/figure.py::1367,0.188816
lib/matplotlib/figure.py::1529,0.188816
lib/matplotlib/figure.py::1530,0.188816
lib/matplotlib/figure.py::1531,0.188816
lib/matplotlib/figure.py::1532,0.188816
lib/matplotlib/figure.py::1538,0.188816
lib/matplotlib/figure.py::1542,0.188816
lib/matplotlib/figure.py::1543,0.188816
lib/matplotlib/figure.py::1544,0.188816
lib/matplotlib/figure.py::1545,0.188816
lib/matplotlib/figure.py::1546,0.188816
lib/matplotlib/figure.py::1547,0.188816
lib/matplotlib/figure.py::1549,0.188816
lib/matplotlib/figure.py::1550,0.188816
lib/matplotlib/figure.py::1552,0.188816
lib/matplotlib/figure.py::1557,0.188816
lib/matplotlib/figure.py::1560,0.188816
lib/matplotlib/figure.py::1561,0.188816
lib/matplotlib/figure.py::1562,0.188816
lib/matplotlib/figure.py::1563,0.188816
lib/matplotlib/figure.py::1564,0.188816
lib/matplotlib/figure.py::1565,0.188816
lib/matplotlib/figure.py::1566,0.188816
lib/matplotlib/figure.py::1567,0.188816
lib/matplotlib/figure.py::1570,0.188816
lib/matplotlib/figure.py::1576,0.188816
lib/matplotlib/figure.py::1583,0.188816
lib/matplotlib/figure.py::1586,0.188816
lib/matplotlib/gridspec.py::225,0.188816
lib/matplotlib/gridspec.py::226,0.188816
lib/matplotlib/gridspec.py::229,0.188816
lib/matplotlib/gridspec.py::230,0.188816
lib/matplotlib/gridspec.py::231,0.188816
lib/matplotlib/gridspec.py::539,0.188816
lib/matplotlib/gridspec.py::540,0.188816
lib/matplotlib/gridspec.py::541,0.188816
lib/matplotlib/gridspec.py::677,0.188816
lib/matplotlib/pyplot.py::1198,0.188816
lib/matplotlib/pyplot.py::1199,0.188816
lib/matplotlib/pyplot.py::1200,0.188816
lib/matplotlib/pyplot.py::1201,0.188816
lib/matplotlib/pyplot.py::1202,0.188816
lib/matplotlib/figure.py::1361,0.185477
lib/matplotlib/axes/_axes.py::744,0.182310
lib/matplotlib/axes/_axes.py::745,0.182310
lib/matplotlib/axes/_axes.py::746,0.182310
lib/matplotlib/axes/_axes.py::747,0.182310
lib/matplotlib/axes/_axes.py::748,0.182310
lib/matplotlib/axes/_axes.py::749,0.182310
lib/matplotlib/axes/_axes.py::751,0.182310
lib/matplotlib/axes/_axes.py::752,0.182310
lib/matplotlib/axes/_axes.py::753,0.182310
lib/matplotlib/axes/_axes.py::754,0.182310
lib/matplotlib/text.py::545,0.182310
lib/matplotlib/text.py::546,0.182310
lib/matplotlib/text.py::550,0.182310
lib/matplotlib/text.py::551,0.182310
lib/matplotlib/artist.py::845,0.179301
lib/matplotlib/artist.py::848,0.179301
lib/matplotlib/artist.py::849,0.179301
lib/matplotlib/lines.py::928,0.173706
lib/matplotlib/lines.py::930,0.173706
lib/matplotlib/markers.py::243,0.173706
lib/matplotlib/ticker.py::2078,0.171099
lib/matplotlib/ticker.py::2094,0.171099
lib/matplotlib/ticker.py::2095,0.171099
lib/matplotlib/ticker.py::2096,0.171099
lib/matplotlib/ticker.py::2097,0.171099
lib/matplotlib/ticker.py::2098,0.171099
lib/matplotlib/ticker.py::2099,0.171099
lib/matplotlib/axis.py::1129,0.168607
lib/matplotlib/axis.py::284,0.168607
lib/matplotlib/axis.py::287,0.168607
lib/matplotlib/axis.py::288,0.168607
lib/matplotlib/axis.py::289,0.168607
lib/matplotlib/axis.py::290,0.168607
lib/matplotlib/axis.py::291,0.168607
lib/matplotlib/axis.py::292,0.168607
lib/matplotlib/lines.py::519,0.168607
lib/matplotlib/lines.py::603,0.168607
lib/matplotlib/lines.py::747,0.168607
lib/matplotlib/lines.py::750,0.168607
lib/matplotlib/lines.py::797,0.168607
lib/matplotlib/lines.py::798,0.168607
lib/matplotlib/lines.py::799,0.168607
lib/matplotlib/lines.py::800,0.168607
lib/matplotlib/lines.py::802,0.168607
lib/matplotlib/lines.py::803,0.168607
lib/matplotlib/lines.py::804,0.168607
lib/matplotlib/lines.py::805,0.168607
lib/matplotlib/lines.py::806,0.168607
lib/matplotlib/lines.py::807,0.168607
lib/matplotlib/lines.py::810,0.168607
lib/matplotlib/lines.py::811,0.168607
lib/matplotlib/lines.py::812,0.168607
lib/matplotlib/lines.py::813,0.168607
lib/matplotlib/lines.py::814,0.168607
lib/matplotlib/lines.py::815,0.168607
lib/matplotlib/lines.py::819,0.168607
lib/matplotlib/lines.py::823,0.168607
lib/matplotlib/lines.py::831,0.168607
lib/matplotlib/lines.py::834,0.168607
lib/matplotlib/lines.py::836,0.168607
lib/matplotlib/lines.py::837,0.168607
lib/matplotlib/lines.py::841,0.168607
lib/matplotlib/lines.py::843,0.168607
lib/matplotlib/lines.py::844,0.168607
lib/matplotlib/lines.py::845,0.168607
lib/matplotlib/lines.py::846,0.168607
lib/matplotlib/lines.py::847,0.168607
lib/matplotlib/lines.py::848,0.168607
lib/matplotlib/lines.py::849,0.168607
lib/matplotlib/lines.py::850,0.168607
lib/matplotlib/lines.py::851,0.168607
lib/matplotlib/lines.py::853,0.168607
lib/matplotlib/lines.py::857,0.168607
lib/matplotlib/lines.py::858,0.168607
lib/matplotlib/lines.py::859,0.168607
lib/matplotlib/lines.py::860,0.168607
lib/matplotlib/lines.py::862,0.168607
lib/matplotlib/lines.py::863,0.168607
lib/matplotlib/lines.py::870,0.168607
lib/matplotlib/lines.py::893,0.168607
lib/matplotlib/lines.py::925,0.168607
lib/matplotlib/lines.py::926,0.168607
lib/matplotlib/lines.py::927,0.168607
lib/matplotlib/lines.py::932,0.168607
lib/matplotlib/lines.py::945,0.168607
lib/matplotlib/lines.py::946,0.168607
lib/matplotlib/lines.py::947,0.168607
lib/matplotlib/lines.py::950,0.168607
lib/matplotlib/lines.py::952,0.168607
lib/matplotlib/lines.py::960,0.168607
lib/matplotlib/markers.py::263,0.168607
lib/matplotlib/markers.py::266,0.168607
lib/matplotlib/markers.py::301,0.168607
lib/matplotlib/markers.py::304,0.168607
lib/matplotlib/markers.py::307,0.168607
lib/matplotlib/markers.py::313,0.168607
lib/matplotlib/text.py::681,0.168607
lib/matplotlib/ticker.py::548,0.168607
lib/matplotlib/ticker.py::655,0.168607
lib/matplotlib/ticker.py::656,0.168607
lib/matplotlib/transforms.py::2600,0.168607
lib/matplotlib/transforms.py::2601,0.168607
lib/matplotlib/artist.py::1058,0.166221
lib/matplotlib/artist.py::1062,0.166221
lib/matplotlib/artist.py::1063,0.166221
lib/matplotlib/artist.py::1064,0.166221
lib/matplotlib/artist.py::1065,0.166221
lib/matplotlib/artist.py::1066,0.166221
lib/matplotlib/artist.py::1067,0.166221
lib/matplotlib/artist.py::1068,0.166221
lib/matplotlib/artist.py::1069,0.166221
lib/matplotlib/artist.py::1070,0.166221
lib/matplotlib/artist.py::1071,0.166221
lib/matplotlib/artist.py::1072,0.166221
lib/matplotlib/artist.py::1073,0.166221
lib/matplotlib/artist.py::1074,0.166221
lib/matplotlib/artist.py::1075,0.166221
lib/matplotlib/axis.py::1005,0.166221
lib/matplotlib/axis.py::1006,0.166221
lib/matplotlib/axis.py::1007,0.166221
lib/matplotlib/axis.py::1056,0.166221
lib/matplotlib/axis.py::1057,0.166221
lib/matplotlib/axis.py::1063,0.166221
lib/matplotlib/axis.py::1064,0.166221
lib/matplotlib/axis.py::1290,0.166221
lib/matplotlib/axis.py::1292,0.166221
lib/matplotlib/axis.py::1293,0.166221
lib/matplotlib/axis.py::1294,0.166221
lib/matplotlib/axis.py::1295,0.166221
lib/matplotlib/axis.py::1296,0.166221
lib/matplotlib/axis.py::1325,0.166221
lib/matplotlib/axis.py::1326,0.166221
lib/matplotlib/axis.py::1327,0.166221
lib/matplotlib/axis.py::1328,0.166221
lib/matplotlib/axis.py::1946,0.166221
lib/matplotlib/axis.py::1947,0.166221
lib/matplotlib/axis.py::280,0.166221
lib/matplotlib/axis.py::302,0.166221
lib/matplotlib/axis.py::303,0.166221
lib/matplotlib/axis.py::315,0.166221
lib/matplotlib/axis.py::316,0.166221
lib/matplotlib/backends/backend_agg.py::258,0.166221
lib/matplotlib/lines.py::1323,0.166221
lib/matplotlib/lines.py::1324,0.166221
lib/matplotlib/lines.py::1325,0.166221
lib/matplotlib/lines.py::1326,0.166221
lib/matplotlib/lines.py::1327,0.166221
lib/matplotlib/lines.py::1328,0.166221
lib/matplotlib/lines.py::1329,0.166221
lib/matplotlib/lines.py::1330,0.166221
lib/matplotlib/lines.py::1331,0.166221
lib/matplotlib/lines.py::1332,0.166221
lib/matplotlib/lines.py::1333,0.166221
lib/matplotlib/lines.py::1334,0.166221
lib/matplotlib/lines.py::1335,0.166221
lib/matplotlib/lines.py::1336,0.166221
lib/matplotlib/lines.py::1337,0.166221
lib/matplotlib/lines.py::1338,0.166221
lib/matplotlib/lines.py::1339,0.166221
lib/matplotlib/lines.py::1341,0.166221
lib/matplotlib/lines.py::1342,0.166221
lib/matplotlib/lines.py::1343,0.166221
lib/matplotlib/lines.py::1344,0.166221
lib/matplotlib/lines.py::707,0.166221
lib/matplotlib/lines.py::712,0.166221
lib/matplotlib/lines.py::713,0.166221
lib/matplotlib/lines.py::720,0.166221
lib/matplotlib/lines.py::721,0.166221
lib/matplotlib/lines.py::722,0.166221
lib/matplotlib/lines.py::746,0.166221
lib/matplotlib/lines.py::749,0.166221
lib/matplotlib/lines.py::751,0.166221
lib/matplotlib/lines.py::752,0.166221
lib/matplotlib/lines.py::760,0.166221
lib/matplotlib/lines.py::762,0.166221
lib/matplotlib/lines.py::766,0.166221
lib/matplotlib/lines.py::767,0.166221
lib/matplotlib/lines.py::796,0.166221
lib/matplotlib/lines.py::872,0.166221
lib/matplotlib/lines.py::873,0.166221
lib/matplotlib/markers.py::240,0.166221
lib/matplotlib/markers.py::246,0.166221
lib/matplotlib/markers.py::269,0.166221
lib/matplotlib/text.py::263,0.166221
lib/matplotlib/text.py::264,0.166221
lib/matplotlib/text.py::265,0.166221
lib/matplotlib/text.py::266,0.166221
lib/matplotlib/text.py::267,0.166221
lib/matplotlib/text.py::268,0.166221
lib/matplotlib/text.py::269,0.166221
lib/matplotlib/text.py::270,0.166221
lib/matplotlib/text.py::271,0.166221
lib/matplotlib/text.py::272,0.166221
lib/matplotlib/text.py::273,0.166221
lib/matplotlib/text.py::393,0.166221
lib/matplotlib/ticker.py::1596,0.166221
lib/matplotlib/ticker.py::1601,0.166221
lib/matplotlib/ticker.py::1880,0.166221
lib/matplotlib/ticker.py::1881,0.166221
lib/matplotlib/ticker.py::1882,0.166221
lib/matplotlib/ticker.py::1883,0.166221
lib/matplotlib/ticker.py::1886,0.166221
lib/matplotlib/ticker.py::1887,0.166221
lib/matplotlib/ticker.py::1903,0.166221
lib/matplotlib/ticker.py::1905,0.166221
lib/matplotlib/ticker.py::1906,0.166221
lib/matplotlib/ticker.py::1910,0.166221
lib/matplotlib/ticker.py::1915,0.166221
lib/matplotlib/ticker.py::1916,0.166221
lib/matplotlib/ticker.py::1920,0.166221
lib/matplotlib/ticker.py::1921,0.166221
lib/matplotlib/ticker.py::1923,0.166221
lib/matplotlib/ticker.py::1927,0.166221
lib/matplotlib/ticker.py::1928,0.166221
lib/matplotlib/ticker.py::1930,0.166221
lib/matplotlib/ticker.py::2071,0.166221
lib/matplotlib/ticker.py::2080,0.166221
lib/matplotlib/ticker.py::2081,0.166221
lib/matplotlib/ticker.py::2082,0.166221
lib/matplotlib/ticker.py::2083,0.166221
lib/matplotlib/ticker.py::2084,0.166221
lib/matplotlib/ticker.py::2085,0.166221
lib/matplotlib/ticker.py::2090,0.166221
lib/matplotlib/ticker.py::2093,0.166221
lib/matplotlib/ticker.py::2102,0.166221
lib/matplotlib/ticker.py::2103,0.166221
lib/matplotlib/ticker.py::2105,0.166221
lib/matplotlib/ticker.py::2108,0.166221
lib/matplotlib/ticker.py::2114,0.166221
lib/matplotlib/ticker.py::2115,0.166221
lib/matplotlib/ticker.py::2116,0.166221
lib/matplotlib/ticker.py::2117,0.166221
lib/matplotlib/ticker.py::2119,0.166221
lib/matplotlib/ticker.py::2120,0.166221
lib/matplotlib/ticker.py::2121,0.166221
lib/matplotlib/ticker.py::2122,0.166221
lib/matplotlib/ticker.py::2125,0.166221
lib/matplotlib/ticker.py::2126,0.166221
lib/matplotlib/ticker.py::2129,0.166221
lib/matplotlib/ticker.py::2132,0.166221
lib/matplotlib/ticker.py::2133,0.166221
lib/matplotlib/ticker.py::2134,0.166221
lib/matplotlib/ticker.py::2136,0.166221
lib/matplotlib/ticker.py::2137,0.166221
lib/matplotlib/ticker.py::2139,0.166221
lib/matplotlib/ticker.py::2141,0.166221
lib/matplotlib/ticker.py::2143,0.166221
lib/matplotlib/ticker.py::296,0.166221
lib/matplotlib/ticker.py::543,0.166221
lib/matplotlib/ticker.py::546,0.166221
lib/matplotlib/ticker.py::547,0.166221
lib/matplotlib/ticker.py::549,0.166221
lib/matplotlib/ticker.py::552,0.166221
lib/matplotlib/ticker.py::553,0.166221
lib/matplotlib/ticker.py::611,0.166221
lib/matplotlib/ticker.py::612,0.166221
lib/matplotlib/ticker.py::631,0.166221
lib/matplotlib/ticker.py::637,0.166221
lib/matplotlib/ticker.py::638,0.166221
lib/matplotlib/ticker.py::639,0.166221
lib/matplotlib/ticker.py::640,0.166221
lib/matplotlib/ticker.py::643,0.166221
lib/matplotlib/ticker.py::645,0.166221
lib/matplotlib/ticker.py::646,0.166221
lib/matplotlib/ticker.py::647,0.166221
lib/matplotlib/ticker.py::648,0.166221
lib/matplotlib/ticker.py::651,0.166221
lib/matplotlib/ticker.py::654,0.166221
lib/matplotlib/ticker.py::685,0.166221
lib/matplotlib/ticker.py::688,0.166221
lib/matplotlib/ticker.py::693,0.166221
lib/matplotlib/ticker.py::694,0.166221
lib/matplotlib/ticker.py::695,0.166221
lib/matplotlib/ticker.py::696,0.166221
lib/matplotlib/ticker.py::697,0.166221
lib/matplotlib/ticker.py::700,0.166221
lib/matplotlib/ticker.py::703,0.166221
lib/matplotlib/ticker.py::706,0.166221
lib/matplotlib/ticker.py::707,0.166221
lib/matplotlib/ticker.py::710,0.166221
lib/matplotlib/ticker.py::711,0.166221
lib/matplotlib/ticker.py::713,0.166221
lib/matplotlib/ticker.py::716,0.166221
lib/matplotlib/ticker.py::720,0.166221
lib/matplotlib/ticker.py::724,0.166221
lib/matplotlib/ticker.py::725,0.166221
lib/matplotlib/ticker.py::726,0.166221
lib/matplotlib/ticker.py::728,0.166221
lib/matplotlib/ticker.py::731,0.166221
lib/matplotlib/ticker.py::733,0.166221
lib/matplotlib/ticker.py::736,0.166221
lib/matplotlib/ticker.py::738,0.166221
lib/matplotlib/ticker.py::740,0.166221
lib/matplotlib/ticker.py::741,0.166221
lib/matplotlib/ticker.py::742,0.166221
lib/matplotlib/ticker.py::743,0.166221
lib/matplotlib/ticker.py::745,0.166221
lib/matplotlib/ticker.py::746,0.166221
lib/matplotlib/ticker.py::747,0.166221
lib/matplotlib/ticker.py::748,0.166221
lib/matplotlib/transforms.py::2073,0.166221
lib/matplotlib/transforms.py::2117,0.166221
lib/matplotlib/transforms.py::2571,0.166221
lib/matplotlib/transforms.py::2572,0.166221
lib/matplotlib/transforms.py::2573,0.166221
lib/matplotlib/transforms.py::2574,0.166221
lib/matplotlib/transforms.py::2575,0.166221
lib/matplotlib/transforms.py::2576,0.166221
lib/matplotlib/transforms.py::2577,0.166221
lib/matplotlib/transforms.py::2582,0.166221
lib/matplotlib/transforms.py::2585,0.166221
lib/matplotlib/transforms.py::2587,0.166221
lib/matplotlib/transforms.py::2588,0.166221
lib/matplotlib/transforms.py::2589,0.166221
lib/matplotlib/transforms.py::2590,0.166221
lib/matplotlib/transforms.py::2620,0.166221
lib/matplotlib/transforms.py::2762,0.166221
lib/matplotlib/transforms.py::2763,0.166221
lib/matplotlib/transforms.py::2765,0.166221
lib/matplotlib/transforms.py::2766,0.166221
lib/matplotlib/axes/_base.py::1920,0.163934
lib/matplotlib/axes/_base.py::1921,0.163934
lib/matplotlib/axes/_base.py::1922,0.163934
lib/matplotlib/axes/_base.py::1923,0.163934
lib/matplotlib/axes/_base.py::1924,0.163934
lib/matplotlib/axis.py::1742,0.163934
lib/matplotlib/axis.py::1746,0.163934
lib/matplotlib/axis.py::1748,0.163934
lib/matplotlib/axis.py::1752,0.163934
lib/matplotlib/axis.py::1753,0.163934
lib/matplotlib/cbook/__init__.py::1820,0.163934
lib/matplotlib/text.py::352,0.163934
lib/matplotlib/text.py::353,0.163934
lib/matplotlib/text.py::354,0.163934
lib/matplotlib/text.py::382,0.163934
lib/matplotlib/text.py::389,0.163934
lib/matplotlib/text.py::392,0.163934
lib/matplotlib/transforms.py::1700,0.163934
lib/matplotlib/text.py::350,0.161740
lib/matplotlib/text.py::351,0.161740
lib/matplotlib/text.py::380,0.161740
lib/matplotlib/text.py::902,0.161740
lib/matplotlib/axes/_base.py::2618,0.159632
lib/matplotlib/axes/_base.py::2625,0.159632
lib/matplotlib/axes/_base.py::2627,0.159632
lib/matplotlib/axes/_base.py::2629,0.159632
lib/matplotlib/axes/_base.py::2631,0.159632
lib/matplotlib/axes/_base.py::2634,0.159632
lib/matplotlib/axes/_base.py::2637,0.159632
lib/matplotlib/axes/_base.py::2638,0.159632
lib/matplotlib/axes/_base.py::2642,0.159632
lib/matplotlib/axes/_base.py::2644,0.159632
lib/matplotlib/axes/_base.py::2645,0.159632
lib/matplotlib/axes/_base.py::2651,0.159632
lib/matplotlib/axes/_base.py::2655,0.159632
lib/matplotlib/axes/_base.py::2657,0.159632
lib/matplotlib/axes/_base.py::2661,0.159632
lib/matplotlib/axes/_base.py::2666,0.159632
lib/matplotlib/axes/_base.py::2669,0.159632
lib/matplotlib/axes/_base.py::2673,0.159632
lib/matplotlib/axes/_base.py::2675,0.159632
lib/matplotlib/axes/_base.py::2683,0.159632
lib/matplotlib/axes/_base.py::2687,0.159632
lib/matplotlib/axes/_base.py::2688,0.159632
lib/matplotlib/axes/_base.py::2690,0.159632
lib/matplotlib/axes/_base.py::2695,0.159632
lib/matplotlib/axes/_base.py::2697,0.159632
lib/matplotlib/axes/_base.py::2698,0.159632
lib/matplotlib/axes/_base.py::2788,0.159632
lib/matplotlib/axis.py::1120,0.159632
lib/matplotlib/axis.py::1122,0.159632
lib/matplotlib/axis.py::1124,0.159632
lib/matplotlib/axis.py::1125,0.159632
lib/matplotlib/axis.py::1126,0.159632
lib/matplotlib/axis.py::1128,0.159632
lib/matplotlib/axis.py::1136,0.159632
lib/matplotlib/axis.py::1138,0.159632
lib/matplotlib/axis.py::1140,0.159632
lib/matplotlib/axis.py::1141,0.159632
lib/matplotlib/axis.py::1142,0.159632
lib/matplotlib/axis.py::1144,0.159632
lib/matplotlib/axis.py::1145,0.159632
lib/matplotlib/axis.py::443,0.159632
lib/matplotlib/axis.py::514,0.159632
lib/matplotlib/backend_bases.py::1642,0.159632
lib/matplotlib/figure.py::1700,0.159632
lib/matplotlib/figure.py::1701,0.159632
lib/matplotlib/figure.py::1705,0.159632
lib/matplotlib/figure.py::1707,0.159632
lib/matplotlib/figure.py::1708,0.159632
lib/matplotlib/lines.py::44,0.159632
lib/matplotlib/lines.py::45,0.159632
lib/matplotlib/lines.py::46,0.159632
lib/matplotlib/lines.py::61,0.159632
lib/matplotlib/lines.py::62,0.159632
lib/matplotlib/lines.py::63,0.159632
lib/matplotlib/patches.py::540,0.159632
lib/matplotlib/spines.py::350,0.159632
lib/matplotlib/spines.py::351,0.159632
lib/matplotlib/spines.py::352,0.159632
lib/matplotlib/spines.py::353,0.159632
lib/matplotlib/text.py::229,0.159632
lib/matplotlib/text.py::230,0.159632
lib/matplotlib/text.py::283,0.159632
lib/matplotlib/text.py::349,0.159632
lib/matplotlib/text.py::683,0.159632
lib/matplotlib/text.py::898,0.159632
lib/matplotlib/text.py::899,0.159632
lib/matplotlib/text.py::901,0.159632
lib/matplotlib/text.py::903,0.159632
lib/matplotlib/text.py::905,0.159632
lib/matplotlib/text.py::908,0.159632
lib/matplotlib/text.py::909,0.159632
lib/matplotlib/text.py::910,0.159632
lib/matplotlib/text.py::911,0.159632
lib/matplotlib/text.py::912,0.159632
lib/matplotlib/text.py::914,0.159632
lib/matplotlib/ticker.py::2040,0.159632
lib/matplotlib/ticker.py::2745,0.159632
lib/matplotlib/ticker.py::2746,0.159632
lib/matplotlib/transforms.py::633,0.159632
lib/matplotlib/axes/_base.py::1208,0.157604
lib/matplotlib/axes/_base.py::1522,0.157604
lib/matplotlib/axes/_base.py::1523,0.157604
lib/matplotlib/axes/_base.py::1525,0.157604
lib/matplotlib/axes/_base.py::1527,0.157604
lib/matplotlib/axes/_base.py::1528,0.157604
lib/matplotlib/axes/_base.py::1529,0.157604
lib/matplotlib/axes/_base.py::2555,0.157604
lib/matplotlib/axes/_base.py::2559,0.157604
lib/matplotlib/axes/_base.py::2561,0.157604
lib/matplotlib/axes/_base.py::2562,0.157604
lib/matplotlib/axes/_base.py::2563,0.157604
lib/matplotlib/axes/_base.py::2564,0.157604
lib/matplotlib/axes/_base.py::2569,0.157604
lib/matplotlib/axes/_base.py::2571,0.157604
lib/matplotlib/axes/_base.py::2572,0.157604
lib/matplotlib/axes/_base.py::2574,0.157604
lib/matplotlib/axes/_base.py::2576,0.157604
lib/matplotlib/axes/_base.py::2578,0.157604
lib/matplotlib/axes/_base.py::2587,0.157604
lib/matplotlib/axes/_base.py::2588,0.157604
lib/matplotlib/axes/_base.py::2589,0.157604
lib/matplotlib/axes/_base.py::2590,0.157604
lib/matplotlib/axes/_base.py::2593,0.157604
lib/matplotlib/axes/_base.py::2594,0.157604
lib/matplotlib/axes/_base.py::2595,0.157604
lib/matplotlib/axes/_base.py::2596,0.157604
lib/matplotlib/axes/_base.py::2606,0.157604
lib/matplotlib/axes/_base.py::2607,0.157604
lib/matplotlib/axes/_base.py::2609,0.157604
lib/matplotlib/axes/_base.py::2610,0.157604
lib/matplotlib/axes/_base.py::4289,0.157604
lib/matplotlib/axes/_base.py::4290,0.157604
lib/matplotlib/axes/_base.py::4291,0.157604
lib/matplotlib/axes/_base.py::4292,0.157604
lib/matplotlib/axes/_base.py::4293,0.157604
lib/matplotlib/axes/_base.py::4294,0.157604
lib/matplotlib/axes/_base.py::4295,0.157604
lib/matplotlib/axes/_base.py::4296,0.157604
lib/matplotlib/axes/_base.py::4297,0.157604
lib/matplotlib/axes/_base.py::4298,0.157604
lib/matplotlib/axes/_base.py::4299,0.157604
lib/matplotlib/axes/_base.py::4300,0.157604
lib/matplotlib/axes/_base.py::4301,0.157604
lib/matplotlib/axes/_base.py::558,0.157604
lib/matplotlib/axes/_base.py::833,0.157604
lib/matplotlib/axes/_base.py::834,0.157604
lib/matplotlib/axes/_base.py::873,0.157604
lib/matplotlib/axes/_base.py::875,0.157604
lib/matplotlib/axes/_base.py::876,0.157604
lib/matplotlib/axes/_base.py::877,0.157604
lib/matplotlib/axes/_base.py::878,0.157604
lib/matplotlib/axes/_base.py::880,0.157604
lib/matplotlib/axes/_base.py::908,0.157604
lib/matplotlib/axis.py::1000,0.157604
lib/matplotlib/axis.py::1001,0.157604
lib/matplotlib/axis.py::1002,0.157604
lib/matplotlib/axis.py::1003,0.157604
lib/matplotlib/axis.py::1004,0.157604
lib/matplotlib/axis.py::1008,0.157604
lib/matplotlib/axis.py::1009,0.157604
lib/matplotlib/axis.py::1010,0.157604
lib/matplotlib/axis.py::1011,0.157604
lib/matplotlib/axis.py::1012,0.157604
lib/matplotlib/axis.py::1016,0.157604
lib/matplotlib/axis.py::1018,0.157604
lib/matplotlib/axis.py::1019,0.157604
lib/matplotlib/axis.py::1022,0.157604
lib/matplotlib/axis.py::1052,0.157604
lib/matplotlib/axis.py::1054,0.157604
lib/matplotlib/axis.py::1055,0.157604
lib/matplotlib/axis.py::1066,0.157604
lib/matplotlib/axis.py::1070,0.157604
lib/matplotlib/axis.py::1071,0.157604
lib/matplotlib/axis.py::1072,0.157604
lib/matplotlib/axis.py::1073,0.157604
lib/matplotlib/axis.py::1239,0.157604
lib/matplotlib/axis.py::1244,0.157604
lib/matplotlib/axis.py::1245,0.157604
lib/matplotlib/axis.py::1246,0.157604
lib/matplotlib/axis.py::1247,0.157604
lib/matplotlib/axis.py::1248,0.157604
lib/matplotlib/axis.py::1249,0.157604
lib/matplotlib/axis.py::1252,0.157604
lib/matplotlib/axis.py::1253,0.157604
lib/matplotlib/axis.py::1255,0.157604
lib/matplotlib/axis.py::1257,0.157604
lib/matplotlib/axis.py::1320,0.157604
lib/matplotlib/axis.py::1323,0.157604
lib/matplotlib/axis.py::1330,0.157604
lib/matplotlib/axis.py::1334,0.157604
lib/matplotlib/axis.py::1337,0.157604
lib/matplotlib/axis.py::1344,0.157604
lib/matplotlib/axis.py::1734,0.157604
lib/matplotlib/axis.py::1735,0.157604
lib/matplotlib/axis.py::1736,0.157604
lib/matplotlib/axis.py::1740,0.157604
lib/matplotlib/axis.py::1761,0.157604
lib/matplotlib/axis.py::1879,0.157604
lib/matplotlib/axis.py::1880,0.157604
lib/matplotlib/axis.py::1882,0.157604
lib/matplotlib/axis.py::1884,0.157604
lib/matplotlib/axis.py::1885,0.157604
lib/matplotlib/axis.py::1886,0.157604
lib/matplotlib/axis.py::1887,0.157604
lib/matplotlib/axis.py::1888,0.157604
lib/matplotlib/axis.py::1889,0.157604
lib/matplotlib/axis.py::1896,0.157604
lib/matplotlib/axis.py::1901,0.157604
lib/matplotlib/axis.py::1903,0.157604
lib/matplotlib/axis.py::1904,0.157604
lib/matplotlib/axis.py::1905,0.157604
lib/matplotlib/axis.py::1906,0.157604
lib/matplotlib/axis.py::1907,0.157604
lib/matplotlib/axis.py::1908,0.157604
lib/matplotlib/axis.py::1912,0.157604
lib/matplotlib/axis.py::1913,0.157604
lib/matplotlib/axis.py::1915,0.157604
lib/matplotlib/axis.py::1916,0.157604
lib/matplotlib/axis.py::1939,0.157604
lib/matplotlib/axis.py::1940,0.157604
lib/matplotlib/axis.py::1941,0.157604
lib/matplotlib/axis.py::1942,0.157604
lib/matplotlib/axis.py::1943,0.157604
lib/matplotlib/axis.py::1948,0.157604
lib/matplotlib/axis.py::1949,0.157604
lib/matplotlib/axis.py::2049,0.157604
lib/matplotlib/axis.py::2050,0.157604
lib/matplotlib/axis.py::2051,0.157604
lib/matplotlib/axis.py::2176,0.157604
lib/matplotlib/axis.py::2177,0.157604
lib/matplotlib/axis.py::2179,0.157604
lib/matplotlib/axis.py::2181,0.157604
lib/matplotlib/axis.py::2182,0.157604
lib/matplotlib/axis.py::2183,0.157604
lib/matplotlib/axis.py::2184,0.157604
lib/matplotlib/axis.py::2185,0.157604
lib/matplotlib/axis.py::2186,0.157604
lib/matplotlib/axis.py::2193,0.157604
lib/matplotlib/axis.py::2198,0.157604
lib/matplotlib/axis.py::2200,0.157604
lib/matplotlib/axis.py::2201,0.157604
lib/matplotlib/axis.py::2202,0.157604
lib/matplotlib/axis.py::2203,0.157604
lib/matplotlib/axis.py::2204,0.157604
lib/matplotlib/axis.py::2205,0.157604
lib/matplotlib/axis.py::2209,0.157604
lib/matplotlib/axis.py::2210,0.157604
lib/matplotlib/axis.py::2211,0.157604
lib/matplotlib/axis.py::2212,0.157604
lib/matplotlib/axis.py::2235,0.157604
lib/matplotlib/axis.py::2236,0.157604
lib/matplotlib/axis.py::2237,0.157604
lib/matplotlib/axis.py::2238,0.157604
lib/matplotlib/axis.py::701,0.157604
lib/matplotlib/figure.py::1360,0.157604
lib/matplotlib/patches.py::278,0.157604
lib/matplotlib/patches.py::318,0.157604
lib/matplotlib/path.py::177,0.157604
lib/matplotlib/path.py::178,0.157604
lib/matplotlib/path.py::179,0.157604
lib/matplotlib/path.py::180,0.157604
lib/matplotlib/path.py::181,0.157604
lib/matplotlib/path.py::182,0.157604
lib/matplotlib/path.py::183,0.157604
lib/matplotlib/path.py::184,0.157604
lib/matplotlib/path.py::189,0.157604
lib/matplotlib/path.py::539,0.157604
lib/matplotlib/path.py::540,0.157604
lib/matplotlib/path.py::541,0.157604
lib/matplotlib/path.py::546,0.157604
lib/matplotlib/spines.py::150,0.157604
lib/matplotlib/spines.py::154,0.157604
lib/matplotlib/spines.py::213,0.157604
lib/matplotlib/spines.py::243,0.157604
lib/matplotlib/spines.py::246,0.157604
lib/matplotlib/spines.py::247,0.157604
lib/matplotlib/spines.py::248,0.157604
lib/matplotlib/spines.py::249,0.157604
lib/matplotlib/spines.py::250,0.157604
lib/matplotlib/spines.py::255,0.157604
lib/matplotlib/spines.py::305,0.157604
lib/matplotlib/spines.py::336,0.157604
lib/matplotlib/spines.py::337,0.157604
lib/matplotlib/spines.py::338,0.157604
lib/matplotlib/spines.py::339,0.157604
lib/matplotlib/spines.py::340,0.157604
lib/matplotlib/spines.py::341,0.157604
lib/matplotlib/spines.py::342,0.157604
lib/matplotlib/spines.py::343,0.157604
lib/matplotlib/text.py::1107,0.157604
lib/matplotlib/text.py::1108,0.157604
lib/matplotlib/text.py::381,0.157604
lib/matplotlib/ticker.py::1744,0.157604
lib/matplotlib/ticker.py::1755,0.157604
lib/matplotlib/ticker.py::257,0.157604
lib/matplotlib/ticker.py::258,0.157604
lib/matplotlib/ticker.py::285,0.157604
lib/matplotlib/ticker.py::609,0.157604
lib/matplotlib/ticker.py::635,0.157604
lib/matplotlib/ticker.py::636,0.157604
lib/matplotlib/transforms.py::1337,0.157604
lib/matplotlib/transforms.py::1338,0.157604
lib/matplotlib/transforms.py::1339,0.157604
lib/matplotlib/transforms.py::1342,0.157604
lib/matplotlib/transforms.py::1345,0.157604
lib/matplotlib/transforms.py::1348,0.157604
lib/matplotlib/transforms.py::1349,0.157604
lib/matplotlib/transforms.py::1428,0.157604
lib/matplotlib/transforms.py::1455,0.157604
lib/matplotlib/transforms.py::1467,0.157604
lib/matplotlib/transforms.py::1479,0.157604
lib/matplotlib/transforms.py::1480,0.157604
lib/matplotlib/transforms.py::1667,0.157604
lib/matplotlib/transforms.py::1668,0.157604
lib/matplotlib/transforms.py::2083,0.157604
lib/matplotlib/transforms.py::2084,0.157604
lib/matplotlib/transforms.py::2115,0.157604
lib/matplotlib/transforms.py::2116,0.157604
lib/matplotlib/transforms.py::2119,0.157604
lib/matplotlib/transforms.py::2120,0.157604
lib/matplotlib/transforms.py::2123,0.157604
lib/matplotlib/transforms.py::2124,0.157604
lib/matplotlib/transforms.py::2125,0.157604
lib/matplotlib/transforms.py::2126,0.157604
lib/matplotlib/transforms.py::2255,0.157604
lib/matplotlib/transforms.py::2274,0.157604
lib/matplotlib/transforms.py::2278,0.157604
lib/matplotlib/transforms.py::2279,0.157604
lib/matplotlib/transforms.py::2382,0.157604
lib/matplotlib/transforms.py::2511,0.157604
lib/matplotlib/transforms.py::2512,0.157604
lib/matplotlib/transforms.py::2513,0.157604
lib/matplotlib/transforms.py::2515,0.157604
lib/matplotlib/transforms.py::2516,0.157604
lib/matplotlib/transforms.py::2517,0.157604
lib/matplotlib/transforms.py::2518,0.157604
lib/matplotlib/transforms.py::2519,0.157604
lib/matplotlib/transforms.py::2520,0.157604
lib/matplotlib/transforms.py::2521,0.157604
lib/matplotlib/transforms.py::2522,0.157604
lib/matplotlib/transforms.py::2523,0.157604
lib/matplotlib/transforms.py::2543,0.157604
lib/matplotlib/transforms.py::2545,0.157604
lib/matplotlib/transforms.py::2546,0.157604
lib/matplotlib/transforms.py::2547,0.157604
lib/matplotlib/transforms.py::2548,0.157604
lib/matplotlib/transforms.py::2549,0.157604
lib/matplotlib/transforms.py::256,0.157604
lib/matplotlib/transforms.py::266,0.157604
lib/matplotlib/transforms.py::354,0.157604
lib/matplotlib/transforms.py::922,0.157604
lib/matplotlib/axes/_base.py::593,0.155653
lib/matplotlib/axes/_base.py::594,0.155653
lib/matplotlib/axes/_base.py::595,0.155653
lib/matplotlib/axes/_base.py::596,0.155653
lib/matplotlib/axes/_base.py::597,0.155653
lib/matplotlib/axes/_base.py::606,0.155653
lib/matplotlib/axes/_base.py::607,0.155653
lib/matplotlib/axes/_subplots.py::44,0.155653
lib/matplotlib/axes/_subplots.py::45,0.155653
lib/matplotlib/axis.py::1785,0.155653
lib/matplotlib/gridspec.py::301,0.155653
lib/matplotlib/gridspec.py::523,0.155653
lib/matplotlib/text.py::36,0.155653
lib/matplotlib/text.py::388,0.155653
lib/matplotlib/text.py::390,0.155653
lib/matplotlib/text.py::892,0.155653
lib/matplotlib/text.py::894,0.155653
lib/matplotlib/text.py::897,0.155653
lib/matplotlib/transforms.py::1644,0.155653
lib/matplotlib/transforms.py::1645,0.155653
lib/matplotlib/transforms.py::1987,0.155653
lib/matplotlib/transforms.py::2167,0.155653
lib/matplotlib/transforms.py::2168,0.155653
lib/matplotlib/transforms.py::2169,0.155653
lib/matplotlib/transforms.py::2176,0.155653
lib/matplotlib/transforms.py::2177,0.155653
lib/matplotlib/transforms.py::2178,0.155653
lib/matplotlib/transforms.py::2251,0.155653
lib/matplotlib/transforms.py::311,0.155653
lib/matplotlib/transforms.py::316,0.155653
lib/matplotlib/transforms.py::321,0.155653
lib/matplotlib/transforms.py::326,0.155653
lib/matplotlib/transforms.py::660,0.155653
lib/matplotlib/transforms.py::664,0.155653
lib/matplotlib/transforms.py::665,0.155653
lib/matplotlib/transforms.py::666,0.155653
lib/matplotlib/transforms.py::667,0.155653
lib/matplotlib/transforms.py::668,0.155653
lib/matplotlib/transforms.py::669,0.155653
lib/matplotlib/artist.py::1012,0.153772
lib/matplotlib/artist.py::1013,0.153772
lib/matplotlib/artist.py::1016,0.153772
lib/matplotlib/artist.py::1017,0.153772
lib/matplotlib/artist.py::1032,0.153772
lib/matplotlib/artist.py::1034,0.153772
lib/matplotlib/artist.py::1035,0.153772
lib/matplotlib/artist.py::1036,0.153772
lib/matplotlib/artist.py::1083,0.153772
lib/matplotlib/artist.py::1084,0.153772
lib/matplotlib/artist.py::1085,0.153772
lib/matplotlib/artist.py::1086,0.153772
lib/matplotlib/artist.py::1087,0.153772
lib/matplotlib/artist.py::1196,0.153772
lib/matplotlib/artist.py::177,0.153772
lib/matplotlib/artist.py::189,0.153772
lib/matplotlib/artist.py::205,0.153772
lib/matplotlib/artist.py::354,0.153772
lib/matplotlib/artist.py::53,0.153772
lib/matplotlib/artist.py::54,0.153772
lib/matplotlib/artist.py::720,0.153772
lib/matplotlib/artist.py::721,0.153772
lib/matplotlib/artist.py::722,0.153772
lib/matplotlib/artist.py::749,0.153772
lib/matplotlib/artist.py::751,0.153772
lib/matplotlib/artist.py::752,0.153772
lib/matplotlib/artist.py::753,0.153772
lib/matplotlib/artist.py::754,0.153772
lib/matplotlib/artist.py::755,0.153772
lib/matplotlib/artist.py::756,0.153772
lib/matplotlib/artist.py::757,0.153772
lib/matplotlib/artist.py::764,0.153772
lib/matplotlib/artist.py::767,0.153772
lib/matplotlib/artist.py::770,0.153772
lib/matplotlib/artist.py::773,0.153772
lib/matplotlib/artist.py::777,0.153772
lib/matplotlib/artist.py::783,0.153772
lib/matplotlib/artist.py::784,0.153772
lib/matplotlib/artist.py::929,0.153772
lib/matplotlib/artist.py::931,0.153772
lib/matplotlib/artist.py::932,0.153772
lib/matplotlib/artist.py::933,0.153772
lib/matplotlib/axes/_base.py::1001,0.153772
lib/matplotlib/axes/_base.py::1002,0.153772
lib/matplotlib/axes/_base.py::1003,0.153772
lib/matplotlib/axes/_base.py::1007,0.153772
lib/matplotlib/axes/_base.py::1010,0.153772
lib/matplotlib/axes/_base.py::1013,0.153772
lib/matplotlib/axes/_base.py::1014,0.153772
lib/matplotlib/axes/_base.py::1015,0.153772
lib/matplotlib/axes/_base.py::1016,0.153772
lib/matplotlib/axes/_base.py::1017,0.153772
lib/matplotlib/axes/_base.py::1018,0.153772
lib/matplotlib/axes/_base.py::1019,0.153772
lib/matplotlib/axes/_base.py::1020,0.153772
lib/matplotlib/axes/_base.py::1021,0.153772
lib/matplotlib/axes/_base.py::1023,0.153772
lib/matplotlib/axes/_base.py::1024,0.153772
lib/matplotlib/axes/_base.py::1026,0.153772
lib/matplotlib/axes/_base.py::1027,0.153772
lib/matplotlib/axes/_base.py::1028,0.153772
lib/matplotlib/axes/_base.py::1029,0.153772
lib/matplotlib/axes/_base.py::1030,0.153772
lib/matplotlib/axes/_base.py::1031,0.153772
lib/matplotlib/axes/_base.py::1032,0.153772
lib/matplotlib/axes/_base.py::1033,0.153772
lib/matplotlib/axes/_base.py::1034,0.153772
lib/matplotlib/axes/_base.py::1035,0.153772
lib/matplotlib/axes/_base.py::1036,0.153772
lib/matplotlib/axes/_base.py::1037,0.153772
lib/matplotlib/axes/_base.py::1038,0.153772
lib/matplotlib/axes/_base.py::1040,0.153772
lib/matplotlib/axes/_base.py::1041,0.153772
lib/matplotlib/axes/_base.py::1042,0.153772
lib/matplotlib/axes/_base.py::1043,0.153772
lib/matplotlib/axes/_base.py::1044,0.153772
lib/matplotlib/axes/_base.py::1045,0.153772
lib/matplotlib/axes/_base.py::1047,0.153772
lib/matplotlib/axes/_base.py::1048,0.153772
lib/matplotlib/axes/_base.py::1049,0.153772
lib/matplotlib/axes/_base.py::1050,0.153772
lib/matplotlib/axes/_base.py::1051,0.153772
lib/matplotlib/axes/_base.py::1053,0.153772
lib/matplotlib/axes/_base.py::1054,0.153772
lib/matplotlib/axes/_base.py::1055,0.153772
lib/matplotlib/axes/_base.py::1056,0.153772
lib/matplotlib/axes/_base.py::1057,0.153772
lib/matplotlib/axes/_base.py::1058,0.153772
lib/matplotlib/axes/_base.py::1059,0.153772
lib/matplotlib/axes/_base.py::1060,0.153772
lib/matplotlib/axes/_base.py::1061,0.153772
lib/matplotlib/axes/_base.py::1062,0.153772
lib/matplotlib/axes/_base.py::1064,0.153772
lib/matplotlib/axes/_base.py::1067,0.153772
lib/matplotlib/axes/_base.py::1069,0.153772
lib/matplotlib/axes/_base.py::1071,0.153772
lib/matplotlib/axes/_base.py::1072,0.153772
lib/matplotlib/axes/_base.py::1077,0.153772
lib/matplotlib/axes/_base.py::1078,0.153772
lib/matplotlib/axes/_base.py::1079,0.153772
lib/matplotlib/axes/_base.py::1080,0.153772
lib/matplotlib/axes/_base.py::1081,0.153772
lib/matplotlib/axes/_base.py::1082,0.153772
lib/matplotlib/axes/_base.py::1084,0.153772
lib/matplotlib/axes/_base.py::1086,0.153772
lib/matplotlib/axes/_base.py::1087,0.153772
lib/matplotlib/axes/_base.py::1089,0.153772
lib/matplotlib/axes/_base.py::1090,0.153772
lib/matplotlib/axes/_base.py::1091,0.153772
lib/matplotlib/axes/_base.py::1095,0.153772
lib/matplotlib/axes/_base.py::1099,0.153772
lib/matplotlib/axes/_base.py::1126,0.153772
lib/matplotlib/axes/_base.py::1127,0.153772
lib/matplotlib/axes/_base.py::1128,0.153772
lib/matplotlib/axes/_base.py::1129,0.153772
lib/matplotlib/axes/_base.py::1130,0.153772
lib/matplotlib/axes/_base.py::1131,0.153772
lib/matplotlib/axes/_base.py::130,0.153772
lib/matplotlib/axes/_base.py::131,0.153772
lib/matplotlib/axes/_base.py::132,0.153772
lib/matplotlib/axes/_base.py::1385,0.153772
lib/matplotlib/axes/_base.py::1386,0.153772
lib/matplotlib/axes/_base.py::1388,0.153772
lib/matplotlib/axes/_base.py::1395,0.153772
lib/matplotlib/axes/_base.py::1396,0.153772
lib/matplotlib/axes/_base.py::1397,0.153772
lib/matplotlib/axes/_base.py::144,0.153772
lib/matplotlib/axes/_base.py::145,0.153772
lib/matplotlib/axes/_base.py::149,0.153772
lib/matplotlib/axes/_base.py::151,0.153772
lib/matplotlib/axes/_base.py::2108,0.153772
lib/matplotlib/axes/_base.py::2110,0.153772
lib/matplotlib/axes/_base.py::2113,0.153772
lib/matplotlib/axes/_base.py::2115,0.153772
lib/matplotlib/axes/_base.py::2116,0.153772
lib/matplotlib/axes/_base.py::2119,0.153772
lib/matplotlib/axes/_base.py::2131,0.153772
lib/matplotlib/axes/_base.py::2133,0.153772
lib/matplotlib/axes/_base.py::2134,0.153772
lib/matplotlib/axes/_base.py::2135,0.153772
lib/matplotlib/axes/_base.py::2529,0.153772
lib/matplotlib/axes/_base.py::2784,0.153772
lib/matplotlib/axes/_base.py::2785,0.153772
lib/matplotlib/axes/_base.py::2787,0.153772
lib/matplotlib/axes/_base.py::2793,0.153772
lib/matplotlib/axes/_base.py::2794,0.153772
lib/matplotlib/axes/_base.py::2795,0.153772
lib/matplotlib/axes/_base.py::2834,0.153772
lib/matplotlib/axes/_base.py::2836,0.153772
lib/matplotlib/axes/_base.py::2837,0.153772
lib/matplotlib/axes/_base.py::2838,0.153772
lib/matplotlib/axes/_base.py::2839,0.153772
lib/matplotlib/axes/_base.py::2840,0.153772
lib/matplotlib/axes/_base.py::3022,0.153772
lib/matplotlib/axes/_base.py::3023,0.153772
lib/matplotlib/axes/_base.py::3024,0.153772
lib/matplotlib/axes/_base.py::3025,0.153772
lib/matplotlib/axes/_base.py::3026,0.153772
lib/matplotlib/axes/_base.py::3027,0.153772
lib/matplotlib/axes/_base.py::3028,0.153772
lib/matplotlib/axes/_base.py::3029,0.153772
lib/matplotlib/axes/_base.py::3030,0.153772
lib/matplotlib/axes/_base.py::3031,0.153772
lib/matplotlib/axes/_base.py::3032,0.153772
lib/matplotlib/axes/_base.py::3033,0.153772
lib/matplotlib/axes/_base.py::3034,0.153772
lib/matplotlib/axes/_base.py::3035,0.153772
lib/matplotlib/axes/_base.py::3036,0.153772
lib/matplotlib/axes/_base.py::3053,0.153772
lib/matplotlib/axes/_base.py::3054,0.153772
lib/matplotlib/axes/_base.py::3165,0.153772
lib/matplotlib/axes/_base.py::3166,0.153772
lib/matplotlib/axes/_base.py::3167,0.153772
lib/matplotlib/axes/_base.py::3168,0.153772
lib/matplotlib/axes/_base.py::3170,0.153772
lib/matplotlib/axes/_base.py::3240,0.153772
lib/matplotlib/axes/_base.py::3242,0.153772
lib/matplotlib/axes/_base.py::3246,0.153772
lib/matplotlib/axes/_base.py::3251,0.153772
lib/matplotlib/axes/_base.py::3252,0.153772
lib/matplotlib/axes/_base.py::3253,0.153772
lib/matplotlib/axes/_base.py::3255,0.153772
lib/matplotlib/axes/_base.py::3264,0.153772
lib/matplotlib/axes/_base.py::3280,0.153772
lib/matplotlib/axes/_base.py::3284,0.153772
lib/matplotlib/axes/_base.py::3285,0.153772
lib/matplotlib/axes/_base.py::3286,0.153772
lib/matplotlib/axes/_base.py::3288,0.153772
lib/matplotlib/axes/_base.py::3290,0.153772
lib/matplotlib/axes/_base.py::3291,0.153772
lib/matplotlib/axes/_base.py::3292,0.153772
lib/matplotlib/axes/_base.py::3294,0.153772
lib/matplotlib/axes/_base.py::3295,0.153772
lib/matplotlib/axes/_base.py::3297,0.153772
lib/matplotlib/axes/_base.py::3298,0.153772
lib/matplotlib/axes/_base.py::3303,0.153772
lib/matplotlib/axes/_base.py::3304,0.153772
lib/matplotlib/axes/_base.py::3314,0.153772
lib/matplotlib/axes/_base.py::3633,0.153772
lib/matplotlib/axes/_base.py::3635,0.153772
lib/matplotlib/axes/_base.py::3639,0.153772
lib/matplotlib/axes/_base.py::3644,0.153772
lib/matplotlib/axes/_base.py::3645,0.153772
lib/matplotlib/axes/_base.py::3646,0.153772
lib/matplotlib/axes/_base.py::3648,0.153772
lib/matplotlib/axes/_base.py::3657,0.153772
lib/matplotlib/axes/_base.py::3673,0.153772
lib/matplotlib/axes/_base.py::3678,0.153772
lib/matplotlib/axes/_base.py::3679,0.153772
lib/matplotlib/axes/_base.py::3680,0.153772
lib/matplotlib/axes/_base.py::3682,0.153772
lib/matplotlib/axes/_base.py::3684,0.153772
lib/matplotlib/axes/_base.py::3685,0.153772
lib/matplotlib/axes/_base.py::3686,0.153772
lib/matplotlib/axes/_base.py::3688,0.153772
lib/matplotlib/axes/_base.py::3689,0.153772
lib/matplotlib/axes/_base.py::3691,0.153772
lib/matplotlib/axes/_base.py::3692,0.153772
lib/matplotlib/axes/_base.py::3697,0.153772
lib/matplotlib/axes/_base.py::3698,0.153772
lib/matplotlib/axes/_base.py::3708,0.153772
lib/matplotlib/axes/_base.py::3968,0.153772
lib/matplotlib/axes/_base.py::3984,0.153772
lib/matplotlib/axes/_base.py::420,0.153772
lib/matplotlib/axes/_base.py::421,0.153772
lib/matplotlib/axes/_base.py::422,0.153772
lib/matplotlib/axes/_base.py::425,0.153772
lib/matplotlib/axes/_base.py::427,0.153772
lib/matplotlib/axes/_base.py::428,0.153772
lib/matplotlib/axes/_base.py::429,0.153772
lib/matplotlib/axes/_base.py::430,0.153772
lib/matplotlib/axes/_base.py::431,0.153772
lib/matplotlib/axes/_base.py::432,0.153772
lib/matplotlib/axes/_base.py::433,0.153772
lib/matplotlib/axes/_base.py::434,0.153772
lib/matplotlib/axes/_base.py::435,0.153772
lib/matplotlib/axes/_base.py::436,0.153772
lib/matplotlib/axes/_base.py::440,0.153772
lib/matplotlib/axes/_base.py::444,0.153772
lib/matplotlib/axes/_base.py::445,0.153772
lib/matplotlib/axes/_base.py::446,0.153772
lib/matplotlib/axes/_base.py::447,0.153772
lib/matplotlib/axes/_base.py::449,0.153772
lib/matplotlib/axes/_base.py::452,0.153772
lib/matplotlib/axes/_base.py::453,0.153772
lib/matplotlib/axes/_base.py::454,0.153772
lib/matplotlib/axes/_base.py::455,0.153772
lib/matplotlib/axes/_base.py::456,0.153772
lib/matplotlib/axes/_base.py::457,0.153772
lib/matplotlib/axes/_base.py::459,0.153772
lib/matplotlib/axes/_base.py::460,0.153772
lib/matplotlib/axes/_base.py::463,0.153772
lib/matplotlib/axes/_base.py::464,0.153772
lib/matplotlib/axes/_base.py::466,0.153772
lib/matplotlib/axes/_base.py::467,0.153772
lib/matplotlib/axes/_base.py::469,0.153772
lib/matplotlib/axes/_base.py::471,0.153772
lib/matplotlib/axes/_base.py::474,0.153772
lib/matplotlib/axes/_base.py::476,0.153772
lib/matplotlib/axes/_base.py::477,0.153772
lib/matplotlib/axes/_base.py::478,0.153772
lib/matplotlib/axes/_base.py::480,0.153772
lib/matplotlib/axes/_base.py::481,0.153772
lib/matplotlib/axes/_base.py::482,0.153772
lib/matplotlib/axes/_base.py::484,0.153772
lib/matplotlib/axes/_base.py::485,0.153772
lib/matplotlib/axes/_base.py::486,0.153772
lib/matplotlib/axes/_base.py::487,0.153772
lib/matplotlib/axes/_base.py::488,0.153772
lib/matplotlib/axes/_base.py::490,0.153772
lib/matplotlib/axes/_base.py::491,0.153772
lib/matplotlib/axes/_base.py::492,0.153772
lib/matplotlib/axes/_base.py::493,0.153772
lib/matplotlib/axes/_base.py::494,0.153772
lib/matplotlib/axes/_base.py::495,0.153772
lib/matplotlib/axes/_base.py::496,0.153772
lib/matplotlib/axes/_base.py::498,0.153772
lib/matplotlib/axes/_base.py::500,0.153772
lib/matplotlib/axes/_base.py::501,0.153772
lib/matplotlib/axes/_base.py::502,0.153772
lib/matplotlib/axes/_base.py::503,0.153772
lib/matplotlib/axes/_base.py::505,0.153772
lib/matplotlib/axes/_base.py::506,0.153772
lib/matplotlib/axes/_base.py::507,0.153772
lib/matplotlib/axes/_base.py::508,0.153772
lib/matplotlib/axes/_base.py::509,0.153772
lib/matplotlib/axes/_base.py::510,0.153772
lib/matplotlib/axes/_base.py::511,0.153772
lib/matplotlib/axes/_base.py::513,0.153772
lib/matplotlib/axes/_base.py::515,0.153772
lib/matplotlib/axes/_base.py::516,0.153772
lib/matplotlib/axes/_base.py::562,0.153772
lib/matplotlib/axes/_base.py::563,0.153772
lib/matplotlib/axes/_base.py::564,0.153772
lib/matplotlib/axes/_base.py::565,0.153772
lib/matplotlib/axes/_base.py::566,0.153772
lib/matplotlib/axes/_base.py::567,0.153772
lib/matplotlib/axes/_base.py::568,0.153772
lib/matplotlib/axes/_base.py::578,0.153772
lib/matplotlib/axes/_base.py::580,0.153772
lib/matplotlib/axes/_base.py::581,0.153772
lib/matplotlib/axes/_base.py::583,0.153772
lib/matplotlib/axes/_base.py::584,0.153772
lib/matplotlib/axes/_base.py::585,0.153772
lib/matplotlib/axes/_base.py::586,0.153772
lib/matplotlib/axes/_base.py::588,0.153772
lib/matplotlib/axes/_base.py::632,0.153772
lib/matplotlib/axes/_base.py::637,0.153772
lib/matplotlib/axes/_base.py::638,0.153772
lib/matplotlib/axes/_base.py::642,0.153772
lib/matplotlib/axes/_base.py::643,0.153772
lib/matplotlib/axes/_base.py::648,0.153772
lib/matplotlib/axes/_base.py::650,0.153772
lib/matplotlib/axes/_base.py::651,0.153772
lib/matplotlib/axes/_base.py::652,0.153772
lib/matplotlib/axes/_base.py::653,0.153772
lib/matplotlib/axes/_base.py::668,0.153772
lib/matplotlib/axes/_base.py::669,0.153772
lib/matplotlib/axes/_base.py::670,0.153772
lib/matplotlib/axes/_base.py::672,0.153772
lib/matplotlib/axes/_base.py::673,0.153772
lib/matplotlib/axes/_base.py::675,0.153772
lib/matplotlib/axes/_base.py::699,0.153772
lib/matplotlib/axes/_base.py::700,0.153772
lib/matplotlib/axes/_base.py::701,0.153772
lib/matplotlib/axes/_base.py::702,0.153772
lib/matplotlib/axes/_base.py::703,0.153772
lib/matplotlib/axes/_base.py::725,0.153772
lib/matplotlib/axes/_base.py::726,0.153772
lib/matplotlib/axes/_base.py::727,0.153772
lib/matplotlib/axes/_base.py::728,0.153772
lib/matplotlib/axes/_base.py::729,0.153772
lib/matplotlib/axes/_base.py::744,0.153772
lib/matplotlib/axes/_base.py::745,0.153772
lib/matplotlib/axes/_base.py::746,0.153772
lib/matplotlib/axes/_base.py::748,0.153772
lib/matplotlib/axes/_base.py::749,0.153772
lib/matplotlib/axes/_base.py::751,0.153772
lib/matplotlib/axes/_base.py::775,0.153772
lib/matplotlib/axes/_base.py::776,0.153772
lib/matplotlib/axes/_base.py::777,0.153772
lib/matplotlib/axes/_base.py::778,0.153772
lib/matplotlib/axes/_base.py::779,0.153772
lib/matplotlib/axes/_base.py::801,0.153772
lib/matplotlib/axes/_base.py::802,0.153772
lib/matplotlib/axes/_base.py::803,0.153772
lib/matplotlib/axes/_base.py::804,0.153772
lib/matplotlib/axes/_base.py::805,0.153772
lib/matplotlib/axes/_base.py::808,0.153772
lib/matplotlib/axes/_base.py::809,0.153772
lib/matplotlib/axes/_base.py::810,0.153772
lib/matplotlib/axes/_base.py::811,0.153772
lib/matplotlib/axes/_base.py::912,0.153772
lib/matplotlib/axes/_base.py::913,0.153772
lib/matplotlib/axes/_base.py::916,0.153772
lib/matplotlib/axes/_base.py::917,0.153772
lib/matplotlib/axes/_base.py::935,0.153772
lib/matplotlib/axes/_base.py::952,0.153772
lib/matplotlib/axes/_base.py::953,0.153772
lib/matplotlib/axes/_base.py::960,0.153772
lib/matplotlib/axes/_base.py::963,0.153772
lib/matplotlib/axes/_base.py::965,0.153772
lib/matplotlib/axes/_base.py::966,0.153772
lib/matplotlib/axes/_base.py::968,0.153772
lib/matplotlib/axes/_base.py::969,0.153772
lib/matplotlib/axes/_base.py::971,0.153772
lib/matplotlib/axes/_base.py::972,0.153772
lib/matplotlib/axes/_base.py::974,0.153772
lib/matplotlib/axes/_base.py::975,0.153772
lib/matplotlib/axes/_base.py::977,0.153772
lib/matplotlib/axes/_base.py::987,0.153772
lib/matplotlib/axes/_base.py::988,0.153772
lib/matplotlib/axes/_base.py::989,0.153772
lib/matplotlib/axes/_base.py::993,0.153772
lib/matplotlib/axes/_subplots.py::35,0.153772
lib/matplotlib/axes/_subplots.py::36,0.153772
lib/matplotlib/axes/_subplots.py::37,0.153772
lib/matplotlib/axes/_subplots.py::39,0.153772
lib/matplotlib/axes/_subplots.py::43,0.153772
lib/matplotlib/axes/_subplots.py::82,0.153772
lib/matplotlib/axes/_subplots.py::95,0.153772
lib/matplotlib/axes/_subplots.py::96,0.153772
lib/matplotlib/axis.py::101,0.153772
lib/matplotlib/axis.py::102,0.153772
lib/matplotlib/axis.py::104,0.153772
lib/matplotlib/axis.py::106,0.153772
lib/matplotlib/axis.py::107,0.153772
lib/matplotlib/axis.py::108,0.153772
lib/matplotlib/axis.py::110,0.153772
lib/matplotlib/axis.py::111,0.153772
lib/matplotlib/axis.py::112,0.153772
lib/matplotlib/axis.py::114,0.153772
lib/matplotlib/axis.py::115,0.153772
lib/matplotlib/axis.py::117,0.153772
lib/matplotlib/axis.py::118,0.153772
lib/matplotlib/axis.py::119,0.153772
lib/matplotlib/axis.py::121,0.153772
lib/matplotlib/axis.py::122,0.153772
lib/matplotlib/axis.py::124,0.153772
lib/matplotlib/axis.py::125,0.153772
lib/matplotlib/axis.py::127,0.153772
lib/matplotlib/axis.py::129,0.153772
lib/matplotlib/axis.py::130,0.153772
lib/matplotlib/axis.py::1304,0.153772
lib/matplotlib/axis.py::131,0.153772
lib/matplotlib/axis.py::133,0.153772
lib/matplotlib/axis.py::134,0.153772
lib/matplotlib/axis.py::136,0.153772
lib/matplotlib/axis.py::1368,0.153772
lib/matplotlib/axis.py::137,0.153772
lib/matplotlib/axis.py::1374,0.153772
lib/matplotlib/axis.py::1375,0.153772
lib/matplotlib/axis.py::1376,0.153772
lib/matplotlib/axis.py::1378,0.153772
lib/matplotlib/axis.py::138,0.153772
lib/matplotlib/axis.py::1385,0.153772
lib/matplotlib/axis.py::1386,0.153772
lib/matplotlib/axis.py::1389,0.153772
lib/matplotlib/axis.py::139,0.153772
lib/matplotlib/axis.py::1390,0.153772
lib/matplotlib/axis.py::1391,0.153772
lib/matplotlib/axis.py::1392,0.153772
lib/matplotlib/axis.py::140,0.153772
lib/matplotlib/axis.py::1400,0.153772
lib/matplotlib/axis.py::1401,0.153772
lib/matplotlib/axis.py::1402,0.153772
lib/matplotlib/axis.py::141,0.153772
lib/matplotlib/axis.py::142,0.153772
lib/matplotlib/axis.py::143,0.153772
lib/matplotlib/axis.py::144,0.153772
lib/matplotlib/axis.py::1450,0.153772
lib/matplotlib/axis.py::1454,0.153772
lib/matplotlib/axis.py::1455,0.153772
lib/matplotlib/axis.py::146,0.153772
lib/matplotlib/axis.py::1477,0.153772
lib/matplotlib/axis.py::1478,0.153772
lib/matplotlib/axis.py::148,0.153772
lib/matplotlib/axis.py::149,0.153772
lib/matplotlib/axis.py::150,0.153772
lib/matplotlib/axis.py::151,0.153772
lib/matplotlib/axis.py::1518,0.153772
lib/matplotlib/axis.py::1519,0.153772
lib/matplotlib/axis.py::1524,0.153772
lib/matplotlib/axis.py::1525,0.153772
lib/matplotlib/axis.py::1526,0.153772
lib/matplotlib/axis.py::1527,0.153772
lib/matplotlib/axis.py::153,0.153772
lib/matplotlib/axis.py::1537,0.153772
lib/matplotlib/axis.py::1538,0.153772
lib/matplotlib/axis.py::154,0.153772
lib/matplotlib/axis.py::1543,0.153772
lib/matplotlib/axis.py::1544,0.153772
lib/matplotlib/axis.py::1545,0.153772
lib/matplotlib/axis.py::1546,0.153772
lib/matplotlib/axis.py::155,0.153772
lib/matplotlib/axis.py::1556,0.153772
lib/matplotlib/axis.py::1557,0.153772
lib/matplotlib/axis.py::1558,0.153772
lib/matplotlib/axis.py::1559,0.153772
lib/matplotlib/axis.py::156,0.153772
lib/matplotlib/axis.py::1560,0.153772
lib/matplotlib/axis.py::1561,0.153772
lib/matplotlib/axis.py::1562,0.153772
lib/matplotlib/axis.py::1572,0.153772
lib/matplotlib/axis.py::1573,0.153772
lib/matplotlib/axis.py::1574,0.153772
lib/matplotlib/axis.py::1575,0.153772
lib/matplotlib/axis.py::1576,0.153772
lib/matplotlib/axis.py::1577,0.153772
lib/matplotlib/axis.py::1578,0.153772
lib/matplotlib/axis.py::158,0.153772
lib/matplotlib/axis.py::159,0.153772
lib/matplotlib/axis.py::160,0.153772
lib/matplotlib/axis.py::161,0.153772
lib/matplotlib/axis.py::162,0.153772
lib/matplotlib/axis.py::165,0.153772
lib/matplotlib/axis.py::166,0.153772
lib/matplotlib/axis.py::167,0.153772
lib/matplotlib/axis.py::168,0.153772
lib/matplotlib/axis.py::169,0.153772
lib/matplotlib/axis.py::170,0.153772
lib/matplotlib/axis.py::171,0.153772
lib/matplotlib/axis.py::172,0.153772
lib/matplotlib/axis.py::176,0.153772
lib/matplotlib/axis.py::177,0.153772
lib/matplotlib/axis.py::1812,0.153772
lib/matplotlib/axis.py::1815,0.153772
lib/matplotlib/axis.py::1816,0.153772
lib/matplotlib/axis.py::1817,0.153772
lib/matplotlib/axis.py::1818,0.153772
lib/matplotlib/axis.py::1819,0.153772
lib/matplotlib/axis.py::1821,0.153772
lib/matplotlib/axis.py::1822,0.153772
lib/matplotlib/axis.py::1823,0.153772
lib/matplotlib/axis.py::1824,0.153772
lib/matplotlib/axis.py::1825,0.153772
lib/matplotlib/axis.py::1826,0.153772
lib/matplotlib/axis.py::1827,0.153772
lib/matplotlib/axis.py::1828,0.153772
lib/matplotlib/axis.py::1830,0.153772
lib/matplotlib/axis.py::184,0.153772
lib/matplotlib/axis.py::185,0.153772
lib/matplotlib/axis.py::1852,0.153772
lib/matplotlib/axis.py::1853,0.153772
lib/matplotlib/axis.py::1855,0.153772
lib/matplotlib/axis.py::1856,0.153772
lib/matplotlib/axis.py::186,0.153772
lib/matplotlib/axis.py::188,0.153772
lib/matplotlib/axis.py::196,0.153772
lib/matplotlib/axis.py::199,0.153772
lib/matplotlib/axis.py::202,0.153772
lib/matplotlib/axis.py::203,0.153772
lib/matplotlib/axis.py::204,0.153772
lib/matplotlib/axis.py::205,0.153772
lib/matplotlib/axis.py::2059,0.153772
lib/matplotlib/axis.py::2103,0.153772
lib/matplotlib/axis.py::2106,0.153772
lib/matplotlib/axis.py::2107,0.153772
lib/matplotlib/axis.py::2108,0.153772
lib/matplotlib/axis.py::2109,0.153772
lib/matplotlib/axis.py::2110,0.153772
lib/matplotlib/axis.py::2111,0.153772
lib/matplotlib/axis.py::2113,0.153772
lib/matplotlib/axis.py::2115,0.153772
lib/matplotlib/axis.py::2116,0.153772
lib/matplotlib/axis.py::2117,0.153772
lib/matplotlib/axis.py::2118,0.153772
lib/matplotlib/axis.py::2119,0.153772
lib/matplotlib/axis.py::2120,0.153772
lib/matplotlib/axis.py::2121,0.153772
lib/matplotlib/axis.py::2123,0.153772
lib/matplotlib/axis.py::2147,0.153772
lib/matplotlib/axis.py::2148,0.153772
lib/matplotlib/axis.py::2150,0.153772
lib/matplotlib/axis.py::2151,0.153772
lib/matplotlib/axis.py::216,0.153772
lib/matplotlib/axis.py::217,0.153772
lib/matplotlib/axis.py::218,0.153772
lib/matplotlib/axis.py::220,0.153772
lib/matplotlib/axis.py::229,0.153772
lib/matplotlib/axis.py::230,0.153772
lib/matplotlib/axis.py::231,0.153772
lib/matplotlib/axis.py::2348,0.153772
lib/matplotlib/axis.py::319,0.153772
lib/matplotlib/axis.py::328,0.153772
lib/matplotlib/axis.py::329,0.153772
lib/matplotlib/axis.py::330,0.153772
lib/matplotlib/axis.py::331,0.153772
lib/matplotlib/axis.py::332,0.153772
lib/matplotlib/axis.py::333,0.153772
lib/matplotlib/axis.py::334,0.153772
lib/matplotlib/axis.py::335,0.153772
lib/matplotlib/axis.py::354,0.153772
lib/matplotlib/axis.py::355,0.153772
lib/matplotlib/axis.py::356,0.153772
lib/matplotlib/axis.py::357,0.153772
lib/matplotlib/axis.py::360,0.153772
lib/matplotlib/axis.py::365,0.153772
lib/matplotlib/axis.py::367,0.153772
lib/matplotlib/axis.py::368,0.153772
lib/matplotlib/axis.py::369,0.153772
lib/matplotlib/axis.py::376,0.153772
lib/matplotlib/axis.py::378,0.153772
lib/matplotlib/axis.py::379,0.153772
lib/matplotlib/axis.py::401,0.153772
lib/matplotlib/axis.py::403,0.153772
lib/matplotlib/axis.py::404,0.153772
lib/matplotlib/axis.py::405,0.153772
lib/matplotlib/axis.py::406,0.153772
lib/matplotlib/axis.py::408,0.153772
lib/matplotlib/axis.py::409,0.153772
lib/matplotlib/axis.py::410,0.153772
lib/matplotlib/axis.py::411,0.153772
lib/matplotlib/axis.py::413,0.153772
lib/matplotlib/axis.py::414,0.153772
lib/matplotlib/axis.py::415,0.153772
lib/matplotlib/axis.py::418,0.153772
lib/matplotlib/axis.py::419,0.153772
lib/matplotlib/axis.py::420,0.153772
lib/matplotlib/axis.py::421,0.153772
lib/matplotlib/axis.py::423,0.153772
lib/matplotlib/axis.py::424,0.153772
lib/matplotlib/axis.py::425,0.153772
lib/matplotlib/axis.py::426,0.153772
lib/matplotlib/axis.py::430,0.153772
lib/matplotlib/axis.py::433,0.153772
lib/matplotlib/axis.py::437,0.153772
lib/matplotlib/axis.py::438,0.153772
lib/matplotlib/axis.py::439,0.153772
lib/matplotlib/axis.py::440,0.153772
lib/matplotlib/axis.py::442,0.153772
lib/matplotlib/axis.py::448,0.153772
lib/matplotlib/axis.py::449,0.153772
lib/matplotlib/axis.py::453,0.153772
lib/matplotlib/axis.py::454,0.153772
lib/matplotlib/axis.py::455,0.153772
lib/matplotlib/axis.py::456,0.153772
lib/matplotlib/axis.py::457,0.153772
lib/matplotlib/axis.py::458,0.153772
lib/matplotlib/axis.py::459,0.153772
lib/matplotlib/axis.py::474,0.153772
lib/matplotlib/axis.py::476,0.153772
lib/matplotlib/axis.py::477,0.153772
lib/matplotlib/axis.py::478,0.153772
lib/matplotlib/axis.py::479,0.153772
lib/matplotlib/axis.py::481,0.153772
lib/matplotlib/axis.py::482,0.153772
lib/matplotlib/axis.py::483,0.153772
lib/matplotlib/axis.py::484,0.153772
lib/matplotlib/axis.py::486,0.153772
lib/matplotlib/axis.py::487,0.153772
lib/matplotlib/axis.py::488,0.153772
lib/matplotlib/axis.py::491,0.153772
lib/matplotlib/axis.py::492,0.153772
lib/matplotlib/axis.py::493,0.153772
lib/matplotlib/axis.py::494,0.153772
lib/matplotlib/axis.py::496,0.153772
lib/matplotlib/axis.py::497,0.153772
lib/matplotlib/axis.py::498,0.153772
lib/matplotlib/axis.py::499,0.153772
lib/matplotlib/axis.py::503,0.153772
lib/matplotlib/axis.py::506,0.153772
lib/matplotlib/axis.py::509,0.153772
lib/matplotlib/axis.py::510,0.153772
lib/matplotlib/axis.py::511,0.153772
lib/matplotlib/axis.py::513,0.153772
lib/matplotlib/axis.py::519,0.153772
lib/matplotlib/axis.py::520,0.153772
lib/matplotlib/axis.py::524,0.153772
lib/matplotlib/axis.py::525,0.153772
lib/matplotlib/axis.py::526,0.153772
lib/matplotlib/axis.py::527,0.153772
lib/matplotlib/axis.py::528,0.153772
lib/matplotlib/axis.py::529,0.153772
lib/matplotlib/axis.py::530,0.153772
lib/matplotlib/axis.py::550,0.153772
lib/matplotlib/axis.py::551,0.153772
lib/matplotlib/axis.py::555,0.153772
lib/matplotlib/axis.py::559,0.153772
lib/matplotlib/axis.py::564,0.153772
lib/matplotlib/axis.py::568,0.153772
lib/matplotlib/axis.py::572,0.153772
lib/matplotlib/axis.py::577,0.153772
lib/matplotlib/axis.py::592,0.153772
lib/matplotlib/axis.py::600,0.153772
lib/matplotlib/axis.py::601,0.153772
lib/matplotlib/axis.py::602,0.153772
lib/matplotlib/axis.py::603,0.153772
lib/matplotlib/axis.py::604,0.153772
lib/matplotlib/axis.py::606,0.153772
lib/matplotlib/axis.py::607,0.153772
lib/matplotlib/axis.py::608,0.153772
lib/matplotlib/axis.py::609,0.153772
lib/matplotlib/axis.py::658,0.153772
lib/matplotlib/axis.py::659,0.153772
lib/matplotlib/axis.py::661,0.153772
lib/matplotlib/axis.py::663,0.153772
lib/matplotlib/axis.py::665,0.153772
lib/matplotlib/axis.py::666,0.153772
lib/matplotlib/axis.py::667,0.153772
lib/matplotlib/axis.py::668,0.153772
lib/matplotlib/axis.py::670,0.153772
lib/matplotlib/axis.py::671,0.153772
lib/matplotlib/axis.py::673,0.153772
lib/matplotlib/axis.py::674,0.153772
lib/matplotlib/axis.py::675,0.153772
lib/matplotlib/axis.py::676,0.153772
lib/matplotlib/axis.py::677,0.153772
lib/matplotlib/axis.py::679,0.153772
lib/matplotlib/axis.py::680,0.153772
lib/matplotlib/axis.py::681,0.153772
lib/matplotlib/axis.py::683,0.153772
lib/matplotlib/axis.py::685,0.153772
lib/matplotlib/axis.py::688,0.153772
lib/matplotlib/axis.py::689,0.153772
lib/matplotlib/axis.py::691,0.153772
lib/matplotlib/axis.py::692,0.153772
lib/matplotlib/axis.py::732,0.153772
lib/matplotlib/axis.py::735,0.153772
lib/matplotlib/axis.py::738,0.153772
lib/matplotlib/axis.py::739,0.153772
lib/matplotlib/axis.py::741,0.153772
lib/matplotlib/axis.py::742,0.153772
lib/matplotlib/axis.py::743,0.153772
lib/matplotlib/axis.py::744,0.153772
lib/matplotlib/axis.py::747,0.153772
lib/matplotlib/axis.py::756,0.153772
lib/matplotlib/axis.py::758,0.153772
lib/matplotlib/axis.py::761,0.153772
lib/matplotlib/axis.py::765,0.153772
lib/matplotlib/axis.py::768,0.153772
lib/matplotlib/axis.py::771,0.153772
lib/matplotlib/axis.py::773,0.153772
lib/matplotlib/axis.py::774,0.153772
lib/matplotlib/axis.py::775,0.153772
lib/matplotlib/axis.py::776,0.153772
lib/matplotlib/axis.py::785,0.153772
lib/matplotlib/axis.py::786,0.153772
lib/matplotlib/axis.py::787,0.153772
lib/matplotlib/axis.py::788,0.153772
lib/matplotlib/axis.py::789,0.153772
lib/matplotlib/axis.py::790,0.153772
lib/matplotlib/axis.py::791,0.153772
lib/matplotlib/axis.py::792,0.153772
lib/matplotlib/axis.py::793,0.153772
lib/matplotlib/axis.py::794,0.153772
lib/matplotlib/axis.py::795,0.153772
lib/matplotlib/axis.py::796,0.153772
lib/matplotlib/axis.py::805,0.153772
lib/matplotlib/axis.py::806,0.153772
lib/matplotlib/axis.py::810,0.153772
lib/matplotlib/axis.py::819,0.153772
lib/matplotlib/axis.py::820,0.153772
lib/matplotlib/axis.py::821,0.153772
lib/matplotlib/axis.py::822,0.153772
lib/matplotlib/axis.py::823,0.153772
lib/matplotlib/axis.py::824,0.153772
lib/matplotlib/axis.py::825,0.153772
lib/matplotlib/axis.py::826,0.153772
lib/matplotlib/axis.py::828,0.153772
lib/matplotlib/axis.py::831,0.153772
lib/matplotlib/axis.py::836,0.153772
lib/matplotlib/axis.py::837,0.153772
lib/matplotlib/axis.py::838,0.153772
lib/matplotlib/axis.py::839,0.153772
lib/matplotlib/axis.py::84,0.153772
lib/matplotlib/axis.py::840,0.153772
lib/matplotlib/axis.py::841,0.153772
lib/matplotlib/axis.py::842,0.153772
lib/matplotlib/axis.py::843,0.153772
lib/matplotlib/axis.py::845,0.153772
lib/matplotlib/axis.py::847,0.153772
lib/matplotlib/axis.py::849,0.153772
lib/matplotlib/axis.py::850,0.153772
lib/matplotlib/axis.py::851,0.153772
lib/matplotlib/axis.py::852,0.153772
lib/matplotlib/axis.py::853,0.153772
lib/matplotlib/axis.py::854,0.153772
lib/matplotlib/axis.py::855,0.153772
lib/matplotlib/axis.py::856,0.153772
lib/matplotlib/axis.py::857,0.153772
lib/matplotlib/axis.py::858,0.153772
lib/matplotlib/axis.py::859,0.153772
lib/matplotlib/axis.py::86,0.153772
lib/matplotlib/axis.py::860,0.153772
lib/matplotlib/axis.py::861,0.153772
lib/matplotlib/axis.py::862,0.153772
lib/matplotlib/axis.py::863,0.153772
lib/matplotlib/axis.py::864,0.153772
lib/matplotlib/axis.py::865,0.153772
lib/matplotlib/axis.py::87,0.153772
lib/matplotlib/axis.py::870,0.153772
lib/matplotlib/axis.py::871,0.153772
lib/matplotlib/axis.py::875,0.153772
lib/matplotlib/axis.py::876,0.153772
lib/matplotlib/axis.py::879,0.153772
lib/matplotlib/axis.py::880,0.153772
lib/matplotlib/axis.py::881,0.153772
lib/matplotlib/axis.py::882,0.153772
lib/matplotlib/axis.py::90,0.153772
lib/matplotlib/axis.py::91,0.153772
lib/matplotlib/axis.py::94,0.153772
lib/matplotlib/axis.py::96,0.153772
lib/matplotlib/axis.py::960,0.153772
lib/matplotlib/axis.py::962,0.153772
lib/matplotlib/axis.py::97,0.153772
lib/matplotlib/axis.py::99,0.153772
lib/matplotlib/backend_bases.py::2581,0.153772
lib/matplotlib/cbook/__init__.py::1564,0.153772
lib/matplotlib/cbook/__init__.py::1606,0.153772
lib/matplotlib/cbook/__init__.py::1618,0.153772
lib/matplotlib/cbook/__init__.py::1680,0.153772
lib/matplotlib/cbook/__init__.py::1683,0.153772
lib/matplotlib/cbook/__init__.py::1685,0.153772
lib/matplotlib/cbook/__init__.py::1686,0.153772
lib/matplotlib/cbook/__init__.py::1687,0.153772
lib/matplotlib/cbook/__init__.py::1690,0.153772
lib/matplotlib/cbook/__init__.py::1692,0.153772
lib/matplotlib/cbook/__init__.py::1695,0.153772
lib/matplotlib/cbook/__init__.py::1699,0.153772
lib/matplotlib/cbook/__init__.py::1700,0.153772
lib/matplotlib/cbook/__init__.py::1701,0.153772
lib/matplotlib/cbook/__init__.py::1702,0.153772
lib/matplotlib/cbook/__init__.py::1703,0.153772
lib/matplotlib/cbook/__init__.py::1705,0.153772
lib/matplotlib/cbook/__init__.py::1706,0.153772
lib/matplotlib/cbook/__init__.py::1708,0.153772
lib/matplotlib/cbook/__init__.py::1709,0.153772
lib/matplotlib/cbook/__init__.py::1710,0.153772
lib/matplotlib/cbook/__init__.py::1711,0.153772
lib/matplotlib/cbook/__init__.py::1712,0.153772
lib/matplotlib/cbook/__init__.py::1713,0.153772
lib/matplotlib/cbook/__init__.py::1716,0.153772
lib/matplotlib/cbook/__init__.py::1717,0.153772
lib/matplotlib/cbook/__init__.py::1718,0.153772
lib/matplotlib/cbook/__init__.py::1725,0.153772
lib/matplotlib/cbook/__init__.py::1727,0.153772
lib/matplotlib/cbook/__init__.py::1728,0.153772
lib/matplotlib/cbook/__init__.py::1732,0.153772
lib/matplotlib/cbook/__init__.py::1733,0.153772
lib/matplotlib/cbook/__init__.py::1737,0.153772
lib/matplotlib/cbook/__init__.py::1746,0.153772
lib/matplotlib/cbook/__init__.py::2061,0.153772
lib/matplotlib/cbook/__init__.py::222,0.153772
lib/matplotlib/cbook/__init__.py::223,0.153772
lib/matplotlib/cbook/__init__.py::224,0.153772
lib/matplotlib/cbook/__init__.py::225,0.153772
lib/matplotlib/cbook/__init__.py::583,0.153772
lib/matplotlib/cbook/__init__.py::584,0.153772
lib/matplotlib/cbook/__init__.py::585,0.153772
lib/matplotlib/cbook/__init__.py::616,0.153772
lib/matplotlib/cbook/__init__.py::618,0.153772
lib/matplotlib/cbook/__init__.py::619,0.153772
lib/matplotlib/cbook/__init__.py::620,0.153772
lib/matplotlib/cbook/__init__.py::621,0.153772
lib/matplotlib/cbook/__init__.py::622,0.153772
lib/matplotlib/cbook/__init__.py::623,0.153772
lib/matplotlib/cbook/__init__.py::626,0.153772
lib/matplotlib/cbook/__init__.py::627,0.153772
lib/matplotlib/cbook/__init__.py::628,0.153772
lib/matplotlib/cbook/__init__.py::805,0.153772
lib/matplotlib/cbook/__init__.py::806,0.153772
lib/matplotlib/cbook/__init__.py::807,0.153772
lib/matplotlib/cbook/__init__.py::854,0.153772
lib/matplotlib/cbook/__init__.py::855,0.153772
lib/matplotlib/cbook/__init__.py::856,0.153772
lib/matplotlib/cbook/__init__.py::94,0.153772
lib/matplotlib/figure.py::103,0.153772
lib/matplotlib/figure.py::1054,0.153772
lib/matplotlib/figure.py::1057,0.153772
lib/matplotlib/figure.py::1058,0.153772
lib/matplotlib/figure.py::1068,0.153772
lib/matplotlib/figure.py::1070,0.153772
lib/matplotlib/figure.py::1071,0.153772
lib/matplotlib/figure.py::1072,0.153772
lib/matplotlib/figure.py::1073,0.153772
lib/matplotlib/figure.py::1075,0.153772
lib/matplotlib/figure.py::1076,0.153772
lib/matplotlib/figure.py::1078,0.153772
lib/matplotlib/figure.py::1079,0.153772
lib/matplotlib/figure.py::1090,0.153772
lib/matplotlib/figure.py::1098,0.153772
lib/matplotlib/figure.py::1099,0.153772
lib/matplotlib/figure.py::1109,0.153772
lib/matplotlib/figure.py::1111,0.153772
lib/matplotlib/figure.py::116,0.153772
lib/matplotlib/figure.py::117,0.153772
lib/matplotlib/figure.py::118,0.153772
lib/matplotlib/figure.py::122,0.153772
lib/matplotlib/figure.py::123,0.153772
lib/matplotlib/figure.py::129,0.153772
lib/matplotlib/figure.py::131,0.153772
lib/matplotlib/figure.py::132,0.153772
lib/matplotlib/figure.py::1351,0.153772
lib/matplotlib/figure.py::1357,0.153772
lib/matplotlib/figure.py::1358,0.153772
lib/matplotlib/figure.py::1383,0.153772
lib/matplotlib/figure.py::1393,0.153772
lib/matplotlib/figure.py::1396,0.153772
lib/matplotlib/figure.py::1398,0.153772
lib/matplotlib/figure.py::140,0.153772
lib/matplotlib/figure.py::1411,0.153772
lib/matplotlib/figure.py::1413,0.153772
lib/matplotlib/figure.py::1417,0.153772
lib/matplotlib/figure.py::1418,0.153772
lib/matplotlib/figure.py::1419,0.153772
lib/matplotlib/figure.py::1420,0.153772
lib/matplotlib/figure.py::1421,0.153772
lib/matplotlib/figure.py::1422,0.153772
lib/matplotlib/figure.py::143,0.153772
lib/matplotlib/figure.py::144,0.153772
lib/matplotlib/figure.py::147,0.153772
lib/matplotlib/figure.py::150,0.153772
lib/matplotlib/figure.py::1931,0.153772
lib/matplotlib/figure.py::1932,0.153772
lib/matplotlib/figure.py::1933,0.153772
lib/matplotlib/figure.py::77,0.153772
lib/matplotlib/figure.py::78,0.153772
lib/matplotlib/figure.py::79,0.153772
lib/matplotlib/figure.py::91,0.153772
lib/matplotlib/figure.py::92,0.153772
lib/matplotlib/gridspec.py::100,0.153772
lib/matplotlib/gridspec.py::103,0.153772
lib/matplotlib/gridspec.py::120,0.153772
lib/matplotlib/gridspec.py::123,0.153772
lib/matplotlib/gridspec.py::154,0.153772
lib/matplotlib/gridspec.py::156,0.153772
lib/matplotlib/gridspec.py::164,0.153772
lib/matplotlib/gridspec.py::165,0.153772
lib/matplotlib/gridspec.py::166,0.153772
lib/matplotlib/gridspec.py::167,0.153772
lib/matplotlib/gridspec.py::168,0.153772
lib/matplotlib/gridspec.py::169,0.153772
lib/matplotlib/gridspec.py::170,0.153772
lib/matplotlib/gridspec.py::171,0.153772
lib/matplotlib/gridspec.py::172,0.153772
lib/matplotlib/gridspec.py::175,0.153772
lib/matplotlib/gridspec.py::176,0.153772
lib/matplotlib/gridspec.py::177,0.153772
lib/matplotlib/gridspec.py::181,0.153772
lib/matplotlib/gridspec.py::182,0.153772
lib/matplotlib/gridspec.py::183,0.153772
lib/matplotlib/gridspec.py::186,0.153772
lib/matplotlib/gridspec.py::187,0.153772
lib/matplotlib/gridspec.py::188,0.153772
lib/matplotlib/gridspec.py::192,0.153772
lib/matplotlib/gridspec.py::193,0.153772
lib/matplotlib/gridspec.py::194,0.153772
lib/matplotlib/gridspec.py::196,0.153772
lib/matplotlib/gridspec.py::197,0.153772
lib/matplotlib/gridspec.py::198,0.153772
lib/matplotlib/gridspec.py::202,0.153772
lib/matplotlib/gridspec.py::204,0.153772
lib/matplotlib/gridspec.py::205,0.153772
lib/matplotlib/gridspec.py::206,0.153772
lib/matplotlib/gridspec.py::213,0.153772
lib/matplotlib/gridspec.py::215,0.153772
lib/matplotlib/gridspec.py::216,0.153772
lib/matplotlib/gridspec.py::224,0.153772
lib/matplotlib/gridspec.py::235,0.153772
lib/matplotlib/gridspec.py::288,0.153772
lib/matplotlib/gridspec.py::289,0.153772
lib/matplotlib/gridspec.py::290,0.153772
lib/matplotlib/gridspec.py::291,0.153772
lib/matplotlib/gridspec.py::292,0.153772
lib/matplotlib/gridspec.py::293,0.153772
lib/matplotlib/gridspec.py::294,0.153772
lib/matplotlib/gridspec.py::296,0.153772
lib/matplotlib/gridspec.py::297,0.153772
lib/matplotlib/gridspec.py::298,0.153772
lib/matplotlib/gridspec.py::300,0.153772
lib/matplotlib/gridspec.py::376,0.153772
lib/matplotlib/gridspec.py::380,0.153772
lib/matplotlib/gridspec.py::382,0.153772
lib/matplotlib/gridspec.py::384,0.153772
lib/matplotlib/gridspec.py::46,0.153772
lib/matplotlib/gridspec.py::47,0.153772
lib/matplotlib/gridspec.py::48,0.153772
lib/matplotlib/gridspec.py::509,0.153772
lib/matplotlib/gridspec.py::510,0.153772
lib/matplotlib/gridspec.py::511,0.153772
lib/matplotlib/gridspec.py::512,0.153772
lib/matplotlib/gridspec.py::538,0.153772
lib/matplotlib/gridspec.py::577,0.153772
lib/matplotlib/gridspec.py::581,0.153772
lib/matplotlib/gridspec.py::597,0.153772
lib/matplotlib/gridspec.py::638,0.153772
lib/matplotlib/gridspec.py::639,0.153772
lib/matplotlib/gridspec.py::640,0.153772
lib/matplotlib/gridspec.py::642,0.153772
lib/matplotlib/gridspec.py::644,0.153772
lib/matplotlib/gridspec.py::645,0.153772
lib/matplotlib/gridspec.py::646,0.153772
lib/matplotlib/gridspec.py::647,0.153772
lib/matplotlib/gridspec.py::648,0.153772
lib/matplotlib/gridspec.py::650,0.153772
lib/matplotlib/gridspec.py::651,0.153772
lib/matplotlib/gridspec.py::71,0.153772
lib/matplotlib/lines.py::1017,0.153772
lib/matplotlib/lines.py::1018,0.153772
lib/matplotlib/lines.py::1019,0.153772
lib/matplotlib/lines.py::1037,0.153772
lib/matplotlib/lines.py::1038,0.153772
lib/matplotlib/lines.py::1039,0.153772
lib/matplotlib/lines.py::1049,0.153772
lib/matplotlib/lines.py::1050,0.153772
lib/matplotlib/lines.py::1078,0.153772
lib/matplotlib/lines.py::1080,0.153772
lib/matplotlib/lines.py::1081,0.153772
lib/matplotlib/lines.py::1082,0.153772
lib/matplotlib/lines.py::1084,0.153772
lib/matplotlib/lines.py::1085,0.153772
lib/matplotlib/lines.py::1096,0.153772
lib/matplotlib/lines.py::1098,0.153772
lib/matplotlib/lines.py::1100,0.153772
lib/matplotlib/lines.py::1102,0.153772
lib/matplotlib/lines.py::1103,0.153772
lib/matplotlib/lines.py::1126,0.153772
lib/matplotlib/lines.py::1127,0.153772
lib/matplotlib/lines.py::1136,0.153772
lib/matplotlib/lines.py::1169,0.153772
lib/matplotlib/lines.py::1170,0.153772
lib/matplotlib/lines.py::1171,0.153772
lib/matplotlib/lines.py::1174,0.153772
lib/matplotlib/lines.py::1175,0.153772
lib/matplotlib/lines.py::1177,0.153772
lib/matplotlib/lines.py::1178,0.153772
lib/matplotlib/lines.py::1180,0.153772
lib/matplotlib/lines.py::1185,0.153772
lib/matplotlib/lines.py::1187,0.153772
lib/matplotlib/lines.py::1188,0.153772
lib/matplotlib/lines.py::1201,0.153772
lib/matplotlib/lines.py::1202,0.153772
lib/matplotlib/lines.py::1212,0.153772
lib/matplotlib/lines.py::1214,0.153772
lib/matplotlib/lines.py::1216,0.153772
lib/matplotlib/lines.py::1217,0.153772
lib/matplotlib/lines.py::1228,0.153772
lib/matplotlib/lines.py::1229,0.153772
lib/matplotlib/lines.py::1230,0.153772
lib/matplotlib/lines.py::1231,0.153772
lib/matplotlib/lines.py::1232,0.153772
lib/matplotlib/lines.py::1242,0.153772
lib/matplotlib/lines.py::1244,0.153772
lib/matplotlib/lines.py::1245,0.153772
lib/matplotlib/lines.py::1246,0.153772
lib/matplotlib/lines.py::1256,0.153772
lib/matplotlib/lines.py::1258,0.153772
lib/matplotlib/lines.py::1259,0.153772
lib/matplotlib/lines.py::1260,0.153772
lib/matplotlib/lines.py::1271,0.153772
lib/matplotlib/lines.py::1272,0.153772
lib/matplotlib/lines.py::1273,0.153772
lib/matplotlib/lines.py::1274,0.153772
lib/matplotlib/lines.py::1284,0.153772
lib/matplotlib/lines.py::1285,0.153772
lib/matplotlib/lines.py::1286,0.153772
lib/matplotlib/lines.py::1296,0.153772
lib/matplotlib/lines.py::1297,0.153772
lib/matplotlib/lines.py::1298,0.153772
lib/matplotlib/lines.py::1355,0.153772
lib/matplotlib/lines.py::1356,0.153772
lib/matplotlib/lines.py::1357,0.153772
lib/matplotlib/lines.py::1358,0.153772
lib/matplotlib/lines.py::1369,0.153772
lib/matplotlib/lines.py::1370,0.153772
lib/matplotlib/lines.py::1371,0.153772
lib/matplotlib/lines.py::1372,0.153772
lib/matplotlib/lines.py::1399,0.153772
lib/matplotlib/lines.py::1400,0.153772
lib/matplotlib/lines.py::1401,0.153772
lib/matplotlib/lines.py::1402,0.153772
lib/matplotlib/lines.py::1413,0.153772
lib/matplotlib/lines.py::1414,0.153772
lib/matplotlib/lines.py::1415,0.153772
lib/matplotlib/lines.py::1416,0.153772
lib/matplotlib/lines.py::304,0.153772
lib/matplotlib/lines.py::307,0.153772
lib/matplotlib/lines.py::309,0.153772
lib/matplotlib/lines.py::312,0.153772
lib/matplotlib/lines.py::313,0.153772
lib/matplotlib/lines.py::315,0.153772
lib/matplotlib/lines.py::317,0.153772
lib/matplotlib/lines.py::318,0.153772
lib/matplotlib/lines.py::319,0.153772
lib/matplotlib/lines.py::320,0.153772
lib/matplotlib/lines.py::321,0.153772
lib/matplotlib/lines.py::322,0.153772
lib/matplotlib/lines.py::323,0.153772
lib/matplotlib/lines.py::326,0.153772
lib/matplotlib/lines.py::327,0.153772
lib/matplotlib/lines.py::328,0.153772
lib/matplotlib/lines.py::329,0.153772
lib/matplotlib/lines.py::330,0.153772
lib/matplotlib/lines.py::331,0.153772
lib/matplotlib/lines.py::332,0.153772
lib/matplotlib/lines.py::333,0.153772
lib/matplotlib/lines.py::334,0.153772
lib/matplotlib/lines.py::335,0.153772
lib/matplotlib/lines.py::336,0.153772
lib/matplotlib/lines.py::337,0.153772
lib/matplotlib/lines.py::339,0.153772
lib/matplotlib/lines.py::340,0.153772
lib/matplotlib/lines.py::341,0.153772
lib/matplotlib/lines.py::344,0.153772
lib/matplotlib/lines.py::346,0.153772
lib/matplotlib/lines.py::349,0.153772
lib/matplotlib/lines.py::350,0.153772
lib/matplotlib/lines.py::352,0.153772
lib/matplotlib/lines.py::353,0.153772
lib/matplotlib/lines.py::354,0.153772
lib/matplotlib/lines.py::355,0.153772
lib/matplotlib/lines.py::356,0.153772
lib/matplotlib/lines.py::357,0.153772
lib/matplotlib/lines.py::358,0.153772
lib/matplotlib/lines.py::359,0.153772
lib/matplotlib/lines.py::361,0.153772
lib/matplotlib/lines.py::362,0.153772
lib/matplotlib/lines.py::363,0.153772
lib/matplotlib/lines.py::366,0.153772
lib/matplotlib/lines.py::367,0.153772
lib/matplotlib/lines.py::370,0.153772
lib/matplotlib/lines.py::371,0.153772
lib/matplotlib/lines.py::373,0.153772
lib/matplotlib/lines.py::374,0.153772
lib/matplotlib/lines.py::375,0.153772
lib/matplotlib/lines.py::377,0.153772
lib/matplotlib/lines.py::378,0.153772
lib/matplotlib/lines.py::379,0.153772
lib/matplotlib/lines.py::381,0.153772
lib/matplotlib/lines.py::382,0.153772
lib/matplotlib/lines.py::383,0.153772
lib/matplotlib/lines.py::385,0.153772
lib/matplotlib/lines.py::386,0.153772
lib/matplotlib/lines.py::387,0.153772
lib/matplotlib/lines.py::389,0.153772
lib/matplotlib/lines.py::390,0.153772
lib/matplotlib/lines.py::391,0.153772
lib/matplotlib/lines.py::392,0.153772
lib/matplotlib/lines.py::394,0.153772
lib/matplotlib/lines.py::395,0.153772
lib/matplotlib/lines.py::396,0.153772
lib/matplotlib/lines.py::397,0.153772
lib/matplotlib/lines.py::401,0.153772
lib/matplotlib/lines.py::402,0.153772
lib/matplotlib/lines.py::403,0.153772
lib/matplotlib/lines.py::405,0.153772
lib/matplotlib/lines.py::406,0.153772
lib/matplotlib/lines.py::407,0.153772
lib/matplotlib/lines.py::408,0.153772
lib/matplotlib/lines.py::409,0.153772
lib/matplotlib/lines.py::410,0.153772
lib/matplotlib/lines.py::411,0.153772
lib/matplotlib/lines.py::412,0.153772
lib/matplotlib/lines.py::413,0.153772
lib/matplotlib/lines.py::414,0.153772
lib/matplotlib/lines.py::415,0.153772
lib/matplotlib/lines.py::417,0.153772
lib/matplotlib/lines.py::507,0.153772
lib/matplotlib/lines.py::509,0.153772
lib/matplotlib/lines.py::593,0.153772
lib/matplotlib/lines.py::595,0.153772
lib/matplotlib/lines.py::629,0.153772
lib/matplotlib/lines.py::630,0.153772
lib/matplotlib/lines.py::647,0.153772
lib/matplotlib/lines.py::650,0.153772
lib/matplotlib/lines.py::652,0.153772
lib/matplotlib/lines.py::653,0.153772
lib/matplotlib/lines.py::659,0.153772
lib/matplotlib/lines.py::660,0.153772
lib/matplotlib/lines.py::661,0.153772
lib/matplotlib/lines.py::664,0.153772
lib/matplotlib/lines.py::665,0.153772
lib/matplotlib/lines.py::666,0.153772
lib/matplotlib/lines.py::670,0.153772
lib/matplotlib/lines.py::671,0.153772
lib/matplotlib/lines.py::673,0.153772
lib/matplotlib/lines.py::674,0.153772
lib/matplotlib/lines.py::689,0.153772
lib/matplotlib/lines.py::692,0.153772
lib/matplotlib/lines.py::693,0.153772
lib/matplotlib/lines.py::694,0.153772
lib/matplotlib/lines.py::695,0.153772
lib/matplotlib/lines.py::696,0.153772
lib/matplotlib/lines.py::697,0.153772
lib/matplotlib/lines.py::698,0.153772
lib/matplotlib/lines.py::732,0.153772
lib/matplotlib/lines.py::733,0.153772
lib/matplotlib/lines.py::734,0.153772
lib/matplotlib/lines.py::735,0.153772
lib/matplotlib/markers.py::222,0.153772
lib/matplotlib/markers.py::223,0.153772
lib/matplotlib/markers.py::224,0.153772
lib/matplotlib/markers.py::227,0.153772
lib/matplotlib/markers.py::228,0.153772
lib/matplotlib/markers.py::229,0.153772
lib/matplotlib/markers.py::230,0.153772
lib/matplotlib/markers.py::231,0.153772
lib/matplotlib/markers.py::232,0.153772
lib/matplotlib/markers.py::233,0.153772
lib/matplotlib/markers.py::234,0.153772
lib/matplotlib/markers.py::235,0.153772
lib/matplotlib/markers.py::236,0.153772
lib/matplotlib/markers.py::237,0.153772
lib/matplotlib/markers.py::256,0.153772
lib/matplotlib/markers.py::257,0.153772
lib/matplotlib/markers.py::258,0.153772
lib/matplotlib/markers.py::259,0.153772
lib/matplotlib/markers.py::260,0.153772
lib/matplotlib/markers.py::272,0.153772
lib/matplotlib/markers.py::275,0.153772
lib/matplotlib/markers.py::277,0.153772
lib/matplotlib/markers.py::279,0.153772
lib/matplotlib/markers.py::282,0.153772
lib/matplotlib/markers.py::283,0.153772
lib/matplotlib/markers.py::284,0.153772
lib/matplotlib/markers.py::285,0.153772
lib/matplotlib/markers.py::296,0.153772
lib/matplotlib/markers.py::297,0.153772
lib/matplotlib/markers.py::298,0.153772
lib/matplotlib/markers.py::316,0.153772
lib/matplotlib/markers.py::699,0.153772
lib/matplotlib/markers.py::700,0.153772
lib/matplotlib/markers.py::701,0.153772
lib/matplotlib/markers.py::702,0.153772
lib/matplotlib/markers.py::705,0.153772
lib/matplotlib/markers.py::706,0.153772
lib/matplotlib/markers.py::707,0.153772
lib/matplotlib/markers.py::708,0.153772
lib/matplotlib/markers.py::713,0.153772
lib/matplotlib/markers.py::714,0.153772
lib/matplotlib/markers.py::715,0.153772
lib/matplotlib/markers.py::716,0.153772
lib/matplotlib/markers.py::719,0.153772
lib/matplotlib/markers.py::720,0.153772
lib/matplotlib/markers.py::721,0.153772
lib/matplotlib/markers.py::722,0.153772
lib/matplotlib/patches.py::316,0.153772
lib/matplotlib/patches.py::341,0.153772
lib/matplotlib/patches.py::61,0.153772
lib/matplotlib/path.py::143,0.153772
lib/matplotlib/projections/__init__.py::21,0.153772
lib/matplotlib/projections/__init__.py::50,0.153772
lib/matplotlib/projections/__init__.py::51,0.153772
lib/matplotlib/projections/__init__.py::53,0.153772
lib/matplotlib/projections/__init__.py::54,0.153772
lib/matplotlib/scale.py::104,0.153772
lib/matplotlib/scale.py::108,0.153772
lib/matplotlib/scale.py::109,0.153772
lib/matplotlib/scale.py::110,0.153772
lib/matplotlib/scale.py::112,0.153772
lib/matplotlib/scale.py::113,0.153772
lib/matplotlib/scale.py::116,0.153772
lib/matplotlib/scale.py::123,0.153772
lib/matplotlib/scale.py::57,0.153772
lib/matplotlib/scale.py::648,0.153772
lib/matplotlib/scale.py::649,0.153772
lib/matplotlib/scale.py::650,0.153772
lib/matplotlib/scale.py::88,0.153772
lib/matplotlib/spines.py::216,0.153772
lib/matplotlib/spines.py::218,0.153772
lib/matplotlib/spines.py::219,0.153772
lib/matplotlib/spines.py::229,0.153772
lib/matplotlib/spines.py::230,0.153772
lib/matplotlib/spines.py::231,0.153772
lib/matplotlib/spines.py::232,0.153772
lib/matplotlib/spines.py::236,0.153772
lib/matplotlib/spines.py::237,0.153772
lib/matplotlib/spines.py::238,0.153772
lib/matplotlib/spines.py::372,0.153772
lib/matplotlib/spines.py::375,0.153772
lib/matplotlib/spines.py::377,0.153772
lib/matplotlib/spines.py::380,0.153772
lib/matplotlib/spines.py::381,0.153772
lib/matplotlib/spines.py::382,0.153772
lib/matplotlib/spines.py::383,0.153772
lib/matplotlib/spines.py::384,0.153772
lib/matplotlib/spines.py::393,0.153772
lib/matplotlib/spines.py::395,0.153772
lib/matplotlib/spines.py::396,0.153772
lib/matplotlib/spines.py::401,0.153772
lib/matplotlib/spines.py::402,0.153772
lib/matplotlib/spines.py::403,0.153772
lib/matplotlib/spines.py::404,0.153772
lib/matplotlib/spines.py::405,0.153772
lib/matplotlib/spines.py::406,0.153772
lib/matplotlib/spines.py::407,0.153772
lib/matplotlib/spines.py::408,0.153772
lib/matplotlib/spines.py::412,0.153772
lib/matplotlib/spines.py::413,0.153772
lib/matplotlib/spines.py::414,0.153772
lib/matplotlib/spines.py::488,0.153772
lib/matplotlib/spines.py::489,0.153772
lib/matplotlib/spines.py::490,0.153772
lib/matplotlib/spines.py::491,0.153772
lib/matplotlib/spines.py::492,0.153772
lib/matplotlib/spines.py::493,0.153772
lib/matplotlib/spines.py::494,0.153772
lib/matplotlib/spines.py::495,0.153772
lib/matplotlib/spines.py::498,0.153772
lib/matplotlib/spines.py::499,0.153772
lib/matplotlib/spines.py::50,0.153772
lib/matplotlib/spines.py::501,0.153772
lib/matplotlib/spines.py::51,0.153772
lib/matplotlib/spines.py::52,0.153772
lib/matplotlib/spines.py::53,0.153772
lib/matplotlib/spines.py::54,0.153772
lib/matplotlib/spines.py::55,0.153772
lib/matplotlib/spines.py::56,0.153772
lib/matplotlib/spines.py::57,0.153772
lib/matplotlib/spines.py::58,0.153772
lib/matplotlib/spines.py::60,0.153772
lib/matplotlib/spines.py::61,0.153772
lib/matplotlib/spines.py::63,0.153772
lib/matplotlib/spines.py::64,0.153772
lib/matplotlib/spines.py::69,0.153772
lib/matplotlib/spines.py::70,0.153772
lib/matplotlib/spines.py::71,0.153772
lib/matplotlib/spines.py::79,0.153772
lib/matplotlib/spines.py::83,0.153772
lib/matplotlib/text.py::1062,0.153772
lib/matplotlib/text.py::1063,0.153772
lib/matplotlib/text.py::1079,0.153772
lib/matplotlib/text.py::1080,0.153772
lib/matplotlib/text.py::1118,0.153772
lib/matplotlib/text.py::1119,0.153772
lib/matplotlib/text.py::1129,0.153772
lib/matplotlib/text.py::1130,0.153772
lib/matplotlib/text.py::1142,0.153772
lib/matplotlib/text.py::1143,0.153772
lib/matplotlib/text.py::379,0.153772
lib/matplotlib/text.py::386,0.153772
lib/matplotlib/text.py::532,0.153772
lib/matplotlib/text.py::533,0.153772
lib/matplotlib/text.py::534,0.153772
lib/matplotlib/text.py::535,0.153772
lib/matplotlib/text.py::540,0.153772
lib/matplotlib/text.py::541,0.153772
lib/matplotlib/ticker.py::1617,0.153772
lib/matplotlib/ticker.py::1982,0.153772
lib/matplotlib/ticker.py::1993,0.153772
lib/matplotlib/ticker.py::1997,0.153772
lib/matplotlib/ticker.py::2000,0.153772
lib/matplotlib/ticker.py::2001,0.153772
lib/matplotlib/ticker.py::2004,0.153772
lib/matplotlib/ticker.py::2006,0.153772
lib/matplotlib/ticker.py::2008,0.153772
lib/matplotlib/ticker.py::2015,0.153772
lib/matplotlib/ticker.py::2016,0.153772
lib/matplotlib/ticker.py::2037,0.153772
lib/matplotlib/ticker.py::2038,0.153772
lib/matplotlib/ticker.py::2039,0.153772
lib/matplotlib/ticker.py::2041,0.153772
lib/matplotlib/ticker.py::2042,0.153772
lib/matplotlib/ticker.py::2043,0.153772
lib/matplotlib/ticker.py::2044,0.153772
lib/matplotlib/ticker.py::2045,0.153772
lib/matplotlib/ticker.py::2046,0.153772
lib/matplotlib/ticker.py::2047,0.153772
lib/matplotlib/ticker.py::2048,0.153772
lib/matplotlib/ticker.py::2049,0.153772
lib/matplotlib/ticker.py::2050,0.153772
lib/matplotlib/ticker.py::2051,0.153772
lib/matplotlib/ticker.py::2054,0.153772
lib/matplotlib/ticker.py::2055,0.153772
lib/matplotlib/ticker.py::2056,0.153772
lib/matplotlib/ticker.py::2057,0.153772
lib/matplotlib/ticker.py::2058,0.153772
lib/matplotlib/ticker.py::223,0.153772
lib/matplotlib/ticker.py::2744,0.153772
lib/matplotlib/ticker.py::2750,0.153772
lib/matplotlib/ticker.py::301,0.153772
lib/matplotlib/ticker.py::487,0.153772
lib/matplotlib/ticker.py::488,0.153772
lib/matplotlib/ticker.py::490,0.153772
lib/matplotlib/ticker.py::491,0.153772
lib/matplotlib/ticker.py::492,0.153772
lib/matplotlib/ticker.py::493,0.153772
lib/matplotlib/ticker.py::494,0.153772
lib/matplotlib/ticker.py::495,0.153772
lib/matplotlib/ticker.py::496,0.153772
lib/matplotlib/ticker.py::497,0.153772
lib/matplotlib/ticker.py::498,0.153772
lib/matplotlib/ticker.py::499,0.153772
lib/matplotlib/ticker.py::500,0.153772
lib/matplotlib/ticker.py::501,0.153772
lib/matplotlib/ticker.py::502,0.153772
lib/matplotlib/ticker.py::508,0.153772
lib/matplotlib/ticker.py::509,0.153772
lib/matplotlib/ticker.py::510,0.153772
lib/matplotlib/ticker.py::532,0.153772
lib/matplotlib/ticker.py::535,0.153772
lib/matplotlib/transforms.py::1566,0.153772
lib/matplotlib/transforms.py::1567,0.153772
lib/matplotlib/transforms.py::1568,0.153772
lib/matplotlib/transforms.py::1571,0.153772
lib/matplotlib/transforms.py::1572,0.153772
lib/matplotlib/transforms.py::1573,0.153772
lib/matplotlib/transforms.py::1574,0.153772
lib/matplotlib/transforms.py::1575,0.153772
lib/matplotlib/transforms.py::1587,0.153772
lib/matplotlib/transforms.py::1589,0.153772
lib/matplotlib/transforms.py::1590,0.153772
lib/matplotlib/transforms.py::1591,0.153772
lib/matplotlib/transforms.py::1592,0.153772
lib/matplotlib/transforms.py::1593,0.153772
lib/matplotlib/transforms.py::1594,0.153772
lib/matplotlib/transforms.py::1595,0.153772
lib/matplotlib/transforms.py::1596,0.153772
lib/matplotlib/transforms.py::1597,0.153772
lib/matplotlib/transforms.py::1610,0.153772
lib/matplotlib/transforms.py::1611,0.153772
lib/matplotlib/transforms.py::1616,0.153772
lib/matplotlib/transforms.py::1617,0.153772
lib/matplotlib/transforms.py::1619,0.153772
lib/matplotlib/transforms.py::1620,0.153772
lib/matplotlib/transforms.py::1621,0.153772
lib/matplotlib/transforms.py::1623,0.153772
lib/matplotlib/transforms.py::1704,0.153772
lib/matplotlib/transforms.py::1705,0.153772
lib/matplotlib/transforms.py::1983,0.153772
lib/matplotlib/transforms.py::2058,0.153772
lib/matplotlib/transforms.py::2059,0.153772
lib/matplotlib/transforms.py::2060,0.153772
lib/matplotlib/transforms.py::2061,0.153772
lib/matplotlib/transforms.py::2062,0.153772
lib/matplotlib/transforms.py::2150,0.153772
lib/matplotlib/transforms.py::2151,0.153772
lib/matplotlib/transforms.py::2152,0.153772
lib/matplotlib/transforms.py::2153,0.153772
lib/matplotlib/transforms.py::2157,0.153772
lib/matplotlib/transforms.py::2158,0.153772
lib/matplotlib/transforms.py::2159,0.153772
lib/matplotlib/transforms.py::2160,0.153772
lib/matplotlib/transforms.py::2162,0.153772
lib/matplotlib/transforms.py::2163,0.153772
lib/matplotlib/transforms.py::2189,0.153772
lib/matplotlib/transforms.py::2190,0.153772
lib/matplotlib/transforms.py::2191,0.153772
lib/matplotlib/transforms.py::2192,0.153772
lib/matplotlib/transforms.py::2241,0.153772
lib/matplotlib/transforms.py::2242,0.153772
lib/matplotlib/transforms.py::2247,0.153772
lib/matplotlib/transforms.py::2248,0.153772
lib/matplotlib/transforms.py::237,0.153772
lib/matplotlib/transforms.py::2498,0.153772
lib/matplotlib/transforms.py::2501,0.153772
lib/matplotlib/transforms.py::2502,0.153772
lib/matplotlib/transforms.py::2503,0.153772
lib/matplotlib/transforms.py::2504,0.153772
lib/matplotlib/transforms.py::2505,0.153772
lib/matplotlib/transforms.py::2532,0.153772
lib/matplotlib/transforms.py::2533,0.153772
lib/matplotlib/transforms.py::2534,0.153772
lib/matplotlib/transforms.py::2535,0.153772
lib/matplotlib/transforms.py::2536,0.153772
lib/matplotlib/transforms.py::2537,0.153772
lib/matplotlib/transforms.py::2690,0.153772
lib/matplotlib/transforms.py::2693,0.153772
lib/matplotlib/transforms.py::2694,0.153772
lib/matplotlib/transforms.py::2700,0.153772
lib/matplotlib/transforms.py::2702,0.153772
lib/matplotlib/transforms.py::2703,0.153772
lib/matplotlib/transforms.py::2707,0.153772
lib/matplotlib/transforms.py::2715,0.153772
lib/matplotlib/transforms.py::2717,0.153772
lib/matplotlib/transforms.py::345,0.153772
lib/matplotlib/transforms.py::359,0.153772
lib/matplotlib/transforms.py::360,0.153772
lib/matplotlib/transforms.py::365,0.153772
lib/matplotlib/transforms.py::366,0.153772
lib/matplotlib/transforms.py::728,0.153772
lib/matplotlib/transforms.py::733,0.153772
lib/matplotlib/transforms.py::872,0.153772
lib/matplotlib/transforms.py::873,0.153772
lib/matplotlib/transforms.py::877,0.153772
lib/matplotlib/transforms.py::878,0.153772
lib/matplotlib/transforms.py::894,0.153772
lib/matplotlib/transforms.py::898,0.153772
lib/matplotlib/units.py::198,0.153772
lib/matplotlib/units.py::200,0.153772
lib/matplotlib/units.py::208,0.153772
lib/matplotlib/units.py::209,0.153772
lib/matplotlib/units.py::210,0.153772
lib/matplotlib/units.py::211,0.153772
lib/matplotlib/units.py::212,0.153772
lib/matplotlib/units.py::213,0.153772
lib/matplotlib/units.py::214,0.153772
lib/matplotlib/units.py::215,0.153772
lib/matplotlib/units.py::216,0.153772
lib/matplotlib/units.py::220,0.153772
lib/matplotlib/units.py::221,0.153772
lib/matplotlib/units.py::222,0.153772
lib/matplotlib/units.py::64,0.153772
lib/matplotlib/units.py::71,0.153772
lib/matplotlib/cbook/__init__.py::1280,0.151959
lib/matplotlib/cbook/__init__.py::1283,0.151959
lib/matplotlib/cbook/__init__.py::536,0.151959
lib/matplotlib/cbook/__init__.py::537,0.151959
lib/matplotlib/cbook/deprecation.py::361,0.151959
lib/matplotlib/cbook/deprecation.py::362,0.151959
lib/matplotlib/cbook/deprecation.py::367,0.151959
lib/matplotlib/cbook/deprecation.py::374,0.151959
lib/matplotlib/cbook/deprecation.py::375,0.151959
lib/matplotlib/cbook/deprecation.py::387,0.151959
lib/matplotlib/font_manager.py::1036,0.151959
lib/matplotlib/font_manager.py::823,0.151959
lib/matplotlib/font_manager.py::824,0.151959
lib/matplotlib/font_manager.py::825,0.151959
lib/matplotlib/font_manager.py::831,0.151959
lib/matplotlib/path.py::130,0.151959
lib/matplotlib/path.py::131,0.151959
lib/matplotlib/path.py::135,0.151959
lib/matplotlib/path.py::149,0.151959
lib/matplotlib/path.py::150,0.151959
lib/matplotlib/path.py::151,0.151959
lib/matplotlib/path.py::152,0.151959
lib/matplotlib/path.py::154,0.151959
lib/matplotlib/path.py::160,0.151959
lib/matplotlib/path.py::192,0.151959
lib/matplotlib/path.py::194,0.151959
lib/matplotlib/path.py::195,0.151959
lib/matplotlib/path.py::196,0.151959
lib/matplotlib/text.py::839,0.151959
lib/matplotlib/artist.py::1021,0.150208
lib/matplotlib/artist.py::35,0.150208
lib/matplotlib/artist.py::36,0.150208
lib/matplotlib/artist.py::38,0.150208
lib/matplotlib/artist.py::41,0.150208
lib/matplotlib/artist.py::43,0.150208
lib/matplotlib/artist.py::45,0.150208
lib/matplotlib/artist.py::575,0.150208
lib/matplotlib/artist.py::593,0.150208
lib/matplotlib/artist.py::594,0.150208
lib/matplotlib/artist.py::644,0.150208
lib/matplotlib/artist.py::682,0.150208
lib/matplotlib/artist.py::791,0.150208
lib/matplotlib/artist.py::853,0.150208
lib/matplotlib/artist.py::854,0.150208
lib/matplotlib/artist.py::856,0.150208
lib/matplotlib/artist.py::863,0.150208
lib/matplotlib/artist.py::883,0.150208
lib/matplotlib/backend_bases.py::1001,0.150208
lib/matplotlib/backend_bases.py::1195,0.150208
lib/matplotlib/backend_bases.py::1196,0.150208
lib/matplotlib/backend_bases.py::1197,0.150208
lib/matplotlib/backend_bases.py::1223,0.150208
lib/matplotlib/backend_bases.py::1224,0.150208
lib/matplotlib/backend_bases.py::143,0.150208
lib/matplotlib/backend_bases.py::150,0.150208
lib/matplotlib/backend_bases.py::1656,0.150208
lib/matplotlib/backend_bases.py::1657,0.150208
lib/matplotlib/backend_bases.py::1658,0.150208
lib/matplotlib/backend_bases.py::1891,0.150208
lib/matplotlib/backend_bases.py::634,0.150208
lib/matplotlib/backend_bases.py::649,0.150208
lib/matplotlib/backend_bases.py::708,0.150208
lib/matplotlib/backend_bases.py::709,0.150208
lib/matplotlib/backend_bases.py::710,0.150208
lib/matplotlib/backend_bases.py::711,0.150208
lib/matplotlib/backend_bases.py::712,0.150208
lib/matplotlib/backend_bases.py::713,0.150208
lib/matplotlib/backend_bases.py::714,0.150208
lib/matplotlib/backend_bases.py::715,0.150208
lib/matplotlib/backend_bases.py::716,0.150208
lib/matplotlib/backend_bases.py::717,0.150208
lib/matplotlib/backend_bases.py::718,0.150208
lib/matplotlib/backend_bases.py::719,0.150208
lib/matplotlib/backend_bases.py::720,0.150208
lib/matplotlib/backend_bases.py::721,0.150208
lib/matplotlib/backend_bases.py::722,0.150208
lib/matplotlib/backend_bases.py::723,0.150208
lib/matplotlib/backend_bases.py::724,0.150208
lib/matplotlib/backend_bases.py::725,0.150208
lib/matplotlib/backend_bases.py::748,0.150208
lib/matplotlib/backend_bases.py::783,0.150208
lib/matplotlib/backend_bases.py::785,0.150208
lib/matplotlib/backend_bases.py::798,0.150208
lib/matplotlib/backend_bases.py::836,0.150208
lib/matplotlib/backend_bases.py::847,0.150208
lib/matplotlib/backend_bases.py::851,0.150208
lib/matplotlib/backend_bases.py::852,0.150208
lib/matplotlib/backend_bases.py::853,0.150208
lib/matplotlib/backend_bases.py::858,0.150208
lib/matplotlib/backend_bases.py::862,0.150208
lib/matplotlib/backend_bases.py::863,0.150208
lib/matplotlib/backend_bases.py::879,0.150208
lib/matplotlib/backend_bases.py::880,0.150208
lib/matplotlib/backend_bases.py::901,0.150208
lib/matplotlib/backend_bases.py::906,0.150208
lib/matplotlib/backend_bases.py::919,0.150208
lib/matplotlib/backend_bases.py::921,0.150208
lib/matplotlib/backend_bases.py::923,0.150208
lib/matplotlib/backend_bases.py::924,0.150208
lib/matplotlib/backend_bases.py::926,0.150208
lib/matplotlib/backend_bases.py::930,0.150208
lib/matplotlib/backend_bases.py::931,0.150208
lib/matplotlib/backend_bases.py::935,0.150208
lib/matplotlib/backend_bases.py::939,0.150208
lib/matplotlib/backend_bases.py::954,0.150208
lib/matplotlib/backend_bases.py::962,0.150208
lib/matplotlib/backend_bases.py::966,0.150208
lib/matplotlib/backend_bases.py::967,0.150208
lib/matplotlib/backend_bases.py::968,0.150208
lib/matplotlib/backend_bases.py::973,0.150208
lib/matplotlib/backend_bases.py::981,0.150208
lib/matplotlib/backends/backend_agg.py::127,0.150208
lib/matplotlib/backends/backend_agg.py::128,0.150208
lib/matplotlib/backends/backend_agg.py::130,0.150208
lib/matplotlib/backends/backend_agg.py::152,0.150208
lib/matplotlib/backends/backend_agg.py::153,0.150208
lib/matplotlib/backends/backend_agg.py::172,0.150208
lib/matplotlib/backends/backend_agg.py::175,0.150208
lib/matplotlib/backends/backend_agg.py::176,0.150208
lib/matplotlib/backends/backend_agg.py::178,0.150208
lib/matplotlib/backends/backend_agg.py::182,0.150208
lib/matplotlib/backends/backend_agg.py::183,0.150208
lib/matplotlib/backends/backend_agg.py::184,0.150208
lib/matplotlib/backends/backend_agg.py::185,0.150208
lib/matplotlib/backends/backend_agg.py::187,0.150208
lib/matplotlib/backends/backend_agg.py::188,0.150208
lib/matplotlib/backends/backend_agg.py::189,0.150208
lib/matplotlib/backends/backend_agg.py::190,0.150208
lib/matplotlib/backends/backend_agg.py::191,0.150208
lib/matplotlib/backends/backend_agg.py::192,0.150208
lib/matplotlib/backends/backend_agg.py::193,0.150208
lib/matplotlib/backends/backend_agg.py::194,0.150208
lib/matplotlib/backends/backend_agg.py::241,0.150208
lib/matplotlib/backends/backend_agg.py::278,0.150208
lib/matplotlib/backends/backend_agg.py::377,0.150208
lib/matplotlib/backends/backend_agg.py::379,0.150208
lib/matplotlib/backends/backend_agg.py::380,0.150208
lib/matplotlib/backends/backend_agg.py::381,0.150208
lib/matplotlib/backends/backend_agg.py::382,0.150208
lib/matplotlib/backends/backend_agg.py::385,0.150208
lib/matplotlib/cbook/__init__.py::2182,0.150208
lib/matplotlib/cbook/__init__.py::2183,0.150208
lib/matplotlib/figure.py::1687,0.150208
lib/matplotlib/figure.py::1690,0.150208
lib/matplotlib/figure.py::1693,0.150208
lib/matplotlib/figure.py::1694,0.150208
lib/matplotlib/figure.py::1695,0.150208
lib/matplotlib/figure.py::1696,0.150208
lib/matplotlib/figure.py::1697,0.150208
lib/matplotlib/figure.py::1699,0.150208
lib/matplotlib/figure.py::1716,0.150208
lib/matplotlib/figure.py::1717,0.150208
lib/matplotlib/figure.py::1718,0.150208
lib/matplotlib/figure.py::1720,0.150208
lib/matplotlib/figure.py::1727,0.150208
lib/matplotlib/figure.py::1728,0.150208
lib/matplotlib/figure.py::1729,0.150208
lib/matplotlib/figure.py::1731,0.150208
lib/matplotlib/figure.py::1733,0.150208
lib/matplotlib/figure.py::1735,0.150208
lib/matplotlib/figure.py::455,0.150208
lib/matplotlib/figure.py::625,0.150208
lib/matplotlib/figure.py::626,0.150208
lib/matplotlib/figure.py::627,0.150208
lib/matplotlib/figure.py::628,0.150208
lib/matplotlib/figure.py::629,0.150208
lib/matplotlib/figure.py::630,0.150208
lib/matplotlib/figure.py::631,0.150208
lib/matplotlib/figure.py::632,0.150208
lib/matplotlib/image.py::124,0.150208
lib/matplotlib/image.py::127,0.150208
lib/matplotlib/image.py::128,0.150208
lib/matplotlib/image.py::130,0.150208
lib/matplotlib/image.py::131,0.150208
lib/matplotlib/image.py::132,0.150208
lib/matplotlib/lines.py::70,0.150208
lib/matplotlib/patches.py::533,0.150208
lib/matplotlib/patches.py::534,0.150208
lib/matplotlib/patches.py::536,0.150208
lib/matplotlib/patches.py::538,0.150208
lib/matplotlib/patches.py::539,0.150208
lib/matplotlib/patches.py::541,0.150208
lib/matplotlib/patches.py::542,0.150208
lib/matplotlib/patches.py::543,0.150208
lib/matplotlib/patches.py::544,0.150208
lib/matplotlib/patches.py::546,0.150208
lib/matplotlib/patches.py::547,0.150208
lib/matplotlib/patches.py::548,0.150208
lib/matplotlib/patches.py::549,0.150208
lib/matplotlib/patches.py::551,0.150208
lib/matplotlib/patches.py::553,0.150208
lib/matplotlib/patches.py::564,0.150208
lib/matplotlib/patches.py::567,0.150208
lib/matplotlib/patches.py::575,0.150208
lib/matplotlib/patches.py::577,0.150208
lib/matplotlib/patches.py::578,0.150208
lib/matplotlib/patches.py::579,0.150208
lib/matplotlib/patches.py::584,0.150208
lib/matplotlib/patches.py::587,0.150208
lib/matplotlib/patches.py::588,0.150208
lib/matplotlib/patches.py::589,0.150208
lib/matplotlib/patches.py::590,0.150208
lib/matplotlib/patches.py::591,0.150208
lib/matplotlib/patches.py::592,0.150208
lib/matplotlib/patches.py::593,0.150208
lib/matplotlib/patches.py::597,0.150208
lib/matplotlib/pyplot.py::555,0.150208
lib/matplotlib/text.py::28,0.150208
lib/matplotlib/text.py::555,0.150208
lib/matplotlib/text.py::678,0.150208
lib/matplotlib/text.py::679,0.150208
lib/matplotlib/text.py::680,0.150208
lib/matplotlib/text.py::682,0.150208
lib/matplotlib/text.py::685,0.150208
lib/matplotlib/text.py::687,0.150208
lib/matplotlib/text.py::688,0.150208
lib/matplotlib/text.py::689,0.150208
lib/matplotlib/text.py::693,0.150208
lib/matplotlib/text.py::694,0.150208
lib/matplotlib/text.py::695,0.150208
lib/matplotlib/text.py::696,0.150208
lib/matplotlib/text.py::699,0.150208
lib/matplotlib/text.py::702,0.150208
lib/matplotlib/text.py::705,0.150208
lib/matplotlib/text.py::706,0.150208
lib/matplotlib/text.py::707,0.150208
lib/matplotlib/text.py::708,0.150208
lib/matplotlib/text.py::709,0.150208
lib/matplotlib/text.py::711,0.150208
lib/matplotlib/text.py::713,0.150208
lib/matplotlib/text.py::715,0.150208
lib/matplotlib/text.py::716,0.150208
lib/matplotlib/text.py::717,0.150208
lib/matplotlib/text.py::718,0.150208
lib/matplotlib/text.py::719,0.150208
lib/matplotlib/text.py::720,0.150208
lib/matplotlib/text.py::722,0.150208
lib/matplotlib/text.py::727,0.150208
lib/matplotlib/text.py::729,0.150208
lib/matplotlib/text.py::734,0.150208
lib/matplotlib/text.py::735,0.150208
lib/matplotlib/text.py::736,0.150208
lib/matplotlib/text.py::738,0.150208
lib/matplotlib/text.py::739,0.150208
lib/matplotlib/text.py::740,0.150208
lib/matplotlib/text.py::744,0.150208
lib/matplotlib/transforms.py::180,0.150208
lib/matplotlib/transforms.py::181,0.150208
lib/matplotlib/transforms.py::182,0.150208
lib/matplotlib/transforms.py::183,0.150208
lib/matplotlib/transforms.py::2288,0.150208
lib/matplotlib/transforms.py::2289,0.150208
lib/matplotlib/_pylab_helpers.py::83,0.148517
lib/matplotlib/_pylab_helpers.py::84,0.148517
lib/matplotlib/backend_bases.py::139,0.148517
lib/matplotlib/backend_bases.py::140,0.148517
lib/matplotlib/backend_bases.py::141,0.148517
lib/matplotlib/backends/backend_agg.py::109,0.148517
lib/matplotlib/backends/backend_agg.py::110,0.148517
lib/matplotlib/backends/backend_agg.py::111,0.148517
lib/matplotlib/backends/backend_agg.py::112,0.148517
lib/matplotlib/backends/backend_agg.py::113,0.148517
lib/matplotlib/backends/backend_agg.py::114,0.148517
lib/matplotlib/backends/backend_agg.py::115,0.148517
lib/matplotlib/backends/backend_agg.py::116,0.148517
lib/matplotlib/backends/backend_agg.py::199,0.148517
lib/matplotlib/backends/backend_agg.py::207,0.148517
lib/matplotlib/backends/backend_agg.py::212,0.148517
lib/matplotlib/backends/backend_agg.py::213,0.148517
lib/matplotlib/backends/backend_agg.py::214,0.148517
lib/matplotlib/backends/backend_agg.py::215,0.148517
lib/matplotlib/backends/backend_agg.py::216,0.148517
lib/matplotlib/backends/backend_agg.py::217,0.148517
lib/matplotlib/backends/backend_agg.py::218,0.148517
lib/matplotlib/backends/backend_agg.py::219,0.148517
lib/matplotlib/backends/backend_agg.py::220,0.148517
lib/matplotlib/backends/backend_agg.py::247,0.148517
lib/matplotlib/backends/backend_agg.py::248,0.148517
lib/matplotlib/backends/backend_agg.py::250,0.148517
lib/matplotlib/backends/backend_agg.py::251,0.148517
lib/matplotlib/backends/backend_agg.py::252,0.148517
lib/matplotlib/backends/backend_agg.py::254,0.148517
lib/matplotlib/backends/backend_agg.py::388,0.148517
lib/matplotlib/backends/backend_agg.py::389,0.148517
lib/matplotlib/backends/backend_agg.py::390,0.148517
lib/matplotlib/backends/backend_agg.py::392,0.148517
lib/matplotlib/backends/backend_agg.py::393,0.148517
lib/matplotlib/backends/backend_agg.py::394,0.148517
lib/matplotlib/backends/backend_agg.py::397,0.148517
lib/matplotlib/backends/backend_agg.py::57,0.148517
lib/matplotlib/backends/backend_agg.py::58,0.148517
lib/matplotlib/backends/backend_agg.py::59,0.148517
lib/matplotlib/backends/backend_agg.py::60,0.148517
lib/matplotlib/backends/backend_agg.py::61,0.148517
lib/matplotlib/backends/backend_agg.py::62,0.148517
lib/matplotlib/backends/backend_agg.py::64,0.148517
lib/matplotlib/backends/backend_agg.py::87,0.148517
lib/matplotlib/backends/backend_agg.py::89,0.148517
lib/matplotlib/backends/backend_agg.py::90,0.148517
lib/matplotlib/backends/backend_agg.py::91,0.148517
lib/matplotlib/backends/backend_agg.py::92,0.148517
lib/matplotlib/backends/backend_agg.py::93,0.148517
lib/matplotlib/backends/backend_agg.py::95,0.148517
lib/matplotlib/backends/backend_agg.py::96,0.148517
lib/matplotlib/backends/backend_agg.py::98,0.148517
lib/matplotlib/cbook/__init__.py::534,0.148517
lib/matplotlib/cbook/__init__.py::535,0.148517
lib/matplotlib/cbook/__init__.py::538,0.148517
lib/matplotlib/cbook/__init__.py::539,0.148517
lib/matplotlib/figure.py::434,0.148517
lib/matplotlib/font_manager.py::1329,0.148517
lib/matplotlib/font_manager.py::1330,0.148517
lib/matplotlib/font_manager.py::1331,0.148517
lib/matplotlib/font_manager.py::1332,0.148517
lib/matplotlib/font_manager.py::1333,0.148517
lib/matplotlib/font_manager.py::663,0.148517
lib/matplotlib/font_manager.py::664,0.148517
lib/matplotlib/font_manager.py::665,0.148517
lib/matplotlib/font_manager.py::666,0.148517
lib/matplotlib/font_manager.py::667,0.148517
lib/matplotlib/font_manager.py::668,0.148517
lib/matplotlib/font_manager.py::669,0.148517
lib/matplotlib/font_manager.py::670,0.148517
lib/matplotlib/font_manager.py::673,0.148517
lib/matplotlib/mathtext.py::3329,0.148517
lib/matplotlib/patches.py::757,0.148517
lib/matplotlib/path.py::640,0.148517
lib/matplotlib/path.py::643,0.148517
lib/matplotlib/pyplot.py::567,0.148517
lib/matplotlib/text.py::1189,0.148517
lib/matplotlib/text.py::1193,0.148517
lib/matplotlib/text.py::1196,0.148517
lib/matplotlib/text.py::1228,0.148517
lib/matplotlib/text.py::233,0.148517
lib/matplotlib/text.py::236,0.148517
lib/matplotlib/text.py::240,0.148517
lib/matplotlib/text.py::259,0.148517
lib/matplotlib/text.py::281,0.148517
lib/matplotlib/text.py::282,0.148517
lib/matplotlib/text.py::285,0.148517
lib/matplotlib/text.py::286,0.148517
lib/matplotlib/text.py::288,0.148517
lib/matplotlib/text.py::289,0.148517
lib/matplotlib/text.py::290,0.148517
lib/matplotlib/text.py::291,0.148517
lib/matplotlib/text.py::294,0.148517
lib/matplotlib/text.py::295,0.148517
lib/matplotlib/text.py::296,0.148517
lib/matplotlib/text.py::297,0.148517
lib/matplotlib/text.py::299,0.148517
lib/matplotlib/text.py::300,0.148517
lib/matplotlib/text.py::301,0.148517
lib/matplotlib/text.py::302,0.148517
lib/matplotlib/text.py::303,0.148517
lib/matplotlib/text.py::310,0.148517
lib/matplotlib/text.py::311,0.148517
lib/matplotlib/text.py::313,0.148517
lib/matplotlib/text.py::314,0.148517
lib/matplotlib/text.py::317,0.148517
lib/matplotlib/text.py::319,0.148517
lib/matplotlib/text.py::321,0.148517
lib/matplotlib/text.py::326,0.148517
lib/matplotlib/text.py::327,0.148517
lib/matplotlib/text.py::329,0.148517
lib/matplotlib/text.py::332,0.148517
lib/matplotlib/text.py::335,0.148517
lib/matplotlib/text.py::336,0.148517
lib/matplotlib/text.py::337,0.148517
lib/matplotlib/text.py::338,0.148517
lib/matplotlib/text.py::339,0.148517
lib/matplotlib/text.py::340,0.148517
lib/matplotlib/text.py::343,0.148517
lib/matplotlib/text.py::346,0.148517
lib/matplotlib/text.py::347,0.148517
lib/matplotlib/text.py::357,0.148517
lib/matplotlib/text.py::358,0.148517
lib/matplotlib/text.py::361,0.148517
lib/matplotlib/text.py::363,0.148517
lib/matplotlib/text.py::364,0.148517
lib/matplotlib/text.py::365,0.148517
lib/matplotlib/text.py::366,0.148517
lib/matplotlib/text.py::367,0.148517
lib/matplotlib/text.py::368,0.148517
lib/matplotlib/text.py::372,0.148517
lib/matplotlib/text.py::373,0.148517
lib/matplotlib/text.py::375,0.148517
lib/matplotlib/text.py::376,0.148517
lib/matplotlib/text.py::420,0.148517
lib/matplotlib/text.py::421,0.148517
lib/matplotlib/text.py::423,0.148517
lib/matplotlib/text.py::426,0.148517
lib/matplotlib/text.py::428,0.148517
lib/matplotlib/text.py::429,0.148517
lib/matplotlib/text.py::430,0.148517
lib/matplotlib/text.py::831,0.148517
lib/matplotlib/text.py::832,0.148517
lib/matplotlib/text.py::833,0.148517
lib/matplotlib/text.py::849,0.148517
lib/matplotlib/text.py::850,0.148517
lib/matplotlib/text.py::851,0.148517
lib/matplotlib/text.py::852,0.148517
lib/matplotlib/text.py::853,0.148517
lib/matplotlib/text.py::854,0.148517
lib/matplotlib/text.py::855,0.148517
lib/matplotlib/text.py::856,0.148517
lib/matplotlib/text.py::861,0.148517
lib/matplotlib/textpath.py::25,0.148517
lib/matplotlib/textpath.py::26,0.148517
lib/matplotlib/transforms.py::1641,0.148517
lib/matplotlib/transforms.py::1650,0.148517
lib/matplotlib/transforms.py::1676,0.148517
lib/matplotlib/transforms.py::1728,0.148517
lib/matplotlib/transforms.py::1729,0.148517
lib/matplotlib/transforms.py::1732,0.148517
lib/matplotlib/transforms.py::1808,0.148517
lib/matplotlib/transforms.py::1809,0.148517
lib/matplotlib/transforms.py::1810,0.148517
lib/matplotlib/transforms.py::1811,0.148517
lib/matplotlib/transforms.py::2298,0.148517
lib/matplotlib/transforms.py::2301,0.148517
lib/matplotlib/transforms.py::2302,0.148517
lib/matplotlib/transforms.py::2457,0.148517
lib/matplotlib/transforms.py::2458,0.148517
lib/matplotlib/transforms.py::2459,0.148517
lib/matplotlib/transforms.py::2461,0.148517
lib/matplotlib/transforms.py::2462,0.148517
lib/matplotlib/transforms.py::2463,0.148517
lib/matplotlib/transforms.py::2464,0.148517
lib/matplotlib/transforms.py::2465,0.148517
lib/matplotlib/transforms.py::2466,0.148517
lib/matplotlib/transforms.py::2467,0.148517
lib/matplotlib/transforms.py::377,0.148517
lib/matplotlib/transforms.py::378,0.148517
lib/matplotlib/transforms.py::972,0.148517
lib/matplotlib/transforms.py::973,0.148517
lib/matplotlib/transforms.py::977,0.148517
lib/matplotlib/transforms.py::978,0.148517
lib/matplotlib/transforms.py::979,0.148517
lib/matplotlib/transforms.py::980,0.148517
lib/matplotlib/transforms.py::981,0.148517
lib/matplotlib/transforms.py::982,0.148517
lib/matplotlib/transforms.py::984,0.148517
lib/matplotlib/transforms.py::985,0.148517
lib/matplotlib/transforms.py::988,0.148517
lib/matplotlib/transforms.py::989,0.148517
lib/matplotlib/transforms.py::992,0.148517
lib/matplotlib/transforms.py::993,0.148517
lib/matplotlib/transforms.py::994,0.148517
lib/matplotlib/transforms.py::997,0.148517
lib/matplotlib/transforms.py::998,0.148517
lib/matplotlib/figure.py::505,0.146882
lib/matplotlib/font_manager.py::1223,0.146882
lib/matplotlib/font_manager.py::1225,0.146882
lib/matplotlib/font_manager.py::1226,0.146882
lib/matplotlib/font_manager.py::1227,0.146882
lib/matplotlib/font_manager.py::1228,0.146882
lib/matplotlib/font_manager.py::1229,0.146882
lib/matplotlib/font_manager.py::682,0.146882
lib/matplotlib/font_manager.py::694,0.146882
lib/matplotlib/font_manager.py::701,0.146882
lib/matplotlib/font_manager.py::710,0.146882
lib/matplotlib/font_manager.py::718,0.146882
lib/matplotlib/font_manager.py::733,0.146882
lib/matplotlib/path.py::205,0.146882
lib/matplotlib/path.py::224,0.146882
lib/matplotlib/path.py::239,0.146882
lib/matplotlib/path.py::259,0.146882
lib/matplotlib/text.py::58,0.146882
lib/matplotlib/__init__.py::1133,0.145300
lib/matplotlib/__init__.py::1145,0.145300
lib/matplotlib/_pylab_helpers.py::111,0.145300
lib/matplotlib/_pylab_helpers.py::112,0.145300
lib/matplotlib/_pylab_helpers.py::113,0.145300
lib/matplotlib/_pylab_helpers.py::114,0.145300
lib/matplotlib/_pylab_helpers.py::115,0.145300
lib/matplotlib/_pylab_helpers.py::116,0.145300
lib/matplotlib/_pylab_helpers.py::117,0.145300
lib/matplotlib/_pylab_helpers.py::119,0.145300
lib/matplotlib/_pylab_helpers.py::124,0.145300
lib/matplotlib/_pylab_helpers.py::125,0.145300
lib/matplotlib/_pylab_helpers.py::40,0.145300
lib/matplotlib/_pylab_helpers.py::41,0.145300
lib/matplotlib/_pylab_helpers.py::43,0.145300
lib/matplotlib/artist.py::100,0.145300
lib/matplotlib/artist.py::1001,0.145300
lib/matplotlib/artist.py::101,0.145300
lib/matplotlib/artist.py::102,0.145300
lib/matplotlib/artist.py::103,0.145300
lib/matplotlib/artist.py::104,0.145300
lib/matplotlib/artist.py::105,0.145300
lib/matplotlib/artist.py::106,0.145300
lib/matplotlib/artist.py::107,0.145300
lib/matplotlib/artist.py::108,0.145300
lib/matplotlib/artist.py::174,0.145300
lib/matplotlib/artist.py::175,0.145300
lib/matplotlib/artist.py::176,0.145300
lib/matplotlib/artist.py::186,0.145300
lib/matplotlib/artist.py::187,0.145300
lib/matplotlib/artist.py::188,0.145300
lib/matplotlib/artist.py::194,0.145300
lib/matplotlib/artist.py::198,0.145300
lib/matplotlib/artist.py::203,0.145300
lib/matplotlib/artist.py::204,0.145300
lib/matplotlib/artist.py::217,0.145300
lib/matplotlib/artist.py::222,0.145300
lib/matplotlib/artist.py::225,0.145300
lib/matplotlib/artist.py::226,0.145300
lib/matplotlib/artist.py::345,0.145300
lib/matplotlib/artist.py::364,0.145300
lib/matplotlib/artist.py::365,0.145300
lib/matplotlib/artist.py::366,0.145300
lib/matplotlib/artist.py::367,0.145300
lib/matplotlib/artist.py::371,0.145300
lib/matplotlib/artist.py::373,0.145300
lib/matplotlib/artist.py::376,0.145300
lib/matplotlib/artist.py::697,0.145300
lib/matplotlib/artist.py::704,0.145300
lib/matplotlib/artist.py::707,0.145300
lib/matplotlib/artist.py::708,0.145300
lib/matplotlib/artist.py::709,0.145300
lib/matplotlib/artist.py::710,0.145300
lib/matplotlib/artist.py::74,0.145300
lib/matplotlib/artist.py::75,0.145300
lib/matplotlib/artist.py::76,0.145300
lib/matplotlib/artist.py::77,0.145300
lib/matplotlib/artist.py::79,0.145300
lib/matplotlib/artist.py::795,0.145300
lib/matplotlib/artist.py::799,0.145300
lib/matplotlib/artist.py::80,0.145300
lib/matplotlib/artist.py::81,0.145300
lib/matplotlib/artist.py::82,0.145300
lib/matplotlib/artist.py::83,0.145300
lib/matplotlib/artist.py::84,0.145300
lib/matplotlib/artist.py::85,0.145300
lib/matplotlib/artist.py::86,0.145300
lib/matplotlib/artist.py::87,0.145300
lib/matplotlib/artist.py::88,0.145300
lib/matplotlib/artist.py::89,0.145300
lib/matplotlib/artist.py::90,0.145300
lib/matplotlib/artist.py::91,0.145300
lib/matplotlib/artist.py::92,0.145300
lib/matplotlib/artist.py::93,0.145300
lib/matplotlib/artist.py::94,0.145300
lib/matplotlib/artist.py::943,0.145300
lib/matplotlib/artist.py::944,0.145300
lib/matplotlib/artist.py::945,0.145300
lib/matplotlib/artist.py::95,0.145300
lib/matplotlib/artist.py::96,0.145300
lib/matplotlib/artist.py::97,0.145300
lib/matplotlib/artist.py::970,0.145300
lib/matplotlib/artist.py::98,0.145300
lib/matplotlib/artist.py::980,0.145300
lib/matplotlib/artist.py::981,0.145300
lib/matplotlib/artist.py::982,0.145300
lib/matplotlib/artist.py::983,0.145300
lib/matplotlib/artist.py::986,0.145300
lib/matplotlib/artist.py::989,0.145300
lib/matplotlib/artist.py::990,0.145300
lib/matplotlib/artist.py::993,0.145300
lib/matplotlib/artist.py::994,0.145300
lib/matplotlib/artist.py::995,0.145300
lib/matplotlib/artist.py::996,0.145300
lib/matplotlib/artist.py::997,0.145300
lib/matplotlib/backend_bases.py::1585,0.145300
lib/matplotlib/backend_bases.py::1586,0.145300
lib/matplotlib/backend_bases.py::1587,0.145300
lib/matplotlib/backend_bases.py::1588,0.145300
lib/matplotlib/backend_bases.py::1589,0.145300
lib/matplotlib/backend_bases.py::1590,0.145300
lib/matplotlib/backend_bases.py::1592,0.145300
lib/matplotlib/backend_bases.py::1593,0.145300
lib/matplotlib/backend_bases.py::1594,0.145300
lib/matplotlib/backend_bases.py::1595,0.145300
lib/matplotlib/backend_bases.py::1596,0.145300
lib/matplotlib/backend_bases.py::1597,0.145300
lib/matplotlib/backend_bases.py::1598,0.145300
lib/matplotlib/backend_bases.py::1599,0.145300
lib/matplotlib/backend_bases.py::1600,0.145300
lib/matplotlib/backend_bases.py::1601,0.145300
lib/matplotlib/backend_bases.py::2218,0.145300
lib/matplotlib/backend_bases.py::2232,0.145300
lib/matplotlib/backend_bases.py::2561,0.145300
lib/matplotlib/backend_bases.py::2562,0.145300
lib/matplotlib/backend_bases.py::2563,0.145300
lib/matplotlib/backend_bases.py::2565,0.145300
lib/matplotlib/backend_bases.py::2566,0.145300
lib/matplotlib/backend_bases.py::2567,0.145300
lib/matplotlib/backend_bases.py::2568,0.145300
lib/matplotlib/backend_bases.py::2569,0.145300
lib/matplotlib/backend_bases.py::2570,0.145300
lib/matplotlib/backend_bases.py::2571,0.145300
lib/matplotlib/backend_bases.py::2572,0.145300
lib/matplotlib/backend_bases.py::2573,0.145300
lib/matplotlib/backend_bases.py::2575,0.145300
lib/matplotlib/backend_bases.py::2576,0.145300
lib/matplotlib/backend_bases.py::2578,0.145300
lib/matplotlib/backend_bases.py::2598,0.145300
lib/matplotlib/backend_bases.py::3343,0.145300
lib/matplotlib/backend_bases.py::3344,0.145300
lib/matplotlib/backend_bases.py::3345,0.145300
lib/matplotlib/backend_bases.py::3346,0.145300
lib/matplotlib/backend_bases.py::3351,0.145300
lib/matplotlib/backend_bases.py::3352,0.145300
lib/matplotlib/backend_bases.py::3353,0.145300
lib/matplotlib/backend_bases.py::3357,0.145300
lib/matplotlib/cbook/__init__.py::100,0.145300
lib/matplotlib/cbook/__init__.py::1269,0.145300
lib/matplotlib/cbook/__init__.py::1270,0.145300
lib/matplotlib/cbook/__init__.py::1271,0.145300
lib/matplotlib/cbook/__init__.py::1272,0.145300
lib/matplotlib/cbook/__init__.py::158,0.145300
lib/matplotlib/cbook/__init__.py::159,0.145300
lib/matplotlib/cbook/__init__.py::160,0.145300
lib/matplotlib/cbook/__init__.py::161,0.145300
lib/matplotlib/cbook/__init__.py::170,0.145300
lib/matplotlib/cbook/__init__.py::171,0.145300
lib/matplotlib/cbook/__init__.py::172,0.145300
lib/matplotlib/cbook/__init__.py::173,0.145300
lib/matplotlib/cbook/__init__.py::174,0.145300
lib/matplotlib/cbook/__init__.py::175,0.145300
lib/matplotlib/cbook/__init__.py::178,0.145300
lib/matplotlib/cbook/__init__.py::179,0.145300
lib/matplotlib/cbook/__init__.py::180,0.145300
lib/matplotlib/cbook/__init__.py::181,0.145300
lib/matplotlib/cbook/__init__.py::182,0.145300
lib/matplotlib/cbook/__init__.py::187,0.145300
lib/matplotlib/cbook/__init__.py::190,0.145300
lib/matplotlib/cbook/__init__.py::191,0.145300
lib/matplotlib/cbook/__init__.py::192,0.145300
lib/matplotlib/cbook/__init__.py::193,0.145300
lib/matplotlib/cbook/__init__.py::194,0.145300
lib/matplotlib/cbook/__init__.py::195,0.145300
lib/matplotlib/cbook/__init__.py::196,0.145300
lib/matplotlib/cbook/__init__.py::197,0.145300
lib/matplotlib/cbook/__init__.py::202,0.145300
lib/matplotlib/cbook/__init__.py::2023,0.145300
lib/matplotlib/cbook/__init__.py::2024,0.145300
lib/matplotlib/cbook/__init__.py::2025,0.145300
lib/matplotlib/cbook/__init__.py::2026,0.145300
lib/matplotlib/cbook/__init__.py::2027,0.145300
lib/matplotlib/cbook/__init__.py::2028,0.145300
lib/matplotlib/cbook/__init__.py::203,0.145300
lib/matplotlib/cbook/__init__.py::2030,0.145300
lib/matplotlib/cbook/__init__.py::2031,0.145300
lib/matplotlib/cbook/__init__.py::2034,0.145300
lib/matplotlib/cbook/__init__.py::204,0.145300
lib/matplotlib/cbook/__init__.py::208,0.145300
lib/matplotlib/cbook/__init__.py::209,0.145300
lib/matplotlib/cbook/__init__.py::210,0.145300
lib/matplotlib/cbook/__init__.py::211,0.145300
lib/matplotlib/cbook/__init__.py::212,0.145300
lib/matplotlib/cbook/__init__.py::2170,0.145300
lib/matplotlib/cbook/__init__.py::2171,0.145300
lib/matplotlib/cbook/__init__.py::2172,0.145300
lib/matplotlib/cbook/__init__.py::2173,0.145300
lib/matplotlib/cbook/__init__.py::2174,0.145300
lib/matplotlib/cbook/__init__.py::2176,0.145300
lib/matplotlib/cbook/__init__.py::2177,0.145300
lib/matplotlib/cbook/__init__.py::2178,0.145300
lib/matplotlib/cbook/__init__.py::2180,0.145300
lib/matplotlib/cbook/__init__.py::2181,0.145300
lib/matplotlib/cbook/__init__.py::2184,0.145300
lib/matplotlib/cbook/__init__.py::2185,0.145300
lib/matplotlib/cbook/__init__.py::221,0.145300
lib/matplotlib/cbook/__init__.py::550,0.145300
lib/matplotlib/cbook/__init__.py::551,0.145300
lib/matplotlib/cbook/__init__.py::604,0.145300
lib/matplotlib/cbook/__init__.py::605,0.145300
lib/matplotlib/cbook/__init__.py::798,0.145300
lib/matplotlib/cbook/__init__.py::91,0.145300
lib/matplotlib/figure.py::1656,0.145300
lib/matplotlib/figure.py::1657,0.145300
lib/matplotlib/figure.py::1659,0.145300
lib/matplotlib/figure.py::1663,0.145300
lib/matplotlib/figure.py::1664,0.145300
lib/matplotlib/figure.py::1666,0.145300
lib/matplotlib/figure.py::1667,0.145300
lib/matplotlib/figure.py::1668,0.145300
lib/matplotlib/figure.py::1669,0.145300
lib/matplotlib/figure.py::1670,0.145300
lib/matplotlib/figure.py::1671,0.145300
lib/matplotlib/figure.py::1672,0.145300
lib/matplotlib/figure.py::1673,0.145300
lib/matplotlib/figure.py::1674,0.145300
lib/matplotlib/figure.py::1675,0.145300
lib/matplotlib/figure.py::1676,0.145300
lib/matplotlib/figure.py::1678,0.145300
lib/matplotlib/figure.py::1878,0.145300
lib/matplotlib/figure.py::1879,0.145300
lib/matplotlib/figure.py::188,0.145300
lib/matplotlib/figure.py::1880,0.145300
lib/matplotlib/figure.py::1881,0.145300
lib/matplotlib/figure.py::189,0.145300
lib/matplotlib/figure.py::190,0.145300
lib/matplotlib/figure.py::191,0.145300
lib/matplotlib/figure.py::198,0.145300
lib/matplotlib/figure.py::199,0.145300
lib/matplotlib/figure.py::200,0.145300
lib/matplotlib/figure.py::202,0.145300
lib/matplotlib/figure.py::2027,0.145300
lib/matplotlib/figure.py::203,0.145300
lib/matplotlib/figure.py::205,0.145300
lib/matplotlib/figure.py::207,0.145300
lib/matplotlib/figure.py::209,0.145300
lib/matplotlib/figure.py::211,0.145300
lib/matplotlib/figure.py::213,0.145300
lib/matplotlib/figure.py::215,0.145300
lib/matplotlib/figure.py::301,0.145300
lib/matplotlib/figure.py::306,0.145300
lib/matplotlib/figure.py::307,0.145300
lib/matplotlib/figure.py::309,0.145300
lib/matplotlib/figure.py::311,0.145300
lib/matplotlib/figure.py::313,0.145300
lib/matplotlib/figure.py::315,0.145300
lib/matplotlib/figure.py::317,0.145300
lib/matplotlib/figure.py::320,0.145300
lib/matplotlib/figure.py::323,0.145300
lib/matplotlib/figure.py::325,0.145300
lib/matplotlib/figure.py::327,0.145300
lib/matplotlib/figure.py::328,0.145300
lib/matplotlib/figure.py::330,0.145300
lib/matplotlib/figure.py::332,0.145300
lib/matplotlib/figure.py::333,0.145300
lib/matplotlib/figure.py::334,0.145300
lib/matplotlib/figure.py::336,0.145300
lib/matplotlib/figure.py::337,0.145300
lib/matplotlib/figure.py::338,0.145300
lib/matplotlib/figure.py::340,0.145300
lib/matplotlib/figure.py::341,0.145300
lib/matplotlib/figure.py::343,0.145300
lib/matplotlib/figure.py::344,0.145300
lib/matplotlib/figure.py::346,0.145300
lib/matplotlib/figure.py::348,0.145300
lib/matplotlib/figure.py::350,0.145300
lib/matplotlib/figure.py::352,0.145300
lib/matplotlib/figure.py::354,0.145300
lib/matplotlib/figure.py::355,0.145300
lib/matplotlib/figure.py::356,0.145300
lib/matplotlib/figure.py::361,0.145300
lib/matplotlib/figure.py::362,0.145300
lib/matplotlib/figure.py::365,0.145300
lib/matplotlib/figure.py::42,0.145300
lib/matplotlib/figure.py::423,0.145300
lib/matplotlib/figure.py::43,0.145300
lib/matplotlib/figure.py::469,0.145300
lib/matplotlib/figure.py::470,0.145300
lib/matplotlib/figure.py::471,0.145300
lib/matplotlib/figure.py::472,0.145300
lib/matplotlib/figure.py::473,0.145300
lib/matplotlib/figure.py::481,0.145300
lib/matplotlib/figure.py::499,0.145300
lib/matplotlib/figure.py::500,0.145300
lib/matplotlib/figure.py::501,0.145300
lib/matplotlib/figure.py::502,0.145300
lib/matplotlib/figure.py::503,0.145300
lib/matplotlib/figure.py::504,0.145300
lib/matplotlib/figure.py::506,0.145300
lib/matplotlib/figure.py::507,0.145300
lib/matplotlib/figure.py::510,0.145300
lib/matplotlib/figure.py::512,0.145300
lib/matplotlib/figure.py::541,0.145300
lib/matplotlib/figure.py::542,0.145300
lib/matplotlib/figure.py::543,0.145300
lib/matplotlib/figure.py::547,0.145300
lib/matplotlib/figure.py::61,0.145300
lib/matplotlib/figure.py::62,0.145300
lib/matplotlib/figure.py::68,0.145300
lib/matplotlib/figure.py::69,0.145300
lib/matplotlib/figure.py::70,0.145300
lib/matplotlib/figure.py::755,0.145300
lib/matplotlib/font_manager.py::654,0.145300
lib/matplotlib/font_manager.py::727,0.145300
lib/matplotlib/font_manager.py::820,0.145300
lib/matplotlib/font_manager.py::860,0.145300
lib/matplotlib/font_manager.py::861,0.145300
lib/matplotlib/font_manager.py::862,0.145300
lib/matplotlib/lines.py::37,0.145300
lib/matplotlib/lines.py::38,0.145300
lib/matplotlib/lines.py::40,0.145300
lib/matplotlib/lines.py::41,0.145300
lib/matplotlib/lines.py::42,0.145300
lib/matplotlib/lines.py::60,0.145300
lib/matplotlib/lines.py::65,0.145300
lib/matplotlib/lines.py::69,0.145300
lib/matplotlib/patches.py::260,0.145300
lib/matplotlib/patches.py::308,0.145300
lib/matplotlib/patches.py::310,0.145300
lib/matplotlib/patches.py::311,0.145300
lib/matplotlib/patches.py::314,0.145300
lib/matplotlib/patches.py::315,0.145300
lib/matplotlib/patches.py::323,0.145300
lib/matplotlib/patches.py::324,0.145300
lib/matplotlib/patches.py::325,0.145300
lib/matplotlib/patches.py::326,0.145300
lib/matplotlib/patches.py::336,0.145300
lib/matplotlib/patches.py::337,0.145300
lib/matplotlib/patches.py::340,0.145300
lib/matplotlib/patches.py::342,0.145300
lib/matplotlib/patches.py::343,0.145300
lib/matplotlib/patches.py::344,0.145300
lib/matplotlib/patches.py::354,0.145300
lib/matplotlib/patches.py::355,0.145300
lib/matplotlib/patches.py::388,0.145300
lib/matplotlib/patches.py::393,0.145300
lib/matplotlib/patches.py::395,0.145300
lib/matplotlib/patches.py::396,0.145300
lib/matplotlib/patches.py::397,0.145300
lib/matplotlib/patches.py::398,0.145300
lib/matplotlib/patches.py::424,0.145300
lib/matplotlib/patches.py::426,0.145300
lib/matplotlib/patches.py::428,0.145300
lib/matplotlib/patches.py::430,0.145300
lib/matplotlib/patches.py::431,0.145300
lib/matplotlib/patches.py::432,0.145300
lib/matplotlib/patches.py::442,0.145300
lib/matplotlib/patches.py::443,0.145300
lib/matplotlib/patches.py::444,0.145300
lib/matplotlib/patches.py::445,0.145300
lib/matplotlib/patches.py::464,0.145300
lib/matplotlib/patches.py::465,0.145300
lib/matplotlib/patches.py::466,0.145300
lib/matplotlib/patches.py::479,0.145300
lib/matplotlib/patches.py::480,0.145300
lib/matplotlib/patches.py::481,0.145300
lib/matplotlib/patches.py::515,0.145300
lib/matplotlib/patches.py::516,0.145300
lib/matplotlib/patches.py::58,0.145300
lib/matplotlib/patches.py::60,0.145300
lib/matplotlib/patches.py::62,0.145300
lib/matplotlib/patches.py::63,0.145300
lib/matplotlib/patches.py::64,0.145300
lib/matplotlib/patches.py::65,0.145300
lib/matplotlib/patches.py::66,0.145300
lib/matplotlib/patches.py::67,0.145300
lib/matplotlib/patches.py::68,0.145300
lib/matplotlib/patches.py::69,0.145300
lib/matplotlib/patches.py::71,0.145300
lib/matplotlib/patches.py::72,0.145300
lib/matplotlib/patches.py::73,0.145300
lib/matplotlib/patches.py::740,0.145300
lib/matplotlib/patches.py::742,0.145300
lib/matplotlib/patches.py::743,0.145300
lib/matplotlib/patches.py::745,0.145300
lib/matplotlib/patches.py::746,0.145300
lib/matplotlib/patches.py::748,0.145300
lib/matplotlib/patches.py::749,0.145300
lib/matplotlib/patches.py::751,0.145300
lib/matplotlib/patches.py::753,0.145300
lib/matplotlib/patches.py::768,0.145300
lib/matplotlib/patches.py::769,0.145300
lib/matplotlib/patches.py::770,0.145300
lib/matplotlib/patches.py::771,0.145300
lib/matplotlib/patches.py::772,0.145300
lib/matplotlib/patches.py::773,0.145300
lib/matplotlib/patches.py::783,0.145300
lib/matplotlib/patches.py::784,0.145300
lib/matplotlib/patches.py::785,0.145300
lib/matplotlib/patches.py::786,0.145300
lib/matplotlib/patches.py::787,0.145300
lib/matplotlib/patches.py::790,0.145300
lib/matplotlib/patches.py::791,0.145300
lib/matplotlib/patches.py::80,0.145300
lib/matplotlib/patches.py::81,0.145300
lib/matplotlib/patches.py::83,0.145300
lib/matplotlib/patches.py::84,0.145300
lib/matplotlib/patches.py::86,0.145300
lib/matplotlib/patches.py::87,0.145300
lib/matplotlib/patches.py::88,0.145300
lib/matplotlib/patches.py::89,0.145300
lib/matplotlib/patches.py::90,0.145300
lib/matplotlib/patches.py::91,0.145300
lib/matplotlib/patches.py::92,0.145300
lib/matplotlib/patches.py::94,0.145300
lib/matplotlib/patches.py::95,0.145300
lib/matplotlib/pyplot.py::212,0.145300
lib/matplotlib/pyplot.py::213,0.145300
lib/matplotlib/pyplot.py::288,0.145300
lib/matplotlib/pyplot.py::298,0.145300
lib/matplotlib/pyplot.py::299,0.145300
lib/matplotlib/pyplot.py::304,0.145300
lib/matplotlib/pyplot.py::554,0.145300
lib/matplotlib/pyplot.py::556,0.145300
lib/matplotlib/pyplot.py::557,0.145300
lib/matplotlib/pyplot.py::558,0.145300
lib/matplotlib/pyplot.py::559,0.145300
lib/matplotlib/pyplot.py::560,0.145300
lib/matplotlib/pyplot.py::561,0.145300
lib/matplotlib/pyplot.py::563,0.145300
lib/matplotlib/pyplot.py::564,0.145300
lib/matplotlib/pyplot.py::565,0.145300
lib/matplotlib/pyplot.py::566,0.145300
lib/matplotlib/pyplot.py::582,0.145300
lib/matplotlib/pyplot.py::583,0.145300
lib/matplotlib/pyplot.py::584,0.145300
lib/matplotlib/pyplot.py::586,0.145300
lib/matplotlib/pyplot.py::596,0.145300
lib/matplotlib/pyplot.py::599,0.145300
lib/matplotlib/pyplot.py::600,0.145300
lib/matplotlib/pyplot.py::601,0.145300
lib/matplotlib/pyplot.py::602,0.145300
lib/matplotlib/pyplot.py::603,0.145300
lib/matplotlib/pyplot.py::604,0.145300
lib/matplotlib/pyplot.py::605,0.145300
lib/matplotlib/pyplot.py::606,0.145300
lib/matplotlib/pyplot.py::607,0.145300
lib/matplotlib/pyplot.py::610,0.145300
lib/matplotlib/pyplot.py::616,0.145300
lib/matplotlib/pyplot.py::618,0.145300
lib/matplotlib/pyplot.py::619,0.145300
lib/matplotlib/pyplot.py::621,0.145300
lib/matplotlib/pyplot.py::624,0.145300
lib/matplotlib/pyplot.py::637,0.145300
lib/matplotlib/pyplot.py::669,0.145300
lib/matplotlib/text.py::1153,0.145300
lib/matplotlib/text.py::1154,0.145300
lib/matplotlib/text.py::1155,0.145300
lib/matplotlib/text.py::1156,0.145300
lib/matplotlib/text.py::1157,0.145300
lib/matplotlib/text.py::1171,0.145300
lib/matplotlib/text.py::1173,0.145300
lib/matplotlib/text.py::1174,0.145300
lib/matplotlib/text.py::1175,0.145300
lib/matplotlib/text.py::1209,0.145300
lib/matplotlib/text.py::1210,0.145300
lib/matplotlib/text.py::1220,0.145300
lib/matplotlib/text.py::1221,0.145300
lib/matplotlib/text.py::1224,0.145300
lib/matplotlib/text.py::149,0.145300
lib/matplotlib/text.py::150,0.145300
lib/matplotlib/text.py::152,0.145300
lib/matplotlib/text.py::153,0.145300
lib/matplotlib/text.py::154,0.145300
lib/matplotlib/text.py::155,0.145300
lib/matplotlib/text.py::157,0.145300
lib/matplotlib/text.py::158,0.145300
lib/matplotlib/text.py::159,0.145300
lib/matplotlib/text.py::160,0.145300
lib/matplotlib/text.py::161,0.145300
lib/matplotlib/text.py::162,0.145300
lib/matplotlib/text.py::163,0.145300
lib/matplotlib/text.py::164,0.145300
lib/matplotlib/text.py::165,0.145300
lib/matplotlib/text.py::166,0.145300
lib/matplotlib/text.py::167,0.145300
lib/matplotlib/text.py::168,0.145300
lib/matplotlib/text.py::169,0.145300
lib/matplotlib/text.py::170,0.145300
lib/matplotlib/text.py::171,0.145300
lib/matplotlib/text.py::172,0.145300
lib/matplotlib/text.py::173,0.145300
lib/matplotlib/text.py::177,0.145300
lib/matplotlib/text.py::179,0.145300
lib/matplotlib/text.py::180,0.145300
lib/matplotlib/text.py::183,0.145300
lib/matplotlib/text.py::184,0.145300
lib/matplotlib/text.py::185,0.145300
lib/matplotlib/text.py::253,0.145300
lib/matplotlib/text.py::254,0.145300
lib/matplotlib/text.py::255,0.145300
lib/matplotlib/text.py::56,0.145300
lib/matplotlib/text.py::565,0.145300
lib/matplotlib/text.py::57,0.145300
lib/matplotlib/text.py::945,0.145300
lib/matplotlib/text.py::946,0.145300
lib/matplotlib/text.py::949,0.145300
lib/matplotlib/text.py::950,0.145300
lib/matplotlib/text.py::960,0.145300
lib/matplotlib/text.py::961,0.145300
lib/matplotlib/text.py::962,0.145300
lib/matplotlib/transforms.py::116,0.145300
lib/matplotlib/transforms.py::120,0.145300
lib/matplotlib/transforms.py::1201,0.145300
lib/matplotlib/transforms.py::121,0.145300
lib/matplotlib/transforms.py::153,0.145300
lib/matplotlib/transforms.py::154,0.145300
lib/matplotlib/transforms.py::155,0.145300
lib/matplotlib/transforms.py::156,0.145300
lib/matplotlib/transforms.py::1636,0.145300
lib/matplotlib/transforms.py::1637,0.145300
lib/matplotlib/transforms.py::173,0.145300
lib/matplotlib/transforms.py::175,0.145300
lib/matplotlib/transforms.py::176,0.145300
lib/matplotlib/transforms.py::1775,0.145300
lib/matplotlib/transforms.py::1776,0.145300
lib/matplotlib/transforms.py::1778,0.145300
lib/matplotlib/transforms.py::1779,0.145300
lib/matplotlib/transforms.py::178,0.145300
lib/matplotlib/transforms.py::1780,0.145300
lib/matplotlib/transforms.py::1862,0.145300
lib/matplotlib/transforms.py::1863,0.145300
lib/matplotlib/transforms.py::1864,0.145300
lib/matplotlib/transforms.py::1865,0.145300
lib/matplotlib/transforms.py::1866,0.145300
lib/matplotlib/transforms.py::1867,0.145300
lib/matplotlib/transforms.py::1868,0.145300
lib/matplotlib/transforms.py::1878,0.145300
lib/matplotlib/transforms.py::1899,0.145300
lib/matplotlib/transforms.py::1900,0.145300
lib/matplotlib/transforms.py::1910,0.145300
lib/matplotlib/transforms.py::1911,0.145300
lib/matplotlib/transforms.py::1912,0.145300
lib/matplotlib/transforms.py::1913,0.145300
lib/matplotlib/transforms.py::1914,0.145300
lib/matplotlib/transforms.py::1927,0.145300
lib/matplotlib/transforms.py::1928,0.145300
lib/matplotlib/transforms.py::1929,0.145300
lib/matplotlib/transforms.py::1930,0.145300
lib/matplotlib/transforms.py::1931,0.145300
lib/matplotlib/transforms.py::1932,0.145300
lib/matplotlib/transforms.py::1933,0.145300
lib/matplotlib/transforms.py::195,0.145300
lib/matplotlib/transforms.py::199,0.145300
lib/matplotlib/transforms.py::200,0.145300
lib/matplotlib/transforms.py::201,0.145300
lib/matplotlib/transforms.py::2214,0.145300
lib/matplotlib/transforms.py::2217,0.145300
lib/matplotlib/transforms.py::2218,0.145300
lib/matplotlib/transforms.py::2220,0.145300
lib/matplotlib/transforms.py::2221,0.145300
lib/matplotlib/transforms.py::2222,0.145300
lib/matplotlib/transforms.py::2223,0.145300
lib/matplotlib/transforms.py::2264,0.145300
lib/matplotlib/transforms.py::2381,0.145300
lib/matplotlib/transforms.py::2383,0.145300
lib/matplotlib/transforms.py::2385,0.145300
lib/matplotlib/transforms.py::2387,0.145300
lib/matplotlib/transforms.py::2444,0.145300
lib/matplotlib/transforms.py::2447,0.145300
lib/matplotlib/transforms.py::2448,0.145300
lib/matplotlib/transforms.py::2449,0.145300
lib/matplotlib/transforms.py::2450,0.145300
lib/matplotlib/transforms.py::2451,0.145300
lib/matplotlib/transforms.py::702,0.145300
lib/matplotlib/transforms.py::703,0.145300
lib/matplotlib/transforms.py::704,0.145300
lib/matplotlib/transforms.py::707,0.145300
lib/matplotlib/transforms.py::708,0.145300
lib/matplotlib/transforms.py::709,0.145300
lib/matplotlib/transforms.py::713,0.145300
lib/matplotlib/transforms.py::742,0.145300
lib/matplotlib/transforms.py::751,0.145300
lib/matplotlib/transforms.py::905,0.145300
lib/matplotlib/transforms.py::906,0.145300
lib/matplotlib/transforms.py::955,0.145300
lib/matplotlib/transforms.py::957,0.145300
lib/matplotlib/transforms.py::958,0.145300
lib/matplotlib/transforms.py::962,0.145300
lib/matplotlib/transforms.py::963,0.145300
lib/matplotlib/transforms.py::964,0.145300
lib/matplotlib/transforms.py::965,0.145300
lib/matplotlib/transforms.py::966,0.145300
lib/matplotlib/widgets.py::36,0.145300
lib/matplotlib/cbook/__init__.py::1809,0.143768
lib/matplotlib/font_manager.py::643,0.143768
lib/matplotlib/font_manager.py::644,0.143768
lib/matplotlib/font_manager.py::645,0.143768
lib/matplotlib/font_manager.py::646,0.143768
lib/matplotlib/font_manager.py::647,0.143768
lib/matplotlib/font_manager.py::648,0.143768
lib/matplotlib/font_manager.py::649,0.143768
lib/matplotlib/font_manager.py::653,0.143768
lib/matplotlib/font_manager.py::754,0.143768
lib/matplotlib/font_manager.py::762,0.143768
lib/matplotlib/font_manager.py::763,0.143768
lib/matplotlib/font_manager.py::764,0.143768
lib/matplotlib/font_manager.py::765,0.143768
lib/matplotlib/font_manager.py::772,0.143768
lib/matplotlib/font_manager.py::773,0.143768
lib/matplotlib/font_manager.py::774,0.143768
lib/matplotlib/font_manager.py::775,0.143768
lib/matplotlib/font_manager.py::784,0.143768
lib/matplotlib/font_manager.py::785,0.143768
lib/matplotlib/font_manager.py::786,0.143768
lib/matplotlib/font_manager.py::787,0.143768
lib/matplotlib/font_manager.py::790,0.143768
lib/matplotlib/font_manager.py::791,0.143768
lib/matplotlib/font_manager.py::793,0.143768
lib/matplotlib/font_manager.py::802,0.143768
lib/matplotlib/font_manager.py::803,0.143768
lib/matplotlib/font_manager.py::804,0.143768
lib/matplotlib/font_manager.py::805,0.143768
lib/matplotlib/font_manager.py::808,0.143768
lib/matplotlib/font_manager.py::809,0.143768
lib/matplotlib/font_manager.py::811,0.143768
lib/matplotlib/font_manager.py::819,0.143768
lib/matplotlib/font_manager.py::821,0.143768
lib/matplotlib/font_manager.py::822,0.143768
lib/matplotlib/font_manager.py::832,0.143768
lib/matplotlib/font_manager.py::836,0.143768
lib/matplotlib/font_manager.py::843,0.143768
lib/matplotlib/font_manager.py::623,0.142284
lib/matplotlib/font_manager.py::624,0.142284
lib/matplotlib/font_manager.py::625,0.142284
lib/matplotlib/font_manager.py::626,0.142284
lib/matplotlib/font_manager.py::627,0.142284
lib/matplotlib/font_manager.py::628,0.142284
lib/matplotlib/font_manager.py::629,0.142284
lib/matplotlib/font_manager.py::631,0.142284
lib/matplotlib/font_manager.py::753,0.142284
lib/matplotlib/font_manager.py::755,0.142284
lib/matplotlib/font_manager.py::940,0.142284
lib/matplotlib/font_manager.py::942,0.142284
lib/matplotlib/text.py::54,0.139449
lib/matplotlib/text.py::55,0.139449
lib/matplotlib/rcsetup.py::200,0.138094
lib/matplotlib/rcsetup.py::201,0.138094
lib/matplotlib/style/core.py::111,0.138094
lib/matplotlib/style/core.py::112,0.138094
lib/matplotlib/style/core.py::99,0.138094
lib/matplotlib/__init__.py::1066,0.134256
lib/matplotlib/__init__.py::1067,0.134256
lib/matplotlib/__init__.py::1068,0.134256
lib/matplotlib/__init__.py::1070,0.134256
lib/matplotlib/__init__.py::1072,0.134256
lib/matplotlib/__init__.py::1074,0.134256
lib/matplotlib/__init__.py::1108,0.134256
lib/matplotlib/__init__.py::1109,0.134256
lib/matplotlib/__init__.py::1111,0.134256
lib/matplotlib/__init__.py::653,0.134256
lib/matplotlib/__init__.py::654,0.134256
lib/matplotlib/__init__.py::660,0.134256
lib/matplotlib/__init__.py::661,0.134256
lib/matplotlib/__init__.py::662,0.134256
lib/matplotlib/__init__.py::663,0.134256
lib/matplotlib/__init__.py::664,0.134256
lib/matplotlib/__init__.py::669,0.134256
lib/matplotlib/__init__.py::673,0.134256
lib/matplotlib/__init__.py::674,0.134256
lib/matplotlib/__init__.py::677,0.134256
lib/matplotlib/__init__.py::684,0.134256
lib/matplotlib/__init__.py::690,0.134256
lib/matplotlib/__init__.py::696,0.134256
lib/matplotlib/__init__.py::697,0.134256
lib/matplotlib/__init__.py::698,0.134256
lib/matplotlib/__init__.py::702,0.134256
lib/matplotlib/__init__.py::718,0.134256
lib/matplotlib/__init__.py::719,0.134256
lib/matplotlib/__init__.py::741,0.134256
lib/matplotlib/__init__.py::990,0.134256
lib/matplotlib/__init__.py::991,0.134256
lib/matplotlib/__init__.py::992,0.134256
lib/matplotlib/__init__.py::993,0.134256
lib/matplotlib/__init__.py::994,0.134256
lib/matplotlib/_pylab_helpers.py::81,0.134256
lib/matplotlib/_pylab_helpers.py::82,0.134256
lib/matplotlib/_pylab_helpers.py::85,0.134256
lib/matplotlib/_pylab_helpers.py::86,0.134256
lib/matplotlib/cbook/__init__.py::2046,0.134256
lib/matplotlib/cbook/__init__.py::2047,0.134256
lib/matplotlib/cbook/__init__.py::2048,0.134256
lib/matplotlib/cbook/__init__.py::2051,0.134256
lib/matplotlib/cbook/__init__.py::2053,0.134256
lib/matplotlib/cbook/__init__.py::2054,0.134256
lib/matplotlib/cbook/__init__.py::2055,0.134256
lib/matplotlib/cbook/__init__.py::2056,0.134256
lib/matplotlib/cbook/__init__.py::2203,0.134256
lib/matplotlib/cbook/__init__.py::2204,0.134256
lib/matplotlib/cbook/__init__.py::2205,0.134256
lib/matplotlib/cbook/deprecation.py::105,0.134256
lib/matplotlib/cbook/deprecation.py::106,0.134256
lib/matplotlib/cbook/deprecation.py::107,0.134256
lib/matplotlib/cbook/deprecation.py::108,0.134256
lib/matplotlib/cbook/deprecation.py::109,0.134256
lib/matplotlib/cbook/deprecation.py::27,0.134256
lib/matplotlib/cbook/deprecation.py::32,0.134256
lib/matplotlib/cbook/deprecation.py::35,0.134256
lib/matplotlib/cbook/deprecation.py::36,0.134256
lib/matplotlib/cbook/deprecation.py::37,0.134256
lib/matplotlib/cbook/deprecation.py::434,0.134256
lib/matplotlib/cbook/deprecation.py::435,0.134256
lib/matplotlib/cbook/deprecation.py::436,0.134256
lib/matplotlib/cbook/deprecation.py::48,0.134256
lib/matplotlib/cbook/deprecation.py::49,0.134256
lib/matplotlib/cbook/deprecation.py::50,0.134256
lib/matplotlib/cbook/deprecation.py::51,0.134256
lib/matplotlib/cbook/deprecation.py::52,0.134256
lib/matplotlib/cbook/deprecation.py::53,0.134256
lib/matplotlib/colors.py::126,0.134256
lib/matplotlib/colors.py::132,0.134256
lib/matplotlib/colors.py::133,0.134256
lib/matplotlib/colors.py::134,0.134256
lib/matplotlib/colors.py::135,0.134256
lib/matplotlib/colors.py::139,0.134256
lib/matplotlib/colors.py::165,0.134256
lib/matplotlib/colors.py::170,0.134256
lib/matplotlib/colors.py::171,0.134256
lib/matplotlib/colors.py::174,0.134256
lib/matplotlib/colors.py::180,0.134256
lib/matplotlib/pyplot.py::722,0.134256
lib/matplotlib/pyplot.py::728,0.134256
lib/matplotlib/pyplot.py::729,0.134256
lib/matplotlib/rcsetup.py::100,0.134256
lib/matplotlib/rcsetup.py::101,0.134256
lib/matplotlib/rcsetup.py::115,0.134256
lib/matplotlib/rcsetup.py::132,0.134256
lib/matplotlib/rcsetup.py::133,0.134256
lib/matplotlib/rcsetup.py::134,0.134256
lib/matplotlib/rcsetup.py::135,0.134256
lib/matplotlib/rcsetup.py::136,0.134256
lib/matplotlib/rcsetup.py::137,0.134256
lib/matplotlib/rcsetup.py::139,0.134256
lib/matplotlib/rcsetup.py::159,0.134256
lib/matplotlib/rcsetup.py::163,0.134256
lib/matplotlib/rcsetup.py::166,0.134256
lib/matplotlib/rcsetup.py::167,0.134256
lib/matplotlib/rcsetup.py::168,0.134256
lib/matplotlib/rcsetup.py::179,0.134256
lib/matplotlib/rcsetup.py::180,0.134256
lib/matplotlib/rcsetup.py::181,0.134256
lib/matplotlib/rcsetup.py::182,0.134256
lib/matplotlib/rcsetup.py::183,0.134256
lib/matplotlib/rcsetup.py::184,0.134256
lib/matplotlib/rcsetup.py::198,0.134256
lib/matplotlib/rcsetup.py::199,0.134256
lib/matplotlib/rcsetup.py::214,0.134256
lib/matplotlib/rcsetup.py::215,0.134256
lib/matplotlib/rcsetup.py::216,0.134256
lib/matplotlib/rcsetup.py::217,0.134256
lib/matplotlib/rcsetup.py::218,0.134256
lib/matplotlib/rcsetup.py::247,0.134256
lib/matplotlib/rcsetup.py::248,0.134256
lib/matplotlib/rcsetup.py::249,0.134256
lib/matplotlib/rcsetup.py::250,0.134256
lib/matplotlib/rcsetup.py::258,0.134256
lib/matplotlib/rcsetup.py::262,0.134256
lib/matplotlib/rcsetup.py::272,0.134256
lib/matplotlib/rcsetup.py::273,0.134256
lib/matplotlib/rcsetup.py::274,0.134256
lib/matplotlib/rcsetup.py::284,0.134256
lib/matplotlib/rcsetup.py::286,0.134256
lib/matplotlib/rcsetup.py::293,0.134256
lib/matplotlib/rcsetup.py::297,0.134256
lib/matplotlib/rcsetup.py::298,0.134256
lib/matplotlib/rcsetup.py::299,0.134256
lib/matplotlib/rcsetup.py::304,0.134256
lib/matplotlib/rcsetup.py::313,0.134256
lib/matplotlib/rcsetup.py::314,0.134256
lib/matplotlib/rcsetup.py::315,0.134256
lib/matplotlib/rcsetup.py::319,0.134256
lib/matplotlib/rcsetup.py::320,0.134256
lib/matplotlib/rcsetup.py::321,0.134256
lib/matplotlib/rcsetup.py::326,0.134256
lib/matplotlib/rcsetup.py::328,0.134256
lib/matplotlib/rcsetup.py::333,0.134256
lib/matplotlib/rcsetup.py::334,0.134256
lib/matplotlib/rcsetup.py::335,0.134256
lib/matplotlib/rcsetup.py::336,0.134256
lib/matplotlib/rcsetup.py::341,0.134256
lib/matplotlib/rcsetup.py::342,0.134256
lib/matplotlib/rcsetup.py::363,0.134256
lib/matplotlib/rcsetup.py::364,0.134256
lib/matplotlib/rcsetup.py::372,0.134256
lib/matplotlib/rcsetup.py::373,0.134256
lib/matplotlib/rcsetup.py::379,0.134256
lib/matplotlib/rcsetup.py::380,0.134256
lib/matplotlib/rcsetup.py::381,0.134256
lib/matplotlib/rcsetup.py::382,0.134256
lib/matplotlib/rcsetup.py::383,0.134256
lib/matplotlib/rcsetup.py::384,0.134256
lib/matplotlib/rcsetup.py::397,0.134256
lib/matplotlib/rcsetup.py::398,0.134256
lib/matplotlib/rcsetup.py::400,0.134256
lib/matplotlib/rcsetup.py::401,0.134256
lib/matplotlib/rcsetup.py::409,0.134256
lib/matplotlib/rcsetup.py::410,0.134256
lib/matplotlib/rcsetup.py::418,0.134256
lib/matplotlib/rcsetup.py::420,0.134256
lib/matplotlib/rcsetup.py::421,0.134256
lib/matplotlib/rcsetup.py::431,0.134256
lib/matplotlib/rcsetup.py::432,0.134256
lib/matplotlib/rcsetup.py::433,0.134256
lib/matplotlib/rcsetup.py::434,0.134256
lib/matplotlib/rcsetup.py::436,0.134256
lib/matplotlib/rcsetup.py::437,0.134256
lib/matplotlib/rcsetup.py::458,0.134256
lib/matplotlib/rcsetup.py::465,0.134256
lib/matplotlib/rcsetup.py::466,0.134256
lib/matplotlib/rcsetup.py::468,0.134256
lib/matplotlib/rcsetup.py::469,0.134256
lib/matplotlib/rcsetup.py::470,0.134256
lib/matplotlib/rcsetup.py::471,0.134256
lib/matplotlib/rcsetup.py::495,0.134256
lib/matplotlib/rcsetup.py::496,0.134256
lib/matplotlib/rcsetup.py::502,0.134256
lib/matplotlib/rcsetup.py::514,0.134256
lib/matplotlib/rcsetup.py::516,0.134256
lib/matplotlib/rcsetup.py::517,0.134256
lib/matplotlib/rcsetup.py::535,0.134256
lib/matplotlib/rcsetup.py::536,0.134256
lib/matplotlib/rcsetup.py::537,0.134256
lib/matplotlib/rcsetup.py::573,0.134256
lib/matplotlib/rcsetup.py::574,0.134256
lib/matplotlib/rcsetup.py::586,0.134256
lib/matplotlib/rcsetup.py::590,0.134256
lib/matplotlib/rcsetup.py::591,0.134256
lib/matplotlib/rcsetup.py::592,0.134256
lib/matplotlib/rcsetup.py::596,0.134256
lib/matplotlib/rcsetup.py::597,0.134256
lib/matplotlib/rcsetup.py::598,0.134256
lib/matplotlib/rcsetup.py::67,0.134256
lib/matplotlib/rcsetup.py::674,0.134256
lib/matplotlib/rcsetup.py::680,0.134256
lib/matplotlib/rcsetup.py::681,0.134256
lib/matplotlib/rcsetup.py::71,0.134256
lib/matplotlib/rcsetup.py::711,0.134256
lib/matplotlib/rcsetup.py::718,0.134256
lib/matplotlib/rcsetup.py::72,0.134256
lib/matplotlib/rcsetup.py::721,0.134256
lib/matplotlib/rcsetup.py::725,0.134256
lib/matplotlib/rcsetup.py::727,0.134256
lib/matplotlib/rcsetup.py::728,0.134256
lib/matplotlib/rcsetup.py::73,0.134256
lib/matplotlib/rcsetup.py::736,0.134256
lib/matplotlib/rcsetup.py::737,0.134256
lib/matplotlib/rcsetup.py::738,0.134256
lib/matplotlib/rcsetup.py::74,0.134256
lib/matplotlib/rcsetup.py::744,0.134256
lib/matplotlib/rcsetup.py::745,0.134256
lib/matplotlib/rcsetup.py::746,0.134256
lib/matplotlib/rcsetup.py::81,0.134256
lib/matplotlib/rcsetup.py::82,0.134256
lib/matplotlib/rcsetup.py::83,0.134256
lib/matplotlib/rcsetup.py::84,0.134256
lib/matplotlib/rcsetup.py::900,0.134256
lib/matplotlib/rcsetup.py::925,0.134256
lib/matplotlib/rcsetup.py::926,0.134256
lib/matplotlib/rcsetup.py::930,0.134256
lib/matplotlib/rcsetup.py::931,0.134256
lib/matplotlib/rcsetup.py::936,0.134256
lib/matplotlib/rcsetup.py::937,0.134256
lib/matplotlib/rcsetup.py::938,0.134256
lib/matplotlib/rcsetup.py::939,0.134256
lib/matplotlib/rcsetup.py::942,0.134256
lib/matplotlib/rcsetup.py::946,0.134256
lib/matplotlib/rcsetup.py::95,0.134256
lib/matplotlib/rcsetup.py::950,0.134256
lib/matplotlib/rcsetup.py::953,0.134256
lib/matplotlib/rcsetup.py::954,0.134256
lib/matplotlib/rcsetup.py::955,0.134256
lib/matplotlib/rcsetup.py::957,0.134256
lib/matplotlib/rcsetup.py::958,0.134256
lib/matplotlib/rcsetup.py::960,0.134256
lib/matplotlib/rcsetup.py::964,0.134256
lib/matplotlib/rcsetup.py::965,0.134256
lib/matplotlib/rcsetup.py::967,0.134256
lib/matplotlib/rcsetup.py::968,0.134256
lib/matplotlib/style/core.py::101,0.134256
lib/matplotlib/style/core.py::102,0.134256
lib/matplotlib/style/core.py::103,0.134256
lib/matplotlib/style/core.py::104,0.134256
lib/matplotlib/style/core.py::106,0.134256
lib/matplotlib/style/core.py::46,0.134256
lib/matplotlib/style/core.py::47,0.134256
lib/matplotlib/style/core.py::48,0.134256
lib/matplotlib/style/core.py::54,0.134256
lib/matplotlib/style/core.py::55,0.134256
lib/matplotlib/style/core.py::65,0.134256
lib/matplotlib/style/core.py::93,0.134256
lib/matplotlib/style/core.py::94,0.134256
lib/matplotlib/style/core.py::95,0.134256
lib/matplotlib/testing/__init__.py::21,0.134256
lib/matplotlib/testing/__init__.py::22,0.134256
lib/matplotlib/testing/__init__.py::23,0.134256
lib/matplotlib/testing/__init__.py::27,0.134256
lib/matplotlib/testing/__init__.py::34,0.134256
lib/matplotlib/testing/__init__.py::35,0.134256
lib/matplotlib/testing/__init__.py::36,0.134256
lib/matplotlib/testing/__init__.py::37,0.134256
lib/matplotlib/testing/__init__.py::38,0.134256
lib/matplotlib/testing/__init__.py::39,0.134256
lib/matplotlib/testing/__init__.py::40,0.134256
lib/matplotlib/testing/__init__.py::41,0.134256
lib/matplotlib/testing/__init__.py::44,0.134256
lib/matplotlib/testing/__init__.py::46,0.134256
lib/matplotlib/testing/__init__.py::47,0.134256
lib/matplotlib/testing/__init__.py::51,0.134256
lib/matplotlib/testing/__init__.py::52,0.134256
lib/matplotlib/testing/conftest.py::100,0.134256
lib/matplotlib/testing/conftest.py::34,0.134256
lib/matplotlib/testing/conftest.py::36,0.134256
lib/matplotlib/testing/conftest.py::38,0.134256
lib/matplotlib/testing/conftest.py::39,0.134256
lib/matplotlib/testing/conftest.py::40,0.134256
lib/matplotlib/testing/conftest.py::73,0.134256
lib/matplotlib/testing/conftest.py::74,0.134256
lib/matplotlib/testing/conftest.py::75,0.134256
lib/matplotlib/testing/conftest.py::80,0.134256
lib/matplotlib/testing/conftest.py::81,0.134256
lib/matplotlib/testing/conftest.py::95,0.134256
lib/matplotlib/testing/conftest.py::96,0.134256
lib/matplotlib/testing/conftest.py::97,0.134256
lib/matplotlib/testing/conftest.py::98,0.134256
lib/matplotlib/testing/decorators.py::28,0.134256
lib/matplotlib/testing/decorators.py::29,0.134256
lib/matplotlib/testing/decorators.py::30,0.134256
lib/matplotlib/testing/decorators.py::31,0.134256
lib/matplotlib/testing/decorators.py::33,0.134256
lib/matplotlib/testing/decorators.py::34,0.134256
lib/matplotlib/testing/decorators.py::35,0.134256
