Entity,Score
lib/matplotlib/axes/_axes.py::6539,0.436758
lib/matplotlib/axes/_axes.py::6540,0.436758
lib/matplotlib/axes/_axes.py::6542,0.436758
lib/matplotlib/axes/_axes.py::6545,0.436758
lib/matplotlib/axes/_axes.py::6549,0.436758
lib/matplotlib/axes/_axes.py::6550,0.436758
lib/matplotlib/axes/_axes.py::6551,0.436758
lib/matplotlib/axes/_axes.py::6552,0.436758
lib/matplotlib/axes/_axes.py::6553,0.436758
lib/matplotlib/axes/_axes.py::6555,0.436758
lib/matplotlib/axes/_axes.py::6559,0.436758
lib/matplotlib/collections.py::333,0.335229
lib/matplotlib/axes/_axes.py::6546,0.299941
lib/matplotlib/pyplot.py::2526,0.297032
lib/matplotlib/pyplot.py::2527,0.297032
lib/matplotlib/pyplot.py::2528,0.297032
lib/matplotlib/pyplot.py::2529,0.297032
lib/matplotlib/pyplot.py::2530,0.297032
lib/matplotlib/pyplot.py::2531,0.297032
lib/matplotlib/path.py::453,0.267874
lib/matplotlib/path.py::454,0.267874
lib/matplotlib/tests/test_axes.py::6218,0.254908
lib/matplotlib/tests/test_axes.py::6219,0.254908
lib/matplotlib/tests/test_axes.py::6220,0.254908
lib/matplotlib/tests/test_axes.py::6221,0.254908
lib/matplotlib/tests/test_axes.py::6223,0.254908
lib/matplotlib/tests/test_axes.py::6225,0.254908
lib/matplotlib/tests/test_axes.py::6226,0.254908
lib/matplotlib/tests/test_axes.py::6227,0.254908
lib/matplotlib/tests/test_axes.py::6228,0.254908
lib/matplotlib/tests/test_axes.py::6233,0.254908
lib/matplotlib/tests/test_axes.py::6234,0.254908
lib/matplotlib/tests/test_axes.py::6235,0.254908
lib/matplotlib/tests/test_axes.py::6236,0.254908
lib/matplotlib/tests/test_axes.py::6238,0.254908
lib/matplotlib/tests/test_axes.py::6240,0.254908
lib/matplotlib/tests/test_axes.py::6241,0.254908
lib/matplotlib/tests/test_axes.py::6242,0.254908
lib/matplotlib/tests/test_axes.py::6243,0.254908
lib/matplotlib/cbook/__init__.py::1610,0.247457
lib/matplotlib/cbook/__init__.py::1611,0.247457
lib/matplotlib/path.py::411,0.246540
lib/matplotlib/path.py::412,0.246540
lib/matplotlib/path.py::413,0.246540
lib/matplotlib/ticker.py::1974,0.246540
lib/matplotlib/__init__.py::1395,0.244973
lib/matplotlib/__init__.py::1396,0.244973
lib/matplotlib/collections.py::695,0.229614
lib/matplotlib/collections.py::696,0.229614
lib/matplotlib/axes/_axes.py::4264,0.222364
lib/matplotlib/transforms.py::1730,0.222364
lib/matplotlib/axes/_axes.py::6556,0.218716
lib/matplotlib/axes/_base.py::376,0.218716
lib/matplotlib/axes/_base.py::414,0.218716
lib/matplotlib/tests/test_axes.py::1786,0.218716
lib/matplotlib/tests/test_axes.py::1787,0.218716
lib/matplotlib/tests/test_axes.py::1788,0.218716
lib/matplotlib/tests/test_axes.py::1789,0.218716
lib/matplotlib/tests/test_axes.py::1790,0.218716
lib/matplotlib/tests/test_axes.py::1791,0.218716
lib/matplotlib/tests/test_axes.py::2615,0.218716
lib/matplotlib/tests/test_axes.py::2616,0.218716
lib/matplotlib/tests/test_axes.py::2617,0.218716
lib/matplotlib/tests/test_axes.py::2618,0.218716
lib/matplotlib/tests/test_axes.py::2619,0.218716
lib/matplotlib/tests/test_axes.py::3096,0.218716
lib/matplotlib/tests/test_axes.py::3097,0.218716
lib/matplotlib/tests/test_axes.py::3098,0.218716
lib/matplotlib/tests/test_axes.py::3099,0.218716
lib/matplotlib/tests/test_axes.py::3100,0.218716
lib/matplotlib/tests/test_axes.py::3134,0.218716
lib/matplotlib/tests/test_axes.py::3135,0.218716
lib/matplotlib/tests/test_axes.py::3136,0.218716
lib/matplotlib/tests/test_axes.py::3137,0.218716
lib/matplotlib/tests/test_axes.py::3138,0.218716
lib/matplotlib/tests/test_axes.py::3144,0.218716
lib/matplotlib/tests/test_axes.py::3145,0.218716
lib/matplotlib/tests/test_axes.py::3146,0.218716
lib/matplotlib/tests/test_axes.py::3147,0.218716
lib/matplotlib/tests/test_axes.py::3148,0.218716
lib/matplotlib/tests/test_axes.py::3149,0.218716
lib/matplotlib/tests/test_axes.py::3150,0.218716
lib/matplotlib/tests/test_axes.py::3195,0.218716
lib/matplotlib/tests/test_axes.py::3196,0.218716
lib/matplotlib/tests/test_axes.py::3197,0.218716
lib/matplotlib/tests/test_axes.py::3198,0.218716
lib/matplotlib/tests/test_axes.py::3199,0.218716
lib/matplotlib/tests/test_axes.py::3205,0.218716
lib/matplotlib/tests/test_axes.py::3206,0.218716
lib/matplotlib/tests/test_axes.py::3207,0.218716
lib/matplotlib/tests/test_axes.py::3208,0.218716
lib/matplotlib/tests/test_axes.py::3209,0.218716
lib/matplotlib/tests/test_axes.py::3215,0.218716
lib/matplotlib/tests/test_axes.py::3216,0.218716
lib/matplotlib/tests/test_axes.py::3217,0.218716
lib/matplotlib/tests/test_axes.py::3218,0.218716
lib/matplotlib/tests/test_axes.py::3275,0.218716
lib/matplotlib/tests/test_axes.py::3276,0.218716
lib/matplotlib/tests/test_axes.py::3277,0.218716
lib/matplotlib/tests/test_axes.py::3278,0.218716
lib/matplotlib/tests/test_axes.py::3279,0.218716
lib/matplotlib/tests/test_axes.py::3280,0.218716
lib/matplotlib/tests/test_axes.py::3281,0.218716
lib/matplotlib/tests/test_axes.py::3297,0.218716
lib/matplotlib/tests/test_axes.py::3298,0.218716
lib/matplotlib/tests/test_axes.py::3299,0.218716
lib/matplotlib/tests/test_axes.py::3300,0.218716
lib/matplotlib/tests/test_axes.py::3301,0.218716
lib/matplotlib/tests/test_axes.py::3302,0.218716
lib/matplotlib/tests/test_axes.py::3303,0.218716
lib/matplotlib/tests/test_axes.py::3317,0.218716
lib/matplotlib/tests/test_axes.py::3318,0.218716
lib/matplotlib/tests/test_axes.py::3319,0.218716
lib/matplotlib/tests/test_axes.py::3320,0.218716
lib/matplotlib/tests/test_axes.py::3321,0.218716
lib/matplotlib/tests/test_axes.py::3322,0.218716
lib/matplotlib/tests/test_axes.py::3323,0.218716
lib/matplotlib/tests/test_axes.py::3324,0.218716
lib/matplotlib/tests/test_axes.py::3340,0.218716
lib/matplotlib/tests/test_axes.py::3341,0.218716
lib/matplotlib/tests/test_axes.py::3342,0.218716
lib/matplotlib/tests/test_axes.py::3343,0.218716
lib/matplotlib/tests/test_axes.py::3344,0.218716
lib/matplotlib/tests/test_axes.py::3345,0.218716
lib/matplotlib/tests/test_axes.py::3346,0.218716
lib/matplotlib/tests/test_axes.py::3347,0.218716
lib/matplotlib/tests/test_axes.py::3363,0.218716
lib/matplotlib/tests/test_axes.py::3364,0.218716
lib/matplotlib/tests/test_axes.py::3365,0.218716
lib/matplotlib/tests/test_axes.py::3366,0.218716
lib/matplotlib/tests/test_axes.py::3367,0.218716
lib/matplotlib/tests/test_axes.py::3368,0.218716
lib/matplotlib/tests/test_axes.py::3369,0.218716
lib/matplotlib/tests/test_axes.py::3370,0.218716
lib/matplotlib/tests/test_axes.py::3371,0.218716
lib/matplotlib/tests/test_axes.py::3372,0.218716
lib/matplotlib/tests/test_axes.py::3373,0.218716
lib/matplotlib/tests/test_axes.py::3374,0.218716
lib/matplotlib/tests/test_axes.py::3375,0.218716
lib/matplotlib/tests/test_axes.py::3380,0.218716
lib/matplotlib/tests/test_axes.py::3381,0.218716
lib/matplotlib/tests/test_axes.py::3382,0.218716
lib/matplotlib/tests/test_axes.py::4770,0.218716
lib/matplotlib/tests/test_axes.py::4771,0.218716
lib/matplotlib/tests/test_axes.py::4772,0.218716
lib/matplotlib/tests/test_axes.py::4773,0.218716
lib/matplotlib/tests/test_axes.py::4774,0.218716
lib/matplotlib/tests/test_axes.py::4775,0.218716
lib/matplotlib/tests/test_axes.py::4776,0.218716
lib/matplotlib/tests/test_axes.py::4777,0.218716
lib/matplotlib/tests/test_axes.py::6045,0.218716
lib/matplotlib/axes/_axes.py::4462,0.218307
lib/matplotlib/axes/_axes.py::4468,0.218307
lib/matplotlib/axes/_axes.py::4469,0.218307
lib/matplotlib/ticker.py::2796,0.217980
lib/matplotlib/ticker.py::2797,0.217980
lib/matplotlib/ticker.py::2092,0.217463
lib/matplotlib/axes/_base.py::1124,0.217207
lib/matplotlib/axis.py::446,0.216951
lib/matplotlib/axis.py::517,0.216951
lib/matplotlib/axes/_base.py::2842,0.216695
lib/matplotlib/lines.py::69,0.216441
lib/matplotlib/patches.py::318,0.216188
lib/matplotlib/lines.py::44,0.214439
lib/matplotlib/lines.py::45,0.214439
lib/matplotlib/lines.py::60,0.214439
lib/matplotlib/lines.py::61,0.214439
lib/matplotlib/lines.py::62,0.214439
lib/matplotlib/axes/_axes.py::4458,0.214244
lib/matplotlib/axes/_axes.py::4459,0.214244
lib/matplotlib/axes/_axes.py::4460,0.214244
lib/matplotlib/lines.py::43,0.213947
lib/matplotlib/_pylab_helpers.py::85,0.212974
lib/matplotlib/_pylab_helpers.py::86,0.212974
lib/matplotlib/pyplot.py::586,0.212252
lib/matplotlib/axes/_axes.py::4439,0.210399
lib/matplotlib/axes/_axes.py::4440,0.210399
lib/matplotlib/axes/_axes.py::4441,0.210399
lib/matplotlib/axes/_axes.py::4445,0.210399
lib/matplotlib/axes/_axes.py::4446,0.210399
lib/matplotlib/axes/_axes.py::4447,0.210399
lib/matplotlib/axes/_axes.py::4450,0.210399
lib/matplotlib/axes/_axes.py::4453,0.210399
lib/matplotlib/axes/_axes.py::4454,0.210399
lib/matplotlib/figure.py::1368,0.203916
lib/matplotlib/pyplot.py::574,0.203916
lib/matplotlib/artist.py::753,0.203282
lib/matplotlib/artist.py::754,0.203282
lib/matplotlib/artist.py::755,0.203282
lib/matplotlib/artist.py::756,0.203282
lib/matplotlib/axes/_base.py::1000,0.203282
lib/matplotlib/axes/_base.py::615,0.203282
lib/matplotlib/axes/_base.py::616,0.203282
lib/matplotlib/axes/_base.py::617,0.203282
lib/matplotlib/axes/_base.py::618,0.203282
lib/matplotlib/axes/_base.py::619,0.203282
lib/matplotlib/axes/_base.py::620,0.203282
lib/matplotlib/axes/_base.py::621,0.203282
lib/matplotlib/axes/_base.py::679,0.203282
lib/matplotlib/axes/_base.py::684,0.203282
lib/matplotlib/axes/_base.py::685,0.203282
lib/matplotlib/axes/_base.py::689,0.203282
lib/matplotlib/axes/_base.py::690,0.203282
lib/matplotlib/axes/_base.py::695,0.203282
lib/matplotlib/axes/_base.py::697,0.203282
lib/matplotlib/axes/_base.py::698,0.203282
lib/matplotlib/axes/_base.py::699,0.203282
lib/matplotlib/axes/_base.py::700,0.203282
lib/matplotlib/axes/_base.py::715,0.203282
lib/matplotlib/axes/_base.py::716,0.203282
lib/matplotlib/axes/_base.py::717,0.203282
lib/matplotlib/axes/_base.py::719,0.203282
lib/matplotlib/axes/_base.py::720,0.203282
lib/matplotlib/axes/_base.py::722,0.203282
lib/matplotlib/axes/_base.py::746,0.203282
lib/matplotlib/axes/_base.py::747,0.203282
lib/matplotlib/axes/_base.py::748,0.203282
lib/matplotlib/axes/_base.py::749,0.203282
lib/matplotlib/axes/_base.py::750,0.203282
lib/matplotlib/axes/_base.py::772,0.203282
lib/matplotlib/axes/_base.py::773,0.203282
lib/matplotlib/axes/_base.py::774,0.203282
lib/matplotlib/axes/_base.py::775,0.203282
lib/matplotlib/axes/_base.py::776,0.203282
lib/matplotlib/axes/_base.py::791,0.203282
lib/matplotlib/axes/_base.py::792,0.203282
lib/matplotlib/axes/_base.py::793,0.203282
lib/matplotlib/axes/_base.py::795,0.203282
lib/matplotlib/axes/_base.py::796,0.203282
lib/matplotlib/axes/_base.py::798,0.203282
lib/matplotlib/axes/_base.py::822,0.203282
lib/matplotlib/axes/_base.py::823,0.203282
lib/matplotlib/axes/_base.py::824,0.203282
lib/matplotlib/axes/_base.py::825,0.203282
lib/matplotlib/axes/_base.py::826,0.203282
lib/matplotlib/axes/_base.py::848,0.203282
lib/matplotlib/axes/_base.py::849,0.203282
lib/matplotlib/axes/_base.py::850,0.203282
lib/matplotlib/axes/_base.py::851,0.203282
lib/matplotlib/axes/_base.py::852,0.203282
lib/matplotlib/axes/_base.py::982,0.203282
lib/matplotlib/axes/_base.py::999,0.203282
lib/matplotlib/axes/_subplots.py::44,0.203282
lib/matplotlib/axes/_subplots.py::45,0.203282
lib/matplotlib/projections/__init__.py::51,0.203282
lib/matplotlib/pyplot.py::576,0.203282
lib/matplotlib/spines.py::216,0.203282
lib/matplotlib/spines.py::218,0.203282
lib/matplotlib/spines.py::219,0.203282
lib/matplotlib/spines.py::229,0.203282
lib/matplotlib/spines.py::230,0.203282
lib/matplotlib/spines.py::231,0.203282
lib/matplotlib/spines.py::232,0.203282
lib/matplotlib/spines.py::238,0.203282
lib/matplotlib/spines.py::372,0.203282
lib/matplotlib/spines.py::375,0.203282
lib/matplotlib/spines.py::377,0.203282
lib/matplotlib/spines.py::380,0.203282
lib/matplotlib/spines.py::381,0.203282
lib/matplotlib/spines.py::382,0.203282
lib/matplotlib/spines.py::383,0.203282
lib/matplotlib/spines.py::384,0.203282
lib/matplotlib/spines.py::393,0.203282
lib/matplotlib/spines.py::395,0.203282
lib/matplotlib/spines.py::396,0.203282
lib/matplotlib/spines.py::401,0.203282
lib/matplotlib/spines.py::402,0.203282
lib/matplotlib/spines.py::403,0.203282
lib/matplotlib/spines.py::404,0.203282
lib/matplotlib/spines.py::405,0.203282
lib/matplotlib/spines.py::406,0.203282
lib/matplotlib/spines.py::407,0.203282
lib/matplotlib/spines.py::408,0.203282
lib/matplotlib/spines.py::412,0.203282
lib/matplotlib/spines.py::413,0.203282
lib/matplotlib/spines.py::414,0.203282
lib/matplotlib/spines.py::492,0.203282
lib/matplotlib/spines.py::493,0.203282
lib/matplotlib/spines.py::494,0.203282
lib/matplotlib/spines.py::495,0.203282
lib/matplotlib/transforms.py::2128,0.203282
lib/matplotlib/transforms.py::2129,0.203282
lib/matplotlib/transforms.py::2130,0.203282
lib/matplotlib/transforms.py::2131,0.203282
lib/matplotlib/transforms.py::2132,0.203282
lib/matplotlib/transforms.py::2263,0.203282
lib/matplotlib/gridspec.py::419,0.203073
lib/matplotlib/gridspec.py::631,0.203073
lib/matplotlib/axes/_subplots.py::43,0.202863
lib/matplotlib/figure.py::1422,0.202863
lib/matplotlib/gridspec.py::659,0.202709
lib/matplotlib/gridspec.py::660,0.202709
lib/matplotlib/gridspec.py::661,0.202709
lib/matplotlib/gridspec.py::662,0.202709
lib/matplotlib/gridspec.py::663,0.202709
lib/matplotlib/gridspec.py::665,0.202709
lib/matplotlib/gridspec.py::667,0.202709
lib/matplotlib/gridspec.py::671,0.202709
lib/matplotlib/gridspec.py::675,0.202709
lib/matplotlib/axes/_subplots.py::35,0.202655
lib/matplotlib/axes/_subplots.py::36,0.202655
lib/matplotlib/axes/_subplots.py::37,0.202655
lib/matplotlib/axes/_subplots.py::39,0.202655
lib/matplotlib/axes/_subplots.py::82,0.202655
lib/matplotlib/axes/_subplots.py::95,0.202655
lib/matplotlib/axes/_subplots.py::96,0.202655
lib/matplotlib/figure.py::1359,0.202655
lib/matplotlib/figure.py::1365,0.202655
lib/matplotlib/figure.py::1366,0.202655
lib/matplotlib/figure.py::1392,0.202655
lib/matplotlib/figure.py::1402,0.202655
lib/matplotlib/figure.py::1405,0.202655
lib/matplotlib/figure.py::1407,0.202655
lib/matplotlib/figure.py::1420,0.202655
lib/matplotlib/gridspec.py::101,0.202655
lib/matplotlib/gridspec.py::104,0.202655
lib/matplotlib/gridspec.py::121,0.202655
lib/matplotlib/gridspec.py::124,0.202655
lib/matplotlib/gridspec.py::155,0.202655
lib/matplotlib/gridspec.py::157,0.202655
lib/matplotlib/gridspec.py::165,0.202655
lib/matplotlib/gridspec.py::166,0.202655
lib/matplotlib/gridspec.py::167,0.202655
lib/matplotlib/gridspec.py::168,0.202655
lib/matplotlib/gridspec.py::169,0.202655
lib/matplotlib/gridspec.py::170,0.202655
lib/matplotlib/gridspec.py::171,0.202655
lib/matplotlib/gridspec.py::172,0.202655
lib/matplotlib/gridspec.py::173,0.202655
lib/matplotlib/gridspec.py::176,0.202655
lib/matplotlib/gridspec.py::177,0.202655
lib/matplotlib/gridspec.py::178,0.202655
lib/matplotlib/gridspec.py::182,0.202655
lib/matplotlib/gridspec.py::183,0.202655
lib/matplotlib/gridspec.py::184,0.202655
lib/matplotlib/gridspec.py::187,0.202655
lib/matplotlib/gridspec.py::188,0.202655
lib/matplotlib/gridspec.py::189,0.202655
lib/matplotlib/gridspec.py::193,0.202655
lib/matplotlib/gridspec.py::194,0.202655
lib/matplotlib/gridspec.py::195,0.202655
lib/matplotlib/gridspec.py::197,0.202655
lib/matplotlib/gridspec.py::198,0.202655
lib/matplotlib/gridspec.py::199,0.202655
lib/matplotlib/gridspec.py::203,0.202655
lib/matplotlib/gridspec.py::205,0.202655
lib/matplotlib/gridspec.py::206,0.202655
lib/matplotlib/gridspec.py::207,0.202655
lib/matplotlib/gridspec.py::214,0.202655
lib/matplotlib/gridspec.py::216,0.202655
lib/matplotlib/gridspec.py::217,0.202655
lib/matplotlib/gridspec.py::225,0.202655
lib/matplotlib/gridspec.py::236,0.202655
lib/matplotlib/gridspec.py::406,0.202655
lib/matplotlib/gridspec.py::407,0.202655
lib/matplotlib/gridspec.py::408,0.202655
lib/matplotlib/gridspec.py::409,0.202655
lib/matplotlib/gridspec.py::410,0.202655
lib/matplotlib/gridspec.py::411,0.202655
lib/matplotlib/gridspec.py::412,0.202655
lib/matplotlib/gridspec.py::414,0.202655
lib/matplotlib/gridspec.py::415,0.202655
lib/matplotlib/gridspec.py::416,0.202655
lib/matplotlib/gridspec.py::418,0.202655
lib/matplotlib/gridspec.py::47,0.202655
lib/matplotlib/gridspec.py::48,0.202655
lib/matplotlib/gridspec.py::484,0.202655
lib/matplotlib/gridspec.py::488,0.202655
lib/matplotlib/gridspec.py::49,0.202655
lib/matplotlib/gridspec.py::490,0.202655
lib/matplotlib/gridspec.py::492,0.202655
lib/matplotlib/gridspec.py::617,0.202655
lib/matplotlib/gridspec.py::618,0.202655
lib/matplotlib/gridspec.py::619,0.202655
lib/matplotlib/gridspec.py::620,0.202655
lib/matplotlib/gridspec.py::646,0.202655
lib/matplotlib/gridspec.py::685,0.202655
lib/matplotlib/gridspec.py::689,0.202655
lib/matplotlib/gridspec.py::695,0.202655
lib/matplotlib/gridspec.py::72,0.202655
lib/matplotlib/gridspec.py::736,0.202655
lib/matplotlib/gridspec.py::737,0.202655
lib/matplotlib/gridspec.py::738,0.202655
lib/matplotlib/gridspec.py::740,0.202655
lib/matplotlib/gridspec.py::742,0.202655
lib/matplotlib/gridspec.py::743,0.202655
lib/matplotlib/gridspec.py::744,0.202655
lib/matplotlib/gridspec.py::745,0.202655
lib/matplotlib/gridspec.py::746,0.202655
lib/matplotlib/gridspec.py::748,0.202655
lib/matplotlib/gridspec.py::749,0.202655
lib/matplotlib/spines.py::488,0.202655
lib/matplotlib/spines.py::489,0.202655
lib/matplotlib/spines.py::490,0.202655
lib/matplotlib/spines.py::491,0.202655
lib/matplotlib/spines.py::498,0.202655
lib/matplotlib/spines.py::499,0.202655
lib/matplotlib/spines.py::501,0.202655
lib/matplotlib/transforms.py::2570,0.202655
lib/matplotlib/transforms.py::2573,0.202655
lib/matplotlib/transforms.py::2574,0.202655
lib/matplotlib/transforms.py::2575,0.202655
lib/matplotlib/transforms.py::2576,0.202655
lib/matplotlib/transforms.py::2577,0.202655
lib/matplotlib/axis.py::1982,0.202447
lib/matplotlib/axis.py::1983,0.202447
lib/matplotlib/axis.py::1985,0.202447
lib/matplotlib/axis.py::1986,0.202447
lib/matplotlib/axis.py::2273,0.202447
lib/matplotlib/axis.py::2274,0.202447
lib/matplotlib/axis.py::2276,0.202447
lib/matplotlib/axis.py::2277,0.202447
lib/matplotlib/patches.py::769,0.202447
lib/matplotlib/patches.py::770,0.202447
lib/matplotlib/patches.py::771,0.202447
lib/matplotlib/patches.py::772,0.202447
lib/matplotlib/patches.py::773,0.202447
lib/matplotlib/patches.py::774,0.202447
lib/matplotlib/patches.py::784,0.202447
lib/matplotlib/patches.py::785,0.202447
lib/matplotlib/patches.py::786,0.202447
lib/matplotlib/patches.py::787,0.202447
lib/matplotlib/patches.py::788,0.202447
lib/matplotlib/patches.py::791,0.202447
lib/matplotlib/patches.py::792,0.202447
lib/matplotlib/rcsetup.py::214,0.202447
lib/matplotlib/rcsetup.py::215,0.202447
lib/matplotlib/style/core.py::105,0.202447
lib/matplotlib/style/core.py::117,0.202447
lib/matplotlib/style/core.py::118,0.202447
lib/matplotlib/transforms.py::1966,0.202447
lib/matplotlib/transforms.py::1967,0.202447
lib/matplotlib/__init__.py::1158,0.202239
lib/matplotlib/backend_bases.py::2614,0.202239
lib/matplotlib/cbook/__init__.py::221,0.202239
lib/matplotlib/cbook/__init__.py::222,0.202239
lib/matplotlib/cbook/__init__.py::223,0.202239
lib/matplotlib/cbook/__init__.py::224,0.202239
lib/matplotlib/cbook/__init__.py::95,0.202239
lib/matplotlib/figure.py::508,0.202239
lib/matplotlib/pyplot.py::656,0.202239
lib/matplotlib/transforms.py::180,0.202239
lib/matplotlib/transforms.py::181,0.202239
lib/matplotlib/transforms.py::182,0.202239
lib/matplotlib/transforms.py::183,0.202239
lib/matplotlib/transforms.py::2312,0.202239
lib/matplotlib/transforms.py::2313,0.202239
lib/matplotlib/transforms.py::2317,0.202239
lib/matplotlib/transforms.py::2318,0.202239
lib/matplotlib/transforms.py::2334,0.202239
lib/matplotlib/__init__.py::1146,0.202033
lib/matplotlib/_pylab_helpers.py::113,0.202033
lib/matplotlib/_pylab_helpers.py::114,0.202033
lib/matplotlib/_pylab_helpers.py::115,0.202033
lib/matplotlib/_pylab_helpers.py::116,0.202033
lib/matplotlib/_pylab_helpers.py::117,0.202033
lib/matplotlib/_pylab_helpers.py::118,0.202033
lib/matplotlib/_pylab_helpers.py::119,0.202033
lib/matplotlib/_pylab_helpers.py::121,0.202033
lib/matplotlib/_pylab_helpers.py::126,0.202033
lib/matplotlib/_pylab_helpers.py::127,0.202033
lib/matplotlib/_pylab_helpers.py::40,0.202033
lib/matplotlib/_pylab_helpers.py::41,0.202033
lib/matplotlib/_pylab_helpers.py::43,0.202033
lib/matplotlib/axes/_base.py::3078,0.202033
lib/matplotlib/axes/_base.py::3079,0.202033
lib/matplotlib/axes/_base.py::3080,0.202033
lib/matplotlib/axes/_base.py::3081,0.202033
lib/matplotlib/axes/_base.py::3082,0.202033
lib/matplotlib/axes/_base.py::3083,0.202033
lib/matplotlib/axes/_base.py::3084,0.202033
lib/matplotlib/axes/_base.py::3085,0.202033
lib/matplotlib/axes/_base.py::3086,0.202033
lib/matplotlib/axes/_base.py::3087,0.202033
lib/matplotlib/axes/_base.py::3088,0.202033
lib/matplotlib/axes/_base.py::3089,0.202033
lib/matplotlib/axes/_base.py::3090,0.202033
lib/matplotlib/axes/_base.py::3091,0.202033
lib/matplotlib/axes/_base.py::3092,0.202033
lib/matplotlib/axes/_base.py::3756,0.202033
lib/matplotlib/axes/_base.py::3772,0.202033
lib/matplotlib/axes/_base.py::478,0.202033
lib/matplotlib/axes/_base.py::516,0.202033
lib/matplotlib/axes/_base.py::517,0.202033
lib/matplotlib/axes/_base.py::519,0.202033
lib/matplotlib/axes/_base.py::520,0.202033
lib/matplotlib/axes/_base.py::522,0.202033
lib/matplotlib/axes/_base.py::524,0.202033
lib/matplotlib/axes/_base.py::527,0.202033
lib/matplotlib/axes/_base.py::529,0.202033
lib/matplotlib/axes/_base.py::530,0.202033
lib/matplotlib/axes/_base.py::531,0.202033
lib/matplotlib/axes/_base.py::533,0.202033
lib/matplotlib/axes/_base.py::534,0.202033
lib/matplotlib/axes/_base.py::535,0.202033
lib/matplotlib/axes/_base.py::537,0.202033
lib/matplotlib/axes/_base.py::538,0.202033
lib/matplotlib/axes/_base.py::539,0.202033
lib/matplotlib/axes/_base.py::540,0.202033
lib/matplotlib/axes/_base.py::541,0.202033
lib/matplotlib/axes/_base.py::543,0.202033
lib/matplotlib/axes/_base.py::544,0.202033
lib/matplotlib/axes/_base.py::545,0.202033
lib/matplotlib/axes/_base.py::546,0.202033
lib/matplotlib/axes/_base.py::547,0.202033
lib/matplotlib/axes/_base.py::548,0.202033
lib/matplotlib/axes/_base.py::549,0.202033
lib/matplotlib/axes/_base.py::551,0.202033
lib/matplotlib/axes/_base.py::553,0.202033
lib/matplotlib/axes/_base.py::554,0.202033
lib/matplotlib/axes/_base.py::555,0.202033
lib/matplotlib/axes/_base.py::556,0.202033
lib/matplotlib/axes/_base.py::558,0.202033
lib/matplotlib/axes/_base.py::559,0.202033
lib/matplotlib/axes/_base.py::560,0.202033
lib/matplotlib/axes/_base.py::561,0.202033
lib/matplotlib/axes/_base.py::562,0.202033
lib/matplotlib/axes/_base.py::563,0.202033
lib/matplotlib/axes/_base.py::564,0.202033
lib/matplotlib/axes/_base.py::566,0.202033
lib/matplotlib/axes/_base.py::568,0.202033
lib/matplotlib/axes/_base.py::569,0.202033
lib/matplotlib/axis.py::828,0.202033
lib/matplotlib/axis.py::829,0.202033
lib/matplotlib/axis.py::830,0.202033
lib/matplotlib/axis.py::833,0.202033
lib/matplotlib/axis.py::834,0.202033
lib/matplotlib/axis.py::835,0.202033
lib/matplotlib/axis.py::858,0.202033
lib/matplotlib/axis.py::860,0.202033
lib/matplotlib/axis.py::862,0.202033
lib/matplotlib/axis.py::864,0.202033
lib/matplotlib/axis.py::866,0.202033
lib/matplotlib/axis.py::868,0.202033
lib/matplotlib/axis.py::870,0.202033
lib/matplotlib/axis.py::872,0.202033
lib/matplotlib/backend_bases.py::2248,0.202033
lib/matplotlib/backend_bases.py::2592,0.202033
lib/matplotlib/backend_bases.py::2593,0.202033
lib/matplotlib/backend_bases.py::2594,0.202033
lib/matplotlib/backend_bases.py::2596,0.202033
lib/matplotlib/backend_bases.py::2597,0.202033
lib/matplotlib/backend_bases.py::2598,0.202033
lib/matplotlib/backend_bases.py::2599,0.202033
lib/matplotlib/backend_bases.py::2600,0.202033
lib/matplotlib/backend_bases.py::2601,0.202033
lib/matplotlib/backend_bases.py::2602,0.202033
lib/matplotlib/backend_bases.py::2603,0.202033
lib/matplotlib/backend_bases.py::2604,0.202033
lib/matplotlib/backend_bases.py::2607,0.202033
lib/matplotlib/backend_bases.py::2608,0.202033
lib/matplotlib/backend_bases.py::2609,0.202033
lib/matplotlib/backend_bases.py::2611,0.202033
lib/matplotlib/backend_bases.py::2631,0.202033
lib/matplotlib/backend_bases.py::3370,0.202033
lib/matplotlib/backend_bases.py::3371,0.202033
lib/matplotlib/backend_bases.py::3372,0.202033
lib/matplotlib/backend_bases.py::3373,0.202033
lib/matplotlib/backend_bases.py::3378,0.202033
lib/matplotlib/backend_bases.py::3379,0.202033
lib/matplotlib/backend_bases.py::3380,0.202033
lib/matplotlib/backend_bases.py::3384,0.202033
lib/matplotlib/cbook/__init__.py::187,0.202033
lib/matplotlib/cbook/__init__.py::190,0.202033
lib/matplotlib/cbook/__init__.py::191,0.202033
lib/matplotlib/cbook/__init__.py::192,0.202033
lib/matplotlib/cbook/__init__.py::193,0.202033
lib/matplotlib/cbook/__init__.py::194,0.202033
lib/matplotlib/cbook/__init__.py::195,0.202033
lib/matplotlib/cbook/__init__.py::196,0.202033
lib/matplotlib/cbook/__init__.py::197,0.202033
lib/matplotlib/cbook/__init__.py::201,0.202033
lib/matplotlib/cbook/__init__.py::202,0.202033
lib/matplotlib/cbook/__init__.py::203,0.202033
lib/matplotlib/cbook/__init__.py::207,0.202033
lib/matplotlib/cbook/__init__.py::208,0.202033
lib/matplotlib/cbook/__init__.py::209,0.202033
lib/matplotlib/cbook/__init__.py::210,0.202033
lib/matplotlib/cbook/__init__.py::211,0.202033
lib/matplotlib/cbook/__init__.py::572,0.202033
lib/matplotlib/cbook/__init__.py::573,0.202033
lib/matplotlib/cbook/__init__.py::574,0.202033
lib/matplotlib/cbook/__init__.py::605,0.202033
lib/matplotlib/cbook/__init__.py::607,0.202033
lib/matplotlib/cbook/__init__.py::608,0.202033
lib/matplotlib/cbook/__init__.py::609,0.202033
lib/matplotlib/cbook/__init__.py::610,0.202033
lib/matplotlib/cbook/__init__.py::611,0.202033
lib/matplotlib/cbook/__init__.py::612,0.202033
lib/matplotlib/cbook/__init__.py::615,0.202033
lib/matplotlib/cbook/__init__.py::616,0.202033
lib/matplotlib/cbook/__init__.py::617,0.202033
lib/matplotlib/figure.py::103,0.202033
lib/matplotlib/figure.py::1102,0.202033
lib/matplotlib/figure.py::116,0.202033
lib/matplotlib/figure.py::117,0.202033
lib/matplotlib/figure.py::118,0.202033
lib/matplotlib/figure.py::122,0.202033
lib/matplotlib/figure.py::123,0.202033
lib/matplotlib/figure.py::129,0.202033
lib/matplotlib/figure.py::131,0.202033
lib/matplotlib/figure.py::132,0.202033
lib/matplotlib/figure.py::140,0.202033
lib/matplotlib/figure.py::1426,0.202033
lib/matplotlib/figure.py::1427,0.202033
lib/matplotlib/figure.py::1428,0.202033
lib/matplotlib/figure.py::1429,0.202033
lib/matplotlib/figure.py::143,0.202033
lib/matplotlib/figure.py::1430,0.202033
lib/matplotlib/figure.py::1431,0.202033
lib/matplotlib/figure.py::144,0.202033
lib/matplotlib/figure.py::147,0.202033
lib/matplotlib/figure.py::150,0.202033
lib/matplotlib/figure.py::1884,0.202033
lib/matplotlib/figure.py::1885,0.202033
lib/matplotlib/figure.py::1886,0.202033
lib/matplotlib/figure.py::1980,0.202033
lib/matplotlib/figure.py::91,0.202033
lib/matplotlib/figure.py::92,0.202033
lib/matplotlib/projections/__init__.py::21,0.202033
lib/matplotlib/projections/__init__.py::50,0.202033
lib/matplotlib/projections/__init__.py::53,0.202033
lib/matplotlib/projections/__init__.py::54,0.202033
lib/matplotlib/pyplot.py::212,0.202033
lib/matplotlib/pyplot.py::213,0.202033
lib/matplotlib/pyplot.py::288,0.202033
lib/matplotlib/pyplot.py::298,0.202033
lib/matplotlib/pyplot.py::299,0.202033
lib/matplotlib/pyplot.py::304,0.202033
lib/matplotlib/pyplot.py::573,0.202033
lib/matplotlib/pyplot.py::575,0.202033
lib/matplotlib/pyplot.py::577,0.202033
lib/matplotlib/pyplot.py::578,0.202033
lib/matplotlib/pyplot.py::579,0.202033
lib/matplotlib/pyplot.py::580,0.202033
lib/matplotlib/pyplot.py::582,0.202033
lib/matplotlib/pyplot.py::583,0.202033
lib/matplotlib/pyplot.py::584,0.202033
lib/matplotlib/pyplot.py::585,0.202033
lib/matplotlib/pyplot.py::601,0.202033
lib/matplotlib/pyplot.py::602,0.202033
lib/matplotlib/pyplot.py::603,0.202033
lib/matplotlib/pyplot.py::605,0.202033
lib/matplotlib/pyplot.py::615,0.202033
lib/matplotlib/pyplot.py::618,0.202033
lib/matplotlib/pyplot.py::619,0.202033
lib/matplotlib/pyplot.py::620,0.202033
lib/matplotlib/pyplot.py::621,0.202033
lib/matplotlib/pyplot.py::622,0.202033
lib/matplotlib/pyplot.py::623,0.202033
lib/matplotlib/pyplot.py::624,0.202033
lib/matplotlib/pyplot.py::625,0.202033
lib/matplotlib/pyplot.py::626,0.202033
lib/matplotlib/pyplot.py::629,0.202033
lib/matplotlib/pyplot.py::635,0.202033
lib/matplotlib/pyplot.py::637,0.202033
lib/matplotlib/pyplot.py::638,0.202033
lib/matplotlib/pyplot.py::640,0.202033
lib/matplotlib/pyplot.py::643,0.202033
lib/matplotlib/pyplot.py::688,0.202033
lib/matplotlib/transforms.py::1929,0.202033
lib/matplotlib/transforms.py::1930,0.202033
lib/matplotlib/transforms.py::1931,0.202033
lib/matplotlib/transforms.py::1932,0.202033
lib/matplotlib/transforms.py::1933,0.202033
lib/matplotlib/transforms.py::1934,0.202033
lib/matplotlib/transforms.py::1935,0.202033
lib/matplotlib/transforms.py::1945,0.202033
lib/matplotlib/artist.py::100,0.201827
lib/matplotlib/artist.py::1000,0.201827
lib/matplotlib/artist.py::1001,0.201827
lib/matplotlib/artist.py::1002,0.201827
lib/matplotlib/artist.py::1006,0.201827
lib/matplotlib/artist.py::101,0.201827
lib/matplotlib/artist.py::1017,0.201827
lib/matplotlib/artist.py::1018,0.201827
lib/matplotlib/artist.py::102,0.201827
lib/matplotlib/artist.py::1021,0.201827
lib/matplotlib/artist.py::1022,0.201827
lib/matplotlib/artist.py::103,0.201827
lib/matplotlib/artist.py::1037,0.201827
lib/matplotlib/artist.py::1039,0.201827
lib/matplotlib/artist.py::104,0.201827
lib/matplotlib/artist.py::1040,0.201827
lib/matplotlib/artist.py::1041,0.201827
lib/matplotlib/artist.py::105,0.201827
lib/matplotlib/artist.py::106,0.201827
lib/matplotlib/artist.py::1088,0.201827
lib/matplotlib/artist.py::1089,0.201827
lib/matplotlib/artist.py::1090,0.201827
lib/matplotlib/artist.py::1091,0.201827
lib/matplotlib/artist.py::1092,0.201827
lib/matplotlib/artist.py::1093,0.201827
lib/matplotlib/artist.py::1094,0.201827
lib/matplotlib/artist.py::1096,0.201827
lib/matplotlib/artist.py::1098,0.201827
lib/matplotlib/artist.py::1099,0.201827
lib/matplotlib/artist.py::1100,0.201827
lib/matplotlib/artist.py::1111,0.201827
lib/matplotlib/artist.py::1113,0.201827
lib/matplotlib/artist.py::1222,0.201827
lib/matplotlib/artist.py::172,0.201827
lib/matplotlib/artist.py::173,0.201827
lib/matplotlib/artist.py::174,0.201827
lib/matplotlib/artist.py::175,0.201827
lib/matplotlib/artist.py::184,0.201827
lib/matplotlib/artist.py::185,0.201827
lib/matplotlib/artist.py::186,0.201827
lib/matplotlib/artist.py::187,0.201827
lib/matplotlib/artist.py::192,0.201827
lib/matplotlib/artist.py::196,0.201827
lib/matplotlib/artist.py::201,0.201827
lib/matplotlib/artist.py::202,0.201827
lib/matplotlib/artist.py::203,0.201827
lib/matplotlib/artist.py::215,0.201827
lib/matplotlib/artist.py::220,0.201827
lib/matplotlib/artist.py::223,0.201827
lib/matplotlib/artist.py::224,0.201827
lib/matplotlib/artist.py::343,0.201827
lib/matplotlib/artist.py::352,0.201827
lib/matplotlib/artist.py::362,0.201827
lib/matplotlib/artist.py::363,0.201827
lib/matplotlib/artist.py::364,0.201827
lib/matplotlib/artist.py::365,0.201827
lib/matplotlib/artist.py::369,0.201827
lib/matplotlib/artist.py::371,0.201827
lib/matplotlib/artist.py::374,0.201827
lib/matplotlib/artist.py::53,0.201827
lib/matplotlib/artist.py::54,0.201827
lib/matplotlib/artist.py::696,0.201827
lib/matplotlib/artist.py::70,0.201827
lib/matplotlib/artist.py::703,0.201827
lib/matplotlib/artist.py::706,0.201827
lib/matplotlib/artist.py::707,0.201827
lib/matplotlib/artist.py::708,0.201827
lib/matplotlib/artist.py::709,0.201827
lib/matplotlib/artist.py::71,0.201827
lib/matplotlib/artist.py::719,0.201827
lib/matplotlib/artist.py::72,0.201827
lib/matplotlib/artist.py::720,0.201827
lib/matplotlib/artist.py::721,0.201827
lib/matplotlib/artist.py::73,0.201827
lib/matplotlib/artist.py::748,0.201827
lib/matplotlib/artist.py::75,0.201827
lib/matplotlib/artist.py::750,0.201827
lib/matplotlib/artist.py::751,0.201827
lib/matplotlib/artist.py::752,0.201827
lib/matplotlib/artist.py::76,0.201827
lib/matplotlib/artist.py::763,0.201827
lib/matplotlib/artist.py::766,0.201827
lib/matplotlib/artist.py::769,0.201827
lib/matplotlib/artist.py::77,0.201827
lib/matplotlib/artist.py::772,0.201827
lib/matplotlib/artist.py::776,0.201827
lib/matplotlib/artist.py::78,0.201827
lib/matplotlib/artist.py::782,0.201827
lib/matplotlib/artist.py::783,0.201827
lib/matplotlib/artist.py::79,0.201827
lib/matplotlib/artist.py::794,0.201827
lib/matplotlib/artist.py::798,0.201827
lib/matplotlib/artist.py::80,0.201827
lib/matplotlib/artist.py::81,0.201827
lib/matplotlib/artist.py::82,0.201827
lib/matplotlib/artist.py::83,0.201827
lib/matplotlib/artist.py::84,0.201827
lib/matplotlib/artist.py::85,0.201827
lib/matplotlib/artist.py::86,0.201827
lib/matplotlib/artist.py::87,0.201827
lib/matplotlib/artist.py::90,0.201827
lib/matplotlib/artist.py::91,0.201827
lib/matplotlib/artist.py::92,0.201827
lib/matplotlib/artist.py::929,0.201827
lib/matplotlib/artist.py::93,0.201827
lib/matplotlib/artist.py::931,0.201827
lib/matplotlib/artist.py::932,0.201827
lib/matplotlib/artist.py::933,0.201827
lib/matplotlib/artist.py::94,0.201827
lib/matplotlib/artist.py::943,0.201827
lib/matplotlib/artist.py::944,0.201827
lib/matplotlib/artist.py::945,0.201827
lib/matplotlib/artist.py::95,0.201827
lib/matplotlib/artist.py::96,0.201827
lib/matplotlib/artist.py::970,0.201827
lib/matplotlib/artist.py::98,0.201827
lib/matplotlib/artist.py::980,0.201827
lib/matplotlib/artist.py::981,0.201827
lib/matplotlib/artist.py::982,0.201827
lib/matplotlib/artist.py::983,0.201827
lib/matplotlib/artist.py::99,0.201827
lib/matplotlib/artist.py::991,0.201827
lib/matplotlib/artist.py::994,0.201827
lib/matplotlib/artist.py::995,0.201827
lib/matplotlib/artist.py::998,0.201827
lib/matplotlib/artist.py::999,0.201827
lib/matplotlib/axes/_base.py::1045,0.201827
lib/matplotlib/axes/_base.py::1048,0.201827
lib/matplotlib/axes/_base.py::1050,0.201827
lib/matplotlib/axes/_base.py::1051,0.201827
lib/matplotlib/axes/_base.py::1053,0.201827
lib/matplotlib/axes/_base.py::1054,0.201827
lib/matplotlib/axes/_base.py::1056,0.201827
lib/matplotlib/axes/_base.py::1057,0.201827
lib/matplotlib/axes/_base.py::1059,0.201827
lib/matplotlib/axes/_base.py::1060,0.201827
lib/matplotlib/axes/_base.py::1062,0.201827
lib/matplotlib/axes/_base.py::1065,0.201827
lib/matplotlib/axes/_base.py::1066,0.201827
lib/matplotlib/axes/_base.py::1067,0.201827
lib/matplotlib/axes/_base.py::1070,0.201827
lib/matplotlib/axes/_base.py::1073,0.201827
lib/matplotlib/axes/_base.py::1074,0.201827
lib/matplotlib/axes/_base.py::1075,0.201827
lib/matplotlib/axes/_base.py::1080,0.201827
lib/matplotlib/axes/_base.py::1082,0.201827
lib/matplotlib/axes/_base.py::1085,0.201827
lib/matplotlib/axes/_base.py::1086,0.201827
lib/matplotlib/axes/_base.py::1087,0.201827
lib/matplotlib/axes/_base.py::1088,0.201827
lib/matplotlib/axes/_base.py::1089,0.201827
lib/matplotlib/axes/_base.py::1090,0.201827
lib/matplotlib/axes/_base.py::1091,0.201827
lib/matplotlib/axes/_base.py::1092,0.201827
lib/matplotlib/axes/_base.py::1093,0.201827
lib/matplotlib/axes/_base.py::1095,0.201827
lib/matplotlib/axes/_base.py::1096,0.201827
lib/matplotlib/axes/_base.py::1098,0.201827
lib/matplotlib/axes/_base.py::1099,0.201827
lib/matplotlib/axes/_base.py::1100,0.201827
lib/matplotlib/axes/_base.py::1101,0.201827
lib/matplotlib/axes/_base.py::1102,0.201827
lib/matplotlib/axes/_base.py::1103,0.201827
lib/matplotlib/axes/_base.py::1104,0.201827
lib/matplotlib/axes/_base.py::1105,0.201827
lib/matplotlib/axes/_base.py::1106,0.201827
lib/matplotlib/axes/_base.py::1107,0.201827
lib/matplotlib/axes/_base.py::1108,0.201827
lib/matplotlib/axes/_base.py::1109,0.201827
lib/matplotlib/axes/_base.py::1110,0.201827
lib/matplotlib/axes/_base.py::1112,0.201827
lib/matplotlib/axes/_base.py::1113,0.201827
lib/matplotlib/axes/_base.py::1114,0.201827
lib/matplotlib/axes/_base.py::1115,0.201827
lib/matplotlib/axes/_base.py::1116,0.201827
lib/matplotlib/axes/_base.py::1117,0.201827
lib/matplotlib/axes/_base.py::1119,0.201827
lib/matplotlib/axes/_base.py::1120,0.201827
lib/matplotlib/axes/_base.py::1126,0.201827
lib/matplotlib/axes/_base.py::1127,0.201827
lib/matplotlib/axes/_base.py::1128,0.201827
lib/matplotlib/axes/_base.py::1129,0.201827
lib/matplotlib/axes/_base.py::1130,0.201827
lib/matplotlib/axes/_base.py::1132,0.201827
lib/matplotlib/axes/_base.py::1133,0.201827
lib/matplotlib/axes/_base.py::1134,0.201827
lib/matplotlib/axes/_base.py::1135,0.201827
lib/matplotlib/axes/_base.py::1136,0.201827
lib/matplotlib/axes/_base.py::1137,0.201827
lib/matplotlib/axes/_base.py::1138,0.201827
lib/matplotlib/axes/_base.py::1139,0.201827
lib/matplotlib/axes/_base.py::1140,0.201827
lib/matplotlib/axes/_base.py::1141,0.201827
lib/matplotlib/axes/_base.py::1143,0.201827
lib/matplotlib/axes/_base.py::1146,0.201827
lib/matplotlib/axes/_base.py::1148,0.201827
lib/matplotlib/axes/_base.py::1149,0.201827
lib/matplotlib/axes/_base.py::1154,0.201827
lib/matplotlib/axes/_base.py::1155,0.201827
lib/matplotlib/axes/_base.py::1156,0.201827
lib/matplotlib/axes/_base.py::1157,0.201827
lib/matplotlib/axes/_base.py::1158,0.201827
lib/matplotlib/axes/_base.py::1159,0.201827
lib/matplotlib/axes/_base.py::1161,0.201827
lib/matplotlib/axes/_base.py::1163,0.201827
lib/matplotlib/axes/_base.py::1164,0.201827
lib/matplotlib/axes/_base.py::1166,0.201827
lib/matplotlib/axes/_base.py::1167,0.201827
lib/matplotlib/axes/_base.py::1168,0.201827
lib/matplotlib/axes/_base.py::1171,0.201827
lib/matplotlib/axes/_base.py::1175,0.201827
lib/matplotlib/axes/_base.py::1202,0.201827
lib/matplotlib/axes/_base.py::1203,0.201827
lib/matplotlib/axes/_base.py::1204,0.201827
lib/matplotlib/axes/_base.py::1205,0.201827
lib/matplotlib/axes/_base.py::1206,0.201827
lib/matplotlib/axes/_base.py::1207,0.201827
lib/matplotlib/axes/_base.py::1459,0.201827
lib/matplotlib/axes/_base.py::1460,0.201827
lib/matplotlib/axes/_base.py::1462,0.201827
lib/matplotlib/axes/_base.py::1469,0.201827
lib/matplotlib/axes/_base.py::1470,0.201827
lib/matplotlib/axes/_base.py::1471,0.201827
lib/matplotlib/axes/_base.py::186,0.201827
lib/matplotlib/axes/_base.py::187,0.201827
lib/matplotlib/axes/_base.py::188,0.201827
lib/matplotlib/axes/_base.py::200,0.201827
lib/matplotlib/axes/_base.py::201,0.201827
lib/matplotlib/axes/_base.py::205,0.201827
lib/matplotlib/axes/_base.py::207,0.201827
lib/matplotlib/axes/_base.py::2170,0.201827
lib/matplotlib/axes/_base.py::2172,0.201827
lib/matplotlib/axes/_base.py::2175,0.201827
lib/matplotlib/axes/_base.py::2177,0.201827
lib/matplotlib/axes/_base.py::2178,0.201827
lib/matplotlib/axes/_base.py::2181,0.201827
lib/matplotlib/axes/_base.py::2193,0.201827
lib/matplotlib/axes/_base.py::2195,0.201827
lib/matplotlib/axes/_base.py::2196,0.201827
lib/matplotlib/axes/_base.py::2197,0.201827
lib/matplotlib/axes/_base.py::2591,0.201827
lib/matplotlib/axes/_base.py::2838,0.201827
lib/matplotlib/axes/_base.py::2839,0.201827
lib/matplotlib/axes/_base.py::2841,0.201827
lib/matplotlib/axes/_base.py::2847,0.201827
lib/matplotlib/axes/_base.py::2848,0.201827
lib/matplotlib/axes/_base.py::2849,0.201827
lib/matplotlib/axes/_base.py::2888,0.201827
lib/matplotlib/axes/_base.py::2890,0.201827
lib/matplotlib/axes/_base.py::2891,0.201827
lib/matplotlib/axes/_base.py::2892,0.201827
lib/matplotlib/axes/_base.py::2893,0.201827
lib/matplotlib/axes/_base.py::2894,0.201827
lib/matplotlib/axes/_base.py::3109,0.201827
lib/matplotlib/axes/_base.py::3110,0.201827
lib/matplotlib/axes/_base.py::3209,0.201827
lib/matplotlib/axes/_base.py::3210,0.201827
lib/matplotlib/axes/_base.py::3211,0.201827
lib/matplotlib/axes/_base.py::3212,0.201827
lib/matplotlib/axes/_base.py::3214,0.201827
lib/matplotlib/axes/_base.py::3284,0.201827
lib/matplotlib/axes/_base.py::3286,0.201827
lib/matplotlib/axes/_base.py::3290,0.201827
lib/matplotlib/axes/_base.py::3295,0.201827
lib/matplotlib/axes/_base.py::3296,0.201827
lib/matplotlib/axes/_base.py::3297,0.201827
lib/matplotlib/axes/_base.py::3299,0.201827
lib/matplotlib/axes/_base.py::3308,0.201827
lib/matplotlib/axes/_base.py::3324,0.201827
lib/matplotlib/axes/_base.py::3328,0.201827
lib/matplotlib/axes/_base.py::3329,0.201827
lib/matplotlib/axes/_base.py::3330,0.201827
lib/matplotlib/axes/_base.py::3332,0.201827
lib/matplotlib/axes/_base.py::3334,0.201827
lib/matplotlib/axes/_base.py::3335,0.201827
lib/matplotlib/axes/_base.py::3336,0.201827
lib/matplotlib/axes/_base.py::3338,0.201827
lib/matplotlib/axes/_base.py::3339,0.201827
lib/matplotlib/axes/_base.py::3341,0.201827
lib/matplotlib/axes/_base.py::3342,0.201827
lib/matplotlib/axes/_base.py::3347,0.201827
lib/matplotlib/axes/_base.py::3348,0.201827
lib/matplotlib/axes/_base.py::3552,0.201827
lib/matplotlib/axes/_base.py::3554,0.201827
lib/matplotlib/axes/_base.py::3558,0.201827
lib/matplotlib/axes/_base.py::3563,0.201827
lib/matplotlib/axes/_base.py::3564,0.201827
lib/matplotlib/axes/_base.py::3565,0.201827
lib/matplotlib/axes/_base.py::3567,0.201827
lib/matplotlib/axes/_base.py::3576,0.201827
lib/matplotlib/axes/_base.py::3592,0.201827
lib/matplotlib/axes/_base.py::3597,0.201827
lib/matplotlib/axes/_base.py::3598,0.201827
lib/matplotlib/axes/_base.py::3599,0.201827
lib/matplotlib/axes/_base.py::3601,0.201827
lib/matplotlib/axes/_base.py::3603,0.201827
lib/matplotlib/axes/_base.py::3604,0.201827
lib/matplotlib/axes/_base.py::3605,0.201827
lib/matplotlib/axes/_base.py::3607,0.201827
lib/matplotlib/axes/_base.py::3608,0.201827
lib/matplotlib/axes/_base.py::3610,0.201827
lib/matplotlib/axes/_base.py::3611,0.201827
lib/matplotlib/axes/_base.py::3616,0.201827
lib/matplotlib/axes/_base.py::3617,0.201827
lib/matplotlib/axes/_base.py::476,0.201827
lib/matplotlib/axes/_base.py::477,0.201827
lib/matplotlib/axes/_base.py::481,0.201827
lib/matplotlib/axes/_base.py::483,0.201827
lib/matplotlib/axes/_base.py::484,0.201827
lib/matplotlib/axes/_base.py::485,0.201827
lib/matplotlib/axes/_base.py::486,0.201827
lib/matplotlib/axes/_base.py::487,0.201827
lib/matplotlib/axes/_base.py::488,0.201827
lib/matplotlib/axes/_base.py::489,0.201827
lib/matplotlib/axes/_base.py::490,0.201827
lib/matplotlib/axes/_base.py::491,0.201827
lib/matplotlib/axes/_base.py::492,0.201827
lib/matplotlib/axes/_base.py::493,0.201827
lib/matplotlib/axes/_base.py::494,0.201827
lib/matplotlib/axes/_base.py::495,0.201827
lib/matplotlib/axes/_base.py::497,0.201827
lib/matplotlib/axes/_base.py::500,0.201827
lib/matplotlib/axes/_base.py::501,0.201827
lib/matplotlib/axes/_base.py::502,0.201827
lib/matplotlib/axes/_base.py::503,0.201827
lib/matplotlib/axes/_base.py::504,0.201827
lib/matplotlib/axes/_base.py::505,0.201827
lib/matplotlib/axes/_base.py::507,0.201827
lib/matplotlib/axes/_base.py::508,0.201827
lib/matplotlib/axes/_base.py::510,0.201827
lib/matplotlib/axes/_base.py::512,0.201827
lib/matplotlib/axes/_base.py::625,0.201827
lib/matplotlib/axes/_base.py::627,0.201827
lib/matplotlib/axes/_base.py::628,0.201827
lib/matplotlib/axes/_base.py::63,0.201827
lib/matplotlib/axes/_base.py::630,0.201827
lib/matplotlib/axes/_base.py::631,0.201827
lib/matplotlib/axes/_base.py::632,0.201827
lib/matplotlib/axes/_base.py::633,0.201827
lib/matplotlib/axes/_base.py::635,0.201827
lib/matplotlib/axes/_base.py::855,0.201827
lib/matplotlib/axes/_base.py::856,0.201827
lib/matplotlib/axes/_base.py::857,0.201827
lib/matplotlib/axes/_base.py::858,0.201827
lib/matplotlib/axes/_base.py::959,0.201827
lib/matplotlib/axes/_base.py::960,0.201827
lib/matplotlib/axes/_base.py::963,0.201827
lib/matplotlib/axes/_base.py::964,0.201827
lib/matplotlib/axis.py::100,0.201827
lib/matplotlib/axis.py::102,0.201827
lib/matplotlib/axis.py::103,0.201827
lib/matplotlib/axis.py::105,0.201827
lib/matplotlib/axis.py::107,0.201827
lib/matplotlib/axis.py::108,0.201827
lib/matplotlib/axis.py::109,0.201827
lib/matplotlib/axis.py::111,0.201827
lib/matplotlib/axis.py::112,0.201827
lib/matplotlib/axis.py::113,0.201827
lib/matplotlib/axis.py::115,0.201827
lib/matplotlib/axis.py::116,0.201827
lib/matplotlib/axis.py::118,0.201827
lib/matplotlib/axis.py::119,0.201827
lib/matplotlib/axis.py::120,0.201827
lib/matplotlib/axis.py::122,0.201827
lib/matplotlib/axis.py::123,0.201827
lib/matplotlib/axis.py::125,0.201827
lib/matplotlib/axis.py::126,0.201827
lib/matplotlib/axis.py::128,0.201827
lib/matplotlib/axis.py::130,0.201827
lib/matplotlib/axis.py::131,0.201827
lib/matplotlib/axis.py::132,0.201827
lib/matplotlib/axis.py::1336,0.201827
lib/matplotlib/axis.py::134,0.201827
lib/matplotlib/axis.py::135,0.201827
lib/matplotlib/axis.py::137,0.201827
lib/matplotlib/axis.py::138,0.201827
lib/matplotlib/axis.py::139,0.201827
lib/matplotlib/axis.py::140,0.201827
lib/matplotlib/axis.py::1400,0.201827
lib/matplotlib/axis.py::1406,0.201827
lib/matplotlib/axis.py::1407,0.201827
lib/matplotlib/axis.py::1408,0.201827
lib/matplotlib/axis.py::141,0.201827
lib/matplotlib/axis.py::1410,0.201827
lib/matplotlib/axis.py::1417,0.201827
lib/matplotlib/axis.py::1418,0.201827
lib/matplotlib/axis.py::142,0.201827
lib/matplotlib/axis.py::1421,0.201827
lib/matplotlib/axis.py::1422,0.201827
lib/matplotlib/axis.py::1423,0.201827
lib/matplotlib/axis.py::1424,0.201827
lib/matplotlib/axis.py::143,0.201827
lib/matplotlib/axis.py::1432,0.201827
lib/matplotlib/axis.py::1433,0.201827
lib/matplotlib/axis.py::1434,0.201827
lib/matplotlib/axis.py::144,0.201827
lib/matplotlib/axis.py::145,0.201827
lib/matplotlib/axis.py::147,0.201827
lib/matplotlib/axis.py::1482,0.201827
lib/matplotlib/axis.py::1486,0.201827
lib/matplotlib/axis.py::1487,0.201827
lib/matplotlib/axis.py::149,0.201827
lib/matplotlib/axis.py::150,0.201827
lib/matplotlib/axis.py::1509,0.201827
lib/matplotlib/axis.py::151,0.201827
lib/matplotlib/axis.py::1510,0.201827
lib/matplotlib/axis.py::152,0.201827
lib/matplotlib/axis.py::154,0.201827
lib/matplotlib/axis.py::155,0.201827
lib/matplotlib/axis.py::156,0.201827
lib/matplotlib/axis.py::1566,0.201827
lib/matplotlib/axis.py::157,0.201827
lib/matplotlib/axis.py::1580,0.201827
lib/matplotlib/axis.py::1583,0.201827
lib/matplotlib/axis.py::1587,0.201827
lib/matplotlib/axis.py::1588,0.201827
lib/matplotlib/axis.py::159,0.201827
lib/matplotlib/axis.py::1591,0.201827
lib/matplotlib/axis.py::1593,0.201827
lib/matplotlib/axis.py::1599,0.201827
lib/matplotlib/axis.py::160,0.201827
lib/matplotlib/axis.py::1600,0.201827
lib/matplotlib/axis.py::1602,0.201827
lib/matplotlib/axis.py::1604,0.201827
lib/matplotlib/axis.py::1605,0.201827
lib/matplotlib/axis.py::1606,0.201827
lib/matplotlib/axis.py::161,0.201827
lib/matplotlib/axis.py::1616,0.201827
lib/matplotlib/axis.py::1617,0.201827
lib/matplotlib/axis.py::1618,0.201827
lib/matplotlib/axis.py::1619,0.201827
lib/matplotlib/axis.py::162,0.201827
lib/matplotlib/axis.py::1620,0.201827
lib/matplotlib/axis.py::1621,0.201827
lib/matplotlib/axis.py::1622,0.201827
lib/matplotlib/axis.py::163,0.201827
lib/matplotlib/axis.py::1632,0.201827
lib/matplotlib/axis.py::1633,0.201827
lib/matplotlib/axis.py::1634,0.201827
lib/matplotlib/axis.py::1635,0.201827
lib/matplotlib/axis.py::1636,0.201827
lib/matplotlib/axis.py::1637,0.201827
lib/matplotlib/axis.py::1638,0.201827
lib/matplotlib/axis.py::166,0.201827
lib/matplotlib/axis.py::167,0.201827
lib/matplotlib/axis.py::168,0.201827
lib/matplotlib/axis.py::169,0.201827
lib/matplotlib/axis.py::170,0.201827
lib/matplotlib/axis.py::171,0.201827
lib/matplotlib/axis.py::172,0.201827
lib/matplotlib/axis.py::173,0.201827
lib/matplotlib/axis.py::177,0.201827
lib/matplotlib/axis.py::178,0.201827
lib/matplotlib/axis.py::179,0.201827
lib/matplotlib/axis.py::183,0.201827
lib/matplotlib/axis.py::185,0.201827
lib/matplotlib/axis.py::186,0.201827
lib/matplotlib/axis.py::187,0.201827
lib/matplotlib/axis.py::189,0.201827
lib/matplotlib/axis.py::1943,0.201827
lib/matplotlib/axis.py::1946,0.201827
lib/matplotlib/axis.py::1947,0.201827
lib/matplotlib/axis.py::1948,0.201827
lib/matplotlib/axis.py::1949,0.201827
lib/matplotlib/axis.py::1950,0.201827
lib/matplotlib/axis.py::1952,0.201827
lib/matplotlib/axis.py::1953,0.201827
lib/matplotlib/axis.py::1954,0.201827
lib/matplotlib/axis.py::1955,0.201827
lib/matplotlib/axis.py::1956,0.201827
lib/matplotlib/axis.py::1957,0.201827
lib/matplotlib/axis.py::1958,0.201827
lib/matplotlib/axis.py::1959,0.201827
lib/matplotlib/axis.py::1961,0.201827
lib/matplotlib/axis.py::197,0.201827
lib/matplotlib/axis.py::200,0.201827
lib/matplotlib/axis.py::203,0.201827
lib/matplotlib/axis.py::204,0.201827
lib/matplotlib/axis.py::205,0.201827
lib/matplotlib/axis.py::206,0.201827
lib/matplotlib/axis.py::217,0.201827
lib/matplotlib/axis.py::218,0.201827
lib/matplotlib/axis.py::2188,0.201827
lib/matplotlib/axis.py::219,0.201827
lib/matplotlib/axis.py::221,0.201827
lib/matplotlib/axis.py::2232,0.201827
lib/matplotlib/axis.py::2235,0.201827
lib/matplotlib/axis.py::2236,0.201827
lib/matplotlib/axis.py::2237,0.201827
lib/matplotlib/axis.py::2238,0.201827
lib/matplotlib/axis.py::2239,0.201827
lib/matplotlib/axis.py::2240,0.201827
lib/matplotlib/axis.py::2242,0.201827
lib/matplotlib/axis.py::2244,0.201827
lib/matplotlib/axis.py::2245,0.201827
lib/matplotlib/axis.py::2246,0.201827
lib/matplotlib/axis.py::2247,0.201827
lib/matplotlib/axis.py::2248,0.201827
lib/matplotlib/axis.py::2249,0.201827
lib/matplotlib/axis.py::2250,0.201827
lib/matplotlib/axis.py::2252,0.201827
lib/matplotlib/axis.py::230,0.201827
lib/matplotlib/axis.py::231,0.201827
lib/matplotlib/axis.py::232,0.201827
lib/matplotlib/axis.py::2474,0.201827
lib/matplotlib/axis.py::320,0.201827
lib/matplotlib/axis.py::329,0.201827
lib/matplotlib/axis.py::330,0.201827
lib/matplotlib/axis.py::331,0.201827
lib/matplotlib/axis.py::332,0.201827
lib/matplotlib/axis.py::333,0.201827
lib/matplotlib/axis.py::334,0.201827
lib/matplotlib/axis.py::335,0.201827
lib/matplotlib/axis.py::336,0.201827
lib/matplotlib/axis.py::355,0.201827
lib/matplotlib/axis.py::356,0.201827
lib/matplotlib/axis.py::358,0.201827
lib/matplotlib/axis.py::359,0.201827
lib/matplotlib/axis.py::360,0.201827
lib/matplotlib/axis.py::363,0.201827
lib/matplotlib/axis.py::368,0.201827
lib/matplotlib/axis.py::370,0.201827
lib/matplotlib/axis.py::371,0.201827
lib/matplotlib/axis.py::372,0.201827
lib/matplotlib/axis.py::379,0.201827
lib/matplotlib/axis.py::381,0.201827
lib/matplotlib/axis.py::382,0.201827
lib/matplotlib/axis.py::404,0.201827
lib/matplotlib/axis.py::406,0.201827
lib/matplotlib/axis.py::407,0.201827
lib/matplotlib/axis.py::408,0.201827
lib/matplotlib/axis.py::409,0.201827
lib/matplotlib/axis.py::411,0.201827
lib/matplotlib/axis.py::412,0.201827
lib/matplotlib/axis.py::413,0.201827
lib/matplotlib/axis.py::414,0.201827
lib/matplotlib/axis.py::416,0.201827
lib/matplotlib/axis.py::417,0.201827
lib/matplotlib/axis.py::418,0.201827
lib/matplotlib/axis.py::421,0.201827
lib/matplotlib/axis.py::422,0.201827
lib/matplotlib/axis.py::423,0.201827
lib/matplotlib/axis.py::424,0.201827
lib/matplotlib/axis.py::426,0.201827
lib/matplotlib/axis.py::427,0.201827
lib/matplotlib/axis.py::428,0.201827
lib/matplotlib/axis.py::429,0.201827
lib/matplotlib/axis.py::433,0.201827
lib/matplotlib/axis.py::436,0.201827
lib/matplotlib/axis.py::440,0.201827
lib/matplotlib/axis.py::441,0.201827
lib/matplotlib/axis.py::442,0.201827
lib/matplotlib/axis.py::443,0.201827
lib/matplotlib/axis.py::445,0.201827
lib/matplotlib/axis.py::451,0.201827
lib/matplotlib/axis.py::452,0.201827
lib/matplotlib/axis.py::456,0.201827
lib/matplotlib/axis.py::457,0.201827
lib/matplotlib/axis.py::458,0.201827
lib/matplotlib/axis.py::459,0.201827
lib/matplotlib/axis.py::460,0.201827
lib/matplotlib/axis.py::461,0.201827
lib/matplotlib/axis.py::462,0.201827
lib/matplotlib/axis.py::477,0.201827
lib/matplotlib/axis.py::479,0.201827
lib/matplotlib/axis.py::480,0.201827
lib/matplotlib/axis.py::481,0.201827
lib/matplotlib/axis.py::482,0.201827
lib/matplotlib/axis.py::484,0.201827
lib/matplotlib/axis.py::485,0.201827
lib/matplotlib/axis.py::486,0.201827
lib/matplotlib/axis.py::487,0.201827
lib/matplotlib/axis.py::489,0.201827
lib/matplotlib/axis.py::490,0.201827
lib/matplotlib/axis.py::491,0.201827
lib/matplotlib/axis.py::494,0.201827
lib/matplotlib/axis.py::495,0.201827
lib/matplotlib/axis.py::496,0.201827
lib/matplotlib/axis.py::497,0.201827
lib/matplotlib/axis.py::499,0.201827
lib/matplotlib/axis.py::500,0.201827
lib/matplotlib/axis.py::501,0.201827
lib/matplotlib/axis.py::502,0.201827
lib/matplotlib/axis.py::506,0.201827
lib/matplotlib/axis.py::509,0.201827
lib/matplotlib/axis.py::512,0.201827
lib/matplotlib/axis.py::513,0.201827
lib/matplotlib/axis.py::514,0.201827
lib/matplotlib/axis.py::516,0.201827
lib/matplotlib/axis.py::522,0.201827
lib/matplotlib/axis.py::523,0.201827
lib/matplotlib/axis.py::527,0.201827
lib/matplotlib/axis.py::528,0.201827
lib/matplotlib/axis.py::529,0.201827
lib/matplotlib/axis.py::530,0.201827
lib/matplotlib/axis.py::531,0.201827
lib/matplotlib/axis.py::532,0.201827
lib/matplotlib/axis.py::533,0.201827
lib/matplotlib/axis.py::553,0.201827
lib/matplotlib/axis.py::554,0.201827
lib/matplotlib/axis.py::558,0.201827
lib/matplotlib/axis.py::562,0.201827
lib/matplotlib/axis.py::567,0.201827
lib/matplotlib/axis.py::571,0.201827
lib/matplotlib/axis.py::575,0.201827
lib/matplotlib/axis.py::580,0.201827
lib/matplotlib/axis.py::595,0.201827
lib/matplotlib/axis.py::603,0.201827
lib/matplotlib/axis.py::604,0.201827
lib/matplotlib/axis.py::605,0.201827
lib/matplotlib/axis.py::606,0.201827
lib/matplotlib/axis.py::607,0.201827
lib/matplotlib/axis.py::609,0.201827
lib/matplotlib/axis.py::610,0.201827
lib/matplotlib/axis.py::611,0.201827
lib/matplotlib/axis.py::612,0.201827
lib/matplotlib/axis.py::661,0.201827
lib/matplotlib/axis.py::662,0.201827
lib/matplotlib/axis.py::664,0.201827
lib/matplotlib/axis.py::666,0.201827
lib/matplotlib/axis.py::668,0.201827
lib/matplotlib/axis.py::669,0.201827
lib/matplotlib/axis.py::670,0.201827
lib/matplotlib/axis.py::671,0.201827
lib/matplotlib/axis.py::673,0.201827
lib/matplotlib/axis.py::674,0.201827
lib/matplotlib/axis.py::676,0.201827
lib/matplotlib/axis.py::677,0.201827
lib/matplotlib/axis.py::678,0.201827
lib/matplotlib/axis.py::679,0.201827
lib/matplotlib/axis.py::680,0.201827
lib/matplotlib/axis.py::682,0.201827
lib/matplotlib/axis.py::683,0.201827
lib/matplotlib/axis.py::684,0.201827
lib/matplotlib/axis.py::686,0.201827
lib/matplotlib/axis.py::688,0.201827
lib/matplotlib/axis.py::691,0.201827
lib/matplotlib/axis.py::692,0.201827
lib/matplotlib/axis.py::694,0.201827
lib/matplotlib/axis.py::695,0.201827
lib/matplotlib/axis.py::735,0.201827
lib/matplotlib/axis.py::739,0.201827
lib/matplotlib/axis.py::742,0.201827
lib/matplotlib/axis.py::743,0.201827
lib/matplotlib/axis.py::745,0.201827
lib/matplotlib/axis.py::746,0.201827
lib/matplotlib/axis.py::747,0.201827
lib/matplotlib/axis.py::748,0.201827
lib/matplotlib/axis.py::751,0.201827
lib/matplotlib/axis.py::760,0.201827
lib/matplotlib/axis.py::762,0.201827
lib/matplotlib/axis.py::765,0.201827
lib/matplotlib/axis.py::769,0.201827
lib/matplotlib/axis.py::772,0.201827
lib/matplotlib/axis.py::775,0.201827
lib/matplotlib/axis.py::777,0.201827
lib/matplotlib/axis.py::778,0.201827
lib/matplotlib/axis.py::779,0.201827
lib/matplotlib/axis.py::780,0.201827
lib/matplotlib/axis.py::789,0.201827
lib/matplotlib/axis.py::790,0.201827
lib/matplotlib/axis.py::791,0.201827
lib/matplotlib/axis.py::792,0.201827
lib/matplotlib/axis.py::793,0.201827
lib/matplotlib/axis.py::794,0.201827
lib/matplotlib/axis.py::795,0.201827
lib/matplotlib/axis.py::796,0.201827
lib/matplotlib/axis.py::797,0.201827
lib/matplotlib/axis.py::798,0.201827
lib/matplotlib/axis.py::799,0.201827
lib/matplotlib/axis.py::800,0.201827
lib/matplotlib/axis.py::809,0.201827
lib/matplotlib/axis.py::810,0.201827
lib/matplotlib/axis.py::814,0.201827
lib/matplotlib/axis.py::823,0.201827
lib/matplotlib/axis.py::824,0.201827
lib/matplotlib/axis.py::825,0.201827
lib/matplotlib/axis.py::826,0.201827
lib/matplotlib/axis.py::827,0.201827
lib/matplotlib/axis.py::832,0.201827
lib/matplotlib/axis.py::836,0.201827
lib/matplotlib/axis.py::839,0.201827
lib/matplotlib/axis.py::844,0.201827
lib/matplotlib/axis.py::845,0.201827
lib/matplotlib/axis.py::846,0.201827
lib/matplotlib/axis.py::847,0.201827
lib/matplotlib/axis.py::848,0.201827
lib/matplotlib/axis.py::849,0.201827
lib/matplotlib/axis.py::85,0.201827
lib/matplotlib/axis.py::850,0.201827
lib/matplotlib/axis.py::851,0.201827
lib/matplotlib/axis.py::853,0.201827
lib/matplotlib/axis.py::855,0.201827
lib/matplotlib/axis.py::857,0.201827
lib/matplotlib/axis.py::859,0.201827
lib/matplotlib/axis.py::861,0.201827
lib/matplotlib/axis.py::863,0.201827
lib/matplotlib/axis.py::865,0.201827
lib/matplotlib/axis.py::867,0.201827
lib/matplotlib/axis.py::869,0.201827
lib/matplotlib/axis.py::87,0.201827
lib/matplotlib/axis.py::871,0.201827
lib/matplotlib/axis.py::873,0.201827
lib/matplotlib/axis.py::878,0.201827
lib/matplotlib/axis.py::879,0.201827
lib/matplotlib/axis.py::88,0.201827
lib/matplotlib/axis.py::883,0.201827
lib/matplotlib/axis.py::884,0.201827
lib/matplotlib/axis.py::887,0.201827
lib/matplotlib/axis.py::888,0.201827
lib/matplotlib/axis.py::889,0.201827
lib/matplotlib/axis.py::890,0.201827
lib/matplotlib/axis.py::91,0.201827
lib/matplotlib/axis.py::92,0.201827
lib/matplotlib/axis.py::95,0.201827
lib/matplotlib/axis.py::968,0.201827
lib/matplotlib/axis.py::97,0.201827
lib/matplotlib/axis.py::970,0.201827
lib/matplotlib/axis.py::98,0.201827
lib/matplotlib/backend_bases.py::1595,0.201827
lib/matplotlib/backend_bases.py::1596,0.201827
lib/matplotlib/backend_bases.py::1597,0.201827
lib/matplotlib/backend_bases.py::1598,0.201827
lib/matplotlib/backend_bases.py::1599,0.201827
lib/matplotlib/backend_bases.py::1600,0.201827
lib/matplotlib/backend_bases.py::1602,0.201827
lib/matplotlib/backend_bases.py::1603,0.201827
lib/matplotlib/backend_bases.py::1604,0.201827
lib/matplotlib/backend_bases.py::1605,0.201827
lib/matplotlib/backend_bases.py::1606,0.201827
lib/matplotlib/backend_bases.py::1607,0.201827
lib/matplotlib/backend_bases.py::1608,0.201827
lib/matplotlib/backend_bases.py::1609,0.201827
lib/matplotlib/backend_bases.py::1610,0.201827
lib/matplotlib/backend_bases.py::1611,0.201827
lib/matplotlib/backend_bases.py::2234,0.201827
lib/matplotlib/cbook/__init__.py::101,0.201827
lib/matplotlib/cbook/__init__.py::1256,0.201827
lib/matplotlib/cbook/__init__.py::1257,0.201827
lib/matplotlib/cbook/__init__.py::1258,0.201827
lib/matplotlib/cbook/__init__.py::1259,0.201827
lib/matplotlib/cbook/__init__.py::1267,0.201827
lib/matplotlib/cbook/__init__.py::1270,0.201827
lib/matplotlib/cbook/__init__.py::1549,0.201827
lib/matplotlib/cbook/__init__.py::159,0.201827
lib/matplotlib/cbook/__init__.py::160,0.201827
lib/matplotlib/cbook/__init__.py::161,0.201827
lib/matplotlib/cbook/__init__.py::162,0.201827
lib/matplotlib/cbook/__init__.py::1665,0.201827
lib/matplotlib/cbook/__init__.py::1668,0.201827
lib/matplotlib/cbook/__init__.py::1670,0.201827
lib/matplotlib/cbook/__init__.py::1671,0.201827
lib/matplotlib/cbook/__init__.py::1672,0.201827
lib/matplotlib/cbook/__init__.py::1674,0.201827
lib/matplotlib/cbook/__init__.py::1675,0.201827
lib/matplotlib/cbook/__init__.py::1676,0.201827
lib/matplotlib/cbook/__init__.py::1677,0.201827
lib/matplotlib/cbook/__init__.py::1678,0.201827
lib/matplotlib/cbook/__init__.py::1680,0.201827
lib/matplotlib/cbook/__init__.py::1681,0.201827
lib/matplotlib/cbook/__init__.py::1682,0.201827
lib/matplotlib/cbook/__init__.py::1685,0.201827
lib/matplotlib/cbook/__init__.py::1686,0.201827
lib/matplotlib/cbook/__init__.py::1688,0.201827
lib/matplotlib/cbook/__init__.py::1689,0.201827
lib/matplotlib/cbook/__init__.py::1693,0.201827
lib/matplotlib/cbook/__init__.py::1694,0.201827
lib/matplotlib/cbook/__init__.py::1698,0.201827
lib/matplotlib/cbook/__init__.py::170,0.201827
lib/matplotlib/cbook/__init__.py::1707,0.201827
lib/matplotlib/cbook/__init__.py::171,0.201827
lib/matplotlib/cbook/__init__.py::172,0.201827
lib/matplotlib/cbook/__init__.py::173,0.201827
lib/matplotlib/cbook/__init__.py::174,0.201827
lib/matplotlib/cbook/__init__.py::175,0.201827
lib/matplotlib/cbook/__init__.py::178,0.201827
lib/matplotlib/cbook/__init__.py::179,0.201827
lib/matplotlib/cbook/__init__.py::180,0.201827
lib/matplotlib/cbook/__init__.py::181,0.201827
lib/matplotlib/cbook/__init__.py::182,0.201827
lib/matplotlib/cbook/__init__.py::1984,0.201827
lib/matplotlib/cbook/__init__.py::1985,0.201827
lib/matplotlib/cbook/__init__.py::1986,0.201827
lib/matplotlib/cbook/__init__.py::1987,0.201827
lib/matplotlib/cbook/__init__.py::1988,0.201827
lib/matplotlib/cbook/__init__.py::1989,0.201827
lib/matplotlib/cbook/__init__.py::1991,0.201827
lib/matplotlib/cbook/__init__.py::1992,0.201827
lib/matplotlib/cbook/__init__.py::1995,0.201827
lib/matplotlib/cbook/__init__.py::2022,0.201827
lib/matplotlib/cbook/__init__.py::2139,0.201827
lib/matplotlib/cbook/__init__.py::2140,0.201827
lib/matplotlib/cbook/__init__.py::2141,0.201827
lib/matplotlib/cbook/__init__.py::2142,0.201827
lib/matplotlib/cbook/__init__.py::2143,0.201827
lib/matplotlib/cbook/__init__.py::2145,0.201827
lib/matplotlib/cbook/__init__.py::2146,0.201827
lib/matplotlib/cbook/__init__.py::2147,0.201827
lib/matplotlib/cbook/__init__.py::2149,0.201827
lib/matplotlib/cbook/__init__.py::2150,0.201827
lib/matplotlib/cbook/__init__.py::2153,0.201827
lib/matplotlib/cbook/__init__.py::2154,0.201827
lib/matplotlib/cbook/__init__.py::220,0.201827
lib/matplotlib/cbook/__init__.py::539,0.201827
lib/matplotlib/cbook/__init__.py::540,0.201827
lib/matplotlib/cbook/__init__.py::593,0.201827
lib/matplotlib/cbook/__init__.py::594,0.201827
lib/matplotlib/cbook/__init__.py::785,0.201827
lib/matplotlib/cbook/__init__.py::792,0.201827
lib/matplotlib/cbook/__init__.py::793,0.201827
lib/matplotlib/cbook/__init__.py::794,0.201827
lib/matplotlib/cbook/__init__.py::841,0.201827
lib/matplotlib/cbook/__init__.py::842,0.201827
lib/matplotlib/cbook/__init__.py::843,0.201827
lib/matplotlib/cbook/__init__.py::92,0.201827
lib/matplotlib/cbook/deprecation.py::384,0.201827
lib/matplotlib/cbook/deprecation.py::385,0.201827
lib/matplotlib/cbook/deprecation.py::390,0.201827
lib/matplotlib/cbook/deprecation.py::397,0.201827
lib/matplotlib/cbook/deprecation.py::398,0.201827
lib/matplotlib/cbook/deprecation.py::410,0.201827
lib/matplotlib/cbook/deprecation.py::476,0.201827
lib/matplotlib/cbook/deprecation.py::477,0.201827
lib/matplotlib/cbook/deprecation.py::479,0.201827
lib/matplotlib/cbook/deprecation.py::480,0.201827
lib/matplotlib/cbook/deprecation.py::481,0.201827
lib/matplotlib/cbook/deprecation.py::489,0.201827
lib/matplotlib/figure.py::1057,0.201827
lib/matplotlib/figure.py::1060,0.201827
lib/matplotlib/figure.py::1061,0.201827
lib/matplotlib/figure.py::1071,0.201827
lib/matplotlib/figure.py::1073,0.201827
lib/matplotlib/figure.py::1074,0.201827
lib/matplotlib/figure.py::1075,0.201827
lib/matplotlib/figure.py::1076,0.201827
lib/matplotlib/figure.py::1078,0.201827
lib/matplotlib/figure.py::1079,0.201827
lib/matplotlib/figure.py::1081,0.201827
lib/matplotlib/figure.py::1082,0.201827
lib/matplotlib/figure.py::1093,0.201827
lib/matplotlib/figure.py::1101,0.201827
lib/matplotlib/figure.py::1112,0.201827
lib/matplotlib/figure.py::1114,0.201827
lib/matplotlib/figure.py::1609,0.201827
lib/matplotlib/figure.py::1610,0.201827
lib/matplotlib/figure.py::1612,0.201827
lib/matplotlib/figure.py::1616,0.201827
lib/matplotlib/figure.py::1617,0.201827
lib/matplotlib/figure.py::1619,0.201827
lib/matplotlib/figure.py::1620,0.201827
lib/matplotlib/figure.py::1621,0.201827
lib/matplotlib/figure.py::1622,0.201827
lib/matplotlib/figure.py::1623,0.201827
lib/matplotlib/figure.py::1624,0.201827
lib/matplotlib/figure.py::1625,0.201827
lib/matplotlib/figure.py::1626,0.201827
lib/matplotlib/figure.py::1627,0.201827
lib/matplotlib/figure.py::1628,0.201827
lib/matplotlib/figure.py::1629,0.201827
lib/matplotlib/figure.py::1631,0.201827
lib/matplotlib/figure.py::1831,0.201827
lib/matplotlib/figure.py::1832,0.201827
lib/matplotlib/figure.py::1833,0.201827
lib/matplotlib/figure.py::1834,0.201827
lib/matplotlib/figure.py::188,0.201827
lib/matplotlib/figure.py::189,0.201827
lib/matplotlib/figure.py::190,0.201827
lib/matplotlib/figure.py::191,0.201827
lib/matplotlib/figure.py::198,0.201827
lib/matplotlib/figure.py::199,0.201827
lib/matplotlib/figure.py::200,0.201827
lib/matplotlib/figure.py::202,0.201827
lib/matplotlib/figure.py::203,0.201827
lib/matplotlib/figure.py::205,0.201827
lib/matplotlib/figure.py::207,0.201827
lib/matplotlib/figure.py::209,0.201827
lib/matplotlib/figure.py::211,0.201827
lib/matplotlib/figure.py::213,0.201827
lib/matplotlib/figure.py::215,0.201827
lib/matplotlib/figure.py::301,0.201827
lib/matplotlib/figure.py::306,0.201827
lib/matplotlib/figure.py::307,0.201827
lib/matplotlib/figure.py::309,0.201827
lib/matplotlib/figure.py::311,0.201827
lib/matplotlib/figure.py::313,0.201827
lib/matplotlib/figure.py::315,0.201827
lib/matplotlib/figure.py::317,0.201827
lib/matplotlib/figure.py::320,0.201827
lib/matplotlib/figure.py::323,0.201827
lib/matplotlib/figure.py::325,0.201827
lib/matplotlib/figure.py::327,0.201827
lib/matplotlib/figure.py::328,0.201827
lib/matplotlib/figure.py::330,0.201827
lib/matplotlib/figure.py::332,0.201827
lib/matplotlib/figure.py::333,0.201827
lib/matplotlib/figure.py::334,0.201827
lib/matplotlib/figure.py::336,0.201827
lib/matplotlib/figure.py::337,0.201827
lib/matplotlib/figure.py::338,0.201827
lib/matplotlib/figure.py::340,0.201827
lib/matplotlib/figure.py::341,0.201827
lib/matplotlib/figure.py::343,0.201827
lib/matplotlib/figure.py::344,0.201827
lib/matplotlib/figure.py::346,0.201827
lib/matplotlib/figure.py::348,0.201827
lib/matplotlib/figure.py::350,0.201827
lib/matplotlib/figure.py::352,0.201827
lib/matplotlib/figure.py::354,0.201827
lib/matplotlib/figure.py::355,0.201827
lib/matplotlib/figure.py::356,0.201827
lib/matplotlib/figure.py::361,0.201827
lib/matplotlib/figure.py::362,0.201827
lib/matplotlib/figure.py::365,0.201827
lib/matplotlib/figure.py::42,0.201827
lib/matplotlib/figure.py::423,0.201827
lib/matplotlib/figure.py::43,0.201827
lib/matplotlib/figure.py::472,0.201827
lib/matplotlib/figure.py::473,0.201827
lib/matplotlib/figure.py::474,0.201827
lib/matplotlib/figure.py::475,0.201827
lib/matplotlib/figure.py::476,0.201827
lib/matplotlib/figure.py::484,0.201827
lib/matplotlib/figure.py::502,0.201827
lib/matplotlib/figure.py::503,0.201827
lib/matplotlib/figure.py::504,0.201827
lib/matplotlib/figure.py::505,0.201827
lib/matplotlib/figure.py::506,0.201827
lib/matplotlib/figure.py::507,0.201827
lib/matplotlib/figure.py::509,0.201827
lib/matplotlib/figure.py::510,0.201827
lib/matplotlib/figure.py::513,0.201827
lib/matplotlib/figure.py::515,0.201827
lib/matplotlib/figure.py::544,0.201827
lib/matplotlib/figure.py::545,0.201827
lib/matplotlib/figure.py::546,0.201827
lib/matplotlib/figure.py::550,0.201827
lib/matplotlib/figure.py::61,0.201827
lib/matplotlib/figure.py::62,0.201827
lib/matplotlib/figure.py::68,0.201827
lib/matplotlib/figure.py::69,0.201827
lib/matplotlib/figure.py::70,0.201827
lib/matplotlib/figure.py::758,0.201827
lib/matplotlib/figure.py::77,0.201827
lib/matplotlib/figure.py::78,0.201827
lib/matplotlib/figure.py::79,0.201827
lib/matplotlib/font_manager.py::1035,0.201827
lib/matplotlib/font_manager.py::615,0.201827
lib/matplotlib/font_manager.py::616,0.201827
lib/matplotlib/font_manager.py::617,0.201827
lib/matplotlib/font_manager.py::618,0.201827
lib/matplotlib/font_manager.py::619,0.201827
lib/matplotlib/font_manager.py::620,0.201827
lib/matplotlib/font_manager.py::621,0.201827
lib/matplotlib/font_manager.py::623,0.201827
lib/matplotlib/font_manager.py::631,0.201827
lib/matplotlib/font_manager.py::632,0.201827
lib/matplotlib/font_manager.py::633,0.201827
lib/matplotlib/font_manager.py::634,0.201827
lib/matplotlib/font_manager.py::635,0.201827
lib/matplotlib/font_manager.py::636,0.201827
lib/matplotlib/font_manager.py::637,0.201827
lib/matplotlib/font_manager.py::641,0.201827
lib/matplotlib/font_manager.py::642,0.201827
lib/matplotlib/font_manager.py::741,0.201827
lib/matplotlib/font_manager.py::742,0.201827
lib/matplotlib/font_manager.py::743,0.201827
lib/matplotlib/font_manager.py::750,0.201827
lib/matplotlib/font_manager.py::751,0.201827
lib/matplotlib/font_manager.py::752,0.201827
lib/matplotlib/font_manager.py::753,0.201827
lib/matplotlib/font_manager.py::760,0.201827
lib/matplotlib/font_manager.py::761,0.201827
lib/matplotlib/font_manager.py::762,0.201827
lib/matplotlib/font_manager.py::763,0.201827
lib/matplotlib/font_manager.py::772,0.201827
lib/matplotlib/font_manager.py::773,0.201827
lib/matplotlib/font_manager.py::774,0.201827
lib/matplotlib/font_manager.py::775,0.201827
lib/matplotlib/font_manager.py::778,0.201827
lib/matplotlib/font_manager.py::779,0.201827
lib/matplotlib/font_manager.py::781,0.201827
lib/matplotlib/font_manager.py::790,0.201827
lib/matplotlib/font_manager.py::791,0.201827
lib/matplotlib/font_manager.py::792,0.201827
lib/matplotlib/font_manager.py::793,0.201827
lib/matplotlib/font_manager.py::796,0.201827
lib/matplotlib/font_manager.py::797,0.201827
lib/matplotlib/font_manager.py::799,0.201827
lib/matplotlib/font_manager.py::807,0.201827
lib/matplotlib/font_manager.py::808,0.201827
lib/matplotlib/font_manager.py::809,0.201827
lib/matplotlib/font_manager.py::810,0.201827
lib/matplotlib/font_manager.py::811,0.201827
lib/matplotlib/font_manager.py::812,0.201827
lib/matplotlib/font_manager.py::813,0.201827
lib/matplotlib/font_manager.py::819,0.201827
lib/matplotlib/font_manager.py::820,0.201827
lib/matplotlib/font_manager.py::824,0.201827
lib/matplotlib/font_manager.py::831,0.201827
lib/matplotlib/font_manager.py::848,0.201827
lib/matplotlib/font_manager.py::849,0.201827
lib/matplotlib/font_manager.py::850,0.201827
lib/matplotlib/font_manager.py::931,0.201827
lib/matplotlib/font_manager.py::933,0.201827
lib/matplotlib/lines.py::1003,0.201827
lib/matplotlib/lines.py::1004,0.201827
lib/matplotlib/lines.py::1005,0.201827
lib/matplotlib/lines.py::1023,0.201827
lib/matplotlib/lines.py::1024,0.201827
lib/matplotlib/lines.py::1025,0.201827
lib/matplotlib/lines.py::1035,0.201827
lib/matplotlib/lines.py::1036,0.201827
lib/matplotlib/lines.py::1064,0.201827
lib/matplotlib/lines.py::1066,0.201827
lib/matplotlib/lines.py::1067,0.201827
lib/matplotlib/lines.py::1068,0.201827
lib/matplotlib/lines.py::1070,0.201827
lib/matplotlib/lines.py::1071,0.201827
lib/matplotlib/lines.py::1082,0.201827
lib/matplotlib/lines.py::1084,0.201827
lib/matplotlib/lines.py::1086,0.201827
lib/matplotlib/lines.py::1088,0.201827
lib/matplotlib/lines.py::1089,0.201827
lib/matplotlib/lines.py::1122,0.201827
lib/matplotlib/lines.py::1123,0.201827
lib/matplotlib/lines.py::1124,0.201827
lib/matplotlib/lines.py::1126,0.201827
lib/matplotlib/lines.py::1127,0.201827
lib/matplotlib/lines.py::1129,0.201827
lib/matplotlib/lines.py::1134,0.201827
lib/matplotlib/lines.py::1136,0.201827
lib/matplotlib/lines.py::1137,0.201827
lib/matplotlib/lines.py::1150,0.201827
lib/matplotlib/lines.py::1151,0.201827
lib/matplotlib/lines.py::1161,0.201827
lib/matplotlib/lines.py::1163,0.201827
lib/matplotlib/lines.py::1165,0.201827
lib/matplotlib/lines.py::1166,0.201827
lib/matplotlib/lines.py::1177,0.201827
lib/matplotlib/lines.py::1178,0.201827
lib/matplotlib/lines.py::1179,0.201827
lib/matplotlib/lines.py::1180,0.201827
lib/matplotlib/lines.py::1181,0.201827
lib/matplotlib/lines.py::1191,0.201827
lib/matplotlib/lines.py::1193,0.201827
lib/matplotlib/lines.py::1194,0.201827
lib/matplotlib/lines.py::1195,0.201827
lib/matplotlib/lines.py::1205,0.201827
lib/matplotlib/lines.py::1207,0.201827
lib/matplotlib/lines.py::1208,0.201827
lib/matplotlib/lines.py::1209,0.201827
lib/matplotlib/lines.py::1220,0.201827
lib/matplotlib/lines.py::1221,0.201827
lib/matplotlib/lines.py::1222,0.201827
lib/matplotlib/lines.py::1223,0.201827
lib/matplotlib/lines.py::1233,0.201827
lib/matplotlib/lines.py::1234,0.201827
lib/matplotlib/lines.py::1235,0.201827
lib/matplotlib/lines.py::1245,0.201827
lib/matplotlib/lines.py::1246,0.201827
lib/matplotlib/lines.py::1247,0.201827
lib/matplotlib/lines.py::1304,0.201827
lib/matplotlib/lines.py::1305,0.201827
lib/matplotlib/lines.py::1306,0.201827
lib/matplotlib/lines.py::1307,0.201827
lib/matplotlib/lines.py::1318,0.201827
lib/matplotlib/lines.py::1319,0.201827
lib/matplotlib/lines.py::1320,0.201827
lib/matplotlib/lines.py::1321,0.201827
lib/matplotlib/lines.py::1348,0.201827
lib/matplotlib/lines.py::1349,0.201827
lib/matplotlib/lines.py::1350,0.201827
lib/matplotlib/lines.py::1351,0.201827
lib/matplotlib/lines.py::1362,0.201827
lib/matplotlib/lines.py::1363,0.201827
lib/matplotlib/lines.py::1364,0.201827
lib/matplotlib/lines.py::1365,0.201827
lib/matplotlib/lines.py::303,0.201827
lib/matplotlib/lines.py::306,0.201827
lib/matplotlib/lines.py::308,0.201827
lib/matplotlib/lines.py::311,0.201827
lib/matplotlib/lines.py::312,0.201827
lib/matplotlib/lines.py::314,0.201827
lib/matplotlib/lines.py::316,0.201827
lib/matplotlib/lines.py::317,0.201827
lib/matplotlib/lines.py::318,0.201827
lib/matplotlib/lines.py::319,0.201827
lib/matplotlib/lines.py::320,0.201827
lib/matplotlib/lines.py::321,0.201827
lib/matplotlib/lines.py::322,0.201827
lib/matplotlib/lines.py::325,0.201827
lib/matplotlib/lines.py::326,0.201827
lib/matplotlib/lines.py::327,0.201827
lib/matplotlib/lines.py::328,0.201827
lib/matplotlib/lines.py::329,0.201827
lib/matplotlib/lines.py::330,0.201827
lib/matplotlib/lines.py::331,0.201827
lib/matplotlib/lines.py::332,0.201827
lib/matplotlib/lines.py::333,0.201827
lib/matplotlib/lines.py::334,0.201827
lib/matplotlib/lines.py::335,0.201827
lib/matplotlib/lines.py::336,0.201827
lib/matplotlib/lines.py::338,0.201827
lib/matplotlib/lines.py::339,0.201827
lib/matplotlib/lines.py::341,0.201827
lib/matplotlib/lines.py::342,0.201827
lib/matplotlib/lines.py::343,0.201827
lib/matplotlib/lines.py::344,0.201827
lib/matplotlib/lines.py::345,0.201827
lib/matplotlib/lines.py::346,0.201827
lib/matplotlib/lines.py::347,0.201827
lib/matplotlib/lines.py::348,0.201827
lib/matplotlib/lines.py::350,0.201827
lib/matplotlib/lines.py::351,0.201827
lib/matplotlib/lines.py::352,0.201827
lib/matplotlib/lines.py::355,0.201827
lib/matplotlib/lines.py::356,0.201827
lib/matplotlib/lines.py::359,0.201827
lib/matplotlib/lines.py::36,0.201827
lib/matplotlib/lines.py::360,0.201827
lib/matplotlib/lines.py::362,0.201827
lib/matplotlib/lines.py::363,0.201827
lib/matplotlib/lines.py::364,0.201827
lib/matplotlib/lines.py::366,0.201827
lib/matplotlib/lines.py::367,0.201827
lib/matplotlib/lines.py::368,0.201827
lib/matplotlib/lines.py::37,0.201827
lib/matplotlib/lines.py::370,0.201827
lib/matplotlib/lines.py::371,0.201827
lib/matplotlib/lines.py::372,0.201827
lib/matplotlib/lines.py::374,0.201827
lib/matplotlib/lines.py::375,0.201827
lib/matplotlib/lines.py::376,0.201827
lib/matplotlib/lines.py::378,0.201827
lib/matplotlib/lines.py::379,0.201827
lib/matplotlib/lines.py::380,0.201827
lib/matplotlib/lines.py::381,0.201827
lib/matplotlib/lines.py::383,0.201827
lib/matplotlib/lines.py::384,0.201827
lib/matplotlib/lines.py::385,0.201827
lib/matplotlib/lines.py::386,0.201827
lib/matplotlib/lines.py::39,0.201827
lib/matplotlib/lines.py::390,0.201827
lib/matplotlib/lines.py::391,0.201827
lib/matplotlib/lines.py::392,0.201827
lib/matplotlib/lines.py::394,0.201827
lib/matplotlib/lines.py::395,0.201827
lib/matplotlib/lines.py::396,0.201827
lib/matplotlib/lines.py::397,0.201827
lib/matplotlib/lines.py::398,0.201827
lib/matplotlib/lines.py::399,0.201827
lib/matplotlib/lines.py::40,0.201827
lib/matplotlib/lines.py::400,0.201827
lib/matplotlib/lines.py::401,0.201827
lib/matplotlib/lines.py::402,0.201827
lib/matplotlib/lines.py::403,0.201827
lib/matplotlib/lines.py::404,0.201827
lib/matplotlib/lines.py::406,0.201827
lib/matplotlib/lines.py::41,0.201827
lib/matplotlib/lines.py::492,0.201827
lib/matplotlib/lines.py::494,0.201827
lib/matplotlib/lines.py::578,0.201827
lib/matplotlib/lines.py::580,0.201827
lib/matplotlib/lines.py::59,0.201827
lib/matplotlib/lines.py::615,0.201827
lib/matplotlib/lines.py::616,0.201827
lib/matplotlib/lines.py::633,0.201827
lib/matplotlib/lines.py::636,0.201827
lib/matplotlib/lines.py::638,0.201827
lib/matplotlib/lines.py::639,0.201827
lib/matplotlib/lines.py::64,0.201827
lib/matplotlib/lines.py::645,0.201827
lib/matplotlib/lines.py::646,0.201827
lib/matplotlib/lines.py::647,0.201827
lib/matplotlib/lines.py::650,0.201827
lib/matplotlib/lines.py::651,0.201827
lib/matplotlib/lines.py::652,0.201827
lib/matplotlib/lines.py::656,0.201827
lib/matplotlib/lines.py::657,0.201827
lib/matplotlib/lines.py::659,0.201827
lib/matplotlib/lines.py::660,0.201827
lib/matplotlib/lines.py::675,0.201827
lib/matplotlib/lines.py::678,0.201827
lib/matplotlib/lines.py::679,0.201827
lib/matplotlib/lines.py::68,0.201827
lib/matplotlib/lines.py::680,0.201827
lib/matplotlib/lines.py::681,0.201827
lib/matplotlib/lines.py::682,0.201827
lib/matplotlib/lines.py::683,0.201827
lib/matplotlib/lines.py::684,0.201827
lib/matplotlib/lines.py::718,0.201827
lib/matplotlib/lines.py::719,0.201827
lib/matplotlib/lines.py::720,0.201827
lib/matplotlib/lines.py::721,0.201827
lib/matplotlib/markers.py::221,0.201827
lib/matplotlib/markers.py::222,0.201827
lib/matplotlib/markers.py::223,0.201827
lib/matplotlib/markers.py::226,0.201827
lib/matplotlib/markers.py::227,0.201827
lib/matplotlib/markers.py::228,0.201827
lib/matplotlib/markers.py::229,0.201827
lib/matplotlib/markers.py::230,0.201827
lib/matplotlib/markers.py::231,0.201827
lib/matplotlib/markers.py::232,0.201827
lib/matplotlib/markers.py::233,0.201827
lib/matplotlib/markers.py::234,0.201827
lib/matplotlib/markers.py::235,0.201827
lib/matplotlib/markers.py::236,0.201827
lib/matplotlib/markers.py::255,0.201827
lib/matplotlib/markers.py::256,0.201827
lib/matplotlib/markers.py::257,0.201827
lib/matplotlib/markers.py::258,0.201827
lib/matplotlib/markers.py::259,0.201827
lib/matplotlib/markers.py::271,0.201827
lib/matplotlib/markers.py::274,0.201827
lib/matplotlib/markers.py::276,0.201827
lib/matplotlib/markers.py::278,0.201827
lib/matplotlib/markers.py::281,0.201827
lib/matplotlib/markers.py::282,0.201827
lib/matplotlib/markers.py::283,0.201827
lib/matplotlib/markers.py::284,0.201827
lib/matplotlib/markers.py::295,0.201827
lib/matplotlib/markers.py::296,0.201827
lib/matplotlib/markers.py::297,0.201827
lib/matplotlib/markers.py::315,0.201827
lib/matplotlib/markers.py::698,0.201827
lib/matplotlib/markers.py::699,0.201827
lib/matplotlib/markers.py::700,0.201827
lib/matplotlib/markers.py::701,0.201827
lib/matplotlib/markers.py::704,0.201827
lib/matplotlib/markers.py::705,0.201827
lib/matplotlib/markers.py::706,0.201827
lib/matplotlib/markers.py::707,0.201827
lib/matplotlib/markers.py::712,0.201827
lib/matplotlib/markers.py::713,0.201827
lib/matplotlib/markers.py::714,0.201827
lib/matplotlib/markers.py::715,0.201827
lib/matplotlib/markers.py::718,0.201827
lib/matplotlib/markers.py::719,0.201827
lib/matplotlib/markers.py::720,0.201827
lib/matplotlib/markers.py::721,0.201827
lib/matplotlib/patches.py::260,0.201827
lib/matplotlib/patches.py::308,0.201827
lib/matplotlib/patches.py::310,0.201827
lib/matplotlib/patches.py::311,0.201827
lib/matplotlib/patches.py::314,0.201827
lib/matplotlib/patches.py::315,0.201827
lib/matplotlib/patches.py::316,0.201827
lib/matplotlib/patches.py::323,0.201827
lib/matplotlib/patches.py::324,0.201827
lib/matplotlib/patches.py::325,0.201827
lib/matplotlib/patches.py::326,0.201827
lib/matplotlib/patches.py::336,0.201827
lib/matplotlib/patches.py::337,0.201827
lib/matplotlib/patches.py::340,0.201827
lib/matplotlib/patches.py::341,0.201827
lib/matplotlib/patches.py::342,0.201827
lib/matplotlib/patches.py::343,0.201827
lib/matplotlib/patches.py::344,0.201827
lib/matplotlib/patches.py::354,0.201827
lib/matplotlib/patches.py::355,0.201827
lib/matplotlib/patches.py::388,0.201827
lib/matplotlib/patches.py::393,0.201827
lib/matplotlib/patches.py::395,0.201827
lib/matplotlib/patches.py::396,0.201827
lib/matplotlib/patches.py::397,0.201827
lib/matplotlib/patches.py::398,0.201827
lib/matplotlib/patches.py::424,0.201827
lib/matplotlib/patches.py::426,0.201827
lib/matplotlib/patches.py::428,0.201827
lib/matplotlib/patches.py::430,0.201827
lib/matplotlib/patches.py::431,0.201827
lib/matplotlib/patches.py::432,0.201827
lib/matplotlib/patches.py::442,0.201827
lib/matplotlib/patches.py::443,0.201827
lib/matplotlib/patches.py::444,0.201827
lib/matplotlib/patches.py::445,0.201827
lib/matplotlib/patches.py::464,0.201827
lib/matplotlib/patches.py::465,0.201827
lib/matplotlib/patches.py::466,0.201827
lib/matplotlib/patches.py::480,0.201827
lib/matplotlib/patches.py::481,0.201827
lib/matplotlib/patches.py::482,0.201827
lib/matplotlib/patches.py::516,0.201827
lib/matplotlib/patches.py::517,0.201827
lib/matplotlib/patches.py::58,0.201827
lib/matplotlib/patches.py::60,0.201827
lib/matplotlib/patches.py::61,0.201827
lib/matplotlib/patches.py::62,0.201827
lib/matplotlib/patches.py::63,0.201827
lib/matplotlib/patches.py::64,0.201827
lib/matplotlib/patches.py::65,0.201827
lib/matplotlib/patches.py::66,0.201827
lib/matplotlib/patches.py::67,0.201827
lib/matplotlib/patches.py::68,0.201827
lib/matplotlib/patches.py::69,0.201827
lib/matplotlib/patches.py::71,0.201827
lib/matplotlib/patches.py::72,0.201827
lib/matplotlib/patches.py::73,0.201827
lib/matplotlib/patches.py::741,0.201827
lib/matplotlib/patches.py::743,0.201827
lib/matplotlib/patches.py::744,0.201827
lib/matplotlib/patches.py::746,0.201827
lib/matplotlib/patches.py::747,0.201827
lib/matplotlib/patches.py::749,0.201827
lib/matplotlib/patches.py::750,0.201827
lib/matplotlib/patches.py::752,0.201827
lib/matplotlib/patches.py::754,0.201827
lib/matplotlib/patches.py::80,0.201827
lib/matplotlib/patches.py::81,0.201827
lib/matplotlib/patches.py::83,0.201827
lib/matplotlib/patches.py::84,0.201827
lib/matplotlib/patches.py::86,0.201827
lib/matplotlib/patches.py::87,0.201827
lib/matplotlib/patches.py::88,0.201827
lib/matplotlib/patches.py::89,0.201827
lib/matplotlib/patches.py::90,0.201827
lib/matplotlib/patches.py::91,0.201827
lib/matplotlib/patches.py::92,0.201827
lib/matplotlib/patches.py::94,0.201827
lib/matplotlib/patches.py::95,0.201827
lib/matplotlib/path.py::131,0.201827
lib/matplotlib/path.py::132,0.201827
lib/matplotlib/path.py::136,0.201827
lib/matplotlib/path.py::144,0.201827
lib/matplotlib/path.py::150,0.201827
lib/matplotlib/path.py::151,0.201827
lib/matplotlib/path.py::152,0.201827
lib/matplotlib/path.py::153,0.201827
lib/matplotlib/path.py::155,0.201827
lib/matplotlib/path.py::161,0.201827
lib/matplotlib/path.py::193,0.201827
lib/matplotlib/path.py::195,0.201827
lib/matplotlib/path.py::196,0.201827
lib/matplotlib/path.py::197,0.201827
lib/matplotlib/scale.py::104,0.201827
lib/matplotlib/scale.py::108,0.201827
lib/matplotlib/scale.py::109,0.201827
lib/matplotlib/scale.py::110,0.201827
lib/matplotlib/scale.py::112,0.201827
lib/matplotlib/scale.py::113,0.201827
lib/matplotlib/scale.py::116,0.201827
lib/matplotlib/scale.py::123,0.201827
lib/matplotlib/scale.py::57,0.201827
lib/matplotlib/scale.py::648,0.201827
lib/matplotlib/scale.py::649,0.201827
lib/matplotlib/scale.py::650,0.201827
lib/matplotlib/scale.py::88,0.201827
lib/matplotlib/spines.py::236,0.201827
lib/matplotlib/spines.py::237,0.201827
lib/matplotlib/spines.py::50,0.201827
lib/matplotlib/spines.py::51,0.201827
lib/matplotlib/spines.py::52,0.201827
lib/matplotlib/spines.py::53,0.201827
lib/matplotlib/spines.py::54,0.201827
lib/matplotlib/spines.py::55,0.201827
lib/matplotlib/spines.py::56,0.201827
lib/matplotlib/spines.py::57,0.201827
lib/matplotlib/spines.py::58,0.201827
lib/matplotlib/spines.py::60,0.201827
lib/matplotlib/spines.py::61,0.201827
lib/matplotlib/spines.py::63,0.201827
lib/matplotlib/spines.py::64,0.201827
lib/matplotlib/spines.py::69,0.201827
lib/matplotlib/spines.py::70,0.201827
lib/matplotlib/spines.py::71,0.201827
lib/matplotlib/spines.py::79,0.201827
lib/matplotlib/spines.py::83,0.201827
lib/matplotlib/text.py::1058,0.201827
lib/matplotlib/text.py::1059,0.201827
lib/matplotlib/text.py::1075,0.201827
lib/matplotlib/text.py::1076,0.201827
lib/matplotlib/text.py::1114,0.201827
lib/matplotlib/text.py::1115,0.201827
lib/matplotlib/text.py::1125,0.201827
lib/matplotlib/text.py::1126,0.201827
lib/matplotlib/text.py::1138,0.201827
lib/matplotlib/text.py::1139,0.201827
lib/matplotlib/text.py::1149,0.201827
lib/matplotlib/text.py::1150,0.201827
lib/matplotlib/text.py::1151,0.201827
lib/matplotlib/text.py::1152,0.201827
lib/matplotlib/text.py::1153,0.201827
lib/matplotlib/text.py::1167,0.201827
lib/matplotlib/text.py::1169,0.201827
lib/matplotlib/text.py::1205,0.201827
lib/matplotlib/text.py::1206,0.201827
lib/matplotlib/text.py::1216,0.201827
lib/matplotlib/text.py::1217,0.201827
lib/matplotlib/text.py::1220,0.201827
lib/matplotlib/text.py::148,0.201827
lib/matplotlib/text.py::149,0.201827
lib/matplotlib/text.py::151,0.201827
lib/matplotlib/text.py::152,0.201827
lib/matplotlib/text.py::153,0.201827
lib/matplotlib/text.py::154,0.201827
lib/matplotlib/text.py::156,0.201827
lib/matplotlib/text.py::157,0.201827
lib/matplotlib/text.py::158,0.201827
lib/matplotlib/text.py::159,0.201827
lib/matplotlib/text.py::160,0.201827
lib/matplotlib/text.py::161,0.201827
lib/matplotlib/text.py::162,0.201827
lib/matplotlib/text.py::163,0.201827
lib/matplotlib/text.py::164,0.201827
lib/matplotlib/text.py::165,0.201827
lib/matplotlib/text.py::166,0.201827
lib/matplotlib/text.py::167,0.201827
lib/matplotlib/text.py::168,0.201827
lib/matplotlib/text.py::169,0.201827
lib/matplotlib/text.py::170,0.201827
lib/matplotlib/text.py::171,0.201827
lib/matplotlib/text.py::172,0.201827
lib/matplotlib/text.py::176,0.201827
lib/matplotlib/text.py::178,0.201827
lib/matplotlib/text.py::179,0.201827
lib/matplotlib/text.py::182,0.201827
lib/matplotlib/text.py::183,0.201827
lib/matplotlib/text.py::184,0.201827
lib/matplotlib/text.py::250,0.201827
lib/matplotlib/text.py::251,0.201827
lib/matplotlib/text.py::252,0.201827
lib/matplotlib/text.py::529,0.201827
lib/matplotlib/text.py::530,0.201827
lib/matplotlib/text.py::531,0.201827
lib/matplotlib/text.py::532,0.201827
lib/matplotlib/text.py::537,0.201827
lib/matplotlib/text.py::538,0.201827
lib/matplotlib/text.py::562,0.201827
lib/matplotlib/text.py::941,0.201827
lib/matplotlib/text.py::942,0.201827
lib/matplotlib/text.py::945,0.201827
lib/matplotlib/text.py::946,0.201827
lib/matplotlib/text.py::956,0.201827
lib/matplotlib/text.py::957,0.201827
lib/matplotlib/text.py::958,0.201827
lib/matplotlib/ticker.py::1669,0.201827
lib/matplotlib/ticker.py::2034,0.201827
lib/matplotlib/ticker.py::2045,0.201827
lib/matplotlib/ticker.py::2049,0.201827
lib/matplotlib/ticker.py::2052,0.201827
lib/matplotlib/ticker.py::2053,0.201827
lib/matplotlib/ticker.py::2056,0.201827
lib/matplotlib/ticker.py::2058,0.201827
lib/matplotlib/ticker.py::2060,0.201827
lib/matplotlib/ticker.py::2067,0.201827
lib/matplotlib/ticker.py::2068,0.201827
lib/matplotlib/ticker.py::2089,0.201827
lib/matplotlib/ticker.py::2090,0.201827
lib/matplotlib/ticker.py::2091,0.201827
lib/matplotlib/ticker.py::2093,0.201827
lib/matplotlib/ticker.py::2094,0.201827
lib/matplotlib/ticker.py::2095,0.201827
lib/matplotlib/ticker.py::2096,0.201827
lib/matplotlib/ticker.py::2097,0.201827
lib/matplotlib/ticker.py::2098,0.201827
lib/matplotlib/ticker.py::2099,0.201827
lib/matplotlib/ticker.py::2100,0.201827
lib/matplotlib/ticker.py::2101,0.201827
lib/matplotlib/ticker.py::2102,0.201827
lib/matplotlib/ticker.py::2103,0.201827
lib/matplotlib/ticker.py::2106,0.201827
lib/matplotlib/ticker.py::2107,0.201827
lib/matplotlib/ticker.py::2108,0.201827
lib/matplotlib/ticker.py::2109,0.201827
lib/matplotlib/ticker.py::2110,0.201827
lib/matplotlib/ticker.py::230,0.201827
lib/matplotlib/ticker.py::2795,0.201827
lib/matplotlib/ticker.py::2801,0.201827
lib/matplotlib/ticker.py::308,0.201827
lib/matplotlib/ticker.py::499,0.201827
lib/matplotlib/ticker.py::500,0.201827
lib/matplotlib/ticker.py::502,0.201827
lib/matplotlib/ticker.py::503,0.201827
lib/matplotlib/ticker.py::504,0.201827
lib/matplotlib/ticker.py::505,0.201827
lib/matplotlib/ticker.py::506,0.201827
lib/matplotlib/ticker.py::507,0.201827
lib/matplotlib/ticker.py::508,0.201827
lib/matplotlib/ticker.py::509,0.201827
lib/matplotlib/ticker.py::510,0.201827
lib/matplotlib/ticker.py::511,0.201827
lib/matplotlib/ticker.py::512,0.201827
lib/matplotlib/ticker.py::513,0.201827
lib/matplotlib/ticker.py::514,0.201827
lib/matplotlib/ticker.py::520,0.201827
lib/matplotlib/ticker.py::521,0.201827
lib/matplotlib/ticker.py::522,0.201827
lib/matplotlib/ticker.py::544,0.201827
lib/matplotlib/ticker.py::547,0.201827
lib/matplotlib/transforms.py::1026,0.201827
lib/matplotlib/transforms.py::1028,0.201827
lib/matplotlib/transforms.py::1029,0.201827
lib/matplotlib/transforms.py::1033,0.201827
lib/matplotlib/transforms.py::1034,0.201827
lib/matplotlib/transforms.py::1035,0.201827
lib/matplotlib/transforms.py::1036,0.201827
lib/matplotlib/transforms.py::1037,0.201827
lib/matplotlib/transforms.py::116,0.201827
lib/matplotlib/transforms.py::120,0.201827
lib/matplotlib/transforms.py::121,0.201827
lib/matplotlib/transforms.py::1275,0.201827
lib/matplotlib/transforms.py::153,0.201827
lib/matplotlib/transforms.py::154,0.201827
lib/matplotlib/transforms.py::155,0.201827
lib/matplotlib/transforms.py::156,0.201827
lib/matplotlib/transforms.py::1634,0.201827
lib/matplotlib/transforms.py::1635,0.201827
lib/matplotlib/transforms.py::1636,0.201827
lib/matplotlib/transforms.py::1639,0.201827
lib/matplotlib/transforms.py::1640,0.201827
lib/matplotlib/transforms.py::1641,0.201827
lib/matplotlib/transforms.py::1642,0.201827
lib/matplotlib/transforms.py::1643,0.201827
lib/matplotlib/transforms.py::1655,0.201827
lib/matplotlib/transforms.py::1657,0.201827
lib/matplotlib/transforms.py::1658,0.201827
lib/matplotlib/transforms.py::1659,0.201827
lib/matplotlib/transforms.py::1660,0.201827
lib/matplotlib/transforms.py::1661,0.201827
lib/matplotlib/transforms.py::1662,0.201827
lib/matplotlib/transforms.py::1663,0.201827
lib/matplotlib/transforms.py::1664,0.201827
lib/matplotlib/transforms.py::1665,0.201827
lib/matplotlib/transforms.py::1678,0.201827
lib/matplotlib/transforms.py::1679,0.201827
lib/matplotlib/transforms.py::1684,0.201827
lib/matplotlib/transforms.py::1685,0.201827
lib/matplotlib/transforms.py::1687,0.201827
lib/matplotlib/transforms.py::1688,0.201827
lib/matplotlib/transforms.py::1689,0.201827
lib/matplotlib/transforms.py::1691,0.201827
lib/matplotlib/transforms.py::1703,0.201827
lib/matplotlib/transforms.py::1704,0.201827
lib/matplotlib/transforms.py::173,0.201827
lib/matplotlib/transforms.py::175,0.201827
lib/matplotlib/transforms.py::176,0.201827
lib/matplotlib/transforms.py::1771,0.201827
lib/matplotlib/transforms.py::1772,0.201827
lib/matplotlib/transforms.py::178,0.201827
lib/matplotlib/transforms.py::1842,0.201827
lib/matplotlib/transforms.py::1843,0.201827
lib/matplotlib/transforms.py::1845,0.201827
lib/matplotlib/transforms.py::1846,0.201827
lib/matplotlib/transforms.py::1847,0.201827
lib/matplotlib/transforms.py::195,0.201827
lib/matplotlib/transforms.py::1977,0.201827
lib/matplotlib/transforms.py::1978,0.201827
lib/matplotlib/transforms.py::1979,0.201827
lib/matplotlib/transforms.py::1980,0.201827
lib/matplotlib/transforms.py::199,0.201827
lib/matplotlib/transforms.py::1993,0.201827
lib/matplotlib/transforms.py::1994,0.201827
lib/matplotlib/transforms.py::1996,0.201827
lib/matplotlib/transforms.py::1997,0.201827
lib/matplotlib/transforms.py::1998,0.201827
lib/matplotlib/transforms.py::1999,0.201827
lib/matplotlib/transforms.py::200,0.201827
lib/matplotlib/transforms.py::2000,0.201827
lib/matplotlib/transforms.py::2001,0.201827
lib/matplotlib/transforms.py::2002,0.201827
lib/matplotlib/transforms.py::2003,0.201827
lib/matplotlib/transforms.py::201,0.201827
lib/matplotlib/transforms.py::2053,0.201827
lib/matplotlib/transforms.py::2221,0.201827
lib/matplotlib/transforms.py::2222,0.201827
lib/matplotlib/transforms.py::2223,0.201827
lib/matplotlib/transforms.py::2224,0.201827
lib/matplotlib/transforms.py::2228,0.201827
lib/matplotlib/transforms.py::2229,0.201827
lib/matplotlib/transforms.py::2230,0.201827
lib/matplotlib/transforms.py::2231,0.201827
lib/matplotlib/transforms.py::2233,0.201827
lib/matplotlib/transforms.py::2234,0.201827
lib/matplotlib/transforms.py::2260,0.201827
lib/matplotlib/transforms.py::2261,0.201827
lib/matplotlib/transforms.py::2262,0.201827
lib/matplotlib/transforms.py::2285,0.201827
lib/matplotlib/transforms.py::2288,0.201827
lib/matplotlib/transforms.py::2289,0.201827
lib/matplotlib/transforms.py::2291,0.201827
lib/matplotlib/transforms.py::2292,0.201827
lib/matplotlib/transforms.py::2293,0.201827
lib/matplotlib/transforms.py::2294,0.201827
lib/matplotlib/transforms.py::238,0.201827
lib/matplotlib/transforms.py::2451,0.201827
lib/matplotlib/transforms.py::2453,0.201827
lib/matplotlib/transforms.py::2455,0.201827
lib/matplotlib/transforms.py::2457,0.201827
lib/matplotlib/transforms.py::2516,0.201827
lib/matplotlib/transforms.py::2519,0.201827
lib/matplotlib/transforms.py::2520,0.201827
lib/matplotlib/transforms.py::2521,0.201827
lib/matplotlib/transforms.py::2522,0.201827
lib/matplotlib/transforms.py::2523,0.201827
lib/matplotlib/transforms.py::2604,0.201827
lib/matplotlib/transforms.py::2605,0.201827
lib/matplotlib/transforms.py::2606,0.201827
lib/matplotlib/transforms.py::2607,0.201827
lib/matplotlib/transforms.py::2608,0.201827
lib/matplotlib/transforms.py::2609,0.201827
lib/matplotlib/transforms.py::2792,0.201827
lib/matplotlib/transforms.py::2795,0.201827
lib/matplotlib/transforms.py::2796,0.201827
lib/matplotlib/transforms.py::2802,0.201827
lib/matplotlib/transforms.py::2804,0.201827
lib/matplotlib/transforms.py::2805,0.201827
lib/matplotlib/transforms.py::2809,0.201827
lib/matplotlib/transforms.py::2817,0.201827
lib/matplotlib/transforms.py::2819,0.201827
lib/matplotlib/transforms.py::360,0.201827
lib/matplotlib/transforms.py::361,0.201827
lib/matplotlib/transforms.py::366,0.201827
lib/matplotlib/transforms.py::367,0.201827
lib/matplotlib/transforms.py::773,0.201827
lib/matplotlib/transforms.py::774,0.201827
lib/matplotlib/transforms.py::775,0.201827
lib/matplotlib/transforms.py::778,0.201827
lib/matplotlib/transforms.py::779,0.201827
lib/matplotlib/transforms.py::780,0.201827
lib/matplotlib/transforms.py::784,0.201827
lib/matplotlib/transforms.py::799,0.201827
lib/matplotlib/transforms.py::804,0.201827
lib/matplotlib/transforms.py::813,0.201827
lib/matplotlib/transforms.py::822,0.201827
lib/matplotlib/transforms.py::943,0.201827
lib/matplotlib/transforms.py::944,0.201827
lib/matplotlib/transforms.py::948,0.201827
lib/matplotlib/transforms.py::949,0.201827
lib/matplotlib/transforms.py::965,0.201827
lib/matplotlib/transforms.py::969,0.201827
lib/matplotlib/transforms.py::976,0.201827
lib/matplotlib/transforms.py::977,0.201827
lib/matplotlib/units.py::194,0.201827
lib/matplotlib/units.py::196,0.201827
lib/matplotlib/units.py::204,0.201827
lib/matplotlib/units.py::205,0.201827
lib/matplotlib/units.py::206,0.201827
lib/matplotlib/units.py::207,0.201827
lib/matplotlib/units.py::208,0.201827
lib/matplotlib/units.py::209,0.201827
lib/matplotlib/units.py::210,0.201827
lib/matplotlib/units.py::211,0.201827
lib/matplotlib/units.py::212,0.201827
lib/matplotlib/units.py::216,0.201827
lib/matplotlib/units.py::217,0.201827
lib/matplotlib/units.py::218,0.201827
lib/matplotlib/units.py::64,0.201827
lib/matplotlib/units.py::71,0.201827
lib/matplotlib/widgets.py::36,0.201827
lib/matplotlib/gridspec.py::234,0.197946
lib/matplotlib/cbook/__init__.py::1591,0.196491
lib/matplotlib/cbook/__init__.py::1603,0.196491
lib/matplotlib/axes/_axes.py::4263,0.194232
lib/matplotlib/axes/_axes.py::4451,0.194232
lib/matplotlib/__init__.py::1000,0.190511
lib/matplotlib/__init__.py::1001,0.190511
lib/matplotlib/__init__.py::1079,0.190511
lib/matplotlib/__init__.py::1080,0.190511
lib/matplotlib/__init__.py::1081,0.190511
lib/matplotlib/__init__.py::1083,0.190511
lib/matplotlib/__init__.py::1085,0.190511
lib/matplotlib/__init__.py::1087,0.190511
lib/matplotlib/__init__.py::1121,0.190511
lib/matplotlib/__init__.py::1122,0.190511
lib/matplotlib/__init__.py::1124,0.190511
lib/matplotlib/__init__.py::660,0.190511
lib/matplotlib/__init__.py::661,0.190511
lib/matplotlib/__init__.py::667,0.190511
lib/matplotlib/__init__.py::668,0.190511
lib/matplotlib/__init__.py::669,0.190511
lib/matplotlib/__init__.py::670,0.190511
lib/matplotlib/__init__.py::671,0.190511
lib/matplotlib/__init__.py::676,0.190511
lib/matplotlib/__init__.py::680,0.190511
lib/matplotlib/__init__.py::681,0.190511
lib/matplotlib/__init__.py::684,0.190511
lib/matplotlib/__init__.py::691,0.190511
lib/matplotlib/__init__.py::697,0.190511
lib/matplotlib/__init__.py::703,0.190511
lib/matplotlib/__init__.py::704,0.190511
lib/matplotlib/__init__.py::705,0.190511
lib/matplotlib/__init__.py::709,0.190511
lib/matplotlib/__init__.py::725,0.190511
lib/matplotlib/__init__.py::726,0.190511
lib/matplotlib/__init__.py::748,0.190511
lib/matplotlib/__init__.py::997,0.190511
lib/matplotlib/__init__.py::998,0.190511
lib/matplotlib/__init__.py::999,0.190511
lib/matplotlib/_pylab_helpers.py::83,0.190511
lib/matplotlib/_pylab_helpers.py::84,0.190511
lib/matplotlib/_pylab_helpers.py::87,0.190511
lib/matplotlib/_pylab_helpers.py::88,0.190511
lib/matplotlib/cbook/__init__.py::1770,0.190511
lib/matplotlib/cbook/__init__.py::2007,0.190511
lib/matplotlib/cbook/__init__.py::2008,0.190511
lib/matplotlib/cbook/__init__.py::2009,0.190511
lib/matplotlib/cbook/__init__.py::2012,0.190511
lib/matplotlib/cbook/__init__.py::2014,0.190511
lib/matplotlib/cbook/__init__.py::2015,0.190511
lib/matplotlib/cbook/__init__.py::2016,0.190511
lib/matplotlib/cbook/__init__.py::2017,0.190511
lib/matplotlib/cbook/__init__.py::2172,0.190511
lib/matplotlib/cbook/__init__.py::2173,0.190511
lib/matplotlib/cbook/__init__.py::2174,0.190511
lib/matplotlib/cbook/deprecation.py::105,0.190511
lib/matplotlib/cbook/deprecation.py::106,0.190511
lib/matplotlib/cbook/deprecation.py::107,0.190511
lib/matplotlib/cbook/deprecation.py::108,0.190511
lib/matplotlib/cbook/deprecation.py::109,0.190511
lib/matplotlib/cbook/deprecation.py::27,0.190511
lib/matplotlib/cbook/deprecation.py::32,0.190511
lib/matplotlib/cbook/deprecation.py::35,0.190511
lib/matplotlib/cbook/deprecation.py::36,0.190511
lib/matplotlib/cbook/deprecation.py::37,0.190511
lib/matplotlib/cbook/deprecation.py::48,0.190511
lib/matplotlib/cbook/deprecation.py::49,0.190511
lib/matplotlib/cbook/deprecation.py::494,0.190511
lib/matplotlib/cbook/deprecation.py::495,0.190511
lib/matplotlib/cbook/deprecation.py::496,0.190511
lib/matplotlib/cbook/deprecation.py::50,0.190511
lib/matplotlib/cbook/deprecation.py::51,0.190511
lib/matplotlib/cbook/deprecation.py::52,0.190511
lib/matplotlib/cbook/deprecation.py::53,0.190511
lib/matplotlib/colors.py::124,0.190511
lib/matplotlib/colors.py::130,0.190511
lib/matplotlib/colors.py::131,0.190511
lib/matplotlib/colors.py::132,0.190511
lib/matplotlib/colors.py::133,0.190511
lib/matplotlib/colors.py::137,0.190511
lib/matplotlib/colors.py::163,0.190511
lib/matplotlib/colors.py::168,0.190511
lib/matplotlib/colors.py::169,0.190511
lib/matplotlib/colors.py::172,0.190511
lib/matplotlib/colors.py::178,0.190511
lib/matplotlib/pyplot.py::741,0.190511
lib/matplotlib/pyplot.py::747,0.190511
lib/matplotlib/pyplot.py::748,0.190511
lib/matplotlib/rcsetup.py::101,0.190511
lib/matplotlib/rcsetup.py::106,0.190511
lib/matplotlib/rcsetup.py::107,0.190511
lib/matplotlib/rcsetup.py::121,0.190511
lib/matplotlib/rcsetup.py::147,0.190511
lib/matplotlib/rcsetup.py::148,0.190511
lib/matplotlib/rcsetup.py::149,0.190511
lib/matplotlib/rcsetup.py::150,0.190511
lib/matplotlib/rcsetup.py::151,0.190511
lib/matplotlib/rcsetup.py::152,0.190511
lib/matplotlib/rcsetup.py::154,0.190511
lib/matplotlib/rcsetup.py::174,0.190511
lib/matplotlib/rcsetup.py::178,0.190511
lib/matplotlib/rcsetup.py::181,0.190511
lib/matplotlib/rcsetup.py::182,0.190511
lib/matplotlib/rcsetup.py::183,0.190511
lib/matplotlib/rcsetup.py::194,0.190511
lib/matplotlib/rcsetup.py::195,0.190511
lib/matplotlib/rcsetup.py::196,0.190511
lib/matplotlib/rcsetup.py::197,0.190511
lib/matplotlib/rcsetup.py::198,0.190511
lib/matplotlib/rcsetup.py::199,0.190511
lib/matplotlib/rcsetup.py::212,0.190511
lib/matplotlib/rcsetup.py::213,0.190511
lib/matplotlib/rcsetup.py::228,0.190511
lib/matplotlib/rcsetup.py::229,0.190511
lib/matplotlib/rcsetup.py::230,0.190511
lib/matplotlib/rcsetup.py::231,0.190511
lib/matplotlib/rcsetup.py::232,0.190511
lib/matplotlib/rcsetup.py::261,0.190511
lib/matplotlib/rcsetup.py::262,0.190511
lib/matplotlib/rcsetup.py::263,0.190511
lib/matplotlib/rcsetup.py::264,0.190511
lib/matplotlib/rcsetup.py::272,0.190511
lib/matplotlib/rcsetup.py::276,0.190511
lib/matplotlib/rcsetup.py::286,0.190511
lib/matplotlib/rcsetup.py::287,0.190511
lib/matplotlib/rcsetup.py::288,0.190511
lib/matplotlib/rcsetup.py::298,0.190511
lib/matplotlib/rcsetup.py::300,0.190511
lib/matplotlib/rcsetup.py::307,0.190511
lib/matplotlib/rcsetup.py::311,0.190511
lib/matplotlib/rcsetup.py::312,0.190511
lib/matplotlib/rcsetup.py::313,0.190511
lib/matplotlib/rcsetup.py::318,0.190511
lib/matplotlib/rcsetup.py::327,0.190511
lib/matplotlib/rcsetup.py::328,0.190511
lib/matplotlib/rcsetup.py::329,0.190511
lib/matplotlib/rcsetup.py::333,0.190511
lib/matplotlib/rcsetup.py::334,0.190511
lib/matplotlib/rcsetup.py::335,0.190511
lib/matplotlib/rcsetup.py::340,0.190511
lib/matplotlib/rcsetup.py::342,0.190511
lib/matplotlib/rcsetup.py::347,0.190511
lib/matplotlib/rcsetup.py::348,0.190511
lib/matplotlib/rcsetup.py::349,0.190511
lib/matplotlib/rcsetup.py::350,0.190511
lib/matplotlib/rcsetup.py::355,0.190511
lib/matplotlib/rcsetup.py::356,0.190511
lib/matplotlib/rcsetup.py::377,0.190511
lib/matplotlib/rcsetup.py::378,0.190511
lib/matplotlib/rcsetup.py::386,0.190511
lib/matplotlib/rcsetup.py::387,0.190511
lib/matplotlib/rcsetup.py::393,0.190511
lib/matplotlib/rcsetup.py::394,0.190511
lib/matplotlib/rcsetup.py::395,0.190511
lib/matplotlib/rcsetup.py::396,0.190511
lib/matplotlib/rcsetup.py::397,0.190511
lib/matplotlib/rcsetup.py::398,0.190511
lib/matplotlib/rcsetup.py::411,0.190511
lib/matplotlib/rcsetup.py::412,0.190511
lib/matplotlib/rcsetup.py::414,0.190511
lib/matplotlib/rcsetup.py::415,0.190511
lib/matplotlib/rcsetup.py::423,0.190511
lib/matplotlib/rcsetup.py::424,0.190511
lib/matplotlib/rcsetup.py::432,0.190511
lib/matplotlib/rcsetup.py::434,0.190511
lib/matplotlib/rcsetup.py::435,0.190511
lib/matplotlib/rcsetup.py::445,0.190511
lib/matplotlib/rcsetup.py::446,0.190511
lib/matplotlib/rcsetup.py::447,0.190511
lib/matplotlib/rcsetup.py::448,0.190511
lib/matplotlib/rcsetup.py::450,0.190511
lib/matplotlib/rcsetup.py::451,0.190511
lib/matplotlib/rcsetup.py::472,0.190511
lib/matplotlib/rcsetup.py::479,0.190511
lib/matplotlib/rcsetup.py::480,0.190511
lib/matplotlib/rcsetup.py::482,0.190511
lib/matplotlib/rcsetup.py::483,0.190511
lib/matplotlib/rcsetup.py::484,0.190511
lib/matplotlib/rcsetup.py::485,0.190511
lib/matplotlib/rcsetup.py::509,0.190511
lib/matplotlib/rcsetup.py::510,0.190511
lib/matplotlib/rcsetup.py::516,0.190511
lib/matplotlib/rcsetup.py::528,0.190511
lib/matplotlib/rcsetup.py::530,0.190511
lib/matplotlib/rcsetup.py::531,0.190511
lib/matplotlib/rcsetup.py::549,0.190511
lib/matplotlib/rcsetup.py::55,0.190511
lib/matplotlib/rcsetup.py::550,0.190511
lib/matplotlib/rcsetup.py::551,0.190511
lib/matplotlib/rcsetup.py::56,0.190511
lib/matplotlib/rcsetup.py::57,0.190511
lib/matplotlib/rcsetup.py::587,0.190511
lib/matplotlib/rcsetup.py::588,0.190511
lib/matplotlib/rcsetup.py::59,0.190511
lib/matplotlib/rcsetup.py::60,0.190511
lib/matplotlib/rcsetup.py::600,0.190511
lib/matplotlib/rcsetup.py::604,0.190511
lib/matplotlib/rcsetup.py::605,0.190511
lib/matplotlib/rcsetup.py::606,0.190511
lib/matplotlib/rcsetup.py::61,0.190511
lib/matplotlib/rcsetup.py::610,0.190511
lib/matplotlib/rcsetup.py::611,0.190511
lib/matplotlib/rcsetup.py::612,0.190511
lib/matplotlib/rcsetup.py::64,0.190511
lib/matplotlib/rcsetup.py::67,0.190511
lib/matplotlib/rcsetup.py::688,0.190511
lib/matplotlib/rcsetup.py::694,0.190511
lib/matplotlib/rcsetup.py::695,0.190511
lib/matplotlib/rcsetup.py::696,0.190511
lib/matplotlib/rcsetup.py::697,0.190511
lib/matplotlib/rcsetup.py::698,0.190511
lib/matplotlib/rcsetup.py::71,0.190511
lib/matplotlib/rcsetup.py::72,0.190511
lib/matplotlib/rcsetup.py::727,0.190511
lib/matplotlib/rcsetup.py::73,0.190511
lib/matplotlib/rcsetup.py::734,0.190511
lib/matplotlib/rcsetup.py::737,0.190511
lib/matplotlib/rcsetup.py::74,0.190511
lib/matplotlib/rcsetup.py::741,0.190511
lib/matplotlib/rcsetup.py::743,0.190511
lib/matplotlib/rcsetup.py::744,0.190511
lib/matplotlib/rcsetup.py::752,0.190511
lib/matplotlib/rcsetup.py::753,0.190511
lib/matplotlib/rcsetup.py::754,0.190511
lib/matplotlib/rcsetup.py::760,0.190511
lib/matplotlib/rcsetup.py::761,0.190511
lib/matplotlib/rcsetup.py::762,0.190511
lib/matplotlib/rcsetup.py::87,0.190511
lib/matplotlib/rcsetup.py::88,0.190511
lib/matplotlib/rcsetup.py::89,0.190511
lib/matplotlib/rcsetup.py::90,0.190511
lib/matplotlib/rcsetup.py::916,0.190511
lib/matplotlib/rcsetup.py::941,0.190511
lib/matplotlib/rcsetup.py::942,0.190511
lib/matplotlib/rcsetup.py::946,0.190511
lib/matplotlib/rcsetup.py::947,0.190511
lib/matplotlib/rcsetup.py::952,0.190511
lib/matplotlib/rcsetup.py::953,0.190511
lib/matplotlib/rcsetup.py::954,0.190511
lib/matplotlib/rcsetup.py::955,0.190511
lib/matplotlib/rcsetup.py::958,0.190511
lib/matplotlib/rcsetup.py::962,0.190511
lib/matplotlib/rcsetup.py::966,0.190511
lib/matplotlib/rcsetup.py::969,0.190511
lib/matplotlib/rcsetup.py::970,0.190511
lib/matplotlib/rcsetup.py::971,0.190511
lib/matplotlib/rcsetup.py::973,0.190511
lib/matplotlib/rcsetup.py::974,0.190511
lib/matplotlib/rcsetup.py::976,0.190511
lib/matplotlib/rcsetup.py::980,0.190511
lib/matplotlib/rcsetup.py::981,0.190511
lib/matplotlib/rcsetup.py::983,0.190511
lib/matplotlib/rcsetup.py::984,0.190511
lib/matplotlib/style/core.py::100,0.190511
lib/matplotlib/style/core.py::101,0.190511
lib/matplotlib/style/core.py::107,0.190511
lib/matplotlib/style/core.py::108,0.190511
lib/matplotlib/style/core.py::109,0.190511
lib/matplotlib/style/core.py::110,0.190511
lib/matplotlib/style/core.py::112,0.190511
lib/matplotlib/style/core.py::46,0.190511
lib/matplotlib/style/core.py::47,0.190511
lib/matplotlib/style/core.py::48,0.190511
lib/matplotlib/style/core.py::54,0.190511
lib/matplotlib/style/core.py::55,0.190511
lib/matplotlib/style/core.py::65,0.190511
lib/matplotlib/style/core.py::99,0.190511
lib/matplotlib/testing/__init__.py::21,0.190511
lib/matplotlib/testing/__init__.py::22,0.190511
lib/matplotlib/testing/__init__.py::23,0.190511
lib/matplotlib/testing/__init__.py::27,0.190511
lib/matplotlib/testing/__init__.py::34,0.190511
lib/matplotlib/testing/__init__.py::35,0.190511
lib/matplotlib/testing/__init__.py::36,0.190511
lib/matplotlib/testing/__init__.py::37,0.190511
lib/matplotlib/testing/__init__.py::38,0.190511
lib/matplotlib/testing/__init__.py::39,0.190511
lib/matplotlib/testing/__init__.py::40,0.190511
lib/matplotlib/testing/__init__.py::41,0.190511
lib/matplotlib/testing/__init__.py::44,0.190511
lib/matplotlib/testing/__init__.py::46,0.190511
lib/matplotlib/testing/__init__.py::47,0.190511
lib/matplotlib/testing/__init__.py::51,0.190511
lib/matplotlib/testing/__init__.py::52,0.190511
lib/matplotlib/testing/conftest.py::100,0.190511
lib/matplotlib/testing/conftest.py::34,0.190511
lib/matplotlib/testing/conftest.py::36,0.190511
lib/matplotlib/testing/conftest.py::38,0.190511
lib/matplotlib/testing/conftest.py::39,0.190511
lib/matplotlib/testing/conftest.py::40,0.190511
lib/matplotlib/testing/conftest.py::73,0.190511
lib/matplotlib/testing/conftest.py::74,0.190511
lib/matplotlib/testing/conftest.py::75,0.190511
lib/matplotlib/testing/conftest.py::80,0.190511
lib/matplotlib/testing/conftest.py::81,0.190511
lib/matplotlib/testing/conftest.py::95,0.190511
lib/matplotlib/testing/conftest.py::96,0.190511
lib/matplotlib/testing/conftest.py::97,0.190511
lib/matplotlib/testing/conftest.py::98,0.190511
lib/matplotlib/testing/decorators.py::32,0.190511
lib/matplotlib/testing/decorators.py::33,0.190511
lib/matplotlib/testing/decorators.py::34,0.190511
lib/matplotlib/testing/decorators.py::35,0.190511
lib/matplotlib/testing/decorators.py::37,0.190511
lib/matplotlib/testing/decorators.py::38,0.190511
lib/matplotlib/testing/decorators.py::39,0.190511
lib/matplotlib/figure.py::1370,0.187928
lib/matplotlib/figure.py::1373,0.187928
lib/matplotlib/axes/_axes.py::4515,0.185635
lib/matplotlib/axes/_axes.py::4517,0.185635
lib/matplotlib/collections.py::285,0.185635
lib/matplotlib/axes/_axes.py::4514,0.181745
lib/matplotlib/axes/_axes.py::4516,0.181745
lib/matplotlib/axes/_axes.py::4471,0.178089
lib/matplotlib/axes/_axes.py::4474,0.178089
lib/matplotlib/axes/_axes.py::4475,0.178089
lib/matplotlib/axes/_axes.py::4477,0.178089
lib/matplotlib/axes/_axes.py::4480,0.178089
lib/matplotlib/axes/_axes.py::4482,0.178089
lib/matplotlib/axes/_axes.py::4483,0.178089
lib/matplotlib/axes/_axes.py::4484,0.178089
lib/matplotlib/axes/_axes.py::4488,0.178089
lib/matplotlib/axes/_axes.py::4490,0.178089
lib/matplotlib/axes/_axes.py::4491,0.178089
lib/matplotlib/axes/_axes.py::4492,0.178089
lib/matplotlib/axes/_axes.py::4493,0.178089
lib/matplotlib/axes/_axes.py::4494,0.178089
lib/matplotlib/axes/_axes.py::4495,0.178089
lib/matplotlib/axes/_axes.py::4496,0.178089
lib/matplotlib/axes/_axes.py::4497,0.178089
lib/matplotlib/axes/_axes.py::4499,0.178089
lib/matplotlib/axes/_axes.py::4500,0.178089
lib/matplotlib/axes/_axes.py::4502,0.178089
lib/matplotlib/axes/_axes.py::4513,0.178089
lib/matplotlib/axes/_axes.py::4519,0.178089
lib/matplotlib/axes/_axes.py::4520,0.178089
lib/matplotlib/axes/_axes.py::4522,0.178089
lib/matplotlib/collections.py::219,0.178089
lib/matplotlib/collections.py::233,0.178089
lib/matplotlib/collections.py::240,0.178089
lib/matplotlib/collections.py::242,0.178089
lib/matplotlib/collections.py::243,0.178089
lib/matplotlib/collections.py::244,0.178089
lib/matplotlib/collections.py::245,0.178089
lib/matplotlib/collections.py::246,0.178089
lib/matplotlib/transforms.py::1397,0.178089
lib/matplotlib/collections.py::203,0.174646
lib/matplotlib/collections.py::329,0.174646
lib/matplotlib/collections.py::330,0.174646
lib/matplotlib/collections.py::331,0.174646
lib/matplotlib/collections.py::332,0.174646
lib/matplotlib/collections.py::336,0.174646
lib/matplotlib/collections.py::337,0.174646
lib/matplotlib/collections.py::338,0.174646
lib/matplotlib/collections.py::339,0.174646
lib/matplotlib/collections.py::348,0.174646
lib/matplotlib/collections.py::349,0.174646
lib/matplotlib/collections.py::350,0.174646
lib/matplotlib/collections.py::351,0.174646
lib/matplotlib/collections.py::352,0.174646
lib/matplotlib/collections.py::353,0.174646
lib/matplotlib/collections.py::354,0.174646
lib/matplotlib/collections.py::355,0.174646
lib/matplotlib/collections.py::465,0.174646
lib/matplotlib/path.py::493,0.174646
lib/matplotlib/path.py::494,0.174646
lib/matplotlib/transforms.py::1379,0.174646
lib/matplotlib/collections.py::328,0.171395
lib/matplotlib/collections.py::902,0.171395
lib/matplotlib/collections.py::903,0.171395
lib/matplotlib/collections.py::904,0.171395
lib/matplotlib/collections.py::905,0.171395
lib/matplotlib/collections.py::908,0.171395
lib/matplotlib/collections.py::909,0.171395
lib/matplotlib/collections.py::912,0.171395
lib/matplotlib/figure.py::1369,0.165720
lib/matplotlib/axes/_base.py::2316,0.165404
lib/matplotlib/axes/_base.py::2318,0.165404
lib/matplotlib/axes/_base.py::2319,0.165404
lib/matplotlib/axes/_base.py::2294,0.162635
lib/matplotlib/axes/_base.py::2296,0.162635
lib/matplotlib/axes/_base.py::2297,0.162635
lib/matplotlib/cbook/__init__.py::988,0.162635
lib/matplotlib/axes/_axes.py::4314,0.162552
lib/matplotlib/collections.py::154,0.160001
lib/matplotlib/collections.py::156,0.160001
lib/matplotlib/collections.py::158,0.160001
lib/matplotlib/collections.py::159,0.160001
lib/matplotlib/collections.py::160,0.160001
lib/matplotlib/collections.py::223,0.155096
lib/matplotlib/transforms.py::1319,0.152807
lib/matplotlib/collections.py::200,0.150617
lib/matplotlib/collections.py::201,0.150617
lib/matplotlib/collections.py::202,0.150617
lib/matplotlib/collections.py::207,0.150617
lib/matplotlib/collections.py::209,0.150617
lib/matplotlib/collections.py::211,0.150617
lib/matplotlib/collections.py::218,0.150617
lib/matplotlib/collections.py::222,0.150617
lib/matplotlib/transforms.py::1375,0.150617
lib/matplotlib/transforms.py::1377,0.150617
lib/matplotlib/transforms.py::1378,0.150617
lib/matplotlib/axes/_base.py::1940,0.148518
lib/matplotlib/axes/_base.py::1941,0.148518
lib/matplotlib/axes/_axes.py::4300,0.147650
lib/matplotlib/axes/_axes.py::4301,0.147650
lib/matplotlib/axes/_axes.py::4320,0.147650
lib/matplotlib/path.py::449,0.142712
lib/matplotlib/path.py::452,0.142712
lib/matplotlib/path.py::455,0.142712
lib/matplotlib/path.py::456,0.142712
lib/matplotlib/path.py::589,0.140923
lib/matplotlib/testing/decorators.py::179,0.140733
lib/matplotlib/testing/decorators.py::180,0.140733
lib/matplotlib/testing/decorators.py::181,0.140733
lib/matplotlib/testing/decorators.py::182,0.140733
lib/matplotlib/testing/decorators.py::183,0.140733
lib/matplotlib/testing/decorators.py::252,0.140733
lib/matplotlib/testing/decorators.py::253,0.140733
lib/matplotlib/testing/decorators.py::255,0.140733
lib/matplotlib/testing/decorators.py::258,0.140733
lib/matplotlib/testing/decorators.py::259,0.140733
lib/matplotlib/testing/decorators.py::260,0.140733
lib/matplotlib/testing/decorators.py::261,0.140733
lib/matplotlib/testing/decorators.py::484,0.140733
lib/matplotlib/testing/decorators.py::485,0.140733
lib/matplotlib/testing/decorators.py::486,0.140733
lib/matplotlib/testing/decorators.py::487,0.140733
lib/matplotlib/testing/decorators.py::488,0.140733
lib/matplotlib/testing/conftest.py::76,0.138601
lib/matplotlib/testing/conftest.py::78,0.138601
lib/matplotlib/axes/_axes.py::4258,0.130514
lib/matplotlib/axes/_axes.py::4261,0.130514
lib/matplotlib/axes/_axes.py::4262,0.130514
lib/matplotlib/axes/_axes.py::4267,0.130514
lib/matplotlib/axes/_axes.py::4271,0.130514
lib/matplotlib/axes/_axes.py::4276,0.130514
lib/matplotlib/axes/_axes.py::4277,0.130514
lib/matplotlib/axes/_axes.py::4278,0.130514
lib/matplotlib/axes/_axes.py::4299,0.130514
lib/matplotlib/collections.py::327,0.130041
lib/matplotlib/axes/_axes.py::4234,0.129632
lib/matplotlib/axes/_axes.py::4235,0.129632
lib/matplotlib/axes/_axes.py::4236,0.129632
lib/matplotlib/axes/_axes.py::4238,0.129632
lib/matplotlib/axes/_axes.py::4240,0.129632
lib/matplotlib/axes/_axes.py::4245,0.129632
lib/matplotlib/figure.py::141,0.128822
lib/matplotlib/figure.py::1880,0.128822
lib/matplotlib/collections.py::729,0.128684
lib/matplotlib/axes/_axes.py::3781,0.127454
lib/matplotlib/collections.py::727,0.126092
lib/matplotlib/markers.py::242,0.126092
lib/matplotlib/collections.py::885,0.124854
lib/matplotlib/collections.py::886,0.124854
lib/matplotlib/pyplot.py::2209,0.124310
lib/matplotlib/collections.py::875,0.121347
lib/matplotlib/collections.py::876,0.121347
lib/matplotlib/collections.py::877,0.121347
lib/matplotlib/collections.py::878,0.121347
lib/matplotlib/collections.py::879,0.121347
lib/matplotlib/collections.py::880,0.121347
lib/matplotlib/figure.py::1379,0.116110
lib/matplotlib/figure.py::1380,0.116110
lib/matplotlib/figure.py::1381,0.116110
lib/matplotlib/figure.py::1387,0.116110
lib/matplotlib/figure.py::1848,0.116110
lib/matplotlib/figure.py::1851,0.116110
lib/matplotlib/pyplot.py::678,0.114825
lib/matplotlib/axes/_base.py::2719,0.114193
lib/matplotlib/axes/_base.py::2720,0.114193
lib/matplotlib/collections.py::871,0.112371
lib/matplotlib/collections.py::881,0.112371
lib/matplotlib/cbook/__init__.py::978,0.109921
lib/matplotlib/cbook/__init__.py::980,0.109921
lib/matplotlib/cbook/__init__.py::982,0.109921
lib/matplotlib/cbook/__init__.py::983,0.109921
lib/matplotlib/cbook/__init__.py::984,0.109921
lib/matplotlib/cbook/__init__.py::985,0.109921
lib/matplotlib/cbook/__init__.py::986,0.109921
lib/matplotlib/cbook/__init__.py::987,0.109921
lib/matplotlib/cbook/__init__.py::990,0.109921
lib/matplotlib/cbook/__init__.py::992,0.109921
lib/matplotlib/cbook/__init__.py::993,0.109921
lib/matplotlib/cbook/__init__.py::994,0.109921
lib/matplotlib/cbook/__init__.py::995,0.109921
lib/matplotlib/cbook/__init__.py::996,0.109921
lib/matplotlib/cbook/__init__.py::998,0.109921
lib/matplotlib/collections.py::534,0.108172
lib/matplotlib/collections.py::535,0.108172
lib/matplotlib/collections.py::781,0.108172
lib/matplotlib/collections.py::767,0.106620
lib/matplotlib/collections.py::768,0.106620
lib/matplotlib/collections.py::769,0.106620
lib/matplotlib/collections.py::770,0.106620
lib/matplotlib/axes/_base.py::2508,0.104412
lib/matplotlib/axes/_base.py::2509,0.104412
lib/matplotlib/axes/_base.py::2510,0.104412
lib/matplotlib/axes/_base.py::2511,0.104412
lib/matplotlib/axes/_base.py::2512,0.104412
lib/matplotlib/collections.py::667,0.104412
lib/matplotlib/pyplot.py::1218,0.103282
lib/matplotlib/pyplot.py::1219,0.103282
lib/matplotlib/pyplot.py::1220,0.103282
lib/matplotlib/pyplot.py::1221,0.103282
lib/matplotlib/pyplot.py::1222,0.103282
lib/matplotlib/pyplot.py::674,0.102723
lib/matplotlib/pyplot.py::675,0.102723
lib/matplotlib/_pylab_helpers.py::108,0.102423
lib/matplotlib/axes/_base.py::2502,0.100378
lib/matplotlib/axes/_base.py::2503,0.100378
lib/matplotlib/axes/_base.py::2504,0.100378
lib/matplotlib/axes/_base.py::2505,0.100378
lib/matplotlib/axes/_base.py::2506,0.100378
lib/matplotlib/transforms.py::2454,0.098530
lib/matplotlib/markers.py::383,0.096780
lib/matplotlib/markers.py::379,0.096217
lib/matplotlib/markers.py::380,0.096217
lib/matplotlib/markers.py::381,0.096217
lib/matplotlib/markers.py::382,0.096217
lib/matplotlib/collections.py::293,0.095663
lib/matplotlib/collections.py::295,0.095663
lib/matplotlib/collections.py::297,0.095663
lib/matplotlib/collections.py::299,0.095663
lib/matplotlib/collections.py::301,0.095663
lib/matplotlib/collections.py::302,0.095663
lib/matplotlib/collections.py::303,0.095663
lib/matplotlib/collections.py::305,0.095663
lib/matplotlib/collections.py::309,0.095663
lib/matplotlib/collections.py::312,0.095663
lib/matplotlib/collections.py::322,0.095663
lib/matplotlib/collections.py::323,0.095663
lib/matplotlib/collections.py::324,0.095663
lib/matplotlib/collections.py::325,0.095663
lib/matplotlib/collections.py::326,0.095663
lib/matplotlib/collections.py::341,0.095663
lib/matplotlib/collections.py::344,0.095663
lib/matplotlib/collections.py::347,0.095663
lib/matplotlib/collections.py::365,0.095663
lib/matplotlib/collections.py::366,0.095663
lib/matplotlib/collections.py::367,0.095663
lib/matplotlib/collections.py::257,0.095120
lib/matplotlib/collections.py::258,0.095120
lib/matplotlib/collections.py::259,0.095120
lib/matplotlib/collections.py::260,0.095120
lib/matplotlib/collections.py::262,0.095120
lib/matplotlib/collections.py::275,0.095120
lib/matplotlib/collections.py::279,0.095120
lib/matplotlib/collections.py::284,0.095120
lib/matplotlib/collections.py::289,0.095120
lib/matplotlib/cbook/__init__.py::668,0.094313
lib/matplotlib/cbook/__init__.py::669,0.094313
lib/matplotlib/cbook/__init__.py::673,0.094313
lib/matplotlib/cbook/__init__.py::674,0.094313
lib/matplotlib/cbook/__init__.py::675,0.094313
lib/matplotlib/cbook/__init__.py::678,0.094313
lib/matplotlib/gridspec.py::303,0.093920
lib/matplotlib/gridspec.py::305,0.093920
lib/matplotlib/gridspec.py::318,0.093752
lib/matplotlib/markers.py::376,0.093542
lib/matplotlib/figure.py::1538,0.093417
lib/matplotlib/figure.py::1539,0.093417
lib/matplotlib/figure.py::1540,0.093417
lib/matplotlib/figure.py::1541,0.093417
lib/matplotlib/figure.py::1542,0.093417
lib/matplotlib/figure.py::2611,0.093417
lib/matplotlib/figure.py::2612,0.093417
lib/matplotlib/figure.py::2613,0.093417
lib/matplotlib/figure.py::2614,0.093417
lib/matplotlib/gridspec.py::296,0.093417
lib/matplotlib/gridspec.py::298,0.093417
lib/matplotlib/gridspec.py::302,0.093417
lib/matplotlib/gridspec.py::304,0.093417
lib/matplotlib/gridspec.py::311,0.093417
lib/matplotlib/gridspec.py::315,0.093417
lib/matplotlib/gridspec.py::316,0.093417
lib/matplotlib/gridspec.py::317,0.093417
lib/matplotlib/gridspec.py::320,0.093417
lib/matplotlib/gridspec.py::323,0.093417
lib/matplotlib/gridspec.py::324,0.093417
lib/matplotlib/gridspec.py::325,0.093417
lib/matplotlib/gridspec.py::326,0.093417
lib/matplotlib/gridspec.py::327,0.093417
lib/matplotlib/gridspec.py::328,0.093417
lib/matplotlib/gridspec.py::329,0.093417
lib/matplotlib/gridspec.py::330,0.093417
lib/matplotlib/gridspec.py::331,0.093417
lib/matplotlib/gridspec.py::334,0.093417
lib/matplotlib/gridspec.py::340,0.093417
lib/matplotlib/gridspec.py::347,0.093417
lib/matplotlib/gridspec.py::350,0.093417
lib/matplotlib/collections.py::175,0.093034
lib/matplotlib/path.py::137,0.093034
lib/matplotlib/path.py::138,0.093034
lib/matplotlib/path.py::141,0.093034
lib/matplotlib/gridspec.py::226,0.092757
lib/matplotlib/gridspec.py::227,0.092757
lib/matplotlib/gridspec.py::230,0.092757
lib/matplotlib/gridspec.py::231,0.092757
lib/matplotlib/gridspec.py::232,0.092757
lib/matplotlib/cbook/__init__.py::433,0.092676
lib/matplotlib/collections.py::722,0.092041
lib/matplotlib/path.py::761,0.092041
lib/matplotlib/path.py::764,0.092041
lib/matplotlib/figure.py::1374,0.091636
lib/matplotlib/figure.py::1375,0.091636
lib/matplotlib/gridspec.py::647,0.091636
lib/matplotlib/gridspec.py::648,0.091636
lib/matplotlib/gridspec.py::649,0.091636
lib/matplotlib/gridspec.py::775,0.091636
lib/matplotlib/cbook/deprecation.py::443,0.091479
lib/matplotlib/cbook/deprecation.py::444,0.091479
lib/matplotlib/cbook/deprecation.py::450,0.091479
lib/matplotlib/figure.py::1068,0.091014
lib/matplotlib/figure.py::1069,0.091014
lib/matplotlib/figure.py::1066,0.090707
lib/matplotlib/figure.py::1067,0.090707
lib/matplotlib/figure.py::1070,0.090707
lib/matplotlib/collections.py::780,0.090147
lib/matplotlib/artist.py::162,0.089692
lib/matplotlib/artist.py::163,0.089692
lib/matplotlib/collections.py::716,0.089692
lib/matplotlib/collections.py::719,0.089692
lib/matplotlib/cbook/__init__.py::1004,0.088366
lib/matplotlib/cbook/__init__.py::999,0.088366
lib/matplotlib/axes/_base.py::1929,0.086686
lib/matplotlib/collections.py::178,0.085882
lib/matplotlib/collections.py::179,0.085882
lib/matplotlib/collections.py::182,0.085882
lib/matplotlib/colors.py::284,0.080814
lib/matplotlib/colors.py::285,0.080814
lib/matplotlib/colors.py::286,0.080814
lib/matplotlib/ticker.py::698,0.080814
lib/matplotlib/ticker.py::699,0.080814
lib/matplotlib/ticker.py::560,0.080161
lib/matplotlib/ticker.py::788,0.079840
lib/matplotlib/colors.py::292,0.079210
lib/matplotlib/colors.py::279,0.078901
lib/matplotlib/colors.py::280,0.078901
lib/matplotlib/colors.py::281,0.078901
lib/matplotlib/colors.py::288,0.078901
lib/matplotlib/colors.py::290,0.078901
lib/matplotlib/axes/_axes.py::4281,0.078437
lib/matplotlib/axes/_axes.py::4282,0.078437
lib/matplotlib/colors.py::278,0.078293
lib/matplotlib/collections.py::571,0.073635
lib/matplotlib/collections.py::572,0.073635
lib/matplotlib/collections.py::749,0.073635
lib/matplotlib/ticker.py::555,0.073635
lib/matplotlib/ticker.py::558,0.073635
lib/matplotlib/ticker.py::559,0.073635
lib/matplotlib/ticker.py::561,0.073635
lib/matplotlib/ticker.py::564,0.073635
lib/matplotlib/ticker.py::565,0.073635
lib/matplotlib/ticker.py::681,0.073635
lib/matplotlib/ticker.py::686,0.073635
lib/matplotlib/ticker.py::688,0.073635
lib/matplotlib/ticker.py::689,0.073635
lib/matplotlib/ticker.py::690,0.073635
lib/matplotlib/ticker.py::691,0.073635
lib/matplotlib/ticker.py::694,0.073635
lib/matplotlib/ticker.py::697,0.073635
lib/matplotlib/ticker.py::303,0.073387
lib/matplotlib/ticker.py::654,0.073387
lib/matplotlib/ticker.py::655,0.073387
lib/matplotlib/ticker.py::674,0.073387
lib/matplotlib/ticker.py::680,0.073387
lib/matplotlib/ticker.py::682,0.073387
lib/matplotlib/ticker.py::683,0.073387
lib/matplotlib/ticker.py::728,0.073387
lib/matplotlib/ticker.py::731,0.073387
lib/matplotlib/ticker.py::736,0.073387
lib/matplotlib/ticker.py::737,0.073387
lib/matplotlib/ticker.py::738,0.073387
lib/matplotlib/ticker.py::739,0.073387
lib/matplotlib/ticker.py::740,0.073387
lib/matplotlib/ticker.py::743,0.073387
lib/matplotlib/ticker.py::746,0.073387
lib/matplotlib/ticker.py::749,0.073387
lib/matplotlib/ticker.py::750,0.073387
lib/matplotlib/ticker.py::753,0.073387
lib/matplotlib/ticker.py::754,0.073387
lib/matplotlib/ticker.py::756,0.073387
lib/matplotlib/ticker.py::759,0.073387
lib/matplotlib/ticker.py::763,0.073387
lib/matplotlib/ticker.py::767,0.073387
lib/matplotlib/ticker.py::768,0.073387
lib/matplotlib/ticker.py::769,0.073387
lib/matplotlib/ticker.py::771,0.073387
lib/matplotlib/ticker.py::774,0.073387
lib/matplotlib/ticker.py::776,0.073387
lib/matplotlib/ticker.py::779,0.073387
lib/matplotlib/ticker.py::781,0.073387
lib/matplotlib/ticker.py::783,0.073387
lib/matplotlib/ticker.py::784,0.073387
lib/matplotlib/ticker.py::785,0.073387
lib/matplotlib/ticker.py::786,0.073387
lib/matplotlib/ticker.py::789,0.073387
lib/matplotlib/ticker.py::790,0.073387
lib/matplotlib/ticker.py::791,0.073387
lib/matplotlib/backends/backend_agg.py::194,0.071945
lib/matplotlib/backends/backend_agg.py::195,0.071945
lib/matplotlib/backends/backend_agg.py::197,0.071945
lib/matplotlib/backends/backend_agg.py::201,0.071945
lib/matplotlib/backends/backend_agg.py::202,0.071945
lib/matplotlib/backends/backend_agg.py::203,0.071945
lib/matplotlib/backends/backend_agg.py::204,0.071945
lib/matplotlib/backends/backend_agg.py::206,0.071945
lib/matplotlib/backends/backend_agg.py::207,0.071945
lib/matplotlib/backends/backend_agg.py::208,0.071945
lib/matplotlib/backends/backend_agg.py::209,0.071945
lib/matplotlib/backends/backend_agg.py::210,0.071945
lib/matplotlib/backends/backend_agg.py::211,0.071945
lib/matplotlib/backends/backend_agg.py::212,0.071945
lib/matplotlib/backends/backend_agg.py::213,0.071945
lib/matplotlib/text.py::390,0.071945
lib/matplotlib/text.py::386,0.071713
lib/matplotlib/text.py::389,0.071713
lib/matplotlib/ticker.py::652,0.071713
lib/matplotlib/ticker.py::678,0.071713
lib/matplotlib/ticker.py::679,0.071713
lib/matplotlib/backend_bases.py::644,0.071484
lib/matplotlib/backends/backend_agg.py::191,0.071484
lib/matplotlib/backends/backend_agg.py::260,0.071484
lib/matplotlib/colors.py::299,0.071182
lib/matplotlib/colors.py::300,0.071182
lib/matplotlib/colors.py::297,0.071038
lib/matplotlib/backends/backend_agg.py::218,0.071030
lib/matplotlib/backends/backend_agg.py::226,0.071030
lib/matplotlib/backends/backend_agg.py::231,0.071030
lib/matplotlib/backends/backend_agg.py::232,0.071030
lib/matplotlib/backends/backend_agg.py::233,0.071030
lib/matplotlib/backends/backend_agg.py::234,0.071030
lib/matplotlib/backends/backend_agg.py::235,0.071030
lib/matplotlib/backends/backend_agg.py::236,0.071030
lib/matplotlib/backends/backend_agg.py::237,0.071030
lib/matplotlib/backends/backend_agg.py::238,0.071030
lib/matplotlib/backends/backend_agg.py::239,0.071030
lib/matplotlib/backends/backend_agg.py::266,0.071030
lib/matplotlib/backends/backend_agg.py::267,0.071030
lib/matplotlib/backends/backend_agg.py::269,0.071030
lib/matplotlib/backends/backend_agg.py::270,0.071030
lib/matplotlib/backends/backend_agg.py::271,0.071030
lib/matplotlib/backends/backend_agg.py::273,0.071030
lib/matplotlib/backends/backend_agg.py::57,0.071030
lib/matplotlib/backends/backend_agg.py::58,0.071030
lib/matplotlib/backends/backend_agg.py::59,0.071030
lib/matplotlib/backends/backend_agg.py::60,0.071030
lib/matplotlib/backends/backend_agg.py::61,0.071030
lib/matplotlib/backends/backend_agg.py::62,0.071030
lib/matplotlib/backends/backend_agg.py::63,0.071030
lib/matplotlib/backends/backend_agg.py::64,0.071030
lib/matplotlib/backends/backend_agg.py::65,0.071030
lib/matplotlib/backends/backend_agg.py::66,0.071030
lib/matplotlib/backends/backend_agg.py::68,0.071030
lib/matplotlib/collections.py::643,0.071030
lib/matplotlib/ticker.py::2205,0.071030
lib/matplotlib/text.py::898,0.070807
lib/matplotlib/text.py::899,0.070807
lib/matplotlib/text.py::900,0.070807
lib/matplotlib/text.py::902,0.070807
lib/matplotlib/text.py::905,0.070807
lib/matplotlib/text.py::906,0.070807
lib/matplotlib/text.py::907,0.070807
lib/matplotlib/text.py::908,0.070807
lib/matplotlib/text.py::909,0.070807
lib/matplotlib/text.py::910,0.070807
lib/matplotlib/transforms.py::635,0.070807
lib/matplotlib/axes/_base.py::2182,0.070432
lib/matplotlib/axes/_base.py::2183,0.070432
lib/matplotlib/axes/_base.py::2187,0.070432
lib/matplotlib/text.py::349,0.070367
lib/matplotlib/text.py::350,0.070367
lib/matplotlib/text.py::351,0.070367
lib/matplotlib/text.py::377,0.070367
lib/matplotlib/text.py::379,0.070367
lib/matplotlib/text.py::347,0.070150
lib/matplotlib/text.py::348,0.070150
lib/matplotlib/text.py::716,0.070150
lib/matplotlib/text.py::280,0.069934
lib/matplotlib/text.py::387,0.069934
lib/matplotlib/colors.py::277,0.069916
lib/matplotlib/text.py::346,0.069721
lib/matplotlib/ticker.py::1981,0.069721
lib/matplotlib/collections.py::747,0.069510
lib/matplotlib/collections.py::748,0.069510
lib/matplotlib/collections.py::750,0.069510
lib/matplotlib/text.py::385,0.069510
lib/matplotlib/text.py::1192,0.068888
lib/matplotlib/text.py::27,0.068888
lib/matplotlib/text.py::35,0.068888
lib/matplotlib/text.py::378,0.068888
lib/matplotlib/text.py::552,0.068888
lib/matplotlib/text.py::682,0.068888
lib/matplotlib/text.py::684,0.068888
lib/matplotlib/text.py::685,0.068888
lib/matplotlib/text.py::686,0.068888
lib/matplotlib/text.py::690,0.068888
lib/matplotlib/text.py::691,0.068888
lib/matplotlib/text.py::692,0.068888
lib/matplotlib/text.py::693,0.068888
lib/matplotlib/text.py::696,0.068888
lib/matplotlib/text.py::699,0.068888
lib/matplotlib/text.py::702,0.068888
lib/matplotlib/text.py::703,0.068888
lib/matplotlib/text.py::704,0.068888
lib/matplotlib/text.py::705,0.068888
lib/matplotlib/text.py::706,0.068888
lib/matplotlib/text.py::708,0.068888
lib/matplotlib/text.py::710,0.068888
lib/matplotlib/text.py::712,0.068888
lib/matplotlib/text.py::713,0.068888
lib/matplotlib/text.py::714,0.068888
lib/matplotlib/text.py::715,0.068888
lib/matplotlib/text.py::717,0.068888
lib/matplotlib/text.py::719,0.068888
lib/matplotlib/text.py::724,0.068888
lib/matplotlib/text.py::726,0.068888
lib/matplotlib/text.py::731,0.068888
lib/matplotlib/text.py::732,0.068888
lib/matplotlib/text.py::733,0.068888
lib/matplotlib/text.py::735,0.068888
lib/matplotlib/text.py::736,0.068888
lib/matplotlib/text.py::737,0.068888
lib/matplotlib/text.py::376,0.068684
lib/matplotlib/text.py::383,0.068684
lib/matplotlib/text.py::55,0.068684
lib/matplotlib/text.py::56,0.068684
lib/matplotlib/text.py::57,0.068684
lib/matplotlib/cbook/__init__.py::523,0.068482
lib/matplotlib/cbook/__init__.py::524,0.068482
lib/matplotlib/cbook/__init__.py::525,0.068482
lib/matplotlib/cbook/__init__.py::526,0.068482
lib/matplotlib/cbook/__init__.py::527,0.068482
lib/matplotlib/cbook/__init__.py::528,0.068482
lib/matplotlib/font_manager.py::1222,0.068482
lib/matplotlib/font_manager.py::1224,0.068482
lib/matplotlib/font_manager.py::1225,0.068482
lib/matplotlib/font_manager.py::1226,0.068482
lib/matplotlib/font_manager.py::1227,0.068482
lib/matplotlib/font_manager.py::1228,0.068482
lib/matplotlib/font_manager.py::1328,0.068482
lib/matplotlib/font_manager.py::1329,0.068482
lib/matplotlib/font_manager.py::1330,0.068482
lib/matplotlib/font_manager.py::1331,0.068482
lib/matplotlib/font_manager.py::1332,0.068482
lib/matplotlib/font_manager.py::651,0.068482
lib/matplotlib/font_manager.py::652,0.068482
lib/matplotlib/font_manager.py::653,0.068482
lib/matplotlib/font_manager.py::654,0.068482
lib/matplotlib/font_manager.py::655,0.068482
lib/matplotlib/font_manager.py::656,0.068482
lib/matplotlib/font_manager.py::657,0.068482
lib/matplotlib/font_manager.py::658,0.068482
lib/matplotlib/font_manager.py::661,0.068482
lib/matplotlib/font_manager.py::670,0.068482
lib/matplotlib/font_manager.py::682,0.068482
lib/matplotlib/font_manager.py::689,0.068482
lib/matplotlib/font_manager.py::698,0.068482
lib/matplotlib/font_manager.py::706,0.068482
lib/matplotlib/font_manager.py::721,0.068482
lib/matplotlib/text.py::1185,0.068482
lib/matplotlib/text.py::1189,0.068482
lib/matplotlib/text.py::1224,0.068482
lib/matplotlib/text.py::230,0.068482
lib/matplotlib/text.py::233,0.068482
lib/matplotlib/text.py::278,0.068482
lib/matplotlib/text.py::279,0.068482
lib/matplotlib/text.py::282,0.068482
lib/matplotlib/text.py::283,0.068482
lib/matplotlib/text.py::285,0.068482
lib/matplotlib/text.py::286,0.068482
lib/matplotlib/text.py::287,0.068482
lib/matplotlib/text.py::288,0.068482
lib/matplotlib/text.py::291,0.068482
lib/matplotlib/text.py::292,0.068482
lib/matplotlib/text.py::293,0.068482
lib/matplotlib/text.py::294,0.068482
lib/matplotlib/text.py::296,0.068482
lib/matplotlib/text.py::297,0.068482
lib/matplotlib/text.py::298,0.068482
lib/matplotlib/text.py::299,0.068482
lib/matplotlib/text.py::300,0.068482
lib/matplotlib/text.py::307,0.068482
lib/matplotlib/text.py::308,0.068482
lib/matplotlib/text.py::310,0.068482
lib/matplotlib/text.py::311,0.068482
lib/matplotlib/text.py::314,0.068482
lib/matplotlib/text.py::316,0.068482
lib/matplotlib/text.py::318,0.068482
lib/matplotlib/text.py::323,0.068482
lib/matplotlib/text.py::324,0.068482
lib/matplotlib/text.py::326,0.068482
lib/matplotlib/text.py::329,0.068482
lib/matplotlib/text.py::332,0.068482
lib/matplotlib/text.py::333,0.068482
lib/matplotlib/text.py::334,0.068482
lib/matplotlib/text.py::335,0.068482
lib/matplotlib/text.py::336,0.068482
lib/matplotlib/text.py::337,0.068482
lib/matplotlib/text.py::340,0.068482
lib/matplotlib/text.py::343,0.068482
lib/matplotlib/text.py::344,0.068482
lib/matplotlib/text.py::354,0.068482
lib/matplotlib/text.py::355,0.068482
lib/matplotlib/text.py::358,0.068482
lib/matplotlib/text.py::360,0.068482
lib/matplotlib/text.py::361,0.068482
lib/matplotlib/text.py::362,0.068482
lib/matplotlib/text.py::363,0.068482
lib/matplotlib/text.py::364,0.068482
lib/matplotlib/text.py::365,0.068482
lib/matplotlib/text.py::369,0.068482
lib/matplotlib/text.py::370,0.068482
lib/matplotlib/text.py::372,0.068482
lib/matplotlib/text.py::373,0.068482
lib/matplotlib/text.py::417,0.068482
lib/matplotlib/text.py::418,0.068482
lib/matplotlib/text.py::420,0.068482
lib/matplotlib/text.py::423,0.068482
lib/matplotlib/text.py::425,0.068482
lib/matplotlib/text.py::426,0.068482
lib/matplotlib/text.py::427,0.068482
lib/matplotlib/text.py::846,0.068482
lib/matplotlib/text.py::847,0.068482
lib/matplotlib/text.py::848,0.068482
lib/matplotlib/text.py::849,0.068482
lib/matplotlib/text.py::850,0.068482
lib/matplotlib/text.py::851,0.068482
lib/matplotlib/text.py::852,0.068482
lib/matplotlib/text.py::853,0.068482
lib/matplotlib/backend_bases.py::936,0.068282
lib/matplotlib/text.py::256,0.068282
lib/matplotlib/axes/_base.py::1927,0.068083
lib/matplotlib/axes/_base.py::1928,0.068083
lib/matplotlib/axes/_base.py::1930,0.068083
lib/matplotlib/axes/_base.py::1931,0.068083
lib/matplotlib/axes/_base.py::1932,0.068083
lib/matplotlib/axes/_base.py::1934,0.068083
lib/matplotlib/axes/_base.py::1935,0.068083
lib/matplotlib/axes/_base.py::1937,0.068083
lib/matplotlib/axes/_base.py::1943,0.068083
lib/matplotlib/axes/_base.py::1944,0.068083
lib/matplotlib/collections.py::113,0.068083
lib/matplotlib/collections.py::114,0.068083
lib/matplotlib/collections.py::117,0.068083
lib/matplotlib/collections.py::119,0.068083
lib/matplotlib/collections.py::121,0.068083
lib/matplotlib/collections.py::122,0.068083
lib/matplotlib/collections.py::123,0.068083
lib/matplotlib/collections.py::125,0.068083
lib/matplotlib/collections.py::126,0.068083
lib/matplotlib/collections.py::127,0.068083
lib/matplotlib/collections.py::128,0.068083
lib/matplotlib/collections.py::129,0.068083
lib/matplotlib/collections.py::130,0.068083
lib/matplotlib/collections.py::131,0.068083
lib/matplotlib/collections.py::132,0.068083
lib/matplotlib/collections.py::133,0.068083
lib/matplotlib/collections.py::134,0.068083
lib/matplotlib/collections.py::135,0.068083
lib/matplotlib/collections.py::137,0.068083
lib/matplotlib/collections.py::139,0.068083
lib/matplotlib/collections.py::142,0.068083
lib/matplotlib/collections.py::144,0.068083
lib/matplotlib/collections.py::147,0.068083
lib/matplotlib/collections.py::149,0.068083
lib/matplotlib/collections.py::151,0.068083
lib/matplotlib/collections.py::152,0.068083
lib/matplotlib/collections.py::153,0.068083
lib/matplotlib/collections.py::164,0.068083
lib/matplotlib/collections.py::165,0.068083
lib/matplotlib/collections.py::166,0.068083
lib/matplotlib/collections.py::378,0.068083
lib/matplotlib/collections.py::422,0.068083
lib/matplotlib/collections.py::423,0.068083
lib/matplotlib/collections.py::460,0.068083
lib/matplotlib/collections.py::461,0.068083
lib/matplotlib/collections.py::533,0.068083
lib/matplotlib/collections.py::538,0.068083
lib/matplotlib/collections.py::541,0.068083
lib/matplotlib/collections.py::542,0.068083
lib/matplotlib/collections.py::543,0.068083
lib/matplotlib/collections.py::569,0.068083
lib/matplotlib/collections.py::570,0.068083
lib/matplotlib/collections.py::584,0.068083
lib/matplotlib/collections.py::587,0.068083
lib/matplotlib/collections.py::588,0.068083
lib/matplotlib/collections.py::642,0.068083
lib/matplotlib/collections.py::666,0.068083
lib/matplotlib/collections.py::668,0.068083
lib/matplotlib/collections.py::669,0.068083
lib/matplotlib/collections.py::688,0.068083
lib/matplotlib/collections.py::691,0.068083
lib/matplotlib/collections.py::692,0.068083
lib/matplotlib/collections.py::693,0.068083
lib/matplotlib/collections.py::697,0.068083
lib/matplotlib/collections.py::698,0.068083
lib/matplotlib/collections.py::712,0.068083
lib/matplotlib/collections.py::713,0.068083
lib/matplotlib/collections.py::725,0.068083
lib/matplotlib/collections.py::726,0.068083
lib/matplotlib/collections.py::734,0.068083
lib/matplotlib/collections.py::735,0.068083
lib/matplotlib/collections.py::736,0.068083
lib/matplotlib/collections.py::741,0.068083
lib/matplotlib/collections.py::742,0.068083
lib/matplotlib/collections.py::762,0.068083
lib/matplotlib/collections.py::763,0.068083
lib/matplotlib/text.py::237,0.068083
lib/matplotlib/text.py::53,0.068083
lib/matplotlib/text.py::54,0.068083
lib/matplotlib/text.py::741,0.068083
lib/matplotlib/artist.py::790,0.067887
lib/matplotlib/ticker.py::2197,0.067307
lib/matplotlib/ticker.py::2201,0.067307
lib/matplotlib/ticker.py::2202,0.067307
lib/matplotlib/ticker.py::2204,0.067307
lib/matplotlib/pyplot.py::2681,0.066968
lib/matplotlib/pyplot.py::2682,0.066968
lib/matplotlib/pyplot.py::2683,0.066968
lib/matplotlib/axes/_base.py::2618,0.065127
lib/matplotlib/axes/_base.py::2619,0.065127
lib/matplotlib/text.py::1170,0.065127
lib/matplotlib/text.py::1171,0.065127
lib/matplotlib/cm.py::201,0.064954
lib/matplotlib/cm.py::200,0.064783
lib/matplotlib/cm.py::202,0.064783
lib/matplotlib/cm.py::204,0.064783
lib/matplotlib/cm.py::205,0.064783
lib/matplotlib/cm.py::206,0.064783
lib/matplotlib/cm.py::232,0.064783
lib/matplotlib/cm.py::233,0.064783
lib/matplotlib/cm.py::234,0.064783
lib/matplotlib/cm.py::235,0.064783
lib/matplotlib/cm.py::236,0.064783
lib/matplotlib/cm.py::238,0.064783
lib/matplotlib/cm.py::239,0.064783
lib/matplotlib/cm.py::240,0.064783
lib/matplotlib/cm.py::402,0.064783
lib/matplotlib/cm.py::403,0.064783
lib/matplotlib/cm.py::404,0.064783
lib/matplotlib/cm.py::405,0.064783
lib/matplotlib/cm.py::422,0.064783
lib/matplotlib/cm.py::423,0.064783
lib/matplotlib/cm.py::424,0.064783
lib/matplotlib/cm.py::425,0.064783
lib/matplotlib/cm.py::426,0.064783
lib/matplotlib/cm.py::427,0.064783
lib/matplotlib/colors.py::113,0.064783
lib/matplotlib/colors.py::114,0.064783
lib/matplotlib/colors.py::968,0.064783
lib/matplotlib/colors.py::969,0.064783
lib/matplotlib/colors.py::970,0.064783
lib/matplotlib/axes/_axes.py::3698,0.064136
lib/matplotlib/units.py::200,0.063937
lib/matplotlib/units.py::202,0.063937
lib/matplotlib/ticker.py::1982,0.062989
lib/matplotlib/axes/_axes.py::3703,0.061635
lib/matplotlib/axes/_base.py::2222,0.061241
lib/matplotlib/ticker.py::2129,0.061191
lib/matplotlib/transforms.py::2154,0.061048
lib/matplotlib/transforms.py::1502,0.060907
lib/matplotlib/ticker.py::2145,0.060766
lib/matplotlib/ticker.py::2146,0.060766
lib/matplotlib/ticker.py::2147,0.060766
lib/matplotlib/ticker.py::2148,0.060766
lib/matplotlib/ticker.py::2149,0.060766
lib/matplotlib/ticker.py::2150,0.060766
lib/matplotlib/artist.py::854,0.060349
lib/matplotlib/font_manager.py::715,0.060349
lib/matplotlib/ticker.py::2176,0.060211
lib/matplotlib/ticker.py::2177,0.060211
lib/matplotlib/ticker.py::2180,0.060075
lib/matplotlib/ticker.py::2183,0.060075
lib/matplotlib/ticker.py::2184,0.060075
lib/matplotlib/ticker.py::2185,0.060075
lib/matplotlib/ticker.py::2187,0.060075
lib/matplotlib/ticker.py::2188,0.060075
lib/matplotlib/ticker.py::2190,0.060075
lib/matplotlib/ticker.py::2192,0.060075
lib/matplotlib/ticker.py::2194,0.060075
lib/matplotlib/units.py::67,0.059605
lib/matplotlib/units.py::69,0.059605
lib/matplotlib/axes/_axes.py::3780,0.059406
lib/matplotlib/backend_bases.py::879,0.059277
lib/matplotlib/axes/_base.py::2531,0.059018
lib/matplotlib/axes/_base.py::2532,0.059018
lib/matplotlib/axes/_base.py::2533,0.059018
lib/matplotlib/axes/_base.py::2534,0.059018
lib/matplotlib/axes/_base.py::2535,0.059018
lib/matplotlib/axes/_base.py::2536,0.059018
lib/matplotlib/axes/_base.py::2538,0.059018
lib/matplotlib/axes/_base.py::2539,0.059018
lib/matplotlib/axes/_base.py::2540,0.059018
lib/matplotlib/axes/_base.py::2579,0.059018
lib/matplotlib/transforms.py::2085,0.059018
lib/matplotlib/axes/_base.py::1601,0.058890
lib/matplotlib/axes/_base.py::1602,0.058890
lib/matplotlib/axes/_base.py::3163,0.058636
lib/matplotlib/axes/_base.py::3166,0.058636
lib/matplotlib/axes/_base.py::3167,0.058636
lib/matplotlib/axes/_base.py::3169,0.058636
lib/matplotlib/axes/_base.py::3172,0.058636
lib/matplotlib/axes/_base.py::3173,0.058636
lib/matplotlib/axes/_base.py::3174,0.058636
lib/matplotlib/axes/_base.py::3449,0.058510
lib/matplotlib/axes/_base.py::3452,0.058510
lib/matplotlib/axes/_base.py::3453,0.058510
lib/matplotlib/axes/_base.py::3455,0.058510
lib/matplotlib/axes/_base.py::3458,0.058510
lib/matplotlib/axes/_base.py::3459,0.058510
lib/matplotlib/axes/_base.py::3460,0.058510
lib/matplotlib/backends/backend_agg.py::277,0.058510
lib/matplotlib/units.py::66,0.058214
lib/matplotlib/backend_bases.py::1903,0.058015
lib/matplotlib/backends/backend_agg.py::133,0.058015
lib/matplotlib/backends/backend_agg.py::134,0.058015
lib/matplotlib/backends/backend_agg.py::136,0.058015
lib/matplotlib/backends/backend_agg.py::158,0.058015
lib/matplotlib/backends/backend_agg.py::159,0.058015
lib/matplotlib/backends/backend_agg.py::297,0.058015
lib/matplotlib/backends/backend_agg.py::396,0.058015
lib/matplotlib/backends/backend_agg.py::398,0.058015
lib/matplotlib/backends/backend_agg.py::399,0.058015
lib/matplotlib/backends/backend_agg.py::400,0.058015
lib/matplotlib/backends/backend_agg.py::401,0.058015
lib/matplotlib/backends/backend_agg.py::404,0.058015
lib/matplotlib/axes/_base.py::2147,0.057893
lib/matplotlib/axes/_base.py::2148,0.057893
lib/matplotlib/axes/_base.py::2150,0.057893
lib/matplotlib/axes/_base.py::2151,0.057893
lib/matplotlib/axes/_base.py::2152,0.057893
lib/matplotlib/lines.py::504,0.057893
lib/matplotlib/lines.py::588,0.057893
lib/matplotlib/lines.py::783,0.057893
lib/matplotlib/lines.py::784,0.057893
lib/matplotlib/lines.py::785,0.057893
lib/matplotlib/lines.py::786,0.057893
lib/matplotlib/lines.py::788,0.057893
lib/matplotlib/lines.py::789,0.057893
lib/matplotlib/lines.py::790,0.057893
lib/matplotlib/lines.py::791,0.057893
lib/matplotlib/lines.py::792,0.057893
lib/matplotlib/lines.py::793,0.057893
lib/matplotlib/lines.py::796,0.057893
lib/matplotlib/lines.py::800,0.057893
lib/matplotlib/lines.py::801,0.057893
lib/matplotlib/lines.py::805,0.057893
lib/matplotlib/lines.py::809,0.057893
lib/matplotlib/lines.py::817,0.057893
lib/matplotlib/lines.py::820,0.057893
lib/matplotlib/lines.py::822,0.057893
lib/matplotlib/lines.py::823,0.057893
lib/matplotlib/lines.py::827,0.057893
lib/matplotlib/lines.py::829,0.057893
lib/matplotlib/lines.py::830,0.057893
lib/matplotlib/lines.py::831,0.057893
lib/matplotlib/lines.py::832,0.057893
lib/matplotlib/lines.py::833,0.057893
lib/matplotlib/lines.py::834,0.057893
lib/matplotlib/lines.py::835,0.057893
lib/matplotlib/lines.py::836,0.057893
lib/matplotlib/lines.py::837,0.057893
lib/matplotlib/lines.py::839,0.057893
lib/matplotlib/lines.py::843,0.057893
lib/matplotlib/lines.py::844,0.057893
lib/matplotlib/lines.py::845,0.057893
lib/matplotlib/lines.py::846,0.057893
lib/matplotlib/lines.py::848,0.057893
lib/matplotlib/lines.py::849,0.057893
lib/matplotlib/lines.py::856,0.057893
lib/matplotlib/lines.py::879,0.057893
lib/matplotlib/lines.py::920,0.057893
lib/matplotlib/lines.py::931,0.057893
lib/matplotlib/lines.py::932,0.057893
lib/matplotlib/lines.py::933,0.057893
lib/matplotlib/lines.py::936,0.057893
lib/matplotlib/lines.py::938,0.057893
lib/matplotlib/markers.py::262,0.057893
lib/matplotlib/markers.py::265,0.057893
lib/matplotlib/markers.py::306,0.057893
lib/matplotlib/markers.py::312,0.057893
lib/matplotlib/transforms.py::2702,0.057893
lib/matplotlib/transforms.py::2703,0.057893
lib/matplotlib/lines.py::733,0.057772
lib/matplotlib/axes/_base.py::2524,0.057652
lib/matplotlib/axes/_base.py::2525,0.057652
lib/matplotlib/axes/_base.py::2527,0.057652
lib/matplotlib/axes/_base.py::2528,0.057652
lib/matplotlib/axes/_base.py::2542,0.057652
lib/matplotlib/axes/_base.py::2543,0.057652
lib/matplotlib/axes/_base.py::2546,0.057652
lib/matplotlib/axes/_base.py::2547,0.057652
lib/matplotlib/axes/_base.py::2552,0.057652
lib/matplotlib/axes/_base.py::2554,0.057652
lib/matplotlib/axes/_base.py::2555,0.057652
lib/matplotlib/axes/_base.py::2557,0.057652
lib/matplotlib/axes/_base.py::2558,0.057652
lib/matplotlib/axes/_base.py::2562,0.057652
lib/matplotlib/axes/_base.py::2563,0.057652
lib/matplotlib/axes/_base.py::2564,0.057652
lib/matplotlib/axes/_base.py::2565,0.057652
lib/matplotlib/axes/_base.py::2566,0.057652
lib/matplotlib/axes/_base.py::2567,0.057652
lib/matplotlib/axes/_base.py::2568,0.057652
lib/matplotlib/axes/_base.py::2570,0.057652
lib/matplotlib/axes/_base.py::2573,0.057652
lib/matplotlib/axes/_base.py::2575,0.057652
lib/matplotlib/axes/_base.py::2578,0.057652
lib/matplotlib/axes/_base.py::2580,0.057652
lib/matplotlib/axes/_base.py::3426,0.057652
lib/matplotlib/axes/_base.py::645,0.057652
lib/matplotlib/axes/_base.py::646,0.057652
lib/matplotlib/axes/_base.py::647,0.057652
lib/matplotlib/axes/_base.py::648,0.057652
lib/matplotlib/axes/_base.py::649,0.057652
lib/matplotlib/lines.py::911,0.057652
lib/matplotlib/lines.py::912,0.057652
lib/matplotlib/markers.py::300,0.057652
lib/matplotlib/markers.py::303,0.057652
lib/matplotlib/patches.py::541,0.057652
lib/matplotlib/spines.py::341,0.057652
lib/matplotlib/spines.py::342,0.057652
lib/matplotlib/spines.py::343,0.057652
lib/matplotlib/axes/_base.py::2216,0.057569
lib/matplotlib/axes/_base.py::2740,0.057532
lib/matplotlib/axis.py::1156,0.057532
lib/matplotlib/axis.py::2076,0.057532
lib/matplotlib/axis.py::2077,0.057532
lib/matplotlib/axis.py::285,0.057532
lib/matplotlib/axis.py::288,0.057532
lib/matplotlib/axis.py::289,0.057532
lib/matplotlib/axis.py::290,0.057532
lib/matplotlib/axis.py::291,0.057532
lib/matplotlib/axis.py::292,0.057532
lib/matplotlib/axis.py::293,0.057532
lib/matplotlib/backends/backend_agg.py::407,0.057532
lib/matplotlib/backends/backend_agg.py::408,0.057532
lib/matplotlib/backends/backend_agg.py::409,0.057532
lib/matplotlib/backends/backend_agg.py::411,0.057532
lib/matplotlib/backends/backend_agg.py::412,0.057532
lib/matplotlib/backends/backend_agg.py::413,0.057532
lib/matplotlib/backends/backend_agg.py::416,0.057532
lib/matplotlib/lines.py::732,0.057532
lib/matplotlib/lines.py::735,0.057532
lib/matplotlib/lines.py::736,0.057532
lib/matplotlib/lines.py::737,0.057532
lib/matplotlib/lines.py::738,0.057532
lib/matplotlib/lines.py::746,0.057532
lib/matplotlib/lines.py::748,0.057532
lib/matplotlib/lines.py::752,0.057532
lib/matplotlib/lines.py::753,0.057532
lib/matplotlib/lines.py::782,0.057532
lib/matplotlib/lines.py::858,0.057532
lib/matplotlib/lines.py::859,0.057532
lib/matplotlib/markers.py::239,0.057532
lib/matplotlib/spines.py::248,0.057532
lib/matplotlib/spines.py::339,0.057532
lib/matplotlib/spines.py::340,0.057532
lib/matplotlib/spines.py::350,0.057532
lib/matplotlib/spines.py::351,0.057532
lib/matplotlib/spines.py::352,0.057532
lib/matplotlib/spines.py::353,0.057532
lib/matplotlib/text.py::678,0.057532
lib/matplotlib/cbook/__init__.py::1781,0.057439
lib/matplotlib/axes/_base.py::3138,0.057413
lib/matplotlib/axes/_base.py::3139,0.057413
lib/matplotlib/axes/_base.py::3140,0.057413
lib/matplotlib/spines.py::246,0.057413
lib/matplotlib/spines.py::247,0.057413
lib/matplotlib/spines.py::249,0.057413
lib/matplotlib/spines.py::250,0.057413
lib/matplotlib/spines.py::255,0.057413
lib/matplotlib/spines.py::305,0.057413
lib/matplotlib/spines.py::336,0.057413
lib/matplotlib/spines.py::337,0.057413
lib/matplotlib/spines.py::338,0.057413
lib/matplotlib/axes/_axes.py::3711,0.057404
lib/matplotlib/axes/_base.py::3424,0.057295
lib/matplotlib/axes/_base.py::3425,0.057295
lib/matplotlib/axis.py::1013,0.057295
lib/matplotlib/axis.py::1014,0.057295
lib/matplotlib/axis.py::1015,0.057295
lib/matplotlib/axis.py::1064,0.057295
lib/matplotlib/axis.py::1065,0.057295
lib/matplotlib/axis.py::1071,0.057295
lib/matplotlib/axis.py::1072,0.057295
lib/matplotlib/axis.py::281,0.057295
lib/matplotlib/axis.py::303,0.057295
lib/matplotlib/axis.py::304,0.057295
lib/matplotlib/axis.py::316,0.057295
lib/matplotlib/axis.py::317,0.057295
lib/matplotlib/axis.py::937,0.057295
lib/matplotlib/axis.py::938,0.057295
lib/matplotlib/backend_bases.py::846,0.057295
lib/matplotlib/backend_bases.py::983,0.057295
lib/matplotlib/backend_bases.py::991,0.057295
lib/matplotlib/lines.py::693,0.057295
lib/matplotlib/lines.py::698,0.057295
lib/matplotlib/lines.py::699,0.057295
lib/matplotlib/lines.py::706,0.057295
lib/matplotlib/lines.py::707,0.057295
lib/matplotlib/lines.py::708,0.057295
lib/matplotlib/transforms.py::2684,0.057295
lib/matplotlib/transforms.py::2687,0.057295
lib/matplotlib/transforms.py::2689,0.057295
lib/matplotlib/transforms.py::2690,0.057295
lib/matplotlib/transforms.py::2691,0.057295
lib/matplotlib/transforms.py::2692,0.057295
lib/matplotlib/transforms.py::2722,0.057295
lib/matplotlib/transforms.py::2866,0.057295
lib/matplotlib/transforms.py::2867,0.057295
lib/matplotlib/transforms.py::2869,0.057295
lib/matplotlib/transforms.py::2870,0.057295
lib/matplotlib/figure.py::447,0.057178
lib/matplotlib/spines.py::243,0.057178
lib/matplotlib/text.py::889,0.057178
lib/matplotlib/text.py::891,0.057178
lib/matplotlib/text.py::892,0.057178
lib/matplotlib/text.py::893,0.057178
lib/matplotlib/ticker.py::1796,0.057178
lib/matplotlib/ticker.py::1807,0.057178
lib/matplotlib/transforms.py::2615,0.057178
lib/matplotlib/transforms.py::2617,0.057178
lib/matplotlib/transforms.py::2618,0.057178
lib/matplotlib/transforms.py::2619,0.057178
lib/matplotlib/transforms.py::2620,0.057178
lib/matplotlib/transforms.py::2621,0.057178
lib/matplotlib/transforms.py::2673,0.057178
lib/matplotlib/transforms.py::2674,0.057178
lib/matplotlib/transforms.py::2675,0.057178
lib/matplotlib/transforms.py::2676,0.057178
lib/matplotlib/transforms.py::2677,0.057178
lib/matplotlib/transforms.py::2678,0.057178
lib/matplotlib/transforms.py::2679,0.057178
lib/matplotlib/axis.py::1322,0.056945
lib/matplotlib/axis.py::1324,0.056945
lib/matplotlib/axis.py::1325,0.056945
lib/matplotlib/axis.py::1326,0.056945
lib/matplotlib/axis.py::1327,0.056945
lib/matplotlib/axis.py::1328,0.056945
lib/matplotlib/axis.py::1357,0.056945
lib/matplotlib/axis.py::1358,0.056945
lib/matplotlib/axis.py::1359,0.056945
lib/matplotlib/axis.py::1360,0.056945
lib/matplotlib/axis.py::2037,0.056945
lib/matplotlib/axis.py::2038,0.056945
lib/matplotlib/axis.py::2071,0.056945
lib/matplotlib/axis.py::2330,0.056945
lib/matplotlib/axis.py::2331,0.056945
lib/matplotlib/backend_bases.py::146,0.056945
lib/matplotlib/backend_bases.py::153,0.056945
lib/matplotlib/backend_bases.py::659,0.056945
lib/matplotlib/backend_bases.py::793,0.056945
lib/matplotlib/backend_bases.py::795,0.056945
lib/matplotlib/backend_bases.py::808,0.056945
lib/matplotlib/text.py::260,0.056945
lib/matplotlib/text.py::261,0.056945
lib/matplotlib/text.py::262,0.056945
lib/matplotlib/text.py::263,0.056945
lib/matplotlib/text.py::264,0.056945
lib/matplotlib/text.py::265,0.056945
lib/matplotlib/text.py::266,0.056945
lib/matplotlib/text.py::267,0.056945
lib/matplotlib/text.py::268,0.056945
lib/matplotlib/text.py::269,0.056945
lib/matplotlib/text.py::270,0.056945
lib/matplotlib/backends/backend_agg.py::100,0.056830
lib/matplotlib/backends/backend_agg.py::102,0.056830
lib/matplotlib/backends/backend_agg.py::113,0.056830
lib/matplotlib/backends/backend_agg.py::114,0.056830
lib/matplotlib/backends/backend_agg.py::115,0.056830
lib/matplotlib/backends/backend_agg.py::116,0.056830
lib/matplotlib/backends/backend_agg.py::120,0.056830
lib/matplotlib/backends/backend_agg.py::121,0.056830
lib/matplotlib/backends/backend_agg.py::122,0.056830
lib/matplotlib/backends/backend_agg.py::91,0.056830
lib/matplotlib/backends/backend_agg.py::93,0.056830
lib/matplotlib/backends/backend_agg.py::94,0.056830
lib/matplotlib/backends/backend_agg.py::95,0.056830
lib/matplotlib/backends/backend_agg.py::96,0.056830
lib/matplotlib/backends/backend_agg.py::97,0.056830
lib/matplotlib/backends/backend_agg.py::99,0.056830
lib/matplotlib/bezier.py::192,0.056830
lib/matplotlib/bezier.py::193,0.056830
lib/matplotlib/bezier.py::194,0.056830
lib/matplotlib/bezier.py::195,0.056830
lib/matplotlib/bezier.py::197,0.056830
lib/matplotlib/bezier.py::198,0.056830
lib/matplotlib/bezier.py::214,0.056830
lib/matplotlib/bezier.py::215,0.056830
lib/matplotlib/bezier.py::216,0.056830
lib/matplotlib/bezier.py::225,0.056830
lib/matplotlib/bezier.py::235,0.056830
lib/matplotlib/bezier.py::262,0.056830
lib/matplotlib/bezier.py::264,0.056830
lib/matplotlib/bezier.py::267,0.056830
lib/matplotlib/bezier.py::268,0.056830
lib/matplotlib/bezier.py::269,0.056830
lib/matplotlib/bezier.py::270,0.056830
lib/matplotlib/bezier.py::271,0.056830
lib/matplotlib/bezier.py::289,0.056830
lib/matplotlib/bezier.py::290,0.056830
lib/matplotlib/bezier.py::291,0.056830
lib/matplotlib/bezier.py::292,0.056830
lib/matplotlib/bezier.py::293,0.056830
lib/matplotlib/bezier.py::294,0.056830
lib/matplotlib/bezier.py::295,0.056830
lib/matplotlib/bezier.py::296,0.056830
lib/matplotlib/bezier.py::297,0.056830
lib/matplotlib/bezier.py::298,0.056830
lib/matplotlib/bezier.py::299,0.056830
lib/matplotlib/bezier.py::300,0.056830
lib/matplotlib/bezier.py::301,0.056830
lib/matplotlib/bezier.py::302,0.056830
lib/matplotlib/bezier.py::303,0.056830
lib/matplotlib/lines.py::1272,0.056830
lib/matplotlib/lines.py::1273,0.056830
lib/matplotlib/lines.py::1274,0.056830
lib/matplotlib/lines.py::1275,0.056830
lib/matplotlib/lines.py::1276,0.056830
lib/matplotlib/lines.py::1277,0.056830
lib/matplotlib/lines.py::1278,0.056830
lib/matplotlib/lines.py::1279,0.056830
lib/matplotlib/lines.py::1280,0.056830
lib/matplotlib/lines.py::1281,0.056830
lib/matplotlib/lines.py::1282,0.056830
lib/matplotlib/lines.py::1283,0.056830
lib/matplotlib/lines.py::1284,0.056830
lib/matplotlib/lines.py::1285,0.056830
lib/matplotlib/lines.py::1286,0.056830
lib/matplotlib/lines.py::1287,0.056830
lib/matplotlib/lines.py::1288,0.056830
lib/matplotlib/lines.py::1290,0.056830
lib/matplotlib/lines.py::1291,0.056830
lib/matplotlib/lines.py::1292,0.056830
lib/matplotlib/lines.py::1293,0.056830
lib/matplotlib/path.py::438,0.056830
lib/matplotlib/path.py::439,0.056830
lib/matplotlib/path.py::440,0.056830
lib/matplotlib/path.py::441,0.056830
lib/matplotlib/path.py::442,0.056830
lib/matplotlib/path.py::444,0.056830
lib/matplotlib/path.py::445,0.056830
lib/matplotlib/path.py::446,0.056830
lib/matplotlib/path.py::447,0.056830
lib/matplotlib/path.py::448,0.056830
lib/matplotlib/path.py::461,0.056830
lib/matplotlib/path.py::587,0.056830
lib/matplotlib/path.py::588,0.056830
lib/matplotlib/path.py::590,0.056830
lib/matplotlib/path.py::591,0.056830
lib/matplotlib/path.py::593,0.056830
lib/matplotlib/path.py::595,0.056830
lib/matplotlib/path.py::596,0.056830
lib/matplotlib/spines.py::154,0.056830
lib/matplotlib/ticker.py::1975,0.056830
lib/matplotlib/transforms.py::1767,0.056830
lib/matplotlib/axes/_base.py::2670,0.056716
lib/matplotlib/axes/_base.py::2677,0.056716
lib/matplotlib/axes/_base.py::2679,0.056716
lib/matplotlib/axes/_base.py::2681,0.056716
lib/matplotlib/axes/_base.py::2683,0.056716
lib/matplotlib/axes/_base.py::2686,0.056716
lib/matplotlib/axes/_base.py::2689,0.056716
lib/matplotlib/axes/_base.py::2690,0.056716
lib/matplotlib/axes/_base.py::2694,0.056716
lib/matplotlib/axes/_base.py::2696,0.056716
lib/matplotlib/axes/_base.py::2697,0.056716
lib/matplotlib/axes/_base.py::2703,0.056716
lib/matplotlib/axes/_base.py::2707,0.056716
lib/matplotlib/axes/_base.py::2709,0.056716
lib/matplotlib/axes/_base.py::2713,0.056716
lib/matplotlib/axes/_base.py::2718,0.056716
lib/matplotlib/axes/_base.py::2721,0.056716
lib/matplotlib/axes/_base.py::2725,0.056716
lib/matplotlib/axes/_base.py::2727,0.056716
lib/matplotlib/axes/_base.py::2735,0.056716
lib/matplotlib/axes/_base.py::2739,0.056716
lib/matplotlib/axes/_base.py::2742,0.056716
lib/matplotlib/axes/_base.py::2747,0.056716
lib/matplotlib/axes/_base.py::2749,0.056716
lib/matplotlib/axes/_base.py::2750,0.056716
lib/matplotlib/axis.py::1147,0.056716
lib/matplotlib/axis.py::1149,0.056716
lib/matplotlib/axis.py::1151,0.056716
lib/matplotlib/axis.py::1152,0.056716
lib/matplotlib/axis.py::1153,0.056716
lib/matplotlib/axis.py::1155,0.056716
lib/matplotlib/axis.py::1163,0.056716
lib/matplotlib/axis.py::1165,0.056716
lib/matplotlib/axis.py::1167,0.056716
lib/matplotlib/axis.py::1168,0.056716
lib/matplotlib/axis.py::1169,0.056716
lib/matplotlib/axis.py::1171,0.056716
lib/matplotlib/axis.py::1172,0.056716
lib/matplotlib/axis.py::2073,0.056716
lib/matplotlib/axis.py::2078,0.056716
lib/matplotlib/backend_bases.py::1652,0.056716
lib/matplotlib/figure.py::1653,0.056716
lib/matplotlib/figure.py::1654,0.056716
lib/matplotlib/figure.py::1658,0.056716
lib/matplotlib/figure.py::1660,0.056716
lib/matplotlib/figure.py::1661,0.056716
lib/matplotlib/image.py::132,0.056716
lib/matplotlib/text.py::675,0.056716
lib/matplotlib/text.py::676,0.056716
lib/matplotlib/text.py::677,0.056716
lib/matplotlib/text.py::679,0.056716
lib/matplotlib/text.py::680,0.056716
lib/matplotlib/ticker.py::292,0.056716
lib/matplotlib/artist.py::35,0.056602
lib/matplotlib/artist.py::36,0.056602
lib/matplotlib/artist.py::38,0.056602
lib/matplotlib/artist.py::41,0.056602
lib/matplotlib/artist.py::43,0.056602
lib/matplotlib/artist.py::45,0.056602
lib/matplotlib/artist.py::573,0.056602
lib/matplotlib/artist.py::591,0.056602
lib/matplotlib/artist.py::592,0.056602
lib/matplotlib/artist.py::642,0.056602
lib/matplotlib/artist.py::681,0.056602
lib/matplotlib/artist.py::852,0.056602
lib/matplotlib/artist.py::853,0.056602
lib/matplotlib/artist.py::855,0.056602
lib/matplotlib/artist.py::862,0.056602
lib/matplotlib/artist.py::882,0.056602
lib/matplotlib/backend_bases.py::1011,0.056602
lib/matplotlib/backend_bases.py::1204,0.056602
lib/matplotlib/backend_bases.py::1205,0.056602
lib/matplotlib/backend_bases.py::1206,0.056602
lib/matplotlib/backend_bases.py::1232,0.056602
lib/matplotlib/backend_bases.py::1233,0.056602
lib/matplotlib/backend_bases.py::1666,0.056602
lib/matplotlib/backend_bases.py::1667,0.056602
lib/matplotlib/backend_bases.py::1668,0.056602
lib/matplotlib/backend_bases.py::718,0.056602
lib/matplotlib/backend_bases.py::719,0.056602
lib/matplotlib/backend_bases.py::720,0.056602
lib/matplotlib/backend_bases.py::721,0.056602
lib/matplotlib/backend_bases.py::722,0.056602
lib/matplotlib/backend_bases.py::723,0.056602
lib/matplotlib/backend_bases.py::724,0.056602
lib/matplotlib/backend_bases.py::725,0.056602
lib/matplotlib/backend_bases.py::726,0.056602
lib/matplotlib/backend_bases.py::727,0.056602
lib/matplotlib/backend_bases.py::728,0.056602
lib/matplotlib/backend_bases.py::729,0.056602
lib/matplotlib/backend_bases.py::730,0.056602
lib/matplotlib/backend_bases.py::731,0.056602
lib/matplotlib/backend_bases.py::732,0.056602
lib/matplotlib/backend_bases.py::733,0.056602
lib/matplotlib/backend_bases.py::734,0.056602
lib/matplotlib/backend_bases.py::735,0.056602
lib/matplotlib/backend_bases.py::758,0.056602
lib/matplotlib/backend_bases.py::857,0.056602
lib/matplotlib/backend_bases.py::861,0.056602
lib/matplotlib/backend_bases.py::862,0.056602
lib/matplotlib/backend_bases.py::863,0.056602
lib/matplotlib/backend_bases.py::868,0.056602
lib/matplotlib/backend_bases.py::872,0.056602
lib/matplotlib/backend_bases.py::873,0.056602
lib/matplotlib/backend_bases.py::889,0.056602
lib/matplotlib/backend_bases.py::890,0.056602
lib/matplotlib/backend_bases.py::911,0.056602
lib/matplotlib/backend_bases.py::916,0.056602
lib/matplotlib/backend_bases.py::929,0.056602
lib/matplotlib/backend_bases.py::931,0.056602
lib/matplotlib/backend_bases.py::933,0.056602
lib/matplotlib/backend_bases.py::934,0.056602
lib/matplotlib/backend_bases.py::940,0.056602
lib/matplotlib/backend_bases.py::941,0.056602
lib/matplotlib/backend_bases.py::945,0.056602
lib/matplotlib/backend_bases.py::949,0.056602
lib/matplotlib/backend_bases.py::964,0.056602
lib/matplotlib/backend_bases.py::972,0.056602
lib/matplotlib/backend_bases.py::976,0.056602
lib/matplotlib/backend_bases.py::977,0.056602
lib/matplotlib/backend_bases.py::978,0.056602
lib/matplotlib/figure.py::1640,0.056602
lib/matplotlib/figure.py::1643,0.056602
lib/matplotlib/figure.py::1646,0.056602
lib/matplotlib/figure.py::1647,0.056602
lib/matplotlib/figure.py::1648,0.056602
lib/matplotlib/figure.py::1649,0.056602
lib/matplotlib/figure.py::1650,0.056602
lib/matplotlib/figure.py::1652,0.056602
lib/matplotlib/figure.py::1669,0.056602
lib/matplotlib/figure.py::1670,0.056602
lib/matplotlib/figure.py::1671,0.056602
lib/matplotlib/figure.py::1673,0.056602
lib/matplotlib/figure.py::1680,0.056602
lib/matplotlib/figure.py::1681,0.056602
lib/matplotlib/figure.py::1682,0.056602
lib/matplotlib/figure.py::1684,0.056602
lib/matplotlib/figure.py::1686,0.056602
lib/matplotlib/figure.py::1688,0.056602
lib/matplotlib/figure.py::458,0.056602
lib/matplotlib/figure.py::628,0.056602
lib/matplotlib/figure.py::629,0.056602
lib/matplotlib/figure.py::630,0.056602
lib/matplotlib/figure.py::631,0.056602
lib/matplotlib/figure.py::632,0.056602
lib/matplotlib/figure.py::633,0.056602
lib/matplotlib/figure.py::634,0.056602
lib/matplotlib/figure.py::635,0.056602
lib/matplotlib/image.py::124,0.056602
lib/matplotlib/image.py::127,0.056602
lib/matplotlib/image.py::128,0.056602
lib/matplotlib/image.py::130,0.056602
lib/matplotlib/image.py::131,0.056602
lib/matplotlib/markers.py::268,0.056602
lib/matplotlib/patches.py::534,0.056602
lib/matplotlib/patches.py::535,0.056602
lib/matplotlib/patches.py::537,0.056602
lib/matplotlib/patches.py::539,0.056602
lib/matplotlib/patches.py::540,0.056602
lib/matplotlib/patches.py::542,0.056602
lib/matplotlib/patches.py::543,0.056602
lib/matplotlib/patches.py::544,0.056602
lib/matplotlib/patches.py::545,0.056602
lib/matplotlib/patches.py::547,0.056602
lib/matplotlib/patches.py::548,0.056602
lib/matplotlib/patches.py::549,0.056602
lib/matplotlib/patches.py::550,0.056602
lib/matplotlib/patches.py::552,0.056602
lib/matplotlib/patches.py::554,0.056602
lib/matplotlib/patches.py::558,0.056602
lib/matplotlib/patches.py::561,0.056602
lib/matplotlib/patches.py::569,0.056602
lib/matplotlib/patches.py::571,0.056602
lib/matplotlib/patches.py::572,0.056602
lib/matplotlib/patches.py::573,0.056602
lib/matplotlib/patches.py::578,0.056602
lib/matplotlib/patches.py::581,0.056602
lib/matplotlib/patches.py::582,0.056602
lib/matplotlib/patches.py::583,0.056602
lib/matplotlib/patches.py::584,0.056602
lib/matplotlib/patches.py::585,0.056602
lib/matplotlib/patches.py::586,0.056602
lib/matplotlib/patches.py::587,0.056602
lib/matplotlib/patches.py::591,0.056602
lib/matplotlib/path.py::348,0.056602
lib/matplotlib/path.py::391,0.056602
lib/matplotlib/path.py::394,0.056602
lib/matplotlib/path.py::395,0.056602
lib/matplotlib/path.py::396,0.056602
lib/matplotlib/path.py::397,0.056602
lib/matplotlib/path.py::398,0.056602
lib/matplotlib/path.py::401,0.056602
lib/matplotlib/path.py::402,0.056602
lib/matplotlib/path.py::404,0.056602
lib/matplotlib/path.py::405,0.056602
lib/matplotlib/path.py::406,0.056602
lib/matplotlib/path.py::407,0.056602
lib/matplotlib/path.py::408,0.056602
lib/matplotlib/path.py::409,0.056602
lib/matplotlib/path.py::410,0.056602
lib/matplotlib/path.py::414,0.056602
lib/matplotlib/path.py::475,0.056602
lib/matplotlib/path.py::476,0.056602
lib/matplotlib/path.py::477,0.056602
lib/matplotlib/path.py::478,0.056602
lib/matplotlib/path.py::479,0.056602
lib/matplotlib/path.py::480,0.056602
lib/matplotlib/path.py::481,0.056602
lib/matplotlib/ticker.py::1932,0.056602
lib/matplotlib/ticker.py::1933,0.056602
lib/matplotlib/ticker.py::1934,0.056602
lib/matplotlib/ticker.py::1935,0.056602
lib/matplotlib/ticker.py::1938,0.056602
lib/matplotlib/ticker.py::1939,0.056602
lib/matplotlib/ticker.py::1962,0.056602
lib/matplotlib/ticker.py::1967,0.056602
lib/matplotlib/ticker.py::1968,0.056602
lib/matplotlib/ticker.py::1972,0.056602
lib/matplotlib/ticker.py::1973,0.056602
lib/matplotlib/ticker.py::1979,0.056602
lib/matplotlib/ticker.py::1980,0.056602
lib/matplotlib/ticker.py::2122,0.056602
lib/matplotlib/ticker.py::2131,0.056602
lib/matplotlib/ticker.py::2132,0.056602
lib/matplotlib/ticker.py::2133,0.056602
lib/matplotlib/ticker.py::2134,0.056602
lib/matplotlib/ticker.py::2135,0.056602
lib/matplotlib/ticker.py::2136,0.056602
lib/matplotlib/ticker.py::2141,0.056602
lib/matplotlib/ticker.py::2144,0.056602
lib/matplotlib/ticker.py::2153,0.056602
lib/matplotlib/ticker.py::2154,0.056602
lib/matplotlib/ticker.py::2156,0.056602
lib/matplotlib/ticker.py::2159,0.056602
lib/matplotlib/ticker.py::2165,0.056602
lib/matplotlib/ticker.py::2166,0.056602
lib/matplotlib/ticker.py::2167,0.056602
lib/matplotlib/ticker.py::2168,0.056602
lib/matplotlib/ticker.py::2170,0.056602
lib/matplotlib/ticker.py::2171,0.056602
lib/matplotlib/ticker.py::2172,0.056602
lib/matplotlib/ticker.py::2173,0.056602
lib/matplotlib/transforms.py::1547,0.056602
lib/matplotlib/transforms.py::1548,0.056602
lib/matplotlib/transforms.py::2153,0.056602
lib/matplotlib/axis.py::1008,0.056489
lib/matplotlib/axis.py::1009,0.056489
lib/matplotlib/axis.py::1010,0.056489
lib/matplotlib/axis.py::1011,0.056489
lib/matplotlib/axis.py::1012,0.056489
lib/matplotlib/axis.py::1016,0.056489
lib/matplotlib/axis.py::1017,0.056489
lib/matplotlib/axis.py::1018,0.056489
lib/matplotlib/axis.py::1019,0.056489
lib/matplotlib/axis.py::1020,0.056489
lib/matplotlib/axis.py::1024,0.056489
lib/matplotlib/axis.py::1026,0.056489
lib/matplotlib/axis.py::1027,0.056489
lib/matplotlib/axis.py::1030,0.056489
lib/matplotlib/axis.py::1060,0.056489
lib/matplotlib/axis.py::1062,0.056489
lib/matplotlib/axis.py::1063,0.056489
lib/matplotlib/axis.py::1074,0.056489
lib/matplotlib/axis.py::1078,0.056489
lib/matplotlib/axis.py::1079,0.056489
lib/matplotlib/axis.py::1080,0.056489
lib/matplotlib/axis.py::1081,0.056489
lib/matplotlib/axis.py::2009,0.056489
lib/matplotlib/axis.py::2010,0.056489
lib/matplotlib/axis.py::2012,0.056489
lib/matplotlib/axis.py::2014,0.056489
lib/matplotlib/axis.py::2015,0.056489
lib/matplotlib/axis.py::2016,0.056489
lib/matplotlib/axis.py::2017,0.056489
lib/matplotlib/axis.py::2018,0.056489
lib/matplotlib/axis.py::2019,0.056489
lib/matplotlib/axis.py::2026,0.056489
lib/matplotlib/axis.py::2031,0.056489
lib/matplotlib/axis.py::2033,0.056489
lib/matplotlib/axis.py::2034,0.056489
lib/matplotlib/axis.py::2035,0.056489
lib/matplotlib/axis.py::2036,0.056489
lib/matplotlib/axis.py::2042,0.056489
lib/matplotlib/axis.py::2043,0.056489
lib/matplotlib/axis.py::2045,0.056489
lib/matplotlib/axis.py::2046,0.056489
lib/matplotlib/axis.py::2069,0.056489
lib/matplotlib/axis.py::2070,0.056489
lib/matplotlib/axis.py::2072,0.056489
lib/matplotlib/axis.py::2086,0.056489
lib/matplotlib/axis.py::2302,0.056489
lib/matplotlib/axis.py::2303,0.056489
lib/matplotlib/axis.py::2305,0.056489
lib/matplotlib/axis.py::2307,0.056489
lib/matplotlib/axis.py::2308,0.056489
lib/matplotlib/axis.py::2309,0.056489
lib/matplotlib/axis.py::2310,0.056489
lib/matplotlib/axis.py::2311,0.056489
lib/matplotlib/axis.py::2312,0.056489
lib/matplotlib/axis.py::2319,0.056489
lib/matplotlib/axis.py::2324,0.056489
lib/matplotlib/axis.py::2326,0.056489
lib/matplotlib/axis.py::2327,0.056489
lib/matplotlib/axis.py::2328,0.056489
lib/matplotlib/axis.py::2329,0.056489
lib/matplotlib/axis.py::2335,0.056489
lib/matplotlib/axis.py::2336,0.056489
lib/matplotlib/axis.py::2337,0.056489
lib/matplotlib/axis.py::2338,0.056489
lib/matplotlib/axis.py::2361,0.056489
lib/matplotlib/axis.py::2362,0.056489
lib/matplotlib/axis.py::2363,0.056489
lib/matplotlib/axis.py::2364,0.056489
lib/matplotlib/text.py::828,0.056489
lib/matplotlib/text.py::829,0.056489
lib/matplotlib/text.py::830,0.056489
lib/matplotlib/ticker.py::1955,0.056489
lib/matplotlib/ticker.py::1957,0.056489
lib/matplotlib/ticker.py::1958,0.056489
lib/matplotlib/ticker.py::264,0.056489
lib/matplotlib/ticker.py::265,0.056489
lib/matplotlib/transforms.py::2185,0.056489
lib/matplotlib/transforms.py::2186,0.056489
lib/matplotlib/transforms.py::2189,0.056489
lib/matplotlib/transforms.py::2190,0.056489
lib/matplotlib/transforms.py::2193,0.056489
lib/matplotlib/transforms.py::2194,0.056489
lib/matplotlib/transforms.py::2195,0.056489
lib/matplotlib/transforms.py::2196,0.056489
lib/matplotlib/transforms.py::372,0.056489
lib/matplotlib/transforms.py::373,0.056489
lib/matplotlib/axes/_base.py::2617,0.056376
lib/matplotlib/axis.py::1275,0.056376
lib/matplotlib/axis.py::1276,0.056376
lib/matplotlib/axis.py::1277,0.056376
lib/matplotlib/axis.py::1278,0.056376
lib/matplotlib/axis.py::1279,0.056376
lib/matplotlib/axis.py::1280,0.056376
lib/matplotlib/axis.py::1283,0.056376
lib/matplotlib/axis.py::1284,0.056376
lib/matplotlib/axis.py::1286,0.056376
lib/matplotlib/axis.py::1288,0.056376
lib/matplotlib/axis.py::1366,0.056376
lib/matplotlib/axis.py::1369,0.056376
lib/matplotlib/axis.py::1376,0.056376
lib/matplotlib/axis.py::704,0.056376
lib/matplotlib/figure.py::445,0.056376
lib/matplotlib/spines.py::150,0.056376
lib/matplotlib/spines.py::213,0.056376
lib/matplotlib/artist.py::1026,0.056264
lib/matplotlib/text.py::858,0.056264
lib/matplotlib/ticker.py::1648,0.056264
lib/matplotlib/ticker.py::1653,0.056264
lib/matplotlib/axis.py::1270,0.056153
lib/matplotlib/backend_bases.py::142,0.056153
lib/matplotlib/backend_bases.py::143,0.056153
lib/matplotlib/backend_bases.py::144,0.056153
lib/matplotlib/mathtext.py::3327,0.056153
lib/matplotlib/path.py::178,0.056153
lib/matplotlib/path.py::179,0.056153
lib/matplotlib/path.py::180,0.056153
lib/matplotlib/path.py::181,0.056153
lib/matplotlib/path.py::182,0.056153
lib/matplotlib/path.py::183,0.056153
lib/matplotlib/path.py::184,0.056153
lib/matplotlib/path.py::185,0.056153
lib/matplotlib/path.py::190,0.056153
lib/matplotlib/textpath.py::25,0.056153
lib/matplotlib/textpath.py::26,0.056153
lib/matplotlib/transforms.py::1527,0.056153
lib/matplotlib/axes/_base.py::3285,0.056043
lib/matplotlib/transforms.py::257,0.056043
lib/matplotlib/transforms.py::1537,0.055933
lib/matplotlib/transforms.py::2358,0.055933
lib/matplotlib/transforms.py::2359,0.055933
lib/matplotlib/transforms.py::267,0.055933
lib/matplotlib/artist.py::1067,0.055824
lib/matplotlib/artist.py::1068,0.055824
lib/matplotlib/artist.py::1069,0.055824
lib/matplotlib/artist.py::1070,0.055824
lib/matplotlib/artist.py::1071,0.055824
lib/matplotlib/artist.py::1072,0.055824
lib/matplotlib/artist.py::1073,0.055824
lib/matplotlib/artist.py::1074,0.055824
lib/matplotlib/artist.py::1075,0.055824
lib/matplotlib/artist.py::1076,0.055824
lib/matplotlib/artist.py::1077,0.055824
lib/matplotlib/artist.py::1078,0.055824
lib/matplotlib/artist.py::1079,0.055824
lib/matplotlib/artist.py::1080,0.055824
lib/matplotlib/axes/_base.py::4035,0.055824
lib/matplotlib/axes/_base.py::4036,0.055824
lib/matplotlib/axes/_base.py::4037,0.055824
lib/matplotlib/axes/_base.py::4038,0.055824
lib/matplotlib/axes/_base.py::4039,0.055824
lib/matplotlib/axes/_base.py::4040,0.055824
lib/matplotlib/axes/_base.py::4041,0.055824
lib/matplotlib/axes/_base.py::4042,0.055824
lib/matplotlib/axes/_base.py::4043,0.055824
lib/matplotlib/axes/_base.py::4044,0.055824
lib/matplotlib/axes/_base.py::4045,0.055824
lib/matplotlib/axes/_base.py::4046,0.055824
lib/matplotlib/axes/_base.py::4047,0.055824
lib/matplotlib/figure.py::434,0.055824
lib/matplotlib/transforms.py::1708,0.055824
lib/matplotlib/transforms.py::2143,0.055824
lib/matplotlib/axes/_base.py::3553,0.055715
lib/matplotlib/axes/_base.py::955,0.055715
lib/matplotlib/transforms.py::1734,0.055715
lib/matplotlib/transforms.py::1735,0.055715
lib/matplotlib/axes/_base.py::1595,0.055607
lib/matplotlib/axes/_base.py::1596,0.055607
lib/matplotlib/axes/_base.py::1598,0.055607
lib/matplotlib/axes/_base.py::1600,0.055607
lib/matplotlib/axes/_base.py::2270,0.055607
lib/matplotlib/axes/_base.py::2491,0.055607
lib/matplotlib/axes/_base.py::2494,0.055607
lib/matplotlib/axes/_base.py::2495,0.055607
lib/matplotlib/axes/_base.py::2501,0.055607
lib/matplotlib/axes/_base.py::2507,0.055607
lib/matplotlib/axes/_base.py::2513,0.055607
lib/matplotlib/axes/_base.py::2515,0.055607
lib/matplotlib/axes/_base.py::2518,0.055607
lib/matplotlib/axes/_base.py::2521,0.055607
lib/matplotlib/axes/_base.py::2583,0.055607
lib/matplotlib/axes/_base.py::2584,0.055607
lib/matplotlib/axes/_base.py::2585,0.055607
lib/matplotlib/axes/_base.py::2586,0.055607
lib/matplotlib/axes/_base.py::2587,0.055607
lib/matplotlib/axes/_base.py::2588,0.055607
lib/matplotlib/axis.py::1352,0.055607
lib/matplotlib/axis.py::1355,0.055607
lib/matplotlib/axis.py::1362,0.055607
lib/matplotlib/markers.py::245,0.055607
lib/matplotlib/axes/_axes.py::3695,0.055591
lib/matplotlib/axes/_axes.py::3696,0.055591
lib/matplotlib/axes/_axes.py::3697,0.055591
lib/matplotlib/axes/_axes.py::3700,0.055591
lib/matplotlib/axes/_axes.py::3701,0.055591
lib/matplotlib/axes/_axes.py::3702,0.055591
lib/matplotlib/axes/_axes.py::3704,0.055591
lib/matplotlib/axes/_axes.py::3705,0.055591
lib/matplotlib/axes/_axes.py::3706,0.055591
lib/matplotlib/axes/_axes.py::3707,0.055591
lib/matplotlib/axes/_axes.py::3708,0.055591
lib/matplotlib/axes/_axes.py::3709,0.055591
lib/matplotlib/axes/_axes.py::3710,0.055591
lib/matplotlib/axes/_axes.py::3712,0.055591
lib/matplotlib/axes/_axes.py::3713,0.055591
lib/matplotlib/axes/_axes.py::3714,0.055591
lib/matplotlib/axes/_axes.py::3715,0.055591
lib/matplotlib/axes/_axes.py::3716,0.055591
lib/matplotlib/axes/_axes.py::3717,0.055591
lib/matplotlib/axes/_axes.py::3719,0.055591
lib/matplotlib/axes/_axes.py::3720,0.055591
lib/matplotlib/axes/_axes.py::3721,0.055591
lib/matplotlib/axes/_axes.py::3722,0.055591
lib/matplotlib/axes/_axes.py::3723,0.055591
lib/matplotlib/axes/_axes.py::3724,0.055591
lib/matplotlib/axes/_axes.py::3725,0.055591
lib/matplotlib/axes/_axes.py::3726,0.055591
lib/matplotlib/axes/_axes.py::3727,0.055591
lib/matplotlib/axes/_axes.py::3728,0.055591
lib/matplotlib/axes/_axes.py::3729,0.055591
lib/matplotlib/axes/_axes.py::3730,0.055591
lib/matplotlib/axes/_axes.py::3732,0.055591
lib/matplotlib/axes/_axes.py::3742,0.055591
lib/matplotlib/axes/_axes.py::3769,0.055591
lib/matplotlib/axes/_base.py::1284,0.055500
lib/matplotlib/axes/_base.py::920,0.055500
lib/matplotlib/axes/_base.py::922,0.055500
lib/matplotlib/axes/_base.py::923,0.055500
lib/matplotlib/axes/_base.py::924,0.055500
lib/matplotlib/axes/_base.py::925,0.055500
lib/matplotlib/axes/_base.py::927,0.055500
lib/matplotlib/text.py::1103,0.055500
lib/matplotlib/text.py::1104,0.055500
lib/matplotlib/text.py::836,0.055500
lib/matplotlib/transforms.py::993,0.055500
lib/matplotlib/axes/_base.py::3483,0.055393
lib/matplotlib/axes/_base.py::880,0.055393
lib/matplotlib/axes/_base.py::881,0.055393
lib/matplotlib/axes/_base.py::3197,0.055077
lib/matplotlib/transforms.py::2095,0.055077
lib/matplotlib/patches.py::278,0.054869
lib/matplotlib/transforms.py::1430,0.054766
lib/matplotlib/transforms.py::1431,0.054766
lib/matplotlib/transforms.py::2452,0.054766
lib/matplotlib/transforms.py::1429,0.054460
lib/matplotlib/colors.py::253,0.053940
lib/matplotlib/transforms.py::242,0.053863
lib/matplotlib/patches.py::758,0.053476
lib/matplotlib/path.py::689,0.053381
lib/matplotlib/path.py::692,0.053381
lib/matplotlib/transforms.py::2325,0.053381
lib/matplotlib/transforms.py::2349,0.053286
lib/matplotlib/transforms.py::2344,0.053192
lib/matplotlib/transforms.py::2348,0.053192
lib/matplotlib/transforms.py::2583,0.053098
lib/matplotlib/transforms.py::2584,0.053098
lib/matplotlib/transforms.py::2585,0.053098
lib/matplotlib/transforms.py::2587,0.053098
lib/matplotlib/transforms.py::2588,0.053098
lib/matplotlib/transforms.py::2589,0.053098
lib/matplotlib/transforms.py::2590,0.053098
lib/matplotlib/transforms.py::2591,0.053098
lib/matplotlib/transforms.py::2592,0.053098
lib/matplotlib/transforms.py::2593,0.053098
lib/matplotlib/transforms.py::2594,0.053098
lib/matplotlib/transforms.py::2595,0.053098
lib/matplotlib/transforms.py::1743,0.052911
lib/matplotlib/transforms.py::2368,0.052911
lib/matplotlib/transforms.py::2371,0.052911
lib/matplotlib/transforms.py::2372,0.052911
lib/matplotlib/transforms.py::1338,0.052454
lib/matplotlib/transforms.py::1343,0.052454
lib/matplotlib/transforms.py::317,0.052454
lib/matplotlib/transforms.py::327,0.052454
lib/matplotlib/transforms.py::661,0.052454
lib/matplotlib/transforms.py::665,0.052454
lib/matplotlib/transforms.py::666,0.052454
lib/matplotlib/transforms.py::667,0.052454
lib/matplotlib/transforms.py::668,0.052454
lib/matplotlib/transforms.py::669,0.052454
lib/matplotlib/transforms.py::670,0.052454
lib/matplotlib/transforms.py::312,0.052364
lib/matplotlib/transforms.py::322,0.052364
lib/matplotlib/transforms.py::2529,0.052274
lib/matplotlib/transforms.py::2530,0.052274
lib/matplotlib/transforms.py::2531,0.052274
lib/matplotlib/transforms.py::2533,0.052274
lib/matplotlib/transforms.py::2534,0.052274
lib/matplotlib/transforms.py::2535,0.052274
lib/matplotlib/transforms.py::2536,0.052274
lib/matplotlib/transforms.py::2537,0.052274
lib/matplotlib/transforms.py::2538,0.052274
lib/matplotlib/transforms.py::2539,0.052274
lib/matplotlib/transforms.py::1043,0.052096
lib/matplotlib/transforms.py::1044,0.052096
lib/matplotlib/transforms.py::1048,0.052096
lib/matplotlib/transforms.py::1049,0.052096
lib/matplotlib/transforms.py::1050,0.052096
lib/matplotlib/transforms.py::1051,0.052096
lib/matplotlib/transforms.py::1052,0.052096
lib/matplotlib/transforms.py::1053,0.052096
lib/matplotlib/transforms.py::1055,0.052096
lib/matplotlib/transforms.py::1056,0.052096
lib/matplotlib/transforms.py::1059,0.052096
lib/matplotlib/transforms.py::1060,0.052096
lib/matplotlib/transforms.py::1063,0.052096
lib/matplotlib/transforms.py::1064,0.052096
lib/matplotlib/transforms.py::1065,0.052096
lib/matplotlib/transforms.py::1068,0.052096
lib/matplotlib/transforms.py::1069,0.052096
lib/matplotlib/transforms.py::1646,0.052096
lib/matplotlib/transforms.py::2092,0.052096
lib/matplotlib/transforms.py::2094,0.052096
lib/matplotlib/transforms.py::378,0.052096
lib/matplotlib/transforms.py::379,0.052096
lib/matplotlib/transforms.py::1306,0.052008
lib/matplotlib/transforms.py::1318,0.052008
lib/matplotlib/transforms.py::1322,0.052008
lib/matplotlib/transforms.py::1323,0.052008
lib/matplotlib/transforms.py::1324,0.052008
lib/matplotlib/transforms.py::2323,0.052008
lib/matplotlib/transforms.py::2333,0.052008
lib/matplotlib/transforms.py::1292,0.051920
lib/matplotlib/transforms.py::2328,0.051920
lib/matplotlib/transforms.py::2329,0.051920
lib/matplotlib/transforms.py::1417,0.051833
lib/matplotlib/transforms.py::1418,0.051833
lib/matplotlib/transforms.py::1419,0.051833
lib/matplotlib/transforms.py::1422,0.051833
lib/matplotlib/transforms.py::1425,0.051833
lib/matplotlib/transforms.py::1428,0.051833
lib/matplotlib/transforms.py::1717,0.051746
lib/matplotlib/transforms.py::1795,0.051746
lib/matplotlib/transforms.py::1796,0.051746
lib/matplotlib/transforms.py::1799,0.051746
lib/matplotlib/transforms.py::1875,0.051746
lib/matplotlib/transforms.py::1876,0.051746
lib/matplotlib/transforms.py::1877,0.051746
lib/matplotlib/transforms.py::1878,0.051746
lib/matplotlib/transforms.py::2322,0.051746
lib/matplotlib/axis.py::1916,0.051488
lib/matplotlib/transforms.py::2057,0.051318
lib/matplotlib/transforms.py::355,0.051318
lib/matplotlib/artist.py::1063,0.051066
lib/matplotlib/transforms.py::346,0.051066
lib/matplotlib/axes/_base.py::653,0.049938
lib/matplotlib/axes/_base.py::654,0.049938
lib/matplotlib/axes/_base.py::640,0.049860
lib/matplotlib/axes/_base.py::641,0.049860
lib/matplotlib/axes/_base.py::642,0.049860
lib/matplotlib/axes/_base.py::643,0.049860
lib/matplotlib/axes/_base.py::644,0.049860
lib/matplotlib/cbook/__init__.py::2151,0.048954
lib/matplotlib/cbook/__init__.py::2152,0.048954
lib/matplotlib/transforms.py::2240,0.048166
lib/matplotlib/transforms.py::2238,0.048027
lib/matplotlib/transforms.py::2239,0.048027
lib/matplotlib/transforms.py::2247,0.048027
lib/matplotlib/transforms.py::2248,0.048027
lib/matplotlib/transforms.py::2249,0.048027
lib/matplotlib/transforms.py::1712,0.047958
lib/matplotlib/axes/_base.py::662,0.047216
lib/matplotlib/axes/_base.py::664,0.047216
lib/matplotlib/axes/_base.py::659,0.047150
lib/matplotlib/axes/_base.py::661,0.047150
lib/matplotlib/axes/_base.py::663,0.047150
lib/matplotlib/transforms.py::904,0.046890
lib/matplotlib/transforms.py::907,0.046890
lib/matplotlib/transforms.py::908,0.046890
lib/matplotlib/transforms.py::909,0.046890
lib/matplotlib/transforms.py::1711,0.045891
lib/matplotlib/transforms.py::2321,0.045891
lib/matplotlib/artist.py::821,0.045067
lib/matplotlib/transforms.py::877,0.044783
lib/matplotlib/transforms.py::878,0.044783
lib/matplotlib/transforms.py::879,0.044783
lib/matplotlib/transforms.py::880,0.044783
lib/matplotlib/transforms.py::881,0.044783
lib/matplotlib/transforms.py::882,0.044783
lib/matplotlib/transforms.py::883,0.044783
lib/matplotlib/transforms.py::867,0.044671
lib/matplotlib/transforms.py::870,0.044671
lib/matplotlib/transforms.py::873,0.044671
lib/matplotlib/transforms.py::874,0.044671
lib/matplotlib/transforms.py::876,0.044671
lib/matplotlib/path.py::240,0.044560
lib/matplotlib/path.py::251,0.044560
lib/matplotlib/path.py::225,0.044505
lib/matplotlib/path.py::206,0.044178
lib/matplotlib/axes/_base.py::388,0.040659
lib/matplotlib/cbook/__init__.py::1577,0.040659
lib/matplotlib/cbook/__init__.py::1578,0.040659
lib/matplotlib/cbook/__init__.py::1579,0.040659
lib/matplotlib/cbook/__init__.py::1580,0.040659
lib/matplotlib/axes/_axes.py::4279,0.036626
lib/matplotlib/axes/_axes.py::4280,0.036626
lib/matplotlib/cbook/__init__.py::1108,0.036626
lib/matplotlib/cbook/__init__.py::1109,0.036626
lib/matplotlib/cbook/__init__.py::1110,0.036626
lib/matplotlib/cbook/__init__.py::1175,0.035678
lib/matplotlib/cbook/__init__.py::1176,0.035678
lib/matplotlib/cbook/__init__.py::1177,0.035678
lib/matplotlib/cbook/__init__.py::1196,0.035231
lib/matplotlib/cbook/__init__.py::1087,0.034800
lib/matplotlib/cbook/__init__.py::1099,0.034800
lib/matplotlib/cbook/__init__.py::1100,0.034800
lib/matplotlib/cbook/__init__.py::1112,0.034800
lib/matplotlib/cbook/__init__.py::1115,0.034800
lib/matplotlib/cbook/__init__.py::1118,0.034800
lib/matplotlib/cbook/__init__.py::1120,0.034800
lib/matplotlib/cbook/__init__.py::1121,0.034800
lib/matplotlib/cbook/__init__.py::1122,0.034800
lib/matplotlib/cbook/__init__.py::1126,0.034800
lib/matplotlib/cbook/__init__.py::1127,0.034800
lib/matplotlib/cbook/__init__.py::1130,0.034800
lib/matplotlib/cbook/__init__.py::1131,0.034800
lib/matplotlib/cbook/__init__.py::1135,0.034800
lib/matplotlib/cbook/__init__.py::1138,0.034800
lib/matplotlib/cbook/__init__.py::1141,0.034800
lib/matplotlib/cbook/__init__.py::1155,0.034800
lib/matplotlib/cbook/__init__.py::1158,0.034800
lib/matplotlib/cbook/__init__.py::1161,0.034800
lib/matplotlib/cbook/__init__.py::1164,0.034800
lib/matplotlib/cbook/__init__.py::1165,0.034800
lib/matplotlib/cbook/__init__.py::1169,0.034800
lib/matplotlib/cbook/__init__.py::1170,0.034800
lib/matplotlib/cbook/__init__.py::1174,0.034800
lib/matplotlib/cbook/__init__.py::1192,0.034800
lib/matplotlib/cbook/__init__.py::1193,0.034800
lib/matplotlib/cbook/__init__.py::1199,0.034800
lib/matplotlib/cbook/__init__.py::1200,0.034800
lib/matplotlib/cbook/__init__.py::1203,0.034800
lib/matplotlib/cbook/__init__.py::1206,0.034800
lib/matplotlib/cbook/__init__.py::1207,0.034800
lib/matplotlib/cbook/__init__.py::1208,0.034800
lib/matplotlib/cbook/__init__.py::1212,0.034800
lib/matplotlib/cbook/__init__.py::1214,0.034800
lib/matplotlib/figure.py::1856,0.033984
lib/matplotlib/figure.py::1855,0.033597
lib/matplotlib/axes/_axes.py::4269,0.032861
lib/matplotlib/axes/_axes.py::4268,0.032510
lib/matplotlib/colors.py::322,0.030621
lib/matplotlib/colors.py::325,0.030621
lib/matplotlib/colors.py::301,0.030337
lib/matplotlib/colors.py::302,0.030337
lib/matplotlib/colors.py::305,0.030337
lib/matplotlib/pyplot.py::676,0.028784
lib/matplotlib/cbook/__init__.py::1332,0.028093
lib/matplotlib/cbook/__init__.py::1334,0.028093
lib/matplotlib/gridspec.py::769,0.026655
lib/matplotlib/gridspec.py::770,0.026655
lib/matplotlib/gridspec.py::771,0.026655
lib/matplotlib/gridspec.py::772,0.026655
lib/matplotlib/cbook/__init__.py::1329,0.023646
lib/matplotlib/cbook/__init__.py::1326,0.023258
lib/matplotlib/cbook/__init__.py::1327,0.023258
lib/matplotlib/cbook/__init__.py::1276,0.022770
lib/matplotlib/cbook/__init__.py::614,0.022423
lib/matplotlib/colors.py::250,0.021774
lib/matplotlib/cbook/__init__.py::1278,0.021570
lib/matplotlib/cbook/__init__.py::1293,0.021570
lib/matplotlib/cbook/__init__.py::1294,0.021570
lib/matplotlib/cbook/__init__.py::1295,0.021570
lib/matplotlib/cbook/__init__.py::1296,0.021570
lib/matplotlib/cbook/__init__.py::1297,0.021570
lib/matplotlib/cbook/__init__.py::1299,0.021570
lib/matplotlib/cbook/__init__.py::1302,0.021570
lib/matplotlib/cbook/__init__.py::1307,0.021570
lib/matplotlib/cbook/__init__.py::1309,0.021570
lib/matplotlib/colors.py::246,0.019725
lib/matplotlib/colors.py::248,0.019725
lib/matplotlib/axes/_base.py::385,0.019573
lib/matplotlib/axes/_base.py::386,0.019573
lib/matplotlib/axes/_base.py::368,0.019425
lib/matplotlib/axes/_base.py::371,0.019425
lib/matplotlib/axes/_axes.py::1742,0.018472
lib/matplotlib/axes/_axes.py::1743,0.018472
lib/matplotlib/axes/_base.py::407,0.018472
lib/matplotlib/axes/_base.py::210,0.017758
lib/matplotlib/axes/_base.py::212,0.017758
lib/matplotlib/axes/_base.py::213,0.017758
lib/matplotlib/axes/_base.py::217,0.017758
lib/matplotlib/axes/_base.py::220,0.017758
lib/matplotlib/axes/_base.py::265,0.017758
lib/matplotlib/axes/_base.py::266,0.017758
lib/matplotlib/axes/_base.py::267,0.017758
lib/matplotlib/axes/_base.py::270,0.017758
lib/matplotlib/axes/_base.py::365,0.017758
lib/matplotlib/axes/_base.py::375,0.017758
lib/matplotlib/axes/_base.py::378,0.017758
lib/matplotlib/axes/_base.py::379,0.017758
lib/matplotlib/axes/_base.py::380,0.017758
lib/matplotlib/axes/_base.py::381,0.017758
lib/matplotlib/axes/_base.py::384,0.017758
lib/matplotlib/axes/_base.py::390,0.017758
lib/matplotlib/axes/_base.py::391,0.017758
lib/matplotlib/axes/_base.py::392,0.017758
lib/matplotlib/axes/_base.py::393,0.017758
lib/matplotlib/axes/_base.py::395,0.017758
lib/matplotlib/axes/_base.py::398,0.017758
lib/matplotlib/axes/_base.py::401,0.017758
lib/matplotlib/axes/_base.py::403,0.017758
lib/matplotlib/axes/_base.py::406,0.017758
lib/matplotlib/axes/_base.py::412,0.017758
lib/matplotlib/axes/_base.py::413,0.017758
lib/matplotlib/cbook/__init__.py::1275,0.017758
lib/matplotlib/colors.py::204,0.017430
lib/matplotlib/colors.py::170,0.017378
lib/matplotlib/colors.py::171,0.017378
lib/matplotlib/colors.py::173,0.017378
lib/matplotlib/colors.py::188,0.017378
lib/matplotlib/colors.py::189,0.017378
lib/matplotlib/colors.py::191,0.017378
