Entity,Score
pandas/_testing.py::785,0.967742
pandas/_testing.py::786,0.967742
pandas/_testing.py::908,0.967742
pandas/_testing.py::910,0.967742
pandas/_testing.py::912,0.967742
pandas/_testing.py::913,0.967742
pandas/_testing.py::915,0.967742
pandas/_testing.py::917,0.967742
pandas/_testing.py::924,0.967742
pandas/_testing.py::926,0.967742
pandas/_testing.py::929,0.967742
pandas/core/aggregation.py::142,0.967742
pandas/core/aggregation.py::144,0.967742
pandas/core/aggregation.py::185,0.967742
pandas/core/aggregation.py::187,0.967742
pandas/core/aggregation.py::196,0.967742
pandas/core/aggregation.py::198,0.967742
pandas/core/base.py::530,0.967742
pandas/core/base.py::531,0.967742
pandas/core/base.py::532,0.967742
pandas/core/base.py::546,0.967742
pandas/core/base.py::547,0.967742
pandas/core/base.py::553,0.967742
pandas/core/base.py::554,0.967742
pandas/core/common.py::229,0.967742
pandas/core/dtypes/dtypes.py::438,0.967742
pandas/core/dtypes/dtypes.py::441,0.967742
pandas/core/dtypes/dtypes.py::442,0.967742
pandas/core/groupby/generic.py::255,0.967742
pandas/core/groupby/generic.py::256,0.967742
pandas/core/groupby/generic.py::257,0.967742
pandas/core/groupby/generic.py::279,0.967742
pandas/core/groupby/generic.py::282,0.967742
pandas/core/groupby/generic.py::286,0.967742
pandas/core/groupby/generic.py::291,0.967742
pandas/core/groupby/generic.py::301,0.967742
pandas/core/groupby/generic.py::308,0.967742
pandas/core/groupby/generic.py::309,0.967742
pandas/core/groupby/generic.py::310,0.967742
pandas/core/groupby/generic.py::312,0.967742
pandas/core/groupby/generic.py::314,0.967742
pandas/core/groupby/generic.py::315,0.967742
pandas/core/groupby/generic.py::316,0.967742
pandas/core/groupby/generic.py::320,0.967742
pandas/core/groupby/generic.py::324,0.967742
pandas/core/groupby/generic.py::326,0.967742
pandas/core/groupby/generic.py::330,0.967742
pandas/core/groupby/generic.py::970,0.967742
pandas/core/groupby/generic.py::971,0.967742
pandas/core/internals/concat.py::441,0.967742
pandas/core/internals/concat.py::442,0.967742
pandas/core/internals/managers.py::1976,0.967742
pandas/core/internals/managers.py::1977,0.967742
pandas/core/internals/managers.py::1978,0.967742
pandas/core/internals/managers.py::1979,0.967742
pandas/core/internals/managers.py::1982,0.967742
pandas/core/base.py::1058,0.841727
pandas/core/base.py::498,0.841727
pandas/core/base.py::500,0.841727
pandas/core/base.py::503,0.841727
pandas/core/base.py::506,0.841727
pandas/core/base.py::508,0.841727
pandas/core/base.py::509,0.841727
pandas/core/base.py::512,0.841727
pandas/core/base.py::529,0.841727
pandas/core/base.py::550,0.841727
pandas/core/generic.py::1722,0.841727
pandas/core/groupby/generic.py::955,0.841727
pandas/core/groupby/generic.py::962,0.841727
pandas/core/groupby/generic.py::963,0.841727
pandas/core/indexes/api.py::139,0.841727
pandas/core/indexes/base.py::910,0.841727
pandas/core/indexes/base.py::918,0.841727
pandas/core/indexes/base.py::920,0.841727
pandas/core/indexes/base.py::926,0.841727
pandas/core/indexes/base.py::927,0.841727
pandas/core/reshape/concat.py::607,0.841727
pandas/io/formats/console.py::14,0.841727
pandas/io/formats/console.py::16,0.841727
pandas/io/formats/console.py::17,0.841727
pandas/io/formats/console.py::29,0.841727
pandas/io/formats/console.py::41,0.841727
pandas/io/formats/console.py::46,0.841727
pandas/io/formats/console.py::62,0.841727
pandas/io/formats/console.py::64,0.841727
pandas/io/formats/console.py::65,0.841727
pandas/io/formats/console.py::66,0.841727
pandas/io/formats/console.py::69,0.841727
pandas/io/formats/console.py::71,0.841727
pandas/io/formats/console.py::72,0.841727
pandas/io/formats/console.py::73,0.841727
pandas/io/formats/console.py::74,0.841727
pandas/io/formats/printing.py::275,0.841727
pandas/io/formats/printing.py::276,0.841727
pandas/io/formats/printing.py::315,0.841727
pandas/io/formats/printing.py::316,0.841727
pandas/io/formats/printing.py::318,0.841727
pandas/io/formats/printing.py::319,0.841727
pandas/io/formats/printing.py::321,0.841727
pandas/io/formats/printing.py::324,0.841727
pandas/io/formats/printing.py::325,0.841727
pandas/io/formats/printing.py::326,0.841727
pandas/io/formats/printing.py::327,0.841727
pandas/io/formats/printing.py::332,0.841727
pandas/io/formats/printing.py::333,0.841727
pandas/io/formats/printing.py::338,0.841727
pandas/io/formats/printing.py::339,0.841727
pandas/io/formats/printing.py::342,0.841727
pandas/io/formats/printing.py::345,0.841727
pandas/io/formats/printing.py::348,0.841727
pandas/io/formats/printing.py::349,0.841727
pandas/io/formats/printing.py::357,0.841727
pandas/io/formats/printing.py::363,0.841727
pandas/io/formats/printing.py::365,0.841727
pandas/io/formats/printing.py::367,0.841727
pandas/io/formats/printing.py::370,0.841727
pandas/io/formats/printing.py::449,0.841727
pandas/core/arrays/categorical.py::1481,0.784471
pandas/core/indexes/numeric.py::245,0.784471
pandas/core/indexes/numeric.py::246,0.784471
pandas/io/formats/printing.py::371,0.784471
pandas/io/formats/printing.py::372,0.784471
pandas/io/formats/printing.py::373,0.784471
pandas/core/internals/concat.py::117,0.690824
pandas/core/internals/concat.py::119,0.690824
pandas/core/internals/concat.py::120,0.690824
pandas/core/internals/concat.py::121,0.690824
pandas/core/internals/concat.py::44,0.690824
pandas/core/internals/concat.py::440,0.690824
pandas/core/internals/concat.py::45,0.690824
pandas/core/internals/concat.py::47,0.690824
pandas/core/internals/concat.py::49,0.690824
pandas/core/internals/concat.py::55,0.690824
pandas/core/internals/concat.py::56,0.690824
pandas/core/internals/concat.py::57,0.690824
pandas/core/internals/managers.py::1968,0.690824
pandas/core/internals/managers.py::1970,0.690824
pandas/core/internals/managers.py::1971,0.690824
pandas/core/internals/managers.py::1973,0.690824
pandas/core/internals/managers.py::1975,0.690824
pandas/core/internals/managers.py::1992,0.690824
pandas/core/internals/managers.py::1994,0.690824
pandas/core/reshape/concat.py::334,0.690824
pandas/core/reshape/concat.py::335,0.690824
pandas/core/reshape/concat.py::336,0.690824
pandas/core/reshape/concat.py::337,0.690824
pandas/core/reshape/concat.py::339,0.690824
pandas/core/reshape/concat.py::340,0.690824
pandas/core/reshape/concat.py::341,0.690824
pandas/core/reshape/concat.py::342,0.690824
pandas/core/reshape/concat.py::343,0.690824
pandas/core/reshape/concat.py::387,0.690824
pandas/core/reshape/concat.py::394,0.690824
pandas/core/reshape/concat.py::399,0.690824
pandas/core/reshape/concat.py::480,0.690824
pandas/core/reshape/concat.py::481,0.690824
pandas/core/reshape/concat.py::482,0.690824
pandas/core/reshape/concat.py::483,0.690824
pandas/core/reshape/concat.py::484,0.690824
pandas/core/reshape/concat.py::485,0.690824
pandas/core/reshape/concat.py::487,0.690824
pandas/core/reshape/concat.py::489,0.690824
pandas/core/reshape/concat.py::490,0.690824
pandas/core/reshape/concat.py::493,0.690824
pandas/core/reshape/concat.py::495,0.690824
pandas/core/reshape/concat.py::496,0.690824
pandas/core/reshape/concat.py::498,0.690824
pandas/core/reshape/concat.py::501,0.690824
pandas/core/reshape/concat.py::502,0.690824
pandas/core/reshape/concat.py::508,0.690824
pandas/core/reshape/concat.py::560,0.690824
pandas/core/reshape/concat.py::562,0.690824
pandas/core/reshape/concat.py::566,0.690824
pandas/core/reshape/concat.py::569,0.690824
pandas/core/reshape/concat.py::570,0.690824
pandas/core/reshape/concat.py::573,0.690824
pandas/core/reshape/concat.py::575,0.690824
pandas/core/reshape/concat.py::578,0.690824
pandas/core/reshape/concat.py::590,0.690824
pandas/core/reshape/concat.py::591,0.690824
pandas/core/reshape/concat.py::602,0.690824
pandas/core/reshape/concat.py::603,0.690824
pandas/core/reshape/concat.py::606,0.690824
pandas/core/reshape/concat.py::611,0.690824
pandas/core/reshape/concat.py::659,0.690824
pandas/core/reshape/concat.py::660,0.690824
pandas/core/reshape/concat.py::661,0.690824
pandas/core/reshape/concat.py::664,0.690824
pandas/core/reshape/concat.py::665,0.690824
pandas/core/reshape/concat.py::668,0.690824
pandas/core/reshape/concat.py::672,0.690824
pandas/core/reshape/concat.py::673,0.690824
pandas/core/reshape/concat.py::674,0.690824
pandas/core/reshape/concat.py::676,0.690824
pandas/core/reshape/concat.py::677,0.690824
pandas/core/reshape/concat.py::684,0.690824
pandas/core/reshape/concat.py::686,0.690824
pandas/core/reshape/concat.py::690,0.690824
pandas/core/reshape/concat.py::691,0.690824
pandas/core/reshape/concat.py::693,0.690824
pandas/core/reshape/concat.py::694,0.690824
pandas/core/reshape/concat.py::696,0.690824
pandas/core/reshape/concat.py::697,0.690824
pandas/core/base.py::1267,0.645161
pandas/core/base.py::1268,0.645161
pandas/core/base.py::1311,0.645161
pandas/core/base.py::1312,0.645161
pandas/core/base.py::1313,0.645161
pandas/core/base.py::1315,0.645161
pandas/core/indexes/base.py::764,0.645161
pandas/core/indexes/base.py::769,0.645161
pandas/core/indexes/base.py::770,0.645161
pandas/core/indexes/base.py::922,0.645161
pandas/core/arrays/base.py::49,0.640673
pandas/core/arrays/base.py::50,0.640673
pandas/core/arrays/base.py::54,0.640673
pandas/core/arrays/categorical.py::1225,0.640673
pandas/core/generic.py::5197,0.640673
pandas/core/groupby/groupby.py::817,0.640673
pandas/core/groupby/groupby.py::818,0.640673
pandas/core/groupby/groupby.py::923,0.640673
pandas/core/groupby/groupby.py::925,0.640673
pandas/core/groupby/groupby.py::935,0.640673
pandas/core/groupby/groupby.py::936,0.640673
pandas/core/groupby/groupby.py::937,0.640673
pandas/core/groupby/groupby.py::938,0.640673
pandas/core/groupby/groupby.py::943,0.640673
pandas/core/groupby/groupby.py::955,0.640673
pandas/core/groupby/ops.py::606,0.640673
pandas/core/groupby/ops.py::608,0.640673
pandas/core/groupby/ops.py::612,0.640673
pandas/core/groupby/ops.py::617,0.640673
pandas/core/groupby/ops.py::654,0.640673
pandas/core/groupby/ops.py::656,0.640673
pandas/core/groupby/ops.py::657,0.640673
pandas/core/groupby/ops.py::659,0.640673
pandas/core/groupby/ops.py::661,0.640673
pandas/core/groupby/ops.py::662,0.640673
pandas/core/groupby/ops.py::663,0.640673
pandas/core/groupby/ops.py::664,0.640673
pandas/core/groupby/ops.py::671,0.640673
pandas/core/groupby/ops.py::673,0.640673
pandas/core/groupby/ops.py::674,0.640673
pandas/core/groupby/ops.py::676,0.640673
pandas/core/groupby/ops.py::677,0.640673
pandas/core/groupby/ops.py::680,0.640673
pandas/core/indexes/api.py::100,0.640673
pandas/core/indexes/api.py::101,0.640673
pandas/core/indexes/api.py::102,0.640673
pandas/core/indexes/api.py::103,0.640673
pandas/core/indexes/api.py::104,0.640673
pandas/core/indexes/api.py::105,0.640673
pandas/core/indexes/api.py::106,0.640673
pandas/core/indexes/api.py::135,0.640673
pandas/core/indexes/api.py::136,0.640673
pandas/core/indexes/api.py::138,0.640673
pandas/core/indexes/api.py::148,0.640673
pandas/core/indexes/api.py::155,0.640673
pandas/core/indexes/api.py::156,0.640673
pandas/core/indexes/api.py::158,0.640673
pandas/core/indexes/api.py::91,0.640673
pandas/core/indexes/api.py::92,0.640673
pandas/core/reshape/concat.py::271,0.640673
pandas/core/reshape/concat.py::272,0.640673
pandas/core/reshape/concat.py::273,0.640673
pandas/core/reshape/concat.py::274,0.640673
pandas/core/reshape/concat.py::275,0.640673
pandas/core/reshape/concat.py::276,0.640673
pandas/core/reshape/concat.py::277,0.640673
pandas/core/reshape/concat.py::278,0.640673
pandas/core/reshape/concat.py::279,0.640673
pandas/core/reshape/concat.py::280,0.640673
pandas/core/reshape/concat.py::281,0.640673
pandas/core/reshape/concat.py::284,0.640673
pandas/core/reshape/concat.py::305,0.640673
pandas/core/reshape/concat.py::311,0.640673
pandas/core/reshape/concat.py::312,0.640673
pandas/core/reshape/concat.py::320,0.640673
pandas/core/reshape/concat.py::325,0.640673
pandas/core/reshape/concat.py::327,0.640673
pandas/core/reshape/concat.py::330,0.640673
pandas/core/reshape/concat.py::345,0.640673
pandas/core/reshape/concat.py::349,0.640673
pandas/core/reshape/concat.py::350,0.640673
pandas/core/reshape/concat.py::351,0.640673
pandas/core/reshape/concat.py::359,0.640673
pandas/core/reshape/concat.py::360,0.640673
pandas/core/reshape/concat.py::365,0.640673
pandas/core/reshape/concat.py::366,0.640673
pandas/core/reshape/concat.py::377,0.640673
pandas/core/reshape/concat.py::380,0.640673
pandas/core/reshape/concat.py::381,0.640673
pandas/core/reshape/concat.py::386,0.640673
pandas/core/reshape/concat.py::388,0.640673
pandas/core/reshape/concat.py::391,0.640673
pandas/core/reshape/concat.py::397,0.640673
pandas/core/reshape/concat.py::398,0.640673
pandas/core/reshape/concat.py::401,0.640673
pandas/core/reshape/concat.py::402,0.640673
pandas/core/reshape/concat.py::410,0.640673
pandas/core/reshape/concat.py::441,0.640673
pandas/core/reshape/concat.py::442,0.640673
pandas/core/reshape/concat.py::443,0.640673
pandas/core/reshape/concat.py::444,0.640673
pandas/core/reshape/concat.py::445,0.640673
pandas/core/reshape/concat.py::447,0.640673
pandas/core/reshape/concat.py::448,0.640673
pandas/core/reshape/concat.py::449,0.640673
pandas/core/reshape/concat.py::451,0.640673
pandas/core/reshape/concat.py::456,0.640673
pandas/core/reshape/concat.py::505,0.640673
pandas/core/reshape/concat.py::511,0.640673
pandas/core/reshape/concat.py::513,0.640673
pandas/core/reshape/concat.py::514,0.640673
pandas/core/reshape/concat.py::518,0.640673
pandas/core/reshape/concat.py::519,0.640673
pandas/core/reshape/concat.py::520,0.640673
pandas/core/reshape/concat.py::521,0.640673
pandas/core/reshape/concat.py::522,0.640673
pandas/core/reshape/concat.py::523,0.640673
pandas/core/reshape/concat.py::524,0.640673
pandas/core/reshape/concat.py::531,0.640673
pandas/core/series.py::850,0.640673
pandas/core/series.py::851,0.640673
pandas/core/series.py::890,0.640673
pandas/core/groupby/generic.py::264,0.600122
pandas/core/groupby/generic.py::267,0.600122
pandas/core/groupby/generic.py::268,0.600122
pandas/core/groupby/groupby.py::911,0.600122
pandas/core/groupby/groupby.py::912,0.600122
pandas/core/groupby/groupby.py::915,0.600122
pandas/core/groupby/groupby.py::917,0.600122
pandas/core/groupby/groupby.py::918,0.600122
pandas/core/groupby/groupby.py::919,0.600122
pandas/core/groupby/groupby.py::940,0.600122
pandas/core/indexes/api.py::309,0.600122
pandas/core/indexes/api.py::310,0.600122
pandas/core/indexes/api.py::313,0.600122
pandas/core/series.py::808,0.600122
pandas/core/series.py::809,0.600122
pandas/core/arrays/categorical.py::463,0.566449
pandas/core/dtypes/missing.py::241,0.566449
pandas/core/indexes/base.py::5670,0.566449
pandas/core/indexes/numeric.py::240,0.561151
pandas/core/indexes/numeric.py::241,0.561151
pandas/core/indexes/numeric.py::242,0.561151
pandas/core/indexes/numeric.py::244,0.561151
pandas/core/indexes/base.py::921,0.545836
pandas/io/formats/printing.py::444,0.545836
pandas/core/dtypes/dtypes.py::492,0.513298
pandas/core/dtypes/dtypes.py::494,0.513298
pandas/core/groupby/generic.py::252,0.513298
pandas/core/groupby/generic.py::260,0.513298
pandas/core/groupby/generic.py::261,0.513298
pandas/core/internals/managers.py::989,0.503400
pandas/core/internals/managers.py::990,0.503400
pandas/core/dtypes/common.py::1491,0.491803
pandas/core/groupby/grouper.py::406,0.491803
pandas/core/base.py::495,0.472813
pandas/core/generic.py::5195,0.472813
pandas/core/generic.py::5196,0.472813
pandas/core/groupby/generic.py::947,0.472813
pandas/core/groupby/generic.py::950,0.472813
pandas/core/groupby/generic.py::952,0.472813
pandas/core/groupby/generic.py::974,0.472813
pandas/core/groupby/generic.py::978,0.472813
pandas/core/groupby/generic.py::984,0.472813
pandas/core/internals/construction.py::228,0.455876
pandas/core/base.py::322,0.440645
pandas/core/base.py::484,0.440645
pandas/core/base.py::488,0.440645
pandas/core/base.py::490,0.440645
pandas/core/base.py::491,0.440645
pandas/core/indexes/base.py::851,0.440645
pandas/core/base.py::1263,0.427115
pandas/core/base.py::1265,0.427115
pandas/core/base.py::1275,0.427115
pandas/core/indexes/base.py::5556,0.427115
pandas/core/indexes/base.py::5557,0.427115
pandas/core/indexes/base.py::5558,0.427115
pandas/core/indexes/base.py::690,0.427115
pandas/core/indexes/base.py::695,0.427115
pandas/core/indexes/base.py::698,0.427115
pandas/core/indexes/base.py::699,0.427115
pandas/core/indexes/base.py::702,0.427115
pandas/core/series.py::1802,0.427115
pandas/core/series.py::1803,0.427115
pandas/io/formats/format.py::400,0.426852
pandas/io/formats/format.py::452,0.426852
pandas/io/formats/format.py::453,0.426852
pandas/io/formats/format.py::456,0.426852
pandas/io/formats/printing.py::194,0.426852
pandas/io/formats/printing.py::195,0.426852
pandas/io/formats/printing.py::196,0.426852
pandas/io/formats/printing.py::197,0.426852
pandas/io/formats/printing.py::204,0.426852
pandas/io/formats/printing.py::206,0.426852
pandas/io/formats/printing.py::207,0.426852
pandas/io/formats/printing.py::208,0.426852
pandas/io/formats/printing.py::209,0.426852
pandas/io/formats/printing.py::211,0.426852
pandas/io/formats/printing.py::213,0.426852
pandas/io/formats/printing.py::219,0.426852
pandas/io/formats/printing.py::227,0.426852
pandas/io/formats/printing.py::232,0.426852
pandas/core/generic.py::1380,0.414283
pandas/core/generic.py::1384,0.414283
pandas/core/generic.py::1385,0.414283
pandas/core/generic.py::1386,0.414283
pandas/core/internals/blocks.py::389,0.414283
pandas/core/internals/blocks.py::390,0.414283
pandas/core/internals/blocks.py::392,0.414283
pandas/core/internals/blocks.py::396,0.414283
pandas/core/internals/blocks.py::406,0.414283
pandas/core/internals/blocks.py::407,0.414283
pandas/core/internals/blocks.py::409,0.414283
pandas/core/internals/managers.py::417,0.414283
pandas/core/internals/blocks.py::1811,0.402767
pandas/core/internals/construction.py::219,0.402767
pandas/core/internals/construction.py::221,0.402767
pandas/core/internals/construction.py::222,0.402767
pandas/core/internals/construction.py::224,0.402767
pandas/core/internals/construction.py::225,0.402767
pandas/core/internals/construction.py::233,0.402767
pandas/core/series.py::373,0.402767
pandas/core/dtypes/dtypes.py::1131,0.400082
pandas/core/dtypes/dtypes.py::1140,0.400082
pandas/core/dtypes/dtypes.py::926,0.400082
pandas/core/dtypes/dtypes.py::935,0.400082
pandas/core/arrays/categorical.py::2559,0.392235
pandas/core/arrays/categorical.py::2570,0.392235
pandas/core/arrays/categorical.py::2571,0.392235
pandas/core/groupby/grouper.py::540,0.392235
pandas/core/groupby/grouper.py::542,0.392235
pandas/core/groupby/grouper.py::543,0.392235
pandas/core/groupby/grouper.py::544,0.392235
pandas/core/groupby/grouper.py::550,0.392235
pandas/core/groupby/grouper.py::551,0.392235
pandas/io/formats/printing.py::228,0.392235
pandas/io/formats/printing.py::351,0.392235
pandas/io/formats/printing.py::354,0.392235
pandas/io/formats/printing.py::355,0.392235
pandas/io/formats/printing.py::376,0.392235
pandas/io/formats/printing.py::381,0.392235
pandas/io/formats/printing.py::382,0.392235
pandas/io/formats/printing.py::385,0.392235
pandas/io/formats/printing.py::402,0.392235
pandas/io/formats/printing.py::416,0.392235
pandas/io/formats/printing.py::417,0.392235
pandas/io/formats/printing.py::419,0.392235
pandas/io/formats/printing.py::423,0.392235
pandas/io/formats/printing.py::428,0.392235
pandas/io/formats/printing.py::429,0.392235
pandas/io/formats/printing.py::430,0.392235
pandas/io/formats/printing.py::433,0.392235
pandas/io/formats/printing.py::434,0.392235
pandas/io/formats/printing.py::438,0.392235
pandas/io/formats/printing.py::439,0.392235
pandas/io/formats/printing.py::441,0.392235
pandas/io/formats/printing.py::447,0.392235
pandas/core/algorithms.py::1555,0.392165
pandas/core/base.py::636,0.392165
pandas/core/construction.py::544,0.392165
pandas/core/indexes/base.py::1194,0.392165
pandas/core/indexes/base.py::1196,0.392165
pandas/core/indexes/base.py::1198,0.392165
pandas/core/indexes/base.py::1199,0.392165
pandas/core/indexes/base.py::848,0.392165
pandas/core/indexes/base.py::853,0.392165
pandas/core/indexes/base.py::854,0.392165
pandas/core/indexes/base.py::855,0.392165
pandas/core/indexes/base.py::857,0.392165
pandas/core/indexes/base.py::859,0.392165
pandas/core/construction.py::620,0.382362
pandas/core/construction.py::622,0.382362
pandas/core/construction.py::624,0.382362
pandas/core/construction.py::625,0.382362
pandas/core/dtypes/inference.py::295,0.382362
pandas/core/groupby/generic.py::239,0.382362
pandas/core/groupby/generic.py::240,0.382362
pandas/core/groupby/generic.py::241,0.382362
pandas/core/groupby/generic.py::242,0.382362
pandas/core/groupby/generic.py::249,0.382362
pandas/core/internals/blocks.py::1862,0.382362
pandas/core/internals/blocks.py::1867,0.382362
pandas/core/series.py::275,0.382362
pandas/core/series.py::276,0.382362
pandas/core/series.py::277,0.382362
pandas/core/series.py::353,0.382362
pandas/core/series.py::354,0.382362
pandas/core/series.py::355,0.382362
pandas/core/series.py::367,0.382362
pandas/core/series.py::368,0.382362
pandas/core/series.py::372,0.382362
pandas/core/series.py::374,0.382362
pandas/core/series.py::883,0.382362
pandas/core/series.py::925,0.382362
pandas/core/arrays/categorical.py::2257,0.377633
pandas/core/arrays/categorical.py::2258,0.377633
pandas/core/arrays/categorical.py::2261,0.377633
pandas/core/arrays/categorical.py::2264,0.377633
pandas/core/arrays/categorical.py::2265,0.377633
pandas/core/arrays/categorical.py::2267,0.377633
pandas/core/frame.py::4302,0.377633
pandas/core/internals/managers.py::988,0.377633
pandas/core/internals/managers.py::992,0.377633
pandas/core/dtypes/dtypes.py::410,0.373262
pandas/core/dtypes/inference.py::387,0.373262
pandas/core/dtypes/inference.py::388,0.373262
pandas/core/indexes/base.py::1755,0.373262
pandas/core/indexes/base.py::3198,0.373262
pandas/core/indexes/base.py::3201,0.373262
pandas/core/indexes/base.py::3202,0.373262
pandas/core/indexes/base.py::3204,0.373262
pandas/core/indexes/base.py::3205,0.373262
pandas/core/indexes/base.py::3206,0.373262
pandas/core/indexes/base.py::3207,0.373262
pandas/core/indexes/base.py::3210,0.373262
pandas/core/indexes/base.py::3215,0.373262
pandas/core/indexes/base.py::3216,0.373262
pandas/core/indexes/base.py::3217,0.373262
pandas/core/indexes/base.py::3218,0.373262
pandas/core/indexes/base.py::3219,0.373262
pandas/core/series.py::891,0.373262
pandas/core/series.py::896,0.373262
pandas/core/series.py::908,0.373262
pandas/core/series.py::911,0.373262
pandas/core/series.py::914,0.373262
pandas/core/series.py::916,0.373262
pandas/core/series.py::924,0.373262
pandas/core/aggregation.py::182,0.364784
pandas/core/aggregation.py::183,0.364784
pandas/core/aggregation.py::184,0.364784
pandas/core/base.py::313,0.364784
pandas/core/base.py::315,0.364784
pandas/core/base.py::316,0.364784
pandas/core/base.py::317,0.364784
pandas/core/base.py::319,0.364784
pandas/core/generic.py::4365,0.364784
pandas/core/generic.py::4367,0.364784
pandas/core/generic.py::7088,0.364784
pandas/core/groupby/generic.py::924,0.364784
pandas/core/groupby/generic.py::925,0.364784
pandas/core/groupby/generic.py::929,0.364784
pandas/core/groupby/generic.py::937,0.364784
pandas/core/groupby/generic.py::941,0.364784
pandas/core/groupby/generic.py::943,0.364784
pandas/core/groupby/generic.py::944,0.364784
pandas/core/indexes/base.py::4378,0.364784
pandas/core/series.py::4416,0.364784
pandas/core/frame.py::4300,0.358601
pandas/core/frame.py::4301,0.358601
pandas/core/frame.py::4305,0.358601
pandas/core/frame.py::4310,0.358601
pandas/core/frame.py::4311,0.358601
pandas/core/frame.py::4312,0.358601
pandas/core/frame.py::4313,0.358601
pandas/core/frame.py::4321,0.358601
pandas/core/frame.py::4322,0.358601
pandas/core/frame.py::4326,0.358601
pandas/core/frame.py::4329,0.358601
pandas/core/frame.py::4332,0.358601
pandas/core/frame.py::4335,0.358601
pandas/core/frame.py::4337,0.358601
pandas/core/frame.py::4338,0.358601
pandas/core/frame.py::4339,0.358601
pandas/core/frame.py::4347,0.358601
pandas/core/frame.py::4348,0.358601
pandas/core/frame.py::4349,0.358601
pandas/core/frame.py::4353,0.358601
pandas/core/frame.py::4357,0.358601
pandas/core/frame.py::4360,0.358601
pandas/core/frame.py::4365,0.358601
pandas/core/frame.py::4366,0.358601
pandas/core/frame.py::4367,0.358601
pandas/core/frame.py::4368,0.358601
pandas/core/frame.py::4370,0.358601
pandas/core/frame.py::4378,0.358601
pandas/core/frame.py::4380,0.358601
pandas/core/frame.py::4385,0.358601
pandas/core/frame.py::4386,0.358601
pandas/core/frame.py::4389,0.358601
pandas/core/frame.py::4391,0.358601
pandas/core/frame.py::4393,0.358601
pandas/core/frame.py::4394,0.358601
pandas/core/generic.py::3632,0.358601
pandas/core/generic.py::3634,0.358601
pandas/core/generic.py::3635,0.358601
pandas/core/generic.py::3641,0.358601
pandas/core/generic.py::3650,0.358601
pandas/core/generic.py::3654,0.358601
pandas/core/generic.py::3657,0.358601
pandas/core/generic.py::3658,0.358601
pandas/core/indexes/base.py::5553,0.358601
pandas/core/indexes/base.py::5555,0.358601
pandas/core/indexes/base.py::588,0.358601
pandas/core/indexes/base.py::687,0.358601
pandas/core/internals/managers.py::1000,0.358601
pandas/core/internals/managers.py::967,0.358601
pandas/core/internals/managers.py::969,0.358601
pandas/core/internals/managers.py::970,0.358601
pandas/core/internals/managers.py::971,0.358601
pandas/core/internals/managers.py::973,0.358601
pandas/core/internals/managers.py::975,0.358601
pandas/core/internals/managers.py::976,0.358601
pandas/core/internals/managers.py::980,0.358601
pandas/core/internals/managers.py::981,0.358601
pandas/core/internals/managers.py::982,0.358601
pandas/core/internals/managers.py::983,0.358601
pandas/core/internals/managers.py::985,0.358601
pandas/core/internals/managers.py::995,0.358601
pandas/core/internals/managers.py::996,0.358601
pandas/core/internals/managers.py::997,0.358601
pandas/core/internals/managers.py::999,0.358601
pandas/core/arrays/categorical.py::1878,0.356861
pandas/core/indexes/base.py::4372,0.356861
pandas/core/indexes/base.py::4374,0.356861
pandas/core/indexes/base.py::4375,0.356861
pandas/core/base.py::571,0.349435
pandas/core/arrays/categorical.py::2004,0.342456
pandas/core/arrays/categorical.py::2006,0.342456
pandas/core/arrays/categorical.py::2007,0.342456
pandas/core/arrays/categorical.py::2010,0.342456
pandas/core/construction.py::438,0.342456
pandas/core/indexes/base.py::4661,0.342456
pandas/core/indexes/numeric.py::118,0.342456
pandas/core/internals/managers.py::207,0.342456
pandas/core/internals/managers.py::208,0.342456
pandas/core/internals/managers.py::209,0.342456
pandas/core/series.py::864,0.342456
pandas/core/series.py::879,0.342456
pandas/core/series.py::882,0.342456
pandas/core/series.py::885,0.342456
pandas/core/series.py::889,0.342456
pandas/core/indexes/base.py::549,0.342198
pandas/core/groupby/grouper.py::411,0.335880
pandas/core/groupby/grouper.py::413,0.335880
pandas/core/groupby/grouper.py::417,0.335880
pandas/core/groupby/grouper.py::418,0.335880
pandas/core/groupby/grouper.py::419,0.335880
pandas/core/groupby/grouper.py::420,0.335880
pandas/core/series.py::291,0.335880
pandas/_testing.py::1146,0.329670
pandas/core/series.py::863,0.329670
pandas/core/construction.py::541,0.323794
pandas/core/construction.py::542,0.323794
pandas/core/indexers.py::384,0.323794
pandas/core/indexes/api.py::177,0.323794
pandas/core/indexes/api.py::179,0.323794
pandas/core/indexes/api.py::180,0.323794
pandas/core/indexes/api.py::181,0.323794
pandas/core/indexes/api.py::183,0.323794
pandas/core/indexes/base.py::4658,0.323794
pandas/core/indexes/base.py::5608,0.323794
pandas/core/indexes/base.py::5611,0.323794
pandas/core/indexes/base.py::5613,0.323794
pandas/core/indexes/base.py::5618,0.323794
pandas/core/internals/construction.py::345,0.323794
pandas/core/internals/construction.py::346,0.323794
pandas/core/internals/construction.py::358,0.323794
pandas/core/series.py::854,0.323794
pandas/core/series.py::856,0.323794
pandas/core/series.py::859,0.323794
pandas/core/series.py::860,0.323794
pandas/core/dtypes/base.py::286,0.315209
pandas/core/dtypes/base.py::287,0.315209
pandas/core/dtypes/inference.py::391,0.315209
pandas/core/dtypes/inference.py::392,0.315209
pandas/core/generic.py::11169,0.312929
pandas/core/generic.py::11170,0.312929
pandas/core/generic.py::11176,0.312929
pandas/core/generic.py::11177,0.312929
pandas/core/generic.py::11178,0.312929
pandas/core/generic.py::11179,0.312929
pandas/core/generic.py::11180,0.312929
pandas/core/generic.py::11181,0.312929
pandas/core/generic.py::11182,0.312929
pandas/core/generic.py::591,0.312929
pandas/core/generic.py::592,0.312929
pandas/core/nanops.py::436,0.312929
pandas/core/nanops.py::437,0.312929
pandas/core/common.py::320,0.307893
pandas/core/common.py::321,0.307893
pandas/core/groupby/ops.py::905,0.307893
pandas/core/indexing.py::2221,0.307893
pandas/core/indexing.py::2222,0.307893
pandas/core/indexing.py::2234,0.307893
pandas/core/indexing.py::2235,0.307893
pandas/core/indexing.py::2237,0.307893
pandas/core/internals/construction.py::66,0.307893
pandas/io/formats/printing.py::230,0.303917
pandas/core/groupby/ops.py::925,0.303093
pandas/core/series.py::211,0.303093
pandas/core/series.py::793,0.303093
pandas/core/series.py::800,0.303093
pandas/core/series.py::802,0.303093
pandas/core/series.py::803,0.303093
pandas/core/series.py::805,0.303093
pandas/core/series.py::812,0.303093
pandas/core/series.py::814,0.303093
pandas/core/series.py::815,0.303093
pandas/core/series.py::816,0.303093
pandas/core/dtypes/missing.py::266,0.298511
pandas/core/indexes/base.py::3187,0.298511
pandas/core/indexes/base.py::3190,0.298511
pandas/core/indexes/base.py::5013,0.298511
pandas/core/indexes/base.py::5015,0.298511
pandas/core/indexes/base.py::5016,0.298511
pandas/core/indexes/base.py::5017,0.298511
pandas/core/indexes/base.py::5018,0.298511
pandas/core/indexes/base.py::5021,0.298511
pandas/core/indexers.py::395,0.294132
pandas/core/indexers.py::396,0.294132
pandas/core/indexers.py::401,0.294132
pandas/core/internals/blocks.py::3064,0.294132
pandas/core/internals/blocks.py::3072,0.294132
pandas/core/indexes/base.py::5758,0.293763
pandas/core/indexes/base.py::5759,0.293763
pandas/core/indexes/base.py::5760,0.293763
pandas/core/indexes/base.py::5826,0.293763
pandas/core/indexes/base.py::5829,0.293763
pandas/core/indexes/base.py::5830,0.293763
pandas/core/indexes/base.py::5831,0.293763
pandas/core/indexes/base.py::5832,0.293763
pandas/core/groupby/ops.py::300,0.289940
pandas/core/indexers.py::198,0.289940
pandas/core/indexers.py::205,0.289940
pandas/core/indexers.py::206,0.289940
pandas/core/indexers.py::210,0.289940
pandas/core/indexers.py::211,0.289940
pandas/core/indexers.py::213,0.289940
pandas/core/indexers.py::381,0.289940
pandas/core/indexers.py::387,0.289940
pandas/core/indexers.py::393,0.289940
pandas/core/indexers.py::394,0.289940
pandas/core/indexers.py::416,0.289940
pandas/core/indexing.py::1346,0.289940
pandas/core/indexing.py::1349,0.289940
pandas/core/indexing.py::1350,0.289940
pandas/core/indexing.py::1351,0.289940
pandas/core/indexing.py::1354,0.289940
pandas/core/indexing.py::1357,0.289940
pandas/core/indexing.py::1363,0.289940
pandas/core/indexing.py::1368,0.289940
pandas/core/indexing.py::1375,0.289940
pandas/core/indexing.py::1376,0.289940
pandas/core/indexing.py::1380,0.289940
pandas/core/indexing.py::1381,0.289940
pandas/core/indexing.py::2308,0.289940
pandas/core/indexing.py::684,0.289940
pandas/core/series.py::768,0.289940
pandas/core/arrays/numpy_.py::184,0.285924
pandas/core/groupby/groupby.py::2466,0.285924
pandas/core/base.py::578,0.282070
pandas/core/indexes/base.py::1370,0.282070
pandas/core/nanops.py::231,0.282070
pandas/core/nanops.py::327,0.282070
pandas/core/dtypes/common.py::200,0.280576
pandas/core/dtypes/common.py::201,0.280576
pandas/core/indexes/range.py::336,0.280576
pandas/core/indexes/range.py::337,0.280576
pandas/core/indexes/range.py::338,0.280576
pandas/core/indexes/range.py::339,0.280576
pandas/core/indexes/range.py::340,0.280576
pandas/core/internals/construction.py::306,0.278369
pandas/core/internals/construction.py::308,0.278369
pandas/core/nanops.py::174,0.278369
pandas/core/internals/blocks.py::382,0.276189
pandas/core/internals/blocks.py::383,0.276189
pandas/core/indexes/base.py::4220,0.271384
pandas/core/internals/managers.py::172,0.271384
pandas/core/internals/managers.py::173,0.271384
pandas/core/internals/managers.py::174,0.271384
pandas/core/internals/managers.py::176,0.271384
pandas/core/internals/managers.py::182,0.271384
pandas/core/indexes/base.py::2052,0.268512
pandas/_testing.py::1317,0.268084
pandas/_testing.py::1320,0.268084
pandas/_testing.py::1322,0.268084
pandas/_testing.py::1323,0.268084
pandas/_testing.py::1327,0.268084
pandas/_testing.py::1332,0.268084
pandas/_testing.py::1336,0.268084
pandas/_testing.py::1337,0.268084
pandas/_testing.py::1338,0.268084
pandas/_testing.py::1339,0.268084
pandas/_testing.py::1340,0.268084
pandas/_testing.py::1341,0.268084
pandas/_testing.py::1342,0.268084
pandas/_testing.py::1343,0.268084
pandas/_testing.py::1344,0.268084
pandas/_testing.py::1348,0.268084
pandas/_testing.py::1349,0.268084
pandas/_testing.py::1350,0.268084
pandas/_testing.py::1351,0.268084
pandas/_testing.py::1352,0.268084
pandas/_testing.py::1353,0.268084
pandas/_testing.py::1354,0.268084
pandas/_testing.py::1355,0.268084
pandas/_testing.py::1356,0.268084
pandas/_testing.py::1360,0.268084
pandas/_testing.py::1372,0.268084
pandas/_testing.py::1373,0.268084
pandas/_testing.py::1374,0.268084
pandas/_testing.py::1375,0.268084
pandas/_testing.py::1376,0.268084
pandas/_testing.py::1377,0.268084
pandas/_testing.py::1378,0.268084
pandas/_testing.py::1379,0.268084
pandas/_testing.py::1380,0.268084
pandas/_testing.py::1381,0.268084
pandas/_testing.py::1382,0.268084
pandas/_testing.py::1383,0.268084
pandas/_testing.py::1384,0.268084
pandas/_testing.py::1385,0.268084
pandas/_testing.py::1386,0.268084
pandas/core/groupby/ops.py::112,0.268084
pandas/core/base.py::687,0.264901
pandas/core/base.py::217,0.261830
pandas/core/indexes/base.py::4219,0.261830
pandas/core/indexes/base.py::4222,0.261830
pandas/core/indexes/base.py::4223,0.261830
pandas/core/indexes/base.py::4224,0.261830
pandas/core/indexes/base.py::4225,0.261830
pandas/core/indexes/base.py::4228,0.261830
pandas/core/internals/managers.py::1308,0.261444
pandas/core/internals/managers.py::1309,0.261444
pandas/core/internals/managers.py::1310,0.261444
pandas/core/internals/managers.py::1311,0.261444
pandas/core/base.py::214,0.258863
pandas/core/groupby/ops.py::884,0.258863
pandas/core/groupby/ops.py::886,0.258863
pandas/core/groupby/ops.py::891,0.258863
pandas/core/groupby/ops.py::893,0.258863
pandas/core/groupby/ops.py::894,0.258863
pandas/core/indexes/base.py::1228,0.258863
pandas/core/indexes/base.py::1230,0.258863
pandas/core/indexes/base.py::1235,0.258863
pandas/core/indexes/base.py::1236,0.258863
pandas/core/indexes/base.py::1238,0.258863
pandas/core/indexes/base.py::1299,0.258863
pandas/core/indexes/base.py::1302,0.258863
pandas/core/indexes/base.py::1305,0.258863
pandas/core/indexes/base.py::1308,0.258863
pandas/core/indexes/base.py::1310,0.258863
pandas/core/indexes/base.py::1313,0.258863
pandas/core/indexes/base.py::1316,0.258863
pandas/core/indexes/base.py::1317,0.258863
pandas/core/indexes/base.py::1318,0.258863
pandas/core/indexes/base.py::1319,0.258863
pandas/core/indexing.py::1884,0.258863
pandas/core/indexing.py::1898,0.258863
pandas/core/indexing.py::1899,0.258863
pandas/core/indexing.py::1900,0.258863
pandas/core/indexing.py::1901,0.258863
pandas/core/indexing.py::1933,0.258863
pandas/core/indexing.py::1936,0.258863
pandas/core/indexing.py::1937,0.258863
pandas/core/indexing.py::1938,0.258863
pandas/core/indexing.py::1968,0.258863
pandas/core/indexing.py::1969,0.258863
pandas/core/indexing.py::1970,0.258863
pandas/core/indexing.py::665,0.258863
pandas/core/indexing.py::666,0.258863
pandas/core/indexing.py::668,0.258863
pandas/core/indexing.py::669,0.258863
pandas/core/common.py::294,0.255996
pandas/core/common.py::295,0.255996
pandas/core/common.py::296,0.255996
pandas/core/common.py::297,0.255996
pandas/core/frame.py::2753,0.255996
pandas/core/frame.py::2755,0.255996
pandas/core/frame.py::2756,0.255996
pandas/core/frame.py::2759,0.255996
pandas/core/frame.py::2761,0.255996
pandas/core/indexing.py::1962,0.255996
pandas/core/indexing.py::1963,0.255996
pandas/core/indexing.py::2021,0.255996
pandas/core/indexing.py::2024,0.255996
pandas/core/indexing.py::2029,0.255996
pandas/core/indexing.py::2034,0.255996
pandas/core/indexing.py::2035,0.255996
pandas/core/indexing.py::2039,0.255996
pandas/core/indexing.py::2041,0.255996
pandas/core/indexing.py::595,0.255996
pandas/core/series.py::3861,0.255996
pandas/core/series.py::3864,0.255996
pandas/core/series.py::3867,0.255996
pandas/core/series.py::3873,0.255996
pandas/core/series.py::3874,0.255996
pandas/core/series.py::3878,0.255996
pandas/core/series.py::3879,0.255996
pandas/core/common.py::142,0.253221
pandas/core/common.py::145,0.253221
pandas/core/frame.py::2737,0.253221
pandas/core/generic.py::510,0.253221
pandas/core/groupby/ops.py::876,0.253221
pandas/core/indexers.py::35,0.253221
pandas/core/indexers.py::374,0.253221
pandas/core/indexers.py::380,0.253221
pandas/core/indexes/base.py::2008,0.253221
pandas/core/indexes/base.py::4217,0.253221
pandas/core/indexing.py::2018,0.253221
pandas/core/indexing.py::229,0.253221
pandas/core/series.py::3857,0.253221
pandas/_config/config.py::113,0.250536
pandas/_config/config.py::116,0.250536
pandas/_config/config.py::117,0.250536
pandas/_config/config.py::558,0.250536
pandas/core/common.py::129,0.250536
pandas/core/common.py::131,0.250536
pandas/core/common.py::139,0.250536
pandas/core/common.py::146,0.250536
pandas/core/groupby/ops.py::866,0.250536
pandas/core/groupby/ops.py::867,0.250536
pandas/core/groupby/ops.py::868,0.250536
pandas/core/groupby/ops.py::870,0.250536
pandas/core/groupby/ops.py::871,0.250536
pandas/core/groupby/ops.py::881,0.250536
pandas/core/groupby/ops.py::897,0.250536
pandas/core/groupby/ops.py::924,0.250536
pandas/core/groupby/ops.py::930,0.250536
pandas/core/internals/blocks.py::3013,0.250536
pandas/core/series.py::3854,0.250536
pandas/core/series.py::3856,0.250536
pandas/core/series.py::3859,0.250536
pandas/core/sorting.py::367,0.250536
pandas/core/sorting.py::368,0.250536
pandas/core/base.py::1033,0.248841
pandas/core/base.py::1035,0.248841
pandas/core/base.py::1038,0.248841
pandas/core/dtypes/cast.py::1226,0.247934
pandas/core/dtypes/cast.py::1229,0.247934
pandas/core/dtypes/cast.py::1230,0.247934
pandas/core/dtypes/cast.py::1231,0.247934
pandas/core/dtypes/cast.py::1233,0.247934
pandas/core/dtypes/cast.py::1312,0.247934
pandas/core/generic.py::3192,0.247934
pandas/core/groupby/ops.py::284,0.247934
pandas/core/groupby/ops.py::285,0.247934
pandas/core/internals/managers.py::1505,0.247934
pandas/core/internals/managers.py::1508,0.247934
pandas/core/series.py::215,0.247934
pandas/core/series.py::961,0.247934
pandas/core/series.py::962,0.247934
pandas/core/series.py::963,0.247934
pandas/core/series.py::964,0.247934
pandas/core/common.py::153,0.245412
pandas/core/indexes/numeric.py::253,0.245412
pandas/core/indexes/base.py::5700,0.243190
pandas/core/indexes/base.py::5701,0.243190
pandas/core/indexes/base.py::5702,0.243190
pandas/core/internals/blocks.py::211,0.242965
pandas/core/internals/managers.py::1530,0.242965
pandas/core/nanops.py::173,0.242965
pandas/core/nanops.py::286,0.242965
pandas/core/nanops.py::288,0.242965
pandas/core/nanops.py::290,0.242965
pandas/core/nanops.py::296,0.242965
pandas/core/nanops.py::297,0.242965
pandas/core/nanops.py::299,0.242965
pandas/core/nanops.py::305,0.242965
pandas/core/nanops.py::309,0.242965
pandas/core/nanops.py::310,0.242965
pandas/core/nanops.py::313,0.242965
pandas/core/nanops.py::315,0.242965
pandas/core/nanops.py::325,0.242965
pandas/core/nanops.py::326,0.242965
pandas/core/nanops.py::331,0.242965
pandas/core/nanops.py::336,0.242965
pandas/core/series.py::489,0.242965
pandas/core/internals/blocks.py::223,0.238284
pandas/core/indexes/numeric.py::100,0.237908
pandas/core/indexes/numeric.py::101,0.237908
pandas/core/indexes/numeric.py::94,0.237908
pandas/core/indexes/numeric.py::95,0.237908
pandas/core/indexes/numeric.py::96,0.237908
pandas/core/indexes/numeric.py::97,0.237908
pandas/core/internals/blocks.py::313,0.236044
pandas/core/internals/blocks.py::271,0.233865
pandas/core/nanops.py::228,0.233865
pandas/core/nanops.py::229,0.233865
pandas/core/dtypes/missing.py::450,0.231746
pandas/core/dtypes/missing.py::453,0.231746
pandas/core/dtypes/missing.py::456,0.231746
pandas/core/dtypes/missing.py::460,0.231746
pandas/core/dtypes/missing.py::461,0.231746
pandas/core/series.py::239,0.231746
pandas/core/base.py::220,0.230275
pandas/core/series.py::1702,0.230275
pandas/core/series.py::1703,0.230275
pandas/core/construction.py::396,0.229683
pandas/core/dtypes/missing.py::445,0.229683
pandas/core/dtypes/missing.py::446,0.229683
pandas/core/dtypes/missing.py::449,0.229683
pandas/core/dtypes/missing.py::470,0.229683
pandas/core/generic.py::263,0.229683
pandas/core/generic.py::264,0.229683
pandas/core/generic.py::267,0.229683
pandas/core/generic.py::273,0.229683
pandas/core/internals/blocks.py::2584,0.229683
pandas/core/internals/blocks.py::2587,0.229683
pandas/core/internals/blocks.py::3015,0.229683
pandas/core/internals/managers.py::1705,0.229683
pandas/core/internals/managers.py::1706,0.229683
pandas/core/internals/managers.py::204,0.229683
pandas/core/dtypes/base.py::284,0.228304
pandas/core/dtypes/base.py::285,0.228304
pandas/core/indexing.py::1338,0.227675
pandas/core/indexing.py::1341,0.227675
pandas/core/generic.py::405,0.225718
pandas/core/generic.py::406,0.225718
pandas/_testing.py::1111,0.221952
pandas/_testing.py::1114,0.221952
pandas/_testing.py::1116,0.221952
pandas/_testing.py::1119,0.221952
pandas/_testing.py::1123,0.221952
pandas/_testing.py::1129,0.221952
pandas/_testing.py::1130,0.221952
pandas/_testing.py::1131,0.221952
pandas/_testing.py::1132,0.221952
pandas/_testing.py::1133,0.221952
pandas/_testing.py::1134,0.221952
pandas/_testing.py::1135,0.221952
pandas/_testing.py::1136,0.221952
pandas/_testing.py::1137,0.221952
pandas/_testing.py::1140,0.221952
pandas/_testing.py::1145,0.221952
pandas/_testing.py::1151,0.221952
pandas/_testing.py::631,0.221952
pandas/_testing.py::693,0.221952
pandas/_testing.py::694,0.221952
pandas/_testing.py::695,0.221952
pandas/_testing.py::696,0.221952
pandas/_testing.py::697,0.221952
pandas/_testing.py::698,0.221952
pandas/_testing.py::699,0.221952
pandas/_testing.py::700,0.221952
pandas/core/frame.py::406,0.221952
pandas/core/frame.py::436,0.221952
pandas/core/frame.py::437,0.221952
pandas/core/generic.py::226,0.221952
pandas/core/generic.py::227,0.221952
pandas/core/generic.py::233,0.221952
pandas/core/generic.py::235,0.221952
pandas/core/generic.py::239,0.221952
pandas/core/series.py::532,0.221952
pandas/core/internals/managers.py::1932,0.219780
pandas/core/internals/managers.py::1933,0.219780
pandas/core/internals/managers.py::1934,0.219780
pandas/_testing.py::619,0.218370
pandas/_testing.py::621,0.218370
pandas/_testing.py::622,0.218370
pandas/_testing.py::623,0.218370
pandas/_testing.py::626,0.218370
pandas/_testing.py::627,0.218370
pandas/_testing.py::630,0.218370
pandas/_testing.py::633,0.218370
pandas/_testing.py::635,0.218370
pandas/_testing.py::644,0.218370
pandas/_testing.py::647,0.218370
pandas/_testing.py::650,0.218370
pandas/_testing.py::657,0.218370
pandas/_testing.py::664,0.218370
pandas/_testing.py::687,0.218370
pandas/_testing.py::704,0.218370
pandas/_testing.py::705,0.218370
pandas/_testing.py::706,0.218370
pandas/_testing.py::708,0.218370
pandas/_testing.py::711,0.218370
pandas/_testing.py::712,0.218370
pandas/_testing.py::733,0.218370
pandas/core/common.py::127,0.218370
pandas/core/common.py::128,0.218370
pandas/core/indexes/base.py::746,0.218370
pandas/core/indexes/base.py::751,0.218370
pandas/core/indexes/frozen.py::77,0.218370
pandas/core/indexes/frozen.py::78,0.218370
pandas/core/indexes/frozen.py::79,0.218370
pandas/core/internals/blocks.py::3012,0.218370
pandas/_testing.py::720,0.213307
pandas/_testing.py::722,0.213307
pandas/_testing.py::732,0.213307
pandas/_testing.py::758,0.213307
pandas/_testing.py::760,0.213307
pandas/_testing.py::761,0.213307
pandas/_testing.py::763,0.213307
pandas/_testing.py::764,0.213307
pandas/_testing.py::766,0.213307
pandas/_testing.py::774,0.213307
pandas/_testing.py::775,0.213307
pandas/_testing.py::779,0.213307
pandas/_testing.py::782,0.213307
pandas/_testing.py::783,0.213307
pandas/core/dtypes/common.py::1265,0.213307
pandas/core/dtypes/common.py::1267,0.213307
pandas/core/dtypes/common.py::1270,0.213307
pandas/core/dtypes/common.py::1276,0.213307
pandas/core/dtypes/common.py::1277,0.213307
pandas/core/dtypes/inference.py::69,0.213307
pandas/core/dtypes/missing.py::473,0.213307
pandas/core/dtypes/missing.py::480,0.213307
pandas/core/dtypes/missing.py::484,0.213307
pandas/core/dtypes/missing.py::493,0.213307
pandas/core/dtypes/missing.py::497,0.213307
pandas/core/indexing.py::1329,0.211696
pandas/core/indexing.py::1334,0.211696
pandas/core/indexing.py::1671,0.211696
pandas/core/indexing.py::1672,0.211696
pandas/core/indexing.py::1678,0.211696
pandas/core/indexing.py::682,0.211696
pandas/core/dtypes/missing.py::443,0.210122
pandas/core/internals/blocks.py::270,0.210122
pandas/core/internals/blocks.py::273,0.210122
pandas/core/indexes/base.py::4214,0.208582
pandas/core/algorithms.py::627,0.207075
pandas/core/groupby/groupby.py::804,0.207075
pandas/core/groupby/groupby.py::807,0.207075
pandas/core/groupby/groupby.py::809,0.207075
pandas/core/groupby/groupby.py::810,0.207075
pandas/core/groupby/groupby.py::822,0.207075
pandas/core/indexing.py::1670,0.207075
pandas/core/indexes/base.py::738,0.205601
pandas/core/indexes/base.py::739,0.205601
pandas/core/indexes/base.py::740,0.205601
pandas/core/indexes/base.py::741,0.205601
pandas/core/indexes/base.py::742,0.205601
pandas/core/indexes/base.py::743,0.205601
pandas/_testing.py::382,0.204158
pandas/_testing.py::384,0.204158
pandas/_testing.py::388,0.204158
pandas/compat/numpy/function.py::56,0.204158
pandas/core/algorithms.py::1983,0.204158
pandas/core/algorithms.py::1988,0.204158
pandas/core/algorithms.py::1993,0.204158
pandas/core/algorithms.py::2000,0.204158
pandas/core/algorithms.py::2002,0.204158
pandas/core/algorithms.py::2003,0.204158
pandas/core/algorithms.py::2008,0.204158
pandas/core/algorithms.py::2009,0.204158
pandas/core/algorithms.py::2010,0.204158
pandas/core/algorithms.py::2017,0.204158
pandas/core/algorithms.py::2020,0.204158
pandas/core/algorithms.py::2025,0.204158
pandas/core/algorithms.py::2027,0.204158
pandas/core/algorithms.py::2029,0.204158
pandas/core/algorithms.py::2032,0.204158
pandas/core/algorithms.py::2039,0.204158
pandas/core/algorithms.py::2041,0.204158
pandas/core/algorithms.py::2042,0.204158
pandas/core/algorithms.py::2043,0.204158
pandas/core/algorithms.py::2046,0.204158
pandas/core/algorithms.py::2058,0.204158
pandas/core/algorithms.py::2061,0.204158
pandas/core/algorithms.py::475,0.204158
pandas/core/algorithms.py::477,0.204158
pandas/core/algorithms.py::478,0.204158
pandas/core/algorithms.py::480,0.204158
pandas/core/algorithms.py::481,0.204158
pandas/core/algorithms.py::614,0.204158
pandas/core/algorithms.py::615,0.204158
pandas/core/algorithms.py::617,0.204158
pandas/core/algorithms.py::622,0.204158
pandas/core/algorithms.py::624,0.204158
pandas/core/algorithms.py::629,0.204158
pandas/core/algorithms.py::630,0.204158
pandas/core/algorithms.py::633,0.204158
pandas/core/algorithms.py::634,0.204158
pandas/core/algorithms.py::635,0.204158
pandas/core/algorithms.py::638,0.204158
pandas/core/algorithms.py::641,0.204158
pandas/core/algorithms.py::643,0.204158
pandas/core/algorithms.py::648,0.204158
pandas/core/dtypes/missing.py::441,0.204158
pandas/core/series.py::292,0.202745
pandas/core/series.py::294,0.202745
pandas/core/series.py::298,0.202745
pandas/core/indexes/range.py::390,0.202062
pandas/core/indexes/range.py::391,0.202062
pandas/core/indexes/base.py::760,0.201361
pandas/core/indexes/base.py::763,0.201361
pandas/core/indexes/base.py::774,0.201361
pandas/core/indexes/range.py::389,0.201361
pandas/core/arrays/categorical.py::1997,0.200004
pandas/core/arrays/categorical.py::473,0.200004
pandas/core/arrays/categorical.py::474,0.200004
pandas/core/dtypes/common.py::1886,0.198675
pandas/core/indexes/numeric.py::117,0.198675
pandas/core/arrays/categorical.py::459,0.194842
pandas/core/indexes/numeric.py::115,0.194842
pandas/core/series.py::290,0.194842
pandas/core/indexes/base.py::389,0.193613
pandas/core/dtypes/cast.py::1576,0.193294
pandas/core/dtypes/cast.py::1577,0.193294
pandas/core/dtypes/cast.py::1580,0.193294
pandas/core/dtypes/cast.py::1587,0.193294
pandas/core/dtypes/cast.py::1588,0.193294
pandas/core/dtypes/missing.py::437,0.192407
pandas/core/indexes/numeric.py::59,0.192407
pandas/core/indexes/numeric.py::60,0.192407
pandas/core/indexes/numeric.py::63,0.192407
pandas/core/indexes/numeric.py::73,0.192407
pandas/core/indexes/numeric.py::76,0.192407
pandas/core/indexes/numeric.py::80,0.192407
pandas/core/indexes/numeric.py::82,0.192407
pandas/core/indexes/numeric.py::86,0.192407
pandas/core/indexes/numeric.py::87,0.192407
pandas/core/groupby/generic.py::354,0.191223
pandas/core/groupby/generic.py::355,0.191223
pandas/core/groupby/generic.py::358,0.191223
pandas/core/groupby/generic.py::362,0.191223
pandas/core/groupby/generic.py::364,0.191223
pandas/core/groupby/generic.py::386,0.191223
pandas/core/groupby/generic.py::387,0.191223
pandas/core/groupby/generic.py::389,0.191223
pandas/core/indexes/base.py::426,0.191223
pandas/core/indexes/base.py::544,0.191223
pandas/core/indexes/base.py::545,0.191223
pandas/core/indexes/base.py::546,0.191223
pandas/core/indexes/base.py::547,0.191223
pandas/core/indexes/base.py::550,0.191223
pandas/core/indexes/base.py::555,0.191223
pandas/core/groupby/generic.py::156,0.190061
pandas/core/groupby/grouper.py::655,0.188816
pandas/core/groupby/grouper.py::657,0.188816
pandas/core/generic.py::5633,0.188047
pandas/core/generic.py::5634,0.188047
pandas/core/indexes/base.py::652,0.188047
pandas/core/indexes/base.py::655,0.188047
pandas/core/indexes/base.py::656,0.188047
pandas/core/indexes/base.py::657,0.188047
pandas/core/indexes/base.py::658,0.188047
pandas/core/internals/managers.py::757,0.188047
pandas/core/internals/managers.py::758,0.188047
pandas/core/internals/managers.py::761,0.188047
pandas/core/internals/managers.py::763,0.188047
pandas/core/arrays/categorical.py::837,0.185579
pandas/core/arrays/categorical.py::838,0.185579
pandas/core/arrays/categorical.py::839,0.185579
pandas/core/arrays/categorical.py::840,0.185579
pandas/core/arrays/categorical.py::842,0.185579
pandas/core/arrays/categorical.py::843,0.185579
pandas/core/arrays/categorical.py::850,0.185579
pandas/core/arrays/categorical.py::851,0.185579
pandas/core/arrays/categorical.py::853,0.185579
pandas/core/arrays/categorical.py::854,0.185579
pandas/core/arrays/categorical.py::856,0.185579
pandas/core/arrays/categorical.py::857,0.185579
pandas/core/base.py::218,0.183206
pandas/core/common.py::264,0.183206
pandas/core/common.py::265,0.183206
pandas/core/internals/managers.py::754,0.183206
pandas/core/internals/managers.py::767,0.183206
pandas/core/internals/managers.py::768,0.183206
pandas/core/internals/managers.py::769,0.183206
pandas/core/dtypes/missing.py::233,0.182480
pandas/core/dtypes/missing.py::238,0.182480
pandas/core/dtypes/missing.py::242,0.182480
pandas/core/internals/blocks.py::667,0.181470
pandas/core/groupby/ops.py::289,0.180476
pandas/core/arrays/categorical.py::1382,0.179498
pandas/core/arrays/categorical.py::1383,0.179498
pandas/core/indexes/base.py::4025,0.178536
pandas/core/indexes/base.py::4342,0.178536
pandas/core/indexes/base.py::4345,0.178536
pandas/core/indexes/base.py::4349,0.178536
pandas/core/indexes/base.py::4355,0.178536
pandas/core/indexes/base.py::4356,0.178536
pandas/core/internals/blocks.py::3011,0.178536
pandas/core/frame.py::1045,0.176601
pandas/core/groupby/grouper.py::401,0.174838
pandas/core/series.py::4044,0.174838
pandas/core/dtypes/missing.py::433,0.173073
pandas/core/dtypes/missing.py::436,0.173073
pandas/core/indexes/multi.py::626,0.173073
pandas/core/indexes/multi.py::628,0.173073
pandas/core/indexes/multi.py::630,0.173073
pandas/core/indexes/multi.py::631,0.173073
pandas/core/arrays/categorical.py::2607,0.170664
pandas/core/arrays/categorical.py::2608,0.170664
pandas/core/arrays/categorical.py::2610,0.170664
pandas/core/arrays/categorical.py::2611,0.170664
pandas/core/algorithms.py::185,0.170524
pandas/core/algorithms.py::187,0.170524
pandas/core/algorithms.py::193,0.170524
pandas/core/algorithms.py::194,0.170524
pandas/core/algorithms.py::196,0.170524
pandas/core/algorithms.py::203,0.170524
pandas/core/algorithms.py::211,0.170524
pandas/core/indexes/base.py::734,0.168885
pandas/core/indexes/base.py::736,0.168885
pandas/core/indexes/base.py::737,0.168885
pandas/core/indexes/base.py::752,0.168885
pandas/core/arrays/numpy_.py::139,0.168084
pandas/core/arrays/numpy_.py::141,0.168084
pandas/core/arrays/numpy_.py::146,0.168084
pandas/core/arrays/numpy_.py::149,0.168084
pandas/core/arrays/numpy_.py::152,0.168084
pandas/core/arrays/numpy_.py::153,0.168084
pandas/core/arrays/numpy_.py::43,0.168084
pandas/core/arrays/numpy_.py::44,0.168084
pandas/core/arrays/numpy_.py::45,0.168084
pandas/core/dtypes/common.py::1887,0.167294
pandas/core/dtypes/common.py::1890,0.167294
pandas/core/internals/managers.py::205,0.167024
pandas/core/internals/blocks.py::280,0.166514
pandas/core/common.py::260,0.165289
pandas/core/common.py::263,0.165289
pandas/core/common.py::269,0.165289
pandas/core/common.py::271,0.165289
pandas/core/frame.py::4018,0.165289
pandas/core/frame.py::4019,0.165289
pandas/core/frame.py::4020,0.165289
pandas/core/frame.py::4021,0.165289
pandas/core/frame.py::4022,0.165289
pandas/core/frame.py::4023,0.165289
pandas/core/frame.py::4024,0.165289
pandas/core/frame.py::4025,0.165289
pandas/core/generic.py::3813,0.165289
pandas/core/generic.py::3815,0.165289
pandas/core/generic.py::3816,0.165289
pandas/core/generic.py::3818,0.165289
pandas/core/generic.py::3819,0.165289
pandas/core/generic.py::3827,0.165289
pandas/core/generic.py::3829,0.165289
pandas/core/generic.py::3830,0.165289
pandas/core/generic.py::3831,0.165289
pandas/core/generic.py::3833,0.165289
pandas/core/generic.py::3836,0.165289
pandas/core/generic.py::3855,0.165289
pandas/core/generic.py::3856,0.165289
pandas/core/generic.py::3857,0.165289
pandas/core/generic.py::3859,0.165289
pandas/core/generic.py::3860,0.165289
pandas/core/generic.py::3865,0.165289
pandas/core/generic.py::3866,0.165289
pandas/core/generic.py::3891,0.165289
pandas/core/indexes/base.py::5240,0.165289
pandas/core/indexes/base.py::5281,0.165289
pandas/core/indexes/base.py::5282,0.165289
pandas/core/indexes/base.py::5283,0.165289
pandas/core/indexes/base.py::5284,0.165289
pandas/core/indexes/base.py::5285,0.165289
pandas/core/indexes/base.py::5289,0.165289
pandas/core/groupby/grouper.py::654,0.163934
pandas/core/frame.py::3726,0.163608
pandas/core/frame.py::3727,0.163608
pandas/core/frame.py::3768,0.163608
pandas/core/frame.py::3769,0.163608
pandas/core/frame.py::3771,0.163608
pandas/core/frame.py::3772,0.163608
pandas/core/frame.py::3773,0.163608
pandas/core/frame.py::3774,0.163608
pandas/core/frame.py::3775,0.163608
pandas/core/indexes/base.py::3424,0.163608
pandas/core/indexes/base.py::3425,0.163608
pandas/core/indexes/base.py::3426,0.163608
pandas/util/_validators.py::273,0.163608
pandas/util/_validators.py::274,0.163608
pandas/util/_validators.py::278,0.163608
pandas/util/_validators.py::285,0.163608
pandas/core/internals/blocks.py::3005,0.163503
pandas/core/internals/blocks.py::3008,0.163503
pandas/core/internals/blocks.py::3010,0.163503
pandas/core/internals/blocks.py::699,0.162057
pandas/core/base.py::93,0.161977
pandas/core/base.py::94,0.161977
pandas/core/common.py::213,0.161977
pandas/core/frame.py::3722,0.161977
pandas/core/frame.py::3724,0.161977
pandas/core/frame.py::3725,0.161977
pandas/core/frame.py::3730,0.161977
pandas/core/frame.py::3731,0.161977
pandas/core/frame.py::3736,0.161977
pandas/core/frame.py::3879,0.161977
pandas/core/frame.py::3880,0.161977
pandas/core/frame.py::3882,0.161977
pandas/core/frame.py::3883,0.161977
pandas/core/frame.py::3884,0.161977
pandas/core/generic.py::361,0.161977
pandas/core/generic.py::362,0.161977
pandas/core/generic.py::363,0.161977
pandas/core/generic.py::364,0.161977
pandas/core/generic.py::4406,0.161977
pandas/util/_decorators.py::227,0.161977
pandas/util/_validators.py::253,0.161977
pandas/util/_validators.py::258,0.161977
pandas/util/_validators.py::263,0.161977
pandas/util/_validators.py::272,0.161977
pandas/util/_validators.py::284,0.161977
pandas/util/_validators.py::308,0.161977
pandas/core/dtypes/common.py::1643,0.161349
pandas/core/generic.py::5680,0.161349
pandas/core/generic.py::5681,0.161349
pandas/core/generic.py::5682,0.161349
pandas/core/generic.py::5683,0.161349
pandas/core/generic.py::5684,0.161349
pandas/core/generic.py::5685,0.161349
pandas/core/generic.py::5686,0.161349
pandas/core/generic.py::5687,0.161349
pandas/core/generic.py::5688,0.161349
pandas/core/generic.py::5689,0.161349
pandas/core/generic.py::5690,0.161349
pandas/core/generic.py::5691,0.161349
pandas/core/generic.py::5693,0.161349
pandas/core/internals/managers.py::564,0.161349
pandas/core/sorting.py::362,0.161349
pandas/core/sorting.py::363,0.161349
pandas/core/sorting.py::364,0.161349
pandas/core/sorting.py::365,0.161349
pandas/core/sorting.py::366,0.161349
pandas/core/internals/managers.py::1293,0.160394
pandas/core/internals/managers.py::1301,0.160394
pandas/core/internals/managers.py::1304,0.160394
pandas/core/arrays/categorical.py::1838,0.159959
pandas/core/arrays/categorical.py::1840,0.159959
pandas/core/arrays/categorical.py::1842,0.159959
pandas/core/arrays/categorical.py::1843,0.159959
pandas/core/arrays/categorical.py::1855,0.159959
pandas/core/arrays/categorical.py::1856,0.159959
pandas/core/arrays/categorical.py::1857,0.159959
pandas/core/construction.py::529,0.159959
pandas/core/construction.py::531,0.159959
pandas/core/construction.py::534,0.159959
pandas/core/construction.py::537,0.159959
pandas/core/construction.py::540,0.159959
pandas/core/construction.py::567,0.159959
pandas/core/algorithms.py::1542,0.159278
pandas/core/algorithms.py::1545,0.159278
pandas/core/algorithms.py::1547,0.159278
pandas/core/algorithms.py::1556,0.159278
pandas/core/groupby/generic.py::1622,0.159278
pandas/core/groupby/generic.py::1623,0.159278
pandas/core/groupby/generic.py::1625,0.159278
pandas/core/groupby/generic.py::1626,0.159278
pandas/core/arrays/categorical.py::2601,0.158856
pandas/core/arrays/categorical.py::2604,0.158856
pandas/core/indexes/base.py::3397,0.158856
pandas/core/indexes/base.py::3400,0.158856
pandas/core/indexes/base.py::3402,0.158856
pandas/core/indexes/base.py::3411,0.158856
pandas/core/indexes/base.py::3413,0.158856
pandas/core/indexes/base.py::3420,0.158856
pandas/core/indexes/base.py::3436,0.158856
pandas/core/indexes/base.py::3440,0.158856
pandas/core/indexes/base.py::5634,0.158856
pandas/core/indexes/base.py::5635,0.158856
pandas/core/indexes/base.py::5639,0.158856
pandas/core/internals/managers.py::1275,0.158856
pandas/core/internals/managers.py::1279,0.158856
pandas/core/internals/managers.py::1280,0.158856
pandas/core/internals/managers.py::1282,0.158856
pandas/core/internals/managers.py::1283,0.158856
pandas/core/internals/managers.py::1291,0.158856
pandas/core/internals/managers.py::1292,0.158856
pandas/core/internals/managers.py::1323,0.158856
pandas/core/groupby/generic.py::1610,0.158605
pandas/core/internals/blocks.py::278,0.158605
pandas/core/internals/blocks.py::697,0.158605
pandas/core/internals/blocks.py::698,0.158605
pandas/core/internals/blocks.py::700,0.158605
pandas/core/arrays/categorical.py::1480,0.157285
pandas/core/construction.py::380,0.157285
pandas/core/arrays/categorical.py::1478,0.156637
pandas/core/groupby/groupby.py::515,0.156637
pandas/core/groupby/groupby.py::512,0.155997
pandas/core/groupby/groupby.py::513,0.155997
pandas/core/groupby/grouper.py::399,0.155365
pandas/core/groupby/ops.py::299,0.155365
pandas/core/indexes/multi.py::1170,0.155365
pandas/core/indexes/multi.py::1173,0.155365
pandas/core/indexes/multi.py::1202,0.155365
pandas/core/indexes/multi.py::1204,0.155365
pandas/core/indexes/multi.py::1206,0.155365
pandas/core/indexes/multi.py::1207,0.155365
pandas/core/indexes/multi.py::1209,0.155365
pandas/core/indexes/multi.py::1214,0.155365
pandas/core/indexes/multi.py::1215,0.155365
pandas/core/indexes/multi.py::1220,0.155365
pandas/core/indexes/multi.py::1221,0.155365
pandas/core/indexes/multi.py::1228,0.155365
pandas/core/indexes/multi.py::1877,0.155365
pandas/core/indexes/multi.py::254,0.155365
pandas/core/indexes/multi.py::256,0.155365
pandas/core/indexes/multi.py::258,0.155365
pandas/core/indexes/multi.py::260,0.155365
pandas/core/indexes/multi.py::263,0.155365
pandas/core/indexes/multi.py::266,0.155365
pandas/core/indexes/multi.py::267,0.155365
pandas/core/indexes/multi.py::269,0.155365
pandas/core/indexes/multi.py::270,0.155365
pandas/core/indexes/multi.py::272,0.155365
pandas/core/indexes/multi.py::274,0.155365
pandas/core/indexes/multi.py::277,0.155365
pandas/core/indexes/multi.py::279,0.155365
pandas/core/indexes/multi.py::283,0.155365
pandas/core/indexes/multi.py::284,0.155365
pandas/core/indexes/multi.py::286,0.155365
pandas/core/indexes/multi.py::3506,0.155365
pandas/core/indexes/multi.py::3507,0.155365
pandas/core/indexes/multi.py::3509,0.155365
pandas/core/indexes/multi.py::3510,0.155365
pandas/core/indexes/multi.py::668,0.155365
pandas/core/indexes/multi.py::676,0.155365
pandas/core/indexes/multi.py::677,0.155365
pandas/core/indexes/multi.py::678,0.155365
pandas/core/indexes/multi.py::687,0.155365
pandas/core/indexes/multi.py::691,0.155365
pandas/core/indexes/multi.py::692,0.155365
pandas/core/indexes/multi.py::693,0.155365
pandas/core/indexes/multi.py::696,0.155365
pandas/core/indexes/multi.py::697,0.155365
pandas/core/indexes/multi.py::790,0.155365
pandas/core/indexes/multi.py::795,0.155365
pandas/core/indexes/multi.py::801,0.155365
pandas/core/indexes/multi.py::802,0.155365
pandas/core/indexes/multi.py::803,0.155365
pandas/core/indexes/multi.py::804,0.155365
pandas/core/indexes/multi.py::814,0.155365
pandas/core/indexes/multi.py::817,0.155365
pandas/core/indexes/multi.py::819,0.155365
pandas/core/indexes/multi.py::820,0.155365
pandas/core/generic.py::356,0.154740
pandas/core/generic.py::357,0.154740
pandas/core/generic.py::360,0.154740
pandas/core/generic.py::367,0.154740
pandas/core/generic.py::368,0.154740
pandas/core/generic.py::4337,0.154740
pandas/core/generic.py::4338,0.154740
pandas/core/generic.py::4339,0.154740
pandas/core/generic.py::4340,0.154740
pandas/core/generic.py::4341,0.154740
pandas/core/generic.py::4342,0.154740
pandas/core/generic.py::4343,0.154740
pandas/core/generic.py::4348,0.154740
pandas/core/generic.py::4350,0.154740
pandas/core/generic.py::4356,0.154740
pandas/core/generic.py::4360,0.154740
pandas/core/generic.py::4361,0.154740
pandas/core/generic.py::4362,0.154740
pandas/core/generic.py::4363,0.154740
pandas/core/indexes/base.py::4371,0.154740
pandas/core/internals/managers.py::201,0.154740
pandas/core/internals/managers.py::361,0.154740
pandas/core/internals/managers.py::364,0.154740
pandas/core/internals/managers.py::372,0.154740
pandas/core/internals/managers.py::374,0.154740
pandas/core/internals/managers.py::380,0.154740
pandas/core/internals/managers.py::386,0.154740
pandas/core/internals/managers.py::392,0.154740
pandas/core/internals/managers.py::396,0.154740
pandas/core/internals/managers.py::398,0.154740
pandas/core/internals/managers.py::403,0.154740
pandas/core/internals/managers.py::404,0.154740
pandas/core/internals/managers.py::409,0.154740
pandas/core/internals/managers.py::416,0.154740
pandas/core/internals/managers.py::419,0.154740
pandas/core/internals/managers.py::420,0.154740
pandas/core/internals/managers.py::422,0.154740
pandas/core/internals/managers.py::424,0.154740
pandas/core/internals/managers.py::425,0.154740
pandas/core/groupby/grouper.py::521,0.154497
pandas/core/groupby/grouper.py::522,0.154497
pandas/core/indexes/frozen.py::67,0.154123
pandas/core/indexes/frozen.py::69,0.154123
pandas/core/indexes/base.py::5599,0.153514
pandas/core/indexes/base.py::5602,0.153514
pandas/core/indexes/base.py::5607,0.153514
pandas/core/indexes/base.py::5622,0.153514
pandas/core/indexes/base.py::5627,0.153514
pandas/core/generic.py::387,0.152316
pandas/core/generic.py::388,0.152316
pandas/core/series.py::260,0.152316
pandas/core/arrays/categorical.py::2606,0.151959
pandas/io/formats/format.py::403,0.151959
pandas/core/dtypes/dtypes.py::409,0.151727
pandas/core/generic.py::403,0.151727
pandas/core/generic.py::404,0.151727
pandas/core/internals/blocks.py::3051,0.151146
pandas/core/internals/blocks.py::3052,0.151146
pandas/core/internals/blocks.py::3055,0.151146
pandas/core/algorithms.py::100,0.150570
pandas/util/_validators.py::209,0.150002
pandas/util/_validators.py::214,0.150002
pandas/core/algorithms.py::94,0.149440
pandas/core/algorithms.py::95,0.149440
pandas/core/algorithms.py::99,0.149440
pandas/core/dtypes/cast.py::444,0.149440
pandas/core/dtypes/cast.py::524,0.149440
pandas/core/dtypes/common.py::1475,0.149440
pandas/core/internals/managers.py::1441,0.149440
pandas/core/internals/managers.py::1445,0.149440
pandas/core/internals/managers.py::1461,0.149440
pandas/core/internals/managers.py::1464,0.149440
pandas/core/internals/managers.py::1467,0.149440
pandas/core/internals/managers.py::1472,0.149440
pandas/core/internals/managers.py::1476,0.149440
pandas/core/internals/managers.py::1551,0.149440
pandas/core/series.py::279,0.149440
pandas/core/series.py::280,0.149440
pandas/core/series.py::319,0.149440
pandas/core/series.py::321,0.149440
pandas/core/construction.py::413,0.148884
pandas/core/construction.py::424,0.148884
pandas/core/construction.py::528,0.148884
pandas/core/dtypes/cast.py::1102,0.148884
pandas/core/dtypes/cast.py::1103,0.148884
pandas/core/dtypes/cast.py::1105,0.148884
pandas/core/dtypes/cast.py::1108,0.148884
pandas/core/dtypes/cast.py::438,0.147790
pandas/core/base.py::1055,0.146721
pandas/core/base.py::1057,0.146721
pandas/core/base.py::1060,0.146721
pandas/core/arrays/base.py::413,0.146195
pandas/core/base.py::66,0.146195
pandas/core/base.py::67,0.146195
pandas/core/internals/blocks.py::1615,0.146195
pandas/core/internals/blocks.py::1618,0.146195
pandas/core/internals/managers.py::1512,0.146195
pandas/core/internals/managers.py::1545,0.146195
pandas/core/internals/managers.py::1729,0.146195
pandas/core/internals/managers.py::1730,0.146195
pandas/core/internals/managers.py::1732,0.146195
pandas/core/construction.py::527,0.145674
pandas/core/dtypes/cast.py::432,0.145674
pandas/core/dtypes/cast.py::435,0.145674
pandas/core/base.py::647,0.144650
pandas/core/construction.py::428,0.144650
pandas/core/construction.py::430,0.144650
pandas/core/construction.py::432,0.144650
pandas/core/construction.py::434,0.144650
pandas/core/algorithms.py::234,0.144428
pandas/core/algorithms.py::236,0.144428
pandas/core/algorithms.py::237,0.144428
pandas/core/algorithms.py::238,0.144428
pandas/core/algorithms.py::366,0.144428
pandas/core/algorithms.py::368,0.144428
pandas/core/algorithms.py::372,0.144428
pandas/core/algorithms.py::373,0.144428
pandas/core/algorithms.py::375,0.144428
pandas/core/algorithms.py::376,0.144428
pandas/core/algorithms.py::377,0.144428
pandas/core/algorithms.py::378,0.144428
pandas/core/arrays/sparse/dtype.py::209,0.143646
pandas/core/arrays/sparse/dtype.py::210,0.143646
pandas/core/arrays/sparse/dtype.py::228,0.143646
pandas/core/dtypes/base.py::237,0.143646
pandas/core/dtypes/base.py::242,0.143646
pandas/core/dtypes/base.py::243,0.143646
pandas/core/dtypes/base.py::244,0.143646
pandas/core/dtypes/dtypes.py::100,0.143646
pandas/core/dtypes/dtypes.py::102,0.143646
pandas/core/dtypes/dtypes.py::1077,0.143646
pandas/core/dtypes/dtypes.py::1080,0.143646
pandas/core/dtypes/dtypes.py::1084,0.143646
pandas/core/dtypes/dtypes.py::1089,0.143646
pandas/core/dtypes/dtypes.py::354,0.143646
pandas/core/dtypes/dtypes.py::356,0.143646
pandas/core/dtypes/dtypes.py::357,0.143646
pandas/core/dtypes/dtypes.py::731,0.143646
pandas/core/dtypes/dtypes.py::732,0.143646
pandas/core/dtypes/dtypes.py::733,0.143646
pandas/core/dtypes/dtypes.py::734,0.143646
pandas/core/dtypes/dtypes.py::744,0.143646
pandas/core/dtypes/dtypes.py::873,0.143646
pandas/core/dtypes/dtypes.py::874,0.143646
pandas/core/dtypes/dtypes.py::875,0.143646
pandas/core/dtypes/dtypes.py::883,0.143646
pandas/core/dtypes/dtypes.py::884,0.143646
pandas/core/dtypes/dtypes.py::887,0.143646
pandas/core/dtypes/dtypes.py::96,0.143646
pandas/core/dtypes/dtypes.py::97,0.143646
pandas/core/dtypes/dtypes.py::98,0.143646
pandas/core/dtypes/dtypes.py::99,0.143646
pandas/core/algorithms.py::1607,0.143153
pandas/core/algorithms.py::1608,0.143153
pandas/core/dtypes/common.py::1866,0.142664
pandas/core/dtypes/common.py::1867,0.142664
pandas/core/dtypes/common.py::1872,0.142664
pandas/core/dtypes/common.py::1873,0.142664
pandas/core/dtypes/common.py::1883,0.142664
pandas/core/generic.py::5085,0.142664
pandas/core/generic.py::5086,0.142664
pandas/core/groupby/groupby.py::2462,0.142664
pandas/core/groupby/groupby.py::2463,0.142664
pandas/core/groupby/groupby.py::2465,0.142664
pandas/core/series.py::380,0.142664
pandas/core/arrays/categorical.py::354,0.142205
pandas/core/arrays/categorical.py::355,0.142205
pandas/core/arrays/categorical.py::374,0.142205
pandas/core/groupby/groupby.py::574,0.142180
pandas/core/groupby/groupby.py::575,0.142180
pandas/core/groupby/ops.py::232,0.142180
pandas/core/internals/blocks.py::1623,0.141701
pandas/core/internals/blocks.py::1625,0.141701
pandas/core/dtypes/inference.py::291,0.141227
pandas/core/dtypes/inference.py::293,0.141227
pandas/core/indexes/base.py::4779,0.141227
pandas/core/indexes/base.py::4781,0.141227
pandas/core/indexes/base.py::4784,0.141227
pandas/core/internals/construction.py::359,0.141227
pandas/core/internals/construction.py::380,0.141227
pandas/core/series.py::234,0.141227
pandas/core/series.py::268,0.141227
pandas/core/series.py::274,0.141227
pandas/core/series.py::278,0.141227
pandas/core/series.py::308,0.141227
pandas/core/series.py::309,0.141227
pandas/core/indexes/base.py::2982,0.140758
pandas/core/indexes/base.py::2983,0.140758
pandas/core/indexes/base.py::2984,0.140758
pandas/core/indexes/base.py::2990,0.140758
pandas/core/indexes/base.py::2993,0.140758
pandas/core/indexes/base.py::2994,0.140758
pandas/core/indexes/base.py::2999,0.140758
pandas/core/indexes/base.py::3006,0.140758
pandas/core/indexes/base.py::3011,0.140758
pandas/core/indexes/base.py::3013,0.140758
pandas/core/indexes/base.py::3016,0.140758
pandas/core/indexes/base.py::3021,0.140758
pandas/core/indexes/base.py::3027,0.140758
pandas/core/indexes/base.py::3029,0.140758
pandas/core/series.py::304,0.140758
pandas/core/indexes/base.py::1720,0.140293
pandas/core/internals/blocks.py::3057,0.139833
pandas/core/internals/blocks.py::3058,0.139833
pandas/core/internals/construction.py::243,0.139833
pandas/core/internals/construction.py::244,0.139833
pandas/core/internals/construction.py::245,0.139833
pandas/core/internals/construction.py::249,0.139833
pandas/core/internals/construction.py::252,0.139833
pandas/core/internals/construction.py::64,0.139833
pandas/core/arrays/categorical.py::2552,0.139377
pandas/core/arrays/categorical.py::2554,0.139377
pandas/core/arrays/categorical.py::2557,0.139377
pandas/core/arrays/categorical.py::2558,0.139377
pandas/core/arrays/categorical.py::2573,0.139377
pandas/core/arrays/categorical.py::2574,0.139377
pandas/core/arrays/categorical.py::2575,0.139377
pandas/core/arrays/categorical.py::2576,0.139377
pandas/core/arrays/categorical.py::2577,0.139377
pandas/core/arrays/categorical.py::376,0.139377
pandas/core/arrays/categorical.py::385,0.139377
pandas/core/internals/managers.py::1802,0.139377
pandas/core/internals/managers.py::1808,0.139377
pandas/core/missing.py::602,0.139377
pandas/core/missing.py::75,0.139377
pandas/core/missing.py::76,0.139377
pandas/core/internals/managers.py::1479,0.138926
pandas/core/internals/managers.py::1782,0.138926
pandas/core/internals/managers.py::1784,0.138926
pandas/core/internals/managers.py::1785,0.138926
pandas/core/internals/managers.py::1787,0.138926
pandas/core/internals/managers.py::1789,0.138926
pandas/core/internals/managers.py::1790,0.138926
pandas/core/internals/managers.py::1792,0.138926
pandas/core/series.py::324,0.138926
pandas/core/series.py::326,0.138926
pandas/core/construction.py::584,0.138479
pandas/core/construction.py::585,0.138479
pandas/core/construction.py::586,0.138479
pandas/core/construction.py::587,0.138479
pandas/core/dtypes/dtypes.py::135,0.138479
pandas/core/internals/blocks.py::1629,0.138479
pandas/core/internals/blocks.py::1639,0.138479
pandas/core/internals/blocks.py::1641,0.138479
pandas/core/internals/blocks.py::1979,0.138479
pandas/core/series.py::219,0.138479
pandas/core/series.py::221,0.138479
pandas/core/series.py::233,0.138479
pandas/core/series.py::236,0.138479
pandas/core/series.py::238,0.138479
pandas/core/series.py::241,0.138479
pandas/core/series.py::245,0.138479
pandas/core/series.py::259,0.138479
pandas/core/series.py::300,0.138479
pandas/core/series.py::318,0.138479
pandas/core/groupby/grouper.py::566,0.138094
pandas/core/groupby/grouper.py::567,0.138094
pandas/core/groupby/grouper.py::568,0.138094
pandas/core/groupby/grouper.py::569,0.138094
pandas/core/groupby/grouper.py::571,0.138094
pandas/core/groupby/grouper.py::600,0.138094
pandas/core/groupby/grouper.py::605,0.138094
pandas/core/arrays/categorical.py::2615,0.138037
pandas/core/arrays/categorical.py::2617,0.138037
pandas/core/arrays/categorical.py::2618,0.138037
pandas/core/arrays/categorical.py::341,0.138037
pandas/core/arrays/categorical.py::344,0.138037
pandas/core/arrays/categorical.py::347,0.138037
pandas/core/arrays/categorical.py::348,0.138037
pandas/core/arrays/categorical.py::349,0.138037
pandas/core/arrays/categorical.py::351,0.138037
pandas/core/dtypes/missing.py::156,0.138037
pandas/core/internals/blocks.py::3048,0.138037
pandas/core/internals/blocks.py::3050,0.138037
pandas/core/internals/blocks.py::3059,0.138037
pandas/core/dtypes/generic.py::79,0.137165
pandas/core/dtypes/missing.py::153,0.137165
pandas/core/dtypes/missing.py::155,0.137165
pandas/core/groupby/ops.py::224,0.137165
pandas/core/groupby/ops.py::263,0.137165
pandas/core/groupby/ops.py::265,0.137165
pandas/core/groupby/ops.py::266,0.137165
pandas/core/groupby/ops.py::267,0.137165
pandas/core/groupby/ops.py::279,0.137165
pandas/core/groupby/ops.py::280,0.137165
pandas/core/dtypes/cast.py::448,0.136734
pandas/core/dtypes/cast.py::452,0.136734
pandas/core/dtypes/cast.py::453,0.136734
pandas/core/dtypes/cast.py::456,0.136734
pandas/core/dtypes/cast.py::457,0.136734
pandas/core/dtypes/cast.py::529,0.136734
pandas/core/generic.py::252,0.136734
pandas/core/generic.py::254,0.136734
pandas/core/generic.py::5080,0.136734
pandas/core/generic.py::5081,0.136734
pandas/core/generic.py::5084,0.136734
pandas/core/generic.py::5087,0.136734
pandas/core/indexes/base.py::2001,0.136734
pandas/core/indexes/base.py::524,0.136734
pandas/core/internals/blocks.py::1610,0.136734
pandas/core/internals/blocks.py::1611,0.136734
pandas/core/internals/blocks.py::1614,0.136734
pandas/core/internals/blocks.py::1619,0.136734
pandas/core/internals/blocks.py::1729,0.136734
pandas/core/internals/blocks.py::1730,0.136734
pandas/core/internals/blocks.py::1747,0.136734
pandas/core/internals/blocks.py::2888,0.136734
pandas/core/internals/blocks.py::2889,0.136734
pandas/core/internals/blocks.py::2890,0.136734
pandas/core/internals/blocks.py::2993,0.136734
pandas/core/dtypes/cast.py::525,0.136308
pandas/core/indexes/base.py::4182,0.136308
pandas/core/indexes/base.py::4183,0.136308
pandas/core/indexes/base.py::4184,0.136308
pandas/core/internals/blocks.py::366,0.136308
pandas/core/internals/construction.py::347,0.136308
pandas/core/internals/construction.py::350,0.136308
pandas/core/internals/construction.py::351,0.136308
pandas/core/internals/construction.py::352,0.136308
pandas/core/internals/construction.py::363,0.136308
pandas/core/internals/construction.py::364,0.136308
pandas/core/internals/construction.py::367,0.136308
pandas/core/internals/construction.py::372,0.136308
pandas/core/groupby/grouper.py::538,0.135886
pandas/core/groupby/grouper.py::539,0.135886
pandas/core/dtypes/common.py::1316,0.135468
pandas/core/dtypes/common.py::1319,0.135468
pandas/core/dtypes/common.py::1320,0.135468
pandas/core/dtypes/common.py::1321,0.135468
pandas/core/frame.py::440,0.135468
pandas/core/internals/construction.py::218,0.135468
pandas/core/internals/construction.py::254,0.135468
pandas/core/internals/construction.py::332,0.135468
pandas/core/internals/construction.py::333,0.135468
pandas/core/internals/construction.py::335,0.135468
pandas/core/internals/construction.py::336,0.135468
pandas/core/internals/construction.py::337,0.135468
pandas/core/internals/construction.py::339,0.135468
pandas/core/internals/construction.py::340,0.135468
pandas/core/internals/construction.py::341,0.135468
pandas/core/internals/construction.py::343,0.135468
pandas/core/internals/construction.py::344,0.135468
pandas/core/internals/construction.py::354,0.135468
pandas/core/internals/construction.py::357,0.135468
pandas/core/internals/construction.py::362,0.135468
pandas/core/internals/construction.py::382,0.135468
pandas/core/arrays/categorical.py::339,0.135054
pandas/core/arrays/categorical.py::340,0.135054
pandas/core/common.py::284,0.135054
pandas/core/common.py::286,0.135054
pandas/core/dtypes/common.py::1143,0.135054
pandas/core/indexes/base.py::523,0.135054
pandas/core/indexes/base.py::526,0.135054
pandas/core/indexes/base.py::527,0.135054
pandas/core/indexes/base.py::529,0.135054
pandas/core/internals/construction.py::301,0.135054
pandas/core/internals/construction.py::302,0.135054
pandas/core/internals/construction.py::304,0.135054
pandas/core/internals/construction.py::305,0.135054
pandas/core/internals/construction.py::313,0.135054
pandas/core/internals/construction.py::322,0.135054
pandas/core/internals/construction.py::323,0.135054
pandas/core/internals/construction.py::326,0.135054
pandas/core/internals/construction.py::328,0.135054
pandas/core/internals/construction.py::63,0.135054
pandas/core/internals/construction.py::69,0.135054
pandas/core/internals/construction.py::72,0.135054
pandas/core/internals/construction.py::74,0.135054
pandas/core/internals/managers.py::1636,0.135054
pandas/core/internals/managers.py::1637,0.135054
pandas/core/internals/managers.py::1638,0.135054
pandas/core/internals/managers.py::1639,0.135054
pandas/core/internals/managers.py::1640,0.135054
pandas/core/internals/managers.py::1670,0.135054
pandas/core/internals/managers.py::1671,0.135054
pandas/core/internals/managers.py::1673,0.135054
pandas/core/internals/managers.py::1674,0.135054
pandas/core/internals/managers.py::1675,0.135054
pandas/core/internals/managers.py::1680,0.135054
pandas/core/internals/managers.py::1681,0.135054
pandas/core/internals/managers.py::1685,0.135054
pandas/core/internals/managers.py::1686,0.135054
pandas/core/internals/managers.py::1688,0.135054
pandas/core/internals/managers.py::1689,0.135054
pandas/core/internals/managers.py::1691,0.135054
pandas/core/internals/managers.py::1692,0.135054
pandas/core/internals/managers.py::1696,0.135054
pandas/core/internals/managers.py::1700,0.135054
pandas/core/internals/managers.py::1704,0.135054
pandas/core/internals/managers.py::1708,0.135054
pandas/core/internals/managers.py::1712,0.135054
pandas/core/internals/managers.py::1719,0.135054
pandas/core/internals/managers.py::1723,0.135054
pandas/core/internals/managers.py::1727,0.135054
pandas/core/internals/managers.py::1734,0.135054
pandas/core/internals/managers.py::1743,0.135054
pandas/core/internals/managers.py::1751,0.135054
pandas/core/internals/managers.py::1761,0.135054
pandas/core/internals/managers.py::1798,0.135054
pandas/core/internals/managers.py::1799,0.135054
pandas/core/internals/managers.py::1804,0.135054
pandas/core/internals/managers.py::1805,0.135054
pandas/core/internals/managers.py::1810,0.135054
pandas/core/internals/managers.py::1812,0.135054
pandas/core/internals/managers.py::1813,0.135054
pandas/core/internals/managers.py::1815,0.135054
pandas/core/internals/managers.py::1816,0.135054
pandas/core/internals/managers.py::1817,0.135054
pandas/core/internals/managers.py::1819,0.135054
pandas/core/construction.py::475,0.134643
pandas/core/groupby/grouper.py::393,0.134643
pandas/core/groupby/grouper.py::395,0.134643
pandas/core/groupby/grouper.py::405,0.134643
pandas/core/groupby/grouper.py::407,0.134643
pandas/core/groupby/grouper.py::408,0.134643
pandas/core/groupby/grouper.py::578,0.134643
pandas/core/indexes/base.py::2911,0.134643
pandas/core/indexes/base.py::2912,0.134643
pandas/core/indexes/base.py::2917,0.134643
pandas/core/indexes/base.py::2918,0.134643
pandas/core/indexes/base.py::425,0.134643
pandas/core/indexes/base.py::428,0.134643
pandas/core/dtypes/inference.py::389,0.134256
pandas/core/dtypes/inference.py::390,0.134256
pandas/core/indexes/base.py::3981,0.134237
pandas/core/indexes/numeric.py::166,0.134237
pandas/core/internals/blocks.py::217,0.134237
pandas/core/internals/managers.py::1534,0.134237
pandas/core/series.py::527,0.134237
pandas/core/dtypes/dtypes.py::537,0.133833
pandas/core/frame.py::535,0.133833
pandas/core/frame.py::557,0.133833
pandas/core/generic.py::1760,0.133833
pandas/core/indexes/base.py::1210,0.133833
pandas/core/indexes/base.py::4340,0.133833
pandas/core/algorithms.py::1433,0.133434
pandas/core/algorithms.py::1434,0.133434
pandas/core/algorithms.py::1435,0.133434
pandas/core/algorithms.py::1436,0.133434
pandas/core/algorithms.py::1442,0.133434
pandas/core/algorithms.py::1443,0.133434
pandas/core/algorithms.py::1593,0.133434
pandas/core/algorithms.py::1595,0.133434
pandas/core/algorithms.py::1598,0.133434
pandas/core/algorithms.py::1599,0.133434
pandas/core/algorithms.py::1601,0.133434
pandas/core/algorithms.py::1605,0.133434
pandas/core/algorithms.py::1606,0.133434
pandas/core/algorithms.py::1612,0.133434
pandas/core/algorithms.py::1613,0.133434
pandas/core/algorithms.py::1627,0.133434
pandas/core/algorithms.py::1628,0.133434
pandas/core/algorithms.py::1632,0.133434
pandas/core/algorithms.py::1640,0.133434
pandas/core/algorithms.py::1641,0.133434
pandas/core/algorithms.py::1642,0.133434
pandas/core/algorithms.py::1643,0.133434
pandas/core/algorithms.py::1644,0.133434
pandas/core/algorithms.py::1649,0.133434
pandas/core/algorithms.py::1653,0.133434
pandas/core/algorithms.py::1654,0.133434
pandas/core/algorithms.py::1656,0.133434
pandas/core/algorithms.py::1658,0.133434
pandas/core/algorithms.py::1660,0.133434
pandas/core/arrays/categorical.py::330,0.133434
pandas/core/arrays/categorical.py::333,0.133434
pandas/core/arrays/categorical.py::336,0.133434
pandas/core/arrays/categorical.py::353,0.133434
pandas/core/arrays/categorical.py::387,0.133434
pandas/core/arrays/categorical.py::393,0.133434
pandas/core/arrays/categorical.py::394,0.133434
pandas/core/common.py::232,0.133434
pandas/core/dtypes/cast.py::363,0.133434
pandas/core/dtypes/cast.py::369,0.133434
pandas/core/dtypes/cast.py::387,0.133434
pandas/core/dtypes/cast.py::398,0.133434
pandas/core/dtypes/cast.py::417,0.133434
pandas/core/dtypes/cast.py::428,0.133434
pandas/core/dtypes/cast.py::431,0.133434
pandas/core/dtypes/cast.py::494,0.133434
pandas/core/dtypes/cast.py::496,0.133434
pandas/core/dtypes/cast.py::499,0.133434
pandas/core/dtypes/cast.py::500,0.133434
pandas/core/dtypes/cast.py::521,0.133434
pandas/core/dtypes/cast.py::523,0.133434
pandas/core/dtypes/common.py::1738,0.133434
pandas/core/dtypes/common.py::1739,0.133434
pandas/core/dtypes/inference.py::218,0.133434
pandas/core/frame.py::3071,0.133434
pandas/core/frame.py::3072,0.133434
pandas/core/frame.py::427,0.133434
pandas/core/frame.py::429,0.133434
pandas/core/frame.py::432,0.133434
pandas/core/frame.py::435,0.133434
pandas/core/frame.py::439,0.133434
pandas/core/frame.py::516,0.133434
pandas/core/frame.py::5865,0.133434
pandas/core/frame.py::5867,0.133434
pandas/core/frame.py::5869,0.133434
pandas/core/frame.py::5871,0.133434
pandas/core/frame.py::5872,0.133434
pandas/core/frame.py::5873,0.133434
pandas/core/frame.py::5874,0.133434
pandas/core/frame.py::5875,0.133434
pandas/core/frame.py::5876,0.133434
pandas/core/frame.py::5877,0.133434
pandas/core/frame.py::5878,0.133434
pandas/core/frame.py::5879,0.133434
pandas/core/frame.py::5880,0.133434
pandas/core/generic.py::3128,0.133434
pandas/core/generic.py::467,0.133434
pandas/core/generic.py::5126,0.133434
pandas/core/groupby/groupby.py::412,0.133434
pandas/core/groupby/groupby.py::413,0.133434
pandas/core/groupby/groupby.py::414,0.133434
pandas/core/groupby/groupby.py::415,0.133434
pandas/core/groupby/grouper.py::255,0.133434
pandas/core/groupby/grouper.py::256,0.133434
pandas/core/groupby/grouper.py::257,0.133434
pandas/core/groupby/grouper.py::258,0.133434
pandas/core/groupby/grouper.py::259,0.133434
pandas/core/groupby/grouper.py::260,0.133434
pandas/core/groupby/grouper.py::261,0.133434
pandas/core/groupby/grouper.py::262,0.133434
pandas/core/groupby/grouper.py::263,0.133434
pandas/core/groupby/grouper.py::266,0.133434
pandas/core/groupby/grouper.py::269,0.133434
pandas/core/groupby/grouper.py::275,0.133434
pandas/core/groupby/grouper.py::292,0.133434
pandas/core/groupby/grouper.py::304,0.133434
pandas/core/groupby/grouper.py::307,0.133434
pandas/core/groupby/grouper.py::311,0.133434
pandas/core/groupby/grouper.py::337,0.133434
pandas/core/groupby/grouper.py::341,0.133434
pandas/core/groupby/grouper.py::342,0.133434
pandas/core/groupby/grouper.py::362,0.133434
pandas/core/groupby/grouper.py::363,0.133434
pandas/core/groupby/grouper.py::365,0.133434
pandas/core/groupby/grouper.py::626,0.133434
pandas/core/groupby/grouper.py::630,0.133434
pandas/core/groupby/grouper.py::632,0.133434
pandas/core/groupby/grouper.py::634,0.133434
pandas/core/groupby/grouper.py::638,0.133434
pandas/core/groupby/grouper.py::639,0.133434
pandas/core/groupby/grouper.py::647,0.133434
pandas/core/groupby/grouper.py::649,0.133434
pandas/core/groupby/ops.py::101,0.133434
pandas/core/groupby/ops.py::89,0.133434
pandas/core/groupby/ops.py::91,0.133434
pandas/core/groupby/ops.py::92,0.133434
pandas/core/groupby/ops.py::93,0.133434
pandas/core/groupby/ops.py::94,0.133434
pandas/core/groupby/ops.py::95,0.133434
pandas/core/groupby/ops.py::96,0.133434
pandas/core/groupby/ops.py::97,0.133434
pandas/core/indexes/base.py::1380,0.133434
pandas/core/indexes/base.py::418,0.133434
pandas/core/indexes/base.py::420,0.133434
pandas/core/indexes/base.py::423,0.133434
pandas/core/indexes/base.py::437,0.133434
pandas/core/indexes/base.py::438,0.133434
pandas/core/indexes/base.py::5596,0.133434
pandas/core/indexes/base.py::5598,0.133434
pandas/core/internals/blocks.py::151,0.133434
pandas/core/internals/blocks.py::277,0.133434
pandas/core/internals/blocks.py::279,0.133434
pandas/core/internals/blocks.py::281,0.133434
pandas/core/internals/blocks.py::3034,0.133434
pandas/core/internals/blocks.py::337,0.133434
pandas/core/internals/blocks.py::345,0.133434
pandas/core/internals/blocks.py::348,0.133434
pandas/core/internals/blocks.py::349,0.133434
pandas/core/internals/managers.py::128,0.133434
pandas/core/internals/managers.py::129,0.133434
pandas/core/internals/managers.py::131,0.133434
pandas/core/internals/managers.py::132,0.133434
pandas/core/internals/managers.py::138,0.133434
pandas/core/internals/managers.py::139,0.133434
pandas/core/internals/managers.py::141,0.133434
pandas/core/internals/managers.py::143,0.133434
pandas/core/internals/managers.py::165,0.133434
pandas/core/internals/managers.py::169,0.133434
pandas/core/internals/managers.py::216,0.133434
pandas/core/internals/managers.py::217,0.133434
pandas/core/internals/managers.py::218,0.133434
pandas/core/internals/managers.py::219,0.133434
pandas/core/internals/managers.py::221,0.133434
pandas/core/internals/managers.py::222,0.133434
pandas/core/internals/managers.py::223,0.133434
pandas/core/internals/managers.py::224,0.133434
pandas/core/internals/managers.py::226,0.133434
pandas/core/internals/managers.py::229,0.133434
pandas/core/internals/managers.py::230,0.133434
pandas/core/internals/managers.py::292,0.133434
pandas/core/internals/managers.py::307,0.133434
pandas/core/internals/managers.py::308,0.133434
pandas/core/internals/managers.py::309,0.133434
pandas/core/internals/managers.py::310,0.133434
pandas/core/internals/managers.py::312,0.133434
pandas/core/internals/managers.py::630,0.133434
pandas/core/internals/managers.py::632,0.133434
pandas/core/internals/managers.py::635,0.133434
pandas/core/internals/managers.py::636,0.133434
pandas/core/internals/managers.py::637,0.133434
pandas/core/internals/managers.py::912,0.133434
pandas/core/internals/managers.py::951,0.133434
pandas/core/internals/managers.py::952,0.133434
pandas/core/internals/managers.py::955,0.133434
pandas/core/internals/managers.py::956,0.133434
pandas/core/internals/managers.py::957,0.133434
pandas/core/internals/managers.py::959,0.133434
pandas/core/internals/managers.py::960,0.133434
pandas/core/series.py::566,0.133434
pandas/core/common.py::169,0.133038
pandas/core/common.py::171,0.133038
pandas/core/common.py::192,0.133038
pandas/core/common.py::347,0.133038
pandas/core/common.py::350,0.133038
pandas/core/dtypes/common.py::195,0.133038
pandas/core/dtypes/common.py::197,0.133038
pandas/core/dtypes/common.py::198,0.133038
pandas/core/dtypes/common.py::199,0.133038
pandas/core/dtypes/common.py::202,0.133038
pandas/core/dtypes/common.py::293,0.133038
pandas/core/dtypes/common.py::295,0.133038
pandas/core/dtypes/common.py::296,0.133038
pandas/core/generic.py::205,0.133038
pandas/core/generic.py::215,0.133038
pandas/core/generic.py::216,0.133038
pandas/core/generic.py::217,0.133038
pandas/core/generic.py::218,0.133038
pandas/core/generic.py::219,0.133038
pandas/core/generic.py::222,0.133038
pandas/core/generic.py::372,0.133038
pandas/core/generic.py::373,0.133038
pandas/core/generic.py::374,0.133038
pandas/core/generic.py::375,0.133038
pandas/core/generic.py::385,0.133038
pandas/core/generic.py::386,0.133038
pandas/core/generic.py::390,0.133038
pandas/core/generic.py::391,0.133038
pandas/core/generic.py::397,0.133038
pandas/core/generic.py::398,0.133038
pandas/core/generic.py::5098,0.133038
pandas/core/generic.py::5102,0.133038
pandas/core/generic.py::5117,0.133038
pandas/core/generic.py::5118,0.133038
pandas/core/generic.py::5119,0.133038
pandas/core/generic.py::5120,0.133038
pandas/core/generic.py::5121,0.133038
pandas/core/generic.py::5125,0.133038
pandas/core/generic.py::5127,0.133038
pandas/core/generic.py::5128,0.133038
pandas/core/generic.py::5167,0.133038
pandas/core/generic.py::5168,0.133038
pandas/core/generic.py::5169,0.133038
pandas/core/generic.py::5171,0.133038
pandas/core/generic.py::5176,0.133038
pandas/core/generic.py::5177,0.133038
pandas/core/generic.py::5179,0.133038
pandas/core/groupby/groupby.py::378,0.133038
pandas/core/groupby/groupby.py::380,0.133038
pandas/core/groupby/groupby.py::381,0.133038
pandas/core/groupby/groupby.py::383,0.133038
pandas/core/groupby/groupby.py::385,0.133038
pandas/core/groupby/groupby.py::391,0.133038
pandas/core/groupby/groupby.py::392,0.133038
pandas/core/groupby/groupby.py::393,0.133038
pandas/core/groupby/groupby.py::394,0.133038
pandas/core/groupby/groupby.py::395,0.133038
pandas/core/groupby/groupby.py::396,0.133038
pandas/core/groupby/groupby.py::397,0.133038
pandas/core/groupby/groupby.py::399,0.133038
pandas/core/groupby/groupby.py::400,0.133038
pandas/core/groupby/groupby.py::402,0.133038
pandas/core/groupby/groupby.py::403,0.133038
pandas/core/groupby/groupby.py::404,0.133038
pandas/core/groupby/groupby.py::405,0.133038
pandas/core/groupby/groupby.py::406,0.133038
pandas/core/groupby/groupby.py::407,0.133038
pandas/core/groupby/groupby.py::408,0.133038
pandas/core/groupby/groupby.py::409,0.133038
pandas/core/groupby/grouper.py::459,0.133038
pandas/core/groupby/grouper.py::463,0.133038
pandas/core/groupby/grouper.py::509,0.133038
pandas/core/groupby/grouper.py::517,0.133038
pandas/core/groupby/grouper.py::520,0.133038
pandas/core/groupby/grouper.py::528,0.133038
pandas/core/groupby/grouper.py::529,0.133038
pandas/core/groupby/grouper.py::530,0.133038
pandas/core/groupby/grouper.py::531,0.133038
pandas/core/groupby/grouper.py::536,0.133038
pandas/core/groupby/grouper.py::537,0.133038
pandas/core/groupby/grouper.py::553,0.133038
pandas/core/groupby/grouper.py::558,0.133038
pandas/core/groupby/grouper.py::560,0.133038
pandas/core/groupby/grouper.py::561,0.133038
pandas/core/groupby/grouper.py::564,0.133038
pandas/core/groupby/grouper.py::565,0.133038
pandas/core/groupby/grouper.py::576,0.133038
pandas/core/groupby/grouper.py::577,0.133038
pandas/core/groupby/grouper.py::584,0.133038
pandas/core/groupby/grouper.py::586,0.133038
pandas/core/groupby/grouper.py::590,0.133038
pandas/core/groupby/grouper.py::607,0.133038
pandas/core/groupby/grouper.py::643,0.133038
pandas/core/indexes/base.py::1176,0.133038
pandas/core/indexes/base.py::1180,0.133038
pandas/core/indexes/base.py::1186,0.133038
pandas/core/indexes/base.py::1187,0.133038
pandas/core/indexes/base.py::2049,0.133038
pandas/core/indexes/base.py::4207,0.133038
pandas/core/indexes/base.py::4208,0.133038
pandas/core/indexes/base.py::4210,0.133038
pandas/core/indexes/base.py::4211,0.133038
pandas/core/indexes/base.py::4212,0.133038
pandas/core/indexes/base.py::504,0.133038
pandas/core/indexes/base.py::5595,0.133038
pandas/core/indexes/base.py::5658,0.133038
pandas/core/indexes/base.py::5660,0.133038
pandas/core/indexes/numeric.py::91,0.133038
pandas/core/indexes/numeric.py::92,0.133038
pandas/core/indexes/range.py::102,0.133038
pandas/core/indexes/range.py::104,0.133038
pandas/core/indexes/range.py::107,0.133038
pandas/core/indexes/range.py::109,0.133038
pandas/core/indexes/range.py::110,0.133038
pandas/core/indexes/range.py::113,0.133038
pandas/core/indexes/range.py::114,0.133038
pandas/core/indexes/range.py::136,0.133038
pandas/core/indexes/range.py::138,0.133038
pandas/core/indexes/range.py::140,0.133038
pandas/core/indexes/range.py::141,0.133038
pandas/core/indexes/range.py::143,0.133038
pandas/core/indexes/range.py::144,0.133038
pandas/core/indexes/range.py::679,0.133038
pandas/core/indexes/range.py::90,0.133038
pandas/core/indexes/range.py::91,0.133038
pandas/core/indexes/range.py::94,0.133038
pandas/core/indexes/range.py::99,0.133038
pandas/core/internals/blocks.py::119,0.133038
pandas/core/internals/blocks.py::120,0.133038
pandas/core/internals/blocks.py::121,0.133038
pandas/core/internals/blocks.py::123,0.133038
pandas/core/internals/blocks.py::150,0.133038
pandas/core/internals/blocks.py::153,0.133038
pandas/core/internals/blocks.py::158,0.133038
pandas/core/internals/blocks.py::249,0.133038
pandas/core/internals/blocks.py::253,0.133038
pandas/core/internals/blocks.py::254,0.133038
pandas/core/internals/blocks.py::256,0.133038
pandas/core/internals/blocks.py::2986,0.133038
pandas/core/internals/blocks.py::2987,0.133038
pandas/core/internals/blocks.py::2989,0.133038
pandas/core/internals/blocks.py::2992,0.133038
pandas/core/internals/blocks.py::2994,0.133038
pandas/core/internals/blocks.py::2997,0.133038
pandas/core/internals/blocks.py::2999,0.133038
pandas/core/internals/blocks.py::3001,0.133038
pandas/core/internals/blocks.py::3003,0.133038
pandas/core/internals/blocks.py::3016,0.133038
pandas/core/internals/blocks.py::3022,0.133038
pandas/core/internals/blocks.py::3027,0.133038
pandas/core/internals/blocks.py::3030,0.133038
pandas/core/internals/blocks.py::3031,0.133038
pandas/core/internals/blocks.py::3032,0.133038
pandas/core/internals/blocks.py::3039,0.133038
pandas/core/internals/blocks.py::341,0.133038
pandas/core/internals/managers.py::1440,0.133038
pandas/core/internals/managers.py::1448,0.133038
pandas/core/internals/managers.py::1449,0.133038
pandas/core/internals/managers.py::1450,0.133038
pandas/core/internals/managers.py::1478,0.133038
pandas/core/internals/managers.py::1481,0.133038
pandas/core/internals/managers.py::1488,0.133038
pandas/core/internals/managers.py::1516,0.133038
pandas/core/internals/managers.py::234,0.133038
pandas/core/internals/managers.py::903,0.133038
pandas/core/internals/managers.py::904,0.133038
pandas/core/series.py::207,0.133038
pandas/core/series.py::210,0.133038
pandas/core/series.py::212,0.133038
pandas/core/series.py::214,0.133038
pandas/core/series.py::328,0.133038
pandas/core/series.py::329,0.133038
pandas/core/series.py::330,0.133038
pandas/core/series.py::400,0.133038
pandas/core/series.py::403,0.133038
pandas/core/series.py::404,0.133038
pandas/core/series.py::416,0.133038
pandas/core/series.py::417,0.133038
pandas/core/series.py::430,0.133038
pandas/core/series.py::441,0.133038
pandas/core/series.py::445,0.133038
pandas/core/series.py::447,0.133038
pandas/core/algorithms.py::242,0.132646
pandas/core/algorithms.py::245,0.132646
pandas/core/algorithms.py::246,0.132646
pandas/core/algorithms.py::250,0.132646
pandas/core/algorithms.py::252,0.132646
pandas/core/algorithms.py::253,0.132646
pandas/core/algorithms.py::255,0.132646
pandas/core/algorithms.py::271,0.132646
pandas/core/algorithms.py::272,0.132646
pandas/core/algorithms.py::279,0.132646
pandas/core/algorithms.py::89,0.132646
pandas/core/algorithms.py::91,0.132646
pandas/core/arrays/categorical.py::425,0.132646
pandas/core/construction.py::437,0.132646
pandas/core/construction.py::440,0.132646
pandas/core/construction.py::442,0.132646
pandas/core/dtypes/cast.py::1130,0.132646
pandas/core/dtypes/cast.py::1131,0.132646
pandas/core/dtypes/cast.py::1134,0.132646
pandas/core/dtypes/cast.py::1138,0.132646
pandas/core/dtypes/cast.py::1140,0.132646
pandas/core/dtypes/cast.py::1142,0.132646
pandas/core/dtypes/cast.py::1145,0.132646
pandas/core/dtypes/cast.py::1146,0.132646
pandas/core/dtypes/cast.py::1346,0.132646
pandas/core/dtypes/cast.py::73,0.132646
pandas/core/dtypes/cast.py::74,0.132646
pandas/core/dtypes/cast.py::75,0.132646
pandas/core/dtypes/cast.py::76,0.132646
pandas/core/dtypes/cast.py::761,0.132646
pandas/core/dtypes/cast.py::78,0.132646
pandas/core/dtypes/cast.py::80,0.132646
pandas/core/dtypes/common.py::1397,0.132646
pandas/core/dtypes/common.py::611,0.132646
pandas/core/dtypes/common.py::612,0.132646
pandas/core/dtypes/dtypes.py::405,0.132646
pandas/core/dtypes/dtypes.py::407,0.132646
pandas/core/dtypes/missing.py::247,0.132646
pandas/core/dtypes/missing.py::249,0.132646
pandas/core/dtypes/missing.py::254,0.132646
pandas/core/dtypes/missing.py::255,0.132646
pandas/core/dtypes/missing.py::256,0.132646
pandas/core/arrays/categorical.py::1872,0.132257
pandas/core/arrays/categorical.py::316,0.132257
pandas/core/arrays/categorical.py::317,0.132257
pandas/core/arrays/categorical.py::323,0.132257
pandas/core/arrays/categorical.py::324,0.132257
pandas/core/arrays/categorical.py::325,0.132257
pandas/core/arrays/categorical.py::326,0.132257
pandas/core/arrays/categorical.py::451,0.132257
pandas/core/arrays/categorical.py::637,0.132257
pandas/core/arrays/categorical.py::638,0.132257
pandas/core/arrays/categorical.py::640,0.132257
pandas/core/arrays/categorical.py::647,0.132257
pandas/core/arrays/categorical.py::648,0.132257
pandas/core/arrays/categorical.py::651,0.132257
pandas/core/arrays/categorical.py::654,0.132257
pandas/core/common.py::226,0.132257
pandas/core/common.py::228,0.132257
pandas/core/common.py::231,0.132257
pandas/core/common.py::234,0.132257
pandas/core/common.py::236,0.132257
pandas/core/common.py::239,0.132257
pandas/core/common.py::244,0.132257
pandas/core/construction.py::395,0.132257
pandas/core/construction.py::398,0.132257
pandas/core/construction.py::408,0.132257
pandas/core/construction.py::411,0.132257
pandas/core/construction.py::426,0.132257
pandas/core/construction.py::436,0.132257
pandas/core/construction.py::452,0.132257
pandas/core/construction.py::471,0.132257
pandas/core/construction.py::472,0.132257
pandas/core/construction.py::486,0.132257
pandas/core/construction.py::489,0.132257
pandas/core/construction.py::498,0.132257
pandas/core/construction.py::503,0.132257
pandas/core/dtypes/base.py::282,0.132257
pandas/core/dtypes/cast.py::1222,0.132257
pandas/core/dtypes/cast.py::1223,0.132257
pandas/core/dtypes/cast.py::1225,0.132257
pandas/core/dtypes/cast.py::1324,0.132257
pandas/core/dtypes/cast.py::1328,0.132257
pandas/core/dtypes/cast.py::1341,0.132257
pandas/core/dtypes/cast.py::1343,0.132257
pandas/core/dtypes/cast.py::1348,0.132257
pandas/core/dtypes/cast.py::759,0.132257
pandas/core/dtypes/cast.py::760,0.132257
pandas/core/dtypes/common.py::1662,0.132257
pandas/core/dtypes/common.py::1664,0.132257
pandas/core/dtypes/common.py::1665,0.132257
pandas/core/dtypes/common.py::1668,0.132257
pandas/core/dtypes/common.py::604,0.132257
pandas/core/dtypes/common.py::605,0.132257
pandas/core/dtypes/common.py::607,0.132257
pandas/core/dtypes/common.py::614,0.132257
pandas/core/dtypes/dtypes.py::222,0.132257
pandas/core/dtypes/dtypes.py::307,0.132257
pandas/core/dtypes/dtypes.py::309,0.132257
pandas/core/dtypes/dtypes.py::311,0.132257
pandas/core/dtypes/dtypes.py::316,0.132257
pandas/core/dtypes/dtypes.py::320,0.132257
pandas/core/dtypes/dtypes.py::330,0.132257
pandas/core/dtypes/dtypes.py::332,0.132257
pandas/core/dtypes/dtypes.py::365,0.132257
pandas/core/dtypes/dtypes.py::366,0.132257
pandas/core/dtypes/dtypes.py::368,0.132257
pandas/core/dtypes/dtypes.py::369,0.132257
pandas/core/dtypes/dtypes.py::371,0.132257
pandas/core/dtypes/dtypes.py::372,0.132257
pandas/core/dtypes/dtypes.py::512,0.132257
pandas/core/dtypes/dtypes.py::530,0.132257
pandas/core/dtypes/dtypes.py::532,0.132257
pandas/core/dtypes/dtypes.py::536,0.132257
pandas/core/dtypes/dtypes.py::539,0.132257
pandas/core/dtypes/dtypes.py::541,0.132257
pandas/core/dtypes/dtypes.py::544,0.132257
pandas/core/dtypes/dtypes.py::547,0.132257
pandas/core/dtypes/dtypes.py::550,0.132257
pandas/core/dtypes/dtypes.py::567,0.132257
pandas/core/dtypes/dtypes.py::570,0.132257
pandas/core/dtypes/dtypes.py::577,0.132257
pandas/core/dtypes/dtypes.py::581,0.132257
pandas/core/dtypes/dtypes.py::583,0.132257
pandas/core/dtypes/dtypes.py::585,0.132257
pandas/core/dtypes/dtypes.py::592,0.132257
pandas/core/dtypes/dtypes.py::599,0.132257
pandas/core/dtypes/missing.py::137,0.132257
pandas/core/dtypes/missing.py::139,0.132257
pandas/core/dtypes/missing.py::141,0.132257
pandas/core/dtypes/missing.py::142,0.132257
pandas/core/dtypes/missing.py::144,0.132257
pandas/core/dtypes/missing.py::145,0.132257
pandas/core/dtypes/missing.py::146,0.132257
pandas/core/dtypes/missing.py::147,0.132257
pandas/core/dtypes/missing.py::148,0.132257
pandas/core/dtypes/missing.py::149,0.132257
pandas/core/dtypes/missing.py::152,0.132257
pandas/core/dtypes/missing.py::226,0.132257
pandas/core/dtypes/missing.py::228,0.132257
pandas/core/dtypes/missing.py::231,0.132257
pandas/core/dtypes/missing.py::235,0.132257
pandas/core/dtypes/missing.py::237,0.132257
pandas/core/dtypes/missing.py::243,0.132257
pandas/core/dtypes/missing.py::245,0.132257
pandas/core/dtypes/missing.py::265,0.132257
pandas/core/dtypes/missing.py::268,0.132257
pandas/core/indexes/base.py::384,0.132257
pandas/core/indexes/base.py::385,0.132257
pandas/core/indexes/base.py::394,0.132257
pandas/core/indexes/base.py::397,0.132257
pandas/core/indexes/base.py::401,0.132257
pandas/core/indexes/base.py::404,0.132257
pandas/core/indexes/base.py::405,0.132257
pandas/core/indexes/base.py::406,0.132257
pandas/core/indexes/base.py::407,0.132257
pandas/core/indexes/base.py::408,0.132257
pandas/core/indexes/base.py::411,0.132257
pandas/core/indexes/base.py::413,0.132257
pandas/core/indexes/base.py::416,0.132257
pandas/core/indexes/base.py::4339,0.132257
pandas/core/indexes/base.py::5699,0.132257
pandas/core/indexes/base.py::5721,0.132257
pandas/core/indexes/base.py::5728,0.132257
pandas/core/indexes/base.py::5730,0.132257
pandas/core/indexes/base.py::5748,0.132257
pandas/core/indexes/base.py::5755,0.132257
pandas/core/indexes/base.py::5757,0.132257
pandas/core/indexes/base.py::5766,0.132257
pandas/core/indexes/base.py::5770,0.132257
pandas/core/indexes/base.py::5777,0.132257
pandas/core/indexes/base.py::578,0.132257
pandas/core/indexes/base.py::5780,0.132257
pandas/core/indexes/base.py::5801,0.132257
pandas/core/base.py::879,0.131871
pandas/core/base.py::884,0.131871
pandas/core/construction.py::379,0.131871
pandas/core/construction.py::382,0.131871
pandas/core/construction.py::385,0.131871
pandas/core/dtypes/base.py::271,0.131871
pandas/core/dtypes/base.py::273,0.131871
pandas/core/dtypes/base.py::278,0.131871
pandas/core/dtypes/base.py::279,0.131871
pandas/core/dtypes/base.py::281,0.131871
pandas/core/dtypes/base.py::283,0.131871
pandas/core/dtypes/base.py::288,0.131871
pandas/core/dtypes/cast.py::1487,0.131871
pandas/core/dtypes/cast.py::1488,0.131871
pandas/core/dtypes/cast.py::1489,0.131871
pandas/core/dtypes/common.py::1021,0.131871
pandas/core/dtypes/common.py::1022,0.131871
pandas/core/dtypes/common.py::1023,0.131871
pandas/core/dtypes/common.py::1431,0.131871
pandas/core/dtypes/common.py::1474,0.131871
pandas/core/dtypes/common.py::1476,0.131871
pandas/core/dtypes/common.py::1477,0.131871
pandas/core/dtypes/common.py::1481,0.131871
pandas/core/dtypes/common.py::1485,0.131871
pandas/core/dtypes/common.py::1492,0.131871
pandas/core/dtypes/common.py::1496,0.131871
pandas/core/dtypes/common.py::1609,0.131871
pandas/core/dtypes/common.py::1610,0.131871
pandas/core/dtypes/common.py::1691,0.131871
pandas/core/dtypes/common.py::1695,0.131871
pandas/core/dtypes/common.py::1696,0.131871
pandas/core/dtypes/common.py::1697,0.131871
pandas/core/dtypes/common.py::1701,0.131871
pandas/core/dtypes/common.py::1702,0.131871
pandas/core/dtypes/common.py::1704,0.131871
pandas/core/dtypes/common.py::1722,0.131871
pandas/core/dtypes/common.py::1723,0.131871
pandas/core/dtypes/common.py::1726,0.131871
pandas/core/dtypes/common.py::1727,0.131871
pandas/core/dtypes/common.py::1728,0.131871
pandas/core/dtypes/common.py::1734,0.131871
pandas/core/dtypes/common.py::1735,0.131871
pandas/core/dtypes/common.py::1741,0.131871
pandas/core/dtypes/common.py::1742,0.131871
pandas/core/dtypes/common.py::1749,0.131871
pandas/core/dtypes/common.py::1860,0.131871
pandas/core/dtypes/common.py::1862,0.131871
pandas/core/dtypes/common.py::1863,0.131871
pandas/core/dtypes/common.py::207,0.131871
pandas/core/dtypes/common.py::215,0.131871
pandas/core/dtypes/common.py::216,0.131871
pandas/core/dtypes/common.py::217,0.131871
pandas/core/dtypes/common.py::248,0.131871
pandas/core/dtypes/common.py::368,0.131871
pandas/core/dtypes/common.py::399,0.131871
pandas/core/dtypes/common.py::435,0.131871
pandas/core/dtypes/common.py::437,0.131871
pandas/core/dtypes/common.py::468,0.131871
pandas/core/dtypes/common.py::500,0.131871
pandas/core/dtypes/common.py::501,0.131871
pandas/core/dtypes/common.py::502,0.131871
pandas/core/dtypes/common.py::536,0.131871
pandas/core/dtypes/common.py::537,0.131871
pandas/core/dtypes/common.py::538,0.131871
pandas/core/dtypes/common.py::569,0.131871
pandas/core/dtypes/common.py::570,0.131871
pandas/core/dtypes/common.py::571,0.131871
pandas/core/dtypes/common.py::712,0.131871
pandas/core/dtypes/common.py::713,0.131871
pandas/core/dtypes/common.py::714,0.131871
pandas/core/dtypes/common.py::715,0.131871
pandas/core/dtypes/common.py::826,0.131871
pandas/core/dtypes/common.py::883,0.131871
pandas/core/dtypes/common.py::930,0.131871
pandas/core/dtypes/common.py::931,0.131871
pandas/core/dtypes/dtypes.py::1130,0.131871
pandas/core/dtypes/dtypes.py::1141,0.131871
pandas/core/dtypes/dtypes.py::87,0.131871
pandas/core/dtypes/dtypes.py::88,0.131871
pandas/core/dtypes/dtypes.py::89,0.131871
pandas/core/dtypes/dtypes.py::90,0.131871
pandas/core/dtypes/dtypes.py::91,0.131871
pandas/core/dtypes/dtypes.py::923,0.131871
pandas/core/dtypes/dtypes.py::936,0.131871
pandas/core/dtypes/dtypes.py::94,0.131871
pandas/core/dtypes/generic.py::12,0.131871
pandas/core/dtypes/inference.py::355,0.131871
pandas/core/dtypes/inference.py::356,0.131871
pandas/core/dtypes/inference.py::360,0.131871
pandas/core/dtypes/missing.py::126,0.131871
pandas/core/dtypes/missing.py::134,0.131871
pandas/core/dtypes/missing.py::135,0.131871
pandas/core/indexes/base.py::1653,0.131871
pandas/core/indexes/base.py::279,0.131871
pandas/core/indexes/base.py::281,0.131871
pandas/core/indexes/base.py::283,0.131871
pandas/core/indexes/base.py::288,0.131871
pandas/core/indexes/base.py::290,0.131871
pandas/core/indexes/base.py::294,0.131871
pandas/core/indexes/base.py::301,0.131871
pandas/core/indexes/base.py::315,0.131871
pandas/core/indexes/base.py::316,0.131871
pandas/core/indexes/base.py::317,0.131871
pandas/core/indexes/base.py::335,0.131871
pandas/core/indexes/base.py::348,0.131871
pandas/core/indexes/base.py::357,0.131871
pandas/core/indexes/base.py::370,0.131871
pandas/core/indexes/base.py::372,0.131871
pandas/core/indexes/base.py::378,0.131871
pandas/core/indexes/base.py::388,0.131871
pandas/core/indexes/base.py::390,0.131871
pandas/core/indexes/base.py::392,0.131871
pandas/core/indexes/base.py::3940,0.131871
pandas/core/indexes/base.py::479,0.131871
pandas/core/indexes/base.py::481,0.131871
pandas/core/indexes/base.py::482,0.131871
pandas/core/indexes/base.py::488,0.131871
pandas/core/indexes/base.py::489,0.131871
pandas/core/indexes/base.py::491,0.131871
pandas/core/indexes/base.py::5667,0.131871
pandas/core/indexes/base.py::5673,0.131871
pandas/core/indexes/base.py::5676,0.131871
pandas/core/indexes/base.py::584,0.131871
pandas/core/indexes/base.py::585,0.131871
pandas/core/indexes/base.py::596,0.131871
pandas/core/indexes/base.py::597,0.131871
pandas/core/indexes/base.py::607,0.131871
pandas/core/indexes/base.py::631,0.131871
pandas/_config/config.py::100,0.130734
pandas/_config/config.py::102,0.130734
pandas/_config/config.py::104,0.130734
pandas/_config/config.py::105,0.130734
pandas/_config/config.py::107,0.130734
pandas/_config/config.py::109,0.130734
pandas/_config/config.py::122,0.130734
pandas/_config/config.py::123,0.130734
pandas/_config/config.py::127,0.130734
pandas/_config/config.py::129,0.130734
pandas/_config/config.py::133,0.130734
pandas/_config/config.py::134,0.130734
pandas/_config/config.py::136,0.130734
pandas/_config/config.py::137,0.130734
pandas/_config/config.py::138,0.130734
pandas/_config/config.py::141,0.130734
pandas/_config/config.py::142,0.130734
pandas/_config/config.py::144,0.130734
pandas/_config/config.py::243,0.130734
pandas/_config/config.py::557,0.130734
pandas/_config/config.py::561,0.130734
pandas/_config/config.py::562,0.130734
pandas/_config/config.py::565,0.130734
pandas/_config/config.py::569,0.130734
pandas/_config/config.py::570,0.130734
pandas/_config/config.py::571,0.130734
pandas/_config/config.py::572,0.130734
pandas/_config/config.py::573,0.130734
pandas/_config/config.py::592,0.130734
pandas/_config/config.py::593,0.130734
pandas/_config/config.py::594,0.130734
pandas/_config/config.py::595,0.130734
pandas/_config/config.py::608,0.130734
pandas/_config/config.py::617,0.130734
pandas/_config/config.py::618,0.130734
pandas/_config/config.py::621,0.130734
pandas/_config/config.py::633,0.130734
pandas/_config/config.py::634,0.130734
pandas/_config/config.py::649,0.130734
pandas/_config/config.py::826,0.130734
pandas/_config/config.py::95,0.130734
pandas/_config/config.py::96,0.130734
pandas/conftest.py::50,0.130734
pandas/conftest.py::53,0.130734
pandas/conftest.py::56,0.130734
pandas/conftest.py::59,0.130734
pandas/conftest.py::62,0.130734
pandas/conftest.py::73,0.130734
pandas/conftest.py::81,0.130734
pandas/conftest.py::82,0.130734
pandas/core/indexes/range.py::690,0.130722
pandas/core/indexes/range.py::691,0.130722
pandas/core/algorithms.py::1549,0.112056
pandas/core/algorithms.py::1550,0.112056
pandas/core/algorithms.py::1551,0.112056
pandas/core/indexers.py::157,0.112056
pandas/core/indexers.py::158,0.112056
pandas/core/indexers.py::159,0.112056
pandas/core/indexers.py::163,0.112056
pandas/core/indexers.py::164,0.112056
pandas/core/indexes/range.py::689,0.107931
pandas/core/indexes/base.py::3376,0.106640
pandas/core/internals/managers.py::1216,0.106640
pandas/core/generic.py::4435,0.106185
pandas/core/generic.py::377,0.105737
pandas/core/generic.py::378,0.105737
pandas/core/generic.py::4370,0.105294
pandas/core/generic.py::4374,0.105294
pandas/core/generic.py::4375,0.105294
pandas/core/generic.py::4376,0.105294
pandas/core/generic.py::4425,0.104857
pandas/core/generic.py::4426,0.104857
pandas/core/generic.py::4427,0.104857
pandas/core/generic.py::4428,0.104857
pandas/core/generic.py::4430,0.104857
pandas/core/generic.py::4433,0.104857
pandas/core/generic.py::4434,0.104857
pandas/core/generic.py::4438,0.104857
pandas/core/generic.py::4439,0.104857
pandas/core/generic.py::4440,0.104857
pandas/core/generic.py::4441,0.104857
pandas/core/generic.py::4442,0.104857
pandas/core/generic.py::4443,0.104857
pandas/core/generic.py::4444,0.104857
pandas/core/generic.py::4447,0.104857
pandas/core/generic.py::4450,0.104857
pandas/core/internals/managers.py::1222,0.104857
pandas/core/internals/managers.py::1250,0.104857
pandas/core/internals/managers.py::1252,0.104857
pandas/core/internals/managers.py::1253,0.104857
pandas/core/internals/managers.py::1256,0.104857
pandas/core/internals/managers.py::1938,0.104857
pandas/core/internals/managers.py::1945,0.104857
pandas/core/internals/managers.py::1949,0.104857
pandas/core/internals/managers.py::1950,0.104857
pandas/core/internals/managers.py::1952,0.104857
pandas/core/internals/managers.py::1203,0.103160
pandas/core/internals/managers.py::1212,0.103160
pandas/core/internals/managers.py::1215,0.103160
pandas/core/internals/managers.py::1218,0.103160
pandas/core/internals/managers.py::1221,0.103160
pandas/core/internals/managers.py::1235,0.103160
pandas/core/internals/managers.py::1236,0.103160
pandas/core/internals/managers.py::1237,0.103160
pandas/core/indexes/base.py::2919,0.092790
pandas/core/generic.py::1535,0.091443
pandas/core/generic.py::1536,0.091443
pandas/core/generic.py::1539,0.091443
pandas/core/generic.py::1540,0.091443
pandas/core/generic.py::1541,0.091443
pandas/core/groupby/grouper.py::573,0.091443
pandas/core/groupby/grouper.py::591,0.091443
pandas/core/groupby/grouper.py::592,0.091443
pandas/core/groupby/grouper.py::593,0.091443
pandas/core/groupby/grouper.py::594,0.091443
pandas/core/groupby/grouper.py::595,0.091443
pandas/core/frame.py::2770,0.091156
pandas/core/frame.py::2772,0.091156
pandas/core/groupby/grouper.py::650,0.091156
pandas/core/groupby/grouper.py::651,0.091156
pandas/core/frame.py::3061,0.090591
pandas/core/frame.py::3062,0.090591
pandas/core/frame.py::3065,0.090591
pandas/core/generic.py::3480,0.090591
pandas/core/generic.py::3481,0.090591
pandas/core/generic.py::3482,0.090591
pandas/core/generic.py::3483,0.090591
pandas/core/generic.py::3484,0.090591
pandas/core/generic.py::3485,0.090591
pandas/core/generic.py::3486,0.090591
pandas/core/generic.py::3489,0.090591
pandas/core/generic.py::3490,0.090591
pandas/core/internals/managers.py::922,0.090591
pandas/core/internals/managers.py::924,0.090591
pandas/core/internals/managers.py::925,0.090591
pandas/core/internals/managers.py::936,0.090591
pandas/core/frame.py::2769,0.090312
pandas/core/frame.py::2764,0.089762
pandas/core/frame.py::2765,0.089762
pandas/core/frame.py::2767,0.089762
pandas/core/arrays/categorical.py::444,0.089491
pandas/core/dtypes/missing.py::376,0.089361
pandas/core/dtypes/missing.py::377,0.089361
pandas/core/dtypes/missing.py::379,0.089361
pandas/core/arrays/categorical.py::665,0.088692
pandas/core/arrays/categorical.py::666,0.088692
pandas/core/arrays/categorical.py::667,0.088692
pandas/core/indexes/range.py::170,0.070565
pandas/core/indexes/range.py::393,0.070565
pandas/core/indexes/range.py::394,0.070565
pandas/core/indexes/base.py::773,0.068053
pandas/core/indexes/range.py::162,0.065791
pandas/core/indexes/range.py::163,0.065791
pandas/core/indexes/range.py::164,0.065791
pandas/core/indexes/range.py::166,0.065791
pandas/core/indexes/range.py::214,0.065791
pandas/core/indexes/range.py::236,0.065791
pandas/core/indexes/range.py::260,0.065791
pandas/core/indexes/base.py::613,0.055765
pandas/core/groupby/grouper.py::524,0.053093
pandas/core/groupby/grouper.py::525,0.053093
pandas/core/arrays/categorical.py::1482,0.052868
pandas/core/arrays/categorical.py::1281,0.049445
pandas/core/arrays/categorical.py::1286,0.049445
pandas/core/arrays/categorical.py::1278,0.049263
pandas/core/arrays/categorical.py::1279,0.049263
pandas/core/algorithms.py::278,0.045866
pandas/core/construction.py::499,0.045578
pandas/core/construction.py::500,0.045578
pandas/core/dtypes/cast.py::1197,0.045436
pandas/core/dtypes/cast.py::1199,0.045436
pandas/core/indexes/base.py::2029,0.045295
pandas/core/indexes/base.py::2030,0.045295
pandas/core/dtypes/cast.py::1148,0.045156
pandas/core/dtypes/cast.py::1149,0.045156
pandas/core/dtypes/cast.py::1152,0.045156
pandas/core/dtypes/cast.py::1155,0.045156
pandas/core/dtypes/cast.py::1180,0.045156
pandas/core/dtypes/cast.py::1191,0.045156
pandas/core/dtypes/cast.py::1193,0.045156
pandas/core/dtypes/cast.py::1195,0.045156
pandas/core/dtypes/cast.py::1215,0.045156
pandas/core/algorithms.py::277,0.045018
pandas/core/algorithms.py::92,0.045018
pandas/core/indexes/base.py::2050,0.045018
