Entity,Score
lib/matplotlib/artist.py::569,0.909091
lib/matplotlib/artist.py::685,0.909091
lib/matplotlib/axes/_axes.py::5515,0.909091
lib/matplotlib/axes/_axes.py::5516,0.909091
lib/matplotlib/axes/_axes.py::5517,0.909091
lib/matplotlib/axes/_axes.py::5518,0.909091
lib/matplotlib/axes/_axes.py::5519,0.909091
lib/matplotlib/axes/_axes.py::5520,0.909091
lib/matplotlib/axes/_axes.py::5522,0.909091
lib/matplotlib/axes/_axes.py::5523,0.909091
lib/matplotlib/axes/_axes.py::5524,0.909091
lib/matplotlib/axes/_axes.py::5526,0.909091
lib/matplotlib/axes/_axes.py::5527,0.909091
lib/matplotlib/axes/_axes.py::5528,0.909091
lib/matplotlib/axes/_axes.py::5532,0.909091
lib/matplotlib/axes/_axes.py::5534,0.909091
lib/matplotlib/axes/_axes.py::5535,0.909091
lib/matplotlib/axes/_base.py::1339,0.909091
lib/matplotlib/axes/_base.py::1340,0.909091
lib/matplotlib/axes/_base.py::1341,0.909091
lib/matplotlib/axes/_base.py::1342,0.909091
lib/matplotlib/axes/_base.py::1344,0.909091
lib/matplotlib/axes/_base.py::1348,0.909091
lib/matplotlib/axes/_base.py::1350,0.909091
lib/matplotlib/axes/_base.py::1351,0.909091
lib/matplotlib/axes/_base.py::1353,0.909091
lib/matplotlib/axes/_base.py::1354,0.909091
lib/matplotlib/axes/_base.py::1355,0.909091
lib/matplotlib/axes/_base.py::1357,0.909091
lib/matplotlib/axes/_base.py::1359,0.909091
lib/matplotlib/axes/_base.py::1405,0.909091
lib/matplotlib/axes/_base.py::1406,0.909091
lib/matplotlib/axes/_base.py::1410,0.909091
lib/matplotlib/axes/_base.py::1411,0.909091
lib/matplotlib/axes/_base.py::1419,0.909091
lib/matplotlib/axes/_base.py::1420,0.909091
lib/matplotlib/axes/_base.py::1421,0.909091
lib/matplotlib/axes/_base.py::1483,0.909091
lib/matplotlib/axes/_base.py::1548,0.909091
lib/matplotlib/axes/_base.py::1549,0.909091
lib/matplotlib/axes/_base.py::1550,0.909091
lib/matplotlib/axes/_base.py::1551,0.909091
lib/matplotlib/axes/_base.py::1552,0.909091
lib/matplotlib/axes/_base.py::1603,0.909091
lib/matplotlib/axes/_base.py::1604,0.909091
lib/matplotlib/axes/_base.py::1606,0.909091
lib/matplotlib/axes/_base.py::1607,0.909091
lib/matplotlib/axes/_base.py::1610,0.909091
lib/matplotlib/axes/_base.py::1611,0.909091
lib/matplotlib/axes/_base.py::1612,0.909091
lib/matplotlib/axes/_base.py::1613,0.909091
lib/matplotlib/axes/_base.py::1614,0.909091
lib/matplotlib/axes/_base.py::1836,0.909091
lib/matplotlib/axes/_base.py::1840,0.909091
lib/matplotlib/axes/_base.py::3430,0.909091
lib/matplotlib/axes/_base.py::483,0.909091
lib/matplotlib/backends/backend_agg.py::294,0.909091
lib/matplotlib/backends/backend_agg.py::419,0.909091
lib/matplotlib/backends/backend_agg.py::420,0.909091
lib/matplotlib/cbook/__init__.py::802,0.909091
lib/matplotlib/figure.py::1207,0.909091
lib/matplotlib/figure.py::1214,0.909091
lib/matplotlib/figure.py::1222,0.909091
lib/matplotlib/figure.py::1223,0.909091
lib/matplotlib/figure.py::1224,0.909091
lib/matplotlib/figure.py::1228,0.909091
lib/matplotlib/figure.py::1229,0.909091
lib/matplotlib/figure.py::1230,0.909091
lib/matplotlib/figure.py::1251,0.909091
lib/matplotlib/image.py::246,0.909091
lib/matplotlib/image.py::267,0.909091
lib/matplotlib/image.py::270,0.909091
lib/matplotlib/image.py::364,0.909091
lib/matplotlib/image.py::738,0.909091
lib/matplotlib/image.py::762,0.909091
lib/matplotlib/image.py::916,0.909091
lib/matplotlib/image.py::917,0.909091
lib/matplotlib/image.py::918,0.909091
lib/matplotlib/image.py::919,0.909091
lib/matplotlib/image.py::920,0.909091
lib/matplotlib/image.py::921,0.909091
lib/matplotlib/image.py::922,0.909091
lib/matplotlib/image.py::923,0.909091
lib/matplotlib/image.py::924,0.909091
lib/matplotlib/image.py::925,0.909091
lib/matplotlib/image.py::932,0.909091
lib/matplotlib/image.py::933,0.909091
lib/matplotlib/image.py::934,0.909091
lib/matplotlib/image.py::935,0.909091
lib/matplotlib/patches.py::579,0.909091
lib/matplotlib/testing/conftest.py::29,0.909091
lib/matplotlib/tests/test_bbox_tight.py::116,0.909091
lib/matplotlib/tests/test_bbox_tight.py::117,0.909091
lib/matplotlib/tests/test_bbox_tight.py::118,0.909091
lib/matplotlib/tests/test_bbox_tight.py::120,0.909091
lib/matplotlib/tests/test_bbox_tight.py::121,0.909091
lib/matplotlib/tests/test_bbox_tight.py::122,0.909091
lib/matplotlib/tests/test_bbox_tight.py::123,0.909091
lib/matplotlib/tests/test_bbox_tight.py::124,0.909091
lib/matplotlib/tests/test_bbox_tight.py::125,0.909091
lib/matplotlib/tests/test_bbox_tight.py::127,0.909091
lib/matplotlib/tests/test_bbox_tight.py::128,0.909091
lib/matplotlib/tests/test_bbox_tight.py::129,0.909091
lib/matplotlib/tests/test_bbox_tight.py::130,0.909091
lib/matplotlib/tests/test_bbox_tight.py::131,0.909091
lib/matplotlib/tests/test_bbox_tight.py::132,0.909091
lib/matplotlib/tests/test_bbox_tight.py::133,0.909091
lib/matplotlib/transforms.py::1061,0.909091
lib/matplotlib/transforms.py::2797,0.909091
lib/matplotlib/transforms.py::2798,0.909091
lib/matplotlib/transforms.py::553,0.909091
lib/matplotlib/transforms.py::555,0.909091
lib/matplotlib/transforms.py::557,0.909091
lib/matplotlib/transforms.py::558,0.909091
lib/matplotlib/transforms.py::559,0.909091
lib/matplotlib/transforms.py::560,0.909091
lib/matplotlib/transforms.py::564,0.909091
lib/matplotlib/transforms.py::565,0.909091
lib/matplotlib/transforms.py::994,0.909091
lib/matplotlib/transforms.py::995,0.909091
lib/matplotlib/axes/_base.py::1949,0.660409
lib/matplotlib/axes/_base.py::1950,0.660409
lib/matplotlib/axes/_base.py::1951,0.660409
lib/matplotlib/axes/_base.py::1952,0.660409
lib/matplotlib/axes/_base.py::1953,0.660409
lib/matplotlib/axes/_base.py::1954,0.660409
lib/matplotlib/axes/_base.py::1955,0.660409
lib/matplotlib/axes/_base.py::2703,0.660409
lib/matplotlib/axes/_base.py::2704,0.660409
lib/matplotlib/axes/_base.py::2709,0.660409
lib/matplotlib/axes/_base.py::2710,0.660409
lib/matplotlib/axes/_base.py::3099,0.660409
lib/matplotlib/axes/_base.py::3100,0.660409
lib/matplotlib/axes/_base.py::4082,0.660409
lib/matplotlib/axes/_base.py::4083,0.660409
lib/matplotlib/axes/_base.py::4086,0.660409
lib/matplotlib/axes/_base.py::4087,0.660409
lib/matplotlib/axes/_base.py::968,0.660409
lib/matplotlib/backend_bases.py::2054,0.660409
lib/matplotlib/backend_bases.py::2055,0.660409
lib/matplotlib/backend_bases.py::2140,0.660409
lib/matplotlib/backend_bases.py::454,0.660409
lib/matplotlib/backend_bases.py::951,0.660409
lib/matplotlib/backends/backend_agg.py::306,0.660409
lib/matplotlib/cbook/__init__.py::2084,0.660409
lib/matplotlib/cbook/__init__.py::2085,0.660409
lib/matplotlib/cm.py::252,0.660409
lib/matplotlib/cm.py::262,0.660409
lib/matplotlib/cm.py::295,0.660409
lib/matplotlib/cm.py::296,0.660409
lib/matplotlib/cm.py::328,0.660409
lib/matplotlib/cm.py::329,0.660409
lib/matplotlib/cm.py::331,0.660409
lib/matplotlib/cm.py::332,0.660409
lib/matplotlib/cm.py::347,0.660409
lib/matplotlib/cm.py::445,0.660409
lib/matplotlib/cm.py::447,0.660409
lib/matplotlib/cm.py::448,0.660409
lib/matplotlib/colors.py::1007,0.660409
lib/matplotlib/colors.py::1008,0.660409
lib/matplotlib/colors.py::1009,0.660409
lib/matplotlib/colors.py::1010,0.660409
lib/matplotlib/colors.py::1011,0.660409
lib/matplotlib/colors.py::1013,0.660409
lib/matplotlib/colors.py::1016,0.660409
lib/matplotlib/colors.py::1017,0.660409
lib/matplotlib/colors.py::1018,0.660409
lib/matplotlib/colors.py::1019,0.660409
lib/matplotlib/colors.py::1039,0.660409
lib/matplotlib/colors.py::1040,0.660409
lib/matplotlib/colors.py::1042,0.660409
lib/matplotlib/colors.py::1044,0.660409
lib/matplotlib/colors.py::1046,0.660409
lib/matplotlib/colors.py::1047,0.660409
lib/matplotlib/colors.py::1048,0.660409
lib/matplotlib/colors.py::1050,0.660409
lib/matplotlib/colors.py::1053,0.660409
lib/matplotlib/colors.py::1058,0.660409
lib/matplotlib/colors.py::1059,0.660409
lib/matplotlib/colors.py::1060,0.660409
lib/matplotlib/colors.py::1061,0.660409
lib/matplotlib/colors.py::1062,0.660409
lib/matplotlib/colors.py::1064,0.660409
lib/matplotlib/colors.py::1086,0.660409
lib/matplotlib/colors.py::1087,0.660409
lib/matplotlib/colors.py::1088,0.660409
lib/matplotlib/colors.py::1089,0.660409
lib/matplotlib/colors.py::1090,0.660409
lib/matplotlib/colors.py::565,0.660409
lib/matplotlib/colors.py::568,0.660409
lib/matplotlib/colors.py::569,0.660409
lib/matplotlib/colors.py::570,0.660409
lib/matplotlib/colors.py::572,0.660409
lib/matplotlib/colors.py::573,0.660409
lib/matplotlib/colors.py::574,0.660409
lib/matplotlib/colors.py::577,0.660409
lib/matplotlib/colors.py::579,0.660409
lib/matplotlib/colors.py::581,0.660409
lib/matplotlib/colors.py::582,0.660409
lib/matplotlib/colors.py::585,0.660409
lib/matplotlib/colors.py::586,0.660409
lib/matplotlib/colors.py::587,0.660409
lib/matplotlib/colors.py::589,0.660409
lib/matplotlib/colors.py::590,0.660409
lib/matplotlib/colors.py::594,0.660409
lib/matplotlib/colors.py::608,0.660409
lib/matplotlib/colors.py::609,0.660409
lib/matplotlib/colors.py::612,0.660409
lib/matplotlib/image.py::173,0.660409
lib/matplotlib/image.py::174,0.660409
lib/matplotlib/image.py::190,0.660409
lib/matplotlib/image.py::191,0.660409
lib/matplotlib/image.py::192,0.660409
lib/matplotlib/image.py::193,0.660409
lib/matplotlib/image.py::194,0.660409
lib/matplotlib/image.py::195,0.660409
lib/matplotlib/image.py::196,0.660409
lib/matplotlib/image.py::197,0.660409
lib/matplotlib/image.py::198,0.660409
lib/matplotlib/image.py::199,0.660409
lib/matplotlib/image.py::243,0.660409
lib/matplotlib/image.py::244,0.660409
lib/matplotlib/image.py::245,0.660409
lib/matplotlib/image.py::247,0.660409
lib/matplotlib/image.py::248,0.660409
lib/matplotlib/image.py::249,0.660409
lib/matplotlib/image.py::250,0.660409
lib/matplotlib/image.py::251,0.660409
lib/matplotlib/image.py::252,0.660409
lib/matplotlib/image.py::253,0.660409
lib/matplotlib/image.py::255,0.660409
lib/matplotlib/image.py::257,0.660409
lib/matplotlib/image.py::280,0.660409
lib/matplotlib/image.py::285,0.660409
lib/matplotlib/image.py::286,0.660409
lib/matplotlib/image.py::287,0.660409
lib/matplotlib/image.py::288,0.660409
lib/matplotlib/image.py::300,0.660409
lib/matplotlib/image.py::307,0.660409
lib/matplotlib/image.py::308,0.660409
lib/matplotlib/image.py::309,0.660409
lib/matplotlib/image.py::341,0.660409
lib/matplotlib/image.py::344,0.660409
lib/matplotlib/image.py::349,0.660409
lib/matplotlib/image.py::351,0.660409
lib/matplotlib/image.py::354,0.660409
lib/matplotlib/image.py::355,0.660409
lib/matplotlib/image.py::357,0.660409
lib/matplotlib/image.py::360,0.660409
lib/matplotlib/image.py::368,0.660409
lib/matplotlib/image.py::369,0.660409
lib/matplotlib/image.py::371,0.660409
lib/matplotlib/image.py::372,0.660409
lib/matplotlib/image.py::373,0.660409
lib/matplotlib/image.py::374,0.660409
lib/matplotlib/image.py::376,0.660409
lib/matplotlib/image.py::377,0.660409
lib/matplotlib/image.py::378,0.660409
lib/matplotlib/image.py::379,0.660409
lib/matplotlib/image.py::384,0.660409
lib/matplotlib/image.py::385,0.660409
lib/matplotlib/image.py::392,0.660409
lib/matplotlib/image.py::393,0.660409
lib/matplotlib/image.py::394,0.660409
lib/matplotlib/image.py::396,0.660409
lib/matplotlib/image.py::397,0.660409
lib/matplotlib/image.py::400,0.660409
lib/matplotlib/image.py::407,0.660409
lib/matplotlib/image.py::408,0.660409
lib/matplotlib/image.py::409,0.660409
lib/matplotlib/image.py::414,0.660409
lib/matplotlib/image.py::417,0.660409
lib/matplotlib/image.py::428,0.660409
lib/matplotlib/image.py::430,0.660409
lib/matplotlib/image.py::440,0.660409
lib/matplotlib/image.py::446,0.660409
lib/matplotlib/image.py::447,0.660409
lib/matplotlib/image.py::448,0.660409
lib/matplotlib/image.py::449,0.660409
lib/matplotlib/image.py::450,0.660409
lib/matplotlib/image.py::451,0.660409
lib/matplotlib/image.py::452,0.660409
lib/matplotlib/image.py::455,0.660409
lib/matplotlib/image.py::456,0.660409
lib/matplotlib/image.py::457,0.660409
lib/matplotlib/image.py::460,0.660409
lib/matplotlib/image.py::463,0.660409
lib/matplotlib/image.py::466,0.660409
lib/matplotlib/image.py::467,0.660409
lib/matplotlib/image.py::469,0.660409
lib/matplotlib/image.py::470,0.660409
lib/matplotlib/image.py::471,0.660409
lib/matplotlib/image.py::473,0.660409
lib/matplotlib/image.py::475,0.660409
lib/matplotlib/image.py::481,0.660409
lib/matplotlib/image.py::482,0.660409
lib/matplotlib/image.py::483,0.660409
lib/matplotlib/image.py::484,0.660409
lib/matplotlib/image.py::486,0.660409
lib/matplotlib/image.py::490,0.660409
lib/matplotlib/image.py::491,0.660409
lib/matplotlib/image.py::494,0.660409
lib/matplotlib/image.py::496,0.660409
lib/matplotlib/image.py::503,0.660409
lib/matplotlib/image.py::504,0.660409
lib/matplotlib/image.py::506,0.660409
lib/matplotlib/image.py::507,0.660409
lib/matplotlib/image.py::511,0.660409
lib/matplotlib/image.py::525,0.660409
lib/matplotlib/image.py::529,0.660409
lib/matplotlib/image.py::530,0.660409
lib/matplotlib/image.py::531,0.660409
lib/matplotlib/image.py::532,0.660409
lib/matplotlib/image.py::533,0.660409
lib/matplotlib/image.py::534,0.660409
lib/matplotlib/image.py::553,0.660409
lib/matplotlib/image.py::586,0.660409
lib/matplotlib/image.py::590,0.660409
lib/matplotlib/image.py::594,0.660409
lib/matplotlib/image.py::595,0.660409
lib/matplotlib/image.py::596,0.660409
lib/matplotlib/image.py::597,0.660409
lib/matplotlib/image.py::598,0.660409
lib/matplotlib/image.py::599,0.660409
lib/matplotlib/image.py::607,0.660409
lib/matplotlib/image.py::608,0.660409
lib/matplotlib/image.py::609,0.660409
lib/matplotlib/image.py::610,0.660409
lib/matplotlib/image.py::611,0.660409
lib/matplotlib/image.py::612,0.660409
lib/matplotlib/image.py::660,0.660409
lib/matplotlib/image.py::662,0.660409
lib/matplotlib/image.py::664,0.660409
lib/matplotlib/image.py::665,0.660409
lib/matplotlib/image.py::669,0.660409
lib/matplotlib/image.py::673,0.660409
lib/matplotlib/image.py::678,0.660409
lib/matplotlib/image.py::695,0.660409
lib/matplotlib/image.py::696,0.660409
lib/matplotlib/image.py::697,0.660409
lib/matplotlib/image.py::720,0.660409
lib/matplotlib/image.py::737,0.660409
lib/matplotlib/image.py::739,0.660409
lib/matplotlib/image.py::740,0.660409
lib/matplotlib/image.py::741,0.660409
lib/matplotlib/image.py::742,0.660409
lib/matplotlib/image.py::761,0.660409
lib/matplotlib/image.py::763,0.660409
lib/matplotlib/image.py::764,0.660409
lib/matplotlib/image.py::768,0.660409
lib/matplotlib/image.py::780,0.660409
lib/matplotlib/image.py::781,0.660409
lib/matplotlib/image.py::785,0.660409
lib/matplotlib/image.py::796,0.660409
lib/matplotlib/image.py::797,0.660409
lib/matplotlib/image.py::799,0.660409
lib/matplotlib/image.py::800,0.660409
lib/matplotlib/image.py::804,0.660409
lib/matplotlib/image.py::864,0.660409
lib/matplotlib/image.py::866,0.660409
lib/matplotlib/image.py::867,0.660409
lib/matplotlib/image.py::868,0.660409
lib/matplotlib/image.py::869,0.660409
lib/matplotlib/image.py::870,0.660409
lib/matplotlib/image.py::871,0.660409
lib/matplotlib/image.py::872,0.660409
lib/matplotlib/image.py::873,0.660409
lib/matplotlib/image.py::874,0.660409
lib/matplotlib/image.py::875,0.660409
lib/matplotlib/image.py::879,0.660409
lib/matplotlib/image.py::880,0.660409
lib/matplotlib/image.py::881,0.660409
lib/matplotlib/image.py::885,0.660409
lib/matplotlib/image.py::887,0.660409
lib/matplotlib/image.py::888,0.660409
lib/matplotlib/image.py::889,0.660409
lib/matplotlib/image.py::890,0.660409
lib/matplotlib/image.py::892,0.660409
lib/matplotlib/image.py::893,0.660409
lib/matplotlib/image.py::929,0.660409
lib/matplotlib/image.py::930,0.660409
lib/matplotlib/artist.py::197,0.545836
lib/matplotlib/artist.py::790,0.545836
lib/matplotlib/backend_bases.py::856,0.545836
lib/matplotlib/backend_bases.py::857,0.545836
lib/matplotlib/backend_bases.py::928,0.545836
lib/matplotlib/cbook/__init__.py::682,0.545836
lib/matplotlib/cbook/__init__.py::683,0.545836
lib/matplotlib/cbook/__init__.py::687,0.545836
lib/matplotlib/cbook/__init__.py::688,0.545836
lib/matplotlib/cbook/__init__.py::689,0.545836
lib/matplotlib/cbook/__init__.py::692,0.545836
lib/matplotlib/transforms.py::1397,0.545836
lib/matplotlib/transforms.py::474,0.545836
lib/matplotlib/transforms.py::475,0.545836
lib/matplotlib/transforms.py::476,0.545836
lib/matplotlib/transforms.py::477,0.545836
lib/matplotlib/transforms.py::520,0.545836
lib/matplotlib/transforms.py::522,0.545836
lib/matplotlib/transforms.py::523,0.545836
lib/matplotlib/transforms.py::524,0.545836
lib/matplotlib/transforms.py::527,0.545836
lib/matplotlib/transforms.py::528,0.545836
lib/matplotlib/transforms.py::529,0.545836
lib/matplotlib/transforms.py::530,0.545836
lib/matplotlib/__init__.py::1412,0.476190
lib/matplotlib/__init__.py::1413,0.476190
lib/matplotlib/axes/_base.py::2146,0.476190
lib/matplotlib/axes/_base.py::2147,0.476190
lib/matplotlib/axes/_base.py::2149,0.476190
lib/matplotlib/axes/_base.py::2150,0.476190
lib/matplotlib/axes/_base.py::2151,0.476190
lib/matplotlib/axes/_base.py::3137,0.428070
lib/matplotlib/axes/_base.py::3138,0.428070
lib/matplotlib/axes/_base.py::3139,0.428070
lib/matplotlib/axes/_base.py::3196,0.428070
lib/matplotlib/axes/_base.py::3284,0.428070
lib/matplotlib/axes/_base.py::3426,0.428070
lib/matplotlib/axes/_base.py::3427,0.428070
lib/matplotlib/axes/_base.py::3485,0.428070
lib/matplotlib/axes/_base.py::964,0.428070
lib/matplotlib/artist.py::1063,0.392235
lib/matplotlib/artist.py::256,0.392235
lib/matplotlib/artist.py::282,0.392235
lib/matplotlib/artist.py::559,0.392235
lib/matplotlib/artist.py::854,0.392235
lib/matplotlib/axes/_base.py::3555,0.392235
lib/matplotlib/axes/_base.py::4195,0.392235
lib/matplotlib/axes/_base.py::4196,0.392235
lib/matplotlib/axes/_base.py::4197,0.392235
lib/matplotlib/axes/_base.py::4200,0.392235
lib/matplotlib/axes/_base.py::656,0.392235
lib/matplotlib/axes/_base.py::657,0.392235
lib/matplotlib/backend_bases.py::2049,0.392235
lib/matplotlib/backend_bases.py::2051,0.392235
lib/matplotlib/backend_bases.py::2053,0.392235
lib/matplotlib/backend_bases.py::877,0.392235
lib/matplotlib/cbook/__init__.py::1660,0.392235
lib/matplotlib/cbook/__init__.py::1661,0.392235
lib/matplotlib/transforms.py::1430,0.392235
lib/matplotlib/transforms.py::1431,0.392235
lib/matplotlib/transforms.py::2057,0.392235
lib/matplotlib/transforms.py::346,0.392235
lib/matplotlib/transforms.py::355,0.392235
lib/matplotlib/transforms.py::384,0.392235
lib/matplotlib/transforms.py::678,0.392235
lib/matplotlib/transforms.py::679,0.392235
lib/matplotlib/transforms.py::680,0.392235
lib/matplotlib/transforms.py::681,0.392235
lib/matplotlib/transforms.py::682,0.392235
lib/matplotlib/__init__.py::1014,0.364199
lib/matplotlib/__init__.py::1015,0.364199
lib/matplotlib/__init__.py::1016,0.364199
lib/matplotlib/__init__.py::1017,0.364199
lib/matplotlib/__init__.py::1018,0.364199
lib/matplotlib/__init__.py::1096,0.364199
lib/matplotlib/__init__.py::1097,0.364199
lib/matplotlib/__init__.py::1098,0.364199
lib/matplotlib/__init__.py::1100,0.364199
lib/matplotlib/__init__.py::1102,0.364199
lib/matplotlib/__init__.py::1104,0.364199
lib/matplotlib/__init__.py::1138,0.364199
lib/matplotlib/__init__.py::1139,0.364199
lib/matplotlib/__init__.py::1141,0.364199
lib/matplotlib/__init__.py::1163,0.364199
lib/matplotlib/__init__.py::1175,0.364199
lib/matplotlib/__init__.py::656,0.364199
lib/matplotlib/__init__.py::657,0.364199
lib/matplotlib/__init__.py::663,0.364199
lib/matplotlib/__init__.py::664,0.364199
lib/matplotlib/__init__.py::665,0.364199
lib/matplotlib/__init__.py::666,0.364199
lib/matplotlib/__init__.py::667,0.364199
lib/matplotlib/__init__.py::672,0.364199
lib/matplotlib/__init__.py::676,0.364199
lib/matplotlib/__init__.py::677,0.364199
lib/matplotlib/__init__.py::680,0.364199
lib/matplotlib/__init__.py::687,0.364199
lib/matplotlib/__init__.py::693,0.364199
lib/matplotlib/__init__.py::699,0.364199
lib/matplotlib/__init__.py::700,0.364199
lib/matplotlib/__init__.py::701,0.364199
lib/matplotlib/__init__.py::705,0.364199
lib/matplotlib/__init__.py::708,0.364199
lib/matplotlib/__init__.py::724,0.364199
lib/matplotlib/__init__.py::725,0.364199
lib/matplotlib/__init__.py::747,0.364199
lib/matplotlib/_pylab_helpers.py::113,0.364199
lib/matplotlib/_pylab_helpers.py::114,0.364199
lib/matplotlib/_pylab_helpers.py::115,0.364199
lib/matplotlib/_pylab_helpers.py::116,0.364199
lib/matplotlib/_pylab_helpers.py::117,0.364199
lib/matplotlib/_pylab_helpers.py::118,0.364199
lib/matplotlib/_pylab_helpers.py::119,0.364199
lib/matplotlib/_pylab_helpers.py::121,0.364199
lib/matplotlib/_pylab_helpers.py::126,0.364199
lib/matplotlib/_pylab_helpers.py::127,0.364199
lib/matplotlib/_pylab_helpers.py::40,0.364199
lib/matplotlib/_pylab_helpers.py::41,0.364199
lib/matplotlib/_pylab_helpers.py::43,0.364199
lib/matplotlib/_pylab_helpers.py::83,0.364199
lib/matplotlib/_pylab_helpers.py::84,0.364199
lib/matplotlib/_pylab_helpers.py::85,0.364199
lib/matplotlib/_pylab_helpers.py::86,0.364199
lib/matplotlib/_pylab_helpers.py::87,0.364199
lib/matplotlib/_pylab_helpers.py::88,0.364199
lib/matplotlib/artist.py::100,0.364199
lib/matplotlib/artist.py::1000,0.364199
lib/matplotlib/artist.py::1001,0.364199
lib/matplotlib/artist.py::1002,0.364199
lib/matplotlib/artist.py::1006,0.364199
lib/matplotlib/artist.py::101,0.364199
lib/matplotlib/artist.py::1017,0.364199
lib/matplotlib/artist.py::1018,0.364199
lib/matplotlib/artist.py::102,0.364199
lib/matplotlib/artist.py::1021,0.364199
lib/matplotlib/artist.py::1022,0.364199
lib/matplotlib/artist.py::1026,0.364199
lib/matplotlib/artist.py::103,0.364199
lib/matplotlib/artist.py::1037,0.364199
lib/matplotlib/artist.py::1039,0.364199
lib/matplotlib/artist.py::104,0.364199
lib/matplotlib/artist.py::1040,0.364199
lib/matplotlib/artist.py::1041,0.364199
lib/matplotlib/artist.py::105,0.364199
lib/matplotlib/artist.py::106,0.364199
lib/matplotlib/artist.py::1088,0.364199
lib/matplotlib/artist.py::1089,0.364199
lib/matplotlib/artist.py::1090,0.364199
lib/matplotlib/artist.py::1091,0.364199
lib/matplotlib/artist.py::1092,0.364199
lib/matplotlib/artist.py::1093,0.364199
lib/matplotlib/artist.py::1094,0.364199
lib/matplotlib/artist.py::1096,0.364199
lib/matplotlib/artist.py::1098,0.364199
lib/matplotlib/artist.py::1099,0.364199
lib/matplotlib/artist.py::1100,0.364199
lib/matplotlib/artist.py::1111,0.364199
lib/matplotlib/artist.py::1113,0.364199
lib/matplotlib/artist.py::1222,0.364199
lib/matplotlib/artist.py::172,0.364199
lib/matplotlib/artist.py::173,0.364199
lib/matplotlib/artist.py::174,0.364199
lib/matplotlib/artist.py::175,0.364199
lib/matplotlib/artist.py::184,0.364199
lib/matplotlib/artist.py::185,0.364199
lib/matplotlib/artist.py::186,0.364199
lib/matplotlib/artist.py::187,0.364199
lib/matplotlib/artist.py::192,0.364199
lib/matplotlib/artist.py::196,0.364199
lib/matplotlib/artist.py::201,0.364199
lib/matplotlib/artist.py::202,0.364199
lib/matplotlib/artist.py::203,0.364199
lib/matplotlib/artist.py::215,0.364199
lib/matplotlib/artist.py::220,0.364199
lib/matplotlib/artist.py::223,0.364199
lib/matplotlib/artist.py::224,0.364199
lib/matplotlib/artist.py::252,0.364199
lib/matplotlib/artist.py::253,0.364199
lib/matplotlib/artist.py::254,0.364199
lib/matplotlib/artist.py::255,0.364199
lib/matplotlib/artist.py::257,0.364199
lib/matplotlib/artist.py::258,0.364199
lib/matplotlib/artist.py::261,0.364199
lib/matplotlib/artist.py::278,0.364199
lib/matplotlib/artist.py::279,0.364199
lib/matplotlib/artist.py::280,0.364199
lib/matplotlib/artist.py::281,0.364199
lib/matplotlib/artist.py::283,0.364199
lib/matplotlib/artist.py::284,0.364199
lib/matplotlib/artist.py::287,0.364199
lib/matplotlib/artist.py::343,0.364199
lib/matplotlib/artist.py::35,0.364199
lib/matplotlib/artist.py::352,0.364199
lib/matplotlib/artist.py::36,0.364199
lib/matplotlib/artist.py::362,0.364199
lib/matplotlib/artist.py::363,0.364199
lib/matplotlib/artist.py::364,0.364199
lib/matplotlib/artist.py::365,0.364199
lib/matplotlib/artist.py::369,0.364199
lib/matplotlib/artist.py::371,0.364199
lib/matplotlib/artist.py::374,0.364199
lib/matplotlib/artist.py::38,0.364199
lib/matplotlib/artist.py::41,0.364199
lib/matplotlib/artist.py::43,0.364199
lib/matplotlib/artist.py::45,0.364199
lib/matplotlib/artist.py::53,0.364199
lib/matplotlib/artist.py::54,0.364199
lib/matplotlib/artist.py::573,0.364199
lib/matplotlib/artist.py::696,0.364199
lib/matplotlib/artist.py::70,0.364199
lib/matplotlib/artist.py::703,0.364199
lib/matplotlib/artist.py::706,0.364199
lib/matplotlib/artist.py::707,0.364199
lib/matplotlib/artist.py::708,0.364199
lib/matplotlib/artist.py::709,0.364199
lib/matplotlib/artist.py::71,0.364199
lib/matplotlib/artist.py::719,0.364199
lib/matplotlib/artist.py::72,0.364199
lib/matplotlib/artist.py::720,0.364199
lib/matplotlib/artist.py::721,0.364199
lib/matplotlib/artist.py::73,0.364199
lib/matplotlib/artist.py::748,0.364199
lib/matplotlib/artist.py::75,0.364199
lib/matplotlib/artist.py::750,0.364199
lib/matplotlib/artist.py::751,0.364199
lib/matplotlib/artist.py::752,0.364199
lib/matplotlib/artist.py::753,0.364199
lib/matplotlib/artist.py::754,0.364199
lib/matplotlib/artist.py::755,0.364199
lib/matplotlib/artist.py::756,0.364199
lib/matplotlib/artist.py::76,0.364199
lib/matplotlib/artist.py::763,0.364199
lib/matplotlib/artist.py::766,0.364199
lib/matplotlib/artist.py::769,0.364199
lib/matplotlib/artist.py::77,0.364199
lib/matplotlib/artist.py::772,0.364199
lib/matplotlib/artist.py::776,0.364199
lib/matplotlib/artist.py::78,0.364199
lib/matplotlib/artist.py::782,0.364199
lib/matplotlib/artist.py::783,0.364199
lib/matplotlib/artist.py::79,0.364199
lib/matplotlib/artist.py::794,0.364199
lib/matplotlib/artist.py::798,0.364199
lib/matplotlib/artist.py::80,0.364199
lib/matplotlib/artist.py::809,0.364199
lib/matplotlib/artist.py::81,0.364199
lib/matplotlib/artist.py::813,0.364199
lib/matplotlib/artist.py::817,0.364199
lib/matplotlib/artist.py::82,0.364199
lib/matplotlib/artist.py::821,0.364199
lib/matplotlib/artist.py::83,0.364199
lib/matplotlib/artist.py::84,0.364199
lib/matplotlib/artist.py::85,0.364199
lib/matplotlib/artist.py::852,0.364199
lib/matplotlib/artist.py::853,0.364199
lib/matplotlib/artist.py::855,0.364199
lib/matplotlib/artist.py::86,0.364199
lib/matplotlib/artist.py::862,0.364199
lib/matplotlib/artist.py::87,0.364199
lib/matplotlib/artist.py::882,0.364199
lib/matplotlib/artist.py::90,0.364199
lib/matplotlib/artist.py::91,0.364199
lib/matplotlib/artist.py::92,0.364199
lib/matplotlib/artist.py::929,0.364199
lib/matplotlib/artist.py::93,0.364199
lib/matplotlib/artist.py::931,0.364199
lib/matplotlib/artist.py::932,0.364199
lib/matplotlib/artist.py::933,0.364199
lib/matplotlib/artist.py::94,0.364199
lib/matplotlib/artist.py::943,0.364199
lib/matplotlib/artist.py::944,0.364199
lib/matplotlib/artist.py::945,0.364199
lib/matplotlib/artist.py::95,0.364199
lib/matplotlib/artist.py::96,0.364199
lib/matplotlib/artist.py::970,0.364199
lib/matplotlib/artist.py::98,0.364199
lib/matplotlib/artist.py::980,0.364199
lib/matplotlib/artist.py::981,0.364199
lib/matplotlib/artist.py::982,0.364199
lib/matplotlib/artist.py::983,0.364199
lib/matplotlib/artist.py::99,0.364199
lib/matplotlib/artist.py::991,0.364199
lib/matplotlib/artist.py::994,0.364199
lib/matplotlib/artist.py::995,0.364199
lib/matplotlib/artist.py::998,0.364199
lib/matplotlib/artist.py::999,0.364199
lib/matplotlib/axes/_base.py::1002,0.364199
lib/matplotlib/axes/_base.py::1003,0.364199
lib/matplotlib/axes/_base.py::1048,0.364199
lib/matplotlib/axes/_base.py::1051,0.364199
lib/matplotlib/axes/_base.py::1053,0.364199
lib/matplotlib/axes/_base.py::1054,0.364199
lib/matplotlib/axes/_base.py::1056,0.364199
lib/matplotlib/axes/_base.py::1057,0.364199
lib/matplotlib/axes/_base.py::1059,0.364199
lib/matplotlib/axes/_base.py::1060,0.364199
lib/matplotlib/axes/_base.py::1062,0.364199
lib/matplotlib/axes/_base.py::1063,0.364199
lib/matplotlib/axes/_base.py::1065,0.364199
lib/matplotlib/axes/_base.py::1068,0.364199
lib/matplotlib/axes/_base.py::1069,0.364199
lib/matplotlib/axes/_base.py::1070,0.364199
lib/matplotlib/axes/_base.py::1073,0.364199
lib/matplotlib/axes/_base.py::1076,0.364199
lib/matplotlib/axes/_base.py::1077,0.364199
lib/matplotlib/axes/_base.py::1078,0.364199
lib/matplotlib/axes/_base.py::1083,0.364199
lib/matplotlib/axes/_base.py::1085,0.364199
lib/matplotlib/axes/_base.py::1088,0.364199
lib/matplotlib/axes/_base.py::1089,0.364199
lib/matplotlib/axes/_base.py::1090,0.364199
lib/matplotlib/axes/_base.py::1091,0.364199
lib/matplotlib/axes/_base.py::1092,0.364199
lib/matplotlib/axes/_base.py::1093,0.364199
lib/matplotlib/axes/_base.py::1094,0.364199
lib/matplotlib/axes/_base.py::1095,0.364199
lib/matplotlib/axes/_base.py::1096,0.364199
lib/matplotlib/axes/_base.py::1098,0.364199
lib/matplotlib/axes/_base.py::1099,0.364199
lib/matplotlib/axes/_base.py::1101,0.364199
lib/matplotlib/axes/_base.py::1102,0.364199
lib/matplotlib/axes/_base.py::1103,0.364199
lib/matplotlib/axes/_base.py::1104,0.364199
lib/matplotlib/axes/_base.py::1105,0.364199
lib/matplotlib/axes/_base.py::1106,0.364199
lib/matplotlib/axes/_base.py::1107,0.364199
lib/matplotlib/axes/_base.py::1108,0.364199
lib/matplotlib/axes/_base.py::1109,0.364199
lib/matplotlib/axes/_base.py::1110,0.364199
lib/matplotlib/axes/_base.py::1111,0.364199
lib/matplotlib/axes/_base.py::1112,0.364199
lib/matplotlib/axes/_base.py::1113,0.364199
lib/matplotlib/axes/_base.py::1115,0.364199
lib/matplotlib/axes/_base.py::1116,0.364199
lib/matplotlib/axes/_base.py::1117,0.364199
lib/matplotlib/axes/_base.py::1118,0.364199
lib/matplotlib/axes/_base.py::1119,0.364199
lib/matplotlib/axes/_base.py::1120,0.364199
lib/matplotlib/axes/_base.py::1122,0.364199
lib/matplotlib/axes/_base.py::1123,0.364199
lib/matplotlib/axes/_base.py::1127,0.364199
lib/matplotlib/axes/_base.py::1129,0.364199
lib/matplotlib/axes/_base.py::1130,0.364199
lib/matplotlib/axes/_base.py::1131,0.364199
lib/matplotlib/axes/_base.py::1132,0.364199
lib/matplotlib/axes/_base.py::1133,0.364199
lib/matplotlib/axes/_base.py::1135,0.364199
lib/matplotlib/axes/_base.py::1136,0.364199
lib/matplotlib/axes/_base.py::1137,0.364199
lib/matplotlib/axes/_base.py::1138,0.364199
lib/matplotlib/axes/_base.py::1139,0.364199
lib/matplotlib/axes/_base.py::1140,0.364199
lib/matplotlib/axes/_base.py::1141,0.364199
lib/matplotlib/axes/_base.py::1142,0.364199
lib/matplotlib/axes/_base.py::1143,0.364199
lib/matplotlib/axes/_base.py::1144,0.364199
lib/matplotlib/axes/_base.py::1146,0.364199
lib/matplotlib/axes/_base.py::1149,0.364199
lib/matplotlib/axes/_base.py::1151,0.364199
lib/matplotlib/axes/_base.py::1152,0.364199
lib/matplotlib/axes/_base.py::1157,0.364199
lib/matplotlib/axes/_base.py::1158,0.364199
lib/matplotlib/axes/_base.py::1159,0.364199
lib/matplotlib/axes/_base.py::1160,0.364199
lib/matplotlib/axes/_base.py::1161,0.364199
lib/matplotlib/axes/_base.py::1162,0.364199
lib/matplotlib/axes/_base.py::1164,0.364199
lib/matplotlib/axes/_base.py::1166,0.364199
lib/matplotlib/axes/_base.py::1167,0.364199
lib/matplotlib/axes/_base.py::1169,0.364199
lib/matplotlib/axes/_base.py::1170,0.364199
lib/matplotlib/axes/_base.py::1171,0.364199
lib/matplotlib/axes/_base.py::1174,0.364199
lib/matplotlib/axes/_base.py::1178,0.364199
lib/matplotlib/axes/_base.py::1205,0.364199
lib/matplotlib/axes/_base.py::1206,0.364199
lib/matplotlib/axes/_base.py::1207,0.364199
lib/matplotlib/axes/_base.py::1208,0.364199
lib/matplotlib/axes/_base.py::1209,0.364199
lib/matplotlib/axes/_base.py::1210,0.364199
lib/matplotlib/axes/_base.py::1287,0.364199
lib/matplotlib/axes/_base.py::1458,0.364199
lib/matplotlib/axes/_base.py::1459,0.364199
lib/matplotlib/axes/_base.py::1461,0.364199
lib/matplotlib/axes/_base.py::1468,0.364199
lib/matplotlib/axes/_base.py::1469,0.364199
lib/matplotlib/axes/_base.py::1470,0.364199
lib/matplotlib/axes/_base.py::1594,0.364199
lib/matplotlib/axes/_base.py::1595,0.364199
lib/matplotlib/axes/_base.py::1597,0.364199
lib/matplotlib/axes/_base.py::1599,0.364199
lib/matplotlib/axes/_base.py::186,0.364199
lib/matplotlib/axes/_base.py::187,0.364199
lib/matplotlib/axes/_base.py::188,0.364199
lib/matplotlib/axes/_base.py::200,0.364199
lib/matplotlib/axes/_base.py::201,0.364199
lib/matplotlib/axes/_base.py::205,0.364199
lib/matplotlib/axes/_base.py::207,0.364199
lib/matplotlib/axes/_base.py::2169,0.364199
lib/matplotlib/axes/_base.py::2171,0.364199
lib/matplotlib/axes/_base.py::2174,0.364199
lib/matplotlib/axes/_base.py::2176,0.364199
lib/matplotlib/axes/_base.py::2177,0.364199
lib/matplotlib/axes/_base.py::2180,0.364199
lib/matplotlib/axes/_base.py::2192,0.364199
lib/matplotlib/axes/_base.py::2194,0.364199
lib/matplotlib/axes/_base.py::2195,0.364199
lib/matplotlib/axes/_base.py::2196,0.364199
lib/matplotlib/axes/_base.py::2590,0.364199
lib/matplotlib/axes/_base.py::2616,0.364199
lib/matplotlib/axes/_base.py::2617,0.364199
lib/matplotlib/axes/_base.py::2618,0.364199
lib/matplotlib/axes/_base.py::2669,0.364199
lib/matplotlib/axes/_base.py::2676,0.364199
lib/matplotlib/axes/_base.py::2678,0.364199
lib/matplotlib/axes/_base.py::2680,0.364199
lib/matplotlib/axes/_base.py::2682,0.364199
lib/matplotlib/axes/_base.py::2685,0.364199
lib/matplotlib/axes/_base.py::2688,0.364199
lib/matplotlib/axes/_base.py::2689,0.364199
lib/matplotlib/axes/_base.py::2690,0.364199
lib/matplotlib/axes/_base.py::2691,0.364199
lib/matplotlib/axes/_base.py::2693,0.364199
lib/matplotlib/axes/_base.py::2695,0.364199
lib/matplotlib/axes/_base.py::2696,0.364199
lib/matplotlib/axes/_base.py::2702,0.364199
lib/matplotlib/axes/_base.py::2706,0.364199
lib/matplotlib/axes/_base.py::2708,0.364199
lib/matplotlib/axes/_base.py::2712,0.364199
lib/matplotlib/axes/_base.py::2717,0.364199
lib/matplotlib/axes/_base.py::2720,0.364199
lib/matplotlib/axes/_base.py::2724,0.364199
lib/matplotlib/axes/_base.py::2726,0.364199
lib/matplotlib/axes/_base.py::2734,0.364199
lib/matplotlib/axes/_base.py::2738,0.364199
lib/matplotlib/axes/_base.py::2741,0.364199
lib/matplotlib/axes/_base.py::2746,0.364199
lib/matplotlib/axes/_base.py::2748,0.364199
lib/matplotlib/axes/_base.py::2749,0.364199
lib/matplotlib/axes/_base.py::2837,0.364199
lib/matplotlib/axes/_base.py::2838,0.364199
lib/matplotlib/axes/_base.py::2840,0.364199
lib/matplotlib/axes/_base.py::2841,0.364199
lib/matplotlib/axes/_base.py::2846,0.364199
lib/matplotlib/axes/_base.py::2847,0.364199
lib/matplotlib/axes/_base.py::2848,0.364199
lib/matplotlib/axes/_base.py::2887,0.364199
lib/matplotlib/axes/_base.py::2889,0.364199
lib/matplotlib/axes/_base.py::2890,0.364199
lib/matplotlib/axes/_base.py::2891,0.364199
lib/matplotlib/axes/_base.py::2892,0.364199
lib/matplotlib/axes/_base.py::2893,0.364199
lib/matplotlib/axes/_base.py::3077,0.364199
lib/matplotlib/axes/_base.py::3078,0.364199
lib/matplotlib/axes/_base.py::3079,0.364199
lib/matplotlib/axes/_base.py::3080,0.364199
lib/matplotlib/axes/_base.py::3081,0.364199
lib/matplotlib/axes/_base.py::3082,0.364199
lib/matplotlib/axes/_base.py::3083,0.364199
lib/matplotlib/axes/_base.py::3084,0.364199
lib/matplotlib/axes/_base.py::3085,0.364199
lib/matplotlib/axes/_base.py::3086,0.364199
lib/matplotlib/axes/_base.py::3087,0.364199
lib/matplotlib/axes/_base.py::3088,0.364199
lib/matplotlib/axes/_base.py::3089,0.364199
lib/matplotlib/axes/_base.py::3090,0.364199
lib/matplotlib/axes/_base.py::3091,0.364199
lib/matplotlib/axes/_base.py::3108,0.364199
lib/matplotlib/axes/_base.py::3109,0.364199
lib/matplotlib/axes/_base.py::3208,0.364199
lib/matplotlib/axes/_base.py::3209,0.364199
lib/matplotlib/axes/_base.py::3210,0.364199
lib/matplotlib/axes/_base.py::3211,0.364199
lib/matplotlib/axes/_base.py::3213,0.364199
lib/matplotlib/axes/_base.py::3283,0.364199
lib/matplotlib/axes/_base.py::3285,0.364199
lib/matplotlib/axes/_base.py::3289,0.364199
lib/matplotlib/axes/_base.py::3294,0.364199
lib/matplotlib/axes/_base.py::3295,0.364199
lib/matplotlib/axes/_base.py::3296,0.364199
lib/matplotlib/axes/_base.py::3298,0.364199
lib/matplotlib/axes/_base.py::3307,0.364199
lib/matplotlib/axes/_base.py::3323,0.364199
lib/matplotlib/axes/_base.py::3327,0.364199
lib/matplotlib/axes/_base.py::3328,0.364199
lib/matplotlib/axes/_base.py::3329,0.364199
lib/matplotlib/axes/_base.py::3331,0.364199
lib/matplotlib/axes/_base.py::3333,0.364199
lib/matplotlib/axes/_base.py::3335,0.364199
lib/matplotlib/axes/_base.py::3336,0.364199
lib/matplotlib/axes/_base.py::3337,0.364199
lib/matplotlib/axes/_base.py::3338,0.364199
lib/matplotlib/axes/_base.py::3340,0.364199
lib/matplotlib/axes/_base.py::3341,0.364199
lib/matplotlib/axes/_base.py::3343,0.364199
lib/matplotlib/axes/_base.py::3344,0.364199
lib/matplotlib/axes/_base.py::3349,0.364199
lib/matplotlib/axes/_base.py::3350,0.364199
lib/matplotlib/axes/_base.py::3554,0.364199
lib/matplotlib/axes/_base.py::3556,0.364199
lib/matplotlib/axes/_base.py::3560,0.364199
lib/matplotlib/axes/_base.py::3565,0.364199
lib/matplotlib/axes/_base.py::3566,0.364199
lib/matplotlib/axes/_base.py::3567,0.364199
lib/matplotlib/axes/_base.py::3569,0.364199
lib/matplotlib/axes/_base.py::3578,0.364199
lib/matplotlib/axes/_base.py::3594,0.364199
lib/matplotlib/axes/_base.py::3599,0.364199
lib/matplotlib/axes/_base.py::3600,0.364199
lib/matplotlib/axes/_base.py::3601,0.364199
lib/matplotlib/axes/_base.py::3603,0.364199
lib/matplotlib/axes/_base.py::3605,0.364199
lib/matplotlib/axes/_base.py::3607,0.364199
lib/matplotlib/axes/_base.py::3608,0.364199
lib/matplotlib/axes/_base.py::3609,0.364199
lib/matplotlib/axes/_base.py::3610,0.364199
lib/matplotlib/axes/_base.py::3612,0.364199
lib/matplotlib/axes/_base.py::3613,0.364199
lib/matplotlib/axes/_base.py::3615,0.364199
lib/matplotlib/axes/_base.py::3616,0.364199
lib/matplotlib/axes/_base.py::3621,0.364199
lib/matplotlib/axes/_base.py::3622,0.364199
lib/matplotlib/axes/_base.py::3761,0.364199
lib/matplotlib/axes/_base.py::3777,0.364199
lib/matplotlib/axes/_base.py::4040,0.364199
lib/matplotlib/axes/_base.py::4041,0.364199
lib/matplotlib/axes/_base.py::4042,0.364199
lib/matplotlib/axes/_base.py::4043,0.364199
lib/matplotlib/axes/_base.py::4044,0.364199
lib/matplotlib/axes/_base.py::4045,0.364199
lib/matplotlib/axes/_base.py::4046,0.364199
lib/matplotlib/axes/_base.py::4047,0.364199
lib/matplotlib/axes/_base.py::4048,0.364199
lib/matplotlib/axes/_base.py::4049,0.364199
lib/matplotlib/axes/_base.py::4050,0.364199
lib/matplotlib/axes/_base.py::4051,0.364199
lib/matplotlib/axes/_base.py::4052,0.364199
lib/matplotlib/axes/_base.py::4078,0.364199
lib/matplotlib/axes/_base.py::4080,0.364199
lib/matplotlib/axes/_base.py::4085,0.364199
lib/matplotlib/axes/_base.py::4089,0.364199
lib/matplotlib/axes/_base.py::4090,0.364199
lib/matplotlib/axes/_base.py::4091,0.364199
lib/matplotlib/axes/_base.py::4093,0.364199
lib/matplotlib/axes/_base.py::4094,0.364199
lib/matplotlib/axes/_base.py::4139,0.364199
lib/matplotlib/axes/_base.py::4141,0.364199
lib/matplotlib/axes/_base.py::4144,0.364199
lib/matplotlib/axes/_base.py::4145,0.364199
lib/matplotlib/axes/_base.py::4149,0.364199
lib/matplotlib/axes/_base.py::4151,0.364199
lib/matplotlib/axes/_base.py::4170,0.364199
lib/matplotlib/axes/_base.py::4171,0.364199
lib/matplotlib/axes/_base.py::4172,0.364199
lib/matplotlib/axes/_base.py::4174,0.364199
lib/matplotlib/axes/_base.py::4175,0.364199
lib/matplotlib/axes/_base.py::4176,0.364199
lib/matplotlib/axes/_base.py::4177,0.364199
lib/matplotlib/axes/_base.py::4183,0.364199
lib/matplotlib/axes/_base.py::4185,0.364199
lib/matplotlib/axes/_base.py::4186,0.364199
lib/matplotlib/axes/_base.py::4187,0.364199
lib/matplotlib/axes/_base.py::4189,0.364199
lib/matplotlib/axes/_base.py::4193,0.364199
lib/matplotlib/axes/_base.py::4194,0.364199
lib/matplotlib/axes/_base.py::4201,0.364199
lib/matplotlib/axes/_base.py::4202,0.364199
lib/matplotlib/axes/_base.py::4203,0.364199
lib/matplotlib/axes/_base.py::4204,0.364199
lib/matplotlib/axes/_base.py::4205,0.364199
lib/matplotlib/axes/_base.py::4206,0.364199
lib/matplotlib/axes/_base.py::4207,0.364199
lib/matplotlib/axes/_base.py::479,0.364199
lib/matplotlib/axes/_base.py::480,0.364199
lib/matplotlib/axes/_base.py::484,0.364199
lib/matplotlib/axes/_base.py::486,0.364199
lib/matplotlib/axes/_base.py::487,0.364199
lib/matplotlib/axes/_base.py::488,0.364199
lib/matplotlib/axes/_base.py::489,0.364199
lib/matplotlib/axes/_base.py::490,0.364199
lib/matplotlib/axes/_base.py::491,0.364199
lib/matplotlib/axes/_base.py::492,0.364199
lib/matplotlib/axes/_base.py::493,0.364199
lib/matplotlib/axes/_base.py::494,0.364199
lib/matplotlib/axes/_base.py::495,0.364199
lib/matplotlib/axes/_base.py::496,0.364199
lib/matplotlib/axes/_base.py::497,0.364199
lib/matplotlib/axes/_base.py::498,0.364199
lib/matplotlib/axes/_base.py::500,0.364199
lib/matplotlib/axes/_base.py::503,0.364199
lib/matplotlib/axes/_base.py::504,0.364199
lib/matplotlib/axes/_base.py::505,0.364199
lib/matplotlib/axes/_base.py::506,0.364199
lib/matplotlib/axes/_base.py::507,0.364199
lib/matplotlib/axes/_base.py::508,0.364199
lib/matplotlib/axes/_base.py::510,0.364199
lib/matplotlib/axes/_base.py::511,0.364199
lib/matplotlib/axes/_base.py::513,0.364199
lib/matplotlib/axes/_base.py::515,0.364199
lib/matplotlib/axes/_base.py::519,0.364199
lib/matplotlib/axes/_base.py::520,0.364199
lib/matplotlib/axes/_base.py::522,0.364199
lib/matplotlib/axes/_base.py::523,0.364199
lib/matplotlib/axes/_base.py::525,0.364199
lib/matplotlib/axes/_base.py::527,0.364199
lib/matplotlib/axes/_base.py::530,0.364199
lib/matplotlib/axes/_base.py::532,0.364199
lib/matplotlib/axes/_base.py::533,0.364199
lib/matplotlib/axes/_base.py::534,0.364199
lib/matplotlib/axes/_base.py::536,0.364199
lib/matplotlib/axes/_base.py::537,0.364199
lib/matplotlib/axes/_base.py::538,0.364199
lib/matplotlib/axes/_base.py::540,0.364199
lib/matplotlib/axes/_base.py::541,0.364199
lib/matplotlib/axes/_base.py::542,0.364199
lib/matplotlib/axes/_base.py::543,0.364199
lib/matplotlib/axes/_base.py::544,0.364199
lib/matplotlib/axes/_base.py::546,0.364199
lib/matplotlib/axes/_base.py::547,0.364199
lib/matplotlib/axes/_base.py::548,0.364199
lib/matplotlib/axes/_base.py::549,0.364199
lib/matplotlib/axes/_base.py::550,0.364199
lib/matplotlib/axes/_base.py::551,0.364199
lib/matplotlib/axes/_base.py::552,0.364199
lib/matplotlib/axes/_base.py::554,0.364199
lib/matplotlib/axes/_base.py::556,0.364199
lib/matplotlib/axes/_base.py::557,0.364199
lib/matplotlib/axes/_base.py::558,0.364199
lib/matplotlib/axes/_base.py::559,0.364199
lib/matplotlib/axes/_base.py::561,0.364199
lib/matplotlib/axes/_base.py::562,0.364199
lib/matplotlib/axes/_base.py::563,0.364199
lib/matplotlib/axes/_base.py::564,0.364199
lib/matplotlib/axes/_base.py::565,0.364199
lib/matplotlib/axes/_base.py::566,0.364199
lib/matplotlib/axes/_base.py::567,0.364199
lib/matplotlib/axes/_base.py::569,0.364199
lib/matplotlib/axes/_base.py::571,0.364199
lib/matplotlib/axes/_base.py::572,0.364199
lib/matplotlib/axes/_base.py::614,0.364199
lib/matplotlib/axes/_base.py::618,0.364199
lib/matplotlib/axes/_base.py::619,0.364199
lib/matplotlib/axes/_base.py::620,0.364199
lib/matplotlib/axes/_base.py::621,0.364199
lib/matplotlib/axes/_base.py::622,0.364199
lib/matplotlib/axes/_base.py::623,0.364199
lib/matplotlib/axes/_base.py::624,0.364199
lib/matplotlib/axes/_base.py::628,0.364199
lib/matplotlib/axes/_base.py::63,0.364199
lib/matplotlib/axes/_base.py::630,0.364199
lib/matplotlib/axes/_base.py::631,0.364199
lib/matplotlib/axes/_base.py::633,0.364199
lib/matplotlib/axes/_base.py::634,0.364199
lib/matplotlib/axes/_base.py::635,0.364199
lib/matplotlib/axes/_base.py::636,0.364199
lib/matplotlib/axes/_base.py::638,0.364199
lib/matplotlib/axes/_base.py::643,0.364199
lib/matplotlib/axes/_base.py::644,0.364199
lib/matplotlib/axes/_base.py::645,0.364199
lib/matplotlib/axes/_base.py::646,0.364199
lib/matplotlib/axes/_base.py::647,0.364199
lib/matplotlib/axes/_base.py::682,0.364199
lib/matplotlib/axes/_base.py::687,0.364199
lib/matplotlib/axes/_base.py::688,0.364199
lib/matplotlib/axes/_base.py::692,0.364199
lib/matplotlib/axes/_base.py::693,0.364199
lib/matplotlib/axes/_base.py::698,0.364199
lib/matplotlib/axes/_base.py::700,0.364199
lib/matplotlib/axes/_base.py::701,0.364199
lib/matplotlib/axes/_base.py::702,0.364199
lib/matplotlib/axes/_base.py::703,0.364199
lib/matplotlib/axes/_base.py::718,0.364199
lib/matplotlib/axes/_base.py::719,0.364199
lib/matplotlib/axes/_base.py::720,0.364199
lib/matplotlib/axes/_base.py::722,0.364199
lib/matplotlib/axes/_base.py::723,0.364199
lib/matplotlib/axes/_base.py::725,0.364199
lib/matplotlib/axes/_base.py::749,0.364199
lib/matplotlib/axes/_base.py::750,0.364199
lib/matplotlib/axes/_base.py::751,0.364199
lib/matplotlib/axes/_base.py::752,0.364199
lib/matplotlib/axes/_base.py::753,0.364199
lib/matplotlib/axes/_base.py::775,0.364199
lib/matplotlib/axes/_base.py::776,0.364199
lib/matplotlib/axes/_base.py::777,0.364199
lib/matplotlib/axes/_base.py::778,0.364199
lib/matplotlib/axes/_base.py::779,0.364199
lib/matplotlib/axes/_base.py::794,0.364199
lib/matplotlib/axes/_base.py::795,0.364199
lib/matplotlib/axes/_base.py::796,0.364199
lib/matplotlib/axes/_base.py::798,0.364199
lib/matplotlib/axes/_base.py::799,0.364199
lib/matplotlib/axes/_base.py::801,0.364199
lib/matplotlib/axes/_base.py::825,0.364199
lib/matplotlib/axes/_base.py::826,0.364199
lib/matplotlib/axes/_base.py::827,0.364199
lib/matplotlib/axes/_base.py::828,0.364199
lib/matplotlib/axes/_base.py::829,0.364199
lib/matplotlib/axes/_base.py::851,0.364199
lib/matplotlib/axes/_base.py::852,0.364199
lib/matplotlib/axes/_base.py::853,0.364199
lib/matplotlib/axes/_base.py::854,0.364199
lib/matplotlib/axes/_base.py::855,0.364199
lib/matplotlib/axes/_base.py::858,0.364199
lib/matplotlib/axes/_base.py::859,0.364199
lib/matplotlib/axes/_base.py::860,0.364199
lib/matplotlib/axes/_base.py::861,0.364199
lib/matplotlib/axes/_base.py::883,0.364199
lib/matplotlib/axes/_base.py::884,0.364199
lib/matplotlib/axes/_base.py::886,0.364199
lib/matplotlib/axes/_base.py::887,0.364199
lib/matplotlib/axes/_base.py::888,0.364199
lib/matplotlib/axes/_base.py::889,0.364199
lib/matplotlib/axes/_base.py::923,0.364199
lib/matplotlib/axes/_base.py::925,0.364199
lib/matplotlib/axes/_base.py::926,0.364199
lib/matplotlib/axes/_base.py::927,0.364199
lib/matplotlib/axes/_base.py::928,0.364199
lib/matplotlib/axes/_base.py::930,0.364199
lib/matplotlib/axes/_base.py::951,0.364199
lib/matplotlib/axes/_base.py::952,0.364199
lib/matplotlib/axes/_base.py::958,0.364199
lib/matplotlib/axes/_base.py::962,0.364199
lib/matplotlib/axes/_base.py::963,0.364199
lib/matplotlib/axes/_base.py::966,0.364199
lib/matplotlib/axes/_base.py::967,0.364199
lib/matplotlib/axes/_base.py::985,0.364199
lib/matplotlib/axis.py::100,0.364199
lib/matplotlib/axis.py::102,0.364199
lib/matplotlib/axis.py::103,0.364199
lib/matplotlib/axis.py::105,0.364199
lib/matplotlib/axis.py::107,0.364199
lib/matplotlib/axis.py::108,0.364199
lib/matplotlib/axis.py::109,0.364199
lib/matplotlib/axis.py::111,0.364199
lib/matplotlib/axis.py::112,0.364199
lib/matplotlib/axis.py::113,0.364199
lib/matplotlib/axis.py::115,0.364199
lib/matplotlib/axis.py::116,0.364199
lib/matplotlib/axis.py::118,0.364199
lib/matplotlib/axis.py::119,0.364199
lib/matplotlib/axis.py::120,0.364199
lib/matplotlib/axis.py::122,0.364199
lib/matplotlib/axis.py::123,0.364199
lib/matplotlib/axis.py::125,0.364199
lib/matplotlib/axis.py::126,0.364199
lib/matplotlib/axis.py::128,0.364199
lib/matplotlib/axis.py::130,0.364199
lib/matplotlib/axis.py::131,0.364199
lib/matplotlib/axis.py::132,0.364199
lib/matplotlib/axis.py::134,0.364199
lib/matplotlib/axis.py::135,0.364199
lib/matplotlib/axis.py::1361,0.364199
lib/matplotlib/axis.py::137,0.364199
lib/matplotlib/axis.py::138,0.364199
lib/matplotlib/axis.py::139,0.364199
lib/matplotlib/axis.py::140,0.364199
lib/matplotlib/axis.py::141,0.364199
lib/matplotlib/axis.py::142,0.364199
lib/matplotlib/axis.py::1425,0.364199
lib/matplotlib/axis.py::143,0.364199
lib/matplotlib/axis.py::1431,0.364199
lib/matplotlib/axis.py::1432,0.364199
lib/matplotlib/axis.py::1433,0.364199
lib/matplotlib/axis.py::1435,0.364199
lib/matplotlib/axis.py::144,0.364199
lib/matplotlib/axis.py::1442,0.364199
lib/matplotlib/axis.py::1443,0.364199
lib/matplotlib/axis.py::1446,0.364199
lib/matplotlib/axis.py::1447,0.364199
lib/matplotlib/axis.py::1448,0.364199
lib/matplotlib/axis.py::1449,0.364199
lib/matplotlib/axis.py::145,0.364199
lib/matplotlib/axis.py::1457,0.364199
lib/matplotlib/axis.py::1458,0.364199
lib/matplotlib/axis.py::1459,0.364199
lib/matplotlib/axis.py::147,0.364199
lib/matplotlib/axis.py::149,0.364199
lib/matplotlib/axis.py::150,0.364199
lib/matplotlib/axis.py::1507,0.364199
lib/matplotlib/axis.py::151,0.364199
lib/matplotlib/axis.py::1511,0.364199
lib/matplotlib/axis.py::1512,0.364199
lib/matplotlib/axis.py::152,0.364199
lib/matplotlib/axis.py::1534,0.364199
lib/matplotlib/axis.py::1535,0.364199
lib/matplotlib/axis.py::154,0.364199
lib/matplotlib/axis.py::155,0.364199
lib/matplotlib/axis.py::156,0.364199
lib/matplotlib/axis.py::157,0.364199
lib/matplotlib/axis.py::159,0.364199
lib/matplotlib/axis.py::1591,0.364199
lib/matplotlib/axis.py::160,0.364199
lib/matplotlib/axis.py::1605,0.364199
lib/matplotlib/axis.py::1608,0.364199
lib/matplotlib/axis.py::161,0.364199
lib/matplotlib/axis.py::1612,0.364199
lib/matplotlib/axis.py::1613,0.364199
lib/matplotlib/axis.py::1616,0.364199
lib/matplotlib/axis.py::1618,0.364199
lib/matplotlib/axis.py::162,0.364199
lib/matplotlib/axis.py::1624,0.364199
lib/matplotlib/axis.py::1625,0.364199
lib/matplotlib/axis.py::1627,0.364199
lib/matplotlib/axis.py::1629,0.364199
lib/matplotlib/axis.py::163,0.364199
lib/matplotlib/axis.py::1630,0.364199
lib/matplotlib/axis.py::1631,0.364199
lib/matplotlib/axis.py::1641,0.364199
lib/matplotlib/axis.py::1642,0.364199
lib/matplotlib/axis.py::1643,0.364199
lib/matplotlib/axis.py::1644,0.364199
lib/matplotlib/axis.py::1645,0.364199
lib/matplotlib/axis.py::1646,0.364199
lib/matplotlib/axis.py::1647,0.364199
lib/matplotlib/axis.py::1657,0.364199
lib/matplotlib/axis.py::1658,0.364199
lib/matplotlib/axis.py::1659,0.364199
lib/matplotlib/axis.py::166,0.364199
lib/matplotlib/axis.py::1660,0.364199
lib/matplotlib/axis.py::1661,0.364199
lib/matplotlib/axis.py::1662,0.364199
lib/matplotlib/axis.py::1663,0.364199
lib/matplotlib/axis.py::167,0.364199
lib/matplotlib/axis.py::168,0.364199
lib/matplotlib/axis.py::169,0.364199
lib/matplotlib/axis.py::170,0.364199
lib/matplotlib/axis.py::171,0.364199
lib/matplotlib/axis.py::172,0.364199
lib/matplotlib/axis.py::173,0.364199
lib/matplotlib/axis.py::177,0.364199
lib/matplotlib/axis.py::178,0.364199
lib/matplotlib/axis.py::179,0.364199
lib/matplotlib/axis.py::183,0.364199
lib/matplotlib/axis.py::185,0.364199
lib/matplotlib/axis.py::186,0.364199
lib/matplotlib/axis.py::187,0.364199
lib/matplotlib/axis.py::189,0.364199
lib/matplotlib/axis.py::1968,0.364199
lib/matplotlib/axis.py::197,0.364199
lib/matplotlib/axis.py::1971,0.364199
lib/matplotlib/axis.py::1972,0.364199
lib/matplotlib/axis.py::1973,0.364199
lib/matplotlib/axis.py::1974,0.364199
lib/matplotlib/axis.py::1975,0.364199
lib/matplotlib/axis.py::1977,0.364199
lib/matplotlib/axis.py::1978,0.364199
lib/matplotlib/axis.py::1979,0.364199
lib/matplotlib/axis.py::1980,0.364199
lib/matplotlib/axis.py::1981,0.364199
lib/matplotlib/axis.py::1982,0.364199
lib/matplotlib/axis.py::1983,0.364199
lib/matplotlib/axis.py::1984,0.364199
lib/matplotlib/axis.py::1986,0.364199
lib/matplotlib/axis.py::200,0.364199
lib/matplotlib/axis.py::2007,0.364199
lib/matplotlib/axis.py::2008,0.364199
lib/matplotlib/axis.py::2010,0.364199
lib/matplotlib/axis.py::2011,0.364199
lib/matplotlib/axis.py::203,0.364199
lib/matplotlib/axis.py::204,0.364199
lib/matplotlib/axis.py::205,0.364199
lib/matplotlib/axis.py::206,0.364199
lib/matplotlib/axis.py::217,0.364199
lib/matplotlib/axis.py::218,0.364199
lib/matplotlib/axis.py::219,0.364199
lib/matplotlib/axis.py::221,0.364199
lib/matplotlib/axis.py::2213,0.364199
lib/matplotlib/axis.py::2256,0.364199
lib/matplotlib/axis.py::2259,0.364199
lib/matplotlib/axis.py::2260,0.364199
lib/matplotlib/axis.py::2261,0.364199
lib/matplotlib/axis.py::2262,0.364199
lib/matplotlib/axis.py::2263,0.364199
lib/matplotlib/axis.py::2264,0.364199
lib/matplotlib/axis.py::2266,0.364199
lib/matplotlib/axis.py::2268,0.364199
lib/matplotlib/axis.py::2269,0.364199
lib/matplotlib/axis.py::2270,0.364199
lib/matplotlib/axis.py::2271,0.364199
lib/matplotlib/axis.py::2272,0.364199
lib/matplotlib/axis.py::2273,0.364199
lib/matplotlib/axis.py::2274,0.364199
lib/matplotlib/axis.py::2276,0.364199
lib/matplotlib/axis.py::2297,0.364199
lib/matplotlib/axis.py::2298,0.364199
lib/matplotlib/axis.py::230,0.364199
lib/matplotlib/axis.py::2300,0.364199
lib/matplotlib/axis.py::2301,0.364199
lib/matplotlib/axis.py::231,0.364199
lib/matplotlib/axis.py::232,0.364199
lib/matplotlib/axis.py::2498,0.364199
lib/matplotlib/axis.py::333,0.364199
lib/matplotlib/axis.py::342,0.364199
lib/matplotlib/axis.py::343,0.364199
lib/matplotlib/axis.py::344,0.364199
lib/matplotlib/axis.py::345,0.364199
lib/matplotlib/axis.py::346,0.364199
lib/matplotlib/axis.py::347,0.364199
lib/matplotlib/axis.py::348,0.364199
lib/matplotlib/axis.py::349,0.364199
lib/matplotlib/axis.py::368,0.364199
lib/matplotlib/axis.py::369,0.364199
lib/matplotlib/axis.py::371,0.364199
lib/matplotlib/axis.py::372,0.364199
lib/matplotlib/axis.py::373,0.364199
lib/matplotlib/axis.py::376,0.364199
lib/matplotlib/axis.py::381,0.364199
lib/matplotlib/axis.py::383,0.364199
lib/matplotlib/axis.py::384,0.364199
lib/matplotlib/axis.py::385,0.364199
lib/matplotlib/axis.py::392,0.364199
lib/matplotlib/axis.py::394,0.364199
lib/matplotlib/axis.py::395,0.364199
lib/matplotlib/axis.py::417,0.364199
lib/matplotlib/axis.py::419,0.364199
lib/matplotlib/axis.py::420,0.364199
lib/matplotlib/axis.py::421,0.364199
lib/matplotlib/axis.py::422,0.364199
lib/matplotlib/axis.py::424,0.364199
lib/matplotlib/axis.py::425,0.364199
lib/matplotlib/axis.py::426,0.364199
lib/matplotlib/axis.py::427,0.364199
lib/matplotlib/axis.py::429,0.364199
lib/matplotlib/axis.py::430,0.364199
lib/matplotlib/axis.py::431,0.364199
lib/matplotlib/axis.py::434,0.364199
lib/matplotlib/axis.py::435,0.364199
lib/matplotlib/axis.py::436,0.364199
lib/matplotlib/axis.py::437,0.364199
lib/matplotlib/axis.py::439,0.364199
lib/matplotlib/axis.py::440,0.364199
lib/matplotlib/axis.py::441,0.364199
lib/matplotlib/axis.py::442,0.364199
lib/matplotlib/axis.py::446,0.364199
lib/matplotlib/axis.py::449,0.364199
lib/matplotlib/axis.py::453,0.364199
lib/matplotlib/axis.py::454,0.364199
lib/matplotlib/axis.py::455,0.364199
lib/matplotlib/axis.py::456,0.364199
lib/matplotlib/axis.py::458,0.364199
lib/matplotlib/axis.py::459,0.364199
lib/matplotlib/axis.py::464,0.364199
lib/matplotlib/axis.py::465,0.364199
lib/matplotlib/axis.py::469,0.364199
lib/matplotlib/axis.py::470,0.364199
lib/matplotlib/axis.py::471,0.364199
lib/matplotlib/axis.py::472,0.364199
lib/matplotlib/axis.py::473,0.364199
lib/matplotlib/axis.py::474,0.364199
lib/matplotlib/axis.py::475,0.364199
lib/matplotlib/axis.py::490,0.364199
lib/matplotlib/axis.py::492,0.364199
lib/matplotlib/axis.py::493,0.364199
lib/matplotlib/axis.py::494,0.364199
lib/matplotlib/axis.py::495,0.364199
lib/matplotlib/axis.py::497,0.364199
lib/matplotlib/axis.py::498,0.364199
lib/matplotlib/axis.py::499,0.364199
lib/matplotlib/axis.py::500,0.364199
lib/matplotlib/axis.py::502,0.364199
lib/matplotlib/axis.py::503,0.364199
lib/matplotlib/axis.py::504,0.364199
lib/matplotlib/axis.py::507,0.364199
lib/matplotlib/axis.py::508,0.364199
lib/matplotlib/axis.py::509,0.364199
lib/matplotlib/axis.py::510,0.364199
lib/matplotlib/axis.py::512,0.364199
lib/matplotlib/axis.py::513,0.364199
lib/matplotlib/axis.py::514,0.364199
lib/matplotlib/axis.py::515,0.364199
lib/matplotlib/axis.py::519,0.364199
lib/matplotlib/axis.py::522,0.364199
lib/matplotlib/axis.py::525,0.364199
lib/matplotlib/axis.py::526,0.364199
lib/matplotlib/axis.py::527,0.364199
lib/matplotlib/axis.py::529,0.364199
lib/matplotlib/axis.py::530,0.364199
lib/matplotlib/axis.py::535,0.364199
lib/matplotlib/axis.py::536,0.364199
lib/matplotlib/axis.py::540,0.364199
lib/matplotlib/axis.py::541,0.364199
lib/matplotlib/axis.py::542,0.364199
lib/matplotlib/axis.py::543,0.364199
lib/matplotlib/axis.py::544,0.364199
lib/matplotlib/axis.py::545,0.364199
lib/matplotlib/axis.py::546,0.364199
lib/matplotlib/axis.py::566,0.364199
lib/matplotlib/axis.py::567,0.364199
lib/matplotlib/axis.py::571,0.364199
lib/matplotlib/axis.py::575,0.364199
lib/matplotlib/axis.py::580,0.364199
lib/matplotlib/axis.py::584,0.364199
lib/matplotlib/axis.py::588,0.364199
lib/matplotlib/axis.py::593,0.364199
lib/matplotlib/axis.py::608,0.364199
lib/matplotlib/axis.py::616,0.364199
lib/matplotlib/axis.py::617,0.364199
lib/matplotlib/axis.py::618,0.364199
lib/matplotlib/axis.py::619,0.364199
lib/matplotlib/axis.py::620,0.364199
lib/matplotlib/axis.py::622,0.364199
lib/matplotlib/axis.py::623,0.364199
lib/matplotlib/axis.py::624,0.364199
lib/matplotlib/axis.py::625,0.364199
lib/matplotlib/axis.py::674,0.364199
lib/matplotlib/axis.py::675,0.364199
lib/matplotlib/axis.py::677,0.364199
lib/matplotlib/axis.py::679,0.364199
lib/matplotlib/axis.py::681,0.364199
lib/matplotlib/axis.py::682,0.364199
lib/matplotlib/axis.py::683,0.364199
lib/matplotlib/axis.py::684,0.364199
lib/matplotlib/axis.py::686,0.364199
lib/matplotlib/axis.py::687,0.364199
lib/matplotlib/axis.py::689,0.364199
lib/matplotlib/axis.py::690,0.364199
lib/matplotlib/axis.py::691,0.364199
lib/matplotlib/axis.py::692,0.364199
lib/matplotlib/axis.py::693,0.364199
lib/matplotlib/axis.py::695,0.364199
lib/matplotlib/axis.py::696,0.364199
lib/matplotlib/axis.py::697,0.364199
lib/matplotlib/axis.py::699,0.364199
lib/matplotlib/axis.py::701,0.364199
lib/matplotlib/axis.py::704,0.364199
lib/matplotlib/axis.py::705,0.364199
lib/matplotlib/axis.py::707,0.364199
lib/matplotlib/axis.py::708,0.364199
lib/matplotlib/axis.py::748,0.364199
lib/matplotlib/axis.py::752,0.364199
lib/matplotlib/axis.py::755,0.364199
lib/matplotlib/axis.py::756,0.364199
lib/matplotlib/axis.py::758,0.364199
lib/matplotlib/axis.py::759,0.364199
lib/matplotlib/axis.py::760,0.364199
lib/matplotlib/axis.py::761,0.364199
lib/matplotlib/axis.py::764,0.364199
lib/matplotlib/axis.py::773,0.364199
lib/matplotlib/axis.py::775,0.364199
lib/matplotlib/axis.py::778,0.364199
lib/matplotlib/axis.py::782,0.364199
lib/matplotlib/axis.py::785,0.364199
lib/matplotlib/axis.py::788,0.364199
lib/matplotlib/axis.py::790,0.364199
lib/matplotlib/axis.py::791,0.364199
lib/matplotlib/axis.py::792,0.364199
lib/matplotlib/axis.py::793,0.364199
lib/matplotlib/axis.py::802,0.364199
lib/matplotlib/axis.py::803,0.364199
lib/matplotlib/axis.py::804,0.364199
lib/matplotlib/axis.py::805,0.364199
lib/matplotlib/axis.py::806,0.364199
lib/matplotlib/axis.py::807,0.364199
lib/matplotlib/axis.py::808,0.364199
lib/matplotlib/axis.py::809,0.364199
lib/matplotlib/axis.py::810,0.364199
lib/matplotlib/axis.py::811,0.364199
lib/matplotlib/axis.py::812,0.364199
lib/matplotlib/axis.py::813,0.364199
lib/matplotlib/axis.py::822,0.364199
lib/matplotlib/axis.py::823,0.364199
lib/matplotlib/axis.py::827,0.364199
lib/matplotlib/axis.py::836,0.364199
lib/matplotlib/axis.py::837,0.364199
lib/matplotlib/axis.py::838,0.364199
lib/matplotlib/axis.py::839,0.364199
lib/matplotlib/axis.py::840,0.364199
lib/matplotlib/axis.py::841,0.364199
lib/matplotlib/axis.py::842,0.364199
lib/matplotlib/axis.py::843,0.364199
lib/matplotlib/axis.py::845,0.364199
lib/matplotlib/axis.py::846,0.364199
lib/matplotlib/axis.py::847,0.364199
lib/matplotlib/axis.py::848,0.364199
lib/matplotlib/axis.py::849,0.364199
lib/matplotlib/axis.py::85,0.364199
lib/matplotlib/axis.py::852,0.364199
lib/matplotlib/axis.py::857,0.364199
lib/matplotlib/axis.py::858,0.364199
lib/matplotlib/axis.py::859,0.364199
lib/matplotlib/axis.py::860,0.364199
lib/matplotlib/axis.py::861,0.364199
lib/matplotlib/axis.py::862,0.364199
lib/matplotlib/axis.py::863,0.364199
lib/matplotlib/axis.py::864,0.364199
lib/matplotlib/axis.py::866,0.364199
lib/matplotlib/axis.py::868,0.364199
lib/matplotlib/axis.py::87,0.364199
lib/matplotlib/axis.py::870,0.364199
lib/matplotlib/axis.py::871,0.364199
lib/matplotlib/axis.py::872,0.364199
lib/matplotlib/axis.py::873,0.364199
lib/matplotlib/axis.py::874,0.364199
lib/matplotlib/axis.py::875,0.364199
lib/matplotlib/axis.py::876,0.364199
lib/matplotlib/axis.py::877,0.364199
lib/matplotlib/axis.py::878,0.364199
lib/matplotlib/axis.py::879,0.364199
lib/matplotlib/axis.py::88,0.364199
lib/matplotlib/axis.py::880,0.364199
lib/matplotlib/axis.py::881,0.364199
lib/matplotlib/axis.py::882,0.364199
lib/matplotlib/axis.py::883,0.364199
lib/matplotlib/axis.py::884,0.364199
lib/matplotlib/axis.py::885,0.364199
lib/matplotlib/axis.py::886,0.364199
lib/matplotlib/axis.py::891,0.364199
lib/matplotlib/axis.py::892,0.364199
lib/matplotlib/axis.py::896,0.364199
lib/matplotlib/axis.py::897,0.364199
lib/matplotlib/axis.py::900,0.364199
lib/matplotlib/axis.py::901,0.364199
lib/matplotlib/axis.py::902,0.364199
lib/matplotlib/axis.py::903,0.364199
lib/matplotlib/axis.py::91,0.364199
lib/matplotlib/axis.py::92,0.364199
lib/matplotlib/axis.py::95,0.364199
lib/matplotlib/axis.py::97,0.364199
lib/matplotlib/axis.py::98,0.364199
lib/matplotlib/axis.py::981,0.364199
lib/matplotlib/axis.py::983,0.364199
lib/matplotlib/backend_bases.py::1202,0.364199
lib/matplotlib/backend_bases.py::1203,0.364199
lib/matplotlib/backend_bases.py::1204,0.364199
lib/matplotlib/backend_bases.py::1230,0.364199
lib/matplotlib/backend_bases.py::1231,0.364199
lib/matplotlib/backend_bases.py::139,0.364199
lib/matplotlib/backend_bases.py::140,0.364199
lib/matplotlib/backend_bases.py::141,0.364199
lib/matplotlib/backend_bases.py::1518,0.364199
lib/matplotlib/backend_bases.py::1519,0.364199
lib/matplotlib/backend_bases.py::1521,0.364199
lib/matplotlib/backend_bases.py::1523,0.364199
lib/matplotlib/backend_bases.py::1524,0.364199
lib/matplotlib/backend_bases.py::1527,0.364199
lib/matplotlib/backend_bases.py::1528,0.364199
lib/matplotlib/backend_bases.py::1529,0.364199
lib/matplotlib/backend_bases.py::1530,0.364199
lib/matplotlib/backend_bases.py::1532,0.364199
lib/matplotlib/backend_bases.py::1533,0.364199
lib/matplotlib/backend_bases.py::1534,0.364199
lib/matplotlib/backend_bases.py::1535,0.364199
lib/matplotlib/backend_bases.py::1536,0.364199
lib/matplotlib/backend_bases.py::1538,0.364199
lib/matplotlib/backend_bases.py::1596,0.364199
lib/matplotlib/backend_bases.py::1597,0.364199
lib/matplotlib/backend_bases.py::1598,0.364199
lib/matplotlib/backend_bases.py::1599,0.364199
lib/matplotlib/backend_bases.py::1600,0.364199
lib/matplotlib/backend_bases.py::1601,0.364199
lib/matplotlib/backend_bases.py::1603,0.364199
lib/matplotlib/backend_bases.py::1604,0.364199
lib/matplotlib/backend_bases.py::1605,0.364199
lib/matplotlib/backend_bases.py::1606,0.364199
lib/matplotlib/backend_bases.py::1607,0.364199
lib/matplotlib/backend_bases.py::1608,0.364199
lib/matplotlib/backend_bases.py::1609,0.364199
lib/matplotlib/backend_bases.py::1610,0.364199
lib/matplotlib/backend_bases.py::1611,0.364199
lib/matplotlib/backend_bases.py::1612,0.364199
lib/matplotlib/backend_bases.py::1653,0.364199
lib/matplotlib/backend_bases.py::1667,0.364199
lib/matplotlib/backend_bases.py::1668,0.364199
lib/matplotlib/backend_bases.py::1669,0.364199
lib/matplotlib/backend_bases.py::1904,0.364199
lib/matplotlib/backend_bases.py::1972,0.364199
lib/matplotlib/backend_bases.py::1980,0.364199
lib/matplotlib/backend_bases.py::1982,0.364199
lib/matplotlib/backend_bases.py::2047,0.364199
lib/matplotlib/backend_bases.py::2057,0.364199
lib/matplotlib/backend_bases.py::2060,0.364199
lib/matplotlib/backend_bases.py::2061,0.364199
lib/matplotlib/backend_bases.py::2063,0.364199
lib/matplotlib/backend_bases.py::2065,0.364199
lib/matplotlib/backend_bases.py::2072,0.364199
lib/matplotlib/backend_bases.py::2073,0.364199
lib/matplotlib/backend_bases.py::2074,0.364199
lib/matplotlib/backend_bases.py::2075,0.364199
lib/matplotlib/backend_bases.py::2077,0.364199
lib/matplotlib/backend_bases.py::2078,0.364199
lib/matplotlib/backend_bases.py::2079,0.364199
lib/matplotlib/backend_bases.py::2081,0.364199
lib/matplotlib/backend_bases.py::2082,0.364199
lib/matplotlib/backend_bases.py::2083,0.364199
lib/matplotlib/backend_bases.py::2086,0.364199
lib/matplotlib/backend_bases.py::2087,0.364199
lib/matplotlib/backend_bases.py::2089,0.364199
lib/matplotlib/backend_bases.py::2091,0.364199
lib/matplotlib/backend_bases.py::2092,0.364199
lib/matplotlib/backend_bases.py::2093,0.364199
lib/matplotlib/backend_bases.py::2094,0.364199
lib/matplotlib/backend_bases.py::2095,0.364199
lib/matplotlib/backend_bases.py::2096,0.364199
lib/matplotlib/backend_bases.py::2097,0.364199
lib/matplotlib/backend_bases.py::2098,0.364199
lib/matplotlib/backend_bases.py::2099,0.364199
lib/matplotlib/backend_bases.py::2100,0.364199
lib/matplotlib/backend_bases.py::2101,0.364199
lib/matplotlib/backend_bases.py::2103,0.364199
lib/matplotlib/backend_bases.py::2106,0.364199
lib/matplotlib/backend_bases.py::2107,0.364199
lib/matplotlib/backend_bases.py::2109,0.364199
lib/matplotlib/backend_bases.py::2113,0.364199
lib/matplotlib/backend_bases.py::2114,0.364199
lib/matplotlib/backend_bases.py::2115,0.364199
lib/matplotlib/backend_bases.py::2116,0.364199
lib/matplotlib/backend_bases.py::2117,0.364199
lib/matplotlib/backend_bases.py::2118,0.364199
lib/matplotlib/backend_bases.py::2119,0.364199
lib/matplotlib/backend_bases.py::2120,0.364199
lib/matplotlib/backend_bases.py::2121,0.364199
lib/matplotlib/backend_bases.py::2123,0.364199
lib/matplotlib/backend_bases.py::2124,0.364199
lib/matplotlib/backend_bases.py::2126,0.364199
lib/matplotlib/backend_bases.py::2127,0.364199
lib/matplotlib/backend_bases.py::2128,0.364199
lib/matplotlib/backend_bases.py::2129,0.364199
lib/matplotlib/backend_bases.py::2235,0.364199
lib/matplotlib/backend_bases.py::2249,0.364199
lib/matplotlib/backend_bases.py::2593,0.364199
lib/matplotlib/backend_bases.py::2594,0.364199
lib/matplotlib/backend_bases.py::2595,0.364199
lib/matplotlib/backend_bases.py::2597,0.364199
lib/matplotlib/backend_bases.py::2598,0.364199
lib/matplotlib/backend_bases.py::2599,0.364199
lib/matplotlib/backend_bases.py::2600,0.364199
lib/matplotlib/backend_bases.py::2601,0.364199
lib/matplotlib/backend_bases.py::2602,0.364199
lib/matplotlib/backend_bases.py::2603,0.364199
lib/matplotlib/backend_bases.py::2604,0.364199
lib/matplotlib/backend_bases.py::2605,0.364199
lib/matplotlib/backend_bases.py::2608,0.364199
lib/matplotlib/backend_bases.py::2609,0.364199
lib/matplotlib/backend_bases.py::2610,0.364199
lib/matplotlib/backend_bases.py::2612,0.364199
lib/matplotlib/backend_bases.py::2615,0.364199
lib/matplotlib/backend_bases.py::2637,0.364199
lib/matplotlib/backend_bases.py::3387,0.364199
lib/matplotlib/backend_bases.py::3388,0.364199
lib/matplotlib/backend_bases.py::3389,0.364199
lib/matplotlib/backend_bases.py::3390,0.364199
lib/matplotlib/backend_bases.py::3395,0.364199
lib/matplotlib/backend_bases.py::3396,0.364199
lib/matplotlib/backend_bases.py::3397,0.364199
lib/matplotlib/backend_bases.py::3401,0.364199
lib/matplotlib/backend_bases.py::657,0.364199
lib/matplotlib/backend_bases.py::716,0.364199
lib/matplotlib/backend_bases.py::717,0.364199
lib/matplotlib/backend_bases.py::718,0.364199
lib/matplotlib/backend_bases.py::719,0.364199
lib/matplotlib/backend_bases.py::720,0.364199
lib/matplotlib/backend_bases.py::721,0.364199
lib/matplotlib/backend_bases.py::722,0.364199
lib/matplotlib/backend_bases.py::723,0.364199
lib/matplotlib/backend_bases.py::724,0.364199
lib/matplotlib/backend_bases.py::725,0.364199
lib/matplotlib/backend_bases.py::726,0.364199
lib/matplotlib/backend_bases.py::727,0.364199
lib/matplotlib/backend_bases.py::728,0.364199
lib/matplotlib/backend_bases.py::729,0.364199
lib/matplotlib/backend_bases.py::730,0.364199
lib/matplotlib/backend_bases.py::731,0.364199
lib/matplotlib/backend_bases.py::732,0.364199
lib/matplotlib/backend_bases.py::733,0.364199
lib/matplotlib/backend_bases.py::756,0.364199
lib/matplotlib/backend_bases.py::855,0.364199
lib/matplotlib/backend_bases.py::861,0.364199
lib/matplotlib/backend_bases.py::887,0.364199
lib/matplotlib/backend_bases.py::888,0.364199
lib/matplotlib/backend_bases.py::927,0.364199
lib/matplotlib/backend_bases.py::947,0.364199
lib/matplotlib/backends/backend_agg.py::101,0.364199
lib/matplotlib/backends/backend_agg.py::112,0.364199
lib/matplotlib/backends/backend_agg.py::113,0.364199
lib/matplotlib/backends/backend_agg.py::114,0.364199
lib/matplotlib/backends/backend_agg.py::115,0.364199
lib/matplotlib/backends/backend_agg.py::119,0.364199
lib/matplotlib/backends/backend_agg.py::120,0.364199
lib/matplotlib/backends/backend_agg.py::121,0.364199
lib/matplotlib/backends/backend_agg.py::285,0.364199
lib/matplotlib/backends/backend_agg.py::302,0.364199
lib/matplotlib/backends/backend_agg.py::401,0.364199
lib/matplotlib/backends/backend_agg.py::403,0.364199
lib/matplotlib/backends/backend_agg.py::404,0.364199
lib/matplotlib/backends/backend_agg.py::405,0.364199
lib/matplotlib/backends/backend_agg.py::406,0.364199
lib/matplotlib/backends/backend_agg.py::409,0.364199
lib/matplotlib/backends/backend_agg.py::412,0.364199
lib/matplotlib/backends/backend_agg.py::413,0.364199
lib/matplotlib/backends/backend_agg.py::414,0.364199
lib/matplotlib/backends/backend_agg.py::415,0.364199
lib/matplotlib/backends/backend_agg.py::416,0.364199
lib/matplotlib/backends/backend_agg.py::417,0.364199
lib/matplotlib/backends/backend_agg.py::418,0.364199
lib/matplotlib/backends/backend_agg.py::421,0.364199
lib/matplotlib/backends/backend_agg.py::448,0.364199
lib/matplotlib/backends/backend_agg.py::507,0.364199
lib/matplotlib/backends/backend_agg.py::508,0.364199
lib/matplotlib/backends/backend_agg.py::509,0.364199
lib/matplotlib/backends/backend_agg.py::510,0.364199
lib/matplotlib/backends/backend_agg.py::90,0.364199
lib/matplotlib/backends/backend_agg.py::92,0.364199
lib/matplotlib/backends/backend_agg.py::93,0.364199
lib/matplotlib/backends/backend_agg.py::94,0.364199
lib/matplotlib/backends/backend_agg.py::95,0.364199
lib/matplotlib/backends/backend_agg.py::96,0.364199
lib/matplotlib/backends/backend_agg.py::98,0.364199
lib/matplotlib/backends/backend_agg.py::99,0.364199
lib/matplotlib/bezier.py::192,0.364199
lib/matplotlib/bezier.py::193,0.364199
lib/matplotlib/bezier.py::194,0.364199
lib/matplotlib/bezier.py::195,0.364199
lib/matplotlib/bezier.py::197,0.364199
lib/matplotlib/bezier.py::198,0.364199
lib/matplotlib/bezier.py::214,0.364199
lib/matplotlib/bezier.py::215,0.364199
lib/matplotlib/bezier.py::216,0.364199
lib/matplotlib/bezier.py::225,0.364199
lib/matplotlib/bezier.py::235,0.364199
lib/matplotlib/bezier.py::262,0.364199
lib/matplotlib/bezier.py::264,0.364199
lib/matplotlib/bezier.py::267,0.364199
lib/matplotlib/bezier.py::268,0.364199
lib/matplotlib/bezier.py::269,0.364199
lib/matplotlib/bezier.py::270,0.364199
lib/matplotlib/bezier.py::271,0.364199
lib/matplotlib/bezier.py::289,0.364199
lib/matplotlib/bezier.py::290,0.364199
lib/matplotlib/bezier.py::291,0.364199
lib/matplotlib/bezier.py::292,0.364199
lib/matplotlib/bezier.py::293,0.364199
lib/matplotlib/bezier.py::294,0.364199
lib/matplotlib/bezier.py::295,0.364199
lib/matplotlib/bezier.py::296,0.364199
lib/matplotlib/bezier.py::297,0.364199
lib/matplotlib/bezier.py::298,0.364199
lib/matplotlib/bezier.py::299,0.364199
lib/matplotlib/bezier.py::300,0.364199
lib/matplotlib/bezier.py::301,0.364199
lib/matplotlib/bezier.py::302,0.364199
lib/matplotlib/bezier.py::303,0.364199
lib/matplotlib/cbook/__init__.py::101,0.364199
lib/matplotlib/cbook/__init__.py::1275,0.364199
lib/matplotlib/cbook/__init__.py::1276,0.364199
lib/matplotlib/cbook/__init__.py::1277,0.364199
lib/matplotlib/cbook/__init__.py::1278,0.364199
lib/matplotlib/cbook/__init__.py::1286,0.364199
lib/matplotlib/cbook/__init__.py::1289,0.364199
lib/matplotlib/cbook/__init__.py::159,0.364199
lib/matplotlib/cbook/__init__.py::1592,0.364199
lib/matplotlib/cbook/__init__.py::160,0.364199
lib/matplotlib/cbook/__init__.py::161,0.364199
lib/matplotlib/cbook/__init__.py::162,0.364199
lib/matplotlib/cbook/__init__.py::1641,0.364199
lib/matplotlib/cbook/__init__.py::1653,0.364199
lib/matplotlib/cbook/__init__.py::170,0.364199
lib/matplotlib/cbook/__init__.py::171,0.364199
lib/matplotlib/cbook/__init__.py::1715,0.364199
lib/matplotlib/cbook/__init__.py::1718,0.364199
lib/matplotlib/cbook/__init__.py::172,0.364199
lib/matplotlib/cbook/__init__.py::1720,0.364199
lib/matplotlib/cbook/__init__.py::1721,0.364199
lib/matplotlib/cbook/__init__.py::1722,0.364199
lib/matplotlib/cbook/__init__.py::1724,0.364199
lib/matplotlib/cbook/__init__.py::1725,0.364199
lib/matplotlib/cbook/__init__.py::1726,0.364199
lib/matplotlib/cbook/__init__.py::1727,0.364199
lib/matplotlib/cbook/__init__.py::1728,0.364199
lib/matplotlib/cbook/__init__.py::173,0.364199
lib/matplotlib/cbook/__init__.py::1730,0.364199
lib/matplotlib/cbook/__init__.py::1731,0.364199
lib/matplotlib/cbook/__init__.py::1732,0.364199
lib/matplotlib/cbook/__init__.py::1735,0.364199
lib/matplotlib/cbook/__init__.py::1736,0.364199
lib/matplotlib/cbook/__init__.py::1738,0.364199
lib/matplotlib/cbook/__init__.py::1739,0.364199
lib/matplotlib/cbook/__init__.py::174,0.364199
lib/matplotlib/cbook/__init__.py::1743,0.364199
lib/matplotlib/cbook/__init__.py::1744,0.364199
lib/matplotlib/cbook/__init__.py::1748,0.364199
lib/matplotlib/cbook/__init__.py::175,0.364199
lib/matplotlib/cbook/__init__.py::1757,0.364199
lib/matplotlib/cbook/__init__.py::178,0.364199
lib/matplotlib/cbook/__init__.py::179,0.364199
lib/matplotlib/cbook/__init__.py::180,0.364199
lib/matplotlib/cbook/__init__.py::181,0.364199
lib/matplotlib/cbook/__init__.py::182,0.364199
lib/matplotlib/cbook/__init__.py::1820,0.364199
lib/matplotlib/cbook/__init__.py::187,0.364199
lib/matplotlib/cbook/__init__.py::190,0.364199
lib/matplotlib/cbook/__init__.py::191,0.364199
lib/matplotlib/cbook/__init__.py::192,0.364199
lib/matplotlib/cbook/__init__.py::193,0.364199
lib/matplotlib/cbook/__init__.py::194,0.364199
lib/matplotlib/cbook/__init__.py::195,0.364199
lib/matplotlib/cbook/__init__.py::196,0.364199
lib/matplotlib/cbook/__init__.py::197,0.364199
lib/matplotlib/cbook/__init__.py::201,0.364199
lib/matplotlib/cbook/__init__.py::202,0.364199
lib/matplotlib/cbook/__init__.py::203,0.364199
lib/matplotlib/cbook/__init__.py::2034,0.364199
lib/matplotlib/cbook/__init__.py::2035,0.364199
lib/matplotlib/cbook/__init__.py::2036,0.364199
lib/matplotlib/cbook/__init__.py::2037,0.364199
lib/matplotlib/cbook/__init__.py::2038,0.364199
lib/matplotlib/cbook/__init__.py::2039,0.364199
lib/matplotlib/cbook/__init__.py::2041,0.364199
lib/matplotlib/cbook/__init__.py::2042,0.364199
lib/matplotlib/cbook/__init__.py::2045,0.364199
lib/matplotlib/cbook/__init__.py::2057,0.364199
lib/matplotlib/cbook/__init__.py::2058,0.364199
lib/matplotlib/cbook/__init__.py::2059,0.364199
lib/matplotlib/cbook/__init__.py::2062,0.364199
lib/matplotlib/cbook/__init__.py::2064,0.364199
lib/matplotlib/cbook/__init__.py::2065,0.364199
lib/matplotlib/cbook/__init__.py::2066,0.364199
lib/matplotlib/cbook/__init__.py::2067,0.364199
lib/matplotlib/cbook/__init__.py::207,0.364199
lib/matplotlib/cbook/__init__.py::2072,0.364199
lib/matplotlib/cbook/__init__.py::208,0.364199
lib/matplotlib/cbook/__init__.py::209,0.364199
lib/matplotlib/cbook/__init__.py::210,0.364199
lib/matplotlib/cbook/__init__.py::211,0.364199
lib/matplotlib/cbook/__init__.py::2189,0.364199
lib/matplotlib/cbook/__init__.py::2190,0.364199
lib/matplotlib/cbook/__init__.py::2191,0.364199
lib/matplotlib/cbook/__init__.py::2192,0.364199
lib/matplotlib/cbook/__init__.py::2193,0.364199
lib/matplotlib/cbook/__init__.py::2195,0.364199
lib/matplotlib/cbook/__init__.py::2196,0.364199
lib/matplotlib/cbook/__init__.py::2197,0.364199
lib/matplotlib/cbook/__init__.py::2199,0.364199
lib/matplotlib/cbook/__init__.py::220,0.364199
lib/matplotlib/cbook/__init__.py::2200,0.364199
lib/matplotlib/cbook/__init__.py::2201,0.364199
lib/matplotlib/cbook/__init__.py::2202,0.364199
lib/matplotlib/cbook/__init__.py::2203,0.364199
lib/matplotlib/cbook/__init__.py::2204,0.364199
lib/matplotlib/cbook/__init__.py::221,0.364199
lib/matplotlib/cbook/__init__.py::222,0.364199
lib/matplotlib/cbook/__init__.py::2222,0.364199
lib/matplotlib/cbook/__init__.py::2223,0.364199
lib/matplotlib/cbook/__init__.py::2224,0.364199
lib/matplotlib/cbook/__init__.py::223,0.364199
lib/matplotlib/cbook/__init__.py::224,0.364199
lib/matplotlib/cbook/__init__.py::2246,0.364199
lib/matplotlib/cbook/__init__.py::2247,0.364199
lib/matplotlib/cbook/__init__.py::2248,0.364199
lib/matplotlib/cbook/__init__.py::2250,0.364199
lib/matplotlib/cbook/__init__.py::2251,0.364199
lib/matplotlib/cbook/__init__.py::2252,0.364199
lib/matplotlib/cbook/__init__.py::553,0.364199
lib/matplotlib/cbook/__init__.py::554,0.364199
lib/matplotlib/cbook/__init__.py::586,0.364199
lib/matplotlib/cbook/__init__.py::587,0.364199
lib/matplotlib/cbook/__init__.py::588,0.364199
lib/matplotlib/cbook/__init__.py::607,0.364199
lib/matplotlib/cbook/__init__.py::608,0.364199
lib/matplotlib/cbook/__init__.py::619,0.364199
lib/matplotlib/cbook/__init__.py::621,0.364199
lib/matplotlib/cbook/__init__.py::622,0.364199
lib/matplotlib/cbook/__init__.py::623,0.364199
lib/matplotlib/cbook/__init__.py::624,0.364199
lib/matplotlib/cbook/__init__.py::625,0.364199
lib/matplotlib/cbook/__init__.py::626,0.364199
lib/matplotlib/cbook/__init__.py::629,0.364199
lib/matplotlib/cbook/__init__.py::630,0.364199
lib/matplotlib/cbook/__init__.py::631,0.364199
lib/matplotlib/cbook/__init__.py::799,0.364199
lib/matplotlib/cbook/__init__.py::806,0.364199
lib/matplotlib/cbook/__init__.py::807,0.364199
lib/matplotlib/cbook/__init__.py::808,0.364199
lib/matplotlib/cbook/__init__.py::855,0.364199
lib/matplotlib/cbook/__init__.py::856,0.364199
lib/matplotlib/cbook/__init__.py::857,0.364199
lib/matplotlib/cbook/__init__.py::92,0.364199
lib/matplotlib/cbook/__init__.py::95,0.364199
lib/matplotlib/cbook/deprecation.py::105,0.364199
lib/matplotlib/cbook/deprecation.py::106,0.364199
lib/matplotlib/cbook/deprecation.py::107,0.364199
lib/matplotlib/cbook/deprecation.py::108,0.364199
lib/matplotlib/cbook/deprecation.py::109,0.364199
lib/matplotlib/cbook/deprecation.py::27,0.364199
lib/matplotlib/cbook/deprecation.py::32,0.364199
lib/matplotlib/cbook/deprecation.py::35,0.364199
lib/matplotlib/cbook/deprecation.py::36,0.364199
lib/matplotlib/cbook/deprecation.py::37,0.364199
lib/matplotlib/cbook/deprecation.py::384,0.364199
lib/matplotlib/cbook/deprecation.py::385,0.364199
lib/matplotlib/cbook/deprecation.py::390,0.364199
lib/matplotlib/cbook/deprecation.py::397,0.364199
lib/matplotlib/cbook/deprecation.py::398,0.364199
lib/matplotlib/cbook/deprecation.py::410,0.364199
lib/matplotlib/cbook/deprecation.py::476,0.364199
lib/matplotlib/cbook/deprecation.py::477,0.364199
lib/matplotlib/cbook/deprecation.py::479,0.364199
lib/matplotlib/cbook/deprecation.py::48,0.364199
lib/matplotlib/cbook/deprecation.py::480,0.364199
lib/matplotlib/cbook/deprecation.py::481,0.364199
lib/matplotlib/cbook/deprecation.py::489,0.364199
lib/matplotlib/cbook/deprecation.py::49,0.364199
lib/matplotlib/cbook/deprecation.py::494,0.364199
lib/matplotlib/cbook/deprecation.py::495,0.364199
lib/matplotlib/cbook/deprecation.py::496,0.364199
lib/matplotlib/cbook/deprecation.py::50,0.364199
lib/matplotlib/cbook/deprecation.py::51,0.364199
lib/matplotlib/cbook/deprecation.py::52,0.364199
lib/matplotlib/cbook/deprecation.py::53,0.364199
lib/matplotlib/cm.py::200,0.364199
lib/matplotlib/cm.py::201,0.364199
lib/matplotlib/cm.py::202,0.364199
lib/matplotlib/cm.py::204,0.364199
lib/matplotlib/cm.py::205,0.364199
lib/matplotlib/cm.py::206,0.364199
lib/matplotlib/cm.py::232,0.364199
lib/matplotlib/cm.py::233,0.364199
lib/matplotlib/cm.py::234,0.364199
lib/matplotlib/cm.py::235,0.364199
lib/matplotlib/cm.py::236,0.364199
lib/matplotlib/cm.py::238,0.364199
lib/matplotlib/cm.py::239,0.364199
lib/matplotlib/cm.py::240,0.364199
lib/matplotlib/cm.py::373,0.364199
lib/matplotlib/cm.py::374,0.364199
lib/matplotlib/cm.py::375,0.364199
lib/matplotlib/cm.py::376,0.364199
lib/matplotlib/cm.py::377,0.364199
lib/matplotlib/cm.py::378,0.364199
lib/matplotlib/cm.py::380,0.364199
lib/matplotlib/cm.py::382,0.364199
lib/matplotlib/cm.py::402,0.364199
lib/matplotlib/cm.py::403,0.364199
lib/matplotlib/cm.py::404,0.364199
lib/matplotlib/cm.py::405,0.364199
lib/matplotlib/cm.py::422,0.364199
lib/matplotlib/cm.py::423,0.364199
lib/matplotlib/cm.py::424,0.364199
lib/matplotlib/cm.py::425,0.364199
lib/matplotlib/cm.py::426,0.364199
lib/matplotlib/cm.py::427,0.364199
lib/matplotlib/cm.py::469,0.364199
lib/matplotlib/cm.py::470,0.364199
lib/matplotlib/cm.py::471,0.364199
lib/matplotlib/cm.py::472,0.364199
lib/matplotlib/colors.py::113,0.364199
lib/matplotlib/colors.py::114,0.364199
lib/matplotlib/colors.py::124,0.364199
lib/matplotlib/colors.py::130,0.364199
lib/matplotlib/colors.py::131,0.364199
lib/matplotlib/colors.py::132,0.364199
lib/matplotlib/colors.py::133,0.364199
lib/matplotlib/colors.py::137,0.364199
lib/matplotlib/colors.py::177,0.364199
lib/matplotlib/colors.py::182,0.364199
lib/matplotlib/colors.py::183,0.364199
lib/matplotlib/colors.py::186,0.364199
lib/matplotlib/colors.py::192,0.364199
lib/matplotlib/colors.py::982,0.364199
lib/matplotlib/colors.py::983,0.364199
lib/matplotlib/colors.py::984,0.364199
lib/matplotlib/figure.py::103,0.364199
lib/matplotlib/figure.py::1058,0.364199
lib/matplotlib/figure.py::1061,0.364199
lib/matplotlib/figure.py::1062,0.364199
lib/matplotlib/figure.py::1072,0.364199
lib/matplotlib/figure.py::1074,0.364199
lib/matplotlib/figure.py::1075,0.364199
lib/matplotlib/figure.py::1076,0.364199
lib/matplotlib/figure.py::1077,0.364199
lib/matplotlib/figure.py::1079,0.364199
lib/matplotlib/figure.py::1080,0.364199
lib/matplotlib/figure.py::1082,0.364199
lib/matplotlib/figure.py::1083,0.364199
lib/matplotlib/figure.py::116,0.364199
lib/matplotlib/figure.py::117,0.364199
lib/matplotlib/figure.py::118,0.364199
lib/matplotlib/figure.py::122,0.364199
lib/matplotlib/figure.py::123,0.364199
lib/matplotlib/figure.py::129,0.364199
lib/matplotlib/figure.py::131,0.364199
lib/matplotlib/figure.py::132,0.364199
lib/matplotlib/figure.py::140,0.364199
lib/matplotlib/figure.py::1407,0.364199
lib/matplotlib/figure.py::1408,0.364199
lib/matplotlib/figure.py::1409,0.364199
lib/matplotlib/figure.py::1410,0.364199
lib/matplotlib/figure.py::1411,0.364199
lib/matplotlib/figure.py::1412,0.364199
lib/matplotlib/figure.py::143,0.364199
lib/matplotlib/figure.py::144,0.364199
lib/matplotlib/figure.py::147,0.364199
lib/matplotlib/figure.py::150,0.364199
lib/matplotlib/figure.py::1590,0.364199
lib/matplotlib/figure.py::1591,0.364199
lib/matplotlib/figure.py::1593,0.364199
lib/matplotlib/figure.py::1597,0.364199
lib/matplotlib/figure.py::1598,0.364199
lib/matplotlib/figure.py::1600,0.364199
lib/matplotlib/figure.py::1601,0.364199
lib/matplotlib/figure.py::1602,0.364199
lib/matplotlib/figure.py::1603,0.364199
lib/matplotlib/figure.py::1604,0.364199
lib/matplotlib/figure.py::1605,0.364199
lib/matplotlib/figure.py::1606,0.364199
lib/matplotlib/figure.py::1607,0.364199
lib/matplotlib/figure.py::1608,0.364199
lib/matplotlib/figure.py::1609,0.364199
lib/matplotlib/figure.py::1610,0.364199
lib/matplotlib/figure.py::1612,0.364199
lib/matplotlib/figure.py::1621,0.364199
lib/matplotlib/figure.py::1624,0.364199
lib/matplotlib/figure.py::1627,0.364199
lib/matplotlib/figure.py::1628,0.364199
lib/matplotlib/figure.py::1629,0.364199
lib/matplotlib/figure.py::1630,0.364199
lib/matplotlib/figure.py::1631,0.364199
lib/matplotlib/figure.py::1633,0.364199
lib/matplotlib/figure.py::1634,0.364199
lib/matplotlib/figure.py::1635,0.364199
lib/matplotlib/figure.py::1636,0.364199
lib/matplotlib/figure.py::1637,0.364199
lib/matplotlib/figure.py::1639,0.364199
lib/matplotlib/figure.py::1641,0.364199
lib/matplotlib/figure.py::1642,0.364199
lib/matplotlib/figure.py::1650,0.364199
lib/matplotlib/figure.py::1651,0.364199
lib/matplotlib/figure.py::1652,0.364199
lib/matplotlib/figure.py::1654,0.364199
lib/matplotlib/figure.py::1661,0.364199
lib/matplotlib/figure.py::1662,0.364199
lib/matplotlib/figure.py::1663,0.364199
lib/matplotlib/figure.py::1665,0.364199
lib/matplotlib/figure.py::1667,0.364199
lib/matplotlib/figure.py::1669,0.364199
lib/matplotlib/figure.py::1815,0.364199
lib/matplotlib/figure.py::1816,0.364199
lib/matplotlib/figure.py::1817,0.364199
lib/matplotlib/figure.py::1818,0.364199
lib/matplotlib/figure.py::1868,0.364199
lib/matplotlib/figure.py::1869,0.364199
lib/matplotlib/figure.py::1870,0.364199
lib/matplotlib/figure.py::188,0.364199
lib/matplotlib/figure.py::189,0.364199
lib/matplotlib/figure.py::190,0.364199
lib/matplotlib/figure.py::191,0.364199
lib/matplotlib/figure.py::1964,0.364199
lib/matplotlib/figure.py::198,0.364199
lib/matplotlib/figure.py::199,0.364199
lib/matplotlib/figure.py::200,0.364199
lib/matplotlib/figure.py::202,0.364199
lib/matplotlib/figure.py::203,0.364199
lib/matplotlib/figure.py::205,0.364199
lib/matplotlib/figure.py::207,0.364199
lib/matplotlib/figure.py::209,0.364199
lib/matplotlib/figure.py::2091,0.364199
lib/matplotlib/figure.py::2092,0.364199
lib/matplotlib/figure.py::2093,0.364199
lib/matplotlib/figure.py::2095,0.364199
lib/matplotlib/figure.py::2106,0.364199
lib/matplotlib/figure.py::2108,0.364199
lib/matplotlib/figure.py::211,0.364199
lib/matplotlib/figure.py::213,0.364199
lib/matplotlib/figure.py::215,0.364199
lib/matplotlib/figure.py::2263,0.364199
lib/matplotlib/figure.py::2264,0.364199
lib/matplotlib/figure.py::2265,0.364199
lib/matplotlib/figure.py::2266,0.364199
lib/matplotlib/figure.py::2267,0.364199
lib/matplotlib/figure.py::2268,0.364199
lib/matplotlib/figure.py::2294,0.364199
lib/matplotlib/figure.py::2295,0.364199
lib/matplotlib/figure.py::2296,0.364199
lib/matplotlib/figure.py::2300,0.364199
lib/matplotlib/figure.py::2301,0.364199
lib/matplotlib/figure.py::2302,0.364199
lib/matplotlib/figure.py::2303,0.364199
lib/matplotlib/figure.py::2305,0.364199
lib/matplotlib/figure.py::2306,0.364199
lib/matplotlib/figure.py::2309,0.364199
lib/matplotlib/figure.py::2310,0.364199
lib/matplotlib/figure.py::2311,0.364199
lib/matplotlib/figure.py::2314,0.364199
lib/matplotlib/figure.py::2315,0.364199
lib/matplotlib/figure.py::2316,0.364199
lib/matplotlib/figure.py::2317,0.364199
lib/matplotlib/figure.py::2319,0.364199
lib/matplotlib/figure.py::2322,0.364199
lib/matplotlib/figure.py::2324,0.364199
lib/matplotlib/figure.py::2326,0.364199
lib/matplotlib/figure.py::301,0.364199
lib/matplotlib/figure.py::306,0.364199
lib/matplotlib/figure.py::307,0.364199
lib/matplotlib/figure.py::309,0.364199
lib/matplotlib/figure.py::311,0.364199
lib/matplotlib/figure.py::313,0.364199
lib/matplotlib/figure.py::315,0.364199
lib/matplotlib/figure.py::317,0.364199
lib/matplotlib/figure.py::320,0.364199
lib/matplotlib/figure.py::323,0.364199
lib/matplotlib/figure.py::325,0.364199
lib/matplotlib/figure.py::327,0.364199
lib/matplotlib/figure.py::328,0.364199
lib/matplotlib/figure.py::330,0.364199
lib/matplotlib/figure.py::332,0.364199
lib/matplotlib/figure.py::333,0.364199
lib/matplotlib/figure.py::334,0.364199
lib/matplotlib/figure.py::336,0.364199
lib/matplotlib/figure.py::337,0.364199
lib/matplotlib/figure.py::338,0.364199
lib/matplotlib/figure.py::340,0.364199
lib/matplotlib/figure.py::341,0.364199
lib/matplotlib/figure.py::343,0.364199
lib/matplotlib/figure.py::344,0.364199
lib/matplotlib/figure.py::346,0.364199
lib/matplotlib/figure.py::348,0.364199
lib/matplotlib/figure.py::350,0.364199
lib/matplotlib/figure.py::352,0.364199
lib/matplotlib/figure.py::354,0.364199
lib/matplotlib/figure.py::355,0.364199
lib/matplotlib/figure.py::356,0.364199
lib/matplotlib/figure.py::361,0.364199
lib/matplotlib/figure.py::362,0.364199
lib/matplotlib/figure.py::365,0.364199
lib/matplotlib/figure.py::42,0.364199
lib/matplotlib/figure.py::424,0.364199
lib/matplotlib/figure.py::43,0.364199
lib/matplotlib/figure.py::435,0.364199
lib/matplotlib/figure.py::446,0.364199
lib/matplotlib/figure.py::448,0.364199
lib/matplotlib/figure.py::459,0.364199
lib/matplotlib/figure.py::473,0.364199
lib/matplotlib/figure.py::474,0.364199
lib/matplotlib/figure.py::475,0.364199
lib/matplotlib/figure.py::476,0.364199
lib/matplotlib/figure.py::477,0.364199
lib/matplotlib/figure.py::485,0.364199
lib/matplotlib/figure.py::503,0.364199
lib/matplotlib/figure.py::504,0.364199
lib/matplotlib/figure.py::505,0.364199
lib/matplotlib/figure.py::506,0.364199
lib/matplotlib/figure.py::507,0.364199
lib/matplotlib/figure.py::508,0.364199
lib/matplotlib/figure.py::509,0.364199
lib/matplotlib/figure.py::510,0.364199
lib/matplotlib/figure.py::511,0.364199
lib/matplotlib/figure.py::514,0.364199
lib/matplotlib/figure.py::516,0.364199
lib/matplotlib/figure.py::545,0.364199
lib/matplotlib/figure.py::546,0.364199
lib/matplotlib/figure.py::547,0.364199
lib/matplotlib/figure.py::551,0.364199
lib/matplotlib/figure.py::61,0.364199
lib/matplotlib/figure.py::62,0.364199
lib/matplotlib/figure.py::629,0.364199
lib/matplotlib/figure.py::630,0.364199
lib/matplotlib/figure.py::631,0.364199
lib/matplotlib/figure.py::632,0.364199
lib/matplotlib/figure.py::633,0.364199
lib/matplotlib/figure.py::634,0.364199
lib/matplotlib/figure.py::635,0.364199
lib/matplotlib/figure.py::636,0.364199
lib/matplotlib/figure.py::68,0.364199
lib/matplotlib/figure.py::69,0.364199
lib/matplotlib/figure.py::70,0.364199
lib/matplotlib/figure.py::759,0.364199
lib/matplotlib/figure.py::77,0.364199
lib/matplotlib/figure.py::78,0.364199
lib/matplotlib/figure.py::79,0.364199
lib/matplotlib/figure.py::91,0.364199
lib/matplotlib/figure.py::910,0.364199
lib/matplotlib/figure.py::914,0.364199
lib/matplotlib/figure.py::918,0.364199
lib/matplotlib/figure.py::92,0.364199
lib/matplotlib/figure.py::948,0.364199
lib/matplotlib/figure.py::958,0.364199
lib/matplotlib/font_manager.py::1017,0.364199
lib/matplotlib/font_manager.py::1019,0.364199
lib/matplotlib/font_manager.py::1121,0.364199
lib/matplotlib/font_manager.py::689,0.364199
lib/matplotlib/font_manager.py::690,0.364199
lib/matplotlib/font_manager.py::691,0.364199
lib/matplotlib/font_manager.py::692,0.364199
lib/matplotlib/font_manager.py::693,0.364199
lib/matplotlib/font_manager.py::694,0.364199
lib/matplotlib/font_manager.py::695,0.364199
lib/matplotlib/font_manager.py::697,0.364199
lib/matplotlib/font_manager.py::705,0.364199
lib/matplotlib/font_manager.py::706,0.364199
lib/matplotlib/font_manager.py::707,0.364199
lib/matplotlib/font_manager.py::708,0.364199
lib/matplotlib/font_manager.py::709,0.364199
lib/matplotlib/font_manager.py::710,0.364199
lib/matplotlib/font_manager.py::711,0.364199
lib/matplotlib/font_manager.py::725,0.364199
lib/matplotlib/font_manager.py::726,0.364199
lib/matplotlib/font_manager.py::727,0.364199
lib/matplotlib/font_manager.py::728,0.364199
lib/matplotlib/font_manager.py::827,0.364199
lib/matplotlib/font_manager.py::828,0.364199
lib/matplotlib/font_manager.py::829,0.364199
lib/matplotlib/font_manager.py::836,0.364199
lib/matplotlib/font_manager.py::837,0.364199
lib/matplotlib/font_manager.py::838,0.364199
lib/matplotlib/font_manager.py::839,0.364199
lib/matplotlib/font_manager.py::846,0.364199
lib/matplotlib/font_manager.py::847,0.364199
lib/matplotlib/font_manager.py::848,0.364199
lib/matplotlib/font_manager.py::849,0.364199
lib/matplotlib/font_manager.py::858,0.364199
lib/matplotlib/font_manager.py::859,0.364199
lib/matplotlib/font_manager.py::860,0.364199
lib/matplotlib/font_manager.py::861,0.364199
lib/matplotlib/font_manager.py::864,0.364199
lib/matplotlib/font_manager.py::865,0.364199
lib/matplotlib/font_manager.py::867,0.364199
lib/matplotlib/font_manager.py::876,0.364199
lib/matplotlib/font_manager.py::877,0.364199
lib/matplotlib/font_manager.py::878,0.364199
lib/matplotlib/font_manager.py::879,0.364199
lib/matplotlib/font_manager.py::882,0.364199
lib/matplotlib/font_manager.py::883,0.364199
lib/matplotlib/font_manager.py::885,0.364199
lib/matplotlib/font_manager.py::893,0.364199
lib/matplotlib/font_manager.py::894,0.364199
lib/matplotlib/font_manager.py::895,0.364199
lib/matplotlib/font_manager.py::896,0.364199
lib/matplotlib/font_manager.py::897,0.364199
lib/matplotlib/font_manager.py::898,0.364199
lib/matplotlib/font_manager.py::899,0.364199
lib/matplotlib/font_manager.py::905,0.364199
lib/matplotlib/font_manager.py::906,0.364199
lib/matplotlib/font_manager.py::910,0.364199
lib/matplotlib/font_manager.py::917,0.364199
lib/matplotlib/font_manager.py::934,0.364199
lib/matplotlib/font_manager.py::935,0.364199
lib/matplotlib/font_manager.py::936,0.364199
lib/matplotlib/image.py::124,0.364199
lib/matplotlib/image.py::127,0.364199
lib/matplotlib/image.py::128,0.364199
lib/matplotlib/image.py::130,0.364199
lib/matplotlib/image.py::131,0.364199
lib/matplotlib/image.py::132,0.364199
lib/matplotlib/image.py::1493,0.364199
lib/matplotlib/image.py::1494,0.364199
lib/matplotlib/image.py::1496,0.364199
lib/matplotlib/image.py::1499,0.364199
lib/matplotlib/image.py::1512,0.364199
lib/matplotlib/image.py::1513,0.364199
lib/matplotlib/image.py::1514,0.364199
lib/matplotlib/image.py::1516,0.364199
lib/matplotlib/image.py::1518,0.364199
lib/matplotlib/image.py::1519,0.364199
lib/matplotlib/image.py::1524,0.364199
lib/matplotlib/image.py::1527,0.364199
lib/matplotlib/image.py::1528,0.364199
lib/matplotlib/image.py::1529,0.364199
lib/matplotlib/image.py::1530,0.364199
lib/matplotlib/image.py::1531,0.364199
lib/matplotlib/image.py::1532,0.364199
lib/matplotlib/image.py::1535,0.364199
lib/matplotlib/image.py::1541,0.364199
lib/matplotlib/image.py::1543,0.364199
lib/matplotlib/image.py::1545,0.364199
lib/matplotlib/image.py::1546,0.364199
lib/matplotlib/image.py::1547,0.364199
lib/matplotlib/image.py::1548,0.364199
lib/matplotlib/image.py::1549,0.364199
lib/matplotlib/image.py::1558,0.364199
lib/matplotlib/image.py::1559,0.364199
lib/matplotlib/image.py::1560,0.364199
lib/matplotlib/lines.py::1010,0.364199
lib/matplotlib/lines.py::1011,0.364199
lib/matplotlib/lines.py::1012,0.364199
lib/matplotlib/lines.py::1030,0.364199
lib/matplotlib/lines.py::1031,0.364199
lib/matplotlib/lines.py::1032,0.364199
lib/matplotlib/lines.py::1042,0.364199
lib/matplotlib/lines.py::1043,0.364199
lib/matplotlib/lines.py::1071,0.364199
lib/matplotlib/lines.py::1073,0.364199
lib/matplotlib/lines.py::1074,0.364199
lib/matplotlib/lines.py::1075,0.364199
lib/matplotlib/lines.py::1077,0.364199
lib/matplotlib/lines.py::1078,0.364199
lib/matplotlib/lines.py::1089,0.364199
lib/matplotlib/lines.py::1091,0.364199
lib/matplotlib/lines.py::1093,0.364199
lib/matplotlib/lines.py::1095,0.364199
lib/matplotlib/lines.py::1096,0.364199
lib/matplotlib/lines.py::1129,0.364199
lib/matplotlib/lines.py::1130,0.364199
lib/matplotlib/lines.py::1131,0.364199
lib/matplotlib/lines.py::1133,0.364199
lib/matplotlib/lines.py::1134,0.364199
lib/matplotlib/lines.py::1136,0.364199
lib/matplotlib/lines.py::1141,0.364199
lib/matplotlib/lines.py::1143,0.364199
lib/matplotlib/lines.py::1144,0.364199
lib/matplotlib/lines.py::1157,0.364199
lib/matplotlib/lines.py::1158,0.364199
lib/matplotlib/lines.py::1168,0.364199
lib/matplotlib/lines.py::1170,0.364199
lib/matplotlib/lines.py::1172,0.364199
lib/matplotlib/lines.py::1173,0.364199
lib/matplotlib/lines.py::1184,0.364199
lib/matplotlib/lines.py::1185,0.364199
lib/matplotlib/lines.py::1186,0.364199
lib/matplotlib/lines.py::1187,0.364199
lib/matplotlib/lines.py::1188,0.364199
lib/matplotlib/lines.py::1198,0.364199
lib/matplotlib/lines.py::1200,0.364199
lib/matplotlib/lines.py::1201,0.364199
lib/matplotlib/lines.py::1202,0.364199
lib/matplotlib/lines.py::1212,0.364199
lib/matplotlib/lines.py::1214,0.364199
lib/matplotlib/lines.py::1215,0.364199
lib/matplotlib/lines.py::1216,0.364199
lib/matplotlib/lines.py::1227,0.364199
lib/matplotlib/lines.py::1228,0.364199
lib/matplotlib/lines.py::1229,0.364199
lib/matplotlib/lines.py::1230,0.364199
lib/matplotlib/lines.py::1240,0.364199
lib/matplotlib/lines.py::1241,0.364199
lib/matplotlib/lines.py::1242,0.364199
lib/matplotlib/lines.py::1252,0.364199
lib/matplotlib/lines.py::1253,0.364199
lib/matplotlib/lines.py::1254,0.364199
lib/matplotlib/lines.py::1311,0.364199
lib/matplotlib/lines.py::1312,0.364199
lib/matplotlib/lines.py::1313,0.364199
lib/matplotlib/lines.py::1314,0.364199
lib/matplotlib/lines.py::1325,0.364199
lib/matplotlib/lines.py::1326,0.364199
lib/matplotlib/lines.py::1327,0.364199
lib/matplotlib/lines.py::1328,0.364199
lib/matplotlib/lines.py::1355,0.364199
lib/matplotlib/lines.py::1356,0.364199
lib/matplotlib/lines.py::1357,0.364199
lib/matplotlib/lines.py::1358,0.364199
lib/matplotlib/lines.py::1369,0.364199
lib/matplotlib/lines.py::1370,0.364199
lib/matplotlib/lines.py::1371,0.364199
lib/matplotlib/lines.py::1372,0.364199
lib/matplotlib/lines.py::303,0.364199
lib/matplotlib/lines.py::306,0.364199
lib/matplotlib/lines.py::308,0.364199
lib/matplotlib/lines.py::311,0.364199
lib/matplotlib/lines.py::312,0.364199
lib/matplotlib/lines.py::314,0.364199
lib/matplotlib/lines.py::316,0.364199
lib/matplotlib/lines.py::317,0.364199
lib/matplotlib/lines.py::318,0.364199
lib/matplotlib/lines.py::319,0.364199
lib/matplotlib/lines.py::320,0.364199
lib/matplotlib/lines.py::321,0.364199
lib/matplotlib/lines.py::322,0.364199
lib/matplotlib/lines.py::325,0.364199
lib/matplotlib/lines.py::326,0.364199
lib/matplotlib/lines.py::327,0.364199
lib/matplotlib/lines.py::328,0.364199
lib/matplotlib/lines.py::329,0.364199
lib/matplotlib/lines.py::330,0.364199
lib/matplotlib/lines.py::331,0.364199
lib/matplotlib/lines.py::332,0.364199
lib/matplotlib/lines.py::333,0.364199
lib/matplotlib/lines.py::334,0.364199
lib/matplotlib/lines.py::335,0.364199
lib/matplotlib/lines.py::336,0.364199
lib/matplotlib/lines.py::338,0.364199
lib/matplotlib/lines.py::339,0.364199
lib/matplotlib/lines.py::341,0.364199
lib/matplotlib/lines.py::342,0.364199
lib/matplotlib/lines.py::343,0.364199
lib/matplotlib/lines.py::344,0.364199
lib/matplotlib/lines.py::345,0.364199
lib/matplotlib/lines.py::346,0.364199
lib/matplotlib/lines.py::347,0.364199
lib/matplotlib/lines.py::348,0.364199
lib/matplotlib/lines.py::350,0.364199
lib/matplotlib/lines.py::351,0.364199
lib/matplotlib/lines.py::352,0.364199
lib/matplotlib/lines.py::355,0.364199
lib/matplotlib/lines.py::356,0.364199
lib/matplotlib/lines.py::359,0.364199
lib/matplotlib/lines.py::36,0.364199
lib/matplotlib/lines.py::360,0.364199
lib/matplotlib/lines.py::362,0.364199
lib/matplotlib/lines.py::363,0.364199
lib/matplotlib/lines.py::364,0.364199
lib/matplotlib/lines.py::366,0.364199
lib/matplotlib/lines.py::367,0.364199
lib/matplotlib/lines.py::368,0.364199
lib/matplotlib/lines.py::37,0.364199
lib/matplotlib/lines.py::370,0.364199
lib/matplotlib/lines.py::371,0.364199
lib/matplotlib/lines.py::372,0.364199
lib/matplotlib/lines.py::374,0.364199
lib/matplotlib/lines.py::375,0.364199
lib/matplotlib/lines.py::376,0.364199
lib/matplotlib/lines.py::378,0.364199
lib/matplotlib/lines.py::379,0.364199
lib/matplotlib/lines.py::380,0.364199
lib/matplotlib/lines.py::381,0.364199
lib/matplotlib/lines.py::383,0.364199
lib/matplotlib/lines.py::384,0.364199
lib/matplotlib/lines.py::385,0.364199
lib/matplotlib/lines.py::386,0.364199
lib/matplotlib/lines.py::39,0.364199
lib/matplotlib/lines.py::390,0.364199
lib/matplotlib/lines.py::391,0.364199
lib/matplotlib/lines.py::392,0.364199
lib/matplotlib/lines.py::394,0.364199
lib/matplotlib/lines.py::395,0.364199
lib/matplotlib/lines.py::396,0.364199
lib/matplotlib/lines.py::397,0.364199
lib/matplotlib/lines.py::398,0.364199
lib/matplotlib/lines.py::399,0.364199
lib/matplotlib/lines.py::40,0.364199
lib/matplotlib/lines.py::400,0.364199
lib/matplotlib/lines.py::401,0.364199
lib/matplotlib/lines.py::402,0.364199
lib/matplotlib/lines.py::403,0.364199
lib/matplotlib/lines.py::404,0.364199
lib/matplotlib/lines.py::406,0.364199
lib/matplotlib/lines.py::41,0.364199
lib/matplotlib/lines.py::43,0.364199
lib/matplotlib/lines.py::44,0.364199
lib/matplotlib/lines.py::45,0.364199
lib/matplotlib/lines.py::497,0.364199
lib/matplotlib/lines.py::499,0.364199
lib/matplotlib/lines.py::585,0.364199
lib/matplotlib/lines.py::586,0.364199
lib/matplotlib/lines.py::59,0.364199
lib/matplotlib/lines.py::60,0.364199
lib/matplotlib/lines.py::61,0.364199
lib/matplotlib/lines.py::62,0.364199
lib/matplotlib/lines.py::621,0.364199
lib/matplotlib/lines.py::622,0.364199
lib/matplotlib/lines.py::639,0.364199
lib/matplotlib/lines.py::64,0.364199
lib/matplotlib/lines.py::642,0.364199
lib/matplotlib/lines.py::644,0.364199
lib/matplotlib/lines.py::645,0.364199
lib/matplotlib/lines.py::651,0.364199
lib/matplotlib/lines.py::652,0.364199
lib/matplotlib/lines.py::653,0.364199
lib/matplotlib/lines.py::656,0.364199
lib/matplotlib/lines.py::657,0.364199
lib/matplotlib/lines.py::658,0.364199
lib/matplotlib/lines.py::662,0.364199
lib/matplotlib/lines.py::663,0.364199
lib/matplotlib/lines.py::665,0.364199
lib/matplotlib/lines.py::666,0.364199
lib/matplotlib/lines.py::68,0.364199
lib/matplotlib/lines.py::681,0.364199
lib/matplotlib/lines.py::684,0.364199
lib/matplotlib/lines.py::685,0.364199
lib/matplotlib/lines.py::686,0.364199
lib/matplotlib/lines.py::687,0.364199
lib/matplotlib/lines.py::688,0.364199
lib/matplotlib/lines.py::689,0.364199
lib/matplotlib/lines.py::69,0.364199
lib/matplotlib/lines.py::690,0.364199
lib/matplotlib/lines.py::724,0.364199
lib/matplotlib/lines.py::725,0.364199
lib/matplotlib/lines.py::726,0.364199
lib/matplotlib/lines.py::727,0.364199
lib/matplotlib/markers.py::221,0.364199
lib/matplotlib/markers.py::222,0.364199
lib/matplotlib/markers.py::223,0.364199
lib/matplotlib/markers.py::226,0.364199
lib/matplotlib/markers.py::227,0.364199
lib/matplotlib/markers.py::228,0.364199
lib/matplotlib/markers.py::229,0.364199
lib/matplotlib/markers.py::230,0.364199
lib/matplotlib/markers.py::231,0.364199
lib/matplotlib/markers.py::232,0.364199
lib/matplotlib/markers.py::233,0.364199
lib/matplotlib/markers.py::234,0.364199
lib/matplotlib/markers.py::238,0.364199
lib/matplotlib/markers.py::239,0.364199
lib/matplotlib/markers.py::258,0.364199
lib/matplotlib/markers.py::259,0.364199
lib/matplotlib/markers.py::260,0.364199
lib/matplotlib/markers.py::261,0.364199
lib/matplotlib/markers.py::262,0.364199
lib/matplotlib/markers.py::274,0.364199
lib/matplotlib/markers.py::277,0.364199
lib/matplotlib/markers.py::279,0.364199
lib/matplotlib/markers.py::281,0.364199
lib/matplotlib/markers.py::284,0.364199
lib/matplotlib/markers.py::285,0.364199
lib/matplotlib/markers.py::286,0.364199
lib/matplotlib/markers.py::287,0.364199
lib/matplotlib/markers.py::298,0.364199
lib/matplotlib/markers.py::299,0.364199
lib/matplotlib/markers.py::300,0.364199
lib/matplotlib/markers.py::318,0.364199
lib/matplotlib/markers.py::701,0.364199
lib/matplotlib/markers.py::702,0.364199
lib/matplotlib/markers.py::703,0.364199
lib/matplotlib/markers.py::704,0.364199
lib/matplotlib/markers.py::707,0.364199
lib/matplotlib/markers.py::708,0.364199
lib/matplotlib/markers.py::709,0.364199
lib/matplotlib/markers.py::710,0.364199
lib/matplotlib/markers.py::715,0.364199
lib/matplotlib/markers.py::716,0.364199
lib/matplotlib/markers.py::717,0.364199
lib/matplotlib/markers.py::718,0.364199
lib/matplotlib/markers.py::721,0.364199
lib/matplotlib/markers.py::722,0.364199
lib/matplotlib/markers.py::723,0.364199
lib/matplotlib/markers.py::724,0.364199
lib/matplotlib/mathtext.py::3327,0.364199
lib/matplotlib/patches.py::260,0.364199
lib/matplotlib/patches.py::286,0.364199
lib/matplotlib/patches.py::290,0.364199
lib/matplotlib/patches.py::308,0.364199
lib/matplotlib/patches.py::310,0.364199
lib/matplotlib/patches.py::311,0.364199
lib/matplotlib/patches.py::314,0.364199
lib/matplotlib/patches.py::315,0.364199
lib/matplotlib/patches.py::316,0.364199
lib/matplotlib/patches.py::318,0.364199
lib/matplotlib/patches.py::323,0.364199
lib/matplotlib/patches.py::324,0.364199
lib/matplotlib/patches.py::325,0.364199
lib/matplotlib/patches.py::326,0.364199
lib/matplotlib/patches.py::336,0.364199
lib/matplotlib/patches.py::337,0.364199
lib/matplotlib/patches.py::340,0.364199
lib/matplotlib/patches.py::341,0.364199
lib/matplotlib/patches.py::342,0.364199
lib/matplotlib/patches.py::343,0.364199
lib/matplotlib/patches.py::344,0.364199
lib/matplotlib/patches.py::354,0.364199
lib/matplotlib/patches.py::355,0.364199
lib/matplotlib/patches.py::388,0.364199
lib/matplotlib/patches.py::393,0.364199
lib/matplotlib/patches.py::395,0.364199
lib/matplotlib/patches.py::396,0.364199
lib/matplotlib/patches.py::397,0.364199
lib/matplotlib/patches.py::398,0.364199
lib/matplotlib/patches.py::424,0.364199
lib/matplotlib/patches.py::426,0.364199
lib/matplotlib/patches.py::428,0.364199
lib/matplotlib/patches.py::430,0.364199
lib/matplotlib/patches.py::431,0.364199
lib/matplotlib/patches.py::432,0.364199
lib/matplotlib/patches.py::442,0.364199
lib/matplotlib/patches.py::443,0.364199
lib/matplotlib/patches.py::444,0.364199
lib/matplotlib/patches.py::445,0.364199
lib/matplotlib/patches.py::464,0.364199
lib/matplotlib/patches.py::465,0.364199
lib/matplotlib/patches.py::466,0.364199
lib/matplotlib/patches.py::480,0.364199
lib/matplotlib/patches.py::481,0.364199
lib/matplotlib/patches.py::482,0.364199
lib/matplotlib/patches.py::516,0.364199
lib/matplotlib/patches.py::517,0.364199
lib/matplotlib/patches.py::578,0.364199
lib/matplotlib/patches.py::58,0.364199
lib/matplotlib/patches.py::598,0.364199
lib/matplotlib/patches.py::60,0.364199
lib/matplotlib/patches.py::61,0.364199
lib/matplotlib/patches.py::62,0.364199
lib/matplotlib/patches.py::63,0.364199
lib/matplotlib/patches.py::64,0.364199
lib/matplotlib/patches.py::65,0.364199
lib/matplotlib/patches.py::66,0.364199
lib/matplotlib/patches.py::67,0.364199
lib/matplotlib/patches.py::68,0.364199
lib/matplotlib/patches.py::69,0.364199
lib/matplotlib/patches.py::71,0.364199
lib/matplotlib/patches.py::72,0.364199
lib/matplotlib/patches.py::73,0.364199
lib/matplotlib/patches.py::741,0.364199
lib/matplotlib/patches.py::743,0.364199
lib/matplotlib/patches.py::744,0.364199
lib/matplotlib/patches.py::746,0.364199
lib/matplotlib/patches.py::747,0.364199
lib/matplotlib/patches.py::749,0.364199
lib/matplotlib/patches.py::750,0.364199
lib/matplotlib/patches.py::752,0.364199
lib/matplotlib/patches.py::754,0.364199
lib/matplotlib/patches.py::758,0.364199
lib/matplotlib/patches.py::769,0.364199
lib/matplotlib/patches.py::770,0.364199
lib/matplotlib/patches.py::771,0.364199
lib/matplotlib/patches.py::772,0.364199
lib/matplotlib/patches.py::773,0.364199
lib/matplotlib/patches.py::774,0.364199
lib/matplotlib/patches.py::777,0.364199
lib/matplotlib/patches.py::780,0.364199
lib/matplotlib/patches.py::784,0.364199
lib/matplotlib/patches.py::785,0.364199
lib/matplotlib/patches.py::786,0.364199
lib/matplotlib/patches.py::787,0.364199
lib/matplotlib/patches.py::788,0.364199
lib/matplotlib/patches.py::791,0.364199
lib/matplotlib/patches.py::792,0.364199
lib/matplotlib/patches.py::80,0.364199
lib/matplotlib/patches.py::81,0.364199
lib/matplotlib/patches.py::83,0.364199
lib/matplotlib/patches.py::84,0.364199
lib/matplotlib/patches.py::86,0.364199
lib/matplotlib/patches.py::862,0.364199
lib/matplotlib/patches.py::865,0.364199
lib/matplotlib/patches.py::866,0.364199
lib/matplotlib/patches.py::867,0.364199
lib/matplotlib/patches.py::868,0.364199
lib/matplotlib/patches.py::869,0.364199
lib/matplotlib/patches.py::87,0.364199
lib/matplotlib/patches.py::870,0.364199
lib/matplotlib/patches.py::871,0.364199
lib/matplotlib/patches.py::872,0.364199
lib/matplotlib/patches.py::88,0.364199
lib/matplotlib/patches.py::89,0.364199
lib/matplotlib/patches.py::90,0.364199
lib/matplotlib/patches.py::91,0.364199
lib/matplotlib/patches.py::92,0.364199
lib/matplotlib/patches.py::94,0.364199
lib/matplotlib/patches.py::95,0.364199
lib/matplotlib/path.py::131,0.364199
lib/matplotlib/path.py::132,0.364199
lib/matplotlib/path.py::134,0.364199
lib/matplotlib/path.py::135,0.364199
lib/matplotlib/path.py::136,0.364199
lib/matplotlib/path.py::141,0.364199
lib/matplotlib/path.py::145,0.364199
lib/matplotlib/path.py::151,0.364199
lib/matplotlib/path.py::152,0.364199
lib/matplotlib/path.py::153,0.364199
lib/matplotlib/path.py::154,0.364199
lib/matplotlib/path.py::156,0.364199
lib/matplotlib/path.py::162,0.364199
lib/matplotlib/path.py::179,0.364199
lib/matplotlib/path.py::180,0.364199
lib/matplotlib/path.py::181,0.364199
lib/matplotlib/path.py::182,0.364199
lib/matplotlib/path.py::183,0.364199
lib/matplotlib/path.py::184,0.364199
lib/matplotlib/path.py::185,0.364199
lib/matplotlib/path.py::186,0.364199
lib/matplotlib/path.py::191,0.364199
lib/matplotlib/path.py::194,0.364199
lib/matplotlib/path.py::196,0.364199
lib/matplotlib/path.py::197,0.364199
lib/matplotlib/path.py::198,0.364199
lib/matplotlib/path.py::207,0.364199
lib/matplotlib/path.py::226,0.364199
lib/matplotlib/path.py::241,0.364199
lib/matplotlib/path.py::252,0.364199
lib/matplotlib/path.py::349,0.364199
lib/matplotlib/path.py::392,0.364199
lib/matplotlib/path.py::395,0.364199
lib/matplotlib/path.py::396,0.364199
lib/matplotlib/path.py::397,0.364199
lib/matplotlib/path.py::398,0.364199
lib/matplotlib/path.py::399,0.364199
lib/matplotlib/path.py::402,0.364199
lib/matplotlib/path.py::403,0.364199
lib/matplotlib/path.py::405,0.364199
lib/matplotlib/path.py::406,0.364199
lib/matplotlib/path.py::407,0.364199
lib/matplotlib/path.py::408,0.364199
lib/matplotlib/path.py::409,0.364199
lib/matplotlib/path.py::410,0.364199
lib/matplotlib/path.py::411,0.364199
lib/matplotlib/path.py::415,0.364199
lib/matplotlib/path.py::439,0.364199
lib/matplotlib/path.py::440,0.364199
lib/matplotlib/path.py::441,0.364199
lib/matplotlib/path.py::442,0.364199
lib/matplotlib/path.py::443,0.364199
lib/matplotlib/path.py::445,0.364199
lib/matplotlib/path.py::446,0.364199
lib/matplotlib/path.py::447,0.364199
lib/matplotlib/path.py::448,0.364199
lib/matplotlib/path.py::449,0.364199
lib/matplotlib/path.py::450,0.364199
lib/matplotlib/path.py::453,0.364199
lib/matplotlib/path.py::456,0.364199
lib/matplotlib/path.py::457,0.364199
lib/matplotlib/path.py::462,0.364199
lib/matplotlib/path.py::476,0.364199
lib/matplotlib/path.py::477,0.364199
lib/matplotlib/path.py::478,0.364199
lib/matplotlib/path.py::479,0.364199
lib/matplotlib/path.py::480,0.364199
lib/matplotlib/path.py::481,0.364199
lib/matplotlib/path.py::482,0.364199
lib/matplotlib/path.py::588,0.364199
lib/matplotlib/path.py::589,0.364199
lib/matplotlib/path.py::590,0.364199
lib/matplotlib/path.py::591,0.364199
lib/matplotlib/path.py::592,0.364199
lib/matplotlib/path.py::594,0.364199
lib/matplotlib/path.py::596,0.364199
lib/matplotlib/path.py::597,0.364199
lib/matplotlib/path.py::690,0.364199
lib/matplotlib/path.py::693,0.364199
lib/matplotlib/pyplot.py::212,0.364199
lib/matplotlib/pyplot.py::213,0.364199
lib/matplotlib/pyplot.py::287,0.364199
lib/matplotlib/pyplot.py::297,0.364199
lib/matplotlib/pyplot.py::298,0.364199
lib/matplotlib/pyplot.py::303,0.364199
lib/matplotlib/pyplot.py::625,0.364199
lib/matplotlib/pyplot.py::627,0.364199
lib/matplotlib/pyplot.py::629,0.364199
lib/matplotlib/pyplot.py::630,0.364199
lib/matplotlib/pyplot.py::631,0.364199
lib/matplotlib/pyplot.py::632,0.364199
lib/matplotlib/pyplot.py::634,0.364199
lib/matplotlib/pyplot.py::635,0.364199
lib/matplotlib/pyplot.py::636,0.364199
lib/matplotlib/pyplot.py::637,0.364199
lib/matplotlib/pyplot.py::638,0.364199
lib/matplotlib/pyplot.py::653,0.364199
lib/matplotlib/pyplot.py::654,0.364199
lib/matplotlib/pyplot.py::655,0.364199
lib/matplotlib/pyplot.py::657,0.364199
lib/matplotlib/pyplot.py::667,0.364199
lib/matplotlib/pyplot.py::670,0.364199
lib/matplotlib/pyplot.py::671,0.364199
lib/matplotlib/pyplot.py::672,0.364199
lib/matplotlib/pyplot.py::673,0.364199
lib/matplotlib/pyplot.py::674,0.364199
lib/matplotlib/pyplot.py::675,0.364199
lib/matplotlib/pyplot.py::676,0.364199
lib/matplotlib/pyplot.py::677,0.364199
lib/matplotlib/pyplot.py::678,0.364199
lib/matplotlib/pyplot.py::681,0.364199
lib/matplotlib/pyplot.py::687,0.364199
lib/matplotlib/pyplot.py::689,0.364199
lib/matplotlib/pyplot.py::690,0.364199
lib/matplotlib/pyplot.py::692,0.364199
lib/matplotlib/pyplot.py::695,0.364199
lib/matplotlib/pyplot.py::708,0.364199
lib/matplotlib/pyplot.py::740,0.364199
lib/matplotlib/pyplot.py::793,0.364199
lib/matplotlib/pyplot.py::799,0.364199
lib/matplotlib/pyplot.py::800,0.364199
lib/matplotlib/rcsetup.py::101,0.364199
lib/matplotlib/rcsetup.py::106,0.364199
lib/matplotlib/rcsetup.py::107,0.364199
lib/matplotlib/rcsetup.py::109,0.364199
lib/matplotlib/rcsetup.py::110,0.364199
lib/matplotlib/rcsetup.py::111,0.364199
lib/matplotlib/rcsetup.py::114,0.364199
lib/matplotlib/rcsetup.py::152,0.364199
lib/matplotlib/rcsetup.py::153,0.364199
lib/matplotlib/rcsetup.py::154,0.364199
lib/matplotlib/rcsetup.py::155,0.364199
lib/matplotlib/rcsetup.py::156,0.364199
lib/matplotlib/rcsetup.py::157,0.364199
lib/matplotlib/rcsetup.py::159,0.364199
lib/matplotlib/rcsetup.py::178,0.364199
lib/matplotlib/rcsetup.py::184,0.364199
lib/matplotlib/rcsetup.py::185,0.364199
lib/matplotlib/rcsetup.py::186,0.364199
lib/matplotlib/rcsetup.py::201,0.364199
lib/matplotlib/rcsetup.py::202,0.364199
lib/matplotlib/rcsetup.py::203,0.364199
lib/matplotlib/rcsetup.py::204,0.364199
lib/matplotlib/rcsetup.py::205,0.364199
lib/matplotlib/rcsetup.py::206,0.364199
lib/matplotlib/rcsetup.py::219,0.364199
lib/matplotlib/rcsetup.py::220,0.364199
lib/matplotlib/rcsetup.py::221,0.364199
lib/matplotlib/rcsetup.py::222,0.364199
lib/matplotlib/rcsetup.py::235,0.364199
lib/matplotlib/rcsetup.py::236,0.364199
lib/matplotlib/rcsetup.py::237,0.364199
lib/matplotlib/rcsetup.py::238,0.364199
lib/matplotlib/rcsetup.py::239,0.364199
lib/matplotlib/rcsetup.py::269,0.364199
lib/matplotlib/rcsetup.py::270,0.364199
lib/matplotlib/rcsetup.py::271,0.364199
lib/matplotlib/rcsetup.py::272,0.364199
lib/matplotlib/rcsetup.py::280,0.364199
lib/matplotlib/rcsetup.py::284,0.364199
lib/matplotlib/rcsetup.py::294,0.364199
lib/matplotlib/rcsetup.py::295,0.364199
lib/matplotlib/rcsetup.py::296,0.364199
lib/matplotlib/rcsetup.py::342,0.364199
lib/matplotlib/rcsetup.py::343,0.364199
lib/matplotlib/rcsetup.py::344,0.364199
lib/matplotlib/rcsetup.py::348,0.364199
lib/matplotlib/rcsetup.py::349,0.364199
lib/matplotlib/rcsetup.py::350,0.364199
lib/matplotlib/rcsetup.py::355,0.364199
lib/matplotlib/rcsetup.py::357,0.364199
lib/matplotlib/rcsetup.py::362,0.364199
lib/matplotlib/rcsetup.py::363,0.364199
lib/matplotlib/rcsetup.py::364,0.364199
lib/matplotlib/rcsetup.py::365,0.364199
lib/matplotlib/rcsetup.py::370,0.364199
lib/matplotlib/rcsetup.py::371,0.364199
lib/matplotlib/rcsetup.py::392,0.364199
lib/matplotlib/rcsetup.py::393,0.364199
lib/matplotlib/rcsetup.py::401,0.364199
lib/matplotlib/rcsetup.py::402,0.364199
lib/matplotlib/rcsetup.py::408,0.364199
lib/matplotlib/rcsetup.py::409,0.364199
lib/matplotlib/rcsetup.py::410,0.364199
lib/matplotlib/rcsetup.py::411,0.364199
lib/matplotlib/rcsetup.py::412,0.364199
lib/matplotlib/rcsetup.py::413,0.364199
lib/matplotlib/rcsetup.py::426,0.364199
lib/matplotlib/rcsetup.py::427,0.364199
lib/matplotlib/rcsetup.py::429,0.364199
lib/matplotlib/rcsetup.py::430,0.364199
lib/matplotlib/rcsetup.py::438,0.364199
lib/matplotlib/rcsetup.py::439,0.364199
lib/matplotlib/rcsetup.py::447,0.364199
lib/matplotlib/rcsetup.py::449,0.364199
lib/matplotlib/rcsetup.py::450,0.364199
lib/matplotlib/rcsetup.py::460,0.364199
lib/matplotlib/rcsetup.py::461,0.364199
lib/matplotlib/rcsetup.py::462,0.364199
lib/matplotlib/rcsetup.py::463,0.364199
lib/matplotlib/rcsetup.py::465,0.364199
lib/matplotlib/rcsetup.py::466,0.364199
lib/matplotlib/rcsetup.py::488,0.364199
lib/matplotlib/rcsetup.py::495,0.364199
lib/matplotlib/rcsetup.py::496,0.364199
lib/matplotlib/rcsetup.py::497,0.364199
lib/matplotlib/rcsetup.py::498,0.364199
lib/matplotlib/rcsetup.py::499,0.364199
lib/matplotlib/rcsetup.py::523,0.364199
lib/matplotlib/rcsetup.py::524,0.364199
lib/matplotlib/rcsetup.py::530,0.364199
lib/matplotlib/rcsetup.py::54,0.364199
lib/matplotlib/rcsetup.py::542,0.364199
lib/matplotlib/rcsetup.py::544,0.364199
lib/matplotlib/rcsetup.py::545,0.364199
lib/matplotlib/rcsetup.py::55,0.364199
lib/matplotlib/rcsetup.py::56,0.364199
lib/matplotlib/rcsetup.py::563,0.364199
lib/matplotlib/rcsetup.py::564,0.364199
lib/matplotlib/rcsetup.py::565,0.364199
lib/matplotlib/rcsetup.py::58,0.364199
lib/matplotlib/rcsetup.py::59,0.364199
lib/matplotlib/rcsetup.py::60,0.364199
lib/matplotlib/rcsetup.py::601,0.364199
lib/matplotlib/rcsetup.py::602,0.364199
lib/matplotlib/rcsetup.py::614,0.364199
lib/matplotlib/rcsetup.py::618,0.364199
lib/matplotlib/rcsetup.py::619,0.364199
lib/matplotlib/rcsetup.py::620,0.364199
lib/matplotlib/rcsetup.py::624,0.364199
lib/matplotlib/rcsetup.py::625,0.364199
lib/matplotlib/rcsetup.py::626,0.364199
lib/matplotlib/rcsetup.py::63,0.364199
lib/matplotlib/rcsetup.py::66,0.364199
lib/matplotlib/rcsetup.py::70,0.364199
lib/matplotlib/rcsetup.py::702,0.364199
lib/matplotlib/rcsetup.py::708,0.364199
lib/matplotlib/rcsetup.py::709,0.364199
lib/matplotlib/rcsetup.py::71,0.364199
lib/matplotlib/rcsetup.py::710,0.364199
lib/matplotlib/rcsetup.py::711,0.364199
lib/matplotlib/rcsetup.py::712,0.364199
lib/matplotlib/rcsetup.py::72,0.364199
lib/matplotlib/rcsetup.py::73,0.364199
lib/matplotlib/rcsetup.py::741,0.364199
lib/matplotlib/rcsetup.py::748,0.364199
lib/matplotlib/rcsetup.py::751,0.364199
lib/matplotlib/rcsetup.py::755,0.364199
lib/matplotlib/rcsetup.py::757,0.364199
lib/matplotlib/rcsetup.py::758,0.364199
lib/matplotlib/rcsetup.py::766,0.364199
lib/matplotlib/rcsetup.py::767,0.364199
lib/matplotlib/rcsetup.py::768,0.364199
lib/matplotlib/rcsetup.py::774,0.364199
lib/matplotlib/rcsetup.py::775,0.364199
lib/matplotlib/rcsetup.py::776,0.364199
lib/matplotlib/rcsetup.py::88,0.364199
lib/matplotlib/rcsetup.py::89,0.364199
lib/matplotlib/rcsetup.py::90,0.364199
lib/matplotlib/rcsetup.py::91,0.364199
lib/matplotlib/rcsetup.py::930,0.364199
lib/matplotlib/rcsetup.py::952,0.364199
lib/matplotlib/rcsetup.py::953,0.364199
lib/matplotlib/rcsetup.py::957,0.364199
lib/matplotlib/rcsetup.py::958,0.364199
lib/matplotlib/rcsetup.py::963,0.364199
lib/matplotlib/rcsetup.py::964,0.364199
lib/matplotlib/rcsetup.py::965,0.364199
lib/matplotlib/rcsetup.py::966,0.364199
lib/matplotlib/rcsetup.py::969,0.364199
lib/matplotlib/rcsetup.py::973,0.364199
lib/matplotlib/rcsetup.py::977,0.364199
lib/matplotlib/rcsetup.py::980,0.364199
lib/matplotlib/rcsetup.py::981,0.364199
lib/matplotlib/rcsetup.py::982,0.364199
lib/matplotlib/rcsetup.py::984,0.364199
lib/matplotlib/rcsetup.py::985,0.364199
lib/matplotlib/rcsetup.py::987,0.364199
lib/matplotlib/rcsetup.py::991,0.364199
lib/matplotlib/rcsetup.py::992,0.364199
lib/matplotlib/rcsetup.py::994,0.364199
lib/matplotlib/rcsetup.py::995,0.364199
lib/matplotlib/scale.py::104,0.364199
lib/matplotlib/scale.py::108,0.364199
lib/matplotlib/scale.py::109,0.364199
lib/matplotlib/scale.py::110,0.364199
lib/matplotlib/scale.py::112,0.364199
lib/matplotlib/scale.py::113,0.364199
lib/matplotlib/scale.py::116,0.364199
lib/matplotlib/scale.py::123,0.364199
lib/matplotlib/scale.py::57,0.364199
lib/matplotlib/scale.py::648,0.364199
lib/matplotlib/scale.py::649,0.364199
lib/matplotlib/scale.py::650,0.364199
lib/matplotlib/scale.py::88,0.364199
lib/matplotlib/spines.py::216,0.364199
lib/matplotlib/spines.py::218,0.364199
lib/matplotlib/spines.py::219,0.364199
lib/matplotlib/spines.py::229,0.364199
lib/matplotlib/spines.py::230,0.364199
lib/matplotlib/spines.py::231,0.364199
lib/matplotlib/spines.py::232,0.364199
lib/matplotlib/spines.py::236,0.364199
lib/matplotlib/spines.py::237,0.364199
lib/matplotlib/spines.py::238,0.364199
lib/matplotlib/spines.py::372,0.364199
lib/matplotlib/spines.py::375,0.364199
lib/matplotlib/spines.py::377,0.364199
lib/matplotlib/spines.py::380,0.364199
lib/matplotlib/spines.py::381,0.364199
lib/matplotlib/spines.py::382,0.364199
lib/matplotlib/spines.py::383,0.364199
lib/matplotlib/spines.py::384,0.364199
lib/matplotlib/spines.py::393,0.364199
lib/matplotlib/spines.py::395,0.364199
lib/matplotlib/spines.py::396,0.364199
lib/matplotlib/spines.py::401,0.364199
lib/matplotlib/spines.py::402,0.364199
lib/matplotlib/spines.py::403,0.364199
lib/matplotlib/spines.py::404,0.364199
lib/matplotlib/spines.py::405,0.364199
lib/matplotlib/spines.py::406,0.364199
lib/matplotlib/spines.py::407,0.364199
lib/matplotlib/spines.py::408,0.364199
lib/matplotlib/spines.py::412,0.364199
lib/matplotlib/spines.py::413,0.364199
lib/matplotlib/spines.py::414,0.364199
lib/matplotlib/spines.py::488,0.364199
lib/matplotlib/spines.py::489,0.364199
lib/matplotlib/spines.py::490,0.364199
lib/matplotlib/spines.py::491,0.364199
lib/matplotlib/spines.py::492,0.364199
lib/matplotlib/spines.py::493,0.364199
lib/matplotlib/spines.py::494,0.364199
lib/matplotlib/spines.py::495,0.364199
lib/matplotlib/spines.py::498,0.364199
lib/matplotlib/spines.py::499,0.364199
lib/matplotlib/spines.py::50,0.364199
lib/matplotlib/spines.py::501,0.364199
lib/matplotlib/spines.py::51,0.364199
lib/matplotlib/spines.py::52,0.364199
lib/matplotlib/spines.py::53,0.364199
lib/matplotlib/spines.py::54,0.364199
lib/matplotlib/spines.py::55,0.364199
lib/matplotlib/spines.py::56,0.364199
lib/matplotlib/spines.py::57,0.364199
lib/matplotlib/spines.py::58,0.364199
lib/matplotlib/spines.py::60,0.364199
lib/matplotlib/spines.py::61,0.364199
lib/matplotlib/spines.py::63,0.364199
lib/matplotlib/spines.py::64,0.364199
lib/matplotlib/spines.py::69,0.364199
lib/matplotlib/spines.py::70,0.364199
lib/matplotlib/spines.py::71,0.364199
lib/matplotlib/spines.py::79,0.364199
lib/matplotlib/spines.py::83,0.364199
lib/matplotlib/style/core.py::100,0.364199
lib/matplotlib/style/core.py::101,0.364199
lib/matplotlib/style/core.py::105,0.364199
lib/matplotlib/style/core.py::107,0.364199
lib/matplotlib/style/core.py::108,0.364199
lib/matplotlib/style/core.py::109,0.364199
lib/matplotlib/style/core.py::110,0.364199
lib/matplotlib/style/core.py::112,0.364199
lib/matplotlib/style/core.py::117,0.364199
lib/matplotlib/style/core.py::118,0.364199
lib/matplotlib/style/core.py::46,0.364199
lib/matplotlib/style/core.py::47,0.364199
lib/matplotlib/style/core.py::48,0.364199
lib/matplotlib/style/core.py::54,0.364199
lib/matplotlib/style/core.py::55,0.364199
lib/matplotlib/style/core.py::65,0.364199
lib/matplotlib/style/core.py::99,0.364199
lib/matplotlib/testing/__init__.py::21,0.364199
lib/matplotlib/testing/__init__.py::22,0.364199
lib/matplotlib/testing/__init__.py::23,0.364199
lib/matplotlib/testing/__init__.py::27,0.364199
lib/matplotlib/testing/__init__.py::34,0.364199
lib/matplotlib/testing/__init__.py::35,0.364199
lib/matplotlib/testing/__init__.py::36,0.364199
lib/matplotlib/testing/__init__.py::37,0.364199
lib/matplotlib/testing/__init__.py::38,0.364199
lib/matplotlib/testing/__init__.py::39,0.364199
lib/matplotlib/testing/__init__.py::40,0.364199
lib/matplotlib/testing/__init__.py::41,0.364199
lib/matplotlib/testing/__init__.py::44,0.364199
lib/matplotlib/testing/__init__.py::46,0.364199
lib/matplotlib/testing/__init__.py::47,0.364199
lib/matplotlib/testing/__init__.py::51,0.364199
lib/matplotlib/testing/__init__.py::52,0.364199
lib/matplotlib/testing/conftest.py::100,0.364199
lib/matplotlib/testing/conftest.py::34,0.364199
lib/matplotlib/testing/conftest.py::36,0.364199
lib/matplotlib/testing/conftest.py::38,0.364199
lib/matplotlib/testing/conftest.py::39,0.364199
lib/matplotlib/testing/conftest.py::40,0.364199
lib/matplotlib/testing/conftest.py::73,0.364199
lib/matplotlib/testing/conftest.py::74,0.364199
lib/matplotlib/testing/conftest.py::75,0.364199
lib/matplotlib/testing/conftest.py::80,0.364199
lib/matplotlib/testing/conftest.py::81,0.364199
lib/matplotlib/testing/conftest.py::95,0.364199
lib/matplotlib/testing/conftest.py::96,0.364199
lib/matplotlib/testing/conftest.py::97,0.364199
lib/matplotlib/testing/conftest.py::98,0.364199
lib/matplotlib/testing/decorators.py::32,0.364199
lib/matplotlib/testing/decorators.py::33,0.364199
lib/matplotlib/testing/decorators.py::34,0.364199
lib/matplotlib/testing/decorators.py::35,0.364199
lib/matplotlib/testing/decorators.py::37,0.364199
lib/matplotlib/testing/decorators.py::38,0.364199
lib/matplotlib/testing/decorators.py::39,0.364199
lib/matplotlib/text.py::1052,0.364199
lib/matplotlib/text.py::1053,0.364199
lib/matplotlib/text.py::1069,0.364199
lib/matplotlib/text.py::1070,0.364199
lib/matplotlib/text.py::1108,0.364199
lib/matplotlib/text.py::1109,0.364199
lib/matplotlib/text.py::1119,0.364199
lib/matplotlib/text.py::1120,0.364199
lib/matplotlib/text.py::1132,0.364199
lib/matplotlib/text.py::1133,0.364199
lib/matplotlib/text.py::1143,0.364199
lib/matplotlib/text.py::1144,0.364199
lib/matplotlib/text.py::1145,0.364199
lib/matplotlib/text.py::1146,0.364199
lib/matplotlib/text.py::1147,0.364199
lib/matplotlib/text.py::1161,0.364199
lib/matplotlib/text.py::1163,0.364199
lib/matplotlib/text.py::1199,0.364199
lib/matplotlib/text.py::1200,0.364199
lib/matplotlib/text.py::1210,0.364199
lib/matplotlib/text.py::1211,0.364199
lib/matplotlib/text.py::1214,0.364199
lib/matplotlib/text.py::148,0.364199
lib/matplotlib/text.py::149,0.364199
lib/matplotlib/text.py::150,0.364199
lib/matplotlib/text.py::151,0.364199
lib/matplotlib/text.py::152,0.364199
lib/matplotlib/text.py::153,0.364199
lib/matplotlib/text.py::154,0.364199
lib/matplotlib/text.py::155,0.364199
lib/matplotlib/text.py::156,0.364199
lib/matplotlib/text.py::157,0.364199
lib/matplotlib/text.py::158,0.364199
lib/matplotlib/text.py::159,0.364199
lib/matplotlib/text.py::160,0.364199
lib/matplotlib/text.py::161,0.364199
lib/matplotlib/text.py::162,0.364199
lib/matplotlib/text.py::163,0.364199
lib/matplotlib/text.py::164,0.364199
lib/matplotlib/text.py::165,0.364199
lib/matplotlib/text.py::166,0.364199
lib/matplotlib/text.py::170,0.364199
lib/matplotlib/text.py::172,0.364199
lib/matplotlib/text.py::173,0.364199
lib/matplotlib/text.py::176,0.364199
lib/matplotlib/text.py::177,0.364199
lib/matplotlib/text.py::178,0.364199
lib/matplotlib/text.py::220,0.364199
lib/matplotlib/text.py::221,0.364199
lib/matplotlib/text.py::244,0.364199
lib/matplotlib/text.py::245,0.364199
lib/matplotlib/text.py::246,0.364199
lib/matplotlib/text.py::523,0.364199
lib/matplotlib/text.py::524,0.364199
lib/matplotlib/text.py::525,0.364199
lib/matplotlib/text.py::526,0.364199
lib/matplotlib/text.py::531,0.364199
lib/matplotlib/text.py::532,0.364199
lib/matplotlib/text.py::556,0.364199
lib/matplotlib/text.py::669,0.364199
lib/matplotlib/text.py::670,0.364199
lib/matplotlib/text.py::671,0.364199
lib/matplotlib/text.py::673,0.364199
lib/matplotlib/text.py::674,0.364199
lib/matplotlib/text.py::822,0.364199
lib/matplotlib/text.py::823,0.364199
lib/matplotlib/text.py::824,0.364199
lib/matplotlib/text.py::852,0.364199
lib/matplotlib/text.py::883,0.364199
lib/matplotlib/text.py::885,0.364199
lib/matplotlib/text.py::886,0.364199
lib/matplotlib/text.py::887,0.364199
lib/matplotlib/text.py::888,0.364199
lib/matplotlib/text.py::889,0.364199
lib/matplotlib/text.py::890,0.364199
lib/matplotlib/text.py::935,0.364199
lib/matplotlib/text.py::936,0.364199
lib/matplotlib/text.py::939,0.364199
lib/matplotlib/text.py::940,0.364199
lib/matplotlib/text.py::950,0.364199
lib/matplotlib/text.py::951,0.364199
lib/matplotlib/text.py::952,0.364199
lib/matplotlib/textpath.py::25,0.364199
lib/matplotlib/textpath.py::26,0.364199
lib/matplotlib/ticker.py::1669,0.364199
lib/matplotlib/ticker.py::2034,0.364199
lib/matplotlib/ticker.py::2045,0.364199
lib/matplotlib/ticker.py::2049,0.364199
lib/matplotlib/ticker.py::2052,0.364199
lib/matplotlib/ticker.py::2053,0.364199
lib/matplotlib/ticker.py::2056,0.364199
lib/matplotlib/ticker.py::2058,0.364199
lib/matplotlib/ticker.py::2060,0.364199
lib/matplotlib/ticker.py::2067,0.364199
lib/matplotlib/ticker.py::2068,0.364199
lib/matplotlib/ticker.py::2089,0.364199
lib/matplotlib/ticker.py::2090,0.364199
lib/matplotlib/ticker.py::2091,0.364199
lib/matplotlib/ticker.py::2092,0.364199
lib/matplotlib/ticker.py::2093,0.364199
lib/matplotlib/ticker.py::2094,0.364199
lib/matplotlib/ticker.py::2095,0.364199
lib/matplotlib/ticker.py::2096,0.364199
lib/matplotlib/ticker.py::2097,0.364199
lib/matplotlib/ticker.py::2098,0.364199
lib/matplotlib/ticker.py::2099,0.364199
lib/matplotlib/ticker.py::2100,0.364199
lib/matplotlib/ticker.py::2101,0.364199
lib/matplotlib/ticker.py::2102,0.364199
lib/matplotlib/ticker.py::2103,0.364199
lib/matplotlib/ticker.py::2106,0.364199
lib/matplotlib/ticker.py::2107,0.364199
lib/matplotlib/ticker.py::2108,0.364199
lib/matplotlib/ticker.py::2109,0.364199
lib/matplotlib/ticker.py::2110,0.364199
lib/matplotlib/ticker.py::230,0.364199
lib/matplotlib/ticker.py::2795,0.364199
lib/matplotlib/ticker.py::2796,0.364199
lib/matplotlib/ticker.py::2797,0.364199
lib/matplotlib/ticker.py::2801,0.364199
lib/matplotlib/ticker.py::308,0.364199
lib/matplotlib/ticker.py::499,0.364199
lib/matplotlib/ticker.py::500,0.364199
lib/matplotlib/ticker.py::502,0.364199
lib/matplotlib/ticker.py::503,0.364199
lib/matplotlib/ticker.py::504,0.364199
lib/matplotlib/ticker.py::505,0.364199
lib/matplotlib/ticker.py::506,0.364199
lib/matplotlib/ticker.py::507,0.364199
lib/matplotlib/ticker.py::508,0.364199
lib/matplotlib/ticker.py::509,0.364199
lib/matplotlib/ticker.py::510,0.364199
lib/matplotlib/ticker.py::511,0.364199
lib/matplotlib/ticker.py::512,0.364199
lib/matplotlib/ticker.py::513,0.364199
lib/matplotlib/ticker.py::514,0.364199
lib/matplotlib/ticker.py::520,0.364199
lib/matplotlib/ticker.py::521,0.364199
lib/matplotlib/ticker.py::522,0.364199
lib/matplotlib/ticker.py::544,0.364199
lib/matplotlib/ticker.py::547,0.364199
lib/matplotlib/tight_bbox.py::18,0.364199
lib/matplotlib/tight_bbox.py::19,0.364199
lib/matplotlib/tight_bbox.py::21,0.364199
lib/matplotlib/tight_bbox.py::22,0.364199
lib/matplotlib/tight_bbox.py::23,0.364199
lib/matplotlib/tight_bbox.py::24,0.364199
lib/matplotlib/tight_bbox.py::26,0.364199
lib/matplotlib/tight_bbox.py::27,0.364199
lib/matplotlib/tight_bbox.py::28,0.364199
lib/matplotlib/tight_bbox.py::29,0.364199
lib/matplotlib/tight_bbox.py::30,0.364199
lib/matplotlib/tight_bbox.py::31,0.364199
lib/matplotlib/tight_bbox.py::32,0.364199
lib/matplotlib/tight_bbox.py::34,0.364199
lib/matplotlib/tight_bbox.py::35,0.364199
lib/matplotlib/tight_bbox.py::36,0.364199
lib/matplotlib/tight_bbox.py::39,0.364199
lib/matplotlib/tight_bbox.py::42,0.364199
lib/matplotlib/tight_bbox.py::43,0.364199
lib/matplotlib/tight_bbox.py::45,0.364199
lib/matplotlib/tight_bbox.py::46,0.364199
lib/matplotlib/tight_bbox.py::47,0.364199
lib/matplotlib/tight_bbox.py::48,0.364199
lib/matplotlib/tight_bbox.py::51,0.364199
lib/matplotlib/tight_bbox.py::55,0.364199
lib/matplotlib/tight_bbox.py::56,0.364199
lib/matplotlib/tight_bbox.py::57,0.364199
lib/matplotlib/tight_bbox.py::58,0.364199
lib/matplotlib/tight_bbox.py::59,0.364199
lib/matplotlib/tight_bbox.py::60,0.364199
lib/matplotlib/tight_bbox.py::62,0.364199
lib/matplotlib/tight_bbox.py::66,0.364199
lib/matplotlib/tight_bbox.py::67,0.364199
lib/matplotlib/tight_bbox.py::69,0.364199
lib/matplotlib/tight_bbox.py::71,0.364199
lib/matplotlib/tight_bbox.py::72,0.364199
lib/matplotlib/tight_bbox.py::73,0.364199
lib/matplotlib/tight_bbox.py::74,0.364199
lib/matplotlib/tight_bbox.py::75,0.364199
lib/matplotlib/tight_bbox.py::76,0.364199
lib/matplotlib/tight_bbox.py::78,0.364199
lib/matplotlib/tight_bbox.py::80,0.364199
lib/matplotlib/tight_bbox.py::81,0.364199
lib/matplotlib/tight_bbox.py::83,0.364199
lib/matplotlib/transforms.py::1026,0.364199
lib/matplotlib/transforms.py::1028,0.364199
lib/matplotlib/transforms.py::1029,0.364199
lib/matplotlib/transforms.py::1033,0.364199
lib/matplotlib/transforms.py::1034,0.364199
lib/matplotlib/transforms.py::1035,0.364199
lib/matplotlib/transforms.py::1036,0.364199
lib/matplotlib/transforms.py::1037,0.364199
lib/matplotlib/transforms.py::1043,0.364199
lib/matplotlib/transforms.py::1044,0.364199
lib/matplotlib/transforms.py::1048,0.364199
lib/matplotlib/transforms.py::1049,0.364199
lib/matplotlib/transforms.py::1050,0.364199
lib/matplotlib/transforms.py::1051,0.364199
lib/matplotlib/transforms.py::1052,0.364199
lib/matplotlib/transforms.py::1053,0.364199
lib/matplotlib/transforms.py::1055,0.364199
lib/matplotlib/transforms.py::1056,0.364199
lib/matplotlib/transforms.py::1059,0.364199
lib/matplotlib/transforms.py::1060,0.364199
lib/matplotlib/transforms.py::1063,0.364199
lib/matplotlib/transforms.py::1064,0.364199
lib/matplotlib/transforms.py::1065,0.364199
lib/matplotlib/transforms.py::1068,0.364199
lib/matplotlib/transforms.py::1069,0.364199
lib/matplotlib/transforms.py::116,0.364199
lib/matplotlib/transforms.py::120,0.364199
lib/matplotlib/transforms.py::121,0.364199
lib/matplotlib/transforms.py::1275,0.364199
lib/matplotlib/transforms.py::1417,0.364199
lib/matplotlib/transforms.py::1418,0.364199
lib/matplotlib/transforms.py::1419,0.364199
lib/matplotlib/transforms.py::1422,0.364199
lib/matplotlib/transforms.py::1425,0.364199
lib/matplotlib/transforms.py::1428,0.364199
lib/matplotlib/transforms.py::1429,0.364199
lib/matplotlib/transforms.py::1527,0.364199
lib/matplotlib/transforms.py::153,0.364199
lib/matplotlib/transforms.py::1537,0.364199
lib/matplotlib/transforms.py::154,0.364199
lib/matplotlib/transforms.py::155,0.364199
lib/matplotlib/transforms.py::156,0.364199
lib/matplotlib/transforms.py::1634,0.364199
lib/matplotlib/transforms.py::1635,0.364199
lib/matplotlib/transforms.py::1636,0.364199
lib/matplotlib/transforms.py::1639,0.364199
lib/matplotlib/transforms.py::1640,0.364199
lib/matplotlib/transforms.py::1641,0.364199
lib/matplotlib/transforms.py::1642,0.364199
lib/matplotlib/transforms.py::1643,0.364199
lib/matplotlib/transforms.py::1655,0.364199
lib/matplotlib/transforms.py::1657,0.364199
lib/matplotlib/transforms.py::1658,0.364199
lib/matplotlib/transforms.py::1659,0.364199
lib/matplotlib/transforms.py::1660,0.364199
lib/matplotlib/transforms.py::1661,0.364199
lib/matplotlib/transforms.py::1662,0.364199
lib/matplotlib/transforms.py::1663,0.364199
lib/matplotlib/transforms.py::1664,0.364199
lib/matplotlib/transforms.py::1665,0.364199
lib/matplotlib/transforms.py::1678,0.364199
lib/matplotlib/transforms.py::1679,0.364199
lib/matplotlib/transforms.py::1684,0.364199
lib/matplotlib/transforms.py::1685,0.364199
lib/matplotlib/transforms.py::1687,0.364199
lib/matplotlib/transforms.py::1688,0.364199
lib/matplotlib/transforms.py::1689,0.364199
lib/matplotlib/transforms.py::1691,0.364199
lib/matplotlib/transforms.py::1703,0.364199
lib/matplotlib/transforms.py::1704,0.364199
lib/matplotlib/transforms.py::1711,0.364199
lib/matplotlib/transforms.py::1712,0.364199
lib/matplotlib/transforms.py::1717,0.364199
lib/matplotlib/transforms.py::173,0.364199
lib/matplotlib/transforms.py::1734,0.364199
lib/matplotlib/transforms.py::1735,0.364199
lib/matplotlib/transforms.py::1743,0.364199
lib/matplotlib/transforms.py::175,0.364199
lib/matplotlib/transforms.py::176,0.364199
lib/matplotlib/transforms.py::1771,0.364199
lib/matplotlib/transforms.py::1772,0.364199
lib/matplotlib/transforms.py::178,0.364199
lib/matplotlib/transforms.py::1795,0.364199
lib/matplotlib/transforms.py::1796,0.364199
lib/matplotlib/transforms.py::1799,0.364199
lib/matplotlib/transforms.py::180,0.364199
lib/matplotlib/transforms.py::181,0.364199
lib/matplotlib/transforms.py::182,0.364199
lib/matplotlib/transforms.py::183,0.364199
lib/matplotlib/transforms.py::1842,0.364199
lib/matplotlib/transforms.py::1843,0.364199
lib/matplotlib/transforms.py::1845,0.364199
lib/matplotlib/transforms.py::1846,0.364199
lib/matplotlib/transforms.py::1847,0.364199
lib/matplotlib/transforms.py::1875,0.364199
lib/matplotlib/transforms.py::1876,0.364199
lib/matplotlib/transforms.py::1877,0.364199
lib/matplotlib/transforms.py::1878,0.364199
lib/matplotlib/transforms.py::1929,0.364199
lib/matplotlib/transforms.py::1930,0.364199
lib/matplotlib/transforms.py::1931,0.364199
lib/matplotlib/transforms.py::1932,0.364199
lib/matplotlib/transforms.py::1933,0.364199
lib/matplotlib/transforms.py::1934,0.364199
lib/matplotlib/transforms.py::1935,0.364199
lib/matplotlib/transforms.py::1945,0.364199
lib/matplotlib/transforms.py::195,0.364199
lib/matplotlib/transforms.py::1966,0.364199
lib/matplotlib/transforms.py::1967,0.364199
lib/matplotlib/transforms.py::1977,0.364199
lib/matplotlib/transforms.py::1978,0.364199
lib/matplotlib/transforms.py::1979,0.364199
lib/matplotlib/transforms.py::1980,0.364199
lib/matplotlib/transforms.py::199,0.364199
lib/matplotlib/transforms.py::1993,0.364199
lib/matplotlib/transforms.py::1994,0.364199
lib/matplotlib/transforms.py::1996,0.364199
lib/matplotlib/transforms.py::1997,0.364199
lib/matplotlib/transforms.py::1998,0.364199
lib/matplotlib/transforms.py::1999,0.364199
lib/matplotlib/transforms.py::200,0.364199
lib/matplotlib/transforms.py::2000,0.364199
lib/matplotlib/transforms.py::2001,0.364199
lib/matplotlib/transforms.py::2002,0.364199
lib/matplotlib/transforms.py::2003,0.364199
lib/matplotlib/transforms.py::201,0.364199
lib/matplotlib/transforms.py::2053,0.364199
lib/matplotlib/transforms.py::2128,0.364199
lib/matplotlib/transforms.py::2129,0.364199
lib/matplotlib/transforms.py::2130,0.364199
lib/matplotlib/transforms.py::2131,0.364199
lib/matplotlib/transforms.py::2132,0.364199
lib/matplotlib/transforms.py::2221,0.364199
lib/matplotlib/transforms.py::2222,0.364199
lib/matplotlib/transforms.py::2223,0.364199
lib/matplotlib/transforms.py::2224,0.364199
lib/matplotlib/transforms.py::2228,0.364199
lib/matplotlib/transforms.py::2229,0.364199
lib/matplotlib/transforms.py::2230,0.364199
lib/matplotlib/transforms.py::2231,0.364199
lib/matplotlib/transforms.py::2233,0.364199
lib/matplotlib/transforms.py::2234,0.364199
lib/matplotlib/transforms.py::2238,0.364199
lib/matplotlib/transforms.py::2239,0.364199
lib/matplotlib/transforms.py::2240,0.364199
lib/matplotlib/transforms.py::2247,0.364199
lib/matplotlib/transforms.py::2248,0.364199
lib/matplotlib/transforms.py::2249,0.364199
lib/matplotlib/transforms.py::2260,0.364199
lib/matplotlib/transforms.py::2261,0.364199
lib/matplotlib/transforms.py::2262,0.364199
lib/matplotlib/transforms.py::2263,0.364199
lib/matplotlib/transforms.py::2285,0.364199
lib/matplotlib/transforms.py::2288,0.364199
lib/matplotlib/transforms.py::2289,0.364199
lib/matplotlib/transforms.py::2291,0.364199
lib/matplotlib/transforms.py::2292,0.364199
lib/matplotlib/transforms.py::2293,0.364199
lib/matplotlib/transforms.py::2294,0.364199
lib/matplotlib/transforms.py::2312,0.364199
lib/matplotlib/transforms.py::2313,0.364199
lib/matplotlib/transforms.py::2317,0.364199
lib/matplotlib/transforms.py::2318,0.364199
lib/matplotlib/transforms.py::2334,0.364199
lib/matplotlib/transforms.py::2344,0.364199
lib/matplotlib/transforms.py::2348,0.364199
lib/matplotlib/transforms.py::2349,0.364199
lib/matplotlib/transforms.py::2358,0.364199
lib/matplotlib/transforms.py::2359,0.364199
lib/matplotlib/transforms.py::2368,0.364199
lib/matplotlib/transforms.py::2371,0.364199
lib/matplotlib/transforms.py::2372,0.364199
lib/matplotlib/transforms.py::238,0.364199
lib/matplotlib/transforms.py::2451,0.364199
lib/matplotlib/transforms.py::2453,0.364199
lib/matplotlib/transforms.py::2455,0.364199
lib/matplotlib/transforms.py::2457,0.364199
lib/matplotlib/transforms.py::2516,0.364199
lib/matplotlib/transforms.py::2519,0.364199
lib/matplotlib/transforms.py::2520,0.364199
lib/matplotlib/transforms.py::2521,0.364199
lib/matplotlib/transforms.py::2522,0.364199
lib/matplotlib/transforms.py::2523,0.364199
lib/matplotlib/transforms.py::2529,0.364199
lib/matplotlib/transforms.py::2530,0.364199
lib/matplotlib/transforms.py::2531,0.364199
lib/matplotlib/transforms.py::2533,0.364199
lib/matplotlib/transforms.py::2534,0.364199
lib/matplotlib/transforms.py::2535,0.364199
lib/matplotlib/transforms.py::2536,0.364199
lib/matplotlib/transforms.py::2537,0.364199
lib/matplotlib/transforms.py::2538,0.364199
lib/matplotlib/transforms.py::2539,0.364199
lib/matplotlib/transforms.py::257,0.364199
lib/matplotlib/transforms.py::2570,0.364199
lib/matplotlib/transforms.py::2573,0.364199
lib/matplotlib/transforms.py::2574,0.364199
lib/matplotlib/transforms.py::2575,0.364199
lib/matplotlib/transforms.py::2576,0.364199
lib/matplotlib/transforms.py::2577,0.364199
lib/matplotlib/transforms.py::2583,0.364199
lib/matplotlib/transforms.py::2584,0.364199
lib/matplotlib/transforms.py::2585,0.364199
lib/matplotlib/transforms.py::2587,0.364199
lib/matplotlib/transforms.py::2588,0.364199
lib/matplotlib/transforms.py::2589,0.364199
lib/matplotlib/transforms.py::2590,0.364199
lib/matplotlib/transforms.py::2591,0.364199
lib/matplotlib/transforms.py::2592,0.364199
lib/matplotlib/transforms.py::2593,0.364199
lib/matplotlib/transforms.py::2594,0.364199
lib/matplotlib/transforms.py::2595,0.364199
lib/matplotlib/transforms.py::2604,0.364199
lib/matplotlib/transforms.py::2605,0.364199
lib/matplotlib/transforms.py::2606,0.364199
lib/matplotlib/transforms.py::2607,0.364199
lib/matplotlib/transforms.py::2608,0.364199
lib/matplotlib/transforms.py::2609,0.364199
lib/matplotlib/transforms.py::2615,0.364199
lib/matplotlib/transforms.py::2617,0.364199
lib/matplotlib/transforms.py::2618,0.364199
lib/matplotlib/transforms.py::2619,0.364199
lib/matplotlib/transforms.py::2620,0.364199
lib/matplotlib/transforms.py::2621,0.364199
lib/matplotlib/transforms.py::267,0.364199
lib/matplotlib/transforms.py::2792,0.364199
lib/matplotlib/transforms.py::2795,0.364199
lib/matplotlib/transforms.py::2796,0.364199
lib/matplotlib/transforms.py::2802,0.364199
lib/matplotlib/transforms.py::2804,0.364199
lib/matplotlib/transforms.py::2805,0.364199
lib/matplotlib/transforms.py::2809,0.364199
lib/matplotlib/transforms.py::2817,0.364199
lib/matplotlib/transforms.py::2819,0.364199
lib/matplotlib/transforms.py::307,0.364199
lib/matplotlib/transforms.py::312,0.364199
lib/matplotlib/transforms.py::317,0.364199
lib/matplotlib/transforms.py::322,0.364199
lib/matplotlib/transforms.py::327,0.364199
lib/matplotlib/transforms.py::360,0.364199
lib/matplotlib/transforms.py::361,0.364199
lib/matplotlib/transforms.py::366,0.364199
lib/matplotlib/transforms.py::367,0.364199
lib/matplotlib/transforms.py::372,0.364199
lib/matplotlib/transforms.py::373,0.364199
lib/matplotlib/transforms.py::378,0.364199
lib/matplotlib/transforms.py::379,0.364199
lib/matplotlib/transforms.py::630,0.364199
lib/matplotlib/transforms.py::631,0.364199
lib/matplotlib/transforms.py::661,0.364199
lib/matplotlib/transforms.py::665,0.364199
lib/matplotlib/transforms.py::666,0.364199
lib/matplotlib/transforms.py::667,0.364199
lib/matplotlib/transforms.py::668,0.364199
lib/matplotlib/transforms.py::669,0.364199
lib/matplotlib/transforms.py::670,0.364199
lib/matplotlib/transforms.py::773,0.364199
lib/matplotlib/transforms.py::774,0.364199
lib/matplotlib/transforms.py::775,0.364199
lib/matplotlib/transforms.py::778,0.364199
lib/matplotlib/transforms.py::779,0.364199
lib/matplotlib/transforms.py::780,0.364199
lib/matplotlib/transforms.py::784,0.364199
lib/matplotlib/transforms.py::799,0.364199
lib/matplotlib/transforms.py::804,0.364199
lib/matplotlib/transforms.py::813,0.364199
lib/matplotlib/transforms.py::822,0.364199
lib/matplotlib/transforms.py::867,0.364199
lib/matplotlib/transforms.py::870,0.364199
lib/matplotlib/transforms.py::873,0.364199
lib/matplotlib/transforms.py::874,0.364199
lib/matplotlib/transforms.py::876,0.364199
lib/matplotlib/transforms.py::877,0.364199
lib/matplotlib/transforms.py::878,0.364199
lib/matplotlib/transforms.py::879,0.364199
lib/matplotlib/transforms.py::880,0.364199
lib/matplotlib/transforms.py::881,0.364199
lib/matplotlib/transforms.py::882,0.364199
lib/matplotlib/transforms.py::883,0.364199
lib/matplotlib/transforms.py::904,0.364199
lib/matplotlib/transforms.py::907,0.364199
lib/matplotlib/transforms.py::908,0.364199
lib/matplotlib/transforms.py::909,0.364199
lib/matplotlib/transforms.py::943,0.364199
lib/matplotlib/transforms.py::944,0.364199
lib/matplotlib/transforms.py::948,0.364199
lib/matplotlib/transforms.py::949,0.364199
lib/matplotlib/transforms.py::965,0.364199
lib/matplotlib/transforms.py::969,0.364199
lib/matplotlib/transforms.py::976,0.364199
lib/matplotlib/transforms.py::977,0.364199
lib/matplotlib/transforms.py::993,0.364199
lib/matplotlib/units.py::194,0.364199
lib/matplotlib/units.py::196,0.364199
lib/matplotlib/units.py::204,0.364199
lib/matplotlib/units.py::205,0.364199
lib/matplotlib/units.py::206,0.364199
lib/matplotlib/units.py::207,0.364199
lib/matplotlib/units.py::208,0.364199
lib/matplotlib/units.py::209,0.364199
lib/matplotlib/units.py::210,0.364199
lib/matplotlib/units.py::211,0.364199
lib/matplotlib/units.py::212,0.364199
lib/matplotlib/units.py::216,0.364199
lib/matplotlib/units.py::217,0.364199
lib/matplotlib/units.py::218,0.364199
lib/matplotlib/units.py::64,0.364199
lib/matplotlib/units.py::71,0.364199
lib/matplotlib/widgets.py::36,0.364199
