Entity,Score
lib/matplotlib/axes/_axes.py::4494,0.909091
lib/matplotlib/axes/_axes.py::4495,0.909091
lib/matplotlib/tests/test_axes.py::1988,0.909091
lib/matplotlib/tests/test_axes.py::1990,0.909091
lib/matplotlib/tests/test_axes.py::1991,0.909091
lib/matplotlib/tests/test_axes.py::1992,0.909091
lib/matplotlib/tests/test_axes.py::1993,0.909091
lib/matplotlib/tests/test_axes.py::1994,0.909091
lib/matplotlib/markers.py::804,0.545836
lib/matplotlib/markers.py::805,0.545836
lib/matplotlib/markers.py::806,0.545836
lib/matplotlib/markers.py::807,0.545836
lib/matplotlib/transforms.py::2806,0.392235
lib/matplotlib/transforms.py::2807,0.392235
lib/matplotlib/collections.py::743,0.306534
lib/matplotlib/collections.py::744,0.306534
lib/matplotlib/collections.py::695,0.280576
lib/matplotlib/collections.py::696,0.280576
lib/matplotlib/axes/_axes.py::4524,0.224271
lib/matplotlib/axes/_axes.py::4526,0.224271
lib/matplotlib/axes/_axes.py::4523,0.218716
lib/matplotlib/axes/_axes.py::4525,0.218716
lib/matplotlib/axes/_axes.py::4471,0.208750
lib/matplotlib/axes/_axes.py::4477,0.208750
lib/matplotlib/axes/_axes.py::4478,0.208750
lib/matplotlib/axes/_axes.py::4480,0.208750
lib/matplotlib/axes/_axes.py::4483,0.208750
lib/matplotlib/axes/_axes.py::4486,0.208750
lib/matplotlib/axes/_axes.py::4489,0.208750
lib/matplotlib/axes/_axes.py::4491,0.208750
lib/matplotlib/axes/_axes.py::4492,0.208750
lib/matplotlib/axes/_axes.py::4493,0.208750
lib/matplotlib/axes/_axes.py::4497,0.208750
lib/matplotlib/axes/_axes.py::4499,0.208750
lib/matplotlib/axes/_axes.py::4500,0.208750
lib/matplotlib/axes/_axes.py::4501,0.208750
lib/matplotlib/axes/_axes.py::4502,0.208750
lib/matplotlib/axes/_axes.py::4503,0.208750
lib/matplotlib/axes/_axes.py::4504,0.208750
lib/matplotlib/axes/_axes.py::4505,0.208750
lib/matplotlib/axes/_axes.py::4506,0.208750
lib/matplotlib/axes/_axes.py::4508,0.208750
lib/matplotlib/axes/_axes.py::4509,0.208750
lib/matplotlib/axes/_axes.py::4511,0.208750
lib/matplotlib/axes/_axes.py::4522,0.208750
lib/matplotlib/axes/_axes.py::4528,0.208750
lib/matplotlib/axes/_axes.py::4529,0.208750
lib/matplotlib/axes/_axes.py::4531,0.208750
lib/matplotlib/collections.py::219,0.208750
lib/matplotlib/collections.py::233,0.208750
lib/matplotlib/collections.py::240,0.208750
lib/matplotlib/collections.py::242,0.208750
lib/matplotlib/collections.py::243,0.208750
lib/matplotlib/collections.py::244,0.208750
lib/matplotlib/collections.py::245,0.208750
lib/matplotlib/collections.py::246,0.208750
lib/matplotlib/axes/_axes.py::4467,0.204255
lib/matplotlib/axes/_axes.py::4468,0.204255
lib/matplotlib/axes/_axes.py::4469,0.204255
lib/matplotlib/collections.py::203,0.204255
lib/matplotlib/path.py::494,0.204255
lib/matplotlib/path.py::495,0.204255
lib/matplotlib/transforms.py::1379,0.204255
lib/matplotlib/axes/_axes.py::4448,0.200041
lib/matplotlib/axes/_axes.py::4449,0.200041
lib/matplotlib/axes/_axes.py::4450,0.200041
lib/matplotlib/axes/_axes.py::4454,0.200041
lib/matplotlib/axes/_axes.py::4455,0.200041
lib/matplotlib/axes/_axes.py::4456,0.200041
lib/matplotlib/axes/_axes.py::4459,0.200041
lib/matplotlib/axes/_axes.py::4462,0.200041
lib/matplotlib/axes/_axes.py::4463,0.200041
lib/matplotlib/collections.py::773,0.200041
lib/matplotlib/collections.py::903,0.200041
lib/matplotlib/collections.py::904,0.200041
lib/matplotlib/collections.py::905,0.200041
lib/matplotlib/collections.py::906,0.200041
lib/matplotlib/collections.py::909,0.200041
lib/matplotlib/collections.py::910,0.200041
lib/matplotlib/collections.py::913,0.200041
lib/matplotlib/axes/_base.py::2320,0.196078
lib/matplotlib/axes/_base.py::2322,0.196078
lib/matplotlib/axes/_base.py::2323,0.196078
lib/matplotlib/axes/_base.py::2324,0.196078
lib/matplotlib/axes/_base.py::2297,0.188816
lib/matplotlib/axes/_base.py::2299,0.188816
lib/matplotlib/axes/_base.py::2300,0.188816
lib/matplotlib/axes/_base.py::2301,0.188816
lib/matplotlib/cbook/__init__.py::1002,0.188816
lib/matplotlib/collections.py::154,0.185477
lib/matplotlib/collections.py::156,0.185477
lib/matplotlib/collections.py::158,0.185477
lib/matplotlib/collections.py::159,0.185477
lib/matplotlib/collections.py::160,0.185477
lib/matplotlib/collections.py::223,0.179301
lib/matplotlib/transforms.py::1319,0.176436
lib/matplotlib/collections.py::200,0.173706
lib/matplotlib/collections.py::201,0.173706
lib/matplotlib/collections.py::202,0.173706
lib/matplotlib/collections.py::207,0.173706
lib/matplotlib/collections.py::209,0.173706
lib/matplotlib/collections.py::211,0.173706
lib/matplotlib/collections.py::218,0.173706
lib/matplotlib/collections.py::222,0.173706
lib/matplotlib/transforms.py::1375,0.173706
lib/matplotlib/transforms.py::1377,0.173706
lib/matplotlib/transforms.py::1378,0.173706
lib/matplotlib/axes/_base.py::1943,0.171099
lib/matplotlib/axes/_base.py::1944,0.171099
lib/matplotlib/axes/_axes.py::4320,0.148517
lib/matplotlib/markers.py::242,0.143768
lib/matplotlib/collections.py::876,0.138094
lib/matplotlib/collections.py::877,0.138094
lib/matplotlib/collections.py::878,0.138094
lib/matplotlib/collections.py::879,0.138094
lib/matplotlib/collections.py::880,0.138094
lib/matplotlib/collections.py::881,0.138094
lib/matplotlib/axes/_axes.py::4326,0.135499
lib/matplotlib/axes/_axes.py::4306,0.134256
lib/matplotlib/axes/_axes.py::4307,0.134256
lib/matplotlib/collections.py::872,0.127454
lib/matplotlib/collections.py::882,0.127454
lib/matplotlib/collections.py::767,0.120695
lib/matplotlib/collections.py::768,0.120695
lib/matplotlib/collections.py::769,0.120695
lib/matplotlib/collections.py::770,0.120695
lib/matplotlib/axes/_axes.py::4257,0.118954
lib/matplotlib/axes/_axes.py::4260,0.118954
lib/matplotlib/axes/_axes.py::4261,0.118954
lib/matplotlib/axes/_axes.py::4266,0.118954
lib/matplotlib/axes/_axes.py::4270,0.118954
lib/matplotlib/axes/_axes.py::4275,0.118954
lib/matplotlib/axes/_axes.py::4276,0.118954
lib/matplotlib/axes/_axes.py::4277,0.118954
lib/matplotlib/axes/_axes.py::4305,0.118954
lib/matplotlib/axes/_axes.py::4233,0.118111
lib/matplotlib/axes/_axes.py::4234,0.118111
lib/matplotlib/axes/_axes.py::4235,0.118111
lib/matplotlib/axes/_axes.py::4237,0.118111
lib/matplotlib/axes/_axes.py::4239,0.118111
lib/matplotlib/axes/_axes.py::4244,0.118111
lib/matplotlib/collections.py::667,0.118111
lib/matplotlib/axes/_base.py::2511,0.116478
lib/matplotlib/axes/_base.py::2512,0.116478
lib/matplotlib/axes/_base.py::2513,0.116478
lib/matplotlib/axes/_base.py::2514,0.116478
lib/matplotlib/axes/_base.py::2515,0.116478
lib/matplotlib/axes/_base.py::2505,0.111960
lib/matplotlib/axes/_base.py::2506,0.111960
lib/matplotlib/axes/_base.py::2507,0.111960
lib/matplotlib/axes/_base.py::2508,0.111960
lib/matplotlib/axes/_base.py::2509,0.111960
lib/matplotlib/transforms.py::2793,0.111257
lib/matplotlib/colors.py::164,0.109225
lib/matplotlib/colors.py::165,0.109225
lib/matplotlib/colors.py::166,0.109225
lib/matplotlib/colors.py::167,0.109225
lib/matplotlib/path.py::135,0.105476
lib/matplotlib/path.py::136,0.105476
lib/matplotlib/path.py::141,0.105476
lib/matplotlib/cbook/__init__.py::1000,0.099504
lib/matplotlib/cbook/__init__.py::1001,0.099504
lib/matplotlib/cbook/__init__.py::1004,0.099504
lib/matplotlib/cbook/__init__.py::1006,0.099504
lib/matplotlib/cbook/__init__.py::1007,0.099504
lib/matplotlib/cbook/__init__.py::1012,0.099504
lib/matplotlib/cbook/__init__.py::1013,0.099504
lib/matplotlib/cbook/__init__.py::1014,0.099504
lib/matplotlib/cbook/__init__.py::1015,0.099504
lib/matplotlib/cbook/__init__.py::1017,0.099504
lib/matplotlib/cbook/__init__.py::1018,0.099504
lib/matplotlib/cbook/__init__.py::1023,0.099504
lib/matplotlib/cbook/__init__.py::992,0.099504
lib/matplotlib/cbook/__init__.py::994,0.099504
lib/matplotlib/cbook/__init__.py::996,0.099504
lib/matplotlib/cbook/__init__.py::997,0.099504
lib/matplotlib/cbook/__init__.py::998,0.099504
lib/matplotlib/cbook/__init__.py::999,0.099504
lib/matplotlib/axes/_base.py::1932,0.097572
lib/matplotlib/collections.py::178,0.096647
lib/matplotlib/collections.py::179,0.096647
lib/matplotlib/collections.py::182,0.096647
lib/matplotlib/colors.py::284,0.090461
lib/matplotlib/colors.py::285,0.090461
lib/matplotlib/colors.py::286,0.090461
lib/matplotlib/colors.py::292,0.088650
lib/matplotlib/colors.py::279,0.088300
lib/matplotlib/colors.py::280,0.088300
lib/matplotlib/colors.py::281,0.088300
lib/matplotlib/colors.py::288,0.088300
lib/matplotlib/colors.py::290,0.088300
lib/matplotlib/colors.py::278,0.087277
lib/matplotlib/cbook/__init__.py::682,0.085020
lib/matplotlib/cbook/__init__.py::683,0.085020
lib/matplotlib/cbook/__init__.py::687,0.085020
lib/matplotlib/cbook/__init__.py::688,0.085020
lib/matplotlib/cbook/__init__.py::689,0.085020
lib/matplotlib/cbook/__init__.py::692,0.085020
lib/matplotlib/collections.py::571,0.082645
lib/matplotlib/collections.py::572,0.082645
lib/matplotlib/cbook/__init__.py::1858,0.082362
lib/matplotlib/cbook/__init__.py::433,0.079938
lib/matplotlib/collections.py::643,0.079938
lib/matplotlib/ticker.py::2205,0.078195
lib/matplotlib/axes/_base.py::1930,0.076336
lib/matplotlib/axes/_base.py::1931,0.076336
lib/matplotlib/axes/_base.py::1933,0.076336
lib/matplotlib/axes/_base.py::1934,0.076336
lib/matplotlib/axes/_base.py::1935,0.076336
lib/matplotlib/axes/_base.py::1937,0.076336
lib/matplotlib/axes/_base.py::1938,0.076336
lib/matplotlib/axes/_base.py::1940,0.076336
lib/matplotlib/axes/_base.py::1946,0.076336
lib/matplotlib/axes/_base.py::1947,0.076336
lib/matplotlib/collections.py::113,0.076336
lib/matplotlib/collections.py::114,0.076336
lib/matplotlib/collections.py::117,0.076336
lib/matplotlib/collections.py::119,0.076336
lib/matplotlib/collections.py::121,0.076336
lib/matplotlib/collections.py::122,0.076336
lib/matplotlib/collections.py::123,0.076336
lib/matplotlib/collections.py::125,0.076336
lib/matplotlib/collections.py::126,0.076336
lib/matplotlib/collections.py::127,0.076336
lib/matplotlib/collections.py::128,0.076336
lib/matplotlib/collections.py::129,0.076336
lib/matplotlib/collections.py::130,0.076336
lib/matplotlib/collections.py::131,0.076336
lib/matplotlib/collections.py::132,0.076336
lib/matplotlib/collections.py::133,0.076336
lib/matplotlib/collections.py::134,0.076336
lib/matplotlib/collections.py::135,0.076336
lib/matplotlib/collections.py::137,0.076336
lib/matplotlib/collections.py::139,0.076336
lib/matplotlib/collections.py::142,0.076336
lib/matplotlib/collections.py::144,0.076336
lib/matplotlib/collections.py::147,0.076336
lib/matplotlib/collections.py::149,0.076336
lib/matplotlib/collections.py::151,0.076336
lib/matplotlib/collections.py::152,0.076336
lib/matplotlib/collections.py::153,0.076336
lib/matplotlib/collections.py::164,0.076336
lib/matplotlib/collections.py::165,0.076336
lib/matplotlib/collections.py::166,0.076336
lib/matplotlib/collections.py::378,0.076336
lib/matplotlib/collections.py::422,0.076336
lib/matplotlib/collections.py::423,0.076336
lib/matplotlib/collections.py::460,0.076336
lib/matplotlib/collections.py::461,0.076336
lib/matplotlib/collections.py::533,0.076336
lib/matplotlib/collections.py::538,0.076336
lib/matplotlib/collections.py::541,0.076336
lib/matplotlib/collections.py::542,0.076336
lib/matplotlib/collections.py::543,0.076336
lib/matplotlib/collections.py::569,0.076336
lib/matplotlib/collections.py::570,0.076336
lib/matplotlib/collections.py::584,0.076336
lib/matplotlib/collections.py::587,0.076336
lib/matplotlib/collections.py::588,0.076336
lib/matplotlib/collections.py::642,0.076336
lib/matplotlib/collections.py::666,0.076336
lib/matplotlib/collections.py::668,0.076336
lib/matplotlib/collections.py::669,0.076336
lib/matplotlib/collections.py::688,0.076336
lib/matplotlib/collections.py::691,0.076336
lib/matplotlib/collections.py::692,0.076336
lib/matplotlib/collections.py::693,0.076336
lib/matplotlib/collections.py::697,0.076336
lib/matplotlib/collections.py::698,0.076336
lib/matplotlib/collections.py::712,0.076336
lib/matplotlib/collections.py::713,0.076336
lib/matplotlib/collections.py::725,0.076336
lib/matplotlib/collections.py::726,0.076336
lib/matplotlib/collections.py::734,0.076336
lib/matplotlib/collections.py::735,0.076336
lib/matplotlib/collections.py::736,0.076336
lib/matplotlib/collections.py::741,0.076336
lib/matplotlib/collections.py::742,0.076336
lib/matplotlib/collections.py::762,0.076336
lib/matplotlib/collections.py::763,0.076336
lib/matplotlib/ticker.py::2197,0.073781
lib/matplotlib/ticker.py::2201,0.073781
lib/matplotlib/ticker.py::2202,0.073781
lib/matplotlib/ticker.py::2204,0.073781
lib/matplotlib/cm.py::201,0.072790
lib/matplotlib/cm.py::200,0.072596
lib/matplotlib/cm.py::202,0.072596
lib/matplotlib/cm.py::204,0.072596
lib/matplotlib/cm.py::205,0.072596
lib/matplotlib/cm.py::206,0.072596
lib/matplotlib/cm.py::232,0.072596
lib/matplotlib/cm.py::233,0.072596
lib/matplotlib/cm.py::234,0.072596
lib/matplotlib/cm.py::235,0.072596
lib/matplotlib/cm.py::236,0.072596
lib/matplotlib/cm.py::238,0.072596
lib/matplotlib/cm.py::239,0.072596
lib/matplotlib/cm.py::240,0.072596
lib/matplotlib/cm.py::402,0.072596
lib/matplotlib/cm.py::403,0.072596
lib/matplotlib/cm.py::404,0.072596
lib/matplotlib/cm.py::405,0.072596
lib/matplotlib/cm.py::422,0.072596
lib/matplotlib/cm.py::423,0.072596
lib/matplotlib/cm.py::424,0.072596
lib/matplotlib/cm.py::425,0.072596
lib/matplotlib/cm.py::426,0.072596
lib/matplotlib/cm.py::427,0.072596
lib/matplotlib/colors.py::113,0.072596
lib/matplotlib/colors.py::114,0.072596
lib/matplotlib/colors.py::968,0.072596
lib/matplotlib/colors.py::969,0.072596
lib/matplotlib/colors.py::970,0.072596
lib/matplotlib/ticker.py::1982,0.069527
lib/matplotlib/ticker.py::2129,0.067582
lib/matplotlib/ticker.py::2145,0.067120
lib/matplotlib/ticker.py::2146,0.067120
lib/matplotlib/ticker.py::2147,0.067120
lib/matplotlib/ticker.py::2148,0.067120
lib/matplotlib/ticker.py::2149,0.067120
lib/matplotlib/ticker.py::2150,0.067120
lib/matplotlib/pyplot.py::1272,0.066225
lib/matplotlib/pyplot.py::1273,0.066225
lib/matplotlib/pyplot.py::1274,0.066225
lib/matplotlib/pyplot.py::1275,0.066225
lib/matplotlib/pyplot.py::1276,0.066225
lib/matplotlib/axes/_base.py::2534,0.064947
lib/matplotlib/axes/_base.py::2535,0.064947
lib/matplotlib/axes/_base.py::2536,0.064947
lib/matplotlib/axes/_base.py::2537,0.064947
lib/matplotlib/axes/_base.py::2538,0.064947
lib/matplotlib/axes/_base.py::2539,0.064947
lib/matplotlib/axes/_base.py::2541,0.064947
lib/matplotlib/axes/_base.py::2542,0.064947
lib/matplotlib/axes/_base.py::2543,0.064947
lib/matplotlib/axes/_base.py::2582,0.064947
lib/matplotlib/transforms.py::2085,0.064947
lib/matplotlib/axes/_base.py::3166,0.064403
lib/matplotlib/axes/_base.py::3169,0.064403
lib/matplotlib/axes/_base.py::3170,0.064403
lib/matplotlib/axes/_base.py::3172,0.064403
lib/matplotlib/axes/_base.py::3175,0.064403
lib/matplotlib/axes/_base.py::3176,0.064403
lib/matplotlib/axes/_base.py::3177,0.064403
lib/matplotlib/axes/_base.py::3452,0.064269
lib/matplotlib/axes/_base.py::3455,0.064269
lib/matplotlib/axes/_base.py::3456,0.064269
lib/matplotlib/axes/_base.py::3458,0.064269
lib/matplotlib/axes/_base.py::3461,0.064269
lib/matplotlib/axes/_base.py::3462,0.064269
lib/matplotlib/axes/_base.py::3463,0.064269
lib/matplotlib/markers.py::300,0.063611
lib/matplotlib/markers.py::303,0.063611
lib/matplotlib/axes/_base.py::2527,0.063482
lib/matplotlib/axes/_base.py::2528,0.063482
lib/matplotlib/axes/_base.py::2530,0.063482
lib/matplotlib/axes/_base.py::2531,0.063482
lib/matplotlib/axes/_base.py::2545,0.063482
lib/matplotlib/axes/_base.py::2546,0.063482
lib/matplotlib/axes/_base.py::2549,0.063482
lib/matplotlib/axes/_base.py::2550,0.063482
lib/matplotlib/axes/_base.py::2555,0.063482
lib/matplotlib/axes/_base.py::2557,0.063482
lib/matplotlib/axes/_base.py::2558,0.063482
lib/matplotlib/axes/_base.py::2560,0.063482
lib/matplotlib/axes/_base.py::2561,0.063482
lib/matplotlib/axes/_base.py::2565,0.063482
lib/matplotlib/axes/_base.py::2566,0.063482
lib/matplotlib/axes/_base.py::2567,0.063482
lib/matplotlib/axes/_base.py::2568,0.063482
lib/matplotlib/axes/_base.py::2569,0.063482
lib/matplotlib/axes/_base.py::2570,0.063482
lib/matplotlib/axes/_base.py::2571,0.063482
lib/matplotlib/axes/_base.py::2573,0.063482
lib/matplotlib/axes/_base.py::2576,0.063482
lib/matplotlib/axes/_base.py::2578,0.063482
lib/matplotlib/axes/_base.py::2581,0.063482
lib/matplotlib/axes/_base.py::2583,0.063482
lib/matplotlib/axes/_base.py::648,0.063482
lib/matplotlib/axes/_base.py::649,0.063482
lib/matplotlib/axes/_base.py::650,0.063482
lib/matplotlib/axes/_base.py::651,0.063482
lib/matplotlib/axes/_base.py::652,0.063482
lib/matplotlib/colors.py::299,0.063482
lib/matplotlib/colors.py::300,0.063482
lib/matplotlib/axes/_base.py::3429,0.063354
lib/matplotlib/colors.py::297,0.063354
lib/matplotlib/axes/_base.py::2150,0.063099
lib/matplotlib/axes/_base.py::2151,0.063099
lib/matplotlib/axes/_base.py::2153,0.063099
lib/matplotlib/axes/_base.py::2154,0.063099
lib/matplotlib/axes/_base.py::2155,0.063099
lib/matplotlib/axes/_base.py::3141,0.063099
lib/matplotlib/axes/_base.py::3142,0.063099
lib/matplotlib/axes/_base.py::3143,0.063099
lib/matplotlib/axis.py::937,0.063099
lib/matplotlib/axis.py::938,0.063099
lib/matplotlib/axes/_base.py::3427,0.062973
lib/matplotlib/axes/_base.py::3428,0.062973
lib/matplotlib/ticker.py::1975,0.062724
lib/matplotlib/transforms.py::1767,0.062724
lib/matplotlib/ticker.py::1932,0.062477
lib/matplotlib/ticker.py::1933,0.062477
lib/matplotlib/ticker.py::1934,0.062477
lib/matplotlib/ticker.py::1935,0.062477
lib/matplotlib/ticker.py::1938,0.062477
lib/matplotlib/ticker.py::1939,0.062477
lib/matplotlib/ticker.py::1962,0.062477
lib/matplotlib/ticker.py::1967,0.062477
lib/matplotlib/ticker.py::1968,0.062477
lib/matplotlib/ticker.py::1972,0.062477
lib/matplotlib/ticker.py::1973,0.062477
lib/matplotlib/ticker.py::1979,0.062477
lib/matplotlib/ticker.py::1980,0.062477
lib/matplotlib/ticker.py::2122,0.062477
lib/matplotlib/ticker.py::2131,0.062477
lib/matplotlib/ticker.py::2132,0.062477
lib/matplotlib/ticker.py::2133,0.062477
lib/matplotlib/ticker.py::2134,0.062477
lib/matplotlib/ticker.py::2135,0.062477
lib/matplotlib/ticker.py::2136,0.062477
lib/matplotlib/ticker.py::2141,0.062477
lib/matplotlib/ticker.py::2144,0.062477
lib/matplotlib/ticker.py::2153,0.062477
lib/matplotlib/ticker.py::2154,0.062477
lib/matplotlib/ticker.py::2156,0.062477
lib/matplotlib/ticker.py::2159,0.062477
lib/matplotlib/ticker.py::2165,0.062477
lib/matplotlib/ticker.py::2166,0.062477
lib/matplotlib/ticker.py::2167,0.062477
lib/matplotlib/ticker.py::2168,0.062477
lib/matplotlib/ticker.py::2170,0.062477
lib/matplotlib/ticker.py::2171,0.062477
lib/matplotlib/ticker.py::2172,0.062477
lib/matplotlib/ticker.py::2173,0.062477
lib/matplotlib/ticker.py::1955,0.062354
lib/matplotlib/ticker.py::1957,0.062354
lib/matplotlib/ticker.py::1958,0.062354
lib/matplotlib/colors.py::277,0.062233
lib/matplotlib/axes/_base.py::3288,0.061753
lib/matplotlib/axes/_base.py::4038,0.061518
lib/matplotlib/axes/_base.py::4039,0.061518
lib/matplotlib/axes/_base.py::4040,0.061518
lib/matplotlib/axes/_base.py::4041,0.061518
lib/matplotlib/axes/_base.py::4042,0.061518
lib/matplotlib/axes/_base.py::4043,0.061518
lib/matplotlib/axes/_base.py::4044,0.061518
lib/matplotlib/axes/_base.py::4045,0.061518
lib/matplotlib/axes/_base.py::4046,0.061518
lib/matplotlib/axes/_base.py::4047,0.061518
lib/matplotlib/axes/_base.py::4048,0.061518
lib/matplotlib/axes/_base.py::4049,0.061518
lib/matplotlib/axes/_base.py::4050,0.061518
lib/matplotlib/axes/_base.py::3556,0.061401
lib/matplotlib/axes/_base.py::2273,0.061285
lib/matplotlib/axes/_base.py::2494,0.061285
lib/matplotlib/axes/_base.py::2497,0.061285
lib/matplotlib/axes/_base.py::2498,0.061285
lib/matplotlib/axes/_base.py::2504,0.061285
lib/matplotlib/axes/_base.py::2510,0.061285
lib/matplotlib/axes/_base.py::2516,0.061285
lib/matplotlib/axes/_base.py::2518,0.061285
lib/matplotlib/axes/_base.py::2521,0.061285
lib/matplotlib/axes/_base.py::2524,0.061285
lib/matplotlib/axes/_base.py::2586,0.061285
lib/matplotlib/axes/_base.py::2587,0.061285
lib/matplotlib/axes/_base.py::2588,0.061285
lib/matplotlib/axes/_base.py::2589,0.061285
lib/matplotlib/axes/_base.py::2590,0.061285
lib/matplotlib/axes/_base.py::2591,0.061285
lib/matplotlib/axes/_base.py::3486,0.061054
lib/matplotlib/axes/_base.py::3200,0.060714
lib/matplotlib/gridspec.py::307,0.060049
lib/matplotlib/gridspec.py::309,0.060049
lib/matplotlib/transforms.py::2095,0.060049
lib/matplotlib/gridspec.py::322,0.059941
lib/matplotlib/figure.py::1520,0.059725
lib/matplotlib/figure.py::1521,0.059725
lib/matplotlib/figure.py::1522,0.059725
lib/matplotlib/figure.py::1523,0.059725
lib/matplotlib/figure.py::1524,0.059725
lib/matplotlib/figure.py::2593,0.059725
lib/matplotlib/figure.py::2594,0.059725
lib/matplotlib/figure.py::2595,0.059725
lib/matplotlib/figure.py::2596,0.059725
lib/matplotlib/gridspec.py::300,0.059725
lib/matplotlib/gridspec.py::302,0.059725
lib/matplotlib/gridspec.py::306,0.059725
lib/matplotlib/gridspec.py::308,0.059725
lib/matplotlib/gridspec.py::315,0.059725
lib/matplotlib/gridspec.py::319,0.059725
lib/matplotlib/gridspec.py::320,0.059725
lib/matplotlib/gridspec.py::321,0.059725
lib/matplotlib/gridspec.py::324,0.059725
lib/matplotlib/gridspec.py::327,0.059725
lib/matplotlib/gridspec.py::328,0.059725
lib/matplotlib/gridspec.py::329,0.059725
lib/matplotlib/gridspec.py::330,0.059725
lib/matplotlib/gridspec.py::331,0.059725
lib/matplotlib/gridspec.py::332,0.059725
lib/matplotlib/gridspec.py::333,0.059725
lib/matplotlib/gridspec.py::334,0.059725
lib/matplotlib/gridspec.py::335,0.059725
lib/matplotlib/gridspec.py::338,0.059725
lib/matplotlib/gridspec.py::344,0.059725
lib/matplotlib/gridspec.py::351,0.059725
lib/matplotlib/gridspec.py::354,0.059725
lib/matplotlib/transforms.py::242,0.059406
lib/matplotlib/gridspec.py::230,0.059301
lib/matplotlib/gridspec.py::231,0.059301
lib/matplotlib/gridspec.py::234,0.059301
lib/matplotlib/gridspec.py::235,0.059301
lib/matplotlib/gridspec.py::236,0.059301
lib/matplotlib/gridspec.py::654,0.058580
lib/matplotlib/gridspec.py::655,0.058580
lib/matplotlib/gridspec.py::656,0.058580
lib/matplotlib/gridspec.py::792,0.058580
lib/matplotlib/cbook/deprecation.py::443,0.058480
lib/matplotlib/cbook/deprecation.py::444,0.058480
lib/matplotlib/cbook/deprecation.py::450,0.058480
lib/matplotlib/figure.py::1069,0.058180
lib/matplotlib/figure.py::1070,0.058180
lib/matplotlib/figure.py::1067,0.057983
lib/matplotlib/figure.py::1068,0.057983
lib/matplotlib/figure.py::1071,0.057983
lib/matplotlib/transforms.py::317,0.057885
lib/matplotlib/transforms.py::327,0.057885
lib/matplotlib/transforms.py::661,0.057885
lib/matplotlib/transforms.py::665,0.057885
lib/matplotlib/transforms.py::666,0.057885
lib/matplotlib/transforms.py::667,0.057885
lib/matplotlib/transforms.py::668,0.057885
lib/matplotlib/transforms.py::669,0.057885
lib/matplotlib/transforms.py::670,0.057885
lib/matplotlib/__init__.py::1412,0.057788
lib/matplotlib/__init__.py::1413,0.057788
lib/matplotlib/transforms.py::312,0.057788
lib/matplotlib/transforms.py::322,0.057788
lib/matplotlib/transforms.py::1338,0.057309
lib/matplotlib/transforms.py::1343,0.057309
lib/matplotlib/transforms.py::1717,0.057120
lib/matplotlib/transforms.py::1795,0.057120
lib/matplotlib/transforms.py::1796,0.057120
lib/matplotlib/transforms.py::1799,0.057120
lib/matplotlib/transforms.py::1875,0.057120
lib/matplotlib/transforms.py::1876,0.057120
lib/matplotlib/transforms.py::1877,0.057120
lib/matplotlib/transforms.py::1878,0.057120
lib/matplotlib/transforms.py::1646,0.056934
lib/matplotlib/transforms.py::2092,0.056934
lib/matplotlib/transforms.py::2094,0.056934
lib/matplotlib/axis.py::1928,0.056841
lib/matplotlib/transforms.py::1306,0.056841
lib/matplotlib/transforms.py::1318,0.056841
lib/matplotlib/transforms.py::1322,0.056841
lib/matplotlib/transforms.py::1323,0.056841
lib/matplotlib/transforms.py::1324,0.056841
lib/matplotlib/transforms.py::2323,0.056841
lib/matplotlib/transforms.py::2333,0.056841
lib/matplotlib/transforms.py::1292,0.056749
lib/matplotlib/transforms.py::2328,0.056749
lib/matplotlib/transforms.py::2329,0.056749
lib/matplotlib/transforms.py::355,0.056657
lib/matplotlib/transforms.py::2322,0.056566
lib/matplotlib/transforms.py::346,0.056385
lib/matplotlib/transforms.py::2057,0.056206
lib/matplotlib/units.py::200,0.056028
lib/matplotlib/units.py::202,0.056028
lib/matplotlib/artist.py::1063,0.055852
lib/matplotlib/axes/_base.py::656,0.055164
lib/matplotlib/axes/_base.py::657,0.055164
lib/matplotlib/axes/_base.py::643,0.055080
lib/matplotlib/axes/_base.py::644,0.055080
lib/matplotlib/axes/_base.py::645,0.055080
lib/matplotlib/axes/_base.py::646,0.055080
lib/matplotlib/axes/_base.py::647,0.055080
lib/matplotlib/cbook/__init__.py::2201,0.054178
lib/matplotlib/cbook/__init__.py::2202,0.054178
lib/matplotlib/transforms.py::2240,0.052794
lib/matplotlib/transforms.py::2238,0.052647
lib/matplotlib/transforms.py::2239,0.052647
lib/matplotlib/transforms.py::2247,0.052647
lib/matplotlib/transforms.py::2248,0.052647
lib/matplotlib/transforms.py::2249,0.052647
lib/matplotlib/transforms.py::1712,0.052574
lib/matplotlib/units.py::67,0.052356
lib/matplotlib/units.py::69,0.052356
lib/matplotlib/axes/_base.py::665,0.051788
lib/matplotlib/axes/_base.py::667,0.051788
lib/matplotlib/axes/_base.py::662,0.051719
lib/matplotlib/axes/_base.py::664,0.051719
lib/matplotlib/axes/_base.py::666,0.051719
lib/matplotlib/axes/_base.py::2185,0.051580
lib/matplotlib/axes/_base.py::2186,0.051580
lib/matplotlib/axes/_base.py::2190,0.051580
lib/matplotlib/transforms.py::904,0.051511
lib/matplotlib/transforms.py::907,0.051511
lib/matplotlib/transforms.py::908,0.051511
lib/matplotlib/transforms.py::909,0.051511
lib/matplotlib/units.py::66,0.051171
lib/matplotlib/cbook/__init__.py::1831,0.050904
lib/matplotlib/transforms.py::1711,0.050382
lib/matplotlib/transforms.py::2321,0.050382
lib/matplotlib/cbook/__init__.py::1660,0.049689
lib/matplotlib/cbook/__init__.py::1661,0.049689
lib/matplotlib/artist.py::821,0.049506
lib/matplotlib/transforms.py::877,0.049204
lib/matplotlib/transforms.py::878,0.049204
lib/matplotlib/transforms.py::879,0.049204
lib/matplotlib/transforms.py::880,0.049204
lib/matplotlib/transforms.py::881,0.049204
lib/matplotlib/transforms.py::882,0.049204
lib/matplotlib/transforms.py::883,0.049204
lib/matplotlib/transforms.py::867,0.049084
lib/matplotlib/transforms.py::870,0.049084
lib/matplotlib/transforms.py::873,0.049084
lib/matplotlib/transforms.py::874,0.049084
lib/matplotlib/transforms.py::876,0.049084
lib/matplotlib/path.py::241,0.048966
lib/matplotlib/path.py::252,0.048966
lib/matplotlib/path.py::226,0.048907
lib/matplotlib/ticker.py::2796,0.048848
lib/matplotlib/ticker.py::2797,0.048848
lib/matplotlib/ticker.py::2092,0.048732
lib/matplotlib/axes/_base.py::1127,0.048674
lib/matplotlib/axis.py::446,0.048616
lib/matplotlib/axis.py::517,0.048616
lib/matplotlib/axes/_base.py::2845,0.048558
lib/matplotlib/path.py::207,0.048558
lib/matplotlib/lines.py::69,0.048501
lib/matplotlib/patches.py::318,0.048443
lib/matplotlib/lines.py::44,0.048048
lib/matplotlib/lines.py::45,0.048048
lib/matplotlib/lines.py::60,0.048048
lib/matplotlib/lines.py::61,0.048048
lib/matplotlib/lines.py::62,0.048048
lib/matplotlib/lines.py::43,0.047937
lib/matplotlib/_pylab_helpers.py::85,0.047663
lib/matplotlib/_pylab_helpers.py::86,0.047663
lib/matplotlib/pyplot.py::638,0.047501
lib/matplotlib/pyplot.py::626,0.045578
lib/matplotlib/artist.py::753,0.045436
lib/matplotlib/artist.py::754,0.045436
lib/matplotlib/artist.py::755,0.045436
lib/matplotlib/artist.py::756,0.045436
lib/matplotlib/axes/_base.py::1002,0.045436
lib/matplotlib/axes/_base.py::1003,0.045436
lib/matplotlib/axes/_base.py::618,0.045436
lib/matplotlib/axes/_base.py::619,0.045436
lib/matplotlib/axes/_base.py::620,0.045436
lib/matplotlib/axes/_base.py::621,0.045436
lib/matplotlib/axes/_base.py::622,0.045436
lib/matplotlib/axes/_base.py::623,0.045436
lib/matplotlib/axes/_base.py::624,0.045436
lib/matplotlib/axes/_base.py::682,0.045436
lib/matplotlib/axes/_base.py::687,0.045436
lib/matplotlib/axes/_base.py::688,0.045436
lib/matplotlib/axes/_base.py::692,0.045436
lib/matplotlib/axes/_base.py::693,0.045436
lib/matplotlib/axes/_base.py::698,0.045436
lib/matplotlib/axes/_base.py::700,0.045436
lib/matplotlib/axes/_base.py::701,0.045436
lib/matplotlib/axes/_base.py::702,0.045436
lib/matplotlib/axes/_base.py::703,0.045436
lib/matplotlib/axes/_base.py::718,0.045436
lib/matplotlib/axes/_base.py::719,0.045436
lib/matplotlib/axes/_base.py::720,0.045436
lib/matplotlib/axes/_base.py::722,0.045436
lib/matplotlib/axes/_base.py::723,0.045436
lib/matplotlib/axes/_base.py::725,0.045436
lib/matplotlib/axes/_base.py::749,0.045436
lib/matplotlib/axes/_base.py::750,0.045436
lib/matplotlib/axes/_base.py::751,0.045436
lib/matplotlib/axes/_base.py::752,0.045436
lib/matplotlib/axes/_base.py::753,0.045436
lib/matplotlib/axes/_base.py::775,0.045436
lib/matplotlib/axes/_base.py::776,0.045436
lib/matplotlib/axes/_base.py::777,0.045436
lib/matplotlib/axes/_base.py::778,0.045436
lib/matplotlib/axes/_base.py::779,0.045436
lib/matplotlib/axes/_base.py::794,0.045436
lib/matplotlib/axes/_base.py::795,0.045436
lib/matplotlib/axes/_base.py::796,0.045436
lib/matplotlib/axes/_base.py::798,0.045436
lib/matplotlib/axes/_base.py::799,0.045436
lib/matplotlib/axes/_base.py::801,0.045436
lib/matplotlib/axes/_base.py::825,0.045436
lib/matplotlib/axes/_base.py::826,0.045436
lib/matplotlib/axes/_base.py::827,0.045436
lib/matplotlib/axes/_base.py::828,0.045436
lib/matplotlib/axes/_base.py::829,0.045436
lib/matplotlib/axes/_base.py::851,0.045436
lib/matplotlib/axes/_base.py::852,0.045436
lib/matplotlib/axes/_base.py::853,0.045436
lib/matplotlib/axes/_base.py::854,0.045436
lib/matplotlib/axes/_base.py::855,0.045436
lib/matplotlib/axes/_base.py::985,0.045436
lib/matplotlib/axes/_subplots.py::44,0.045436
lib/matplotlib/axes/_subplots.py::45,0.045436
lib/matplotlib/projections/__init__.py::51,0.045436
lib/matplotlib/pyplot.py::628,0.045436
lib/matplotlib/spines.py::216,0.045436
lib/matplotlib/spines.py::218,0.045436
lib/matplotlib/spines.py::219,0.045436
lib/matplotlib/spines.py::229,0.045436
lib/matplotlib/spines.py::230,0.045436
lib/matplotlib/spines.py::231,0.045436
lib/matplotlib/spines.py::232,0.045436
lib/matplotlib/spines.py::238,0.045436
lib/matplotlib/spines.py::372,0.045436
lib/matplotlib/spines.py::375,0.045436
lib/matplotlib/spines.py::377,0.045436
lib/matplotlib/spines.py::380,0.045436
lib/matplotlib/spines.py::381,0.045436
lib/matplotlib/spines.py::382,0.045436
lib/matplotlib/spines.py::383,0.045436
lib/matplotlib/spines.py::384,0.045436
lib/matplotlib/spines.py::393,0.045436
lib/matplotlib/spines.py::395,0.045436
lib/matplotlib/spines.py::396,0.045436
lib/matplotlib/spines.py::401,0.045436
lib/matplotlib/spines.py::402,0.045436
lib/matplotlib/spines.py::403,0.045436
lib/matplotlib/spines.py::404,0.045436
lib/matplotlib/spines.py::405,0.045436
lib/matplotlib/spines.py::406,0.045436
lib/matplotlib/spines.py::407,0.045436
lib/matplotlib/spines.py::408,0.045436
lib/matplotlib/spines.py::412,0.045436
lib/matplotlib/spines.py::413,0.045436
lib/matplotlib/spines.py::414,0.045436
lib/matplotlib/spines.py::492,0.045436
lib/matplotlib/spines.py::493,0.045436
lib/matplotlib/spines.py::494,0.045436
lib/matplotlib/spines.py::495,0.045436
lib/matplotlib/transforms.py::2128,0.045436
lib/matplotlib/transforms.py::2129,0.045436
lib/matplotlib/transforms.py::2130,0.045436
lib/matplotlib/transforms.py::2131,0.045436
lib/matplotlib/transforms.py::2132,0.045436
lib/matplotlib/transforms.py::2263,0.045436
lib/matplotlib/gridspec.py::423,0.045389
lib/matplotlib/gridspec.py::635,0.045389
lib/matplotlib/axes/_subplots.py::43,0.045342
lib/matplotlib/figure.py::1404,0.045342
lib/matplotlib/axes/_subplots.py::35,0.045295
lib/matplotlib/axes/_subplots.py::36,0.045295
lib/matplotlib/axes/_subplots.py::37,0.045295
lib/matplotlib/axes/_subplots.py::39,0.045295
lib/matplotlib/axes/_subplots.py::82,0.045295
lib/matplotlib/axes/_subplots.py::95,0.045295
lib/matplotlib/axes/_subplots.py::96,0.045295
lib/matplotlib/figure.py::1363,0.045295
lib/matplotlib/figure.py::1369,0.045295
lib/matplotlib/figure.py::1379,0.045295
lib/matplotlib/figure.py::1384,0.045295
lib/matplotlib/figure.py::1388,0.045295
lib/matplotlib/figure.py::1389,0.045295
lib/matplotlib/figure.py::1390,0.045295
lib/matplotlib/figure.py::1402,0.045295
lib/matplotlib/gridspec.py::105,0.045295
lib/matplotlib/gridspec.py::108,0.045295
lib/matplotlib/gridspec.py::125,0.045295
lib/matplotlib/gridspec.py::128,0.045295
lib/matplotlib/gridspec.py::159,0.045295
lib/matplotlib/gridspec.py::161,0.045295
lib/matplotlib/gridspec.py::169,0.045295
lib/matplotlib/gridspec.py::170,0.045295
lib/matplotlib/gridspec.py::171,0.045295
lib/matplotlib/gridspec.py::172,0.045295
lib/matplotlib/gridspec.py::173,0.045295
lib/matplotlib/gridspec.py::174,0.045295
lib/matplotlib/gridspec.py::175,0.045295
lib/matplotlib/gridspec.py::176,0.045295
lib/matplotlib/gridspec.py::177,0.045295
lib/matplotlib/gridspec.py::180,0.045295
lib/matplotlib/gridspec.py::181,0.045295
lib/matplotlib/gridspec.py::182,0.045295
lib/matplotlib/gridspec.py::186,0.045295
lib/matplotlib/gridspec.py::187,0.045295
lib/matplotlib/gridspec.py::188,0.045295
lib/matplotlib/gridspec.py::191,0.045295
lib/matplotlib/gridspec.py::192,0.045295
lib/matplotlib/gridspec.py::193,0.045295
lib/matplotlib/gridspec.py::197,0.045295
lib/matplotlib/gridspec.py::198,0.045295
lib/matplotlib/gridspec.py::199,0.045295
lib/matplotlib/gridspec.py::201,0.045295
lib/matplotlib/gridspec.py::202,0.045295
lib/matplotlib/gridspec.py::203,0.045295
lib/matplotlib/gridspec.py::207,0.045295
lib/matplotlib/gridspec.py::209,0.045295
lib/matplotlib/gridspec.py::210,0.045295
lib/matplotlib/gridspec.py::211,0.045295
lib/matplotlib/gridspec.py::218,0.045295
lib/matplotlib/gridspec.py::220,0.045295
lib/matplotlib/gridspec.py::221,0.045295
lib/matplotlib/gridspec.py::229,0.045295
lib/matplotlib/gridspec.py::240,0.045295
lib/matplotlib/gridspec.py::410,0.045295
lib/matplotlib/gridspec.py::411,0.045295
lib/matplotlib/gridspec.py::412,0.045295
lib/matplotlib/gridspec.py::413,0.045295
lib/matplotlib/gridspec.py::414,0.045295
lib/matplotlib/gridspec.py::415,0.045295
lib/matplotlib/gridspec.py::416,0.045295
lib/matplotlib/gridspec.py::418,0.045295
lib/matplotlib/gridspec.py::419,0.045295
lib/matplotlib/gridspec.py::420,0.045295
lib/matplotlib/gridspec.py::422,0.045295
lib/matplotlib/gridspec.py::47,0.045295
lib/matplotlib/gridspec.py::488,0.045295
lib/matplotlib/gridspec.py::49,0.045295
lib/matplotlib/gridspec.py::492,0.045295
lib/matplotlib/gridspec.py::494,0.045295
lib/matplotlib/gridspec.py::496,0.045295
lib/matplotlib/gridspec.py::51,0.045295
lib/matplotlib/gridspec.py::52,0.045295
lib/matplotlib/gridspec.py::53,0.045295
lib/matplotlib/gridspec.py::621,0.045295
lib/matplotlib/gridspec.py::622,0.045295
lib/matplotlib/gridspec.py::623,0.045295
lib/matplotlib/gridspec.py::624,0.045295
lib/matplotlib/gridspec.py::650,0.045295
lib/matplotlib/gridspec.py::653,0.045295
lib/matplotlib/gridspec.py::699,0.045295
lib/matplotlib/gridspec.py::703,0.045295
lib/matplotlib/gridspec.py::709,0.045295
lib/matplotlib/gridspec.py::753,0.045295
lib/matplotlib/gridspec.py::754,0.045295
lib/matplotlib/gridspec.py::755,0.045295
lib/matplotlib/gridspec.py::757,0.045295
lib/matplotlib/gridspec.py::759,0.045295
lib/matplotlib/gridspec.py::76,0.045295
lib/matplotlib/gridspec.py::760,0.045295
lib/matplotlib/gridspec.py::761,0.045295
lib/matplotlib/gridspec.py::762,0.045295
lib/matplotlib/gridspec.py::763,0.045295
lib/matplotlib/gridspec.py::765,0.045295
lib/matplotlib/gridspec.py::766,0.045295
lib/matplotlib/rcsetup.py::221,0.045295
lib/matplotlib/rcsetup.py::222,0.045295
lib/matplotlib/spines.py::488,0.045295
lib/matplotlib/spines.py::489,0.045295
lib/matplotlib/spines.py::490,0.045295
lib/matplotlib/spines.py::491,0.045295
lib/matplotlib/spines.py::498,0.045295
lib/matplotlib/spines.py::499,0.045295
lib/matplotlib/spines.py::501,0.045295
lib/matplotlib/style/core.py::105,0.045295
lib/matplotlib/style/core.py::117,0.045295
lib/matplotlib/style/core.py::118,0.045295
lib/matplotlib/transforms.py::2570,0.045295
lib/matplotlib/transforms.py::2573,0.045295
lib/matplotlib/transforms.py::2574,0.045295
lib/matplotlib/transforms.py::2575,0.045295
lib/matplotlib/transforms.py::2576,0.045295
lib/matplotlib/transforms.py::2577,0.045295
lib/matplotlib/axis.py::1994,0.045249
lib/matplotlib/axis.py::1995,0.045249
lib/matplotlib/axis.py::1997,0.045249
lib/matplotlib/axis.py::1998,0.045249
lib/matplotlib/axis.py::2284,0.045249
lib/matplotlib/axis.py::2285,0.045249
lib/matplotlib/axis.py::2287,0.045249
lib/matplotlib/axis.py::2288,0.045249
lib/matplotlib/patches.py::769,0.045249
lib/matplotlib/patches.py::770,0.045249
lib/matplotlib/patches.py::771,0.045249
lib/matplotlib/patches.py::772,0.045249
lib/matplotlib/patches.py::773,0.045249
lib/matplotlib/patches.py::774,0.045249
lib/matplotlib/patches.py::784,0.045249
lib/matplotlib/patches.py::785,0.045249
lib/matplotlib/patches.py::786,0.045249
lib/matplotlib/patches.py::787,0.045249
lib/matplotlib/patches.py::788,0.045249
lib/matplotlib/patches.py::791,0.045249
lib/matplotlib/patches.py::792,0.045249
lib/matplotlib/transforms.py::1966,0.045249
lib/matplotlib/transforms.py::1967,0.045249
lib/matplotlib/__init__.py::1175,0.045202
lib/matplotlib/backend_bases.py::2611,0.045202
lib/matplotlib/cbook/__init__.py::221,0.045202
lib/matplotlib/cbook/__init__.py::222,0.045202
lib/matplotlib/cbook/__init__.py::223,0.045202
lib/matplotlib/cbook/__init__.py::224,0.045202
lib/matplotlib/cbook/__init__.py::95,0.045202
lib/matplotlib/figure.py::509,0.045202
lib/matplotlib/pyplot.py::708,0.045202
lib/matplotlib/transforms.py::180,0.045202
lib/matplotlib/transforms.py::181,0.045202
lib/matplotlib/transforms.py::182,0.045202
lib/matplotlib/transforms.py::183,0.045202
lib/matplotlib/transforms.py::2312,0.045202
lib/matplotlib/transforms.py::2313,0.045202
lib/matplotlib/transforms.py::2317,0.045202
lib/matplotlib/transforms.py::2318,0.045202
lib/matplotlib/transforms.py::2334,0.045202
lib/matplotlib/__init__.py::1163,0.045156
lib/matplotlib/_pylab_helpers.py::113,0.045156
lib/matplotlib/_pylab_helpers.py::114,0.045156
lib/matplotlib/_pylab_helpers.py::115,0.045156
lib/matplotlib/_pylab_helpers.py::116,0.045156
lib/matplotlib/_pylab_helpers.py::117,0.045156
lib/matplotlib/_pylab_helpers.py::118,0.045156
lib/matplotlib/_pylab_helpers.py::119,0.045156
lib/matplotlib/_pylab_helpers.py::121,0.045156
lib/matplotlib/_pylab_helpers.py::126,0.045156
lib/matplotlib/_pylab_helpers.py::127,0.045156
lib/matplotlib/_pylab_helpers.py::40,0.045156
lib/matplotlib/_pylab_helpers.py::41,0.045156
lib/matplotlib/_pylab_helpers.py::43,0.045156
lib/matplotlib/axes/_base.py::3081,0.045156
lib/matplotlib/axes/_base.py::3082,0.045156
lib/matplotlib/axes/_base.py::3083,0.045156
lib/matplotlib/axes/_base.py::3084,0.045156
lib/matplotlib/axes/_base.py::3085,0.045156
lib/matplotlib/axes/_base.py::3086,0.045156
lib/matplotlib/axes/_base.py::3087,0.045156
lib/matplotlib/axes/_base.py::3088,0.045156
lib/matplotlib/axes/_base.py::3089,0.045156
lib/matplotlib/axes/_base.py::3090,0.045156
lib/matplotlib/axes/_base.py::3091,0.045156
lib/matplotlib/axes/_base.py::3092,0.045156
lib/matplotlib/axes/_base.py::3093,0.045156
lib/matplotlib/axes/_base.py::3094,0.045156
lib/matplotlib/axes/_base.py::3095,0.045156
lib/matplotlib/axes/_base.py::3759,0.045156
lib/matplotlib/axes/_base.py::3775,0.045156
lib/matplotlib/axes/_base.py::481,0.045156
lib/matplotlib/axes/_base.py::519,0.045156
lib/matplotlib/axes/_base.py::520,0.045156
lib/matplotlib/axes/_base.py::522,0.045156
lib/matplotlib/axes/_base.py::523,0.045156
lib/matplotlib/axes/_base.py::525,0.045156
lib/matplotlib/axes/_base.py::527,0.045156
lib/matplotlib/axes/_base.py::530,0.045156
lib/matplotlib/axes/_base.py::532,0.045156
lib/matplotlib/axes/_base.py::533,0.045156
lib/matplotlib/axes/_base.py::534,0.045156
lib/matplotlib/axes/_base.py::536,0.045156
lib/matplotlib/axes/_base.py::537,0.045156
lib/matplotlib/axes/_base.py::538,0.045156
lib/matplotlib/axes/_base.py::540,0.045156
lib/matplotlib/axes/_base.py::541,0.045156
lib/matplotlib/axes/_base.py::542,0.045156
lib/matplotlib/axes/_base.py::543,0.045156
lib/matplotlib/axes/_base.py::544,0.045156
lib/matplotlib/axes/_base.py::546,0.045156
lib/matplotlib/axes/_base.py::547,0.045156
lib/matplotlib/axes/_base.py::548,0.045156
lib/matplotlib/axes/_base.py::549,0.045156
lib/matplotlib/axes/_base.py::550,0.045156
lib/matplotlib/axes/_base.py::551,0.045156
lib/matplotlib/axes/_base.py::552,0.045156
lib/matplotlib/axes/_base.py::554,0.045156
lib/matplotlib/axes/_base.py::556,0.045156
lib/matplotlib/axes/_base.py::557,0.045156
lib/matplotlib/axes/_base.py::558,0.045156
lib/matplotlib/axes/_base.py::559,0.045156
lib/matplotlib/axes/_base.py::561,0.045156
lib/matplotlib/axes/_base.py::562,0.045156
lib/matplotlib/axes/_base.py::563,0.045156
lib/matplotlib/axes/_base.py::564,0.045156
lib/matplotlib/axes/_base.py::565,0.045156
lib/matplotlib/axes/_base.py::566,0.045156
lib/matplotlib/axes/_base.py::567,0.045156
lib/matplotlib/axes/_base.py::569,0.045156
lib/matplotlib/axes/_base.py::571,0.045156
lib/matplotlib/axes/_base.py::572,0.045156
lib/matplotlib/axis.py::828,0.045156
lib/matplotlib/axis.py::829,0.045156
lib/matplotlib/axis.py::830,0.045156
lib/matplotlib/axis.py::833,0.045156
lib/matplotlib/axis.py::834,0.045156
lib/matplotlib/axis.py::835,0.045156
lib/matplotlib/axis.py::858,0.045156
lib/matplotlib/axis.py::860,0.045156
lib/matplotlib/axis.py::862,0.045156
lib/matplotlib/axis.py::864,0.045156
lib/matplotlib/axis.py::866,0.045156
lib/matplotlib/axis.py::868,0.045156
lib/matplotlib/axis.py::870,0.045156
lib/matplotlib/axis.py::872,0.045156
lib/matplotlib/backend_bases.py::2245,0.045156
lib/matplotlib/backend_bases.py::2589,0.045156
lib/matplotlib/backend_bases.py::2590,0.045156
lib/matplotlib/backend_bases.py::2591,0.045156
lib/matplotlib/backend_bases.py::2593,0.045156
lib/matplotlib/backend_bases.py::2594,0.045156
lib/matplotlib/backend_bases.py::2595,0.045156
lib/matplotlib/backend_bases.py::2596,0.045156
lib/matplotlib/backend_bases.py::2597,0.045156
lib/matplotlib/backend_bases.py::2598,0.045156
lib/matplotlib/backend_bases.py::2599,0.045156
lib/matplotlib/backend_bases.py::2600,0.045156
lib/matplotlib/backend_bases.py::2601,0.045156
lib/matplotlib/backend_bases.py::2604,0.045156
lib/matplotlib/backend_bases.py::2605,0.045156
lib/matplotlib/backend_bases.py::2606,0.045156
lib/matplotlib/backend_bases.py::2608,0.045156
lib/matplotlib/backend_bases.py::2633,0.045156
lib/matplotlib/backend_bases.py::3383,0.045156
lib/matplotlib/backend_bases.py::3384,0.045156
lib/matplotlib/backend_bases.py::3385,0.045156
lib/matplotlib/backend_bases.py::3386,0.045156
lib/matplotlib/backend_bases.py::3391,0.045156
lib/matplotlib/backend_bases.py::3392,0.045156
lib/matplotlib/backend_bases.py::3393,0.045156
lib/matplotlib/backend_bases.py::3397,0.045156
lib/matplotlib/cbook/__init__.py::187,0.045156
lib/matplotlib/cbook/__init__.py::190,0.045156
lib/matplotlib/cbook/__init__.py::191,0.045156
lib/matplotlib/cbook/__init__.py::192,0.045156
lib/matplotlib/cbook/__init__.py::193,0.045156
lib/matplotlib/cbook/__init__.py::194,0.045156
lib/matplotlib/cbook/__init__.py::195,0.045156
lib/matplotlib/cbook/__init__.py::196,0.045156
lib/matplotlib/cbook/__init__.py::197,0.045156
lib/matplotlib/cbook/__init__.py::201,0.045156
lib/matplotlib/cbook/__init__.py::202,0.045156
lib/matplotlib/cbook/__init__.py::203,0.045156
lib/matplotlib/cbook/__init__.py::207,0.045156
lib/matplotlib/cbook/__init__.py::208,0.045156
lib/matplotlib/cbook/__init__.py::209,0.045156
lib/matplotlib/cbook/__init__.py::210,0.045156
lib/matplotlib/cbook/__init__.py::211,0.045156
lib/matplotlib/cbook/__init__.py::586,0.045156
lib/matplotlib/cbook/__init__.py::587,0.045156
lib/matplotlib/cbook/__init__.py::588,0.045156
lib/matplotlib/cbook/__init__.py::619,0.045156
lib/matplotlib/cbook/__init__.py::621,0.045156
lib/matplotlib/cbook/__init__.py::622,0.045156
lib/matplotlib/cbook/__init__.py::623,0.045156
lib/matplotlib/cbook/__init__.py::624,0.045156
lib/matplotlib/cbook/__init__.py::625,0.045156
lib/matplotlib/cbook/__init__.py::626,0.045156
lib/matplotlib/cbook/__init__.py::629,0.045156
lib/matplotlib/cbook/__init__.py::630,0.045156
lib/matplotlib/cbook/__init__.py::631,0.045156
lib/matplotlib/figure.py::103,0.045156
lib/matplotlib/figure.py::1103,0.045156
lib/matplotlib/figure.py::116,0.045156
lib/matplotlib/figure.py::117,0.045156
lib/matplotlib/figure.py::118,0.045156
lib/matplotlib/figure.py::122,0.045156
lib/matplotlib/figure.py::123,0.045156
lib/matplotlib/figure.py::129,0.045156
lib/matplotlib/figure.py::131,0.045156
lib/matplotlib/figure.py::132,0.045156
lib/matplotlib/figure.py::140,0.045156
lib/matplotlib/figure.py::1408,0.045156
lib/matplotlib/figure.py::1409,0.045156
lib/matplotlib/figure.py::1410,0.045156
lib/matplotlib/figure.py::1411,0.045156
lib/matplotlib/figure.py::1412,0.045156
lib/matplotlib/figure.py::1413,0.045156
lib/matplotlib/figure.py::143,0.045156
lib/matplotlib/figure.py::144,0.045156
lib/matplotlib/figure.py::147,0.045156
lib/matplotlib/figure.py::150,0.045156
lib/matplotlib/figure.py::1866,0.045156
lib/matplotlib/figure.py::1867,0.045156
lib/matplotlib/figure.py::1868,0.045156
lib/matplotlib/figure.py::1962,0.045156
lib/matplotlib/figure.py::91,0.045156
lib/matplotlib/figure.py::92,0.045156
lib/matplotlib/projections/__init__.py::21,0.045156
lib/matplotlib/projections/__init__.py::50,0.045156
lib/matplotlib/projections/__init__.py::53,0.045156
lib/matplotlib/projections/__init__.py::54,0.045156
lib/matplotlib/pyplot.py::212,0.045156
lib/matplotlib/pyplot.py::213,0.045156
lib/matplotlib/pyplot.py::287,0.045156
lib/matplotlib/pyplot.py::297,0.045156
lib/matplotlib/pyplot.py::298,0.045156
lib/matplotlib/pyplot.py::303,0.045156
lib/matplotlib/pyplot.py::625,0.045156
lib/matplotlib/pyplot.py::627,0.045156
lib/matplotlib/pyplot.py::629,0.045156
lib/matplotlib/pyplot.py::630,0.045156
lib/matplotlib/pyplot.py::631,0.045156
lib/matplotlib/pyplot.py::632,0.045156
lib/matplotlib/pyplot.py::634,0.045156
lib/matplotlib/pyplot.py::635,0.045156
lib/matplotlib/pyplot.py::636,0.045156
lib/matplotlib/pyplot.py::637,0.045156
lib/matplotlib/pyplot.py::653,0.045156
lib/matplotlib/pyplot.py::654,0.045156
lib/matplotlib/pyplot.py::655,0.045156
lib/matplotlib/pyplot.py::657,0.045156
lib/matplotlib/pyplot.py::667,0.045156
lib/matplotlib/pyplot.py::670,0.045156
lib/matplotlib/pyplot.py::671,0.045156
lib/matplotlib/pyplot.py::672,0.045156
lib/matplotlib/pyplot.py::673,0.045156
lib/matplotlib/pyplot.py::674,0.045156
lib/matplotlib/pyplot.py::675,0.045156
lib/matplotlib/pyplot.py::676,0.045156
lib/matplotlib/pyplot.py::677,0.045156
lib/matplotlib/pyplot.py::678,0.045156
lib/matplotlib/pyplot.py::681,0.045156
lib/matplotlib/pyplot.py::687,0.045156
lib/matplotlib/pyplot.py::689,0.045156
lib/matplotlib/pyplot.py::690,0.045156
lib/matplotlib/pyplot.py::692,0.045156
lib/matplotlib/pyplot.py::695,0.045156
lib/matplotlib/pyplot.py::740,0.045156
lib/matplotlib/transforms.py::1929,0.045156
lib/matplotlib/transforms.py::1930,0.045156
lib/matplotlib/transforms.py::1931,0.045156
lib/matplotlib/transforms.py::1932,0.045156
lib/matplotlib/transforms.py::1933,0.045156
lib/matplotlib/transforms.py::1934,0.045156
lib/matplotlib/transforms.py::1935,0.045156
lib/matplotlib/transforms.py::1945,0.045156
lib/matplotlib/artist.py::100,0.045110
lib/matplotlib/artist.py::1000,0.045110
lib/matplotlib/artist.py::1001,0.045110
lib/matplotlib/artist.py::1002,0.045110
lib/matplotlib/artist.py::1006,0.045110
lib/matplotlib/artist.py::101,0.045110
lib/matplotlib/artist.py::1017,0.045110
lib/matplotlib/artist.py::1018,0.045110
lib/matplotlib/artist.py::102,0.045110
lib/matplotlib/artist.py::1021,0.045110
lib/matplotlib/artist.py::1022,0.045110
lib/matplotlib/artist.py::103,0.045110
lib/matplotlib/artist.py::1037,0.045110
lib/matplotlib/artist.py::1039,0.045110
lib/matplotlib/artist.py::104,0.045110
lib/matplotlib/artist.py::1040,0.045110
lib/matplotlib/artist.py::1041,0.045110
lib/matplotlib/artist.py::105,0.045110
lib/matplotlib/artist.py::106,0.045110
lib/matplotlib/artist.py::1088,0.045110
lib/matplotlib/artist.py::1089,0.045110
lib/matplotlib/artist.py::1090,0.045110
lib/matplotlib/artist.py::1091,0.045110
lib/matplotlib/artist.py::1092,0.045110
lib/matplotlib/artist.py::1093,0.045110
lib/matplotlib/artist.py::1094,0.045110
lib/matplotlib/artist.py::1096,0.045110
lib/matplotlib/artist.py::1098,0.045110
lib/matplotlib/artist.py::1099,0.045110
lib/matplotlib/artist.py::1100,0.045110
lib/matplotlib/artist.py::1111,0.045110
lib/matplotlib/artist.py::1113,0.045110
lib/matplotlib/artist.py::1222,0.045110
lib/matplotlib/artist.py::172,0.045110
lib/matplotlib/artist.py::173,0.045110
lib/matplotlib/artist.py::174,0.045110
lib/matplotlib/artist.py::175,0.045110
lib/matplotlib/artist.py::184,0.045110
lib/matplotlib/artist.py::185,0.045110
lib/matplotlib/artist.py::186,0.045110
lib/matplotlib/artist.py::187,0.045110
lib/matplotlib/artist.py::192,0.045110
lib/matplotlib/artist.py::196,0.045110
lib/matplotlib/artist.py::201,0.045110
lib/matplotlib/artist.py::202,0.045110
lib/matplotlib/artist.py::203,0.045110
lib/matplotlib/artist.py::215,0.045110
lib/matplotlib/artist.py::220,0.045110
lib/matplotlib/artist.py::223,0.045110
lib/matplotlib/artist.py::224,0.045110
lib/matplotlib/artist.py::343,0.045110
lib/matplotlib/artist.py::352,0.045110
lib/matplotlib/artist.py::362,0.045110
lib/matplotlib/artist.py::363,0.045110
lib/matplotlib/artist.py::364,0.045110
lib/matplotlib/artist.py::365,0.045110
lib/matplotlib/artist.py::369,0.045110
lib/matplotlib/artist.py::371,0.045110
lib/matplotlib/artist.py::374,0.045110
lib/matplotlib/artist.py::53,0.045110
lib/matplotlib/artist.py::54,0.045110
lib/matplotlib/artist.py::696,0.045110
lib/matplotlib/artist.py::70,0.045110
lib/matplotlib/artist.py::703,0.045110
lib/matplotlib/artist.py::706,0.045110
lib/matplotlib/artist.py::707,0.045110
lib/matplotlib/artist.py::708,0.045110
lib/matplotlib/artist.py::709,0.045110
lib/matplotlib/artist.py::71,0.045110
lib/matplotlib/artist.py::719,0.045110
lib/matplotlib/artist.py::72,0.045110
lib/matplotlib/artist.py::720,0.045110
lib/matplotlib/artist.py::721,0.045110
lib/matplotlib/artist.py::73,0.045110
lib/matplotlib/artist.py::748,0.045110
lib/matplotlib/artist.py::75,0.045110
lib/matplotlib/artist.py::750,0.045110
lib/matplotlib/artist.py::751,0.045110
lib/matplotlib/artist.py::752,0.045110
lib/matplotlib/artist.py::76,0.045110
lib/matplotlib/artist.py::763,0.045110
lib/matplotlib/artist.py::766,0.045110
lib/matplotlib/artist.py::769,0.045110
lib/matplotlib/artist.py::77,0.045110
lib/matplotlib/artist.py::772,0.045110
lib/matplotlib/artist.py::776,0.045110
lib/matplotlib/artist.py::78,0.045110
lib/matplotlib/artist.py::782,0.045110
lib/matplotlib/artist.py::783,0.045110
lib/matplotlib/artist.py::79,0.045110
lib/matplotlib/artist.py::794,0.045110
lib/matplotlib/artist.py::798,0.045110
lib/matplotlib/artist.py::80,0.045110
lib/matplotlib/artist.py::81,0.045110
lib/matplotlib/artist.py::82,0.045110
lib/matplotlib/artist.py::83,0.045110
lib/matplotlib/artist.py::84,0.045110
lib/matplotlib/artist.py::85,0.045110
lib/matplotlib/artist.py::86,0.045110
lib/matplotlib/artist.py::87,0.045110
lib/matplotlib/artist.py::90,0.045110
lib/matplotlib/artist.py::91,0.045110
lib/matplotlib/artist.py::92,0.045110
lib/matplotlib/artist.py::929,0.045110
lib/matplotlib/artist.py::93,0.045110
lib/matplotlib/artist.py::931,0.045110
lib/matplotlib/artist.py::932,0.045110
lib/matplotlib/artist.py::933,0.045110
lib/matplotlib/artist.py::94,0.045110
lib/matplotlib/artist.py::943,0.045110
lib/matplotlib/artist.py::944,0.045110
lib/matplotlib/artist.py::945,0.045110
lib/matplotlib/artist.py::95,0.045110
lib/matplotlib/artist.py::96,0.045110
lib/matplotlib/artist.py::970,0.045110
lib/matplotlib/artist.py::98,0.045110
lib/matplotlib/artist.py::980,0.045110
lib/matplotlib/artist.py::981,0.045110
lib/matplotlib/artist.py::982,0.045110
lib/matplotlib/artist.py::983,0.045110
lib/matplotlib/artist.py::99,0.045110
lib/matplotlib/artist.py::991,0.045110
lib/matplotlib/artist.py::994,0.045110
lib/matplotlib/artist.py::995,0.045110
lib/matplotlib/artist.py::998,0.045110
lib/matplotlib/artist.py::999,0.045110
lib/matplotlib/axes/_base.py::1048,0.045110
lib/matplotlib/axes/_base.py::1051,0.045110
lib/matplotlib/axes/_base.py::1053,0.045110
lib/matplotlib/axes/_base.py::1054,0.045110
lib/matplotlib/axes/_base.py::1056,0.045110
lib/matplotlib/axes/_base.py::1057,0.045110
lib/matplotlib/axes/_base.py::1059,0.045110
lib/matplotlib/axes/_base.py::1060,0.045110
lib/matplotlib/axes/_base.py::1062,0.045110
lib/matplotlib/axes/_base.py::1063,0.045110
lib/matplotlib/axes/_base.py::1065,0.045110
lib/matplotlib/axes/_base.py::1068,0.045110
lib/matplotlib/axes/_base.py::1069,0.045110
lib/matplotlib/axes/_base.py::1070,0.045110
lib/matplotlib/axes/_base.py::1073,0.045110
lib/matplotlib/axes/_base.py::1076,0.045110
lib/matplotlib/axes/_base.py::1077,0.045110
lib/matplotlib/axes/_base.py::1078,0.045110
lib/matplotlib/axes/_base.py::1083,0.045110
lib/matplotlib/axes/_base.py::1085,0.045110
lib/matplotlib/axes/_base.py::1088,0.045110
lib/matplotlib/axes/_base.py::1089,0.045110
lib/matplotlib/axes/_base.py::1090,0.045110
lib/matplotlib/axes/_base.py::1091,0.045110
lib/matplotlib/axes/_base.py::1092,0.045110
lib/matplotlib/axes/_base.py::1093,0.045110
lib/matplotlib/axes/_base.py::1094,0.045110
lib/matplotlib/axes/_base.py::1095,0.045110
lib/matplotlib/axes/_base.py::1096,0.045110
lib/matplotlib/axes/_base.py::1098,0.045110
lib/matplotlib/axes/_base.py::1099,0.045110
lib/matplotlib/axes/_base.py::1101,0.045110
lib/matplotlib/axes/_base.py::1102,0.045110
lib/matplotlib/axes/_base.py::1103,0.045110
lib/matplotlib/axes/_base.py::1104,0.045110
lib/matplotlib/axes/_base.py::1105,0.045110
lib/matplotlib/axes/_base.py::1106,0.045110
lib/matplotlib/axes/_base.py::1107,0.045110
lib/matplotlib/axes/_base.py::1108,0.045110
lib/matplotlib/axes/_base.py::1109,0.045110
lib/matplotlib/axes/_base.py::1110,0.045110
lib/matplotlib/axes/_base.py::1111,0.045110
lib/matplotlib/axes/_base.py::1112,0.045110
lib/matplotlib/axes/_base.py::1113,0.045110
lib/matplotlib/axes/_base.py::1115,0.045110
lib/matplotlib/axes/_base.py::1116,0.045110
lib/matplotlib/axes/_base.py::1117,0.045110
lib/matplotlib/axes/_base.py::1118,0.045110
lib/matplotlib/axes/_base.py::1119,0.045110
lib/matplotlib/axes/_base.py::1120,0.045110
lib/matplotlib/axes/_base.py::1122,0.045110
lib/matplotlib/axes/_base.py::1123,0.045110
lib/matplotlib/axes/_base.py::1129,0.045110
lib/matplotlib/axes/_base.py::1130,0.045110
lib/matplotlib/axes/_base.py::1131,0.045110
lib/matplotlib/axes/_base.py::1132,0.045110
lib/matplotlib/axes/_base.py::1133,0.045110
lib/matplotlib/axes/_base.py::1135,0.045110
lib/matplotlib/axes/_base.py::1136,0.045110
lib/matplotlib/axes/_base.py::1137,0.045110
lib/matplotlib/axes/_base.py::1138,0.045110
lib/matplotlib/axes/_base.py::1139,0.045110
lib/matplotlib/axes/_base.py::1140,0.045110
lib/matplotlib/axes/_base.py::1141,0.045110
lib/matplotlib/axes/_base.py::1142,0.045110
lib/matplotlib/axes/_base.py::1143,0.045110
lib/matplotlib/axes/_base.py::1144,0.045110
lib/matplotlib/axes/_base.py::1146,0.045110
lib/matplotlib/axes/_base.py::1149,0.045110
lib/matplotlib/axes/_base.py::1151,0.045110
lib/matplotlib/axes/_base.py::1152,0.045110
lib/matplotlib/axes/_base.py::1157,0.045110
lib/matplotlib/axes/_base.py::1158,0.045110
lib/matplotlib/axes/_base.py::1159,0.045110
lib/matplotlib/axes/_base.py::1160,0.045110
lib/matplotlib/axes/_base.py::1161,0.045110
lib/matplotlib/axes/_base.py::1162,0.045110
lib/matplotlib/axes/_base.py::1164,0.045110
lib/matplotlib/axes/_base.py::1166,0.045110
lib/matplotlib/axes/_base.py::1167,0.045110
lib/matplotlib/axes/_base.py::1169,0.045110
lib/matplotlib/axes/_base.py::1170,0.045110
lib/matplotlib/axes/_base.py::1171,0.045110
lib/matplotlib/axes/_base.py::1174,0.045110
lib/matplotlib/axes/_base.py::1178,0.045110
lib/matplotlib/axes/_base.py::1205,0.045110
lib/matplotlib/axes/_base.py::1206,0.045110
lib/matplotlib/axes/_base.py::1207,0.045110
lib/matplotlib/axes/_base.py::1208,0.045110
lib/matplotlib/axes/_base.py::1209,0.045110
lib/matplotlib/axes/_base.py::1210,0.045110
lib/matplotlib/axes/_base.py::1462,0.045110
lib/matplotlib/axes/_base.py::1463,0.045110
lib/matplotlib/axes/_base.py::1465,0.045110
lib/matplotlib/axes/_base.py::1472,0.045110
lib/matplotlib/axes/_base.py::1473,0.045110
lib/matplotlib/axes/_base.py::1474,0.045110
lib/matplotlib/axes/_base.py::186,0.045110
lib/matplotlib/axes/_base.py::187,0.045110
lib/matplotlib/axes/_base.py::188,0.045110
lib/matplotlib/axes/_base.py::200,0.045110
lib/matplotlib/axes/_base.py::201,0.045110
lib/matplotlib/axes/_base.py::205,0.045110
lib/matplotlib/axes/_base.py::207,0.045110
lib/matplotlib/axes/_base.py::2173,0.045110
lib/matplotlib/axes/_base.py::2175,0.045110
lib/matplotlib/axes/_base.py::2178,0.045110
lib/matplotlib/axes/_base.py::2180,0.045110
lib/matplotlib/axes/_base.py::2181,0.045110
lib/matplotlib/axes/_base.py::2184,0.045110
lib/matplotlib/axes/_base.py::2196,0.045110
lib/matplotlib/axes/_base.py::2198,0.045110
lib/matplotlib/axes/_base.py::2199,0.045110
lib/matplotlib/axes/_base.py::2200,0.045110
lib/matplotlib/axes/_base.py::2594,0.045110
lib/matplotlib/axes/_base.py::2841,0.045110
lib/matplotlib/axes/_base.py::2842,0.045110
lib/matplotlib/axes/_base.py::2844,0.045110
lib/matplotlib/axes/_base.py::2850,0.045110
lib/matplotlib/axes/_base.py::2851,0.045110
lib/matplotlib/axes/_base.py::2852,0.045110
lib/matplotlib/axes/_base.py::2891,0.045110
lib/matplotlib/axes/_base.py::2893,0.045110
lib/matplotlib/axes/_base.py::2894,0.045110
lib/matplotlib/axes/_base.py::2895,0.045110
lib/matplotlib/axes/_base.py::2896,0.045110
lib/matplotlib/axes/_base.py::2897,0.045110
lib/matplotlib/axes/_base.py::3112,0.045110
lib/matplotlib/axes/_base.py::3113,0.045110
lib/matplotlib/axes/_base.py::3212,0.045110
lib/matplotlib/axes/_base.py::3213,0.045110
lib/matplotlib/axes/_base.py::3214,0.045110
lib/matplotlib/axes/_base.py::3215,0.045110
lib/matplotlib/axes/_base.py::3217,0.045110
lib/matplotlib/axes/_base.py::3287,0.045110
lib/matplotlib/axes/_base.py::3289,0.045110
lib/matplotlib/axes/_base.py::3293,0.045110
lib/matplotlib/axes/_base.py::3298,0.045110
lib/matplotlib/axes/_base.py::3299,0.045110
lib/matplotlib/axes/_base.py::3300,0.045110
lib/matplotlib/axes/_base.py::3302,0.045110
lib/matplotlib/axes/_base.py::3311,0.045110
lib/matplotlib/axes/_base.py::3327,0.045110
lib/matplotlib/axes/_base.py::3331,0.045110
lib/matplotlib/axes/_base.py::3332,0.045110
lib/matplotlib/axes/_base.py::3333,0.045110
lib/matplotlib/axes/_base.py::3335,0.045110
lib/matplotlib/axes/_base.py::3337,0.045110
lib/matplotlib/axes/_base.py::3338,0.045110
lib/matplotlib/axes/_base.py::3339,0.045110
lib/matplotlib/axes/_base.py::3341,0.045110
lib/matplotlib/axes/_base.py::3342,0.045110
lib/matplotlib/axes/_base.py::3344,0.045110
lib/matplotlib/axes/_base.py::3345,0.045110
lib/matplotlib/axes/_base.py::3350,0.045110
lib/matplotlib/axes/_base.py::3351,0.045110
lib/matplotlib/axes/_base.py::3555,0.045110
lib/matplotlib/axes/_base.py::3557,0.045110
lib/matplotlib/axes/_base.py::3561,0.045110
lib/matplotlib/axes/_base.py::3566,0.045110
lib/matplotlib/axes/_base.py::3567,0.045110
lib/matplotlib/axes/_base.py::3568,0.045110
lib/matplotlib/axes/_base.py::3570,0.045110
lib/matplotlib/axes/_base.py::3579,0.045110
lib/matplotlib/axes/_base.py::3595,0.045110
lib/matplotlib/axes/_base.py::3600,0.045110
lib/matplotlib/axes/_base.py::3601,0.045110
lib/matplotlib/axes/_base.py::3602,0.045110
lib/matplotlib/axes/_base.py::3604,0.045110
lib/matplotlib/axes/_base.py::3606,0.045110
lib/matplotlib/axes/_base.py::3607,0.045110
lib/matplotlib/axes/_base.py::3608,0.045110
lib/matplotlib/axes/_base.py::3610,0.045110
lib/matplotlib/axes/_base.py::3611,0.045110
lib/matplotlib/axes/_base.py::3613,0.045110
lib/matplotlib/axes/_base.py::3614,0.045110
lib/matplotlib/axes/_base.py::3619,0.045110
lib/matplotlib/axes/_base.py::3620,0.045110
lib/matplotlib/axes/_base.py::479,0.045110
lib/matplotlib/axes/_base.py::480,0.045110
lib/matplotlib/axes/_base.py::484,0.045110
lib/matplotlib/axes/_base.py::486,0.045110
lib/matplotlib/axes/_base.py::487,0.045110
lib/matplotlib/axes/_base.py::488,0.045110
lib/matplotlib/axes/_base.py::489,0.045110
lib/matplotlib/axes/_base.py::490,0.045110
lib/matplotlib/axes/_base.py::491,0.045110
lib/matplotlib/axes/_base.py::492,0.045110
lib/matplotlib/axes/_base.py::493,0.045110
lib/matplotlib/axes/_base.py::494,0.045110
lib/matplotlib/axes/_base.py::495,0.045110
lib/matplotlib/axes/_base.py::496,0.045110
lib/matplotlib/axes/_base.py::497,0.045110
lib/matplotlib/axes/_base.py::498,0.045110
lib/matplotlib/axes/_base.py::500,0.045110
lib/matplotlib/axes/_base.py::503,0.045110
lib/matplotlib/axes/_base.py::504,0.045110
lib/matplotlib/axes/_base.py::505,0.045110
lib/matplotlib/axes/_base.py::506,0.045110
lib/matplotlib/axes/_base.py::507,0.045110
lib/matplotlib/axes/_base.py::508,0.045110
lib/matplotlib/axes/_base.py::510,0.045110
lib/matplotlib/axes/_base.py::511,0.045110
lib/matplotlib/axes/_base.py::513,0.045110
lib/matplotlib/axes/_base.py::515,0.045110
lib/matplotlib/axes/_base.py::628,0.045110
lib/matplotlib/axes/_base.py::63,0.045110
lib/matplotlib/axes/_base.py::630,0.045110
lib/matplotlib/axes/_base.py::631,0.045110
lib/matplotlib/axes/_base.py::633,0.045110
lib/matplotlib/axes/_base.py::634,0.045110
lib/matplotlib/axes/_base.py::635,0.045110
lib/matplotlib/axes/_base.py::636,0.045110
lib/matplotlib/axes/_base.py::638,0.045110
lib/matplotlib/axes/_base.py::858,0.045110
lib/matplotlib/axes/_base.py::859,0.045110
lib/matplotlib/axes/_base.py::860,0.045110
lib/matplotlib/axes/_base.py::861,0.045110
lib/matplotlib/axes/_base.py::962,0.045110
lib/matplotlib/axes/_base.py::963,0.045110
lib/matplotlib/axes/_base.py::966,0.045110
lib/matplotlib/axes/_base.py::967,0.045110
lib/matplotlib/axis.py::100,0.045110
lib/matplotlib/axis.py::102,0.045110
lib/matplotlib/axis.py::103,0.045110
lib/matplotlib/axis.py::105,0.045110
lib/matplotlib/axis.py::107,0.045110
lib/matplotlib/axis.py::108,0.045110
lib/matplotlib/axis.py::109,0.045110
lib/matplotlib/axis.py::111,0.045110
lib/matplotlib/axis.py::112,0.045110
lib/matplotlib/axis.py::113,0.045110
lib/matplotlib/axis.py::115,0.045110
lib/matplotlib/axis.py::116,0.045110
lib/matplotlib/axis.py::118,0.045110
lib/matplotlib/axis.py::119,0.045110
lib/matplotlib/axis.py::120,0.045110
lib/matplotlib/axis.py::122,0.045110
lib/matplotlib/axis.py::123,0.045110
lib/matplotlib/axis.py::125,0.045110
lib/matplotlib/axis.py::126,0.045110
lib/matplotlib/axis.py::128,0.045110
lib/matplotlib/axis.py::130,0.045110
lib/matplotlib/axis.py::131,0.045110
lib/matplotlib/axis.py::132,0.045110
lib/matplotlib/axis.py::134,0.045110
lib/matplotlib/axis.py::1348,0.045110
lib/matplotlib/axis.py::135,0.045110
lib/matplotlib/axis.py::137,0.045110
lib/matplotlib/axis.py::138,0.045110
lib/matplotlib/axis.py::139,0.045110
lib/matplotlib/axis.py::140,0.045110
lib/matplotlib/axis.py::141,0.045110
lib/matplotlib/axis.py::1412,0.045110
lib/matplotlib/axis.py::1418,0.045110
lib/matplotlib/axis.py::1419,0.045110
lib/matplotlib/axis.py::142,0.045110
lib/matplotlib/axis.py::1420,0.045110
lib/matplotlib/axis.py::1422,0.045110
lib/matplotlib/axis.py::1429,0.045110
lib/matplotlib/axis.py::143,0.045110
lib/matplotlib/axis.py::1430,0.045110
lib/matplotlib/axis.py::1433,0.045110
lib/matplotlib/axis.py::1434,0.045110
lib/matplotlib/axis.py::1435,0.045110
lib/matplotlib/axis.py::1436,0.045110
lib/matplotlib/axis.py::144,0.045110
lib/matplotlib/axis.py::1444,0.045110
lib/matplotlib/axis.py::1445,0.045110
lib/matplotlib/axis.py::1446,0.045110
lib/matplotlib/axis.py::145,0.045110
lib/matplotlib/axis.py::147,0.045110
lib/matplotlib/axis.py::149,0.045110
lib/matplotlib/axis.py::1494,0.045110
lib/matplotlib/axis.py::1498,0.045110
lib/matplotlib/axis.py::1499,0.045110
lib/matplotlib/axis.py::150,0.045110
lib/matplotlib/axis.py::151,0.045110
lib/matplotlib/axis.py::152,0.045110
lib/matplotlib/axis.py::1521,0.045110
lib/matplotlib/axis.py::1522,0.045110
lib/matplotlib/axis.py::154,0.045110
lib/matplotlib/axis.py::155,0.045110
lib/matplotlib/axis.py::156,0.045110
lib/matplotlib/axis.py::157,0.045110
lib/matplotlib/axis.py::1578,0.045110
lib/matplotlib/axis.py::159,0.045110
lib/matplotlib/axis.py::1592,0.045110
lib/matplotlib/axis.py::1595,0.045110
lib/matplotlib/axis.py::1599,0.045110
lib/matplotlib/axis.py::160,0.045110
lib/matplotlib/axis.py::1600,0.045110
lib/matplotlib/axis.py::1603,0.045110
lib/matplotlib/axis.py::1605,0.045110
lib/matplotlib/axis.py::161,0.045110
lib/matplotlib/axis.py::1611,0.045110
lib/matplotlib/axis.py::1612,0.045110
lib/matplotlib/axis.py::1614,0.045110
lib/matplotlib/axis.py::1616,0.045110
lib/matplotlib/axis.py::1617,0.045110
lib/matplotlib/axis.py::1618,0.045110
lib/matplotlib/axis.py::162,0.045110
lib/matplotlib/axis.py::1628,0.045110
lib/matplotlib/axis.py::1629,0.045110
lib/matplotlib/axis.py::163,0.045110
lib/matplotlib/axis.py::1630,0.045110
lib/matplotlib/axis.py::1631,0.045110
lib/matplotlib/axis.py::1632,0.045110
lib/matplotlib/axis.py::1633,0.045110
lib/matplotlib/axis.py::1634,0.045110
lib/matplotlib/axis.py::1644,0.045110
lib/matplotlib/axis.py::1645,0.045110
lib/matplotlib/axis.py::1646,0.045110
lib/matplotlib/axis.py::1647,0.045110
lib/matplotlib/axis.py::1648,0.045110
lib/matplotlib/axis.py::1649,0.045110
lib/matplotlib/axis.py::1650,0.045110
lib/matplotlib/axis.py::166,0.045110
lib/matplotlib/axis.py::167,0.045110
lib/matplotlib/axis.py::168,0.045110
lib/matplotlib/axis.py::169,0.045110
lib/matplotlib/axis.py::170,0.045110
lib/matplotlib/axis.py::171,0.045110
lib/matplotlib/axis.py::172,0.045110
lib/matplotlib/axis.py::173,0.045110
lib/matplotlib/axis.py::177,0.045110
lib/matplotlib/axis.py::178,0.045110
lib/matplotlib/axis.py::179,0.045110
lib/matplotlib/axis.py::183,0.045110
lib/matplotlib/axis.py::185,0.045110
lib/matplotlib/axis.py::186,0.045110
lib/matplotlib/axis.py::187,0.045110
lib/matplotlib/axis.py::189,0.045110
lib/matplotlib/axis.py::1955,0.045110
lib/matplotlib/axis.py::1958,0.045110
lib/matplotlib/axis.py::1959,0.045110
lib/matplotlib/axis.py::1960,0.045110
lib/matplotlib/axis.py::1961,0.045110
lib/matplotlib/axis.py::1962,0.045110
lib/matplotlib/axis.py::1964,0.045110
lib/matplotlib/axis.py::1965,0.045110
lib/matplotlib/axis.py::1966,0.045110
lib/matplotlib/axis.py::1967,0.045110
lib/matplotlib/axis.py::1968,0.045110
lib/matplotlib/axis.py::1969,0.045110
lib/matplotlib/axis.py::197,0.045110
lib/matplotlib/axis.py::1970,0.045110
lib/matplotlib/axis.py::1971,0.045110
lib/matplotlib/axis.py::1973,0.045110
lib/matplotlib/axis.py::200,0.045110
lib/matplotlib/axis.py::203,0.045110
lib/matplotlib/axis.py::204,0.045110
lib/matplotlib/axis.py::205,0.045110
lib/matplotlib/axis.py::206,0.045110
lib/matplotlib/axis.py::217,0.045110
lib/matplotlib/axis.py::218,0.045110
lib/matplotlib/axis.py::219,0.045110
lib/matplotlib/axis.py::2200,0.045110
lib/matplotlib/axis.py::221,0.045110
lib/matplotlib/axis.py::2243,0.045110
lib/matplotlib/axis.py::2246,0.045110
lib/matplotlib/axis.py::2247,0.045110
lib/matplotlib/axis.py::2248,0.045110
lib/matplotlib/axis.py::2249,0.045110
lib/matplotlib/axis.py::2250,0.045110
lib/matplotlib/axis.py::2251,0.045110
lib/matplotlib/axis.py::2253,0.045110
lib/matplotlib/axis.py::2255,0.045110
lib/matplotlib/axis.py::2256,0.045110
lib/matplotlib/axis.py::2257,0.045110
lib/matplotlib/axis.py::2258,0.045110
lib/matplotlib/axis.py::2259,0.045110
lib/matplotlib/axis.py::2260,0.045110
lib/matplotlib/axis.py::2261,0.045110
lib/matplotlib/axis.py::2263,0.045110
lib/matplotlib/axis.py::230,0.045110
lib/matplotlib/axis.py::231,0.045110
lib/matplotlib/axis.py::232,0.045110
lib/matplotlib/axis.py::2485,0.045110
lib/matplotlib/axis.py::320,0.045110
lib/matplotlib/axis.py::329,0.045110
lib/matplotlib/axis.py::330,0.045110
lib/matplotlib/axis.py::331,0.045110
lib/matplotlib/axis.py::332,0.045110
lib/matplotlib/axis.py::333,0.045110
lib/matplotlib/axis.py::334,0.045110
lib/matplotlib/axis.py::335,0.045110
lib/matplotlib/axis.py::336,0.045110
lib/matplotlib/axis.py::355,0.045110
lib/matplotlib/axis.py::356,0.045110
lib/matplotlib/axis.py::358,0.045110
lib/matplotlib/axis.py::359,0.045110
lib/matplotlib/axis.py::360,0.045110
lib/matplotlib/axis.py::363,0.045110
lib/matplotlib/axis.py::368,0.045110
lib/matplotlib/axis.py::370,0.045110
lib/matplotlib/axis.py::371,0.045110
lib/matplotlib/axis.py::372,0.045110
lib/matplotlib/axis.py::379,0.045110
lib/matplotlib/axis.py::381,0.045110
lib/matplotlib/axis.py::382,0.045110
lib/matplotlib/axis.py::404,0.045110
lib/matplotlib/axis.py::406,0.045110
lib/matplotlib/axis.py::407,0.045110
lib/matplotlib/axis.py::408,0.045110
lib/matplotlib/axis.py::409,0.045110
lib/matplotlib/axis.py::411,0.045110
lib/matplotlib/axis.py::412,0.045110
lib/matplotlib/axis.py::413,0.045110
lib/matplotlib/axis.py::414,0.045110
lib/matplotlib/axis.py::416,0.045110
lib/matplotlib/axis.py::417,0.045110
lib/matplotlib/axis.py::418,0.045110
lib/matplotlib/axis.py::421,0.045110
lib/matplotlib/axis.py::422,0.045110
lib/matplotlib/axis.py::423,0.045110
lib/matplotlib/axis.py::424,0.045110
lib/matplotlib/axis.py::426,0.045110
lib/matplotlib/axis.py::427,0.045110
lib/matplotlib/axis.py::428,0.045110
lib/matplotlib/axis.py::429,0.045110
lib/matplotlib/axis.py::433,0.045110
lib/matplotlib/axis.py::436,0.045110
lib/matplotlib/axis.py::440,0.045110
lib/matplotlib/axis.py::441,0.045110
lib/matplotlib/axis.py::442,0.045110
lib/matplotlib/axis.py::443,0.045110
lib/matplotlib/axis.py::445,0.045110
lib/matplotlib/axis.py::451,0.045110
lib/matplotlib/axis.py::452,0.045110
lib/matplotlib/axis.py::456,0.045110
lib/matplotlib/axis.py::457,0.045110
lib/matplotlib/axis.py::458,0.045110
lib/matplotlib/axis.py::459,0.045110
lib/matplotlib/axis.py::460,0.045110
lib/matplotlib/axis.py::461,0.045110
lib/matplotlib/axis.py::462,0.045110
lib/matplotlib/axis.py::477,0.045110
lib/matplotlib/axis.py::479,0.045110
lib/matplotlib/axis.py::480,0.045110
lib/matplotlib/axis.py::481,0.045110
lib/matplotlib/axis.py::482,0.045110
lib/matplotlib/axis.py::484,0.045110
lib/matplotlib/axis.py::485,0.045110
lib/matplotlib/axis.py::486,0.045110
lib/matplotlib/axis.py::487,0.045110
lib/matplotlib/axis.py::489,0.045110
lib/matplotlib/axis.py::490,0.045110
lib/matplotlib/axis.py::491,0.045110
lib/matplotlib/axis.py::494,0.045110
lib/matplotlib/axis.py::495,0.045110
lib/matplotlib/axis.py::496,0.045110
lib/matplotlib/axis.py::497,0.045110
lib/matplotlib/axis.py::499,0.045110
lib/matplotlib/axis.py::500,0.045110
lib/matplotlib/axis.py::501,0.045110
lib/matplotlib/axis.py::502,0.045110
lib/matplotlib/axis.py::506,0.045110
lib/matplotlib/axis.py::509,0.045110
lib/matplotlib/axis.py::512,0.045110
lib/matplotlib/axis.py::513,0.045110
lib/matplotlib/axis.py::514,0.045110
lib/matplotlib/axis.py::516,0.045110
lib/matplotlib/axis.py::522,0.045110
lib/matplotlib/axis.py::523,0.045110
lib/matplotlib/axis.py::527,0.045110
lib/matplotlib/axis.py::528,0.045110
lib/matplotlib/axis.py::529,0.045110
lib/matplotlib/axis.py::530,0.045110
lib/matplotlib/axis.py::531,0.045110
lib/matplotlib/axis.py::532,0.045110
lib/matplotlib/axis.py::533,0.045110
lib/matplotlib/axis.py::553,0.045110
lib/matplotlib/axis.py::554,0.045110
lib/matplotlib/axis.py::558,0.045110
lib/matplotlib/axis.py::562,0.045110
lib/matplotlib/axis.py::567,0.045110
lib/matplotlib/axis.py::571,0.045110
lib/matplotlib/axis.py::575,0.045110
lib/matplotlib/axis.py::580,0.045110
lib/matplotlib/axis.py::595,0.045110
lib/matplotlib/axis.py::603,0.045110
lib/matplotlib/axis.py::604,0.045110
lib/matplotlib/axis.py::605,0.045110
lib/matplotlib/axis.py::606,0.045110
lib/matplotlib/axis.py::607,0.045110
lib/matplotlib/axis.py::609,0.045110
lib/matplotlib/axis.py::610,0.045110
lib/matplotlib/axis.py::611,0.045110
lib/matplotlib/axis.py::612,0.045110
lib/matplotlib/axis.py::661,0.045110
lib/matplotlib/axis.py::662,0.045110
lib/matplotlib/axis.py::664,0.045110
lib/matplotlib/axis.py::666,0.045110
lib/matplotlib/axis.py::668,0.045110
lib/matplotlib/axis.py::669,0.045110
lib/matplotlib/axis.py::670,0.045110
lib/matplotlib/axis.py::671,0.045110
lib/matplotlib/axis.py::673,0.045110
lib/matplotlib/axis.py::674,0.045110
lib/matplotlib/axis.py::676,0.045110
lib/matplotlib/axis.py::677,0.045110
lib/matplotlib/axis.py::678,0.045110
lib/matplotlib/axis.py::679,0.045110
lib/matplotlib/axis.py::680,0.045110
lib/matplotlib/axis.py::682,0.045110
lib/matplotlib/axis.py::683,0.045110
lib/matplotlib/axis.py::684,0.045110
lib/matplotlib/axis.py::686,0.045110
lib/matplotlib/axis.py::688,0.045110
lib/matplotlib/axis.py::691,0.045110
lib/matplotlib/axis.py::692,0.045110
lib/matplotlib/axis.py::694,0.045110
lib/matplotlib/axis.py::695,0.045110
lib/matplotlib/axis.py::735,0.045110
lib/matplotlib/axis.py::739,0.045110
lib/matplotlib/axis.py::742,0.045110
lib/matplotlib/axis.py::743,0.045110
lib/matplotlib/axis.py::745,0.045110
lib/matplotlib/axis.py::746,0.045110
lib/matplotlib/axis.py::747,0.045110
lib/matplotlib/axis.py::748,0.045110
lib/matplotlib/axis.py::751,0.045110
lib/matplotlib/axis.py::760,0.045110
lib/matplotlib/axis.py::762,0.045110
lib/matplotlib/axis.py::765,0.045110
lib/matplotlib/axis.py::769,0.045110
lib/matplotlib/axis.py::772,0.045110
lib/matplotlib/axis.py::775,0.045110
lib/matplotlib/axis.py::777,0.045110
lib/matplotlib/axis.py::778,0.045110
lib/matplotlib/axis.py::779,0.045110
lib/matplotlib/axis.py::780,0.045110
lib/matplotlib/axis.py::789,0.045110
lib/matplotlib/axis.py::790,0.045110
lib/matplotlib/axis.py::791,0.045110
lib/matplotlib/axis.py::792,0.045110
lib/matplotlib/axis.py::793,0.045110
lib/matplotlib/axis.py::794,0.045110
lib/matplotlib/axis.py::795,0.045110
lib/matplotlib/axis.py::796,0.045110
lib/matplotlib/axis.py::797,0.045110
lib/matplotlib/axis.py::798,0.045110
lib/matplotlib/axis.py::799,0.045110
lib/matplotlib/axis.py::800,0.045110
lib/matplotlib/axis.py::809,0.045110
lib/matplotlib/axis.py::810,0.045110
lib/matplotlib/axis.py::814,0.045110
lib/matplotlib/axis.py::823,0.045110
lib/matplotlib/axis.py::824,0.045110
lib/matplotlib/axis.py::825,0.045110
lib/matplotlib/axis.py::826,0.045110
lib/matplotlib/axis.py::827,0.045110
lib/matplotlib/axis.py::832,0.045110
lib/matplotlib/axis.py::836,0.045110
lib/matplotlib/axis.py::839,0.045110
lib/matplotlib/axis.py::844,0.045110
lib/matplotlib/axis.py::845,0.045110
lib/matplotlib/axis.py::846,0.045110
lib/matplotlib/axis.py::847,0.045110
lib/matplotlib/axis.py::848,0.045110
lib/matplotlib/axis.py::849,0.045110
lib/matplotlib/axis.py::85,0.045110
lib/matplotlib/axis.py::850,0.045110
lib/matplotlib/axis.py::851,0.045110
lib/matplotlib/axis.py::853,0.045110
lib/matplotlib/axis.py::855,0.045110
lib/matplotlib/axis.py::857,0.045110
lib/matplotlib/axis.py::859,0.045110
lib/matplotlib/axis.py::861,0.045110
lib/matplotlib/axis.py::863,0.045110
lib/matplotlib/axis.py::865,0.045110
lib/matplotlib/axis.py::867,0.045110
lib/matplotlib/axis.py::869,0.045110
lib/matplotlib/axis.py::87,0.045110
lib/matplotlib/axis.py::871,0.045110
lib/matplotlib/axis.py::873,0.045110
lib/matplotlib/axis.py::878,0.045110
lib/matplotlib/axis.py::879,0.045110
lib/matplotlib/axis.py::88,0.045110
lib/matplotlib/axis.py::883,0.045110
lib/matplotlib/axis.py::884,0.045110
lib/matplotlib/axis.py::887,0.045110
lib/matplotlib/axis.py::888,0.045110
lib/matplotlib/axis.py::889,0.045110
lib/matplotlib/axis.py::890,0.045110
lib/matplotlib/axis.py::91,0.045110
lib/matplotlib/axis.py::92,0.045110
lib/matplotlib/axis.py::95,0.045110
lib/matplotlib/axis.py::968,0.045110
lib/matplotlib/axis.py::97,0.045110
lib/matplotlib/axis.py::970,0.045110
lib/matplotlib/axis.py::98,0.045110
lib/matplotlib/backend_bases.py::1592,0.045110
lib/matplotlib/backend_bases.py::1593,0.045110
lib/matplotlib/backend_bases.py::1594,0.045110
lib/matplotlib/backend_bases.py::1595,0.045110
lib/matplotlib/backend_bases.py::1596,0.045110
lib/matplotlib/backend_bases.py::1597,0.045110
lib/matplotlib/backend_bases.py::1599,0.045110
lib/matplotlib/backend_bases.py::1600,0.045110
lib/matplotlib/backend_bases.py::1601,0.045110
lib/matplotlib/backend_bases.py::1602,0.045110
lib/matplotlib/backend_bases.py::1603,0.045110
lib/matplotlib/backend_bases.py::1604,0.045110
lib/matplotlib/backend_bases.py::1605,0.045110
lib/matplotlib/backend_bases.py::1606,0.045110
lib/matplotlib/backend_bases.py::1607,0.045110
lib/matplotlib/backend_bases.py::1608,0.045110
lib/matplotlib/backend_bases.py::2231,0.045110
lib/matplotlib/cbook/__init__.py::101,0.045110
lib/matplotlib/cbook/__init__.py::1275,0.045110
lib/matplotlib/cbook/__init__.py::1276,0.045110
lib/matplotlib/cbook/__init__.py::1277,0.045110
lib/matplotlib/cbook/__init__.py::1278,0.045110
lib/matplotlib/cbook/__init__.py::1286,0.045110
lib/matplotlib/cbook/__init__.py::1289,0.045110
lib/matplotlib/cbook/__init__.py::159,0.045110
lib/matplotlib/cbook/__init__.py::1592,0.045110
lib/matplotlib/cbook/__init__.py::160,0.045110
lib/matplotlib/cbook/__init__.py::161,0.045110
lib/matplotlib/cbook/__init__.py::162,0.045110
lib/matplotlib/cbook/__init__.py::170,0.045110
lib/matplotlib/cbook/__init__.py::171,0.045110
lib/matplotlib/cbook/__init__.py::1715,0.045110
lib/matplotlib/cbook/__init__.py::1718,0.045110
lib/matplotlib/cbook/__init__.py::172,0.045110
lib/matplotlib/cbook/__init__.py::1720,0.045110
lib/matplotlib/cbook/__init__.py::1721,0.045110
lib/matplotlib/cbook/__init__.py::1722,0.045110
lib/matplotlib/cbook/__init__.py::1724,0.045110
lib/matplotlib/cbook/__init__.py::1725,0.045110
lib/matplotlib/cbook/__init__.py::1726,0.045110
lib/matplotlib/cbook/__init__.py::1727,0.045110
lib/matplotlib/cbook/__init__.py::1728,0.045110
lib/matplotlib/cbook/__init__.py::173,0.045110
lib/matplotlib/cbook/__init__.py::1730,0.045110
lib/matplotlib/cbook/__init__.py::1731,0.045110
lib/matplotlib/cbook/__init__.py::1732,0.045110
lib/matplotlib/cbook/__init__.py::1735,0.045110
lib/matplotlib/cbook/__init__.py::1736,0.045110
lib/matplotlib/cbook/__init__.py::1738,0.045110
lib/matplotlib/cbook/__init__.py::1739,0.045110
lib/matplotlib/cbook/__init__.py::174,0.045110
lib/matplotlib/cbook/__init__.py::1743,0.045110
lib/matplotlib/cbook/__init__.py::1744,0.045110
lib/matplotlib/cbook/__init__.py::1748,0.045110
lib/matplotlib/cbook/__init__.py::175,0.045110
lib/matplotlib/cbook/__init__.py::1757,0.045110
lib/matplotlib/cbook/__init__.py::178,0.045110
lib/matplotlib/cbook/__init__.py::179,0.045110
lib/matplotlib/cbook/__init__.py::180,0.045110
lib/matplotlib/cbook/__init__.py::181,0.045110
lib/matplotlib/cbook/__init__.py::182,0.045110
lib/matplotlib/cbook/__init__.py::2034,0.045110
lib/matplotlib/cbook/__init__.py::2035,0.045110
lib/matplotlib/cbook/__init__.py::2036,0.045110
lib/matplotlib/cbook/__init__.py::2037,0.045110
lib/matplotlib/cbook/__init__.py::2038,0.045110
lib/matplotlib/cbook/__init__.py::2039,0.045110
lib/matplotlib/cbook/__init__.py::2041,0.045110
lib/matplotlib/cbook/__init__.py::2042,0.045110
lib/matplotlib/cbook/__init__.py::2045,0.045110
lib/matplotlib/cbook/__init__.py::2072,0.045110
lib/matplotlib/cbook/__init__.py::2189,0.045110
lib/matplotlib/cbook/__init__.py::2190,0.045110
lib/matplotlib/cbook/__init__.py::2191,0.045110
lib/matplotlib/cbook/__init__.py::2192,0.045110
lib/matplotlib/cbook/__init__.py::2193,0.045110
lib/matplotlib/cbook/__init__.py::2195,0.045110
lib/matplotlib/cbook/__init__.py::2196,0.045110
lib/matplotlib/cbook/__init__.py::2197,0.045110
lib/matplotlib/cbook/__init__.py::2199,0.045110
lib/matplotlib/cbook/__init__.py::220,0.045110
lib/matplotlib/cbook/__init__.py::2200,0.045110
lib/matplotlib/cbook/__init__.py::2203,0.045110
lib/matplotlib/cbook/__init__.py::2204,0.045110
lib/matplotlib/cbook/__init__.py::2246,0.045110
lib/matplotlib/cbook/__init__.py::2247,0.045110
lib/matplotlib/cbook/__init__.py::2248,0.045110
lib/matplotlib/cbook/__init__.py::2250,0.045110
lib/matplotlib/cbook/__init__.py::2251,0.045110
lib/matplotlib/cbook/__init__.py::2252,0.045110
lib/matplotlib/cbook/__init__.py::553,0.045110
lib/matplotlib/cbook/__init__.py::554,0.045110
lib/matplotlib/cbook/__init__.py::607,0.045110
lib/matplotlib/cbook/__init__.py::608,0.045110
lib/matplotlib/cbook/__init__.py::799,0.045110
lib/matplotlib/cbook/__init__.py::806,0.045110
lib/matplotlib/cbook/__init__.py::807,0.045110
lib/matplotlib/cbook/__init__.py::808,0.045110
lib/matplotlib/cbook/__init__.py::855,0.045110
lib/matplotlib/cbook/__init__.py::856,0.045110
lib/matplotlib/cbook/__init__.py::857,0.045110
lib/matplotlib/cbook/__init__.py::92,0.045110
lib/matplotlib/cbook/deprecation.py::384,0.045110
lib/matplotlib/cbook/deprecation.py::385,0.045110
lib/matplotlib/cbook/deprecation.py::390,0.045110
lib/matplotlib/cbook/deprecation.py::397,0.045110
lib/matplotlib/cbook/deprecation.py::398,0.045110
lib/matplotlib/cbook/deprecation.py::410,0.045110
lib/matplotlib/cbook/deprecation.py::476,0.045110
lib/matplotlib/cbook/deprecation.py::477,0.045110
lib/matplotlib/cbook/deprecation.py::479,0.045110
lib/matplotlib/cbook/deprecation.py::480,0.045110
lib/matplotlib/cbook/deprecation.py::481,0.045110
lib/matplotlib/cbook/deprecation.py::489,0.045110
lib/matplotlib/figure.py::1058,0.045110
lib/matplotlib/figure.py::1061,0.045110
lib/matplotlib/figure.py::1062,0.045110
lib/matplotlib/figure.py::1072,0.045110
lib/matplotlib/figure.py::1074,0.045110
lib/matplotlib/figure.py::1075,0.045110
lib/matplotlib/figure.py::1076,0.045110
lib/matplotlib/figure.py::1077,0.045110
lib/matplotlib/figure.py::1079,0.045110
lib/matplotlib/figure.py::1080,0.045110
lib/matplotlib/figure.py::1082,0.045110
lib/matplotlib/figure.py::1083,0.045110
lib/matplotlib/figure.py::1094,0.045110
lib/matplotlib/figure.py::1102,0.045110
lib/matplotlib/figure.py::1113,0.045110
lib/matplotlib/figure.py::1115,0.045110
lib/matplotlib/figure.py::1591,0.045110
lib/matplotlib/figure.py::1592,0.045110
lib/matplotlib/figure.py::1594,0.045110
lib/matplotlib/figure.py::1598,0.045110
lib/matplotlib/figure.py::1599,0.045110
lib/matplotlib/figure.py::1601,0.045110
lib/matplotlib/figure.py::1602,0.045110
lib/matplotlib/figure.py::1603,0.045110
lib/matplotlib/figure.py::1604,0.045110
lib/matplotlib/figure.py::1605,0.045110
lib/matplotlib/figure.py::1606,0.045110
lib/matplotlib/figure.py::1607,0.045110
lib/matplotlib/figure.py::1608,0.045110
lib/matplotlib/figure.py::1609,0.045110
lib/matplotlib/figure.py::1610,0.045110
lib/matplotlib/figure.py::1611,0.045110
lib/matplotlib/figure.py::1613,0.045110
lib/matplotlib/figure.py::1813,0.045110
lib/matplotlib/figure.py::1814,0.045110
lib/matplotlib/figure.py::1815,0.045110
lib/matplotlib/figure.py::1816,0.045110
lib/matplotlib/figure.py::188,0.045110
lib/matplotlib/figure.py::189,0.045110
lib/matplotlib/figure.py::190,0.045110
lib/matplotlib/figure.py::191,0.045110
lib/matplotlib/figure.py::198,0.045110
lib/matplotlib/figure.py::199,0.045110
lib/matplotlib/figure.py::200,0.045110
lib/matplotlib/figure.py::202,0.045110
lib/matplotlib/figure.py::203,0.045110
lib/matplotlib/figure.py::205,0.045110
lib/matplotlib/figure.py::207,0.045110
lib/matplotlib/figure.py::209,0.045110
lib/matplotlib/figure.py::211,0.045110
lib/matplotlib/figure.py::213,0.045110
lib/matplotlib/figure.py::215,0.045110
lib/matplotlib/figure.py::301,0.045110
lib/matplotlib/figure.py::306,0.045110
lib/matplotlib/figure.py::307,0.045110
lib/matplotlib/figure.py::309,0.045110
lib/matplotlib/figure.py::311,0.045110
lib/matplotlib/figure.py::313,0.045110
lib/matplotlib/figure.py::315,0.045110
lib/matplotlib/figure.py::317,0.045110
lib/matplotlib/figure.py::320,0.045110
lib/matplotlib/figure.py::323,0.045110
lib/matplotlib/figure.py::325,0.045110
lib/matplotlib/figure.py::327,0.045110
lib/matplotlib/figure.py::328,0.045110
lib/matplotlib/figure.py::330,0.045110
lib/matplotlib/figure.py::332,0.045110
lib/matplotlib/figure.py::333,0.045110
lib/matplotlib/figure.py::334,0.045110
lib/matplotlib/figure.py::336,0.045110
lib/matplotlib/figure.py::337,0.045110
lib/matplotlib/figure.py::338,0.045110
lib/matplotlib/figure.py::340,0.045110
lib/matplotlib/figure.py::341,0.045110
lib/matplotlib/figure.py::343,0.045110
lib/matplotlib/figure.py::344,0.045110
lib/matplotlib/figure.py::346,0.045110
lib/matplotlib/figure.py::348,0.045110
lib/matplotlib/figure.py::350,0.045110
lib/matplotlib/figure.py::352,0.045110
lib/matplotlib/figure.py::354,0.045110
lib/matplotlib/figure.py::355,0.045110
lib/matplotlib/figure.py::356,0.045110
lib/matplotlib/figure.py::361,0.045110
lib/matplotlib/figure.py::362,0.045110
lib/matplotlib/figure.py::365,0.045110
lib/matplotlib/figure.py::42,0.045110
lib/matplotlib/figure.py::424,0.045110
lib/matplotlib/figure.py::43,0.045110
lib/matplotlib/figure.py::473,0.045110
lib/matplotlib/figure.py::474,0.045110
lib/matplotlib/figure.py::475,0.045110
lib/matplotlib/figure.py::476,0.045110
lib/matplotlib/figure.py::477,0.045110
lib/matplotlib/figure.py::485,0.045110
lib/matplotlib/figure.py::503,0.045110
lib/matplotlib/figure.py::504,0.045110
lib/matplotlib/figure.py::505,0.045110
lib/matplotlib/figure.py::506,0.045110
lib/matplotlib/figure.py::507,0.045110
lib/matplotlib/figure.py::508,0.045110
lib/matplotlib/figure.py::510,0.045110
lib/matplotlib/figure.py::511,0.045110
lib/matplotlib/figure.py::514,0.045110
lib/matplotlib/figure.py::516,0.045110
lib/matplotlib/figure.py::545,0.045110
lib/matplotlib/figure.py::546,0.045110
lib/matplotlib/figure.py::547,0.045110
lib/matplotlib/figure.py::551,0.045110
lib/matplotlib/figure.py::61,0.045110
lib/matplotlib/figure.py::62,0.045110
lib/matplotlib/figure.py::68,0.045110
lib/matplotlib/figure.py::69,0.045110
lib/matplotlib/figure.py::70,0.045110
lib/matplotlib/figure.py::759,0.045110
lib/matplotlib/figure.py::77,0.045110
lib/matplotlib/figure.py::78,0.045110
lib/matplotlib/figure.py::79,0.045110
lib/matplotlib/font_manager.py::1047,0.045110
lib/matplotlib/font_manager.py::615,0.045110
lib/matplotlib/font_manager.py::616,0.045110
lib/matplotlib/font_manager.py::617,0.045110
lib/matplotlib/font_manager.py::618,0.045110
lib/matplotlib/font_manager.py::619,0.045110
lib/matplotlib/font_manager.py::620,0.045110
lib/matplotlib/font_manager.py::621,0.045110
lib/matplotlib/font_manager.py::623,0.045110
lib/matplotlib/font_manager.py::631,0.045110
lib/matplotlib/font_manager.py::632,0.045110
lib/matplotlib/font_manager.py::633,0.045110
lib/matplotlib/font_manager.py::634,0.045110
lib/matplotlib/font_manager.py::635,0.045110
lib/matplotlib/font_manager.py::636,0.045110
lib/matplotlib/font_manager.py::637,0.045110
lib/matplotlib/font_manager.py::651,0.045110
lib/matplotlib/font_manager.py::652,0.045110
lib/matplotlib/font_manager.py::653,0.045110
lib/matplotlib/font_manager.py::654,0.045110
lib/matplotlib/font_manager.py::753,0.045110
lib/matplotlib/font_manager.py::754,0.045110
lib/matplotlib/font_manager.py::755,0.045110
lib/matplotlib/font_manager.py::762,0.045110
lib/matplotlib/font_manager.py::763,0.045110
lib/matplotlib/font_manager.py::764,0.045110
lib/matplotlib/font_manager.py::765,0.045110
lib/matplotlib/font_manager.py::772,0.045110
lib/matplotlib/font_manager.py::773,0.045110
lib/matplotlib/font_manager.py::774,0.045110
lib/matplotlib/font_manager.py::775,0.045110
lib/matplotlib/font_manager.py::784,0.045110
lib/matplotlib/font_manager.py::785,0.045110
lib/matplotlib/font_manager.py::786,0.045110
lib/matplotlib/font_manager.py::787,0.045110
lib/matplotlib/font_manager.py::790,0.045110
lib/matplotlib/font_manager.py::791,0.045110
lib/matplotlib/font_manager.py::793,0.045110
lib/matplotlib/font_manager.py::802,0.045110
lib/matplotlib/font_manager.py::803,0.045110
lib/matplotlib/font_manager.py::804,0.045110
lib/matplotlib/font_manager.py::805,0.045110
lib/matplotlib/font_manager.py::808,0.045110
lib/matplotlib/font_manager.py::809,0.045110
lib/matplotlib/font_manager.py::811,0.045110
lib/matplotlib/font_manager.py::819,0.045110
lib/matplotlib/font_manager.py::820,0.045110
lib/matplotlib/font_manager.py::821,0.045110
lib/matplotlib/font_manager.py::822,0.045110
lib/matplotlib/font_manager.py::823,0.045110
lib/matplotlib/font_manager.py::824,0.045110
lib/matplotlib/font_manager.py::825,0.045110
lib/matplotlib/font_manager.py::831,0.045110
lib/matplotlib/font_manager.py::832,0.045110
lib/matplotlib/font_manager.py::836,0.045110
lib/matplotlib/font_manager.py::843,0.045110
lib/matplotlib/font_manager.py::860,0.045110
lib/matplotlib/font_manager.py::861,0.045110
lib/matplotlib/font_manager.py::862,0.045110
lib/matplotlib/font_manager.py::943,0.045110
lib/matplotlib/font_manager.py::945,0.045110
lib/matplotlib/lines.py::1008,0.045110
lib/matplotlib/lines.py::1009,0.045110
lib/matplotlib/lines.py::1010,0.045110
lib/matplotlib/lines.py::1028,0.045110
lib/matplotlib/lines.py::1029,0.045110
lib/matplotlib/lines.py::1030,0.045110
lib/matplotlib/lines.py::1040,0.045110
lib/matplotlib/lines.py::1041,0.045110
lib/matplotlib/lines.py::1069,0.045110
lib/matplotlib/lines.py::1071,0.045110
lib/matplotlib/lines.py::1072,0.045110
lib/matplotlib/lines.py::1073,0.045110
lib/matplotlib/lines.py::1075,0.045110
lib/matplotlib/lines.py::1076,0.045110
lib/matplotlib/lines.py::1087,0.045110
lib/matplotlib/lines.py::1089,0.045110
lib/matplotlib/lines.py::1091,0.045110
lib/matplotlib/lines.py::1093,0.045110
lib/matplotlib/lines.py::1094,0.045110
lib/matplotlib/lines.py::1127,0.045110
lib/matplotlib/lines.py::1128,0.045110
lib/matplotlib/lines.py::1129,0.045110
lib/matplotlib/lines.py::1131,0.045110
lib/matplotlib/lines.py::1132,0.045110
lib/matplotlib/lines.py::1134,0.045110
lib/matplotlib/lines.py::1139,0.045110
lib/matplotlib/lines.py::1141,0.045110
lib/matplotlib/lines.py::1142,0.045110
lib/matplotlib/lines.py::1155,0.045110
lib/matplotlib/lines.py::1156,0.045110
lib/matplotlib/lines.py::1166,0.045110
lib/matplotlib/lines.py::1168,0.045110
lib/matplotlib/lines.py::1170,0.045110
lib/matplotlib/lines.py::1171,0.045110
lib/matplotlib/lines.py::1182,0.045110
lib/matplotlib/lines.py::1183,0.045110
lib/matplotlib/lines.py::1184,0.045110
lib/matplotlib/lines.py::1185,0.045110
lib/matplotlib/lines.py::1186,0.045110
lib/matplotlib/lines.py::1196,0.045110
lib/matplotlib/lines.py::1198,0.045110
lib/matplotlib/lines.py::1199,0.045110
lib/matplotlib/lines.py::1200,0.045110
lib/matplotlib/lines.py::1210,0.045110
lib/matplotlib/lines.py::1212,0.045110
lib/matplotlib/lines.py::1213,0.045110
lib/matplotlib/lines.py::1214,0.045110
lib/matplotlib/lines.py::1225,0.045110
lib/matplotlib/lines.py::1226,0.045110
lib/matplotlib/lines.py::1227,0.045110
lib/matplotlib/lines.py::1228,0.045110
lib/matplotlib/lines.py::1238,0.045110
lib/matplotlib/lines.py::1239,0.045110
lib/matplotlib/lines.py::1240,0.045110
lib/matplotlib/lines.py::1250,0.045110
lib/matplotlib/lines.py::1251,0.045110
lib/matplotlib/lines.py::1252,0.045110
lib/matplotlib/lines.py::1309,0.045110
lib/matplotlib/lines.py::1310,0.045110
lib/matplotlib/lines.py::1311,0.045110
lib/matplotlib/lines.py::1312,0.045110
lib/matplotlib/lines.py::1323,0.045110
lib/matplotlib/lines.py::1324,0.045110
lib/matplotlib/lines.py::1325,0.045110
lib/matplotlib/lines.py::1326,0.045110
lib/matplotlib/lines.py::1353,0.045110
lib/matplotlib/lines.py::1354,0.045110
lib/matplotlib/lines.py::1355,0.045110
lib/matplotlib/lines.py::1356,0.045110
lib/matplotlib/lines.py::1367,0.045110
lib/matplotlib/lines.py::1368,0.045110
lib/matplotlib/lines.py::1369,0.045110
lib/matplotlib/lines.py::1370,0.045110
lib/matplotlib/lines.py::303,0.045110
lib/matplotlib/lines.py::306,0.045110
lib/matplotlib/lines.py::308,0.045110
lib/matplotlib/lines.py::311,0.045110
lib/matplotlib/lines.py::312,0.045110
lib/matplotlib/lines.py::314,0.045110
lib/matplotlib/lines.py::316,0.045110
lib/matplotlib/lines.py::317,0.045110
lib/matplotlib/lines.py::318,0.045110
lib/matplotlib/lines.py::319,0.045110
lib/matplotlib/lines.py::320,0.045110
lib/matplotlib/lines.py::321,0.045110
lib/matplotlib/lines.py::322,0.045110
lib/matplotlib/lines.py::325,0.045110
lib/matplotlib/lines.py::326,0.045110
lib/matplotlib/lines.py::327,0.045110
lib/matplotlib/lines.py::328,0.045110
lib/matplotlib/lines.py::329,0.045110
lib/matplotlib/lines.py::330,0.045110
lib/matplotlib/lines.py::331,0.045110
lib/matplotlib/lines.py::332,0.045110
lib/matplotlib/lines.py::333,0.045110
lib/matplotlib/lines.py::334,0.045110
lib/matplotlib/lines.py::335,0.045110
lib/matplotlib/lines.py::336,0.045110
lib/matplotlib/lines.py::338,0.045110
lib/matplotlib/lines.py::339,0.045110
lib/matplotlib/lines.py::341,0.045110
lib/matplotlib/lines.py::342,0.045110
lib/matplotlib/lines.py::343,0.045110
lib/matplotlib/lines.py::344,0.045110
lib/matplotlib/lines.py::345,0.045110
lib/matplotlib/lines.py::346,0.045110
lib/matplotlib/lines.py::347,0.045110
lib/matplotlib/lines.py::348,0.045110
lib/matplotlib/lines.py::350,0.045110
lib/matplotlib/lines.py::351,0.045110
lib/matplotlib/lines.py::352,0.045110
lib/matplotlib/lines.py::355,0.045110
lib/matplotlib/lines.py::356,0.045110
lib/matplotlib/lines.py::359,0.045110
lib/matplotlib/lines.py::36,0.045110
lib/matplotlib/lines.py::360,0.045110
lib/matplotlib/lines.py::362,0.045110
lib/matplotlib/lines.py::363,0.045110
lib/matplotlib/lines.py::364,0.045110
lib/matplotlib/lines.py::366,0.045110
lib/matplotlib/lines.py::367,0.045110
lib/matplotlib/lines.py::368,0.045110
lib/matplotlib/lines.py::37,0.045110
lib/matplotlib/lines.py::370,0.045110
lib/matplotlib/lines.py::371,0.045110
lib/matplotlib/lines.py::372,0.045110
lib/matplotlib/lines.py::374,0.045110
lib/matplotlib/lines.py::375,0.045110
lib/matplotlib/lines.py::376,0.045110
lib/matplotlib/lines.py::378,0.045110
lib/matplotlib/lines.py::379,0.045110
lib/matplotlib/lines.py::380,0.045110
lib/matplotlib/lines.py::381,0.045110
lib/matplotlib/lines.py::383,0.045110
lib/matplotlib/lines.py::384,0.045110
lib/matplotlib/lines.py::385,0.045110
lib/matplotlib/lines.py::386,0.045110
lib/matplotlib/lines.py::39,0.045110
lib/matplotlib/lines.py::390,0.045110
lib/matplotlib/lines.py::391,0.045110
lib/matplotlib/lines.py::392,0.045110
lib/matplotlib/lines.py::394,0.045110
lib/matplotlib/lines.py::395,0.045110
lib/matplotlib/lines.py::396,0.045110
lib/matplotlib/lines.py::397,0.045110
lib/matplotlib/lines.py::398,0.045110
lib/matplotlib/lines.py::399,0.045110
lib/matplotlib/lines.py::40,0.045110
lib/matplotlib/lines.py::400,0.045110
lib/matplotlib/lines.py::401,0.045110
lib/matplotlib/lines.py::402,0.045110
lib/matplotlib/lines.py::403,0.045110
lib/matplotlib/lines.py::404,0.045110
lib/matplotlib/lines.py::406,0.045110
lib/matplotlib/lines.py::41,0.045110
lib/matplotlib/lines.py::497,0.045110
lib/matplotlib/lines.py::499,0.045110
lib/matplotlib/lines.py::583,0.045110
lib/matplotlib/lines.py::585,0.045110
lib/matplotlib/lines.py::59,0.045110
lib/matplotlib/lines.py::620,0.045110
lib/matplotlib/lines.py::621,0.045110
lib/matplotlib/lines.py::638,0.045110
lib/matplotlib/lines.py::64,0.045110
lib/matplotlib/lines.py::641,0.045110
lib/matplotlib/lines.py::643,0.045110
lib/matplotlib/lines.py::644,0.045110
lib/matplotlib/lines.py::650,0.045110
lib/matplotlib/lines.py::651,0.045110
lib/matplotlib/lines.py::652,0.045110
lib/matplotlib/lines.py::655,0.045110
lib/matplotlib/lines.py::656,0.045110
lib/matplotlib/lines.py::657,0.045110
lib/matplotlib/lines.py::661,0.045110
lib/matplotlib/lines.py::662,0.045110
lib/matplotlib/lines.py::664,0.045110
lib/matplotlib/lines.py::665,0.045110
lib/matplotlib/lines.py::68,0.045110
lib/matplotlib/lines.py::680,0.045110
lib/matplotlib/lines.py::683,0.045110
lib/matplotlib/lines.py::684,0.045110
lib/matplotlib/lines.py::685,0.045110
lib/matplotlib/lines.py::686,0.045110
lib/matplotlib/lines.py::687,0.045110
lib/matplotlib/lines.py::688,0.045110
lib/matplotlib/lines.py::689,0.045110
lib/matplotlib/lines.py::723,0.045110
lib/matplotlib/lines.py::724,0.045110
lib/matplotlib/lines.py::725,0.045110
lib/matplotlib/lines.py::726,0.045110
lib/matplotlib/markers.py::221,0.045110
lib/matplotlib/markers.py::222,0.045110
lib/matplotlib/markers.py::223,0.045110
lib/matplotlib/markers.py::226,0.045110
lib/matplotlib/markers.py::227,0.045110
lib/matplotlib/markers.py::228,0.045110
lib/matplotlib/markers.py::229,0.045110
lib/matplotlib/markers.py::230,0.045110
lib/matplotlib/markers.py::231,0.045110
lib/matplotlib/markers.py::232,0.045110
lib/matplotlib/markers.py::233,0.045110
lib/matplotlib/markers.py::234,0.045110
lib/matplotlib/markers.py::235,0.045110
lib/matplotlib/markers.py::236,0.045110
lib/matplotlib/markers.py::255,0.045110
lib/matplotlib/markers.py::256,0.045110
lib/matplotlib/markers.py::257,0.045110
lib/matplotlib/markers.py::258,0.045110
lib/matplotlib/markers.py::259,0.045110
lib/matplotlib/markers.py::271,0.045110
lib/matplotlib/markers.py::274,0.045110
lib/matplotlib/markers.py::276,0.045110
lib/matplotlib/markers.py::278,0.045110
lib/matplotlib/markers.py::281,0.045110
lib/matplotlib/markers.py::282,0.045110
lib/matplotlib/markers.py::283,0.045110
lib/matplotlib/markers.py::284,0.045110
lib/matplotlib/markers.py::295,0.045110
lib/matplotlib/markers.py::296,0.045110
lib/matplotlib/markers.py::297,0.045110
lib/matplotlib/markers.py::315,0.045110
lib/matplotlib/markers.py::698,0.045110
lib/matplotlib/markers.py::699,0.045110
lib/matplotlib/markers.py::700,0.045110
lib/matplotlib/markers.py::701,0.045110
lib/matplotlib/markers.py::704,0.045110
lib/matplotlib/markers.py::705,0.045110
lib/matplotlib/markers.py::706,0.045110
lib/matplotlib/markers.py::707,0.045110
lib/matplotlib/markers.py::712,0.045110
lib/matplotlib/markers.py::713,0.045110
lib/matplotlib/markers.py::714,0.045110
lib/matplotlib/markers.py::715,0.045110
lib/matplotlib/markers.py::718,0.045110
lib/matplotlib/markers.py::719,0.045110
lib/matplotlib/markers.py::720,0.045110
lib/matplotlib/markers.py::721,0.045110
lib/matplotlib/patches.py::260,0.045110
lib/matplotlib/patches.py::308,0.045110
lib/matplotlib/patches.py::310,0.045110
lib/matplotlib/patches.py::311,0.045110
lib/matplotlib/patches.py::314,0.045110
lib/matplotlib/patches.py::315,0.045110
lib/matplotlib/patches.py::316,0.045110
lib/matplotlib/patches.py::323,0.045110
lib/matplotlib/patches.py::324,0.045110
lib/matplotlib/patches.py::325,0.045110
lib/matplotlib/patches.py::326,0.045110
lib/matplotlib/patches.py::336,0.045110
lib/matplotlib/patches.py::337,0.045110
lib/matplotlib/patches.py::340,0.045110
lib/matplotlib/patches.py::341,0.045110
lib/matplotlib/patches.py::342,0.045110
lib/matplotlib/patches.py::343,0.045110
lib/matplotlib/patches.py::344,0.045110
lib/matplotlib/patches.py::354,0.045110
lib/matplotlib/patches.py::355,0.045110
lib/matplotlib/patches.py::388,0.045110
lib/matplotlib/patches.py::393,0.045110
lib/matplotlib/patches.py::395,0.045110
lib/matplotlib/patches.py::396,0.045110
lib/matplotlib/patches.py::397,0.045110
lib/matplotlib/patches.py::398,0.045110
lib/matplotlib/patches.py::424,0.045110
lib/matplotlib/patches.py::426,0.045110
lib/matplotlib/patches.py::428,0.045110
lib/matplotlib/patches.py::430,0.045110
lib/matplotlib/patches.py::431,0.045110
lib/matplotlib/patches.py::432,0.045110
lib/matplotlib/patches.py::442,0.045110
lib/matplotlib/patches.py::443,0.045110
lib/matplotlib/patches.py::444,0.045110
lib/matplotlib/patches.py::445,0.045110
lib/matplotlib/patches.py::464,0.045110
lib/matplotlib/patches.py::465,0.045110
lib/matplotlib/patches.py::466,0.045110
lib/matplotlib/patches.py::480,0.045110
lib/matplotlib/patches.py::481,0.045110
lib/matplotlib/patches.py::482,0.045110
lib/matplotlib/patches.py::516,0.045110
lib/matplotlib/patches.py::517,0.045110
lib/matplotlib/patches.py::58,0.045110
lib/matplotlib/patches.py::60,0.045110
lib/matplotlib/patches.py::61,0.045110
lib/matplotlib/patches.py::62,0.045110
lib/matplotlib/patches.py::63,0.045110
lib/matplotlib/patches.py::64,0.045110
lib/matplotlib/patches.py::65,0.045110
lib/matplotlib/patches.py::66,0.045110
lib/matplotlib/patches.py::67,0.045110
lib/matplotlib/patches.py::68,0.045110
lib/matplotlib/patches.py::69,0.045110
lib/matplotlib/patches.py::71,0.045110
lib/matplotlib/patches.py::72,0.045110
lib/matplotlib/patches.py::73,0.045110
lib/matplotlib/patches.py::741,0.045110
lib/matplotlib/patches.py::743,0.045110
lib/matplotlib/patches.py::744,0.045110
lib/matplotlib/patches.py::746,0.045110
lib/matplotlib/patches.py::747,0.045110
lib/matplotlib/patches.py::749,0.045110
lib/matplotlib/patches.py::750,0.045110
lib/matplotlib/patches.py::752,0.045110
lib/matplotlib/patches.py::754,0.045110
lib/matplotlib/patches.py::80,0.045110
lib/matplotlib/patches.py::81,0.045110
lib/matplotlib/patches.py::83,0.045110
lib/matplotlib/patches.py::84,0.045110
lib/matplotlib/patches.py::86,0.045110
lib/matplotlib/patches.py::87,0.045110
lib/matplotlib/patches.py::88,0.045110
lib/matplotlib/patches.py::89,0.045110
lib/matplotlib/patches.py::90,0.045110
lib/matplotlib/patches.py::91,0.045110
lib/matplotlib/patches.py::92,0.045110
lib/matplotlib/patches.py::94,0.045110
lib/matplotlib/patches.py::95,0.045110
lib/matplotlib/path.py::131,0.045110
lib/matplotlib/path.py::132,0.045110
lib/matplotlib/path.py::134,0.045110
lib/matplotlib/path.py::145,0.045110
lib/matplotlib/path.py::151,0.045110
lib/matplotlib/path.py::152,0.045110
lib/matplotlib/path.py::153,0.045110
lib/matplotlib/path.py::154,0.045110
lib/matplotlib/path.py::156,0.045110
lib/matplotlib/path.py::162,0.045110
lib/matplotlib/path.py::194,0.045110
lib/matplotlib/path.py::196,0.045110
lib/matplotlib/path.py::197,0.045110
lib/matplotlib/path.py::198,0.045110
lib/matplotlib/scale.py::104,0.045110
lib/matplotlib/scale.py::108,0.045110
lib/matplotlib/scale.py::109,0.045110
lib/matplotlib/scale.py::110,0.045110
lib/matplotlib/scale.py::112,0.045110
lib/matplotlib/scale.py::113,0.045110
lib/matplotlib/scale.py::116,0.045110
lib/matplotlib/scale.py::123,0.045110
lib/matplotlib/scale.py::57,0.045110
lib/matplotlib/scale.py::648,0.045110
lib/matplotlib/scale.py::649,0.045110
lib/matplotlib/scale.py::650,0.045110
lib/matplotlib/scale.py::88,0.045110
lib/matplotlib/spines.py::236,0.045110
lib/matplotlib/spines.py::237,0.045110
lib/matplotlib/spines.py::50,0.045110
lib/matplotlib/spines.py::51,0.045110
lib/matplotlib/spines.py::52,0.045110
lib/matplotlib/spines.py::53,0.045110
lib/matplotlib/spines.py::54,0.045110
lib/matplotlib/spines.py::55,0.045110
lib/matplotlib/spines.py::56,0.045110
lib/matplotlib/spines.py::57,0.045110
lib/matplotlib/spines.py::58,0.045110
lib/matplotlib/spines.py::60,0.045110
lib/matplotlib/spines.py::61,0.045110
lib/matplotlib/spines.py::63,0.045110
lib/matplotlib/spines.py::64,0.045110
lib/matplotlib/spines.py::69,0.045110
lib/matplotlib/spines.py::70,0.045110
lib/matplotlib/spines.py::71,0.045110
lib/matplotlib/spines.py::79,0.045110
lib/matplotlib/spines.py::83,0.045110
lib/matplotlib/text.py::1052,0.045110
lib/matplotlib/text.py::1053,0.045110
lib/matplotlib/text.py::1069,0.045110
lib/matplotlib/text.py::1070,0.045110
lib/matplotlib/text.py::1108,0.045110
lib/matplotlib/text.py::1109,0.045110
lib/matplotlib/text.py::1119,0.045110
lib/matplotlib/text.py::1120,0.045110
lib/matplotlib/text.py::1132,0.045110
lib/matplotlib/text.py::1133,0.045110
lib/matplotlib/text.py::1143,0.045110
lib/matplotlib/text.py::1144,0.045110
lib/matplotlib/text.py::1145,0.045110
lib/matplotlib/text.py::1146,0.045110
lib/matplotlib/text.py::1147,0.045110
lib/matplotlib/text.py::1161,0.045110
lib/matplotlib/text.py::1163,0.045110
lib/matplotlib/text.py::1199,0.045110
lib/matplotlib/text.py::1200,0.045110
lib/matplotlib/text.py::1210,0.045110
lib/matplotlib/text.py::1211,0.045110
lib/matplotlib/text.py::1214,0.045110
lib/matplotlib/text.py::148,0.045110
lib/matplotlib/text.py::149,0.045110
lib/matplotlib/text.py::150,0.045110
lib/matplotlib/text.py::151,0.045110
lib/matplotlib/text.py::152,0.045110
lib/matplotlib/text.py::153,0.045110
lib/matplotlib/text.py::154,0.045110
lib/matplotlib/text.py::155,0.045110
lib/matplotlib/text.py::156,0.045110
lib/matplotlib/text.py::157,0.045110
lib/matplotlib/text.py::158,0.045110
lib/matplotlib/text.py::159,0.045110
lib/matplotlib/text.py::160,0.045110
lib/matplotlib/text.py::161,0.045110
lib/matplotlib/text.py::162,0.045110
lib/matplotlib/text.py::163,0.045110
lib/matplotlib/text.py::164,0.045110
lib/matplotlib/text.py::165,0.045110
lib/matplotlib/text.py::166,0.045110
lib/matplotlib/text.py::170,0.045110
lib/matplotlib/text.py::172,0.045110
lib/matplotlib/text.py::173,0.045110
lib/matplotlib/text.py::176,0.045110
lib/matplotlib/text.py::177,0.045110
lib/matplotlib/text.py::178,0.045110
lib/matplotlib/text.py::244,0.045110
lib/matplotlib/text.py::245,0.045110
lib/matplotlib/text.py::246,0.045110
lib/matplotlib/text.py::523,0.045110
lib/matplotlib/text.py::524,0.045110
lib/matplotlib/text.py::525,0.045110
lib/matplotlib/text.py::526,0.045110
lib/matplotlib/text.py::531,0.045110
lib/matplotlib/text.py::532,0.045110
lib/matplotlib/text.py::556,0.045110
lib/matplotlib/text.py::935,0.045110
lib/matplotlib/text.py::936,0.045110
lib/matplotlib/text.py::939,0.045110
lib/matplotlib/text.py::940,0.045110
lib/matplotlib/text.py::950,0.045110
lib/matplotlib/text.py::951,0.045110
lib/matplotlib/text.py::952,0.045110
lib/matplotlib/ticker.py::1669,0.045110
lib/matplotlib/ticker.py::2034,0.045110
lib/matplotlib/ticker.py::2045,0.045110
lib/matplotlib/ticker.py::2049,0.045110
lib/matplotlib/ticker.py::2052,0.045110
lib/matplotlib/ticker.py::2053,0.045110
lib/matplotlib/ticker.py::2056,0.045110
lib/matplotlib/ticker.py::2058,0.045110
lib/matplotlib/ticker.py::2060,0.045110
lib/matplotlib/ticker.py::2067,0.045110
lib/matplotlib/ticker.py::2068,0.045110
lib/matplotlib/ticker.py::2089,0.045110
lib/matplotlib/ticker.py::2090,0.045110
lib/matplotlib/ticker.py::2091,0.045110
lib/matplotlib/ticker.py::2093,0.045110
lib/matplotlib/ticker.py::2094,0.045110
lib/matplotlib/ticker.py::2095,0.045110
lib/matplotlib/ticker.py::2096,0.045110
lib/matplotlib/ticker.py::2097,0.045110
lib/matplotlib/ticker.py::2098,0.045110
lib/matplotlib/ticker.py::2099,0.045110
lib/matplotlib/ticker.py::2100,0.045110
lib/matplotlib/ticker.py::2101,0.045110
lib/matplotlib/ticker.py::2102,0.045110
lib/matplotlib/ticker.py::2103,0.045110
lib/matplotlib/ticker.py::2106,0.045110
lib/matplotlib/ticker.py::2107,0.045110
lib/matplotlib/ticker.py::2108,0.045110
lib/matplotlib/ticker.py::2109,0.045110
lib/matplotlib/ticker.py::2110,0.045110
lib/matplotlib/ticker.py::230,0.045110
lib/matplotlib/ticker.py::2795,0.045110
lib/matplotlib/ticker.py::2801,0.045110
lib/matplotlib/ticker.py::308,0.045110
lib/matplotlib/ticker.py::499,0.045110
lib/matplotlib/ticker.py::500,0.045110
lib/matplotlib/ticker.py::502,0.045110
lib/matplotlib/ticker.py::503,0.045110
lib/matplotlib/ticker.py::504,0.045110
lib/matplotlib/ticker.py::505,0.045110
lib/matplotlib/ticker.py::506,0.045110
lib/matplotlib/ticker.py::507,0.045110
lib/matplotlib/ticker.py::508,0.045110
lib/matplotlib/ticker.py::509,0.045110
lib/matplotlib/ticker.py::510,0.045110
lib/matplotlib/ticker.py::511,0.045110
lib/matplotlib/ticker.py::512,0.045110
lib/matplotlib/ticker.py::513,0.045110
lib/matplotlib/ticker.py::514,0.045110
lib/matplotlib/ticker.py::520,0.045110
lib/matplotlib/ticker.py::521,0.045110
lib/matplotlib/ticker.py::522,0.045110
lib/matplotlib/ticker.py::544,0.045110
lib/matplotlib/ticker.py::547,0.045110
lib/matplotlib/transforms.py::1026,0.045110
lib/matplotlib/transforms.py::1028,0.045110
lib/matplotlib/transforms.py::1029,0.045110
lib/matplotlib/transforms.py::1033,0.045110
lib/matplotlib/transforms.py::1034,0.045110
lib/matplotlib/transforms.py::1035,0.045110
lib/matplotlib/transforms.py::1036,0.045110
lib/matplotlib/transforms.py::1037,0.045110
lib/matplotlib/transforms.py::116,0.045110
lib/matplotlib/transforms.py::120,0.045110
lib/matplotlib/transforms.py::121,0.045110
lib/matplotlib/transforms.py::1275,0.045110
lib/matplotlib/transforms.py::153,0.045110
lib/matplotlib/transforms.py::154,0.045110
lib/matplotlib/transforms.py::155,0.045110
lib/matplotlib/transforms.py::156,0.045110
lib/matplotlib/transforms.py::1634,0.045110
lib/matplotlib/transforms.py::1635,0.045110
lib/matplotlib/transforms.py::1636,0.045110
lib/matplotlib/transforms.py::1639,0.045110
lib/matplotlib/transforms.py::1640,0.045110
lib/matplotlib/transforms.py::1641,0.045110
lib/matplotlib/transforms.py::1642,0.045110
lib/matplotlib/transforms.py::1643,0.045110
lib/matplotlib/transforms.py::1655,0.045110
lib/matplotlib/transforms.py::1657,0.045110
lib/matplotlib/transforms.py::1658,0.045110
lib/matplotlib/transforms.py::1659,0.045110
lib/matplotlib/transforms.py::1660,0.045110
lib/matplotlib/transforms.py::1661,0.045110
lib/matplotlib/transforms.py::1662,0.045110
lib/matplotlib/transforms.py::1663,0.045110
lib/matplotlib/transforms.py::1664,0.045110
lib/matplotlib/transforms.py::1665,0.045110
lib/matplotlib/transforms.py::1678,0.045110
lib/matplotlib/transforms.py::1679,0.045110
lib/matplotlib/transforms.py::1684,0.045110
lib/matplotlib/transforms.py::1685,0.045110
lib/matplotlib/transforms.py::1687,0.045110
lib/matplotlib/transforms.py::1688,0.045110
lib/matplotlib/transforms.py::1689,0.045110
lib/matplotlib/transforms.py::1691,0.045110
lib/matplotlib/transforms.py::1703,0.045110
lib/matplotlib/transforms.py::1704,0.045110
lib/matplotlib/transforms.py::173,0.045110
lib/matplotlib/transforms.py::175,0.045110
lib/matplotlib/transforms.py::176,0.045110
lib/matplotlib/transforms.py::1771,0.045110
lib/matplotlib/transforms.py::1772,0.045110
lib/matplotlib/transforms.py::178,0.045110
lib/matplotlib/transforms.py::1842,0.045110
lib/matplotlib/transforms.py::1843,0.045110
lib/matplotlib/transforms.py::1845,0.045110
lib/matplotlib/transforms.py::1846,0.045110
lib/matplotlib/transforms.py::1847,0.045110
lib/matplotlib/transforms.py::195,0.045110
lib/matplotlib/transforms.py::1977,0.045110
lib/matplotlib/transforms.py::1978,0.045110
lib/matplotlib/transforms.py::1979,0.045110
lib/matplotlib/transforms.py::1980,0.045110
lib/matplotlib/transforms.py::199,0.045110
lib/matplotlib/transforms.py::1993,0.045110
lib/matplotlib/transforms.py::1994,0.045110
lib/matplotlib/transforms.py::1996,0.045110
lib/matplotlib/transforms.py::1997,0.045110
lib/matplotlib/transforms.py::1998,0.045110
lib/matplotlib/transforms.py::1999,0.045110
lib/matplotlib/transforms.py::200,0.045110
lib/matplotlib/transforms.py::2000,0.045110
lib/matplotlib/transforms.py::2001,0.045110
lib/matplotlib/transforms.py::2002,0.045110
lib/matplotlib/transforms.py::2003,0.045110
lib/matplotlib/transforms.py::201,0.045110
lib/matplotlib/transforms.py::2053,0.045110
lib/matplotlib/transforms.py::2221,0.045110
lib/matplotlib/transforms.py::2222,0.045110
lib/matplotlib/transforms.py::2223,0.045110
lib/matplotlib/transforms.py::2224,0.045110
lib/matplotlib/transforms.py::2228,0.045110
lib/matplotlib/transforms.py::2229,0.045110
lib/matplotlib/transforms.py::2230,0.045110
lib/matplotlib/transforms.py::2231,0.045110
lib/matplotlib/transforms.py::2233,0.045110
lib/matplotlib/transforms.py::2234,0.045110
lib/matplotlib/transforms.py::2260,0.045110
lib/matplotlib/transforms.py::2261,0.045110
lib/matplotlib/transforms.py::2262,0.045110
lib/matplotlib/transforms.py::2285,0.045110
lib/matplotlib/transforms.py::2288,0.045110
lib/matplotlib/transforms.py::2289,0.045110
lib/matplotlib/transforms.py::2291,0.045110
lib/matplotlib/transforms.py::2292,0.045110
lib/matplotlib/transforms.py::2293,0.045110
lib/matplotlib/transforms.py::2294,0.045110
lib/matplotlib/transforms.py::238,0.045110
lib/matplotlib/transforms.py::2451,0.045110
lib/matplotlib/transforms.py::2453,0.045110
lib/matplotlib/transforms.py::2455,0.045110
lib/matplotlib/transforms.py::2457,0.045110
lib/matplotlib/transforms.py::2516,0.045110
lib/matplotlib/transforms.py::2519,0.045110
lib/matplotlib/transforms.py::2520,0.045110
lib/matplotlib/transforms.py::2521,0.045110
lib/matplotlib/transforms.py::2522,0.045110
lib/matplotlib/transforms.py::2523,0.045110
lib/matplotlib/transforms.py::2604,0.045110
lib/matplotlib/transforms.py::2605,0.045110
lib/matplotlib/transforms.py::2606,0.045110
lib/matplotlib/transforms.py::2607,0.045110
lib/matplotlib/transforms.py::2608,0.045110
lib/matplotlib/transforms.py::2609,0.045110
lib/matplotlib/transforms.py::2792,0.045110
lib/matplotlib/transforms.py::2795,0.045110
lib/matplotlib/transforms.py::2796,0.045110
lib/matplotlib/transforms.py::2802,0.045110
lib/matplotlib/transforms.py::2804,0.045110
lib/matplotlib/transforms.py::2805,0.045110
lib/matplotlib/transforms.py::2809,0.045110
lib/matplotlib/transforms.py::2817,0.045110
lib/matplotlib/transforms.py::2819,0.045110
lib/matplotlib/transforms.py::360,0.045110
lib/matplotlib/transforms.py::361,0.045110
lib/matplotlib/transforms.py::366,0.045110
lib/matplotlib/transforms.py::367,0.045110
lib/matplotlib/transforms.py::773,0.045110
lib/matplotlib/transforms.py::774,0.045110
lib/matplotlib/transforms.py::775,0.045110
lib/matplotlib/transforms.py::778,0.045110
lib/matplotlib/transforms.py::779,0.045110
lib/matplotlib/transforms.py::780,0.045110
lib/matplotlib/transforms.py::784,0.045110
lib/matplotlib/transforms.py::799,0.045110
lib/matplotlib/transforms.py::804,0.045110
lib/matplotlib/transforms.py::813,0.045110
lib/matplotlib/transforms.py::822,0.045110
lib/matplotlib/transforms.py::943,0.045110
lib/matplotlib/transforms.py::944,0.045110
lib/matplotlib/transforms.py::948,0.045110
lib/matplotlib/transforms.py::949,0.045110
lib/matplotlib/transforms.py::965,0.045110
lib/matplotlib/transforms.py::969,0.045110
lib/matplotlib/transforms.py::976,0.045110
lib/matplotlib/transforms.py::977,0.045110
lib/matplotlib/units.py::194,0.045110
lib/matplotlib/units.py::196,0.045110
lib/matplotlib/units.py::204,0.045110
lib/matplotlib/units.py::205,0.045110
lib/matplotlib/units.py::206,0.045110
lib/matplotlib/units.py::207,0.045110
lib/matplotlib/units.py::208,0.045110
lib/matplotlib/units.py::209,0.045110
lib/matplotlib/units.py::210,0.045110
lib/matplotlib/units.py::211,0.045110
lib/matplotlib/units.py::212,0.045110
lib/matplotlib/units.py::216,0.045110
lib/matplotlib/units.py::217,0.045110
lib/matplotlib/units.py::218,0.045110
lib/matplotlib/units.py::64,0.045110
lib/matplotlib/units.py::71,0.045110
lib/matplotlib/widgets.py::36,0.045110
lib/matplotlib/cbook/__init__.py::1641,0.043914
lib/matplotlib/cbook/__init__.py::1653,0.043914
lib/matplotlib/__init__.py::1014,0.042575
lib/matplotlib/__init__.py::1015,0.042575
lib/matplotlib/__init__.py::1016,0.042575
lib/matplotlib/__init__.py::1017,0.042575
lib/matplotlib/__init__.py::1018,0.042575
lib/matplotlib/__init__.py::1096,0.042575
lib/matplotlib/__init__.py::1097,0.042575
lib/matplotlib/__init__.py::1098,0.042575
lib/matplotlib/__init__.py::1100,0.042575
lib/matplotlib/__init__.py::1102,0.042575
lib/matplotlib/__init__.py::1104,0.042575
lib/matplotlib/__init__.py::1138,0.042575
lib/matplotlib/__init__.py::1139,0.042575
lib/matplotlib/__init__.py::1141,0.042575
lib/matplotlib/__init__.py::656,0.042575
lib/matplotlib/__init__.py::657,0.042575
lib/matplotlib/__init__.py::663,0.042575
lib/matplotlib/__init__.py::664,0.042575
lib/matplotlib/__init__.py::665,0.042575
lib/matplotlib/__init__.py::666,0.042575
lib/matplotlib/__init__.py::667,0.042575
lib/matplotlib/__init__.py::672,0.042575
lib/matplotlib/__init__.py::676,0.042575
lib/matplotlib/__init__.py::677,0.042575
lib/matplotlib/__init__.py::680,0.042575
lib/matplotlib/__init__.py::687,0.042575
lib/matplotlib/__init__.py::693,0.042575
lib/matplotlib/__init__.py::699,0.042575
lib/matplotlib/__init__.py::700,0.042575
lib/matplotlib/__init__.py::701,0.042575
lib/matplotlib/__init__.py::705,0.042575
lib/matplotlib/__init__.py::708,0.042575
lib/matplotlib/__init__.py::724,0.042575
lib/matplotlib/__init__.py::725,0.042575
lib/matplotlib/__init__.py::747,0.042575
lib/matplotlib/_pylab_helpers.py::83,0.042575
lib/matplotlib/_pylab_helpers.py::84,0.042575
lib/matplotlib/_pylab_helpers.py::87,0.042575
lib/matplotlib/_pylab_helpers.py::88,0.042575
lib/matplotlib/cbook/__init__.py::1820,0.042575
lib/matplotlib/cbook/__init__.py::2057,0.042575
lib/matplotlib/cbook/__init__.py::2058,0.042575
lib/matplotlib/cbook/__init__.py::2059,0.042575
lib/matplotlib/cbook/__init__.py::2062,0.042575
lib/matplotlib/cbook/__init__.py::2064,0.042575
lib/matplotlib/cbook/__init__.py::2065,0.042575
lib/matplotlib/cbook/__init__.py::2066,0.042575
lib/matplotlib/cbook/__init__.py::2067,0.042575
lib/matplotlib/cbook/__init__.py::2222,0.042575
lib/matplotlib/cbook/__init__.py::2223,0.042575
lib/matplotlib/cbook/__init__.py::2224,0.042575
lib/matplotlib/cbook/deprecation.py::105,0.042575
lib/matplotlib/cbook/deprecation.py::106,0.042575
lib/matplotlib/cbook/deprecation.py::107,0.042575
lib/matplotlib/cbook/deprecation.py::108,0.042575
lib/matplotlib/cbook/deprecation.py::109,0.042575
lib/matplotlib/cbook/deprecation.py::27,0.042575
lib/matplotlib/cbook/deprecation.py::32,0.042575
lib/matplotlib/cbook/deprecation.py::35,0.042575
lib/matplotlib/cbook/deprecation.py::36,0.042575
lib/matplotlib/cbook/deprecation.py::37,0.042575
lib/matplotlib/cbook/deprecation.py::48,0.042575
lib/matplotlib/cbook/deprecation.py::49,0.042575
lib/matplotlib/cbook/deprecation.py::494,0.042575
lib/matplotlib/cbook/deprecation.py::495,0.042575
lib/matplotlib/cbook/deprecation.py::496,0.042575
lib/matplotlib/cbook/deprecation.py::50,0.042575
lib/matplotlib/cbook/deprecation.py::51,0.042575
lib/matplotlib/cbook/deprecation.py::52,0.042575
lib/matplotlib/cbook/deprecation.py::53,0.042575
lib/matplotlib/colors.py::124,0.042575
lib/matplotlib/colors.py::130,0.042575
lib/matplotlib/colors.py::131,0.042575
lib/matplotlib/colors.py::132,0.042575
lib/matplotlib/colors.py::133,0.042575
lib/matplotlib/colors.py::137,0.042575
lib/matplotlib/colors.py::163,0.042575
lib/matplotlib/colors.py::168,0.042575
lib/matplotlib/colors.py::169,0.042575
lib/matplotlib/colors.py::172,0.042575
lib/matplotlib/colors.py::178,0.042575
lib/matplotlib/pyplot.py::793,0.042575
lib/matplotlib/pyplot.py::799,0.042575
lib/matplotlib/pyplot.py::800,0.042575
lib/matplotlib/rcsetup.py::101,0.042575
lib/matplotlib/rcsetup.py::106,0.042575
lib/matplotlib/rcsetup.py::107,0.042575
lib/matplotlib/rcsetup.py::109,0.042575
lib/matplotlib/rcsetup.py::110,0.042575
lib/matplotlib/rcsetup.py::111,0.042575
lib/matplotlib/rcsetup.py::114,0.042575
lib/matplotlib/rcsetup.py::152,0.042575
lib/matplotlib/rcsetup.py::153,0.042575
lib/matplotlib/rcsetup.py::154,0.042575
lib/matplotlib/rcsetup.py::155,0.042575
lib/matplotlib/rcsetup.py::156,0.042575
lib/matplotlib/rcsetup.py::157,0.042575
lib/matplotlib/rcsetup.py::159,0.042575
lib/matplotlib/rcsetup.py::178,0.042575
lib/matplotlib/rcsetup.py::184,0.042575
lib/matplotlib/rcsetup.py::185,0.042575
lib/matplotlib/rcsetup.py::186,0.042575
lib/matplotlib/rcsetup.py::201,0.042575
lib/matplotlib/rcsetup.py::202,0.042575
lib/matplotlib/rcsetup.py::203,0.042575
lib/matplotlib/rcsetup.py::204,0.042575
lib/matplotlib/rcsetup.py::205,0.042575
lib/matplotlib/rcsetup.py::206,0.042575
lib/matplotlib/rcsetup.py::219,0.042575
lib/matplotlib/rcsetup.py::220,0.042575
lib/matplotlib/rcsetup.py::235,0.042575
lib/matplotlib/rcsetup.py::236,0.042575
lib/matplotlib/rcsetup.py::237,0.042575
lib/matplotlib/rcsetup.py::238,0.042575
lib/matplotlib/rcsetup.py::239,0.042575
lib/matplotlib/rcsetup.py::269,0.042575
lib/matplotlib/rcsetup.py::270,0.042575
lib/matplotlib/rcsetup.py::271,0.042575
lib/matplotlib/rcsetup.py::272,0.042575
lib/matplotlib/rcsetup.py::280,0.042575
lib/matplotlib/rcsetup.py::284,0.042575
lib/matplotlib/rcsetup.py::294,0.042575
lib/matplotlib/rcsetup.py::295,0.042575
lib/matplotlib/rcsetup.py::296,0.042575
lib/matplotlib/rcsetup.py::342,0.042575
lib/matplotlib/rcsetup.py::343,0.042575
lib/matplotlib/rcsetup.py::344,0.042575
lib/matplotlib/rcsetup.py::348,0.042575
lib/matplotlib/rcsetup.py::349,0.042575
lib/matplotlib/rcsetup.py::350,0.042575
lib/matplotlib/rcsetup.py::355,0.042575
lib/matplotlib/rcsetup.py::357,0.042575
lib/matplotlib/rcsetup.py::362,0.042575
lib/matplotlib/rcsetup.py::363,0.042575
lib/matplotlib/rcsetup.py::364,0.042575
lib/matplotlib/rcsetup.py::365,0.042575
lib/matplotlib/rcsetup.py::370,0.042575
lib/matplotlib/rcsetup.py::371,0.042575
lib/matplotlib/rcsetup.py::392,0.042575
lib/matplotlib/rcsetup.py::393,0.042575
lib/matplotlib/rcsetup.py::401,0.042575
lib/matplotlib/rcsetup.py::402,0.042575
lib/matplotlib/rcsetup.py::408,0.042575
lib/matplotlib/rcsetup.py::409,0.042575
lib/matplotlib/rcsetup.py::410,0.042575
lib/matplotlib/rcsetup.py::411,0.042575
lib/matplotlib/rcsetup.py::412,0.042575
lib/matplotlib/rcsetup.py::413,0.042575
lib/matplotlib/rcsetup.py::426,0.042575
lib/matplotlib/rcsetup.py::427,0.042575
lib/matplotlib/rcsetup.py::429,0.042575
lib/matplotlib/rcsetup.py::430,0.042575
lib/matplotlib/rcsetup.py::438,0.042575
lib/matplotlib/rcsetup.py::439,0.042575
lib/matplotlib/rcsetup.py::447,0.042575
lib/matplotlib/rcsetup.py::449,0.042575
lib/matplotlib/rcsetup.py::450,0.042575
lib/matplotlib/rcsetup.py::460,0.042575
lib/matplotlib/rcsetup.py::461,0.042575
lib/matplotlib/rcsetup.py::462,0.042575
lib/matplotlib/rcsetup.py::463,0.042575
lib/matplotlib/rcsetup.py::465,0.042575
lib/matplotlib/rcsetup.py::466,0.042575
lib/matplotlib/rcsetup.py::488,0.042575
lib/matplotlib/rcsetup.py::495,0.042575
lib/matplotlib/rcsetup.py::496,0.042575
lib/matplotlib/rcsetup.py::497,0.042575
lib/matplotlib/rcsetup.py::498,0.042575
lib/matplotlib/rcsetup.py::499,0.042575
lib/matplotlib/rcsetup.py::523,0.042575
lib/matplotlib/rcsetup.py::524,0.042575
lib/matplotlib/rcsetup.py::530,0.042575
lib/matplotlib/rcsetup.py::54,0.042575
lib/matplotlib/rcsetup.py::542,0.042575
lib/matplotlib/rcsetup.py::544,0.042575
lib/matplotlib/rcsetup.py::545,0.042575
lib/matplotlib/rcsetup.py::55,0.042575
lib/matplotlib/rcsetup.py::56,0.042575
lib/matplotlib/rcsetup.py::563,0.042575
lib/matplotlib/rcsetup.py::564,0.042575
lib/matplotlib/rcsetup.py::565,0.042575
lib/matplotlib/rcsetup.py::58,0.042575
lib/matplotlib/rcsetup.py::59,0.042575
lib/matplotlib/rcsetup.py::60,0.042575
lib/matplotlib/rcsetup.py::601,0.042575
lib/matplotlib/rcsetup.py::602,0.042575
lib/matplotlib/rcsetup.py::614,0.042575
lib/matplotlib/rcsetup.py::618,0.042575
lib/matplotlib/rcsetup.py::619,0.042575
lib/matplotlib/rcsetup.py::620,0.042575
lib/matplotlib/rcsetup.py::624,0.042575
lib/matplotlib/rcsetup.py::625,0.042575
lib/matplotlib/rcsetup.py::626,0.042575
lib/matplotlib/rcsetup.py::63,0.042575
lib/matplotlib/rcsetup.py::66,0.042575
lib/matplotlib/rcsetup.py::70,0.042575
lib/matplotlib/rcsetup.py::702,0.042575
lib/matplotlib/rcsetup.py::708,0.042575
lib/matplotlib/rcsetup.py::709,0.042575
lib/matplotlib/rcsetup.py::71,0.042575
lib/matplotlib/rcsetup.py::710,0.042575
lib/matplotlib/rcsetup.py::711,0.042575
lib/matplotlib/rcsetup.py::712,0.042575
lib/matplotlib/rcsetup.py::72,0.042575
lib/matplotlib/rcsetup.py::73,0.042575
lib/matplotlib/rcsetup.py::741,0.042575
lib/matplotlib/rcsetup.py::748,0.042575
lib/matplotlib/rcsetup.py::751,0.042575
lib/matplotlib/rcsetup.py::755,0.042575
lib/matplotlib/rcsetup.py::757,0.042575
lib/matplotlib/rcsetup.py::758,0.042575
lib/matplotlib/rcsetup.py::766,0.042575
lib/matplotlib/rcsetup.py::767,0.042575
lib/matplotlib/rcsetup.py::768,0.042575
lib/matplotlib/rcsetup.py::774,0.042575
lib/matplotlib/rcsetup.py::775,0.042575
lib/matplotlib/rcsetup.py::776,0.042575
lib/matplotlib/rcsetup.py::88,0.042575
lib/matplotlib/rcsetup.py::89,0.042575
lib/matplotlib/rcsetup.py::90,0.042575
lib/matplotlib/rcsetup.py::91,0.042575
lib/matplotlib/rcsetup.py::930,0.042575
lib/matplotlib/rcsetup.py::952,0.042575
lib/matplotlib/rcsetup.py::953,0.042575
lib/matplotlib/rcsetup.py::957,0.042575
lib/matplotlib/rcsetup.py::958,0.042575
lib/matplotlib/rcsetup.py::963,0.042575
lib/matplotlib/rcsetup.py::964,0.042575
lib/matplotlib/rcsetup.py::965,0.042575
lib/matplotlib/rcsetup.py::966,0.042575
lib/matplotlib/rcsetup.py::969,0.042575
lib/matplotlib/rcsetup.py::973,0.042575
lib/matplotlib/rcsetup.py::977,0.042575
lib/matplotlib/rcsetup.py::980,0.042575
lib/matplotlib/rcsetup.py::981,0.042575
lib/matplotlib/rcsetup.py::982,0.042575
lib/matplotlib/rcsetup.py::984,0.042575
lib/matplotlib/rcsetup.py::985,0.042575
lib/matplotlib/rcsetup.py::987,0.042575
lib/matplotlib/rcsetup.py::991,0.042575
lib/matplotlib/rcsetup.py::992,0.042575
lib/matplotlib/rcsetup.py::994,0.042575
lib/matplotlib/rcsetup.py::995,0.042575
lib/matplotlib/style/core.py::100,0.042575
lib/matplotlib/style/core.py::101,0.042575
lib/matplotlib/style/core.py::107,0.042575
lib/matplotlib/style/core.py::108,0.042575
lib/matplotlib/style/core.py::109,0.042575
lib/matplotlib/style/core.py::110,0.042575
lib/matplotlib/style/core.py::112,0.042575
lib/matplotlib/style/core.py::46,0.042575
lib/matplotlib/style/core.py::47,0.042575
lib/matplotlib/style/core.py::48,0.042575
lib/matplotlib/style/core.py::54,0.042575
lib/matplotlib/style/core.py::55,0.042575
lib/matplotlib/style/core.py::65,0.042575
lib/matplotlib/style/core.py::99,0.042575
lib/matplotlib/testing/__init__.py::21,0.042575
lib/matplotlib/testing/__init__.py::22,0.042575
lib/matplotlib/testing/__init__.py::23,0.042575
lib/matplotlib/testing/__init__.py::27,0.042575
lib/matplotlib/testing/__init__.py::34,0.042575
lib/matplotlib/testing/__init__.py::35,0.042575
lib/matplotlib/testing/__init__.py::36,0.042575
lib/matplotlib/testing/__init__.py::37,0.042575
lib/matplotlib/testing/__init__.py::38,0.042575
lib/matplotlib/testing/__init__.py::39,0.042575
lib/matplotlib/testing/__init__.py::40,0.042575
lib/matplotlib/testing/__init__.py::41,0.042575
lib/matplotlib/testing/__init__.py::44,0.042575
lib/matplotlib/testing/__init__.py::46,0.042575
lib/matplotlib/testing/__init__.py::47,0.042575
lib/matplotlib/testing/__init__.py::51,0.042575
lib/matplotlib/testing/__init__.py::52,0.042575
lib/matplotlib/testing/conftest.py::100,0.042575
lib/matplotlib/testing/conftest.py::34,0.042575
lib/matplotlib/testing/conftest.py::36,0.042575
lib/matplotlib/testing/conftest.py::38,0.042575
lib/matplotlib/testing/conftest.py::39,0.042575
lib/matplotlib/testing/conftest.py::40,0.042575
lib/matplotlib/testing/conftest.py::73,0.042575
lib/matplotlib/testing/conftest.py::74,0.042575
lib/matplotlib/testing/conftest.py::75,0.042575
lib/matplotlib/testing/conftest.py::80,0.042575
lib/matplotlib/testing/conftest.py::81,0.042575
lib/matplotlib/testing/conftest.py::95,0.042575
lib/matplotlib/testing/conftest.py::96,0.042575
lib/matplotlib/testing/conftest.py::97,0.042575
lib/matplotlib/testing/conftest.py::98,0.042575
lib/matplotlib/testing/decorators.py::32,0.042575
lib/matplotlib/testing/decorators.py::33,0.042575
lib/matplotlib/testing/decorators.py::34,0.042575
lib/matplotlib/testing/decorators.py::35,0.042575
lib/matplotlib/testing/decorators.py::37,0.042575
lib/matplotlib/testing/decorators.py::38,0.042575
lib/matplotlib/testing/decorators.py::39,0.042575
