Entity,Score
pandas/core/generic.py::3520,0.909091
pandas/core/generic.py::3521,0.909091
pandas/core/indexes/multi.py::2126,0.909091
pandas/core/indexes/multi.py::2129,0.909091
pandas/core/indexes/multi.py::2130,0.909091
pandas/core/indexes/multi.py::2131,0.909091
pandas/core/indexes/multi.py::2132,0.909091
pandas/core/indexes/multi.py::2133,0.909091
pandas/core/indexes/multi.py::2134,0.909091
pandas/core/indexes/multi.py::2135,0.909091
pandas/core/indexes/multi.py::2136,0.909091
pandas/core/indexes/multi.py::2137,0.909091
pandas/core/indexes/multi.py::2138,0.909091
pandas/core/indexes/multi.py::2140,0.909091
pandas/core/indexes/multi.py::2141,0.909091
pandas/core/indexes/multi.py::2142,0.909091
pandas/core/indexes/multi.py::2143,0.909091
pandas/core/indexes/multi.py::2146,0.909091
pandas/core/indexes/multi.py::2148,0.909091
pandas/core/indexes/multi.py::2150,0.909091
pandas/core/indexes/multi.py::2151,0.909091
pandas/core/indexes/multi.py::2152,0.909091
pandas/core/indexes/multi.py::2153,0.909091
pandas/core/indexes/multi.py::2156,0.909091
pandas/core/indexes/multi.py::2157,0.909091
pandas/core/indexes/multi.py::2159,0.909091
pandas/core/indexes/multi.py::2160,0.909091
pandas/core/indexes/multi.py::2168,0.909091
pandas/core/indexes/multi.py::2403,0.909091
pandas/core/indexes/multi.py::2404,0.909091
pandas/core/indexes/multi.py::2405,0.909091
pandas/core/indexes/multi.py::2408,0.909091
pandas/core/indexes/multi.py::2409,0.909091
pandas/core/indexes/multi.py::2410,0.909091
pandas/core/indexes/multi.py::2742,0.909091
pandas/core/indexes/multi.py::2745,0.909091
pandas/core/indexes/multi.py::2746,0.909091
pandas/core/indexes/multi.py::2747,0.909091
pandas/core/indexes/multi.py::2748,0.909091
pandas/core/indexes/multi.py::2749,0.909091
pandas/core/indexes/multi.py::2754,0.909091
pandas/core/indexes/multi.py::2836,0.909091
pandas/core/indexes/multi.py::2837,0.909091
pandas/core/indexes/multi.py::2923,0.909091
pandas/core/indexes/multi.py::2924,0.909091
pandas/core/indexes/multi.py::2927,0.909091
pandas/core/indexes/multi.py::3391,0.909091
pandas/core/indexes/multi.py::3392,0.909091
pandas/core/indexes/multi.py::3393,0.909091
pandas/core/indexes/multi.py::3394,0.909091
pandas/core/indexes/multi.py::3395,0.909091
pandas/core/indexes/multi.py::3396,0.909091
pandas/core/indexes/multi.py::488,0.909091
pandas/core/indexing.py::1729,0.909091
pandas/core/indexing.py::1962,0.909091
pandas/core/indexing.py::1973,0.909091
pandas/core/indexing.py::2109,0.909091
pandas/core/indexing.py::2110,0.909091
pandas/io/formats/printing.py::366,0.909091
pandas/io/formats/printing.py::367,0.909091
pandas/io/formats/printing.py::520,0.909091
pandas/core/generic.py::3487,0.660409
pandas/core/indexes/multi.py::2741,0.660409
pandas/core/indexes/multi.py::2756,0.660409
pandas/core/indexes/multi.py::2773,0.660409
pandas/core/indexes/multi.py::2776,0.660409
pandas/core/indexes/multi.py::2779,0.660409
pandas/core/indexing.py::1705,0.660409
pandas/core/reshape/pivot.py::615,0.660409
pandas/core/reshape/pivot.py::616,0.660409
pandas/core/series.py::4282,0.660409
pandas/core/series.py::4283,0.660409
pandas/core/series.py::4284,0.660409
pandas/core/series.py::4285,0.660409
pandas/core/series.py::4286,0.660409
pandas/core/series.py::4287,0.660409
pandas/core/series.py::4288,0.660409
pandas/core/series.py::4289,0.660409
pandas/core/generic.py::3481,0.545836
pandas/core/reshape/pivot.py::588,0.545836
pandas/core/reshape/pivot.py::589,0.545836
pandas/core/reshape/pivot.py::590,0.545836
pandas/core/reshape/pivot.py::613,0.545836
pandas/core/indexes/base.py::5315,0.476190
pandas/core/indexes/base.py::5316,0.476190
pandas/core/reshape/pivot.py::578,0.476190
pandas/core/reshape/pivot.py::579,0.476190
pandas/core/reshape/pivot.py::587,0.476190
pandas/core/reshape/pivot.py::594,0.476190
pandas/core/generic.py::3466,0.428070
pandas/core/generic.py::3467,0.428070
pandas/core/generic.py::3468,0.428070
pandas/core/generic.py::3480,0.428070
pandas/core/generic.py::3483,0.428070
pandas/core/generic.py::3485,0.428070
pandas/core/generic.py::3486,0.428070
pandas/core/generic.py::3501,0.428070
pandas/core/generic.py::3525,0.428070
pandas/core/generic.py::3526,0.428070
pandas/core/indexes/multi.py::1777,0.428070
pandas/core/indexing.py::149,0.428070
pandas/core/indexing.py::155,0.428070
pandas/core/indexing.py::158,0.428070
pandas/core/indexing.py::1688,0.428070
pandas/core/indexing.py::1689,0.428070
pandas/core/indexing.py::1703,0.428070
pandas/core/indexing.py::1704,0.428070
pandas/core/indexing.py::1764,0.428070
pandas/core/indexing.py::1813,0.428070
pandas/core/indexing.py::1814,0.428070
pandas/core/indexing.py::1682,0.392235
pandas/core/indexing.py::1685,0.392235
pandas/core/indexing.py::264,0.364199
pandas/core/indexing.py::266,0.364199
pandas/core/base.py::585,0.306534
pandas/core/base.py::586,0.306534
pandas/core/base.py::587,0.306534
pandas/core/base.py::588,0.306534
pandas/core/base.py::601,0.306534
pandas/core/base.py::602,0.306534
pandas/core/groupby/generic.py::254,0.306534
pandas/core/groupby/generic.py::255,0.306534
pandas/core/groupby/generic.py::258,0.306534
pandas/core/groupby/generic.py::868,0.306534
pandas/core/groupby/generic.py::871,0.306534
pandas/core/groupby/generic.py::872,0.306534
pandas/core/internals/blocks.py::2104,0.306534
pandas/core/reshape/pivot.py::210,0.306534
pandas/core/base.py::554,0.292687
pandas/core/base.py::556,0.292687
pandas/core/base.py::559,0.292687
pandas/core/base.py::562,0.292687
pandas/core/base.py::564,0.292687
pandas/core/base.py::565,0.292687
pandas/core/base.py::568,0.292687
pandas/core/base.py::584,0.292687
pandas/core/base.py::598,0.292687
pandas/core/common.py::245,0.292687
pandas/core/common.py::246,0.292687
pandas/core/common.py::281,0.292687
pandas/core/groupby/generic.py::1790,0.292687
pandas/core/groupby/generic.py::1792,0.292687
pandas/core/groupby/generic.py::1845,0.292687
pandas/core/groupby/generic.py::248,0.292687
pandas/core/groupby/generic.py::249,0.292687
pandas/core/groupby/generic.py::250,0.292687
pandas/core/groupby/generic.py::251,0.292687
pandas/core/groupby/generic.py::859,0.292687
pandas/core/groupby/generic.py::860,0.292687
pandas/core/groupby/generic.py::861,0.292687
pandas/core/groupby/generic.py::879,0.292687
pandas/core/groupby/generic.py::883,0.292687
pandas/core/groupby/generic.py::887,0.292687
pandas/core/groupby/generic.py::892,0.292687
pandas/core/groupby/generic.py::911,0.292687
pandas/core/groupby/generic.py::918,0.292687
pandas/core/groupby/generic.py::919,0.292687
pandas/core/groupby/generic.py::920,0.292687
pandas/core/groupby/generic.py::922,0.292687
pandas/core/groupby/generic.py::924,0.292687
pandas/core/groupby/generic.py::925,0.292687
pandas/core/groupby/generic.py::926,0.292687
pandas/core/groupby/generic.py::927,0.292687
pandas/core/groupby/generic.py::935,0.292687
pandas/core/groupby/generic.py::939,0.292687
pandas/core/groupby/generic.py::941,0.292687
pandas/core/groupby/generic.py::946,0.292687
pandas/core/groupby/groupby.py::2416,0.292687
pandas/core/indexes/multi.py::2081,0.292687
pandas/core/indexes/multi.py::2082,0.292687
pandas/core/indexes/multi.py::2085,0.292687
pandas/core/indexes/multi.py::2086,0.292687
pandas/core/indexes/multi.py::487,0.292687
pandas/core/indexes/multi.py::490,0.292687
pandas/core/reshape/concat.py::702,0.292687
pandas/core/reshape/concat.py::703,0.292687
pandas/core/indexes/api.py::170,0.280576
pandas/core/indexes/api.py::171,0.280576
pandas/core/indexes/api.py::173,0.280576
pandas/core/reshape/pivot.py::277,0.280576
pandas/core/reshape/pivot.py::283,0.280576
pandas/core/groupby/generic.py::1834,0.269865
pandas/core/groupby/generic.py::1836,0.269865
pandas/core/groupby/generic.py::1847,0.269865
pandas/core/groupby/generic.py::864,0.269865
pandas/core/groupby/generic.py::865,0.269865
pandas/core/indexes/base.py::650,0.269865
pandas/core/indexes/multi.py::2472,0.269865
pandas/core/indexes/numeric.py::216,0.269865
pandas/core/indexes/numeric.py::217,0.269865
pandas/core/internals/construction.py::220,0.269865
pandas/core/internals/construction.py::335,0.269865
pandas/core/internals/construction.py::336,0.269865
pandas/core/internals/construction.py::350,0.269865
pandas/core/generic.py::1872,0.260304
pandas/core/groupby/generic.py::266,0.260304
pandas/core/groupby/generic.py::270,0.260304
pandas/core/groupby/generic.py::274,0.260304
pandas/core/groupby/generic.py::856,0.260304
pandas/core/indexes/base.py::381,0.260304
pandas/core/indexes/base.py::4712,0.260304
pandas/core/indexes/base.py::4728,0.260304
pandas/core/indexes/base.py::4730,0.260304
pandas/core/indexes/base.py::4732,0.260304
pandas/core/reshape/pivot.py::662,0.260304
pandas/core/common.py::325,0.251700
pandas/core/series.py::1107,0.251700
pandas/core/series.py::1127,0.251700
pandas/core/series.py::1130,0.251700
pandas/core/series.py::1131,0.251700
pandas/core/series.py::1133,0.251700
pandas/core/series.py::1137,0.251700
pandas/core/series.py::1139,0.251700
pandas/core/series.py::1144,0.251700
pandas/core/series.py::1154,0.251700
pandas/core/series.py::1157,0.251700
pandas/core/series.py::1160,0.251700
pandas/core/series.py::1162,0.251700
pandas/core/series.py::1167,0.251700
pandas/core/series.py::1168,0.251700
pandas/core/common.py::324,0.243902
pandas/core/dtypes/cast.py::1372,0.243902
pandas/core/dtypes/common.py::98,0.243902
pandas/core/groupby/generic.py::837,0.243902
pandas/core/groupby/generic.py::839,0.243902
pandas/core/groupby/generic.py::840,0.243902
pandas/core/groupby/generic.py::841,0.243902
pandas/core/groupby/generic.py::842,0.243902
pandas/core/groupby/generic.py::853,0.243902
pandas/core/reshape/pivot.py::659,0.243902
pandas/core/reshape/pivot.py::660,0.243902
pandas/core/reshape/pivot.py::661,0.243902
pandas/core/series.py::1106,0.243902
pandas/io/formats/printing.py::369,0.243902
pandas/io/formats/printing.py::370,0.243902
pandas/io/formats/printing.py::371,0.243902
pandas/core/dtypes/cast.py::1203,0.236793
pandas/core/dtypes/cast.py::1204,0.236793
pandas/core/dtypes/cast.py::1208,0.236793
pandas/core/dtypes/cast.py::1209,0.236793
pandas/core/dtypes/cast.py::1211,0.236793
pandas/core/dtypes/cast.py::1368,0.236793
pandas/core/dtypes/cast.py::1369,0.236793
pandas/core/dtypes/cast.py::1379,0.236793
pandas/core/dtypes/cast.py::1380,0.236793
pandas/core/frame.py::3693,0.236793
pandas/core/frame.py::3696,0.236793
pandas/core/frame.py::3697,0.236793
pandas/core/indexes/base.py::379,0.236793
pandas/core/indexes/base.py::380,0.236793
pandas/core/indexes/base.py::4689,0.236793
pandas/core/indexes/base.py::4690,0.236793
pandas/core/indexes/base.py::4706,0.236793
pandas/core/indexes/base.py::4707,0.236793
pandas/core/indexes/base.py::4709,0.236793
pandas/core/indexes/base.py::4710,0.236793
pandas/core/indexes/base.py::4711,0.236793
pandas/core/reshape/pivot.py::560,0.236793
pandas/core/reshape/pivot.py::561,0.236793
pandas/core/reshape/reshape.py::532,0.236793
pandas/core/reshape/reshape.py::533,0.236793
pandas/core/reshape/reshape.py::534,0.236793
pandas/core/reshape/reshape.py::535,0.236793
pandas/core/reshape/reshape.py::536,0.236793
pandas/core/reshape/reshape.py::537,0.236793
pandas/core/reshape/reshape.py::538,0.236793
pandas/core/dtypes/common.py::97,0.230275
pandas/core/dtypes/common.py::99,0.230275
pandas/core/generic.py::5142,0.230275
pandas/core/groupby/generic.py::1486,0.230275
pandas/core/groupby/generic.py::1498,0.230275
pandas/core/groupby/generic.py::1499,0.230275
pandas/core/groupby/generic.py::1501,0.230275
pandas/core/groupby/generic.py::1502,0.230275
pandas/core/groupby/generic.py::1540,0.230275
pandas/core/groupby/generic.py::1541,0.230275
pandas/core/groupby/generic.py::1543,0.230275
pandas/core/groupby/generic.py::1545,0.230275
pandas/core/groupby/generic.py::1550,0.230275
pandas/core/groupby/generic.py::1551,0.230275
pandas/core/groupby/generic.py::1553,0.230275
pandas/core/groupby/generic.py::1556,0.230275
pandas/core/groupby/generic.py::343,0.230275
pandas/core/groupby/generic.py::344,0.230275
pandas/core/groupby/generic.py::355,0.230275
pandas/core/groupby/generic.py::764,0.230275
pandas/core/groupby/generic.py::767,0.230275
pandas/core/groupby/generic.py::950,0.230275
pandas/core/groupby/generic.py::952,0.230275
pandas/core/groupby/generic.py::955,0.230275
pandas/core/groupby/generic.py::956,0.230275
pandas/core/groupby/generic.py::958,0.230275
pandas/core/groupby/generic.py::961,0.230275
pandas/core/groupby/generic.py::962,0.230275
pandas/core/groupby/generic.py::964,0.230275
pandas/core/groupby/groupby.py::752,0.230275
pandas/core/groupby/groupby.py::912,0.230275
pandas/core/groupby/groupby.py::913,0.230275
pandas/core/groupby/groupby.py::916,0.230275
pandas/core/groupby/groupby.py::917,0.230275
pandas/core/groupby/groupby.py::918,0.230275
pandas/core/groupby/groupby.py::920,0.230275
pandas/core/indexes/api.py::309,0.230275
pandas/core/indexes/base.py::3081,0.230275
pandas/core/indexes/base.py::3083,0.230275
pandas/core/indexes/base.py::3086,0.230275
pandas/core/indexes/base.py::3093,0.230275
pandas/core/indexes/base.py::3097,0.230275
pandas/core/indexes/base.py::3112,0.230275
pandas/core/indexes/base.py::3116,0.230275
pandas/core/indexes/range.py::712,0.230275
pandas/core/indexes/range.py::713,0.230275
pandas/core/internals/concat.py::155,0.230275
pandas/core/reshape/concat.py::671,0.230275
pandas/core/reshape/concat.py::672,0.230275
pandas/core/reshape/concat.py::673,0.230275
pandas/core/reshape/concat.py::676,0.230275
pandas/core/reshape/concat.py::677,0.230275
pandas/core/reshape/concat.py::680,0.230275
pandas/core/reshape/concat.py::684,0.230275
pandas/core/reshape/concat.py::685,0.230275
pandas/core/reshape/concat.py::686,0.230275
pandas/core/reshape/concat.py::688,0.230275
pandas/core/reshape/concat.py::689,0.230275
pandas/core/reshape/concat.py::696,0.230275
pandas/core/reshape/concat.py::698,0.230275
pandas/core/reshape/concat.py::705,0.230275
pandas/core/reshape/concat.py::706,0.230275
pandas/core/reshape/concat.py::708,0.230275
pandas/core/reshape/concat.py::709,0.230275
pandas/core/common.py::280,0.224271
pandas/core/frame.py::2846,0.224271
pandas/core/frame.py::550,0.224271
pandas/core/frame.py::553,0.224271
pandas/core/frame.py::6171,0.224271
pandas/core/frame.py::6173,0.224271
pandas/core/frame.py::6176,0.224271
pandas/core/groupby/generic.py::133,0.224271
pandas/core/groupby/grouper.py::471,0.224271
pandas/core/groupby/grouper.py::472,0.224271
pandas/core/groupby/grouper.py::475,0.224271
pandas/core/groupby/grouper.py::477,0.224271
pandas/core/groupby/grouper.py::478,0.224271
pandas/core/groupby/grouper.py::543,0.224271
pandas/core/groupby/grouper.py::544,0.224271
pandas/core/groupby/ops.py::949,0.224271
pandas/core/indexes/api.py::305,0.224271
pandas/core/indexes/api.py::306,0.224271
pandas/core/indexes/base.py::1521,0.224271
pandas/core/indexes/base.py::1526,0.224271
pandas/core/indexes/base.py::1538,0.224271
pandas/core/indexes/base.py::1539,0.224271
pandas/core/indexes/multi.py::2249,0.224271
pandas/core/indexes/multi.py::2250,0.224271
pandas/core/indexes/multi.py::2255,0.224271
pandas/core/indexes/multi.py::2256,0.224271
pandas/core/indexes/multi.py::2257,0.224271
pandas/core/indexes/multi.py::2259,0.224271
pandas/core/indexes/multi.py::2260,0.224271
pandas/core/indexes/multi.py::3374,0.224271
pandas/core/indexes/multi.py::476,0.224271
pandas/core/indexes/multi.py::478,0.224271
pandas/core/indexes/multi.py::481,0.224271
pandas/core/indexes/multi.py::486,0.224271
pandas/core/indexes/multi.py::496,0.224271
pandas/core/internals/concat.py::445,0.224271
pandas/core/internals/concat.py::446,0.224271
pandas/core/internals/managers.py::1294,0.224271
pandas/core/internals/managers.py::1297,0.224271
pandas/core/internals/managers.py::1298,0.224271
pandas/core/internals/managers.py::2002,0.224271
pandas/core/internals/managers.py::2003,0.224271
pandas/core/internals/managers.py::2004,0.224271
pandas/core/internals/managers.py::744,0.224271
pandas/core/reshape/concat.py::310,0.224271
pandas/core/reshape/concat.py::311,0.224271
pandas/core/reshape/concat.py::312,0.224271
pandas/core/reshape/concat.py::313,0.224271
pandas/core/reshape/concat.py::315,0.224271
pandas/core/reshape/concat.py::316,0.224271
pandas/core/reshape/concat.py::317,0.224271
pandas/core/reshape/concat.py::318,0.224271
pandas/core/reshape/concat.py::319,0.224271
pandas/core/reshape/concat.py::363,0.224271
pandas/core/reshape/concat.py::577,0.224271
pandas/core/reshape/concat.py::578,0.224271
pandas/core/reshape/concat.py::601,0.224271
pandas/core/reshape/concat.py::602,0.224271
pandas/core/reshape/concat.py::613,0.224271
pandas/core/reshape/concat.py::614,0.224271
pandas/core/reshape/concat.py::617,0.224271
pandas/core/reshape/concat.py::618,0.224271
pandas/core/reshape/concat.py::622,0.224271
pandas/core/reshape/pivot.py::220,0.224271
pandas/core/reshape/pivot.py::221,0.224271
pandas/core/reshape/pivot.py::222,0.224271
pandas/core/reshape/pivot.py::223,0.224271
pandas/core/reshape/pivot.py::224,0.224271
pandas/core/reshape/pivot.py::225,0.224271
pandas/core/reshape/pivot.py::226,0.224271
pandas/core/reshape/pivot.py::227,0.224271
pandas/core/reshape/pivot.py::228,0.224271
pandas/core/reshape/pivot.py::229,0.224271
pandas/core/reshape/pivot.py::231,0.224271
pandas/core/reshape/pivot.py::233,0.224271
pandas/core/reshape/pivot.py::294,0.224271
pandas/core/reshape/pivot.py::296,0.224271
pandas/core/reshape/pivot.py::297,0.224271
pandas/core/reshape/pivot.py::299,0.224271
pandas/core/reshape/pivot.py::300,0.224271
pandas/core/reshape/pivot.py::302,0.224271
pandas/core/reshape/pivot.py::303,0.224271
pandas/core/reshape/pivot.py::304,0.224271
pandas/core/reshape/pivot.py::306,0.224271
pandas/core/reshape/pivot.py::307,0.224271
pandas/core/reshape/pivot.py::310,0.224271
pandas/core/reshape/pivot.py::311,0.224271
pandas/core/reshape/pivot.py::312,0.224271
pandas/core/reshape/pivot.py::323,0.224271
pandas/core/reshape/pivot.py::324,0.224271
pandas/core/reshape/pivot.py::334,0.224271
pandas/core/reshape/pivot.py::336,0.224271
pandas/core/reshape/pivot.py::342,0.224271
pandas/core/reshape/pivot.py::343,0.224271
pandas/core/reshape/pivot.py::344,0.224271
pandas/core/reshape/pivot.py::347,0.224271
pandas/core/reshape/pivot.py::348,0.224271
pandas/core/reshape/pivot.py::352,0.224271
pandas/core/reshape/reshape.py::505,0.224271
pandas/core/reshape/reshape.py::506,0.224271
pandas/core/reshape/reshape.py::507,0.224271
pandas/core/reshape/reshape.py::511,0.224271
pandas/core/reshape/reshape.py::514,0.224271
pandas/core/reshape/reshape.py::516,0.224271
pandas/core/reshape/reshape.py::518,0.224271
pandas/core/reshape/reshape.py::541,0.224271
pandas/core/reshape/reshape.py::544,0.224271
pandas/core/reshape/reshape.py::545,0.224271
pandas/core/reshape/reshape.py::547,0.224271
pandas/core/reshape/reshape.py::555,0.224271
pandas/core/reshape/reshape.py::561,0.224271
pandas/core/reshape/reshape.py::562,0.224271
pandas/core/reshape/reshape.py::563,0.224271
pandas/core/reshape/reshape.py::564,0.224271
pandas/core/reshape/reshape.py::566,0.224271
pandas/core/common.py::279,0.218716
pandas/core/frame.py::3706,0.218716
pandas/core/frame.py::3707,0.218716
pandas/core/groupby/groupby.py::696,0.218716
pandas/core/groupby/groupby.py::903,0.218716
pandas/core/groupby/groupby.py::910,0.218716
pandas/core/groupby/groupby.py::922,0.218716
pandas/core/groupby/ops.py::162,0.218716
pandas/core/groupby/ops.py::163,0.218716
pandas/core/groupby/ops.py::164,0.218716
pandas/core/groupby/ops.py::165,0.218716
pandas/core/groupby/ops.py::683,0.218716
pandas/core/groupby/ops.py::907,0.218716
pandas/core/groupby/ops.py::909,0.218716
pandas/core/groupby/ops.py::916,0.218716
pandas/core/groupby/ops.py::946,0.218716
pandas/core/indexes/multi.py::2074,0.218716
pandas/core/indexes/multi.py::2075,0.218716
pandas/core/indexes/multi.py::2076,0.218716
pandas/core/indexes/multi.py::2077,0.218716
pandas/core/indexes/multi.py::2078,0.218716
pandas/core/indexes/multi.py::2079,0.218716
pandas/core/indexes/multi.py::2375,0.218716
pandas/core/indexes/multi.py::2378,0.218716
pandas/core/indexes/multi.py::2391,0.218716
pandas/core/indexes/multi.py::3359,0.218716
pandas/core/indexes/multi.py::3361,0.218716
pandas/core/indexes/multi.py::3364,0.218716
pandas/core/indexes/multi.py::3365,0.218716
pandas/core/indexes/multi.py::3366,0.218716
pandas/core/indexes/multi.py::3367,0.218716
pandas/core/indexes/multi.py::3371,0.218716
pandas/core/indexes/multi.py::3372,0.218716
pandas/core/indexes/multi.py::3376,0.218716
pandas/core/indexes/multi.py::3377,0.218716
pandas/core/indexes/multi.py::3379,0.218716
pandas/core/indexes/multi.py::3380,0.218716
pandas/core/internals/construction.py::222,0.218716
pandas/core/reshape/concat.py::571,0.218716
pandas/core/reshape/concat.py::572,0.218716
pandas/core/reshape/pivot.py::247,0.218716
pandas/core/reshape/pivot.py::538,0.218716
pandas/core/reshape/pivot.py::539,0.218716
pandas/core/reshape/pivot.py::541,0.218716
pandas/core/reshape/pivot.py::542,0.218716
pandas/core/reshape/pivot.py::544,0.218716
pandas/core/reshape/pivot.py::546,0.218716
pandas/core/reshape/pivot.py::547,0.218716
pandas/core/reshape/pivot.py::548,0.218716
pandas/core/reshape/pivot.py::550,0.218716
pandas/core/reshape/pivot.py::553,0.218716
pandas/core/reshape/pivot.py::556,0.218716
pandas/core/reshape/pivot.py::558,0.218716
pandas/core/reshape/pivot.py::559,0.218716
pandas/core/reshape/pivot.py::566,0.218716
pandas/core/reshape/pivot.py::567,0.218716
pandas/core/reshape/pivot.py::568,0.218716
pandas/core/reshape/pivot.py::569,0.218716
pandas/core/reshape/pivot.py::570,0.218716
pandas/core/reshape/pivot.py::571,0.218716
pandas/core/reshape/pivot.py::572,0.218716
pandas/core/reshape/pivot.py::573,0.218716
pandas/core/reshape/pivot.py::577,0.218716
pandas/core/reshape/pivot.py::658,0.218716
pandas/core/reshape/pivot.py::671,0.218716
pandas/core/frame.py::821,0.213558
pandas/core/frame.py::822,0.213558
pandas/core/frame.py::823,0.213558
pandas/core/groupby/groupby.py::901,0.213558
pandas/core/groupby/groupby.py::902,0.213558
pandas/core/groupby/ops.py::404,0.213558
pandas/core/groupby/ops.py::663,0.213558
pandas/core/groupby/ops.py::664,0.213558
pandas/core/groupby/ops.py::669,0.213558
pandas/core/groupby/ops.py::671,0.213558
pandas/core/groupby/ops.py::674,0.213558
pandas/core/groupby/ops.py::677,0.213558
pandas/core/groupby/ops.py::678,0.213558
pandas/core/groupby/ops.py::679,0.213558
pandas/core/groupby/ops.py::680,0.213558
pandas/core/groupby/ops.py::681,0.213558
pandas/core/groupby/ops.py::682,0.213558
pandas/core/groupby/ops.py::900,0.213558
pandas/core/groupby/ops.py::902,0.213558
pandas/core/reshape/pivot.py::272,0.213558
pandas/core/reshape/pivot.py::273,0.213558
pandas/core/reshape/pivot.py::274,0.213558
pandas/core/reshape/pivot.py::275,0.213558
pandas/core/reshape/pivot.py::286,0.213558
pandas/io/formats/printing.py::227,0.213558
pandas/core/dtypes/cast.py::108,0.208750
pandas/core/dtypes/cast.py::109,0.208750
pandas/core/dtypes/cast.py::110,0.208750
pandas/core/dtypes/cast.py::112,0.208750
pandas/core/dtypes/cast.py::114,0.208750
pandas/core/dtypes/cast.py::116,0.208750
pandas/core/dtypes/cast.py::120,0.208750
pandas/core/dtypes/cast.py::121,0.208750
pandas/core/dtypes/cast.py::122,0.208750
pandas/core/dtypes/cast.py::123,0.208750
pandas/core/dtypes/cast.py::128,0.208750
pandas/core/dtypes/cast.py::186,0.208750
pandas/core/dtypes/cast.py::469,0.208750
pandas/core/dtypes/cast.py::613,0.208750
pandas/core/dtypes/cast.py::614,0.208750
pandas/core/dtypes/common.py::1952,0.208750
pandas/core/dtypes/common.py::1955,0.208750
pandas/core/dtypes/common.py::1957,0.208750
pandas/core/dtypes/common.py::1958,0.208750
pandas/core/dtypes/common.py::1959,0.208750
pandas/core/dtypes/common.py::1961,0.208750
pandas/core/dtypes/common.py::1962,0.208750
pandas/core/dtypes/common.py::2012,0.208750
pandas/core/dtypes/common.py::2013,0.208750
pandas/core/dtypes/common.py::2014,0.208750
pandas/core/frame.py::2930,0.208750
pandas/core/frame.py::2982,0.208750
pandas/core/frame.py::2993,0.208750
pandas/core/frame.py::3003,0.208750
pandas/core/frame.py::3004,0.208750
pandas/core/frame.py::3006,0.208750
pandas/core/frame.py::3007,0.208750
pandas/core/frame.py::3436,0.208750
pandas/core/frame.py::3438,0.208750
pandas/core/frame.py::3441,0.208750
pandas/core/frame.py::3442,0.208750
pandas/core/frame.py::3443,0.208750
pandas/core/frame.py::3445,0.208750
pandas/core/frame.py::3447,0.208750
pandas/core/frame.py::3448,0.208750
pandas/core/frame.py::3450,0.208750
pandas/core/frame.py::3452,0.208750
pandas/core/frame.py::3456,0.208750
pandas/core/frame.py::3457,0.208750
pandas/core/frame.py::3459,0.208750
pandas/core/frame.py::3460,0.208750
pandas/core/frame.py::3463,0.208750
pandas/core/frame.py::3481,0.208750
pandas/core/frame.py::3482,0.208750
pandas/core/frame.py::3484,0.208750
pandas/core/frame.py::3485,0.208750
pandas/core/frame.py::3487,0.208750
pandas/core/frame.py::3488,0.208750
pandas/core/frame.py::3490,0.208750
pandas/core/frame.py::3491,0.208750
pandas/core/frame.py::3492,0.208750
pandas/core/frame.py::3495,0.208750
pandas/core/frame.py::3496,0.208750
pandas/core/generic.py::3599,0.208750
pandas/core/generic.py::3604,0.208750
pandas/core/generic.py::3606,0.208750
pandas/core/generic.py::3744,0.208750
pandas/core/generic.py::6211,0.208750
pandas/core/generic.py::6215,0.208750
pandas/core/generic.py::6216,0.208750
pandas/core/generic.py::6224,0.208750
pandas/core/generic.py::6225,0.208750
pandas/core/groupby/ops.py::182,0.208750
pandas/core/indexes/base.py::4257,0.208750
pandas/core/indexes/base.py::589,0.208750
pandas/core/indexes/multi.py::1997,0.208750
pandas/core/indexes/multi.py::1998,0.208750
pandas/core/indexes/multi.py::2068,0.208750
pandas/core/indexes/multi.py::2071,0.208750
pandas/core/indexes/multi.py::2072,0.208750
pandas/core/indexing.py::1701,0.208750
pandas/core/indexing.py::184,0.208750
pandas/core/indexing.py::187,0.208750
pandas/core/indexing.py::188,0.208750
pandas/core/indexing.py::189,0.208750
pandas/core/indexing.py::2003,0.208750
pandas/core/indexing.py::201,0.208750
pandas/core/indexing.py::2132,0.208750
pandas/core/indexing.py::2135,0.208750
pandas/core/indexing.py::2138,0.208750
pandas/core/indexing.py::2139,0.208750
pandas/core/indexing.py::2140,0.208750
pandas/core/indexing.py::2327,0.208750
pandas/core/indexing.py::2328,0.208750
pandas/core/indexing.py::2329,0.208750
pandas/core/indexing.py::2416,0.208750
pandas/core/indexing.py::2425,0.208750
pandas/core/indexing.py::280,0.208750
pandas/core/indexing.py::283,0.208750
pandas/core/indexing.py::284,0.208750
pandas/core/indexing.py::285,0.208750
pandas/core/indexing.py::286,0.208750
pandas/core/indexing.py::289,0.208750
pandas/core/indexing.py::292,0.208750
pandas/core/indexing.py::293,0.208750
pandas/core/indexing.py::303,0.208750
pandas/core/indexing.py::319,0.208750
pandas/core/indexing.py::320,0.208750
pandas/core/indexing.py::384,0.208750
pandas/core/indexing.py::386,0.208750
pandas/core/indexing.py::541,0.208750
pandas/core/indexing.py::560,0.208750
pandas/core/indexing.py::566,0.208750
pandas/core/indexing.py::570,0.208750
pandas/core/indexing.py::573,0.208750
pandas/core/indexing.py::574,0.208750
pandas/core/indexing.py::575,0.208750
pandas/core/indexing.py::781,0.208750
pandas/core/indexing.py::782,0.208750
pandas/core/internals/blocks.py::175,0.208750
pandas/core/internals/blocks.py::180,0.208750
pandas/core/internals/blocks.py::2602,0.208750
pandas/core/internals/blocks.py::2603,0.208750
pandas/core/internals/blocks.py::2605,0.208750
pandas/core/internals/blocks.py::3131,0.208750
pandas/core/internals/blocks.py::3135,0.208750
pandas/core/internals/blocks.py::454,0.208750
pandas/core/internals/blocks.py::455,0.208750
pandas/core/internals/blocks.py::456,0.208750
pandas/core/internals/blocks.py::458,0.208750
pandas/core/internals/blocks.py::459,0.208750
pandas/core/internals/blocks.py::466,0.208750
pandas/core/internals/blocks.py::467,0.208750
pandas/core/internals/blocks.py::468,0.208750
pandas/core/internals/blocks.py::471,0.208750
pandas/core/internals/blocks.py::480,0.208750
pandas/core/internals/blocks.py::481,0.208750
pandas/core/internals/blocks.py::482,0.208750
pandas/core/internals/blocks.py::483,0.208750
pandas/core/internals/blocks.py::486,0.208750
pandas/core/internals/blocks.py::487,0.208750
pandas/core/internals/blocks.py::491,0.208750
pandas/core/internals/blocks.py::492,0.208750
pandas/core/internals/blocks.py::494,0.208750
pandas/core/internals/blocks.py::505,0.208750
pandas/core/internals/blocks.py::511,0.208750
pandas/core/internals/blocks.py::514,0.208750
pandas/core/internals/blocks.py::517,0.208750
pandas/core/internals/blocks.py::527,0.208750
pandas/core/internals/blocks.py::530,0.208750
pandas/core/internals/blocks.py::537,0.208750
pandas/core/internals/blocks.py::539,0.208750
pandas/core/internals/blocks.py::540,0.208750
pandas/core/internals/blocks.py::544,0.208750
pandas/core/internals/blocks.py::545,0.208750
pandas/core/internals/blocks.py::546,0.208750
pandas/core/internals/blocks.py::548,0.208750
pandas/core/internals/blocks.py::836,0.208750
pandas/core/internals/managers.py::1553,0.208750
pandas/core/internals/managers.py::685,0.208750
pandas/core/internals/managers.py::686,0.208750
pandas/core/ops/__init__.py::1131,0.208750
pandas/core/ops/__init__.py::1132,0.208750
pandas/core/ops/__init__.py::1162,0.208750
pandas/core/ops/__init__.py::1165,0.208750
pandas/core/ops/__init__.py::1168,0.208750
pandas/core/ops/__init__.py::1170,0.208750
pandas/core/ops/__init__.py::1171,0.208750
pandas/core/ops/__init__.py::1173,0.208750
pandas/core/ops/__init__.py::1177,0.208750
pandas/core/ops/__init__.py::1178,0.208750
pandas/core/ops/__init__.py::1179,0.208750
pandas/core/ops/__init__.py::1181,0.208750
pandas/core/ops/__init__.py::1182,0.208750
pandas/core/ops/__init__.py::1198,0.208750
pandas/core/ops/__init__.py::1199,0.208750
pandas/core/ops/__init__.py::1200,0.208750
pandas/core/ops/__init__.py::1201,0.208750
pandas/core/ops/__init__.py::1202,0.208750
pandas/core/ops/__init__.py::821,0.208750
pandas/core/reshape/pivot.py::206,0.208750
pandas/core/reshape/pivot.py::244,0.208750
pandas/core/reshape/pivot.py::256,0.208750
pandas/core/reshape/pivot.py::257,0.208750
pandas/core/series.py::1039,0.208750
pandas/core/series.py::1041,0.208750
pandas/core/series.py::1042,0.208750
pandas/core/series.py::1044,0.208750
pandas/core/series.py::1050,0.208750
pandas/core/series.py::1051,0.208750
pandas/core/series.py::1053,0.208750
pandas/core/series.py::1054,0.208750
pandas/core/series.py::1055,0.208750
pandas/core/series.py::1058,0.208750
pandas/core/series.py::1062,0.208750
pandas/core/series.py::1089,0.208750
pandas/core/series.py::1090,0.208750
pandas/core/series.py::1091,0.208750
pandas/core/series.py::1223,0.208750
pandas/core/series.py::1224,0.208750
pandas/core/series.py::1226,0.208750
pandas/core/series.py::1227,0.208750
pandas/core/series.py::1257,0.208750
pandas/core/series.py::1261,0.208750
pandas/core/series.py::1262,0.208750
pandas/core/series.py::1266,0.208750
pandas/core/series.py::1267,0.208750
pandas/core/series.py::1268,0.208750
pandas/core/series.py::202,0.208750
pandas/core/series.py::421,0.208750
pandas/core/series.py::4304,0.208750
pandas/core/series.py::4305,0.208750
pandas/core/series.py::4306,0.208750
pandas/core/series.py::4307,0.208750
pandas/core/series.py::4308,0.208750
pandas/core/series.py::4309,0.208750
pandas/core/series.py::4310,0.208750
pandas/core/series.py::4311,0.208750
pandas/core/series.py::440,0.208750
pandas/core/common.py::233,0.204255
pandas/core/frame.py::3671,0.204255
pandas/core/groupby/generic.py::119,0.204255
pandas/core/groupby/generic.py::121,0.204255
pandas/core/groupby/generic.py::122,0.204255
pandas/core/groupby/generic.py::125,0.204255
pandas/core/groupby/generic.py::130,0.204255
pandas/core/groupby/generic.py::131,0.204255
pandas/core/groupby/generic.py::132,0.204255
pandas/core/groupby/generic.py::244,0.204255
pandas/core/indexes/api.py::167,0.204255
pandas/core/indexes/api.py::169,0.204255
pandas/core/indexes/base.py::1048,0.204255
pandas/core/indexes/base.py::1054,0.204255
pandas/core/indexes/base.py::1055,0.204255
pandas/core/indexes/base.py::1062,0.204255
pandas/core/indexes/base.py::1520,0.204255
pandas/core/indexes/base.py::4316,0.204255
pandas/core/internals/blocks.py::1012,0.204255
pandas/core/internals/blocks.py::1015,0.204255
pandas/core/internals/blocks.py::1018,0.204255
pandas/core/internals/blocks.py::2013,0.204255
pandas/core/internals/blocks.py::2014,0.204255
pandas/core/internals/blocks.py::2018,0.204255
pandas/core/internals/blocks.py::2019,0.204255
pandas/core/internals/blocks.py::2020,0.204255
pandas/core/internals/blocks.py::2021,0.204255
pandas/core/internals/blocks.py::2022,0.204255
pandas/core/internals/blocks.py::417,0.204255
pandas/core/internals/blocks.py::419,0.204255
pandas/core/internals/blocks.py::420,0.204255
pandas/core/internals/blocks.py::500,0.204255
pandas/core/internals/blocks.py::928,0.204255
pandas/core/internals/blocks.py::930,0.204255
pandas/core/internals/blocks.py::931,0.204255
pandas/core/internals/blocks.py::934,0.204255
pandas/core/internals/blocks.py::937,0.204255
pandas/core/internals/blocks.py::938,0.204255
pandas/core/internals/blocks.py::940,0.204255
pandas/core/internals/blocks.py::945,0.204255
pandas/core/internals/blocks.py::958,0.204255
pandas/core/internals/blocks.py::970,0.204255
pandas/core/internals/concat.py::56,0.204255
pandas/core/internals/concat.py::57,0.204255
pandas/core/reshape/pivot.py::219,0.204255
pandas/core/reshape/pivot.py::241,0.204255
pandas/core/reshape/pivot.py::243,0.204255
pandas/core/reshape/pivot.py::249,0.204255
pandas/core/reshape/pivot.py::251,0.204255
pandas/core/reshape/pivot.py::253,0.204255
pandas/core/reshape/pivot.py::254,0.204255
pandas/core/reshape/pivot.py::255,0.204255
pandas/core/reshape/pivot.py::258,0.204255
pandas/core/reshape/pivot.py::264,0.204255
pandas/core/reshape/pivot.py::266,0.204255
pandas/core/series.py::1369,0.204255
pandas/io/formats/printing.py::338,0.204255
pandas/io/formats/printing.py::517,0.204255
pandas/core/common.py::265,0.200041
pandas/core/dtypes/concat.py::42,0.200041
pandas/core/dtypes/concat.py::43,0.200041
pandas/core/dtypes/concat.py::45,0.200041
pandas/core/dtypes/concat.py::46,0.200041
pandas/core/dtypes/concat.py::48,0.200041
pandas/core/dtypes/concat.py::50,0.200041
pandas/core/dtypes/concat.py::52,0.200041
pandas/core/dtypes/concat.py::56,0.200041
pandas/core/dtypes/concat.py::58,0.200041
pandas/core/dtypes/concat.py::60,0.200041
pandas/core/dtypes/concat.py::61,0.200041
pandas/core/dtypes/concat.py::68,0.200041
pandas/core/dtypes/concat.py::69,0.200041
pandas/core/dtypes/inference.py::451,0.200041
pandas/core/dtypes/inference.py::452,0.200041
pandas/core/dtypes/missing.py::152,0.200041
pandas/core/dtypes/missing.py::155,0.200041
pandas/core/generic.py::3250,0.200041
pandas/core/generic.py::3251,0.200041
pandas/core/generic.py::3264,0.200041
pandas/core/generic.py::3265,0.200041
pandas/core/generic.py::3267,0.200041
pandas/core/generic.py::3268,0.200041
pandas/core/generic.py::6228,0.200041
pandas/core/generic.py::6244,0.200041
pandas/core/generic.py::6245,0.200041
pandas/core/generic.py::6246,0.200041
pandas/core/groupby/groupby.py::499,0.200041
pandas/core/groupby/groupby.py::500,0.200041
pandas/core/groupby/groupby.py::502,0.200041
pandas/core/groupby/grouper.py::676,0.200041
pandas/core/groupby/grouper.py::678,0.200041
pandas/core/indexers.py::105,0.200041
pandas/core/indexers.py::32,0.200041
pandas/core/indexers.py::36,0.200041
pandas/core/indexers.py::52,0.200041
pandas/core/indexers.py::54,0.200041
pandas/core/indexers.py::58,0.200041
pandas/core/indexers.py::93,0.200041
pandas/core/indexes/base.py::4295,0.200041
pandas/core/indexes/base.py::4297,0.200041
pandas/core/indexes/base.py::4298,0.200041
pandas/core/indexes/base.py::4302,0.200041
pandas/core/indexes/base.py::4303,0.200041
pandas/core/indexes/base.py::4306,0.200041
pandas/core/indexes/base.py::4307,0.200041
pandas/core/indexes/base.py::4309,0.200041
pandas/core/indexes/base.py::4313,0.200041
pandas/core/indexes/base.py::4315,0.200041
pandas/core/indexes/base.py::4324,0.200041
pandas/core/indexes/base.py::4326,0.200041
pandas/core/indexes/base.py::4329,0.200041
pandas/core/indexes/base.py::4330,0.200041
pandas/core/indexes/base.py::4331,0.200041
pandas/core/indexes/base.py::4333,0.200041
pandas/core/indexes/base.py::4335,0.200041
pandas/core/indexes/multi.py::1591,0.200041
pandas/core/indexes/multi.py::1592,0.200041
pandas/core/indexes/multi.py::1593,0.200041
pandas/core/indexes/numeric.py::211,0.200041
pandas/core/indexes/numeric.py::212,0.200041
pandas/core/indexes/numeric.py::213,0.200041
pandas/core/indexes/numeric.py::215,0.200041
pandas/core/indexing.py::167,0.200041
pandas/core/indexing.py::1696,0.200041
pandas/core/indexing.py::1699,0.200041
pandas/core/indexing.py::170,0.200041
pandas/core/indexing.py::1700,0.200041
pandas/core/indexing.py::172,0.200041
pandas/core/indexing.py::178,0.200041
pandas/core/indexing.py::198,0.200041
pandas/core/indexing.py::202,0.200041
pandas/core/indexing.py::203,0.200041
pandas/core/indexing.py::306,0.200041
pandas/core/indexing.py::309,0.200041
pandas/core/indexing.py::311,0.200041
pandas/core/indexing.py::314,0.200041
pandas/core/indexing.py::318,0.200041
pandas/core/indexing.py::324,0.200041
pandas/core/indexing.py::390,0.200041
pandas/core/indexing.py::393,0.200041
pandas/core/internals/blocks.py::377,0.200041
pandas/core/internals/blocks.py::412,0.200041
pandas/core/internals/blocks.py::415,0.200041
pandas/core/internals/blocks.py::820,0.200041
pandas/core/internals/blocks.py::823,0.200041
pandas/core/internals/blocks.py::828,0.200041
pandas/core/internals/blocks.py::829,0.200041
pandas/core/internals/blocks.py::830,0.200041
pandas/core/internals/blocks.py::833,0.200041
pandas/core/internals/blocks.py::863,0.200041
pandas/core/internals/blocks.py::866,0.200041
pandas/core/internals/blocks.py::870,0.200041
pandas/core/internals/blocks.py::874,0.200041
pandas/core/internals/blocks.py::876,0.200041
pandas/core/internals/blocks.py::880,0.200041
pandas/core/internals/blocks.py::888,0.200041
pandas/core/internals/blocks.py::900,0.200041
pandas/core/internals/blocks.py::902,0.200041
pandas/core/internals/blocks.py::904,0.200041
pandas/core/internals/blocks.py::905,0.200041
pandas/core/internals/construction.py::295,0.200041
pandas/core/internals/construction.py::297,0.200041
pandas/core/internals/managers.py::1088,0.200041
pandas/core/internals/managers.py::1856,0.200041
pandas/core/internals/managers.py::1862,0.200041
pandas/core/internals/managers.py::560,0.200041
pandas/core/reshape/concat.py::575,0.200041
pandas/core/reshape/pivot.py::146,0.200041
pandas/core/reshape/pivot.py::209,0.200041
pandas/core/reshape/pivot.py::214,0.200041
pandas/core/series.py::1032,0.200041
pandas/core/base.py::642,0.196078
pandas/core/construction.py::528,0.196078
pandas/core/frame.py::2838,0.196078
pandas/core/frame.py::2877,0.196078
pandas/core/frame.py::2883,0.196078
pandas/core/frame.py::2890,0.196078
pandas/core/frame.py::2891,0.196078
pandas/core/frame.py::2892,0.196078
pandas/core/frame.py::3653,0.196078
pandas/core/frame.py::3665,0.196078
pandas/core/frame.py::4177,0.196078
pandas/core/frame.py::4178,0.196078
pandas/core/frame.py::4179,0.196078
pandas/core/frame.py::4180,0.196078
pandas/core/frame.py::4181,0.196078
pandas/core/frame.py::4182,0.196078
pandas/core/frame.py::4183,0.196078
pandas/core/frame.py::4184,0.196078
pandas/core/generic.py::3565,0.196078
pandas/core/generic.py::3566,0.196078
pandas/core/generic.py::3567,0.196078
pandas/core/generic.py::3571,0.196078
pandas/core/generic.py::3572,0.196078
pandas/core/generic.py::3573,0.196078
pandas/core/generic.py::7271,0.196078
pandas/core/groupby/groupby.py::895,0.196078
pandas/core/groupby/groupby.py::896,0.196078
pandas/core/groupby/groupby.py::899,0.196078
pandas/core/groupby/groupby.py::900,0.196078
pandas/core/groupby/groupby.py::907,0.196078
pandas/core/groupby/grouper.py::675,0.196078
pandas/core/groupby/ops.py::168,0.196078
pandas/core/groupby/ops.py::169,0.196078
pandas/core/groupby/ops.py::181,0.196078
pandas/core/groupby/ops.py::260,0.196078
pandas/core/groupby/ops.py::883,0.196078
pandas/core/groupby/ops.py::884,0.196078
pandas/core/groupby/ops.py::885,0.196078
pandas/core/groupby/ops.py::887,0.196078
pandas/core/groupby/ops.py::892,0.196078
pandas/core/groupby/ops.py::897,0.196078
pandas/core/groupby/ops.py::919,0.196078
pandas/core/groupby/ops.py::953,0.196078
pandas/core/groupby/ops.py::955,0.196078
pandas/core/groupby/ops.py::956,0.196078
pandas/core/groupby/ops.py::958,0.196078
pandas/core/indexes/base.py::1009,0.196078
pandas/core/indexes/base.py::1010,0.196078
pandas/core/indexes/base.py::1011,0.196078
pandas/core/indexes/base.py::1012,0.196078
pandas/core/indexes/base.py::1014,0.196078
pandas/core/indexes/base.py::1017,0.196078
pandas/core/indexes/base.py::1020,0.196078
pandas/core/indexes/base.py::1022,0.196078
pandas/core/indexes/base.py::1032,0.196078
pandas/core/indexes/base.py::1039,0.196078
pandas/core/indexes/base.py::4154,0.196078
pandas/core/internals/blocks.py::3148,0.196078
pandas/core/internals/blocks.py::3149,0.196078
pandas/core/internals/blocks.py::3150,0.196078
pandas/core/internals/blocks.py::3154,0.196078
pandas/core/internals/blocks.py::322,0.196078
pandas/core/internals/blocks.py::329,0.196078
pandas/core/internals/blocks.py::331,0.196078
pandas/core/internals/blocks.py::334,0.196078
pandas/core/internals/construction.py::126,0.196078
pandas/core/internals/construction.py::129,0.196078
pandas/core/internals/construction.py::130,0.196078
pandas/core/internals/construction.py::135,0.196078
pandas/core/internals/construction.py::211,0.196078
pandas/core/internals/construction.py::213,0.196078
pandas/core/internals/construction.py::214,0.196078
pandas/core/internals/construction.py::216,0.196078
pandas/core/internals/construction.py::217,0.196078
pandas/core/internals/construction.py::225,0.196078
pandas/core/internals/managers.py::1296,0.196078
pandas/core/internals/managers.py::1301,0.196078
pandas/core/internals/managers.py::1302,0.196078
pandas/core/internals/managers.py::1303,0.196078
pandas/core/internals/managers.py::1304,0.196078
pandas/core/internals/managers.py::1305,0.196078
pandas/core/internals/managers.py::206,0.196078
pandas/core/internals/managers.py::740,0.196078
pandas/core/internals/managers.py::743,0.196078
pandas/core/internals/managers.py::751,0.196078
pandas/core/internals/managers.py::752,0.196078
pandas/core/internals/managers.py::754,0.196078
pandas/core/internals/managers.py::755,0.196078
pandas/core/internals/managers.py::756,0.196078
pandas/core/nanops.py::431,0.196078
pandas/core/nanops.py::432,0.196078
pandas/core/reshape/pivot.py::150,0.196078
pandas/core/reshape/pivot.py::205,0.196078
pandas/core/series.py::356,0.196078
pandas/core/series.py::4621,0.196078
pandas/io/formats/console.py::13,0.196078
pandas/io/formats/console.py::15,0.196078
pandas/io/formats/console.py::17,0.196078
pandas/io/formats/console.py::29,0.196078
pandas/io/formats/console.py::41,0.196078
pandas/io/formats/console.py::46,0.196078
pandas/io/formats/console.py::58,0.196078
pandas/io/formats/console.py::60,0.196078
pandas/io/formats/console.py::61,0.196078
pandas/io/formats/console.py::62,0.196078
pandas/io/formats/console.py::65,0.196078
pandas/io/formats/console.py::67,0.196078
pandas/io/formats/console.py::68,0.196078
pandas/io/formats/console.py::69,0.196078
pandas/io/formats/console.py::70,0.196078
pandas/io/formats/printing.py::274,0.196078
pandas/io/formats/printing.py::275,0.196078
pandas/io/formats/printing.py::315,0.196078
pandas/io/formats/printing.py::316,0.196078
pandas/io/formats/printing.py::318,0.196078
pandas/io/formats/printing.py::319,0.196078
pandas/io/formats/printing.py::321,0.196078
pandas/io/formats/printing.py::322,0.196078
pandas/io/formats/printing.py::324,0.196078
pandas/io/formats/printing.py::325,0.196078
pandas/io/formats/printing.py::326,0.196078
pandas/io/formats/printing.py::327,0.196078
pandas/io/formats/printing.py::332,0.196078
pandas/io/formats/printing.py::333,0.196078
pandas/io/formats/printing.py::339,0.196078
pandas/io/formats/printing.py::342,0.196078
pandas/io/formats/printing.py::345,0.196078
pandas/io/formats/printing.py::347,0.196078
pandas/io/formats/printing.py::355,0.196078
pandas/io/formats/printing.py::361,0.196078
pandas/io/formats/printing.py::363,0.196078
pandas/io/formats/printing.py::365,0.196078
pandas/io/formats/printing.py::368,0.196078
pandas/io/formats/printing.py::447,0.196078
pandas/io/formats/printing.py::514,0.196078
pandas/io/formats/printing.py::515,0.196078
pandas/io/formats/printing.py::518,0.196078
pandas/io/formats/printing.py::522,0.196078
pandas/io/formats/printing.py::525,0.196078
pandas/io/formats/printing.py::526,0.196078
pandas/io/formats/printing.py::528,0.196078
pandas/core/base.py::551,0.192344
pandas/core/construction.py::416,0.192344
pandas/core/construction.py::417,0.192344
pandas/core/groupby/generic.py::243,0.192344
pandas/core/groupby/grouper.py::271,0.192344
pandas/core/groupby/ops.py::151,0.192344
pandas/core/indexes/base.py::3219,0.192344
pandas/core/indexes/base.py::3263,0.192344
pandas/core/internals/construction.py::282,0.192344
pandas/core/ops/__init__.py::819,0.192344
pandas/core/ops/__init__.py::830,0.192344
pandas/core/reshape/concat.py::596,0.192344
pandas/core/reshape/pivot.py::196,0.192344
pandas/core/reshape/pivot.py::197,0.192344
pandas/core/reshape/pivot.py::198,0.192344
pandas/core/reshape/pivot.py::201,0.192344
pandas/core/reshape/pivot.py::204,0.192344
pandas/core/reshape/pivot.py::271,0.192344
pandas/core/series.py::258,0.192344
pandas/core/series.py::259,0.192344
pandas/core/series.py::260,0.192344
pandas/core/series.py::340,0.192344
pandas/core/series.py::341,0.192344
pandas/core/series.py::342,0.192344
pandas/core/series.py::352,0.192344
pandas/core/series.py::355,0.192344
pandas/core/series.py::364,0.192344
pandas/core/frame.py::2845,0.188816
pandas/core/frame.py::4653,0.188816
pandas/core/generic.py::439,0.188816
pandas/core/generic.py::4469,0.188816
pandas/core/generic.py::4485,0.188816
pandas/core/generic.py::4486,0.188816
pandas/core/generic.py::4487,0.188816
pandas/core/generic.py::4488,0.188816
pandas/core/generic.py::4491,0.188816
pandas/core/generic.py::4492,0.188816
pandas/core/generic.py::4493,0.188816
pandas/core/generic.py::4496,0.188816
pandas/core/generic.py::4497,0.188816
pandas/core/generic.py::4498,0.188816
pandas/core/generic.py::4499,0.188816
pandas/core/generic.py::4500,0.188816
pandas/core/generic.py::4501,0.188816
pandas/core/generic.py::4504,0.188816
pandas/core/generic.py::7341,0.188816
pandas/core/groupby/grouper.py::587,0.188816
pandas/core/groupby/grouper.py::588,0.188816
pandas/core/groupby/grouper.py::589,0.188816
pandas/core/groupby/grouper.py::590,0.188816
pandas/core/groupby/grouper.py::617,0.188816
pandas/core/groupby/grouper.py::622,0.188816
pandas/core/indexes/base.py::4229,0.188816
pandas/core/indexes/range.py::711,0.188816
pandas/core/internals/managers.py::1540,0.188816
pandas/core/internals/managers.py::1543,0.188816
pandas/core/internals/managers.py::1544,0.188816
pandas/core/reshape/reshape.py::306,0.188816
pandas/core/reshape/reshape.py::307,0.188816
pandas/core/reshape/reshape.py::308,0.188816
pandas/core/reshape/reshape.py::309,0.188816
pandas/core/reshape/reshape.py::310,0.188816
pandas/core/series.py::1198,0.188816
pandas/core/series.py::1199,0.188816
pandas/core/series.py::1200,0.188816
pandas/core/series.py::1201,0.188816
pandas/core/series.py::206,0.188816
pandas/core/series.py::4082,0.188816
pandas/core/generic.py::5599,0.185477
pandas/core/generic.py::5601,0.185477
pandas/core/groupby/groupby.py::801,0.185477
pandas/core/groupby/groupby.py::804,0.185477
pandas/core/groupby/groupby.py::817,0.185477
pandas/core/groupby/groupby.py::830,0.185477
pandas/core/groupby/groupby.py::831,0.185477
pandas/core/indexes/base.py::486,0.185477
pandas/core/indexes/base.py::490,0.185477
pandas/core/internals/blocks.py::3133,0.185477
pandas/core/internals/blocks.py::3134,0.185477
pandas/core/internals/blocks.py::3137,0.185477
pandas/core/internals/managers.py::2038,0.185477
pandas/core/internals/managers.py::2039,0.185477
pandas/core/internals/managers.py::2040,0.185477
pandas/core/internals/managers.py::2041,0.185477
pandas/core/internals/managers.py::2044,0.185477
pandas/core/internals/managers.py::256,0.185477
pandas/core/internals/managers.py::257,0.185477
pandas/io/formats/format.py::387,0.185477
pandas/io/formats/format.py::439,0.185477
pandas/io/formats/format.py::440,0.185477
pandas/io/formats/format.py::443,0.185477
pandas/io/formats/printing.py::185,0.185477
pandas/io/formats/printing.py::190,0.185477
pandas/io/formats/printing.py::191,0.185477
pandas/io/formats/printing.py::196,0.185477
pandas/io/formats/printing.py::197,0.185477
pandas/io/formats/printing.py::204,0.185477
pandas/io/formats/printing.py::205,0.185477
pandas/io/formats/printing.py::206,0.185477
pandas/io/formats/printing.py::208,0.185477
pandas/io/formats/printing.py::210,0.185477
pandas/io/formats/printing.py::212,0.185477
pandas/io/formats/printing.py::218,0.185477
pandas/io/formats/printing.py::226,0.185477
pandas/io/formats/printing.py::231,0.185477
pandas/core/dtypes/cast.py::132,0.182310
pandas/core/generic.py::5207,0.182310
pandas/core/groupby/generic.py::240,0.182310
pandas/core/groupby/groupby.py::798,0.182310
pandas/core/groupby/groupby.py::803,0.182310
pandas/core/groupby/groupby.py::833,0.182310
pandas/core/indexing.py::2348,0.182310
pandas/core/internals/concat.py::104,0.182310
pandas/core/internals/concat.py::105,0.182310
pandas/core/internals/concat.py::109,0.182310
pandas/core/internals/concat.py::111,0.182310
pandas/core/internals/concat.py::68,0.182310
pandas/core/internals/concat.py::70,0.182310
pandas/core/internals/concat.py::72,0.182310
pandas/core/internals/concat.py::73,0.182310
pandas/core/internals/concat.py::74,0.182310
pandas/core/internals/concat.py::76,0.182310
pandas/core/internals/concat.py::79,0.182310
pandas/core/internals/concat.py::80,0.182310
pandas/core/internals/concat.py::83,0.182310
pandas/core/internals/concat.py::91,0.182310
pandas/core/internals/concat.py::92,0.182310
pandas/core/internals/concat.py::93,0.182310
pandas/core/reshape/pivot.py::149,0.182310
pandas/core/reshape/pivot.py::151,0.182310
pandas/core/reshape/pivot.py::152,0.182310
pandas/core/reshape/pivot.py::153,0.182310
pandas/core/reshape/pivot.py::154,0.182310
pandas/core/reshape/pivot.py::155,0.182310
pandas/core/reshape/pivot.py::156,0.182310
pandas/core/reshape/pivot.py::157,0.182310
pandas/core/reshape/pivot.py::158,0.182310
pandas/core/reshape/pivot.py::159,0.182310
pandas/core/reshape/pivot.py::160,0.182310
pandas/core/reshape/pivot.py::193,0.182310
pandas/core/dtypes/cast.py::381,0.179301
pandas/core/dtypes/cast.py::382,0.179301
pandas/core/indexes/base.py::475,0.179301
pandas/core/dtypes/cast.py::136,0.176436
pandas/core/dtypes/cast.py::147,0.176436
pandas/core/dtypes/cast.py::158,0.176436
pandas/core/dtypes/missing.py::256,0.176436
pandas/core/frame.py::2728,0.176436
pandas/core/frame.py::2729,0.176436
pandas/core/generic.py::344,0.176436
pandas/core/generic.py::345,0.176436
pandas/core/generic.py::346,0.176436
pandas/core/generic.py::696,0.176436
pandas/core/generic.py::697,0.176436
pandas/core/generic.py::699,0.176436
pandas/core/generic.py::700,0.176436
pandas/core/generic.py::703,0.176436
pandas/core/generic.py::706,0.176436
pandas/core/generic.py::707,0.176436
pandas/core/generic.py::709,0.176436
pandas/core/generic.py::710,0.176436
pandas/core/generic.py::713,0.176436
pandas/core/generic.py::714,0.176436
pandas/core/indexes/base.py::271,0.176436
pandas/core/internals/concat.py::113,0.176436
pandas/core/internals/concat.py::59,0.176436
pandas/core/internals/concat.py::60,0.176436
pandas/core/internals/concat.py::61,0.176436
pandas/core/internals/concat.py::63,0.176436
pandas/core/internals/concat.py::64,0.176436
pandas/core/internals/concat.py::65,0.176436
pandas/core/internals/concat.py::160,0.173706
pandas/core/internals/concat.py::161,0.173706
pandas/core/internals/concat.py::163,0.173706
pandas/core/internals/concat.py::165,0.173706
pandas/core/internals/concat.py::168,0.173706
pandas/core/internals/concat.py::169,0.173706
pandas/core/internals/concat.py::170,0.173706
pandas/core/internals/concat.py::171,0.173706
pandas/core/internals/concat.py::172,0.173706
pandas/core/internals/concat.py::173,0.173706
pandas/core/internals/managers.py::930,0.173706
pandas/core/internals/managers.py::931,0.173706
pandas/core/internals/managers.py::932,0.173706
pandas/core/internals/managers.py::933,0.173706
pandas/core/generic.py::1858,0.171099
pandas/core/generic.py::1859,0.171099
pandas/core/generic.py::1860,0.171099
pandas/core/nanops.py::463,0.171099
pandas/core/nanops.py::464,0.171099
pandas/core/reshape/concat.py::574,0.171099
pandas/core/reshape/concat.py::581,0.171099
pandas/core/reshape/concat.py::583,0.171099
pandas/core/reshape/concat.py::586,0.171099
pandas/core/dtypes/inference.py::449,0.168607
pandas/core/dtypes/inference.py::450,0.168607
pandas/core/dtypes/cast.py::472,0.166221
pandas/core/dtypes/cast.py::475,0.166221
pandas/core/frame.py::3705,0.166221
pandas/core/indexes/multi.py::2450,0.166221
pandas/core/indexes/multi.py::2452,0.166221
pandas/core/indexes/multi.py::2470,0.166221
pandas/core/indexes/multi.py::2471,0.166221
pandas/core/indexes/multi.py::2474,0.166221
pandas/core/indexes/multi.py::2475,0.166221
pandas/core/indexes/multi.py::2476,0.166221
pandas/core/indexes/multi.py::2481,0.166221
pandas/core/indexes/multi.py::2491,0.166221
pandas/core/indexes/multi.py::2498,0.166221
pandas/core/internals/concat.py::151,0.166221
pandas/core/internals/concat.py::154,0.166221
pandas/core/internals/concat.py::388,0.166221
pandas/core/internals/concat.py::392,0.166221
pandas/core/internals/concat.py::395,0.166221
pandas/core/internals/concat.py::398,0.166221
pandas/core/internals/concat.py::473,0.166221
pandas/core/internals/concat.py::476,0.166221
pandas/core/internals/concat.py::478,0.166221
pandas/core/internals/concat.py::479,0.166221
pandas/core/internals/concat.py::481,0.166221
pandas/core/internals/concat.py::482,0.166221
pandas/core/internals/concat.py::483,0.166221
pandas/core/internals/managers.py::1059,0.166221
pandas/core/internals/managers.py::2045,0.166221
pandas/core/internals/managers.py::2046,0.166221
pandas/core/internals/managers.py::2047,0.166221
pandas/core/frame.py::7007,0.163934
pandas/core/frame.py::7037,0.163934
pandas/core/frame.py::7042,0.163934
pandas/core/frame.py::7044,0.163934
pandas/core/frame.py::7047,0.163934
pandas/core/frame.py::7048,0.163934
pandas/core/frame.py::7049,0.163934
pandas/core/frame.py::7050,0.163934
pandas/core/frame.py::7051,0.163934
pandas/core/frame.py::7052,0.163934
pandas/core/internals/blocks.py::359,0.163934
pandas/core/internals/blocks.py::360,0.163934
pandas/core/internals/blocks.py::362,0.163934
pandas/core/internals/blocks.py::363,0.163934
pandas/core/internals/concat.py::461,0.163934
pandas/core/internals/concat.py::463,0.163934
pandas/core/internals/concat.py::464,0.163934
pandas/core/internals/concat.py::465,0.163934
pandas/core/internals/concat.py::466,0.163934
pandas/core/internals/concat.py::467,0.163934
pandas/core/internals/concat.py::469,0.163934
pandas/core/internals/concat.py::470,0.163934
pandas/core/internals/concat.py::472,0.163934
pandas/core/common.py::172,0.161740
pandas/core/dtypes/missing.py::365,0.161740
pandas/core/indexes/base.py::4260,0.161740
pandas/core/indexes/multi.py::2395,0.161740
pandas/core/indexes/multi.py::2396,0.161740
pandas/core/indexes/multi.py::2399,0.161740
pandas/core/indexes/multi.py::2402,0.161740
pandas/core/indexes/multi.py::2413,0.161740
pandas/core/indexes/multi.py::2416,0.161740
pandas/core/indexes/multi.py::2422,0.161740
pandas/core/indexes/multi.py::2428,0.161740
pandas/core/indexes/multi.py::2430,0.161740
pandas/core/internals/blocks.py::691,0.161740
pandas/core/internals/blocks.py::700,0.161740
pandas/core/internals/blocks.py::708,0.161740
pandas/core/internals/managers.py::1068,0.161740
pandas/core/internals/managers.py::1070,0.161740
pandas/core/internals/managers.py::1071,0.161740
pandas/core/internals/managers.py::1192,0.161740
pandas/core/internals/managers.py::1193,0.161740
pandas/core/reshape/concat.py::307,0.161740
pandas/core/reshape/concat.py::359,0.161740
pandas/core/reshape/concat.py::360,0.161740
pandas/core/dtypes/cast.py::471,0.159632
pandas/core/generic.py::6210,0.159632
pandas/core/generic.py::6253,0.159632
pandas/core/generic.py::6256,0.159632
pandas/core/internals/blocks.py::401,0.159632
pandas/core/internals/blocks.py::403,0.159632
pandas/core/internals/blocks.py::404,0.159632
pandas/core/internals/blocks.py::411,0.159632
pandas/core/internals/managers.py::411,0.159632
pandas/core/internals/managers.py::412,0.159632
pandas/core/internals/managers.py::421,0.159632
pandas/core/internals/managers.py::422,0.159632
pandas/core/internals/managers.py::575,0.159632
pandas/core/dtypes/cast.py::574,0.157604
pandas/core/dtypes/cast.py::575,0.157604
pandas/core/dtypes/cast.py::577,0.157604
pandas/core/dtypes/cast.py::580,0.157604
pandas/core/generic.py::4467,0.157604
pandas/core/generic.py::6175,0.157604
pandas/core/generic.py::6176,0.157604
pandas/core/generic.py::6178,0.157604
pandas/core/generic.py::6182,0.157604
pandas/core/generic.py::6183,0.157604
pandas/core/generic.py::6184,0.157604
pandas/core/generic.py::6186,0.157604
pandas/core/generic.py::6207,0.157604
pandas/core/indexes/api.py::134,0.157604
pandas/core/indexes/base.py::4406,0.157604
pandas/core/indexes/multi.py::3115,0.157604
pandas/core/indexes/range.py::415,0.157604
pandas/core/indexes/range.py::416,0.157604
pandas/util/_validators.py::355,0.157604
pandas/util/_validators.py::357,0.157604
pandas/util/_validators.py::359,0.157604
pandas/util/_validators.py::362,0.157604
pandas/util/_validators.py::363,0.157604
pandas/util/_validators.py::372,0.157604
pandas/core/dtypes/cast.py::101,0.155653
pandas/core/dtypes/cast.py::103,0.155653
pandas/core/dtypes/cast.py::107,0.155653
pandas/core/dtypes/cast.py::130,0.155653
pandas/core/dtypes/cast.py::131,0.155653
pandas/core/dtypes/cast.py::380,0.155653
pandas/core/dtypes/cast.py::99,0.155653
pandas/core/indexes/base.py::4259,0.155653
pandas/core/indexes/base.py::4262,0.155653
pandas/core/indexes/base.py::4263,0.155653
pandas/core/indexes/base.py::4264,0.155653
pandas/core/indexes/base.py::4265,0.155653
pandas/core/indexes/range.py::197,0.155653
pandas/core/series.py::4184,0.155653
pandas/core/dtypes/missing.py::150,0.153772
pandas/core/indexes/base.py::4400,0.153772
pandas/core/indexes/base.py::4402,0.153772
pandas/core/indexes/base.py::4403,0.153772
pandas/_config/config.py::102,0.151959
pandas/_config/config.py::105,0.151959
pandas/_config/config.py::106,0.151959
pandas/_config/config.py::543,0.151959
pandas/core/indexes/base.py::4122,0.151959
pandas/core/indexes/base.py::4124,0.151959
pandas/core/indexes/base.py::4129,0.151959
pandas/core/indexes/base.py::5286,0.151959
pandas/core/indexes/base.py::5287,0.151959
pandas/core/indexes/base.py::5288,0.151959
pandas/core/indexes/base.py::5289,0.151959
pandas/core/internals/blocks.py::314,0.151959
pandas/core/internals/managers.py::1169,0.151959
pandas/core/internals/managers.py::1173,0.151959
pandas/core/internals/managers.py::1177,0.151959
pandas/core/internals/managers.py::1179,0.151959
pandas/core/internals/managers.py::1181,0.151959
pandas/core/internals/managers.py::1190,0.151959
pandas/core/internals/managers.py::1198,0.151959
pandas/core/internals/managers.py::1199,0.151959
pandas/core/internals/managers.py::1200,0.151959
pandas/core/internals/managers.py::1202,0.151959
pandas/core/internals/managers.py::1204,0.151959
pandas/core/construction.py::434,0.150208
pandas/core/construction.py::438,0.150208
pandas/core/construction.py::440,0.150208
pandas/core/construction.py::441,0.150208
pandas/core/construction.py::444,0.150208
pandas/core/construction.py::445,0.150208
pandas/core/construction.py::450,0.150208
pandas/core/dtypes/cast.py::1230,0.150208
pandas/core/dtypes/cast.py::1234,0.150208
pandas/core/dtypes/cast.py::1239,0.150208
pandas/core/dtypes/cast.py::1242,0.150208
pandas/core/dtypes/cast.py::1245,0.150208
pandas/core/dtypes/cast.py::1252,0.150208
pandas/core/dtypes/cast.py::1253,0.150208
pandas/core/dtypes/cast.py::1255,0.150208
pandas/core/dtypes/cast.py::929,0.150208
pandas/core/dtypes/common.py::1677,0.150208
pandas/core/groupby/groupby.py::2411,0.148517
pandas/core/groupby/ops.py::333,0.148517
pandas/core/internals/concat.py::119,0.148517
pandas/core/internals/concat.py::121,0.148517
pandas/core/internals/concat.py::122,0.148517
pandas/core/internals/concat.py::123,0.148517
pandas/core/internals/concat.py::448,0.148517
pandas/core/internals/managers.py::1073,0.148517
pandas/core/internals/managers.py::1074,0.148517
pandas/core/internals/managers.py::1076,0.148517
pandas/core/internals/managers.py::1077,0.148517
pandas/core/internals/managers.py::1079,0.148517
pandas/core/internals/managers.py::1080,0.148517
pandas/core/internals/managers.py::1081,0.148517
pandas/core/internals/managers.py::1082,0.148517
pandas/core/internals/managers.py::1083,0.148517
pandas/core/internals/managers.py::1085,0.148517
pandas/core/internals/managers.py::1086,0.148517
pandas/core/internals/managers.py::1087,0.148517
pandas/core/internals/managers.py::1101,0.148517
pandas/core/internals/managers.py::1116,0.148517
pandas/core/internals/managers.py::2037,0.148517
pandas/core/internals/managers.py::2054,0.148517
pandas/core/ops/__init__.py::122,0.148517
pandas/core/ops/__init__.py::123,0.148517
pandas/core/ops/__init__.py::124,0.148517
pandas/core/ops/__init__.py::125,0.148517
pandas/core/ops/__init__.py::126,0.148517
pandas/core/ops/__init__.py::96,0.148517
pandas/core/frame.py::3631,0.146882
pandas/core/frame.py::3632,0.146882
pandas/core/frame.py::3648,0.146882
pandas/core/frame.py::3651,0.146882
pandas/core/generic.py::393,0.146882
pandas/core/generic.py::394,0.146882
pandas/core/indexes/api.py::101,0.146882
pandas/core/indexes/api.py::102,0.146882
pandas/core/indexes/api.py::103,0.146882
pandas/core/indexes/api.py::104,0.146882
pandas/core/indexes/api.py::105,0.146882
pandas/core/indexes/api.py::106,0.146882
pandas/core/indexes/api.py::107,0.146882
pandas/core/indexes/api.py::130,0.146882
pandas/core/indexes/api.py::131,0.146882
pandas/core/indexes/api.py::133,0.146882
pandas/core/indexes/api.py::143,0.146882
pandas/core/indexes/api.py::148,0.146882
pandas/core/indexes/api.py::91,0.146882
pandas/core/indexes/api.py::92,0.146882
pandas/core/indexes/api.py::93,0.146882
pandas/core/indexes/range.py::189,0.146882
pandas/core/indexes/range.py::190,0.146882
pandas/core/indexes/range.py::191,0.146882
pandas/core/indexes/range.py::193,0.146882
pandas/core/indexes/range.py::241,0.146882
pandas/core/indexes/range.py::263,0.146882
pandas/core/indexes/range.py::287,0.146882
pandas/core/internals/concat.py::44,0.146882
pandas/core/internals/concat.py::444,0.146882
pandas/core/internals/concat.py::45,0.146882
pandas/core/internals/concat.py::47,0.146882
pandas/core/internals/concat.py::49,0.146882
pandas/core/internals/concat.py::55,0.146882
pandas/core/internals/managers.py::2030,0.146882
pandas/core/internals/managers.py::2032,0.146882
pandas/core/internals/managers.py::2033,0.146882
pandas/core/internals/managers.py::2035,0.146882
pandas/core/internals/managers.py::2056,0.146882
pandas/core/reshape/concat.py::370,0.146882
pandas/core/reshape/concat.py::375,0.146882
pandas/core/reshape/concat.py::457,0.146882
pandas/core/reshape/concat.py::458,0.146882
pandas/core/reshape/concat.py::459,0.146882
pandas/core/reshape/concat.py::460,0.146882
pandas/core/reshape/concat.py::461,0.146882
pandas/core/reshape/concat.py::462,0.146882
pandas/core/reshape/concat.py::464,0.146882
pandas/core/reshape/concat.py::466,0.146882
pandas/core/reshape/concat.py::467,0.146882
pandas/core/reshape/concat.py::470,0.146882
pandas/core/reshape/concat.py::472,0.146882
pandas/core/reshape/concat.py::473,0.146882
pandas/core/reshape/concat.py::475,0.146882
pandas/core/reshape/concat.py::478,0.146882
pandas/core/reshape/concat.py::479,0.146882
pandas/core/reshape/concat.py::480,0.146882
pandas/core/reshape/concat.py::497,0.146882
pandas/core/reshape/concat.py::526,0.146882
pandas/core/reshape/concat.py::527,0.146882
pandas/core/reshape/concat.py::528,0.146882
pandas/core/reshape/concat.py::529,0.146882
pandas/core/reshape/concat.py::568,0.146882
pandas/core/reshape/concat.py::739,0.146882
pandas/core/reshape/concat.py::744,0.146882
pandas/core/reshape/pivot.py::109,0.146882
pandas/core/reshape/pivot.py::110,0.146882
pandas/core/series.py::4024,0.146882
pandas/core/series.py::4026,0.146882
pandas/core/series.py::4027,0.146882
pandas/core/series.py::4029,0.146882
pandas/core/series.py::4033,0.146882
pandas/core/series.py::4036,0.146882
pandas/core/series.py::4039,0.146882
pandas/core/series.py::4045,0.146882
pandas/core/series.py::4046,0.146882
pandas/core/series.py::4050,0.146882
pandas/core/series.py::4051,0.146882
pandas/core/dtypes/inference.py::447,0.145300
pandas/core/dtypes/inference.py::448,0.145300
pandas/core/frame.py::2904,0.145300
pandas/core/frame.py::2905,0.145300
pandas/core/frame.py::2906,0.145300
pandas/core/frame.py::2908,0.145300
pandas/core/generic.py::5234,0.145300
pandas/core/internals/managers.py::1994,0.145300
pandas/core/internals/managers.py::1995,0.145300
pandas/core/internals/managers.py::1996,0.145300
pandas/core/reshape/concat.py::244,0.145300
pandas/core/reshape/concat.py::245,0.145300
pandas/core/reshape/concat.py::246,0.145300
pandas/core/reshape/concat.py::247,0.145300
pandas/core/reshape/concat.py::248,0.145300
pandas/core/reshape/concat.py::249,0.145300
pandas/core/reshape/concat.py::250,0.145300
pandas/core/reshape/concat.py::251,0.145300
pandas/core/reshape/concat.py::252,0.145300
pandas/core/reshape/concat.py::253,0.145300
pandas/core/reshape/concat.py::254,0.145300
pandas/core/reshape/concat.py::255,0.145300
pandas/core/reshape/concat.py::258,0.145300
pandas/core/reshape/concat.py::280,0.145300
pandas/core/reshape/concat.py::287,0.145300
pandas/core/reshape/concat.py::288,0.145300
pandas/core/reshape/concat.py::296,0.145300
pandas/core/reshape/concat.py::301,0.145300
pandas/core/reshape/concat.py::303,0.145300
pandas/core/reshape/concat.py::306,0.145300
pandas/core/reshape/concat.py::321,0.145300
pandas/core/reshape/concat.py::325,0.145300
pandas/core/reshape/concat.py::326,0.145300
pandas/core/reshape/concat.py::327,0.145300
pandas/core/reshape/concat.py::335,0.145300
pandas/core/reshape/concat.py::336,0.145300
pandas/core/reshape/concat.py::341,0.145300
pandas/core/reshape/concat.py::342,0.145300
pandas/core/reshape/concat.py::353,0.145300
pandas/core/reshape/concat.py::356,0.145300
pandas/core/reshape/concat.py::357,0.145300
pandas/core/reshape/concat.py::362,0.145300
pandas/core/reshape/concat.py::364,0.145300
pandas/core/reshape/concat.py::367,0.145300
pandas/core/reshape/concat.py::373,0.145300
pandas/core/reshape/concat.py::374,0.145300
pandas/core/reshape/concat.py::377,0.145300
pandas/core/reshape/concat.py::378,0.145300
pandas/core/reshape/concat.py::386,0.145300
pandas/core/reshape/concat.py::417,0.145300
pandas/core/reshape/concat.py::418,0.145300
pandas/core/reshape/concat.py::419,0.145300
pandas/core/reshape/concat.py::420,0.145300
pandas/core/reshape/concat.py::421,0.145300
pandas/core/reshape/concat.py::422,0.145300
pandas/core/reshape/concat.py::424,0.145300
pandas/core/reshape/concat.py::425,0.145300
pandas/core/reshape/concat.py::426,0.145300
pandas/core/reshape/concat.py::428,0.145300
pandas/core/reshape/concat.py::433,0.145300
pandas/core/reshape/concat.py::484,0.145300
pandas/core/reshape/concat.py::487,0.145300
pandas/core/reshape/concat.py::490,0.145300
pandas/core/reshape/concat.py::491,0.145300
pandas/core/reshape/concat.py::493,0.145300
pandas/core/reshape/concat.py::494,0.145300
pandas/core/reshape/concat.py::495,0.145300
pandas/core/reshape/concat.py::496,0.145300
pandas/core/reshape/concat.py::522,0.145300
pandas/core/reshape/concat.py::523,0.145300
pandas/core/reshape/concat.py::539,0.145300
pandas/core/reshape/concat.py::570,0.145300
pandas/core/series.py::276,0.145300
pandas/core/series.py::280,0.145300
pandas/core/series.py::284,0.145300
pandas/core/generic.py::11649,0.143768
pandas/core/generic.py::11650,0.143768
pandas/core/generic.py::11656,0.143768
pandas/core/generic.py::11657,0.143768
pandas/core/generic.py::11658,0.143768
pandas/core/generic.py::11659,0.143768
pandas/core/generic.py::11660,0.143768
pandas/core/generic.py::11661,0.143768
pandas/core/generic.py::11662,0.143768
pandas/core/groupby/ops.py::317,0.143768
pandas/core/groupby/ops.py::318,0.143768
pandas/core/internals/managers.py::1040,0.143768
pandas/core/internals/managers.py::1050,0.143768
pandas/core/internals/managers.py::1058,0.143768
pandas/core/internals/managers.py::1061,0.143768
pandas/core/generic.py::5232,0.142284
pandas/core/generic.py::5233,0.142284
pandas/core/indexes/base.py::1440,0.142284
pandas/core/indexes/base.py::1443,0.142284
pandas/core/arrays/categorical.py::359,0.140845
pandas/core/arrays/categorical.py::360,0.140845
pandas/core/base.py::540,0.140845
pandas/core/base.py::544,0.140845
pandas/core/base.py::546,0.140845
pandas/core/base.py::547,0.140845
pandas/core/construction.py::429,0.140845
pandas/core/indexes/range.py::411,0.140845
pandas/core/internals/managers.py::1598,0.140845
pandas/core/common.py::141,0.139449
pandas/core/common.py::142,0.139449
pandas/core/common.py::143,0.139449
pandas/core/common.py::241,0.139449
pandas/core/generic.py::669,0.139449
pandas/core/generic.py::670,0.139449
pandas/core/series.py::274,0.139449
pandas/core/base.py::336,0.138094
pandas/core/frame.py::3704,0.138094
pandas/core/frame.py::3710,0.138094
pandas/core/indexes/base.py::1648,0.138094
pandas/core/indexes/base.py::1649,0.138094
pandas/core/indexes/base.py::1650,0.138094
pandas/core/indexes/base.py::1653,0.138094
pandas/core/indexes/base.py::1654,0.138094
pandas/core/indexes/base.py::4254,0.138094
pandas/core/base.py::635,0.136778
pandas/core/indexes/base.py::407,0.136778
pandas/core/indexes/base.py::414,0.136778
pandas/core/indexing.py::2343,0.136778
pandas/core/sorting.py::351,0.136778
pandas/core/dtypes/cast.py::431,0.135499
pandas/core/dtypes/cast.py::434,0.135499
pandas/core/dtypes/cast.py::442,0.135499
pandas/core/dtypes/cast.py::452,0.135499
pandas/core/dtypes/cast.py::464,0.135499
pandas/core/dtypes/cast.py::468,0.135499
pandas/core/dtypes/cast.py::491,0.135499
pandas/core/generic.py::3641,0.135499
pandas/core/indexes/base.py::371,0.135499
pandas/core/indexes/base.py::378,0.135499
pandas/core/internals/managers.py::176,0.135499
pandas/core/internals/managers.py::177,0.135499
pandas/core/internals/managers.py::178,0.135499
pandas/core/internals/managers.py::180,0.135499
pandas/core/internals/managers.py::186,0.135499
pandas/core/frame.py::3051,0.134256
pandas/core/generic.py::3640,0.134256
pandas/core/indexes/base.py::3221,0.134256
pandas/core/indexes/base.py::3243,0.134256
pandas/core/indexes/base.py::3244,0.134256
pandas/core/reshape/pivot.py::170,0.134256
pandas/core/dtypes/cast.py::191,0.133046
pandas/core/dtypes/cast.py::192,0.133046
pandas/core/dtypes/common.py::1909,0.133046
pandas/core/dtypes/common.py::1911,0.133046
pandas/core/frame.py::2898,0.133046
pandas/core/frame.py::2899,0.133046
pandas/core/frame.py::2900,0.133046
pandas/core/frame.py::2916,0.133046
pandas/core/frame.py::2927,0.133046
pandas/core/frame.py::2928,0.133046
pandas/core/indexes/frozen.py::180,0.133046
pandas/core/indexes/frozen.py::181,0.133046
pandas/core/indexes/frozen.py::185,0.133046
pandas/core/indexes/multi.py::2640,0.133046
pandas/core/indexes/multi.py::2641,0.133046
pandas/core/indexes/multi.py::2654,0.133046
pandas/core/indexes/multi.py::2921,0.133046
pandas/core/indexes/multi.py::2929,0.133046
pandas/core/indexes/multi.py::2930,0.133046
pandas/core/indexes/multi.py::2931,0.133046
pandas/core/indexes/multi.py::2934,0.133046
pandas/core/indexes/multi.py::3471,0.133046
pandas/core/indexes/multi.py::3472,0.133046
pandas/core/indexes/multi.py::3480,0.133046
pandas/core/indexes/multi.py::3481,0.133046
pandas/core/indexes/multi.py::3485,0.133046
pandas/core/indexing.py::980,0.133046
pandas/core/algorithms.py::687,0.131868
pandas/core/frame.py::2970,0.131868
pandas/core/frame.py::2973,0.131868
pandas/core/frame.py::2974,0.131868
pandas/core/frame.py::2979,0.131868
pandas/core/frame.py::2981,0.131868
pandas/core/frame.py::2985,0.131868
pandas/core/frame.py::3043,0.131868
pandas/core/frame.py::3044,0.131868
pandas/core/frame.py::3045,0.131868
pandas/core/frame.py::3050,0.131868
pandas/core/generic.py::3576,0.131868
pandas/core/generic.py::3577,0.131868
pandas/core/internals/managers.py::1039,0.131868
pandas/core/internals/managers.py::1044,0.131868
pandas/core/internals/managers.py::1066,0.131868
pandas/core/internals/managers.py::1067,0.131868
pandas/core/series.py::932,0.131868
pandas/core/indexes/base.py::1621,0.130722
pandas/core/indexes/base.py::1622,0.130722
pandas/core/indexes/base.py::1624,0.130722
pandas/core/indexes/base.py::1626,0.130722
pandas/core/indexes/base.py::1628,0.130722
pandas/core/indexes/base.py::1636,0.130722
pandas/core/indexes/base.py::1637,0.130722
pandas/core/indexes/base.py::1638,0.130722
pandas/core/indexes/base.py::1640,0.130722
pandas/core/indexes/base.py::1641,0.130722
pandas/core/indexes/base.py::1642,0.130722
pandas/core/indexes/base.py::1643,0.130722
pandas/core/indexes/base.py::1645,0.130722
pandas/core/indexes/multi.py::2001,0.130722
pandas/core/indexes/multi.py::2003,0.130722
pandas/core/reshape/pivot.py::403,0.130722
pandas/core/frame.py::2851,0.129605
pandas/core/frame.py::2853,0.129605
pandas/core/frame.py::2856,0.129605
pandas/core/frame.py::2859,0.129605
pandas/core/frame.py::2861,0.129605
pandas/core/frame.py::2869,0.129605
pandas/core/indexes/base.py::3218,0.129605
pandas/core/indexes/base.py::3223,0.129605
pandas/core/indexes/base.py::3224,0.129605
pandas/core/indexes/base.py::3284,0.129605
pandas/core/indexes/base.py::3307,0.129605
pandas/core/indexes/base.py::4797,0.129605
pandas/core/indexes/base.py::4798,0.129605
pandas/core/indexing.py::1047,0.129605
pandas/core/indexing.py::1048,0.129605
pandas/core/indexing.py::1052,0.129605
pandas/core/indexing.py::1054,0.129605
pandas/core/indexing.py::1058,0.129605
pandas/core/indexing.py::1061,0.129605
pandas/core/indexing.py::1062,0.129605
pandas/core/indexing.py::1063,0.129605
pandas/core/indexing.py::1064,0.129605
pandas/core/indexing.py::1068,0.129605
pandas/core/indexing.py::1069,0.129605
pandas/core/indexing.py::1071,0.129605
pandas/core/indexing.py::1142,0.129605
pandas/core/indexing.py::1144,0.129605
pandas/core/indexing.py::1148,0.129605
pandas/core/indexing.py::1150,0.129605
pandas/core/indexing.py::851,0.129605
pandas/core/reshape/pivot.py::399,0.129605
pandas/core/frame.py::2822,0.128516
pandas/core/frame.py::2896,0.128516
pandas/core/frame.py::2897,0.128516
pandas/core/internals/managers.py::651,0.128516
pandas/core/dtypes/inference.py::417,0.127454
pandas/core/dtypes/inference.py::418,0.127454
pandas/core/indexes/multi.py::1996,0.127454
pandas/core/indexes/multi.py::2006,0.127454
pandas/core/indexes/multi.py::2008,0.127454
pandas/core/indexes/multi.py::2009,0.127454
pandas/core/indexes/multi.py::2010,0.127454
pandas/core/indexes/multi.py::2011,0.127454
pandas/core/indexes/multi.py::2012,0.127454
pandas/core/indexes/multi.py::2013,0.127454
pandas/core/frame.py::3096,0.126418
pandas/core/frame.py::3628,0.126418
pandas/core/frame.py::3650,0.126418
pandas/core/frame.py::3700,0.126418
pandas/core/construction.py::525,0.125407
pandas/core/construction.py::526,0.125407
pandas/core/reshape/pivot.py::398,0.125407
pandas/core/frame.py::2842,0.124421
pandas/core/frame.py::2844,0.124421
pandas/core/indexes/multi.py::1985,0.124421
pandas/core/indexes/multi.py::1987,0.124421
pandas/core/indexes/multi.py::1988,0.124421
pandas/core/indexes/multi.py::1989,0.124421
pandas/core/indexes/multi.py::1992,0.124421
pandas/core/indexes/multi.py::1994,0.124421
pandas/core/indexes/multi.py::2656,0.124421
pandas/core/indexes/multi.py::2657,0.124421
pandas/core/indexes/multi.py::2663,0.124421
pandas/core/indexes/multi.py::2664,0.124421
pandas/core/dtypes/cast.py::187,0.123457
pandas/core/dtypes/cast.py::219,0.123457
pandas/core/dtypes/cast.py::378,0.123457
pandas/core/frame.py::2833,0.123457
pandas/core/frame.py::2837,0.123457
pandas/core/reshape/reshape.py::214,0.123457
pandas/core/reshape/reshape.py::218,0.123457
pandas/core/reshape/reshape.py::219,0.123457
pandas/core/reshape/reshape.py::220,0.123457
pandas/core/reshape/reshape.py::222,0.123457
pandas/core/reshape/reshape.py::224,0.123457
pandas/core/reshape/reshape.py::225,0.123457
pandas/core/reshape/reshape.py::230,0.123457
pandas/core/reshape/reshape.py::234,0.123457
pandas/core/reshape/reshape.py::239,0.123457
pandas/core/reshape/reshape.py::242,0.123457
pandas/core/reshape/reshape.py::243,0.123457
pandas/core/reshape/reshape.py::244,0.123457
pandas/core/reshape/reshape.py::245,0.123457
pandas/core/reshape/reshape.py::246,0.123457
pandas/core/reshape/reshape.py::247,0.123457
pandas/core/reshape/reshape.py::248,0.123457
pandas/core/reshape/reshape.py::249,0.123457
pandas/core/reshape/reshape.py::250,0.123457
pandas/core/reshape/reshape.py::254,0.123457
pandas/core/reshape/reshape.py::257,0.123457
pandas/core/dtypes/cast.py::208,0.122515
pandas/core/dtypes/cast.py::213,0.122515
pandas/core/dtypes/cast.py::214,0.122515
pandas/core/dtypes/cast.py::216,0.122515
pandas/core/dtypes/cast.py::217,0.122515
pandas/core/dtypes/cast.py::218,0.122515
pandas/core/frame.py::2826,0.122515
pandas/core/frame.py::2827,0.122515
pandas/core/frame.py::968,0.122515
pandas/core/indexes/multi.py::410,0.122515
pandas/core/indexes/multi.py::411,0.122515
pandas/core/indexes/multi.py::413,0.122515
pandas/core/indexes/multi.py::417,0.122515
pandas/core/indexes/multi.py::418,0.122515
pandas/core/indexes/multi.py::423,0.122515
pandas/core/indexes/multi.py::424,0.122515
pandas/core/indexes/multi.py::427,0.122515
pandas/core/indexes/multi.py::428,0.122515
pandas/core/indexes/multi.py::431,0.122515
pandas/core/indexes/multi.py::432,0.122515
pandas/core/indexes/multi.py::433,0.122515
pandas/core/indexes/multi.py::434,0.122515
pandas/core/indexes/multi.py::435,0.122515
pandas/core/indexes/multi.py::436,0.122515
pandas/core/dtypes/cast.py::185,0.121595
pandas/core/dtypes/cast.py::372,0.121595
pandas/core/dtypes/cast.py::377,0.121595
pandas/core/groupby/groupby.py::2423,0.121595
pandas/core/indexes/multi.py::97,0.121595
pandas/core/dtypes/cast.py::196,0.120695
pandas/core/dtypes/cast.py::201,0.120695
pandas/core/dtypes/cast.py::202,0.120695
pandas/core/dtypes/cast.py::204,0.120695
pandas/core/internals/blocks.py::3165,0.120695
pandas/core/internals/blocks.py::3172,0.120695
pandas/core/internals/blocks.py::3173,0.120695
pandas/core/internals/blocks.py::3175,0.120695
pandas/core/internals/blocks.py::3176,0.120695
pandas/core/internals/blocks.py::3177,0.120695
pandas/core/internals/blocks.py::3179,0.120695
pandas/core/sorting.py::348,0.120695
pandas/core/sorting.py::349,0.120695
pandas/core/dtypes/cast.py::194,0.119815
pandas/core/indexing.py::242,0.119815
pandas/core/indexing.py::2457,0.119815
pandas/core/indexing.py::2460,0.119815
pandas/core/indexing.py::2462,0.119815
pandas/core/indexing.py::2463,0.119815
pandas/core/indexing.py::887,0.119815
pandas/core/indexing.py::906,0.119815
pandas/core/indexing.py::909,0.119815
pandas/core/indexing.py::912,0.119815
pandas/core/indexing.py::918,0.119815
pandas/core/indexing.py::923,0.119815
pandas/core/indexing.py::930,0.119815
pandas/core/indexing.py::931,0.119815
pandas/core/indexing.py::935,0.119815
pandas/core/indexing.py::936,0.119815
pandas/core/indexing.py::949,0.119815
pandas/core/indexing.py::961,0.119815
pandas/core/indexing.py::962,0.119815
pandas/core/indexing.py::963,0.119815
pandas/core/indexing.py::965,0.119815
pandas/core/indexing.py::966,0.119815
pandas/core/indexing.py::967,0.119815
pandas/core/indexing.py::969,0.119815
pandas/core/indexing.py::970,0.119815
pandas/core/indexing.py::971,0.119815
pandas/core/indexing.py::974,0.119815
pandas/core/indexing.py::979,0.119815
pandas/core/indexing.py::982,0.119815
pandas/core/internals/blocks.py::171,0.119815
pandas/core/internals/blocks.py::3160,0.119815
pandas/core/internals/blocks.py::3163,0.119815
pandas/core/internals/managers.py::1904,0.119815
pandas/core/internals/managers.py::1905,0.119815
pandas/core/internals/managers.py::1907,0.119815
pandas/core/internals/managers.py::1908,0.119815
pandas/core/internals/managers.py::1909,0.119815
pandas/core/internals/managers.py::1910,0.119815
pandas/core/internals/managers.py::1912,0.119815
pandas/core/internals/managers.py::1913,0.119815
pandas/core/internals/managers.py::937,0.119815
pandas/core/internals/managers.py::938,0.119815
pandas/core/internals/managers.py::939,0.119815
pandas/core/internals/managers.py::940,0.119815
pandas/core/indexing.py::243,0.118954
pandas/core/indexing.py::2470,0.118954
pandas/core/indexing.py::898,0.118954
pandas/core/indexing.py::904,0.118954
pandas/core/indexing.py::905,0.118954
pandas/core/indexing.py::890,0.118111
pandas/core/indexing.py::893,0.118111
pandas/core/arrays/categorical.py::2744,0.117286
pandas/core/arrays/categorical.py::2745,0.117286
pandas/core/arrays/categorical.py::2746,0.117286
pandas/core/indexes/base.py::1913,0.116478
pandas/core/indexes/base.py::1914,0.116478
pandas/core/arrays/categorical.py::2769,0.115687
pandas/core/arrays/categorical.py::2772,0.115687
pandas/core/generic.py::3363,0.115687
pandas/core/indexes/base.py::5697,0.115687
pandas/core/indexes/base.py::5700,0.115687
pandas/core/indexes/base.py::5702,0.115687
pandas/core/indexes/base.py::5707,0.115687
pandas/core/reshape/pivot.py::168,0.115687
pandas/core/arrays/categorical.py::2728,0.114912
pandas/core/arrays/categorical.py::2730,0.114912
pandas/core/arrays/categorical.py::2733,0.114912
pandas/core/arrays/categorical.py::2747,0.114912
pandas/core/generic.py::1959,0.114912
pandas/core/indexes/base.py::874,0.114912
pandas/core/indexes/base.py::877,0.114912
pandas/core/reshape/pivot.py::167,0.114912
pandas/core/reshape/reshape.py::402,0.114912
pandas/core/indexes/multi.py::994,0.114152
pandas/core/indexes/multi.py::995,0.114152
pandas/core/indexing.py::1728,0.114152
pandas/core/indexing.py::1735,0.114152
pandas/core/generic.py::3271,0.113407
pandas/core/indexes/numeric.py::85,0.113407
pandas/core/algorithms.py::1691,0.112677
pandas/core/indexes/multi.py::1370,0.112677
pandas/core/indexes/multi.py::1371,0.112677
pandas/core/indexes/multi.py::1818,0.112677
pandas/core/indexes/multi.py::3117,0.112677
pandas/core/indexes/multi.py::3118,0.112677
pandas/core/indexes/multi.py::3119,0.112677
pandas/core/indexes/multi.py::3120,0.112677
pandas/core/indexes/multi.py::3121,0.112677
pandas/core/indexes/multi.py::3124,0.112677
pandas/core/indexes/multi.py::3125,0.112677
pandas/core/indexes/multi.py::3126,0.112677
pandas/core/indexes/multi.py::3127,0.112677
pandas/core/indexes/multi.py::3135,0.112677
pandas/core/indexes/multi.py::3138,0.112677
pandas/core/indexes/multi.py::3141,0.112677
pandas/core/frame.py::4994,0.111257
pandas/core/frame.py::4996,0.111257
pandas/core/frame.py::4997,0.111257
pandas/core/frame.py::4998,0.111257
pandas/core/frame.py::4999,0.111257
pandas/core/frame.py::5018,0.111257
pandas/core/frame.py::5019,0.111257
pandas/core/frame.py::5022,0.111257
pandas/core/frame.py::5024,0.111257
pandas/core/frame.py::5027,0.111257
pandas/core/indexes/base.py::1937,0.111257
pandas/core/indexes/multi.py::1368,0.111257
pandas/core/indexes/multi.py::1762,0.111257
pandas/core/indexes/multi.py::1766,0.111257
pandas/core/indexes/multi.py::1772,0.111257
pandas/core/indexes/multi.py::1773,0.111257
pandas/core/indexes/multi.py::1774,0.111257
pandas/core/indexes/multi.py::1775,0.111257
pandas/core/indexes/multi.py::1817,0.111257
pandas/core/indexes/multi.py::2275,0.111257
pandas/core/indexes/multi.py::2276,0.111257
pandas/core/indexes/multi.py::2277,0.111257
pandas/core/indexes/multi.py::2278,0.111257
pandas/core/indexes/multi.py::2282,0.111257
pandas/core/indexes/multi.py::2283,0.111257
pandas/core/indexes/numeric.py::256,0.111257
pandas/core/indexes/numeric.py::65,0.111257
pandas/core/indexes/numeric.py::66,0.111257
pandas/core/indexing.py::2354,0.111257
pandas/core/reshape/pivot.py::126,0.111257
pandas/core/sorting.py::186,0.111257
pandas/core/sorting.py::187,0.111257
pandas/core/sorting.py::193,0.111257
pandas/core/sorting.py::195,0.111257
pandas/core/sorting.py::196,0.111257
pandas/core/sorting.py::197,0.111257
pandas/core/sorting.py::198,0.111257
pandas/core/sorting.py::202,0.111257
pandas/core/sorting.py::205,0.111257
pandas/core/sorting.py::206,0.111257
pandas/core/sorting.py::212,0.111257
pandas/core/sorting.py::215,0.111257
pandas/core/sorting.py::216,0.111257
pandas/core/sorting.py::218,0.111257
pandas/core/sorting.py::219,0.111257
pandas/core/sorting.py::220,0.111257
pandas/core/sorting.py::221,0.111257
pandas/core/sorting.py::229,0.111257
pandas/core/sorting.py::232,0.111257
pandas/core/sorting.py::233,0.111257
pandas/core/sorting.py::235,0.111257
pandas/core/algorithms.py::1678,0.110567
pandas/core/algorithms.py::1681,0.110567
pandas/core/algorithms.py::1682,0.110567
pandas/core/algorithms.py::1683,0.110567
pandas/core/algorithms.py::1684,0.110567
pandas/core/dtypes/cast.py::360,0.110567
pandas/core/frame.py::5993,0.110567
pandas/core/frame.py::5995,0.110567
pandas/core/frame.py::5996,0.110567
pandas/core/frame.py::5997,0.110567
pandas/core/frame.py::5998,0.110567
pandas/core/frame.py::5999,0.110567
pandas/core/frame.py::6000,0.110567
pandas/core/frame.py::6001,0.110567
pandas/core/frame.py::6002,0.110567
pandas/core/frame.py::6003,0.110567
pandas/core/frame.py::6004,0.110567
pandas/core/frame.py::6005,0.110567
pandas/core/groupby/groupby.py::2415,0.110567
pandas/core/groupby/groupby.py::2419,0.110567
pandas/core/groupby/groupby.py::2420,0.110567
pandas/core/groupby/groupby.py::2421,0.110567
pandas/core/indexes/multi.py::623,0.110567
pandas/core/reshape/pivot.py::66,0.110567
pandas/core/reshape/pivot.py::67,0.110567
pandas/core/sorting.py::181,0.110567
pandas/core/sorting.py::183,0.110567
pandas/core/sorting.py::189,0.110567
pandas/core/frame.py::8040,0.109890
pandas/core/reshape/pivot.py::166,0.109890
pandas/core/reshape/pivot.py::177,0.109890
pandas/core/indexes/base.py::1705,0.109225
pandas/core/indexes/base.py::646,0.109225
pandas/core/indexes/base.py::647,0.109225
pandas/core/indexes/base.py::648,0.109225
pandas/core/indexes/base.py::649,0.109225
pandas/core/indexes/base.py::651,0.109225
pandas/core/indexes/base.py::656,0.109225
pandas/core/indexes/multi.py::2018,0.109225
pandas/core/indexes/multi.py::2019,0.109225
pandas/core/indexes/multi.py::2020,0.109225
pandas/core/indexes/multi.py::2021,0.109225
pandas/core/indexes/multi.py::2022,0.109225
pandas/core/indexes/multi.py::2023,0.109225
pandas/core/indexes/multi.py::2024,0.109225
pandas/core/indexes/multi.py::2025,0.109225
pandas/core/indexes/multi.py::2027,0.109225
pandas/core/indexes/multi.py::2028,0.109225
pandas/core/indexes/multi.py::2036,0.109225
pandas/core/indexes/multi.py::2053,0.109225
pandas/core/indexes/multi.py::2054,0.109225
pandas/core/indexes/multi.py::2653,0.109225
pandas/core/indexes/multi.py::2844,0.109225
pandas/core/indexes/multi.py::2845,0.109225
pandas/core/indexes/multi.py::2847,0.109225
pandas/core/indexes/multi.py::2874,0.109225
pandas/core/indexes/multi.py::2919,0.109225
pandas/core/reshape/pivot.py::105,0.109225
pandas/core/reshape/pivot.py::107,0.109225
pandas/core/reshape/pivot.py::108,0.109225
pandas/core/reshape/pivot.py::122,0.109225
pandas/core/reshape/pivot.py::123,0.109225
pandas/core/reshape/pivot.py::98,0.109225
pandas/core/frame.py::7760,0.108573
pandas/core/frame.py::7761,0.108573
pandas/core/frame.py::7762,0.108573
pandas/core/indexes/multi.py::3104,0.108573
pandas/core/indexes/multi.py::3107,0.108573
pandas/core/indexes/multi.py::3111,0.108573
pandas/core/indexes/multi.py::3114,0.108573
pandas/core/indexes/numeric.py::68,0.108573
pandas/core/groupby/ops.py::326,0.107931
pandas/core/groupby/ops.py::327,0.107931
pandas/core/groupby/ops.py::328,0.107931
pandas/core/groupby/ops.py::335,0.107931
pandas/core/groupby/ops.py::336,0.107931
pandas/core/groupby/ops.py::337,0.107931
pandas/core/groupby/ops.py::338,0.107931
pandas/core/groupby/ops.py::340,0.107931
pandas/core/reshape/pivot.py::119,0.107931
pandas/core/reshape/pivot.py::120,0.107931
pandas/core/reshape/pivot.py::121,0.107931
pandas/core/reshape/pivot.py::127,0.107931
pandas/core/sorting.py::129,0.107931
pandas/core/sorting.py::130,0.107931
pandas/core/sorting.py::131,0.107931
pandas/core/sorting.py::133,0.107931
pandas/core/sorting.py::138,0.107931
pandas/core/sorting.py::143,0.107931
pandas/core/sorting.py::144,0.107931
pandas/core/sorting.py::145,0.107931
pandas/core/sorting.py::146,0.107931
pandas/core/sorting.py::147,0.107931
pandas/core/sorting.py::148,0.107931
pandas/core/sorting.py::149,0.107931
pandas/core/sorting.py::150,0.107931
pandas/core/sorting.py::151,0.107931
pandas/core/sorting.py::152,0.107931
pandas/core/sorting.py::153,0.107931
pandas/core/sorting.py::166,0.107931
pandas/core/sorting.py::170,0.107931
pandas/core/sorting.py::172,0.107931
pandas/core/sorting.py::173,0.107931
pandas/core/generic.py::5960,0.107301
pandas/core/generic.py::5961,0.107301
pandas/core/groupby/grouper.py::380,0.107301
pandas/core/groupby/ops.py::144,0.107301
pandas/core/groupby/ops.py::314,0.107301
pandas/core/groupby/ops.py::315,0.107301
pandas/core/indexes/frozen.py::81,0.107301
pandas/core/indexes/multi.py::1340,0.107301
pandas/core/internals/managers.py::780,0.107301
pandas/core/internals/managers.py::781,0.107301
pandas/core/internals/managers.py::784,0.107301
pandas/core/internals/managers.py::785,0.107301
pandas/core/internals/managers.py::788,0.107301
pandas/core/sorting.py::89,0.107301
pandas/core/sorting.py::90,0.107301
pandas/core/sorting.py::91,0.107301
pandas/core/sorting.py::92,0.107301
pandas/core/indexes/base.py::2873,0.106682
pandas/core/indexes/base.py::2874,0.106682
pandas/core/indexes/base.py::5026,0.106682
pandas/core/indexes/base.py::5033,0.106682
pandas/core/indexes/multi.py::1339,0.106682
pandas/core/indexes/multi.py::1342,0.106682
pandas/core/indexes/multi.py::1344,0.106682
pandas/core/indexes/multi.py::1345,0.106682
pandas/core/indexes/multi.py::1346,0.106682
pandas/core/indexes/multi.py::1348,0.106682
pandas/core/indexes/multi.py::1350,0.106682
pandas/core/indexes/multi.py::1351,0.106682
pandas/core/indexes/multi.py::1353,0.106682
pandas/core/indexes/multi.py::1354,0.106682
pandas/core/indexes/multi.py::1752,0.106682
pandas/core/reshape/reshape.py::397,0.106682
pandas/core/frame.py::4793,0.106074
pandas/core/frame.py::4794,0.106074
pandas/core/groupby/grouper.py::394,0.106074
pandas/core/indexes/numeric.py::83,0.106074
pandas/core/nanops.py::1204,0.106074
pandas/core/nanops.py::1205,0.106074
pandas/core/nanops.py::1208,0.106074
pandas/core/nanops.py::1209,0.106074
pandas/core/nanops.py::498,0.106074
pandas/core/reshape/pivot.py::62,0.106074
pandas/core/reshape/pivot.py::70,0.106074
pandas/core/reshape/pivot.py::71,0.106074
pandas/core/reshape/pivot.py::74,0.106074
pandas/core/reshape/pivot.py::75,0.106074
pandas/core/reshape/pivot.py::76,0.106074
pandas/core/reshape/pivot.py::78,0.106074
pandas/core/reshape/pivot.py::79,0.106074
pandas/core/reshape/pivot.py::80,0.106074
pandas/core/reshape/pivot.py::83,0.106074
pandas/core/sorting.py::343,0.106074
pandas/core/sorting.py::344,0.106074
pandas/core/sorting.py::345,0.106074
pandas/core/sorting.py::346,0.106074
pandas/core/sorting.py::347,0.106074
pandas/core/frame.py::7754,0.105476
pandas/core/generic.py::11504,0.105476
pandas/core/generic.py::11505,0.105476
pandas/core/generic.py::11510,0.105476
pandas/core/generic.py::11511,0.105476
pandas/core/generic.py::11512,0.105476
pandas/core/generic.py::11514,0.105476
pandas/core/generic.py::11518,0.105476
pandas/core/generic.py::11519,0.105476
pandas/core/generic.py::11520,0.105476
pandas/core/generic.py::11521,0.105476
pandas/core/generic.py::11522,0.105476
pandas/core/generic.py::11523,0.105476
pandas/core/generic.py::11524,0.105476
pandas/core/indexes/base.py::1935,0.105476
pandas/core/internals/managers.py::680,0.105476
pandas/core/nanops.py::1192,0.105476
pandas/core/nanops.py::1212,0.105476
pandas/core/nanops.py::492,0.105476
pandas/core/nanops.py::493,0.105476
pandas/core/nanops.py::495,0.105476
pandas/core/nanops.py::496,0.105476
pandas/core/nanops.py::500,0.105476
pandas/core/nanops.py::501,0.105476
pandas/core/nanops.py::503,0.105476
pandas/core/base.py::977,0.104888
pandas/core/base.py::983,0.104888
pandas/core/base.py::985,0.104888
pandas/core/base.py::987,0.104888
pandas/core/dtypes/common.py::1453,0.104888
pandas/core/frame.py::4762,0.104888
pandas/core/frame.py::4763,0.104888
pandas/core/frame.py::4775,0.104888
pandas/core/frame.py::4776,0.104888
pandas/core/frame.py::4778,0.104888
pandas/core/frame.py::4779,0.104888
pandas/core/frame.py::4787,0.104888
pandas/core/frame.py::4789,0.104888
pandas/core/frame.py::4791,0.104888
pandas/core/frame.py::4801,0.104888
pandas/core/frame.py::4803,0.104888
pandas/core/frame.py::4806,0.104888
pandas/core/frame.py::7741,0.104888
pandas/core/frame.py::7742,0.104888
pandas/core/frame.py::7745,0.104888
pandas/core/frame.py::7748,0.104888
pandas/core/frame.py::7751,0.104888
pandas/core/frame.py::7764,0.104888
pandas/core/frame.py::7812,0.104888
pandas/core/frame.py::7817,0.104888
pandas/core/frame.py::7818,0.104888
pandas/core/frame.py::7819,0.104888
pandas/core/frame.py::7821,0.104888
pandas/core/frame.py::7822,0.104888
pandas/core/frame.py::7826,0.104888
pandas/core/frame.py::7827,0.104888
pandas/core/frame.py::7835,0.104888
pandas/core/frame.py::7836,0.104888
pandas/core/frame.py::7837,0.104888
pandas/core/frame.py::7838,0.104888
pandas/core/frame.py::7840,0.104888
pandas/core/frame.py::7903,0.104888
pandas/core/frame.py::7915,0.104888
pandas/core/frame.py::7916,0.104888
pandas/core/frame.py::7917,0.104888
pandas/core/frame.py::8041,0.104888
pandas/core/frame.py::8042,0.104888
pandas/core/generic.py::5252,0.104888
pandas/core/generic.py::5253,0.104888
pandas/core/indexes/multi.py::1551,0.104888
pandas/core/indexes/multi.py::1552,0.104888
pandas/core/indexes/multi.py::1553,0.104888
pandas/core/indexes/multi.py::1555,0.104888
pandas/core/indexes/multi.py::1556,0.104888
pandas/core/indexes/multi.py::1557,0.104888
pandas/core/indexing.py::109,0.104888
pandas/core/indexing.py::111,0.104888
pandas/core/indexing.py::112,0.104888
pandas/core/indexing.py::113,0.104888
pandas/core/indexing.py::114,0.104888
pandas/core/indexing.py::1385,0.104888
pandas/core/indexing.py::1387,0.104888
pandas/core/indexing.py::1388,0.104888
pandas/core/internals/blocks.py::185,0.104888
pandas/core/internals/construction.py::68,0.104888
pandas/core/internals/managers.py::674,0.104888
pandas/core/internals/managers.py::675,0.104888
pandas/core/ops/__init__.py::1005,0.104888
pandas/core/ops/__init__.py::1006,0.104888
pandas/core/ops/__init__.py::1007,0.104888
pandas/core/ops/__init__.py::1012,0.104888
pandas/core/ops/__init__.py::1013,0.104888
pandas/core/ops/__init__.py::1014,0.104888
pandas/core/ops/__init__.py::1015,0.104888
pandas/core/ops/__init__.py::1016,0.104888
pandas/core/ops/__init__.py::1021,0.104888
pandas/core/ops/__init__.py::1024,0.104888
pandas/core/ops/__init__.py::1028,0.104888
pandas/core/ops/__init__.py::1031,0.104888
pandas/core/ops/__init__.py::1033,0.104888
pandas/core/ops/__init__.py::1037,0.104888
pandas/core/ops/__init__.py::1041,0.104888
pandas/core/ops/__init__.py::1044,0.104888
pandas/core/ops/__init__.py::1050,0.104888
pandas/core/ops/__init__.py::1058,0.104888
pandas/core/ops/__init__.py::1064,0.104888
pandas/core/ops/__init__.py::1065,0.104888
pandas/core/ops/__init__.py::1072,0.104888
pandas/core/ops/__init__.py::1081,0.104888
pandas/core/ops/__init__.py::1093,0.104888
pandas/core/ops/__init__.py::1104,0.104888
pandas/core/ops/__init__.py::1106,0.104888
pandas/core/ops/__init__.py::1107,0.104888
pandas/core/ops/__init__.py::1108,0.104888
pandas/core/ops/__init__.py::1114,0.104888
pandas/core/ops/__init__.py::1115,0.104888
pandas/core/ops/__init__.py::1116,0.104888
pandas/core/ops/__init__.py::988,0.104888
pandas/core/ops/__init__.py::990,0.104888
pandas/core/ops/__init__.py::993,0.104888
pandas/core/series.py::220,0.104888
pandas/core/arrays/categorical.py::374,0.104310
pandas/core/arrays/categorical.py::375,0.104310
pandas/core/arrays/categorical.py::394,0.104310
pandas/core/dtypes/dtypes.py::518,0.104310
pandas/core/frame.py::8039,0.104310
pandas/core/dtypes/missing.py::149,0.103741
pandas/core/groupby/grouper.py::410,0.103741
pandas/core/groupby/grouper.py::412,0.103741
pandas/core/groupby/grouper.py::416,0.103741
pandas/core/groupby/grouper.py::417,0.103741
pandas/core/groupby/grouper.py::418,0.103741
pandas/core/groupby/grouper.py::419,0.103741
pandas/core/internals/blocks.py::390,0.103741
pandas/core/internals/blocks.py::391,0.103741
pandas/core/internals/blocks.py::392,0.103741
pandas/core/internals/blocks.py::393,0.103741
pandas/core/internals/blocks.py::395,0.103741
pandas/core/internals/managers.py::554,0.103741
pandas/core/ops/__init__.py::98,0.103741
pandas/core/generic.py::1514,0.103181
pandas/core/generic.py::1515,0.103181
pandas/core/generic.py::1516,0.103181
pandas/core/generic.py::1972,0.103181
pandas/core/generic.py::1973,0.103181
pandas/core/generic.py::337,0.103181
pandas/core/generic.py::338,0.103181
pandas/core/generic.py::339,0.103181
pandas/core/internals/blocks.py::3147,0.103181
pandas/core/internals/blocks.py::3155,0.103181
pandas/core/nanops.py::346,0.103181
pandas/core/nanops.py::358,0.103181
pandas/core/nanops.py::371,0.103181
pandas/core/nanops.py::57,0.103181
pandas/core/nanops.py::62,0.103181
pandas/core/nanops.py::63,0.103181
pandas/core/nanops.py::66,0.103181
pandas/core/nanops.py::67,0.103181
pandas/core/nanops.py::68,0.103181
pandas/core/arrays/categorical.py::350,0.102631
pandas/core/arrays/categorical.py::353,0.102631
pandas/core/arrays/categorical.py::356,0.102631
pandas/core/arrays/categorical.py::373,0.102631
pandas/core/arrays/categorical.py::407,0.102631
pandas/core/arrays/categorical.py::413,0.102631
pandas/core/arrays/categorical.py::414,0.102631
pandas/core/generic.py::3580,0.102631
pandas/core/generic.py::3583,0.102631
pandas/core/generic.py::3584,0.102631
pandas/core/indexes/multi.py::993,0.102631
pandas/core/indexing.py::1401,0.102631
pandas/core/indexing.py::1402,0.102631
pandas/core/indexing.py::1403,0.102631
pandas/core/indexing.py::1404,0.102631
pandas/core/indexing.py::1405,0.102631
pandas/core/indexing.py::1726,0.102631
pandas/core/indexing.py::1749,0.102631
pandas/core/indexing.py::1752,0.102631
pandas/core/indexing.py::1753,0.102631
pandas/core/indexing.py::1756,0.102631
pandas/core/indexing.py::1757,0.102631
pandas/core/indexing.py::1759,0.102631
pandas/core/indexing.py::1762,0.102631
pandas/core/indexing.py::1763,0.102631
pandas/core/internals/blocks.py::1275,0.102631
pandas/core/internals/blocks.py::610,0.102631
pandas/core/internals/blocks.py::611,0.102631
pandas/core/indexes/base.py::4279,0.102089
pandas/core/internals/managers.py::1258,0.102089
pandas/core/internals/managers.py::1265,0.102089
pandas/core/reshape/reshape.py::406,0.102089
pandas/core/dtypes/missing.py::432,0.101556
pandas/core/dtypes/missing.py::433,0.101556
pandas/core/indexes/multi.py::1984,0.101556
pandas/core/indexing.py::2336,0.101556
pandas/core/indexing.py::2337,0.101556
pandas/core/indexing.py::2340,0.101556
pandas/core/indexing.py::2385,0.101556
pandas/core/indexing.py::2386,0.101556
pandas/core/indexing.py::2397,0.101556
pandas/core/indexing.py::2399,0.101556
pandas/core/indexing.py::2402,0.101556
pandas/core/indexing.py::2407,0.101556
pandas/core/internals/managers.py::1291,0.101556
pandas/core/internals/managers.py::1293,0.101556
pandas/core/internals/managers.py::1295,0.101556
pandas/core/nanops.py::173,0.101556
pandas/core/nanops.py::174,0.101556
pandas/core/nanops.py::226,0.101556
pandas/core/nanops.py::227,0.101556
pandas/core/nanops.py::229,0.101556
pandas/core/nanops.py::279,0.101556
pandas/core/nanops.py::281,0.101556
pandas/core/nanops.py::287,0.101556
pandas/core/nanops.py::288,0.101556
pandas/core/nanops.py::290,0.101556
pandas/core/nanops.py::296,0.101556
pandas/core/nanops.py::300,0.101556
pandas/core/nanops.py::301,0.101556
pandas/core/nanops.py::304,0.101556
pandas/core/nanops.py::306,0.101556
pandas/core/nanops.py::316,0.101556
pandas/core/nanops.py::317,0.101556
pandas/core/nanops.py::318,0.101556
pandas/core/nanops.py::322,0.101556
pandas/core/nanops.py::340,0.101556
pandas/core/ops/__init__.py::95,0.101556
pandas/core/ops/__init__.py::99,0.101556
pandas/core/series.py::219,0.101556
pandas/core/series.py::225,0.101556
pandas/core/dtypes/common.py::1583,0.101031
pandas/core/dtypes/missing.py::237,0.101031
pandas/core/dtypes/missing.py::239,0.101031
pandas/core/dtypes/missing.py::244,0.101031
pandas/core/dtypes/missing.py::245,0.101031
pandas/core/dtypes/missing.py::246,0.101031
pandas/core/internals/blocks.py::200,0.101031
pandas/core/internals/blocks.py::606,0.101031
pandas/core/internals/blocks.py::609,0.101031
pandas/core/reshape/reshape.py::442,0.101031
pandas/core/dtypes/missing.py::457,0.100514
pandas/core/dtypes/missing.py::461,0.100514
pandas/core/dtypes/missing.py::469,0.100514
pandas/core/dtypes/missing.py::473,0.100514
pandas/core/indexes/multi.py::100,0.100514
pandas/core/indexes/multi.py::1319,0.100514
pandas/core/indexes/multi.py::1322,0.100514
pandas/core/indexes/multi.py::1329,0.100514
pandas/core/indexes/multi.py::1332,0.100514
pandas/core/indexes/multi.py::1335,0.100514
pandas/core/indexes/multi.py::90,0.100514
pandas/core/indexes/multi.py::95,0.100514
pandas/core/internals/blocks.py::1264,0.100514
pandas/core/internals/blocks.py::1265,0.100514
pandas/core/internals/managers.py::1761,0.100514
pandas/core/internals/managers.py::1762,0.100514
pandas/core/reshape/reshape.py::276,0.100514
pandas/core/reshape/reshape.py::277,0.100514
pandas/core/reshape/reshape.py::278,0.100514
pandas/core/reshape/reshape.py::288,0.100514
pandas/core/reshape/reshape.py::434,0.100514
pandas/core/reshape/reshape.py::435,0.100514
pandas/core/reshape/reshape.py::436,0.100514
pandas/core/reshape/reshape.py::437,0.100514
pandas/core/reshape/reshape.py::438,0.100514
pandas/core/reshape/reshape.py::439,0.100514
pandas/core/reshape/reshape.py::440,0.100514
pandas/core/arrays/categorical.py::344,0.100005
pandas/core/arrays/categorical.py::345,0.100005
pandas/core/arrays/categorical.py::346,0.100005
pandas/core/arrays/categorical.py::667,0.100005
pandas/core/arrays/categorical.py::668,0.100005
pandas/core/arrays/categorical.py::670,0.100005
pandas/core/arrays/categorical.py::677,0.100005
pandas/core/arrays/categorical.py::678,0.100005
pandas/core/arrays/categorical.py::696,0.100005
pandas/core/arrays/categorical.py::699,0.100005
pandas/core/dtypes/dtypes.py::318,0.100005
pandas/core/dtypes/dtypes.py::324,0.100005
pandas/core/generic.py::5136,0.100005
pandas/core/generic.py::5137,0.100005
pandas/core/generic.py::5141,0.100005
pandas/core/generic.py::5143,0.100005
pandas/core/generic.py::5808,0.100005
pandas/core/generic.py::5835,0.100005
pandas/core/generic.py::5845,0.100005
pandas/core/generic.py::5846,0.100005
pandas/core/generic.py::5848,0.100005
pandas/core/indexes/base.py::1802,0.100005
pandas/core/indexes/base.py::4278,0.100005
pandas/core/indexes/multi.py::3102,0.100005
pandas/core/internals/blocks.py::192,0.100005
pandas/core/internals/blocks.py::197,0.100005
pandas/core/internals/blocks.py::3088,0.100005
pandas/core/internals/blocks.py::551,0.100005
pandas/core/internals/blocks.py::569,0.100005
pandas/core/internals/blocks.py::571,0.100005
pandas/core/internals/blocks.py::578,0.100005
pandas/core/internals/blocks.py::586,0.100005
pandas/core/internals/managers.py::581,0.100005
pandas/core/reshape/reshape.py::267,0.100005
pandas/core/reshape/reshape.py::268,0.100005
pandas/core/reshape/reshape.py::269,0.100005
pandas/core/reshape/reshape.py::270,0.100005
pandas/core/reshape/reshape.py::281,0.100005
pandas/core/reshape/reshape.py::291,0.100005
pandas/core/reshape/reshape.py::292,0.100005
pandas/core/reshape/reshape.py::293,0.100005
pandas/core/dtypes/cast.py::179,0.099504
pandas/core/dtypes/cast.py::184,0.099504
pandas/core/dtypes/cast.py::189,0.099504
pandas/core/dtypes/common.py::1549,0.099504
pandas/core/dtypes/common.py::1550,0.099504
pandas/core/reshape/reshape.py::409,0.099504
pandas/core/reshape/reshape.py::410,0.099504
pandas/core/reshape/reshape.py::427,0.099504
pandas/core/dtypes/cast.py::175,0.099010
pandas/core/frame.py::6305,0.099010
pandas/core/frame.py::6307,0.099010
pandas/core/indexes/multi.py::1008,0.099010
pandas/core/base.py::219,0.098523
pandas/core/frame.py::4035,0.098523
pandas/core/frame.py::4036,0.098523
pandas/core/frame.py::4037,0.098523
pandas/core/frame.py::4038,0.098523
pandas/core/frame.py::4039,0.098523
pandas/core/frame.py::4040,0.098523
pandas/core/frame.py::4041,0.098523
pandas/core/frame.py::4042,0.098523
pandas/core/generic.py::3862,0.098523
pandas/core/generic.py::3864,0.098523
pandas/core/generic.py::3865,0.098523
pandas/core/generic.py::3867,0.098523
pandas/core/generic.py::3868,0.098523
pandas/core/generic.py::3876,0.098523
pandas/core/generic.py::3878,0.098523
pandas/core/generic.py::3879,0.098523
pandas/core/generic.py::3880,0.098523
pandas/core/generic.py::3882,0.098523
pandas/core/generic.py::3885,0.098523
pandas/core/generic.py::3902,0.098523
pandas/core/generic.py::3903,0.098523
pandas/core/generic.py::3904,0.098523
pandas/core/generic.py::3906,0.098523
pandas/core/generic.py::3907,0.098523
pandas/core/generic.py::3912,0.098523
pandas/core/generic.py::3913,0.098523
pandas/core/generic.py::3938,0.098523
pandas/core/groupby/grouper.py::561,0.098523
pandas/core/internals/blocks.py::204,0.098523
pandas/core/internals/managers.py::1580,0.098523
pandas/core/reshape/reshape.py::186,0.098523
pandas/core/reshape/reshape.py::187,0.098523
pandas/core/reshape/reshape.py::188,0.098523
pandas/core/reshape/reshape.py::190,0.098523
pandas/core/series.py::556,0.098523
pandas/core/dtypes/generic.py::83,0.098044
pandas/core/dtypes/missing.py::148,0.098044
pandas/core/frame.py::3778,0.098044
pandas/core/frame.py::3780,0.098044
pandas/core/frame.py::3781,0.098044
pandas/core/frame.py::3782,0.098044
pandas/core/frame.py::3783,0.098044
pandas/core/frame.py::3786,0.098044
pandas/core/frame.py::3787,0.098044
pandas/core/frame.py::3792,0.098044
pandas/core/frame.py::3824,0.098044
pandas/core/frame.py::3825,0.098044
pandas/core/frame.py::3827,0.098044
pandas/core/frame.py::3828,0.098044
pandas/core/frame.py::3829,0.098044
pandas/core/frame.py::3830,0.098044
pandas/core/frame.py::3831,0.098044
pandas/core/frame.py::3896,0.098044
pandas/core/frame.py::3897,0.098044
pandas/core/frame.py::3899,0.098044
pandas/core/frame.py::3900,0.098044
pandas/core/frame.py::3901,0.098044
pandas/core/generic.py::383,0.098044
pandas/core/generic.py::384,0.098044
pandas/core/generic.py::4509,0.098044
pandas/core/internals/managers.py::1476,0.098044
pandas/core/internals/managers.py::1480,0.098044
pandas/core/internals/managers.py::1604,0.098044
pandas/core/series.py::262,0.098044
pandas/core/series.py::263,0.098044
pandas/util/_decorators.py::221,0.098044
pandas/util/_validators.py::277,0.098044
pandas/util/_validators.py::282,0.098044
pandas/util/_validators.py::287,0.098044
pandas/util/_validators.py::298,0.098044
pandas/util/_validators.py::299,0.098044
pandas/util/_validators.py::300,0.098044
pandas/util/_validators.py::304,0.098044
pandas/util/_validators.py::310,0.098044
pandas/util/_validators.py::311,0.098044
pandas/util/_validators.py::334,0.098044
pandas/core/base.py::215,0.097572
pandas/core/base.py::218,0.097572
pandas/core/common.py::268,0.097572
pandas/core/common.py::269,0.097572
pandas/core/generic.py::5123,0.097572
pandas/core/groupby/grouper.py::560,0.097572
pandas/core/indexes/base.py::428,0.097572
pandas/core/indexes/base.py::430,0.097572
pandas/core/internals/managers.py::1549,0.097572
pandas/core/reshape/reshape.py::139,0.097572
pandas/core/reshape/reshape.py::140,0.097572
pandas/core/reshape/reshape.py::143,0.097572
pandas/core/reshape/reshape.py::145,0.097572
pandas/core/reshape/reshape.py::146,0.097572
pandas/core/reshape/reshape.py::147,0.097572
pandas/core/reshape/reshape.py::148,0.097572
pandas/core/reshape/reshape.py::150,0.097572
pandas/core/reshape/reshape.py::151,0.097572
pandas/core/reshape/reshape.py::153,0.097572
pandas/core/reshape/reshape.py::154,0.097572
pandas/core/reshape/reshape.py::156,0.097572
pandas/core/reshape/reshape.py::157,0.097572
pandas/core/reshape/reshape.py::160,0.097572
pandas/core/reshape/reshape.py::163,0.097572
pandas/core/reshape/reshape.py::164,0.097572
pandas/core/reshape/reshape.py::166,0.097572
pandas/core/reshape/reshape.py::167,0.097572
pandas/core/reshape/reshape.py::169,0.097572
pandas/core/reshape/reshape.py::170,0.097572
pandas/core/reshape/reshape.py::171,0.097572
pandas/core/reshape/reshape.py::173,0.097572
pandas/core/reshape/reshape.py::174,0.097572
pandas/core/reshape/reshape.py::175,0.097572
pandas/core/reshape/reshape.py::177,0.097572
pandas/core/reshape/reshape.py::180,0.097572
pandas/core/reshape/reshape.py::181,0.097572
pandas/core/reshape/reshape.py::182,0.097572
pandas/core/reshape/reshape.py::183,0.097572
pandas/core/reshape/reshape.py::193,0.097572
pandas/core/reshape/reshape.py::196,0.097572
pandas/core/reshape/reshape.py::197,0.097572
pandas/core/reshape/reshape.py::198,0.097572
pandas/core/reshape/reshape.py::199,0.097572
pandas/core/reshape/reshape.py::200,0.097572
pandas/core/reshape/reshape.py::201,0.097572
pandas/core/reshape/reshape.py::204,0.097572
pandas/core/reshape/reshape.py::260,0.097572
pandas/core/reshape/reshape.py::297,0.097572
pandas/core/reshape/reshape.py::300,0.097572
pandas/core/series.py::249,0.097572
pandas/core/series.py::257,0.097572
pandas/core/series.py::261,0.097572
pandas/core/series.py::305,0.097572
pandas/core/series.py::307,0.097572
pandas/core/series.py::400,0.097572
pandas/core/sorting.py::124,0.097572
pandas/core/sorting.py::125,0.097572
pandas/core/groupby/groupby.py::2407,0.097106
pandas/core/groupby/groupby.py::2408,0.097106
pandas/core/groupby/groupby.py::2410,0.097106
pandas/core/indexes/multi.py::1296,0.097106
pandas/core/indexes/multi.py::1306,0.097106
pandas/core/indexes/multi.py::1888,0.097106
pandas/core/indexes/multi.py::1889,0.097106
pandas/core/indexes/multi.py::1891,0.097106
pandas/core/indexes/multi.py::1892,0.097106
pandas/core/indexes/multi.py::1897,0.097106
pandas/core/indexes/multi.py::1898,0.097106
pandas/core/indexes/multi.py::1900,0.097106
pandas/core/indexes/multi.py::1925,0.097106
pandas/core/indexes/multi.py::1926,0.097106
pandas/core/indexes/multi.py::1928,0.097106
pandas/core/indexes/multi.py::1930,0.097106
pandas/core/indexes/multi.py::1935,0.097106
pandas/core/indexes/multi.py::1949,0.097106
pandas/core/reshape/pivot.py::165,0.097106
pandas/core/reshape/pivot.py::172,0.097106
pandas/core/reshape/pivot.py::176,0.097106
pandas/core/reshape/pivot.py::179,0.097106
pandas/core/reshape/reshape.py::101,0.097106
pandas/core/reshape/reshape.py::102,0.097106
pandas/core/reshape/reshape.py::103,0.097106
pandas/core/reshape/reshape.py::105,0.097106
pandas/core/reshape/reshape.py::107,0.097106
pandas/core/reshape/reshape.py::109,0.097106
pandas/core/reshape/reshape.py::112,0.097106
pandas/core/reshape/reshape.py::114,0.097106
pandas/core/reshape/reshape.py::117,0.097106
pandas/core/reshape/reshape.py::119,0.097106
pandas/core/reshape/reshape.py::120,0.097106
pandas/core/reshape/reshape.py::122,0.097106
pandas/core/reshape/reshape.py::123,0.097106
pandas/core/reshape/reshape.py::124,0.097106
pandas/core/reshape/reshape.py::130,0.097106
pandas/core/reshape/reshape.py::131,0.097106
pandas/core/reshape/reshape.py::134,0.097106
pandas/core/reshape/reshape.py::136,0.097106
pandas/core/reshape/reshape.py::405,0.097106
pandas/core/reshape/reshape.py::408,0.097106
pandas/core/reshape/reshape.py::99,0.097106
pandas/core/series.py::211,0.097106
pandas/core/series.py::248,0.097106
pandas/core/series.py::294,0.097106
pandas/core/series.py::295,0.097106
pandas/core/sorting.py::62,0.097106
pandas/core/sorting.py::66,0.097106
pandas/core/dtypes/common.py::2067,0.096647
pandas/core/dtypes/common.py::2070,0.096647
pandas/core/generic.py::409,0.096647
pandas/core/generic.py::410,0.096647
pandas/core/generic.py::4472,0.096647
pandas/core/generic.py::4479,0.096647
pandas/core/generic.py::4480,0.096647
pandas/core/generic.py::4481,0.096647
pandas/core/generic.py::4524,0.096647
pandas/core/generic.py::4525,0.096647
pandas/core/generic.py::4526,0.096647
pandas/core/generic.py::4527,0.096647
pandas/core/generic.py::4529,0.096647
pandas/core/generic.py::4532,0.096647
pandas/core/generic.py::4533,0.096647
pandas/core/generic.py::4534,0.096647
pandas/core/generic.py::4537,0.096647
pandas/core/generic.py::4538,0.096647
pandas/core/generic.py::4539,0.096647
pandas/core/generic.py::4540,0.096647
pandas/core/generic.py::4541,0.096647
pandas/core/generic.py::4542,0.096647
pandas/core/generic.py::4543,0.096647
pandas/core/generic.py::4546,0.096647
pandas/core/generic.py::4549,0.096647
pandas/core/indexes/base.py::3337,0.096647
pandas/core/indexes/base.py::4104,0.096647
pandas/core/indexes/base.py::4112,0.096647
pandas/core/indexes/multi.py::2632,0.096647
pandas/core/indexes/multi.py::2638,0.096647
pandas/core/indexes/multi.py::2652,0.096647
pandas/core/indexes/multi.py::943,0.096647
pandas/core/indexes/multi.py::944,0.096647
pandas/core/indexes/multi.py::946,0.096647
pandas/core/indexes/multi.py::954,0.096647
pandas/core/indexes/multi.py::955,0.096647
pandas/core/indexes/multi.py::956,0.096647
pandas/core/indexes/multi.py::957,0.096647
pandas/core/indexes/multi.py::958,0.096647
pandas/core/indexes/multi.py::959,0.096647
pandas/core/indexes/multi.py::960,0.096647
pandas/core/indexes/multi.py::961,0.096647
pandas/core/indexes/multi.py::962,0.096647
pandas/core/indexes/multi.py::963,0.096647
pandas/core/indexes/multi.py::964,0.096647
pandas/core/indexes/multi.py::973,0.096647
pandas/core/indexes/multi.py::974,0.096647
pandas/core/indexes/multi.py::975,0.096647
pandas/core/indexes/multi.py::990,0.096647
pandas/core/indexes/multi.py::991,0.096647
pandas/core/indexes/multi.py::992,0.096647
pandas/core/indexes/numeric.py::48,0.096647
pandas/core/indexes/numeric.py::59,0.096647
pandas/core/indexes/numeric.py::61,0.096647
pandas/core/indexes/numeric.py::64,0.096647
pandas/core/indexes/numeric.py::70,0.096647
pandas/core/indexes/numeric.py::72,0.096647
pandas/core/internals/managers.py::1249,0.096647
pandas/core/internals/managers.py::1484,0.096647
pandas/core/internals/managers.py::1485,0.096647
pandas/core/internals/managers.py::1514,0.096647
pandas/core/internals/managers.py::584,0.096647
pandas/core/series.py::310,0.096647
pandas/core/series.py::312,0.096647
pandas/core/algorithms.py::266,0.096194
pandas/core/common.py::207,0.096194
pandas/core/generic.py::381,0.096194
pandas/core/generic.py::382,0.096194
pandas/core/generic.py::4439,0.096194
pandas/core/generic.py::4440,0.096194
pandas/core/generic.py::4441,0.096194
pandas/core/generic.py::4442,0.096194
pandas/core/generic.py::4443,0.096194
pandas/core/generic.py::4444,0.096194
pandas/core/generic.py::4445,0.096194
pandas/core/generic.py::4450,0.096194
pandas/core/generic.py::4452,0.096194
pandas/core/generic.py::4458,0.096194
pandas/core/generic.py::4462,0.096194
pandas/core/generic.py::4463,0.096194
pandas/core/generic.py::4464,0.096194
pandas/core/generic.py::4465,0.096194
pandas/core/indexes/base.py::1315,0.096194
pandas/core/indexes/base.py::1317,0.096194
pandas/core/indexes/base.py::1319,0.096194
pandas/core/indexes/base.py::1320,0.096194
pandas/core/indexes/base.py::4399,0.096194
pandas/core/indexes/base.py::5269,0.096194
pandas/core/indexes/base.py::5318,0.096194
pandas/core/indexes/multi.py::1293,0.096194
pandas/core/indexes/multi.py::1294,0.096194
pandas/core/indexes/multi.py::1311,0.096194
pandas/core/indexes/multi.py::3101,0.096194
pandas/core/internals/construction.py::200,0.096194
pandas/core/internals/managers.py::1668,0.096194
pandas/core/internals/managers.py::1675,0.096194
pandas/core/sorting.py::370,0.096194
pandas/core/sorting.py::377,0.096194
pandas/core/sorting.py::380,0.096194
pandas/core/sorting.py::381,0.096194
pandas/core/sorting.py::383,0.096194
pandas/core/sorting.py::386,0.096194
pandas/core/sorting.py::387,0.096194
pandas/core/sorting.py::390,0.096194
pandas/core/sorting.py::392,0.096194
pandas/core/sorting.py::85,0.096194
pandas/core/base.py::776,0.095748
pandas/core/common.py::136,0.095748
pandas/core/common.py::139,0.095748
pandas/core/dtypes/common.py::1878,0.095748
pandas/core/dtypes/missing.py::363,0.095748
pandas/core/dtypes/missing.py::364,0.095748
pandas/core/dtypes/missing.py::366,0.095748
pandas/core/generic.py::1674,0.095748
pandas/core/generic.py::1675,0.095748
pandas/core/generic.py::1678,0.095748
pandas/core/generic.py::1679,0.095748
pandas/core/generic.py::1680,0.095748
pandas/core/groupby/grouper.py::592,0.095748
pandas/core/groupby/grouper.py::608,0.095748
pandas/core/groupby/grouper.py::609,0.095748
pandas/core/groupby/grouper.py::610,0.095748
pandas/core/groupby/grouper.py::611,0.095748
pandas/core/groupby/grouper.py::612,0.095748
pandas/core/groupby/grouper.py::671,0.095748
pandas/core/groupby/grouper.py::672,0.095748
pandas/core/indexes/range.py::470,0.095748
pandas/core/indexes/range.py::471,0.095748
pandas/core/series.py::210,0.095748
pandas/core/series.py::213,0.095748
pandas/core/series.py::215,0.095748
pandas/core/series.py::227,0.095748
pandas/core/series.py::231,0.095748
pandas/core/series.py::247,0.095748
pandas/core/series.py::286,0.095748
pandas/core/series.py::290,0.095748
pandas/core/series.py::304,0.095748
pandas/core/sorting.py::104,0.095748
pandas/core/sorting.py::361,0.095748
pandas/core/sorting.py::362,0.095748
pandas/core/sorting.py::364,0.095748
pandas/core/sorting.py::367,0.095748
pandas/core/sorting.py::369,0.095748
pandas/core/sorting.py::372,0.095748
pandas/core/sorting.py::51,0.095748
pandas/core/sorting.py::52,0.095748
pandas/core/sorting.py::53,0.095748
pandas/core/sorting.py::54,0.095748
pandas/core/sorting.py::55,0.095748
pandas/core/sorting.py::57,0.095748
pandas/core/sorting.py::59,0.095748
pandas/core/sorting.py::64,0.095748
pandas/core/sorting.py::65,0.095748
pandas/core/sorting.py::68,0.095748
pandas/core/sorting.py::69,0.095748
pandas/core/sorting.py::73,0.095748
pandas/core/sorting.py::75,0.095748
pandas/core/sorting.py::78,0.095748
pandas/core/sorting.py::79,0.095748
pandas/core/sorting.py::81,0.095748
pandas/core/sorting.py::82,0.095748
pandas/core/sorting.py::86,0.095748
pandas/core/sorting.py::88,0.095748
pandas/core/sorting.py::94,0.095748
pandas/core/sorting.py::95,0.095748
pandas/core/common.py::264,0.095308
pandas/core/common.py::267,0.095308
pandas/core/common.py::273,0.095308
pandas/core/common.py::275,0.095308
pandas/core/frame.py::4968,0.095308
pandas/core/frame.py::4970,0.095308
pandas/core/frame.py::4981,0.095308
pandas/core/frame.py::4982,0.095308
pandas/core/frame.py::4986,0.095308
pandas/core/frame.py::4987,0.095308
pandas/core/frame.py::4993,0.095308
pandas/core/generic.py::362,0.095308
pandas/core/generic.py::363,0.095308
pandas/core/generic.py::366,0.095308
pandas/core/generic.py::367,0.095308
pandas/core/generic.py::380,0.095308
pandas/core/generic.py::387,0.095308
pandas/core/generic.py::388,0.095308
pandas/core/groupby/generic.py::1833,0.095308
pandas/core/groupby/grouper.py::399,0.095308
pandas/core/groupby/grouper.py::401,0.095308
pandas/core/groupby/ops.py::264,0.095308
pandas/core/groupby/ops.py::332,0.095308
pandas/core/indexes/base.py::1722,0.095308
pandas/core/indexes/base.py::5310,0.095308
pandas/core/indexes/base.py::5311,0.095308
pandas/core/indexes/base.py::5312,0.095308
pandas/core/indexes/base.py::5313,0.095308
pandas/core/indexes/base.py::5314,0.095308
pandas/core/indexes/multi.py::1286,0.095308
pandas/core/indexes/multi.py::1287,0.095308
pandas/core/indexes/multi.py::1291,0.095308
pandas/core/indexes/multi.py::1292,0.095308
pandas/core/internals/blocks.py::678,0.095308
pandas/core/reshape/pivot.py::143,0.095308
pandas/core/reshape/reshape.py::396,0.095308
pandas/core/frame.py::2780,0.094874
pandas/core/frame.py::2797,0.094874
pandas/core/frame.py::2803,0.094874
pandas/core/frame.py::2805,0.094874
pandas/core/frame.py::2807,0.094874
pandas/core/frame.py::2810,0.094874
pandas/core/frame.py::2812,0.094874
pandas/core/generic.py::6004,0.094874
pandas/core/generic.py::6005,0.094874
pandas/core/generic.py::6006,0.094874
pandas/core/generic.py::6007,0.094874
pandas/core/generic.py::6008,0.094874
pandas/core/generic.py::6009,0.094874
pandas/core/generic.py::6010,0.094874
pandas/core/generic.py::6011,0.094874
pandas/core/generic.py::6012,0.094874
pandas/core/generic.py::6013,0.094874
pandas/core/generic.py::6014,0.094874
pandas/core/generic.py::6015,0.094874
pandas/core/generic.py::6017,0.094874
pandas/core/indexes/base.py::1861,0.094874
pandas/core/indexes/base.py::1863,0.094874
pandas/core/indexing.py::161,0.094874
pandas/core/indexing.py::1976,0.094874
pandas/core/indexing.py::2010,0.094874
pandas/core/indexing.py::2013,0.094874
pandas/core/indexing.py::2014,0.094874
pandas/core/indexing.py::2015,0.094874
pandas/core/indexing.py::2056,0.094874
pandas/core/indexing.py::2057,0.094874
pandas/core/indexing.py::2058,0.094874
pandas/core/indexing.py::2105,0.094874
pandas/core/indexing.py::2108,0.094874
pandas/core/indexing.py::2113,0.094874
pandas/core/indexing.py::2118,0.094874
pandas/core/indexing.py::2119,0.094874
pandas/core/indexing.py::2123,0.094874
pandas/core/indexing.py::2125,0.094874
pandas/core/reshape/pivot.py::129,0.094874
pandas/core/reshape/pivot.py::142,0.094874
pandas/core/reshape/pivot.py::145,0.094874
pandas/core/reshape/pivot.py::148,0.094874
pandas/core/base.py::325,0.094446
pandas/core/base.py::326,0.094446
pandas/core/base.py::328,0.094446
pandas/core/base.py::329,0.094446
pandas/core/base.py::330,0.094446
pandas/core/base.py::331,0.094446
pandas/core/base.py::333,0.094446
pandas/core/dtypes/missing.py::248,0.094446
pandas/core/dtypes/missing.py::252,0.094446
pandas/core/generic.py::7832,0.094446
pandas/core/generic.py::7834,0.094446
pandas/core/generic.py::7836,0.094446
pandas/core/generic.py::7837,0.094446
pandas/core/generic.py::7838,0.094446
pandas/core/generic.py::7839,0.094446
pandas/core/generic.py::7840,0.094446
pandas/core/generic.py::7841,0.094446
pandas/core/generic.py::7842,0.094446
pandas/core/generic.py::7843,0.094446
pandas/core/generic.py::7844,0.094446
pandas/core/generic.py::7845,0.094446
pandas/core/generic.py::7846,0.094446
pandas/core/generic.py::7847,0.094446
pandas/core/groupby/generic.py::1468,0.094446
pandas/core/groupby/generic.py::1831,0.094446
pandas/core/groupby/generic.py::1832,0.094446
pandas/core/groupby/generic.py::223,0.094446
pandas/core/groupby/generic.py::225,0.094446
pandas/core/groupby/generic.py::226,0.094446
pandas/core/groupby/generic.py::230,0.094446
pandas/core/groupby/generic.py::234,0.094446
pandas/core/groupby/generic.py::236,0.094446
pandas/core/groupby/generic.py::237,0.094446
pandas/core/groupby/groupby.py::2467,0.094446
pandas/core/groupby/groupby.py::2471,0.094446
pandas/core/groupby/groupby.py::2472,0.094446
pandas/core/groupby/groupby.py::2474,0.094446
pandas/core/groupby/groupby.py::2478,0.094446
pandas/core/groupby/groupby.py::363,0.094446
pandas/core/groupby/groupby.py::365,0.094446
pandas/core/groupby/groupby.py::366,0.094446
pandas/core/groupby/groupby.py::368,0.094446
pandas/core/groupby/groupby.py::370,0.094446
pandas/core/groupby/groupby.py::376,0.094446
pandas/core/groupby/groupby.py::377,0.094446
pandas/core/groupby/groupby.py::378,0.094446
pandas/core/groupby/groupby.py::379,0.094446
pandas/core/groupby/groupby.py::380,0.094446
pandas/core/groupby/groupby.py::381,0.094446
pandas/core/groupby/groupby.py::382,0.094446
pandas/core/groupby/groupby.py::384,0.094446
pandas/core/groupby/groupby.py::385,0.094446
pandas/core/groupby/groupby.py::387,0.094446
pandas/core/groupby/groupby.py::388,0.094446
pandas/core/groupby/groupby.py::389,0.094446
pandas/core/groupby/groupby.py::390,0.094446
pandas/core/groupby/groupby.py::391,0.094446
pandas/core/groupby/groupby.py::392,0.094446
pandas/core/groupby/groupby.py::393,0.094446
pandas/core/groupby/groupby.py::394,0.094446
pandas/core/groupby/groupby.py::397,0.094446
pandas/core/groupby/groupby.py::398,0.094446
pandas/core/groupby/groupby.py::399,0.094446
pandas/core/groupby/groupby.py::400,0.094446
pandas/core/groupby/groupby.py::403,0.094446
pandas/core/groupby/groupby.py::561,0.094446
pandas/core/groupby/groupby.py::562,0.094446
pandas/core/groupby/grouper.py::259,0.094446
pandas/core/groupby/grouper.py::260,0.094446
pandas/core/groupby/grouper.py::261,0.094446
pandas/core/groupby/grouper.py::262,0.094446
pandas/core/groupby/grouper.py::263,0.094446
pandas/core/groupby/grouper.py::264,0.094446
pandas/core/groupby/grouper.py::265,0.094446
pandas/core/groupby/grouper.py::266,0.094446
pandas/core/groupby/grouper.py::267,0.094446
pandas/core/groupby/grouper.py::270,0.094446
pandas/core/groupby/grouper.py::273,0.094446
pandas/core/groupby/grouper.py::279,0.094446
pandas/core/groupby/grouper.py::294,0.094446
pandas/core/groupby/grouper.py::306,0.094446
pandas/core/groupby/grouper.py::309,0.094446
pandas/core/groupby/grouper.py::313,0.094446
pandas/core/groupby/grouper.py::338,0.094446
pandas/core/groupby/grouper.py::342,0.094446
pandas/core/groupby/grouper.py::343,0.094446
pandas/core/groupby/grouper.py::362,0.094446
pandas/core/groupby/grouper.py::363,0.094446
pandas/core/groupby/grouper.py::365,0.094446
pandas/core/groupby/grouper.py::393,0.094446
pandas/core/groupby/grouper.py::395,0.094446
pandas/core/groupby/grouper.py::405,0.094446
pandas/core/groupby/grouper.py::407,0.094446
pandas/core/groupby/grouper.py::458,0.094446
pandas/core/groupby/grouper.py::462,0.094446
pandas/core/groupby/grouper.py::507,0.094446
pandas/core/groupby/grouper.py::515,0.094446
pandas/core/groupby/grouper.py::525,0.094446
pandas/core/groupby/grouper.py::526,0.094446
pandas/core/groupby/grouper.py::528,0.094446
pandas/core/groupby/grouper.py::542,0.094446
pandas/core/groupby/grouper.py::546,0.094446
pandas/core/groupby/grouper.py::547,0.094446
pandas/core/groupby/grouper.py::550,0.094446
pandas/core/groupby/grouper.py::551,0.094446
pandas/core/groupby/grouper.py::552,0.094446
pandas/core/groupby/grouper.py::553,0.094446
pandas/core/groupby/grouper.py::558,0.094446
pandas/core/groupby/grouper.py::559,0.094446
pandas/core/groupby/grouper.py::574,0.094446
pandas/core/groupby/grouper.py::579,0.094446
pandas/core/groupby/grouper.py::581,0.094446
pandas/core/groupby/grouper.py::582,0.094446
pandas/core/groupby/grouper.py::585,0.094446
pandas/core/groupby/grouper.py::586,0.094446
pandas/core/groupby/grouper.py::595,0.094446
pandas/core/groupby/grouper.py::596,0.094446
pandas/core/groupby/grouper.py::597,0.094446
pandas/core/groupby/grouper.py::598,0.094446
pandas/core/groupby/grouper.py::599,0.094446
pandas/core/groupby/grouper.py::601,0.094446
pandas/core/groupby/grouper.py::603,0.094446
pandas/core/groupby/grouper.py::607,0.094446
pandas/core/groupby/grouper.py::624,0.094446
pandas/core/groupby/grouper.py::647,0.094446
pandas/core/groupby/grouper.py::651,0.094446
pandas/core/groupby/grouper.py::653,0.094446
pandas/core/groupby/grouper.py::655,0.094446
pandas/core/groupby/grouper.py::659,0.094446
pandas/core/groupby/grouper.py::660,0.094446
pandas/core/groupby/grouper.py::664,0.094446
pandas/core/groupby/grouper.py::668,0.094446
pandas/core/groupby/grouper.py::670,0.094446
pandas/core/groupby/ops.py::134,0.094446
pandas/core/groupby/ops.py::135,0.094446
pandas/core/groupby/ops.py::136,0.094446
pandas/core/groupby/ops.py::137,0.094446
pandas/core/groupby/ops.py::138,0.094446
pandas/core/groupby/ops.py::139,0.094446
pandas/core/groupby/ops.py::140,0.094446
pandas/core/groupby/ops.py::296,0.094446
pandas/core/groupby/ops.py::298,0.094446
pandas/core/groupby/ops.py::299,0.094446
pandas/core/groupby/ops.py::300,0.094446
pandas/core/groupby/ops.py::312,0.094446
pandas/core/groupby/ops.py::313,0.094446
pandas/core/indexes/multi.py::1182,0.094446
pandas/core/indexes/multi.py::1235,0.094446
pandas/core/indexes/multi.py::776,0.094446
pandas/core/indexing.py::229,0.094446
pandas/core/indexing.py::230,0.094446
pandas/core/indexing.py::232,0.094446
pandas/core/indexing.py::233,0.094446
pandas/core/internals/blocks.py::261,0.094446
pandas/core/internals/blocks.py::262,0.094446
pandas/core/internals/blocks.py::264,0.094446
pandas/core/reshape/pivot.py::114,0.094446
pandas/core/reshape/pivot.py::115,0.094446
pandas/core/reshape/pivot.py::34,0.094446
pandas/core/reshape/pivot.py::35,0.094446
pandas/core/reshape/pivot.py::37,0.094446
pandas/core/reshape/pivot.py::394,0.094446
pandas/core/reshape/pivot.py::397,0.094446
pandas/core/reshape/pivot.py::404,0.094446
pandas/core/reshape/pivot.py::58,0.094446
pandas/core/reshape/pivot.py::60,0.094446
pandas/core/reshape/pivot.py::61,0.094446
pandas/core/reshape/pivot.py::95,0.094446
pandas/core/reshape/pivot.py::96,0.094446
pandas/core/reshape/pivot.py::97,0.094446
pandas/util/_validators.py::127,0.094446
pandas/util/_validators.py::129,0.094446
pandas/util/_validators.py::164,0.094446
pandas/util/_validators.py::165,0.094446
pandas/util/_validators.py::166,0.094446
pandas/util/_validators.py::45,0.094446
pandas/core/common.py::133,0.094023
pandas/core/generic.py::3351,0.094023
pandas/core/generic.py::3353,0.094023
pandas/core/generic.py::3355,0.094023
pandas/core/generic.py::3356,0.094023
pandas/core/generic.py::3358,0.094023
pandas/core/generic.py::3361,0.094023
pandas/core/generic.py::3362,0.094023
pandas/core/generic.py::3365,0.094023
pandas/core/indexing.py::2102,0.094023
pandas/core/internals/blocks.py::232,0.094023
pandas/core/internals/managers.py::1390,0.094023
pandas/core/internals/managers.py::1591,0.094023
pandas/core/series.py::593,0.094023
pandas/core/dtypes/inference.py::351,0.093607
pandas/core/dtypes/inference.py::353,0.093607
pandas/core/generic.py::419,0.093607
pandas/core/generic.py::420,0.093607
pandas/core/indexes/base.py::1438,0.093607
pandas/core/indexes/frozen.py::147,0.093607
pandas/core/indexes/frozen.py::189,0.093607
pandas/core/indexes/frozen.py::190,0.093607
pandas/core/indexes/frozen.py::191,0.093607
pandas/core/indexes/frozen.py::193,0.093607
pandas/core/indexes/multi.py::1185,0.093607
pandas/core/indexes/multi.py::1214,0.093607
pandas/core/indexes/multi.py::1216,0.093607
pandas/core/indexes/multi.py::1218,0.093607
pandas/core/indexes/multi.py::1220,0.093607
pandas/core/indexes/multi.py::1225,0.093607
pandas/core/indexes/multi.py::1226,0.093607
pandas/core/indexes/multi.py::1231,0.093607
pandas/core/indexes/multi.py::1232,0.093607
pandas/core/indexes/multi.py::1241,0.093607
pandas/core/indexes/multi.py::1942,0.093607
pandas/core/indexes/multi.py::256,0.093607
pandas/core/indexes/multi.py::258,0.093607
pandas/core/indexes/multi.py::260,0.093607
pandas/core/indexes/multi.py::262,0.093607
pandas/core/indexes/multi.py::265,0.093607
pandas/core/indexes/multi.py::268,0.093607
pandas/core/indexes/multi.py::269,0.093607
pandas/core/indexes/multi.py::271,0.093607
pandas/core/indexes/multi.py::273,0.093607
pandas/core/indexes/multi.py::275,0.093607
pandas/core/indexes/multi.py::278,0.093607
pandas/core/indexes/multi.py::280,0.093607
pandas/core/indexes/multi.py::284,0.093607
pandas/core/indexes/multi.py::285,0.093607
pandas/core/indexes/multi.py::287,0.093607
pandas/core/indexes/multi.py::618,0.093607
pandas/core/indexes/multi.py::669,0.093607
pandas/core/indexes/multi.py::671,0.093607
pandas/core/indexes/multi.py::673,0.093607
pandas/core/indexes/multi.py::676,0.093607
pandas/core/indexes/multi.py::677,0.093607
pandas/core/indexes/multi.py::678,0.093607
pandas/core/indexes/multi.py::687,0.093607
pandas/core/indexes/multi.py::691,0.093607
pandas/core/indexes/multi.py::692,0.093607
pandas/core/indexes/multi.py::693,0.093607
pandas/core/indexes/multi.py::696,0.093607
pandas/core/indexes/multi.py::697,0.093607
pandas/core/indexes/multi.py::790,0.093607
pandas/core/indexes/multi.py::792,0.093607
pandas/core/indexes/multi.py::795,0.093607
pandas/core/indexes/multi.py::796,0.093607
pandas/core/indexes/multi.py::797,0.093607
pandas/core/indexes/multi.py::798,0.093607
pandas/core/indexes/multi.py::810,0.093607
pandas/core/indexes/multi.py::813,0.093607
pandas/core/indexes/multi.py::815,0.093607
pandas/core/indexes/multi.py::816,0.093607
pandas/core/base.py::69,0.093195
pandas/core/base.py::70,0.093195
pandas/core/construction.py::374,0.093195
pandas/core/dtypes/cast.py::1013,0.093195
pandas/core/dtypes/cast.py::1016,0.093195
pandas/core/dtypes/cast.py::1017,0.093195
pandas/core/dtypes/cast.py::1018,0.093195
pandas/core/dtypes/cast.py::1020,0.093195
pandas/core/dtypes/cast.py::1099,0.093195
pandas/core/generic.py::232,0.093195
pandas/core/generic.py::233,0.093195
pandas/core/generic.py::236,0.093195
pandas/core/generic.py::242,0.093195
pandas/core/indexes/frozen.py::80,0.093195
pandas/core/indexes/frozen.py::82,0.093195
pandas/core/common.py::298,0.092790
pandas/core/common.py::299,0.092790
pandas/core/common.py::300,0.092790
pandas/core/common.py::301,0.092790
pandas/core/dtypes/common.py::1450,0.092790
pandas/core/dtypes/common.py::1452,0.092790
pandas/core/dtypes/common.py::1455,0.092790
pandas/core/dtypes/common.py::1461,0.092790
pandas/core/dtypes/common.py::1462,0.092790
pandas/core/dtypes/common.py::1463,0.092790
pandas/core/dtypes/missing.py::449,0.092790
pandas/core/indexers.py::26,0.092790
pandas/core/indexing.py::1376,0.092790
pandas/core/indexing.py::1377,0.092790
pandas/core/indexing.py::1382,0.092790
pandas/core/indexing.py::1961,0.092790
pandas/core/indexing.py::1975,0.092790
pandas/core/indexing.py::1977,0.092790
pandas/core/indexing.py::1978,0.092790
pandas/core/indexing.py::2050,0.092790
pandas/core/indexing.py::2051,0.092790
pandas/core/indexing.py::241,0.092790
pandas/core/indexing.py::881,0.092790
pandas/core/indexing.py::886,0.092790
pandas/util/_validators.py::233,0.092790
pandas/util/_validators.py::238,0.092790
pandas/core/algorithms.py::1489,0.092389
pandas/core/algorithms.py::688,0.092389
pandas/core/indexers.py::187,0.092389
pandas/core/indexers.py::194,0.092389
pandas/core/indexers.py::195,0.092389
pandas/core/indexers.py::199,0.092389
pandas/core/indexers.py::200,0.092389
pandas/core/indexers.py::202,0.092389
pandas/core/internals/managers.py::1378,0.092389
pandas/core/internals/managers.py::1381,0.092389
pandas/core/internals/managers.py::1382,0.092389
pandas/core/internals/managers.py::1385,0.092389
pandas/core/internals/managers.py::1386,0.092389
pandas/core/internals/managers.py::1387,0.092389
pandas/core/internals/managers.py::1389,0.092389
pandas/core/internals/managers.py::1393,0.092389
pandas/core/internals/managers.py::1394,0.092389
pandas/core/internals/managers.py::1395,0.092389
pandas/core/base.py::699,0.091994
pandas/core/dtypes/common.py::222,0.091994
pandas/core/internals/blocks.py::275,0.091994
pandas/core/internals/blocks.py::730,0.091994
pandas/core/internals/blocks.py::731,0.091994
pandas/core/internals/blocks.py::732,0.091994
pandas/core/internals/blocks.py::733,0.091994
pandas/core/internals/managers.py::382,0.091994
pandas/core/internals/managers.py::385,0.091994
pandas/core/internals/managers.py::393,0.091994
pandas/core/internals/managers.py::394,0.091994
pandas/core/internals/managers.py::396,0.091994
pandas/core/internals/managers.py::402,0.091994
pandas/core/internals/managers.py::408,0.091994
pandas/core/internals/managers.py::414,0.091994
pandas/core/internals/managers.py::418,0.091994
pandas/core/internals/managers.py::420,0.091994
pandas/core/internals/managers.py::425,0.091994
pandas/core/internals/managers.py::426,0.091994
pandas/core/internals/managers.py::431,0.091994
pandas/core/internals/managers.py::438,0.091994
pandas/core/internals/managers.py::439,0.091994
pandas/core/internals/managers.py::441,0.091994
pandas/core/internals/managers.py::443,0.091994
pandas/core/internals/managers.py::444,0.091994
pandas/core/internals/managers.py::446,0.091994
pandas/core/internals/managers.py::447,0.091994
pandas/core/sorting.py::457,0.091994
pandas/core/algorithms.py::661,0.091603
pandas/core/algorithms.py::664,0.091603
pandas/core/algorithms.py::665,0.091603
pandas/core/algorithms.py::666,0.091603
pandas/core/algorithms.py::670,0.091603
pandas/core/algorithms.py::672,0.091603
pandas/core/algorithms.py::673,0.091603
pandas/core/frame.py::524,0.091603
pandas/core/arrays/numpy_.py::172,0.091218
pandas/core/generic.py::533,0.091218
pandas/core/series.py::931,0.091218
pandas/core/series.py::945,0.091218
pandas/core/common.py::125,0.090837
pandas/core/generic.py::5242,0.090837
pandas/core/generic.py::5243,0.090837
pandas/core/indexes/base.py::5711,0.090837
pandas/core/internals/managers.py::662,0.090837
pandas/core/internals/managers.py::663,0.090837
pandas/core/algorithms.py::1717,0.090461
pandas/core/arrays/numpy_.py::125,0.090461
pandas/core/arrays/numpy_.py::127,0.090461
pandas/core/arrays/numpy_.py::134,0.090461
pandas/core/arrays/numpy_.py::137,0.090461
pandas/core/arrays/numpy_.py::140,0.090461
pandas/core/arrays/numpy_.py::141,0.090461
pandas/core/arrays/numpy_.py::42,0.090461
pandas/core/arrays/numpy_.py::43,0.090461
pandas/core/arrays/numpy_.py::44,0.090461
pandas/core/arrays/numpy_.py::45,0.090461
pandas/core/base.py::875,0.090461
pandas/core/base.py::877,0.090461
pandas/core/base.py::881,0.090461
pandas/core/base.py::886,0.090461
pandas/core/base.py::887,0.090461
pandas/core/base.py::889,0.090461
pandas/core/base.py::891,0.090461
pandas/core/dtypes/common.py::1282,0.090461
pandas/core/indexes/base.py::710,0.090461
pandas/core/indexes/base.py::866,0.090461
pandas/core/indexes/base.py::867,0.090461
pandas/core/indexes/base.py::868,0.090461
pandas/core/indexes/base.py::869,0.090461
pandas/core/indexes/base.py::870,0.090461
pandas/core/indexes/base.py::871,0.090461
pandas/core/indexes/base.py::886,0.090461
pandas/core/indexes/base.py::889,0.090461
pandas/core/indexes/base.py::900,0.090461
pandas/core/indexes/base.py::901,0.090461
pandas/core/algorithms.py::101,0.089723
pandas/core/algorithms.py::102,0.089723
pandas/core/algorithms.py::265,0.089723
pandas/core/algorithms.py::99,0.089723
pandas/core/common.py::147,0.089723
pandas/core/dtypes/common.py::1242,0.089723
pandas/core/dtypes/common.py::1244,0.089723
pandas/core/dtypes/common.py::1245,0.089723
pandas/core/dtypes/common.py::1251,0.089723
pandas/core/frame.py::427,0.089723
pandas/core/frame.py::433,0.089723
pandas/core/frame.py::436,0.089723
pandas/core/generic.py::5406,0.089723
pandas/core/generic.py::5407,0.089723
pandas/core/internals/blocks.py::221,0.089723
pandas/core/internals/blocks.py::223,0.089723
pandas/core/internals/construction.py::125,0.089723
pandas/core/internals/construction.py::140,0.089723
pandas/core/internals/construction.py::141,0.089723
pandas/core/internals/construction.py::152,0.089723
pandas/core/internals/construction.py::160,0.089723
pandas/core/internals/construction.py::162,0.089723
pandas/core/internals/construction.py::173,0.089723
pandas/core/internals/construction.py::174,0.089723
pandas/core/internals/construction.py::179,0.089723
pandas/core/internals/construction.py::202,0.089723
pandas/core/internals/construction.py::253,0.089723
pandas/core/internals/construction.py::277,0.089723
pandas/core/internals/construction.py::278,0.089723
pandas/core/internals/construction.py::281,0.089723
pandas/core/internals/construction.py::283,0.089723
pandas/core/internals/construction.py::286,0.089723
pandas/core/internals/construction.py::413,0.089723
pandas/core/internals/construction.py::416,0.089723
pandas/core/internals/construction.py::418,0.089723
pandas/core/internals/construction.py::421,0.089723
pandas/core/internals/construction.py::422,0.089723
pandas/core/internals/managers.py::1665,0.089723
pandas/core/internals/managers.py::1666,0.089723
pandas/core/internals/managers.py::1678,0.089723
pandas/core/internals/managers.py::1679,0.089723
pandas/core/internals/managers.py::1680,0.089723
pandas/core/internals/managers.py::211,0.089723
pandas/core/internals/managers.py::212,0.089723
pandas/core/internals/managers.py::213,0.089723
pandas/core/internals/managers.py::805,0.089723
pandas/core/internals/managers.py::809,0.089723
pandas/core/internals/managers.py::812,0.089723
pandas/core/internals/managers.py::814,0.089723
pandas/core/internals/managers.py::819,0.089723
pandas/core/internals/managers.py::820,0.089723
pandas/core/internals/managers.py::824,0.089723
pandas/core/dtypes/missing.py::424,0.089361
pandas/core/indexes/base.py::3358,0.089361
pandas/core/indexes/base.py::3361,0.089361
pandas/core/indexes/base.py::3363,0.089361
pandas/core/indexes/base.py::3369,0.089361
pandas/core/indexes/base.py::3371,0.089361
pandas/core/indexes/base.py::3378,0.089361
pandas/core/indexes/base.py::3382,0.089361
pandas/core/indexes/base.py::3383,0.089361
pandas/core/indexes/base.py::3384,0.089361
pandas/core/indexes/base.py::3394,0.089361
pandas/core/indexes/base.py::3398,0.089361
pandas/core/indexes/base.py::5723,0.089361
pandas/core/indexes/base.py::5724,0.089361
pandas/core/indexes/base.py::5728,0.089361
pandas/core/internals/blocks.py::1261,0.089361
pandas/core/internals/blocks.py::1262,0.089361
pandas/core/internals/managers.py::1350,0.089361
pandas/core/internals/managers.py::1351,0.089361
pandas/core/internals/managers.py::1352,0.089361
pandas/core/internals/managers.py::1353,0.089361
pandas/core/internals/managers.py::1354,0.089361
pandas/core/internals/managers.py::1355,0.089361
pandas/core/dtypes/common.py::1321,0.089003
pandas/core/dtypes/common.py::1502,0.089003
pandas/core/dtypes/common.py::1505,0.089003
pandas/core/dtypes/common.py::1506,0.089003
pandas/core/dtypes/common.py::1507,0.089003
pandas/core/dtypes/common.py::1823,0.089003
pandas/core/frame.py::408,0.089003
pandas/core/frame.py::426,0.089003
pandas/core/indexes/base.py::1790,0.089003
pandas/core/indexes/base.py::2934,0.089003
pandas/core/indexes/base.py::2935,0.089003
pandas/core/indexes/base.py::2936,0.089003
pandas/core/indexes/base.py::2942,0.089003
pandas/core/indexes/base.py::2945,0.089003
pandas/core/indexes/base.py::2946,0.089003
pandas/core/indexes/base.py::2951,0.089003
pandas/core/indexes/base.py::2958,0.089003
pandas/core/indexes/base.py::2963,0.089003
pandas/core/indexes/base.py::2965,0.089003
pandas/core/indexes/base.py::2968,0.089003
pandas/core/indexes/base.py::2973,0.089003
pandas/core/indexes/base.py::2979,0.089003
pandas/core/indexes/base.py::2981,0.089003
pandas/core/indexes/base.py::3981,0.089003
pandas/core/indexes/base.py::4373,0.089003
pandas/core/indexes/base.py::4376,0.089003
pandas/core/indexes/base.py::4380,0.089003
pandas/core/indexes/base.py::4381,0.089003
pandas/core/indexes/base.py::4382,0.089003
pandas/core/indexes/base.py::4804,0.089003
pandas/core/indexes/base.py::4806,0.089003
pandas/core/indexes/base.py::4808,0.089003
pandas/core/indexes/base.py::4811,0.089003
pandas/core/internals/managers.py::1329,0.089003
pandas/core/internals/managers.py::1337,0.089003
pandas/core/internals/managers.py::1340,0.089003
pandas/core/internals/managers.py::209,0.089003
pandas/core/missing.py::580,0.089003
pandas/core/missing.py::77,0.089003
pandas/core/missing.py::78,0.089003
pandas/core/algorithms.py::97,0.088650
pandas/core/internals/blocks.py::1258,0.088650
pandas/core/internals/blocks.py::1260,0.088650
pandas/core/internals/blocks.py::1267,0.088650
pandas/core/internals/blocks.py::1268,0.088650
pandas/core/internals/blocks.py::1273,0.088650
pandas/core/internals/blocks.py::1274,0.088650
pandas/core/internals/blocks.py::1277,0.088650
pandas/core/internals/blocks.py::1280,0.088650
pandas/core/internals/blocks.py::236,0.088650
pandas/core/generic.py::435,0.088300
pandas/core/generic.py::436,0.088300
pandas/core/generic.py::437,0.088300
pandas/core/generic.py::438,0.088300
pandas/core/indexes/base.py::5688,0.088300
pandas/core/indexes/base.py::5691,0.088300
pandas/core/indexes/base.py::5696,0.088300
pandas/core/indexes/base.py::5716,0.088300
pandas/core/internals/managers.py::1236,0.088300
pandas/core/internals/managers.py::1245,0.088300
pandas/core/internals/managers.py::1248,0.088300
pandas/core/internals/managers.py::1251,0.088300
pandas/core/internals/managers.py::1254,0.088300
pandas/core/internals/managers.py::1255,0.088300
pandas/core/internals/managers.py::1268,0.088300
pandas/core/internals/managers.py::1269,0.088300
pandas/core/internals/managers.py::1270,0.088300
pandas/core/internals/managers.py::1284,0.088300
pandas/core/internals/managers.py::1286,0.088300
pandas/core/internals/managers.py::1287,0.088300
pandas/core/internals/managers.py::1290,0.088300
pandas/core/internals/managers.py::1309,0.088300
pandas/core/internals/managers.py::1313,0.088300
pandas/core/internals/managers.py::1314,0.088300
pandas/core/internals/managers.py::1316,0.088300
pandas/core/internals/managers.py::1317,0.088300
pandas/core/internals/managers.py::1325,0.088300
pandas/core/internals/managers.py::1326,0.088300
pandas/core/internals/managers.py::1327,0.088300
pandas/core/internals/managers.py::1359,0.088300
pandas/core/internals/managers.py::2000,0.088300
pandas/core/internals/managers.py::2007,0.088300
pandas/core/internals/managers.py::2011,0.088300
pandas/core/internals/managers.py::2012,0.088300
pandas/core/internals/managers.py::2014,0.088300
pandas/core/algorithms.py::1491,0.087955
pandas/core/dtypes/common.py::2066,0.087955
pandas/core/dtypes/missing.py::430,0.087955
pandas/core/indexes/base.py::862,0.087955
pandas/core/indexes/base.py::864,0.087955
pandas/core/indexes/base.py::865,0.087955
pandas/core/indexes/base.py::878,0.087955
pandas/core/algorithms.py::1696,0.087614
pandas/core/algorithms.py::1699,0.087614
pandas/core/algorithms.py::1700,0.087614
pandas/core/algorithms.py::1701,0.087614
pandas/core/algorithms.py::1725,0.087614
pandas/core/arrays/categorical.py::336,0.087614
pandas/core/arrays/categorical.py::337,0.087614
pandas/core/arrays/categorical.py::343,0.087614
pandas/core/arrays/categorical.py::445,0.087614
pandas/core/arrays/categorical.py::471,0.087614
pandas/core/arrays/categorical.py::710,0.087614
pandas/core/arrays/categorical.py::711,0.087614
pandas/core/arrays/categorical.py::712,0.087614
pandas/core/base.py::1175,0.087614
pandas/core/base.py::1177,0.087614
pandas/core/base.py::1180,0.087614
pandas/core/dtypes/base.py::265,0.087614
pandas/core/dtypes/dtypes.py::228,0.087614
pandas/core/dtypes/dtypes.py::229,0.087614
pandas/core/dtypes/dtypes.py::314,0.087614
pandas/core/dtypes/dtypes.py::316,0.087614
pandas/core/dtypes/dtypes.py::328,0.087614
pandas/core/dtypes/dtypes.py::338,0.087614
pandas/core/dtypes/dtypes.py::340,0.087614
pandas/core/dtypes/dtypes.py::344,0.087614
pandas/core/dtypes/dtypes.py::345,0.087614
pandas/core/dtypes/dtypes.py::347,0.087614
pandas/core/dtypes/dtypes.py::348,0.087614
pandas/core/dtypes/dtypes.py::350,0.087614
pandas/core/dtypes/dtypes.py::351,0.087614
pandas/core/dtypes/dtypes.py::352,0.087614
pandas/core/dtypes/dtypes.py::494,0.087614
pandas/core/dtypes/dtypes.py::512,0.087614
pandas/core/dtypes/dtypes.py::514,0.087614
pandas/core/dtypes/dtypes.py::517,0.087614
pandas/core/dtypes/dtypes.py::520,0.087614
pandas/core/dtypes/dtypes.py::522,0.087614
pandas/core/dtypes/dtypes.py::525,0.087614
pandas/core/dtypes/dtypes.py::528,0.087614
pandas/core/dtypes/dtypes.py::531,0.087614
pandas/core/dtypes/dtypes.py::548,0.087614
pandas/core/dtypes/dtypes.py::551,0.087614
pandas/core/dtypes/dtypes.py::559,0.087614
pandas/core/dtypes/dtypes.py::562,0.087614
pandas/core/dtypes/dtypes.py::563,0.087614
pandas/core/dtypes/dtypes.py::566,0.087614
pandas/core/dtypes/dtypes.py::567,0.087614
pandas/core/dtypes/dtypes.py::568,0.087614
pandas/core/dtypes/dtypes.py::582,0.087614
pandas/core/dtypes/dtypes.py::589,0.087614
pandas/core/generic.py::404,0.087614
pandas/core/generic.py::405,0.087614
pandas/core/generic.py::406,0.087614
pandas/core/generic.py::407,0.087614
pandas/core/indexes/base.py::1934,0.087614
pandas/core/dtypes/cast.py::622,0.087277
pandas/core/indexing.py::1375,0.087277
pandas/core/dtypes/cast.py::620,0.086943
pandas/core/dtypes/cast.py::621,0.086943
pandas/core/dtypes/common.py::856,0.086943
pandas/core/dtypes/common.py::857,0.086943
pandas/core/dtypes/common.py::858,0.086943
pandas/core/dtypes/common.py::859,0.086943
pandas/core/frame.py::502,0.086943
pandas/core/indexes/base.py::1857,0.086943
pandas/core/internals/managers.py::763,0.086943
pandas/compat/numpy/function.py::43,0.086614
pandas/core/common.py::123,0.086614
pandas/core/common.py::140,0.086614
pandas/core/series.py::723,0.086614
pandas/core/algorithms.py::1487,0.086288
pandas/core/algorithms.py::1488,0.086288
pandas/core/algorithms.py::1670,0.086288
pandas/core/algorithms.py::1671,0.086288
pandas/core/algorithms.py::1695,0.086288
pandas/core/algorithms.py::677,0.086288
pandas/core/algorithms.py::679,0.086288
pandas/core/algorithms.py::680,0.086288
pandas/core/construction.py::515,0.086288
pandas/core/construction.py::518,0.086288
pandas/core/construction.py::521,0.086288
pandas/core/construction.py::524,0.086288
pandas/core/construction.py::529,0.086288
pandas/core/construction.py::530,0.086288
pandas/core/construction.py::549,0.086288
pandas/core/dtypes/cast.py::1308,0.086288
pandas/core/dtypes/cast.py::1310,0.086288
pandas/core/dtypes/cast.py::1322,0.086288
pandas/core/dtypes/common.py::1735,0.086288
pandas/core/dtypes/common.py::1737,0.086288
pandas/core/dtypes/common.py::1739,0.086288
pandas/core/dtypes/common.py::1741,0.086288
pandas/core/dtypes/missing.py::420,0.086288
pandas/core/dtypes/missing.py::423,0.086288
pandas/core/dtypes/missing.py::428,0.086288
pandas/core/frame.py::378,0.086288
pandas/core/frame.py::403,0.086288
pandas/core/frame.py::404,0.086288
pandas/core/generic.py::189,0.086288
pandas/core/generic.py::190,0.086288
pandas/core/generic.py::1910,0.086288
pandas/core/generic.py::196,0.086288
pandas/core/generic.py::198,0.086288
pandas/core/generic.py::202,0.086288
pandas/core/generic.py::417,0.086288
pandas/core/generic.py::418,0.086288
pandas/core/generic.py::422,0.086288
pandas/core/generic.py::423,0.086288
pandas/core/generic.py::429,0.086288
pandas/core/generic.py::430,0.086288
pandas/core/generic.py::490,0.086288
pandas/core/generic.py::5121,0.086288
pandas/core/generic.py::5122,0.086288
pandas/core/generic.py::5124,0.086288
pandas/core/generic.py::5204,0.086288
pandas/core/generic.py::5205,0.086288
pandas/core/generic.py::5206,0.086288
pandas/core/generic.py::5208,0.086288
pandas/core/generic.py::5213,0.086288
pandas/core/generic.py::5214,0.086288
pandas/core/generic.py::5216,0.086288
pandas/core/indexes/base.py::1331,0.086288
pandas/core/indexes/base.py::4202,0.086288
pandas/core/indexes/base.py::4203,0.086288
pandas/core/indexes/base.py::4204,0.086288
pandas/core/internals/blocks.py::3128,0.086288
pandas/core/internals/blocks.py::3130,0.086288
pandas/core/internals/blocks.py::3132,0.086288
pandas/core/internals/blocks.py::3138,0.086288
pandas/core/internals/blocks.py::3141,0.086288
pandas/core/internals/blocks.py::3142,0.086288
pandas/core/internals/managers.py::205,0.086288
pandas/core/internals/managers.py::208,0.086288
pandas/core/internals/managers.py::927,0.086288
pandas/core/internals/managers.py::928,0.086288
pandas/core/sorting.py::437,0.086288
pandas/core/sorting.py::442,0.086288
pandas/core/sorting.py::447,0.086288
pandas/core/sorting.py::454,0.086288
pandas/core/sorting.py::456,0.086288
pandas/core/sorting.py::462,0.086288
pandas/core/sorting.py::463,0.086288
pandas/core/sorting.py::464,0.086288
pandas/core/sorting.py::471,0.086288
pandas/core/sorting.py::474,0.086288
pandas/core/sorting.py::479,0.086288
pandas/core/sorting.py::481,0.086288
pandas/core/sorting.py::483,0.086288
pandas/core/sorting.py::486,0.086288
pandas/core/sorting.py::495,0.086288
pandas/core/sorting.py::497,0.086288
pandas/core/sorting.py::498,0.086288
pandas/core/sorting.py::499,0.086288
pandas/core/sorting.py::502,0.086288
pandas/core/sorting.py::514,0.086288
pandas/core/sorting.py::517,0.086288
pandas/core/algorithms.py::182,0.085966
pandas/core/algorithms.py::184,0.085966
pandas/core/algorithms.py::186,0.085966
pandas/core/algorithms.py::188,0.085966
pandas/core/algorithms.py::194,0.085966
pandas/core/algorithms.py::195,0.085966
pandas/core/algorithms.py::197,0.085966
pandas/core/algorithms.py::204,0.085966
pandas/core/algorithms.py::212,0.085966
pandas/core/algorithms.py::505,0.085966
pandas/core/algorithms.py::507,0.085966
pandas/core/algorithms.py::508,0.085966
pandas/core/algorithms.py::509,0.085966
pandas/core/algorithms.py::512,0.085966
pandas/core/algorithms.py::513,0.085966
pandas/core/algorithms.py::653,0.085966
pandas/core/algorithms.py::654,0.085966
pandas/core/algorithms.py::656,0.085966
pandas/core/algorithms.py::676,0.085966
pandas/core/algorithms.py::683,0.085966
pandas/core/algorithms.py::686,0.085966
pandas/core/algorithms.py::693,0.085966
pandas/core/dtypes/cast.py::357,0.085966
pandas/core/dtypes/cast.py::359,0.085966
pandas/core/dtypes/cast.py::934,0.085966
pandas/core/dtypes/dtypes.py::926,0.085966
pandas/core/dtypes/dtypes.py::935,0.085966
pandas/core/internals/blocks.py::3086,0.085966
pandas/core/common.py::121,0.085647
pandas/core/common.py::122,0.085647
pandas/core/dtypes/common.py::1004,0.085647
pandas/core/dtypes/common.py::891,0.085647
pandas/core/dtypes/common.py::892,0.085647
pandas/core/dtypes/common.py::893,0.085647
pandas/core/dtypes/common.py::894,0.085647
pandas/core/dtypes/missing.py::132,0.085647
pandas/core/frame.py::2823,0.085647
pandas/core/indexes/base.py::1422,0.085647
pandas/core/indexes/base.py::1425,0.085647
pandas/core/indexes/base.py::1429,0.085647
pandas/core/indexes/base.py::1432,0.085647
pandas/core/indexes/base.py::1434,0.085647
pandas/core/indexes/base.py::1437,0.085647
pandas/core/indexes/base.py::1441,0.085647
pandas/core/indexes/base.py::1442,0.085647
pandas/core/indexes/base.py::1494,0.085647
pandas/core/indexes/base.py::1504,0.085647
pandas/core/indexes/base.py::3925,0.085647
pandas/util/_decorators.py::166,0.085647
pandas/util/_decorators.py::168,0.085647
pandas/util/_decorators.py::178,0.085647
pandas/util/_decorators.py::208,0.085647
pandas/core/arrays/sparse.py::243,0.085332
pandas/core/arrays/sparse.py::244,0.085332
pandas/core/arrays/sparse.py::262,0.085332
pandas/core/dtypes/base.py::225,0.085332
pandas/core/dtypes/base.py::226,0.085332
pandas/core/dtypes/base.py::227,0.085332
pandas/core/dtypes/common.py::2044,0.085332
pandas/core/dtypes/common.py::2045,0.085332
pandas/core/dtypes/common.py::2050,0.085332
pandas/core/dtypes/common.py::2051,0.085332
pandas/core/dtypes/common.py::2063,0.085332
pandas/core/dtypes/dtypes.py::103,0.085332
pandas/core/dtypes/dtypes.py::104,0.085332
pandas/core/dtypes/dtypes.py::105,0.085332
pandas/core/dtypes/dtypes.py::1054,0.085332
pandas/core/dtypes/dtypes.py::1058,0.085332
pandas/core/dtypes/dtypes.py::106,0.085332
pandas/core/dtypes/dtypes.py::1062,0.085332
pandas/core/dtypes/dtypes.py::107,0.085332
pandas/core/dtypes/dtypes.py::109,0.085332
pandas/core/dtypes/dtypes.py::739,0.085332
pandas/core/dtypes/dtypes.py::740,0.085332
pandas/core/dtypes/dtypes.py::741,0.085332
pandas/core/dtypes/dtypes.py::742,0.085332
pandas/core/dtypes/dtypes.py::748,0.085332
pandas/core/dtypes/dtypes.py::878,0.085332
pandas/core/dtypes/missing.py::221,0.085332
pandas/core/dtypes/missing.py::233,0.085332
pandas/core/dtypes/missing.py::235,0.085332
pandas/core/indexes/base.py::1349,0.085332
pandas/core/indexes/base.py::1351,0.085332
pandas/core/indexes/base.py::1356,0.085332
pandas/core/indexes/base.py::1357,0.085332
pandas/core/indexes/base.py::1361,0.085332
pandas/core/indexes/numeric.py::139,0.085332
pandas/_config/config.py::111,0.085020
pandas/_config/config.py::112,0.085020
pandas/_config/config.py::116,0.085020
pandas/_config/config.py::118,0.085020
pandas/_config/config.py::122,0.085020
pandas/_config/config.py::123,0.085020
pandas/_config/config.py::125,0.085020
pandas/_config/config.py::126,0.085020
pandas/_config/config.py::127,0.085020
pandas/_config/config.py::130,0.085020
pandas/_config/config.py::131,0.085020
pandas/_config/config.py::133,0.085020
pandas/_config/config.py::233,0.085020
pandas/_config/config.py::542,0.085020
pandas/_config/config.py::546,0.085020
pandas/_config/config.py::547,0.085020
pandas/_config/config.py::550,0.085020
pandas/_config/config.py::554,0.085020
pandas/_config/config.py::555,0.085020
pandas/_config/config.py::556,0.085020
pandas/_config/config.py::557,0.085020
pandas/_config/config.py::558,0.085020
pandas/_config/config.py::577,0.085020
pandas/_config/config.py::578,0.085020
pandas/_config/config.py::579,0.085020
pandas/_config/config.py::580,0.085020
pandas/_config/config.py::593,0.085020
pandas/_config/config.py::602,0.085020
pandas/_config/config.py::603,0.085020
pandas/_config/config.py::606,0.085020
pandas/_config/config.py::618,0.085020
pandas/_config/config.py::619,0.085020
pandas/_config/config.py::634,0.085020
pandas/_config/config.py::811,0.085020
pandas/_config/config.py::84,0.085020
pandas/_config/config.py::85,0.085020
pandas/_config/config.py::89,0.085020
pandas/_config/config.py::91,0.085020
pandas/_config/config.py::93,0.085020
pandas/_config/config.py::94,0.085020
pandas/_config/config.py::96,0.085020
pandas/_config/config.py::98,0.085020
pandas/conftest.py::49,0.085020
pandas/conftest.py::52,0.085020
pandas/conftest.py::55,0.085020
pandas/conftest.py::58,0.085020
pandas/conftest.py::61,0.085020
pandas/conftest.py::72,0.085020
pandas/conftest.py::80,0.085020
pandas/conftest.py::81,0.085020
pandas/core/algorithms.py::1483,0.085020
pandas/core/algorithms.py::1484,0.085020
pandas/core/algorithms.py::1485,0.085020
pandas/core/algorithms.py::1486,0.085020
pandas/core/algorithms.py::1492,0.085020
pandas/core/algorithms.py::1493,0.085020
pandas/core/algorithms.py::1650,0.085020
pandas/core/algorithms.py::1652,0.085020
pandas/core/algorithms.py::1654,0.085020
pandas/core/algorithms.py::1657,0.085020
pandas/core/algorithms.py::1659,0.085020
pandas/core/algorithms.py::1662,0.085020
pandas/core/algorithms.py::1664,0.085020
pandas/core/algorithms.py::1668,0.085020
pandas/core/algorithms.py::1669,0.085020
pandas/core/algorithms.py::1675,0.085020
pandas/core/algorithms.py::1676,0.085020
pandas/core/algorithms.py::1693,0.085020
pandas/core/algorithms.py::1694,0.085020
pandas/core/algorithms.py::1698,0.085020
pandas/core/algorithms.py::1706,0.085020
pandas/core/algorithms.py::1707,0.085020
pandas/core/algorithms.py::1708,0.085020
pandas/core/algorithms.py::1709,0.085020
pandas/core/algorithms.py::1710,0.085020
pandas/core/algorithms.py::1715,0.085020
pandas/core/algorithms.py::1719,0.085020
pandas/core/algorithms.py::1720,0.085020
pandas/core/algorithms.py::1722,0.085020
pandas/core/algorithms.py::1724,0.085020
pandas/core/algorithms.py::1726,0.085020
pandas/core/algorithms.py::256,0.085020
pandas/core/algorithms.py::259,0.085020
pandas/core/algorithms.py::260,0.085020
pandas/core/algorithms.py::268,0.085020
pandas/core/algorithms.py::270,0.085020
pandas/core/algorithms.py::88,0.085020
pandas/core/algorithms.py::89,0.085020
pandas/core/algorithms.py::91,0.085020
pandas/core/algorithms.py::95,0.085020
pandas/core/base.py::1004,0.085020
pandas/core/base.py::999,0.085020
pandas/core/common.py::163,0.085020
pandas/core/common.py::165,0.085020
pandas/core/common.py::186,0.085020
pandas/core/common.py::221,0.085020
pandas/core/common.py::222,0.085020
pandas/core/common.py::225,0.085020
pandas/core/common.py::230,0.085020
pandas/core/common.py::232,0.085020
pandas/core/common.py::235,0.085020
pandas/core/common.py::236,0.085020
pandas/core/common.py::238,0.085020
pandas/core/common.py::240,0.085020
pandas/core/common.py::243,0.085020
pandas/core/common.py::248,0.085020
pandas/core/common.py::288,0.085020
pandas/core/common.py::290,0.085020
pandas/core/common.py::351,0.085020
pandas/core/common.py::354,0.085020
pandas/core/construction.py::359,0.085020
pandas/core/construction.py::362,0.085020
pandas/core/construction.py::365,0.085020
pandas/core/construction.py::373,0.085020
pandas/core/construction.py::376,0.085020
pandas/core/construction.py::386,0.085020
pandas/core/construction.py::389,0.085020
pandas/core/construction.py::391,0.085020
pandas/core/construction.py::402,0.085020
pandas/core/construction.py::404,0.085020
pandas/core/construction.py::414,0.085020
pandas/core/construction.py::415,0.085020
pandas/core/construction.py::425,0.085020
pandas/core/construction.py::427,0.085020
pandas/core/construction.py::437,0.085020
pandas/core/construction.py::456,0.085020
pandas/core/construction.py::457,0.085020
pandas/core/construction.py::460,0.085020
pandas/core/construction.py::471,0.085020
pandas/core/construction.py::474,0.085020
pandas/core/construction.py::483,0.085020
pandas/core/construction.py::484,0.085020
pandas/core/construction.py::485,0.085020
pandas/core/construction.py::493,0.085020
pandas/core/construction.py::511,0.085020
pandas/core/construction.py::512,0.085020
pandas/core/construction.py::513,0.085020
pandas/core/dtypes/base.py::223,0.085020
pandas/core/dtypes/base.py::224,0.085020
pandas/core/dtypes/base.py::254,0.085020
pandas/core/dtypes/base.py::256,0.085020
pandas/core/dtypes/base.py::261,0.085020
pandas/core/dtypes/base.py::262,0.085020
pandas/core/dtypes/base.py::264,0.085020
pandas/core/dtypes/base.py::266,0.085020
pandas/core/dtypes/base.py::267,0.085020
pandas/core/dtypes/base.py::268,0.085020
pandas/core/dtypes/base.py::269,0.085020
pandas/core/dtypes/cast.py::1002,0.085020
pandas/core/dtypes/cast.py::1009,0.085020
pandas/core/dtypes/cast.py::1010,0.085020
pandas/core/dtypes/cast.py::1012,0.085020
pandas/core/dtypes/cast.py::1111,0.085020
pandas/core/dtypes/cast.py::1115,0.085020
pandas/core/dtypes/cast.py::1128,0.085020
pandas/core/dtypes/cast.py::1130,0.085020
pandas/core/dtypes/cast.py::1133,0.085020
pandas/core/dtypes/cast.py::1135,0.085020
pandas/core/dtypes/cast.py::1278,0.085020
pandas/core/dtypes/cast.py::1279,0.085020
pandas/core/dtypes/cast.py::1280,0.085020
pandas/core/dtypes/cast.py::335,0.085020
pandas/core/dtypes/cast.py::347,0.085020
pandas/core/dtypes/cast.py::349,0.085020
pandas/core/dtypes/cast.py::351,0.085020
pandas/core/dtypes/cast.py::354,0.085020
pandas/core/dtypes/cast.py::356,0.085020
pandas/core/dtypes/cast.py::361,0.085020
pandas/core/dtypes/cast.py::364,0.085020
pandas/core/dtypes/cast.py::365,0.085020
pandas/core/dtypes/cast.py::367,0.085020
pandas/core/dtypes/cast.py::369,0.085020
pandas/core/dtypes/cast.py::370,0.085020
pandas/core/dtypes/cast.py::392,0.085020
pandas/core/dtypes/cast.py::394,0.085020
pandas/core/dtypes/cast.py::396,0.085020
pandas/core/dtypes/cast.py::399,0.085020
pandas/core/dtypes/cast.py::68,0.085020
pandas/core/dtypes/cast.py::69,0.085020
pandas/core/dtypes/cast.py::70,0.085020
pandas/core/dtypes/cast.py::71,0.085020
pandas/core/dtypes/cast.py::73,0.085020
pandas/core/dtypes/cast.py::75,0.085020
pandas/core/dtypes/cast.py::890,0.085020
pandas/core/dtypes/cast.py::891,0.085020
pandas/core/dtypes/cast.py::893,0.085020
pandas/core/dtypes/cast.py::896,0.085020
pandas/core/dtypes/cast.py::918,0.085020
pandas/core/dtypes/cast.py::919,0.085020
pandas/core/dtypes/cast.py::922,0.085020
pandas/core/dtypes/cast.py::926,0.085020
pandas/core/dtypes/cast.py::928,0.085020
pandas/core/dtypes/cast.py::930,0.085020
pandas/core/dtypes/cast.py::933,0.085020
pandas/core/dtypes/cast.py::936,0.085020
pandas/core/dtypes/cast.py::937,0.085020
pandas/core/dtypes/cast.py::940,0.085020
pandas/core/dtypes/cast.py::943,0.085020
pandas/core/dtypes/cast.py::967,0.085020
pandas/core/dtypes/cast.py::978,0.085020
pandas/core/dtypes/cast.py::980,0.085020
pandas/core/dtypes/cast.py::982,0.085020
pandas/core/dtypes/cast.py::984,0.085020
pandas/core/dtypes/cast.py::986,0.085020
pandas/core/dtypes/common.py::1061,0.085020
pandas/core/dtypes/common.py::1108,0.085020
pandas/core/dtypes/common.py::1109,0.085020
pandas/core/dtypes/common.py::1199,0.085020
pandas/core/dtypes/common.py::1201,0.085020
pandas/core/dtypes/common.py::1617,0.085020
pandas/core/dtypes/common.py::1660,0.085020
pandas/core/dtypes/common.py::1661,0.085020
pandas/core/dtypes/common.py::1662,0.085020
pandas/core/dtypes/common.py::1663,0.085020
pandas/core/dtypes/common.py::1667,0.085020
pandas/core/dtypes/common.py::1671,0.085020
pandas/core/dtypes/common.py::1678,0.085020
pandas/core/dtypes/common.py::1682,0.085020
pandas/core/dtypes/common.py::1789,0.085020
pandas/core/dtypes/common.py::1790,0.085020
pandas/core/dtypes/common.py::1842,0.085020
pandas/core/dtypes/common.py::1844,0.085020
pandas/core/dtypes/common.py::1845,0.085020
pandas/core/dtypes/common.py::1848,0.085020
pandas/core/dtypes/common.py::1871,0.085020
pandas/core/dtypes/common.py::1875,0.085020
pandas/core/dtypes/common.py::1876,0.085020
pandas/core/dtypes/common.py::1877,0.085020
pandas/core/dtypes/common.py::1881,0.085020
pandas/core/dtypes/common.py::1882,0.085020
pandas/core/dtypes/common.py::1884,0.085020
pandas/core/dtypes/common.py::1902,0.085020
pandas/core/dtypes/common.py::1903,0.085020
pandas/core/dtypes/common.py::1906,0.085020
pandas/core/dtypes/common.py::1907,0.085020
pandas/core/dtypes/common.py::1908,0.085020
pandas/core/dtypes/common.py::1914,0.085020
pandas/core/dtypes/common.py::1915,0.085020
pandas/core/dtypes/common.py::1918,0.085020
pandas/core/dtypes/common.py::1919,0.085020
pandas/core/dtypes/common.py::1921,0.085020
pandas/core/dtypes/common.py::1922,0.085020
pandas/core/dtypes/common.py::1929,0.085020
pandas/core/dtypes/common.py::197,0.085020
pandas/core/dtypes/common.py::201,0.085020
pandas/core/dtypes/common.py::202,0.085020
pandas/core/dtypes/common.py::203,0.085020
pandas/core/dtypes/common.py::2038,0.085020
pandas/core/dtypes/common.py::204,0.085020
pandas/core/dtypes/common.py::2040,0.085020
pandas/core/dtypes/common.py::2041,0.085020
pandas/core/dtypes/common.py::207,0.085020
pandas/core/dtypes/common.py::212,0.085020
pandas/core/dtypes/common.py::220,0.085020
pandas/core/dtypes/common.py::221,0.085020
pandas/core/dtypes/common.py::253,0.085020
pandas/core/dtypes/common.py::312,0.085020
pandas/core/dtypes/common.py::314,0.085020
pandas/core/dtypes/common.py::315,0.085020
pandas/core/dtypes/common.py::388,0.085020
pandas/core/dtypes/common.py::537,0.085020
pandas/core/dtypes/common.py::573,0.085020
pandas/core/dtypes/common.py::575,0.085020
pandas/core/dtypes/common.py::606,0.085020
pandas/core/dtypes/common.py::638,0.085020
pandas/core/dtypes/common.py::640,0.085020
pandas/core/dtypes/common.py::674,0.085020
pandas/core/dtypes/common.py::675,0.085020
pandas/core/dtypes/common.py::676,0.085020
pandas/core/dtypes/common.py::707,0.085020
pandas/core/dtypes/common.py::708,0.085020
pandas/core/dtypes/common.py::709,0.085020
pandas/core/dtypes/common.py::742,0.085020
pandas/core/dtypes/common.py::743,0.085020
pandas/core/dtypes/common.py::745,0.085020
pandas/core/dtypes/dtypes.py::101,0.085020
pandas/core/dtypes/dtypes.py::1050,0.085020
pandas/core/dtypes/dtypes.py::1051,0.085020
pandas/core/dtypes/dtypes.py::1052,0.085020
pandas/core/dtypes/dtypes.py::1103,0.085020
pandas/core/dtypes/dtypes.py::1114,0.085020
pandas/core/dtypes/dtypes.py::738,0.085020
pandas/core/dtypes/dtypes.py::750,0.085020
pandas/core/dtypes/dtypes.py::877,0.085020
pandas/core/dtypes/dtypes.py::879,0.085020
pandas/core/dtypes/dtypes.py::887,0.085020
pandas/core/dtypes/dtypes.py::923,0.085020
pandas/core/dtypes/dtypes.py::936,0.085020
pandas/core/dtypes/dtypes.py::94,0.085020
pandas/core/dtypes/dtypes.py::95,0.085020
pandas/core/dtypes/dtypes.py::96,0.085020
pandas/core/dtypes/dtypes.py::97,0.085020
pandas/core/dtypes/dtypes.py::98,0.085020
pandas/core/dtypes/generic.py::9,0.085020
pandas/core/dtypes/inference.py::148,0.085020
pandas/core/dtypes/inference.py::151,0.085020
pandas/core/dtypes/inference.py::276,0.085020
pandas/core/dtypes/inference.py::415,0.085020
pandas/core/dtypes/inference.py::416,0.085020
pandas/core/dtypes/inference.py::420,0.085020
pandas/core/dtypes/missing.py::124,0.085020
pandas/core/dtypes/missing.py::131,0.085020
pandas/core/dtypes/missing.py::134,0.085020
pandas/core/dtypes/missing.py::136,0.085020
pandas/core/dtypes/missing.py::137,0.085020
pandas/core/dtypes/missing.py::139,0.085020
pandas/core/dtypes/missing.py::140,0.085020
pandas/core/dtypes/missing.py::141,0.085020
pandas/core/dtypes/missing.py::142,0.085020
pandas/core/dtypes/missing.py::143,0.085020
pandas/core/dtypes/missing.py::144,0.085020
pandas/core/dtypes/missing.py::147,0.085020
pandas/core/dtypes/missing.py::216,0.085020
pandas/core/dtypes/missing.py::218,0.085020
pandas/core/dtypes/missing.py::225,0.085020
pandas/core/dtypes/missing.py::227,0.085020
pandas/core/dtypes/missing.py::255,0.085020
pandas/core/dtypes/missing.py::258,0.085020
pandas/core/frame.py::2815,0.085020
pandas/core/frame.py::2816,0.085020
pandas/core/frame.py::2818,0.085020
pandas/core/frame.py::2820,0.085020
pandas/core/frame.py::2821,0.085020
pandas/core/frame.py::3111,0.085020
pandas/core/frame.py::3112,0.085020
pandas/core/frame.py::3115,0.085020
pandas/core/frame.py::3121,0.085020
pandas/core/frame.py::3122,0.085020
pandas/core/frame.py::394,0.085020
pandas/core/frame.py::396,0.085020
pandas/core/frame.py::399,0.085020
pandas/core/frame.py::402,0.085020
pandas/core/frame.py::406,0.085020
pandas/core/frame.py::407,0.085020
pandas/core/frame.py::483,0.085020
pandas/core/generic.py::173,0.085020
pandas/core/generic.py::183,0.085020
pandas/core/generic.py::184,0.085020
pandas/core/generic.py::185,0.085020
pandas/core/generic.py::3212,0.085020
pandas/core/generic.py::3535,0.085020
pandas/core/generic.py::3536,0.085020
pandas/core/generic.py::3537,0.085020
pandas/core/generic.py::3538,0.085020
pandas/core/generic.py::3539,0.085020
pandas/core/generic.py::3540,0.085020
pandas/core/generic.py::3541,0.085020
pandas/core/generic.py::3544,0.085020
pandas/core/generic.py::3545,0.085020
pandas/core/generic.py::5135,0.085020
pandas/core/generic.py::5139,0.085020
pandas/core/generic.py::5154,0.085020
pandas/core/generic.py::5155,0.085020
pandas/core/generic.py::5156,0.085020
pandas/core/generic.py::5157,0.085020
pandas/core/generic.py::5158,0.085020
pandas/core/generic.py::5162,0.085020
pandas/core/generic.py::5163,0.085020
pandas/core/generic.py::5164,0.085020
pandas/core/generic.py::5165,0.085020
pandas/core/indexes/base.py::1783,0.085020
pandas/core/indexes/base.py::270,0.085020
pandas/core/indexes/base.py::273,0.085020
pandas/core/indexes/base.py::283,0.085020
pandas/core/indexes/base.py::285,0.085020
pandas/core/indexes/base.py::2865,0.085020
pandas/core/indexes/base.py::2866,0.085020
pandas/core/indexes/base.py::2871,0.085020
pandas/core/indexes/base.py::2872,0.085020
pandas/core/indexes/base.py::290,0.085020
pandas/core/indexes/base.py::292,0.085020
pandas/core/indexes/base.py::296,0.085020
pandas/core/indexes/base.py::303,0.085020
pandas/core/indexes/base.py::311,0.085020
pandas/core/indexes/base.py::312,0.085020
pandas/core/indexes/base.py::313,0.085020
pandas/core/indexes/base.py::332,0.085020
pandas/core/indexes/base.py::333,0.085020
pandas/core/indexes/base.py::348,0.085020
pandas/core/indexes/base.py::355,0.085020
pandas/core/indexes/base.py::369,0.085020
pandas/core/indexes/base.py::370,0.085020
pandas/core/indexes/base.py::3895,0.085020
pandas/core/indexes/base.py::4247,0.085020
pandas/core/indexes/base.py::4248,0.085020
pandas/core/indexes/base.py::425,0.085020
pandas/core/indexes/base.py::4250,0.085020
pandas/core/indexes/base.py::4251,0.085020
pandas/core/indexes/base.py::4252,0.085020
pandas/core/indexes/base.py::427,0.085020
pandas/core/indexes/base.py::431,0.085020
pandas/core/indexes/base.py::435,0.085020
pandas/core/indexes/base.py::4370,0.085020
pandas/core/indexes/base.py::4371,0.085020
pandas/core/indexes/base.py::439,0.085020
pandas/core/indexes/base.py::442,0.085020
pandas/core/indexes/base.py::446,0.085020
pandas/core/indexes/base.py::449,0.085020
pandas/core/indexes/base.py::450,0.085020
pandas/core/indexes/base.py::451,0.085020
pandas/core/indexes/base.py::458,0.085020
pandas/core/indexes/base.py::463,0.085020
pandas/core/indexes/base.py::471,0.085020
pandas/core/indexes/base.py::474,0.085020
pandas/core/indexes/base.py::495,0.085020
pandas/core/indexes/base.py::497,0.085020
pandas/core/indexes/base.py::499,0.085020
pandas/core/indexes/base.py::502,0.085020
pandas/core/indexes/base.py::504,0.085020
pandas/core/indexes/base.py::507,0.085020
pandas/core/indexes/base.py::516,0.085020
pandas/core/indexes/base.py::517,0.085020
pandas/core/indexes/base.py::558,0.085020
pandas/core/indexes/base.py::568,0.085020
pandas/core/indexes/base.py::5684,0.085020
pandas/core/indexes/base.py::5685,0.085020
pandas/core/indexes/base.py::5687,0.085020
pandas/core/indexes/base.py::574,0.085020
pandas/core/indexes/base.py::5747,0.085020
pandas/core/indexes/base.py::5749,0.085020
pandas/core/indexes/base.py::575,0.085020
pandas/core/indexes/base.py::581,0.085020
pandas/core/indexes/base.py::582,0.085020
pandas/core/indexes/base.py::583,0.085020
pandas/core/indexes/base.py::585,0.085020
pandas/core/indexes/base.py::598,0.085020
pandas/core/indexes/base.py::617,0.085020
pandas/core/indexes/base.py::618,0.085020
pandas/core/indexes/base.py::619,0.085020
pandas/core/indexes/base.py::620,0.085020
pandas/core/indexes/base.py::621,0.085020
pandas/core/indexes/base.py::625,0.085020
pandas/core/indexes/base.py::626,0.085020
pandas/core/indexes/base.py::631,0.085020
pandas/core/indexes/base.py::679,0.085020
pandas/core/indexes/base.py::685,0.085020
pandas/core/indexes/base.py::686,0.085020
pandas/core/indexes/base.py::694,0.085020
pandas/core/indexes/base.py::704,0.085020
pandas/core/indexes/base.py::729,0.085020
pandas/core/indexes/range.py::103,0.085020
pandas/core/indexes/range.py::106,0.085020
pandas/core/indexes/range.py::112,0.085020
pandas/core/indexes/range.py::115,0.085020
pandas/core/indexes/range.py::117,0.085020
pandas/core/indexes/range.py::120,0.085020
pandas/core/indexes/range.py::122,0.085020
pandas/core/indexes/range.py::123,0.085020
pandas/core/indexes/range.py::126,0.085020
pandas/core/indexes/range.py::127,0.085020
pandas/core/indexes/range.py::149,0.085020
pandas/core/indexes/range.py::152,0.085020
pandas/core/indexes/range.py::155,0.085020
pandas/core/indexes/range.py::158,0.085020
pandas/core/indexes/range.py::160,0.085020
pandas/core/indexes/range.py::161,0.085020
pandas/core/indexes/range.py::164,0.085020
pandas/core/indexes/range.py::165,0.085020
pandas/core/indexes/range.py::172,0.085020
pandas/core/indexes/range.py::701,0.085020
pandas/core/indexes/range.py::93,0.085020
pandas/core/internals/blocks.py::120,0.085020
pandas/core/internals/blocks.py::121,0.085020
pandas/core/internals/blocks.py::122,0.085020
pandas/core/internals/blocks.py::124,0.085020
pandas/core/internals/blocks.py::151,0.085020
pandas/core/internals/blocks.py::152,0.085020
pandas/core/internals/blocks.py::154,0.085020
pandas/core/internals/blocks.py::158,0.085020
pandas/core/internals/blocks.py::210,0.085020
pandas/core/internals/blocks.py::240,0.085020
pandas/core/internals/blocks.py::244,0.085020
pandas/core/internals/blocks.py::245,0.085020
pandas/core/internals/blocks.py::247,0.085020
pandas/core/internals/blocks.py::2635,0.085020
pandas/core/internals/blocks.py::2638,0.085020
pandas/core/internals/blocks.py::268,0.085020
pandas/core/internals/blocks.py::274,0.085020
pandas/core/internals/blocks.py::276,0.085020
pandas/core/internals/blocks.py::277,0.085020
pandas/core/internals/blocks.py::3061,0.085020
pandas/core/internals/blocks.py::3062,0.085020
pandas/core/internals/blocks.py::3064,0.085020
pandas/core/internals/blocks.py::3067,0.085020
pandas/core/internals/blocks.py::3069,0.085020
pandas/core/internals/blocks.py::3072,0.085020
pandas/core/internals/blocks.py::3074,0.085020
pandas/core/internals/blocks.py::3076,0.085020
pandas/core/internals/blocks.py::3078,0.085020
pandas/core/internals/blocks.py::3079,0.085020
pandas/core/internals/blocks.py::3080,0.085020
pandas/core/internals/blocks.py::3083,0.085020
pandas/core/internals/blocks.py::3085,0.085020
pandas/core/internals/blocks.py::3087,0.085020
pandas/core/internals/blocks.py::3090,0.085020
pandas/core/internals/blocks.py::3091,0.085020
pandas/core/internals/blocks.py::3097,0.085020
pandas/core/internals/blocks.py::3102,0.085020
pandas/core/internals/blocks.py::3105,0.085020
pandas/core/internals/blocks.py::3111,0.085020
pandas/core/internals/blocks.py::3112,0.085020
pandas/core/internals/blocks.py::3113,0.085020
pandas/core/internals/blocks.py::3115,0.085020
pandas/core/internals/blocks.py::3120,0.085020
pandas/core/internals/blocks.py::338,0.085020
pandas/core/internals/blocks.py::342,0.085020
pandas/core/internals/blocks.py::346,0.085020
pandas/core/internals/blocks.py::349,0.085020
pandas/core/internals/blocks.py::350,0.085020
pandas/core/internals/blocks.py::367,0.085020
pandas/core/internals/construction.py::210,0.085020
pandas/core/internals/construction.py::235,0.085020
pandas/core/internals/construction.py::236,0.085020
pandas/core/internals/construction.py::237,0.085020
pandas/core/internals/construction.py::241,0.085020
pandas/core/internals/construction.py::244,0.085020
pandas/core/internals/construction.py::246,0.085020
pandas/core/internals/construction.py::290,0.085020
pandas/core/internals/construction.py::291,0.085020
pandas/core/internals/construction.py::293,0.085020
pandas/core/internals/construction.py::294,0.085020
pandas/core/internals/construction.py::302,0.085020
pandas/core/internals/construction.py::311,0.085020
pandas/core/internals/construction.py::312,0.085020
pandas/core/internals/construction.py::315,0.085020
pandas/core/internals/construction.py::317,0.085020
pandas/core/internals/construction.py::321,0.085020
pandas/core/internals/construction.py::322,0.085020
pandas/core/internals/construction.py::324,0.085020
pandas/core/internals/construction.py::325,0.085020
pandas/core/internals/construction.py::326,0.085020
pandas/core/internals/construction.py::328,0.085020
pandas/core/internals/construction.py::329,0.085020
pandas/core/internals/construction.py::330,0.085020
pandas/core/internals/construction.py::331,0.085020
pandas/core/internals/construction.py::333,0.085020
pandas/core/internals/construction.py::334,0.085020
pandas/core/internals/construction.py::337,0.085020
pandas/core/internals/construction.py::342,0.085020
pandas/core/internals/construction.py::343,0.085020
pandas/core/internals/construction.py::344,0.085020
pandas/core/internals/construction.py::346,0.085020
pandas/core/internals/construction.py::349,0.085020
pandas/core/internals/construction.py::351,0.085020
pandas/core/internals/construction.py::354,0.085020
pandas/core/internals/construction.py::355,0.085020
pandas/core/internals/construction.py::356,0.085020
pandas/core/internals/construction.py::359,0.085020
pandas/core/internals/construction.py::364,0.085020
pandas/core/internals/construction.py::372,0.085020
pandas/core/internals/construction.py::374,0.085020
pandas/core/internals/construction.py::65,0.085020
pandas/core/internals/construction.py::66,0.085020
pandas/core/internals/construction.py::71,0.085020
pandas/core/internals/construction.py::74,0.085020
pandas/core/internals/construction.py::76,0.085020
pandas/core/internals/managers.py::132,0.085020
pandas/core/internals/managers.py::133,0.085020
pandas/core/internals/managers.py::135,0.085020
pandas/core/internals/managers.py::136,0.085020
pandas/core/internals/managers.py::142,0.085020
pandas/core/internals/managers.py::143,0.085020
pandas/core/internals/managers.py::145,0.085020
pandas/core/internals/managers.py::147,0.085020
pandas/core/internals/managers.py::1475,0.085020
pandas/core/internals/managers.py::1483,0.085020
pandas/core/internals/managers.py::1496,0.085020
pandas/core/internals/managers.py::1499,0.085020
pandas/core/internals/managers.py::1502,0.085020
pandas/core/internals/managers.py::1507,0.085020
pandas/core/internals/managers.py::1511,0.085020
pandas/core/internals/managers.py::1513,0.085020
pandas/core/internals/managers.py::1516,0.085020
pandas/core/internals/managers.py::1523,0.085020
pandas/core/internals/managers.py::1557,0.085020
pandas/core/internals/managers.py::1583,0.085020
pandas/core/internals/managers.py::169,0.085020
pandas/core/internals/managers.py::1690,0.085020
pandas/core/internals/managers.py::1691,0.085020
pandas/core/internals/managers.py::1692,0.085020
pandas/core/internals/managers.py::1693,0.085020
pandas/core/internals/managers.py::1694,0.085020
pandas/core/internals/managers.py::1726,0.085020
pandas/core/internals/managers.py::1727,0.085020
pandas/core/internals/managers.py::1729,0.085020
pandas/core/internals/managers.py::173,0.085020
pandas/core/internals/managers.py::1730,0.085020
pandas/core/internals/managers.py::1731,0.085020
pandas/core/internals/managers.py::1736,0.085020
pandas/core/internals/managers.py::1737,0.085020
pandas/core/internals/managers.py::1741,0.085020
pandas/core/internals/managers.py::1742,0.085020
pandas/core/internals/managers.py::1744,0.085020
pandas/core/internals/managers.py::1745,0.085020
pandas/core/internals/managers.py::1747,0.085020
pandas/core/internals/managers.py::1748,0.085020
pandas/core/internals/managers.py::1749,0.085020
pandas/core/internals/managers.py::1750,0.085020
pandas/core/internals/managers.py::1752,0.085020
pandas/core/internals/managers.py::1756,0.085020
pandas/core/internals/managers.py::1760,0.085020
pandas/core/internals/managers.py::1764,0.085020
pandas/core/internals/managers.py::1768,0.085020
pandas/core/internals/managers.py::1775,0.085020
pandas/core/internals/managers.py::1779,0.085020
pandas/core/internals/managers.py::1780,0.085020
pandas/core/internals/managers.py::1781,0.085020
pandas/core/internals/managers.py::1783,0.085020
pandas/core/internals/managers.py::1790,0.085020
pandas/core/internals/managers.py::1799,0.085020
pandas/core/internals/managers.py::1807,0.085020
pandas/core/internals/managers.py::1817,0.085020
pandas/core/internals/managers.py::1824,0.085020
pandas/core/internals/managers.py::1827,0.085020
pandas/core/internals/managers.py::1830,0.085020
pandas/core/internals/managers.py::1831,0.085020
pandas/core/internals/managers.py::1838,0.085020
pandas/core/internals/managers.py::1840,0.085020
pandas/core/internals/managers.py::1841,0.085020
pandas/core/internals/managers.py::1843,0.085020
pandas/core/internals/managers.py::1845,0.085020
pandas/core/internals/managers.py::1846,0.085020
pandas/core/internals/managers.py::1848,0.085020
pandas/core/internals/managers.py::1854,0.085020
pandas/core/internals/managers.py::1855,0.085020
pandas/core/internals/managers.py::1858,0.085020
pandas/core/internals/managers.py::1860,0.085020
pandas/core/internals/managers.py::1861,0.085020
pandas/core/internals/managers.py::1864,0.085020
pandas/core/internals/managers.py::1866,0.085020
pandas/core/internals/managers.py::1868,0.085020
pandas/core/internals/managers.py::1869,0.085020
pandas/core/internals/managers.py::1871,0.085020
pandas/core/internals/managers.py::1872,0.085020
pandas/core/internals/managers.py::1873,0.085020
pandas/core/internals/managers.py::1875,0.085020
pandas/core/internals/managers.py::220,0.085020
pandas/core/internals/managers.py::221,0.085020
pandas/core/internals/managers.py::222,0.085020
pandas/core/internals/managers.py::223,0.085020
pandas/core/internals/managers.py::225,0.085020
pandas/core/internals/managers.py::226,0.085020
pandas/core/internals/managers.py::227,0.085020
pandas/core/internals/managers.py::228,0.085020
pandas/core/internals/managers.py::230,0.085020
pandas/core/internals/managers.py::233,0.085020
pandas/core/internals/managers.py::234,0.085020
pandas/core/internals/managers.py::238,0.085020
pandas/core/internals/managers.py::326,0.085020
pandas/core/internals/managers.py::341,0.085020
pandas/core/internals/managers.py::342,0.085020
pandas/core/internals/managers.py::343,0.085020
pandas/core/internals/managers.py::344,0.085020
pandas/core/internals/managers.py::346,0.085020
pandas/core/internals/managers.py::650,0.085020
pandas/core/internals/managers.py::652,0.085020
pandas/core/internals/managers.py::655,0.085020
pandas/core/internals/managers.py::656,0.085020
pandas/core/internals/managers.py::657,0.085020
pandas/core/internals/managers.py::936,0.085020
pandas/core/internals/managers.py::946,0.085020
pandas/core/internals/managers.py::948,0.085020
pandas/core/internals/managers.py::949,0.085020
pandas/core/internals/managers.py::960,0.085020
pandas/core/internals/managers.py::977,0.085020
pandas/core/internals/managers.py::978,0.085020
pandas/core/internals/managers.py::981,0.085020
pandas/core/internals/managers.py::983,0.085020
pandas/core/internals/managers.py::984,0.085020
pandas/core/internals/managers.py::987,0.085020
pandas/core/series.py::198,0.085020
pandas/core/series.py::201,0.085020
pandas/core/series.py::203,0.085020
pandas/core/series.py::205,0.085020
pandas/core/series.py::314,0.085020
pandas/core/series.py::316,0.085020
pandas/core/series.py::317,0.085020
pandas/core/series.py::420,0.085020
pandas/core/series.py::423,0.085020
pandas/core/series.py::424,0.085020
pandas/core/series.py::436,0.085020
pandas/core/series.py::438,0.085020
pandas/core/series.py::439,0.085020
pandas/core/series.py::443,0.085020
pandas/core/series.py::446,0.085020
pandas/core/series.py::457,0.085020
pandas/core/series.py::461,0.085020
pandas/core/series.py::463,0.085020
pandas/core/series.py::471,0.085020
pandas/core/series.py::563,0.085020
