Entity,Score
pandas/core/base.py::598,0.909091
pandas/core/dtypes/cast.py::227,0.909091
pandas/core/groupby/generic.py::210,0.909091
pandas/core/groupby/generic.py::269,0.909091
pandas/core/groupby/generic.py::270,0.909091
pandas/core/groupby/groupby.py::1397,0.909091
pandas/core/groupby/groupby.py::1401,0.909091
pandas/core/indexes/base.py::2659,0.909091
pandas/core/indexes/base.py::3312,0.909091
pandas/core/indexes/base.py::3313,0.909091
pandas/core/indexes/base.py::3314,0.909091
pandas/core/indexes/base.py::3315,0.909091
pandas/core/indexes/base.py::445,0.909091
pandas/core/indexes/base.py::447,0.909091
pandas/core/indexes/frozen.py::108,0.909091
pandas/core/indexing.py::1162,0.909091
pandas/core/internals/managers.py::151,0.909091
pandas/core/internals/managers.py::155,0.909091
pandas/core/internals/managers.py::158,0.909091
pandas/core/internals/managers.py::159,0.909091
pandas/core/internals/managers.py::442,0.909091
pandas/util/testing.py::774,0.909091
pandas/util/testing.py::775,0.909091
pandas/util/testing.py::908,0.909091
pandas/util/testing.py::910,0.909091
pandas/util/testing.py::912,0.909091
pandas/util/testing.py::915,0.909091
pandas/util/testing.py::917,0.909091
pandas/util/testing.py::924,0.909091
pandas/util/testing.py::925,0.909091
pandas/util/testing.py::928,0.909091
pandas/util/testing.py::931,0.909091
pandas/core/apply.py::138,0.660409
pandas/core/apply.py::142,0.660409
pandas/core/apply.py::180,0.660409
pandas/core/apply.py::198,0.660409
pandas/core/apply.py::202,0.660409
pandas/core/apply.py::204,0.660409
pandas/core/apply.py::206,0.660409
pandas/core/apply.py::207,0.660409
pandas/core/apply.py::208,0.660409
pandas/core/apply.py::212,0.660409
pandas/core/apply.py::214,0.660409
pandas/core/apply.py::215,0.660409
pandas/core/apply.py::216,0.660409
pandas/core/apply.py::220,0.660409
pandas/core/apply.py::277,0.660409
pandas/core/apply.py::340,0.660409
pandas/core/apply.py::341,0.660409
pandas/core/apply.py::342,0.660409
pandas/core/apply.py::343,0.660409
pandas/core/dtypes/cast.py::530,0.660409
pandas/core/dtypes/cast.py::531,0.660409
pandas/core/dtypes/cast.py::534,0.660409
pandas/core/frame.py::6810,0.660409
pandas/core/frame.py::6812,0.660409
pandas/core/frame.py::6813,0.660409
pandas/core/frame.py::6814,0.660409
pandas/core/frame.py::6815,0.660409
pandas/core/frame.py::6816,0.660409
pandas/core/frame.py::6817,0.660409
pandas/core/frame.py::6818,0.660409
pandas/core/frame.py::6819,0.660409
pandas/core/frame.py::6820,0.660409
pandas/core/frame.py::6821,0.660409
pandas/core/frame.py::6823,0.660409
pandas/core/groupby/groupby.py::1392,0.660409
pandas/core/groupby/groupby.py::1393,0.660409
pandas/core/groupby/groupby.py::1395,0.660409
pandas/core/groupby/groupby.py::1396,0.660409
pandas/core/groupby/groupby.py::1398,0.660409
pandas/core/groupby/groupby.py::1400,0.660409
pandas/core/indexes/category.py::320,0.660409
pandas/core/internals/construction.py::184,0.660409
pandas/core/internals/construction.py::185,0.660409
pandas/core/internals/construction.py::189,0.660409
pandas/core/internals/construction.py::193,0.660409
pandas/core/apply.py::366,0.545836
pandas/core/apply.py::367,0.545836
pandas/core/apply.py::369,0.545836
pandas/core/base.py::978,0.545836
pandas/core/base.py::984,0.545836
pandas/core/base.py::986,0.545836
pandas/core/base.py::988,0.545836
pandas/core/indexes/base.py::4328,0.545836
pandas/core/indexes/base.py::569,0.545836
pandas/core/internals/blocks.py::1778,0.545836
pandas/core/internals/blocks.py::1779,0.545836
pandas/core/internals/blocks.py::1780,0.545836
pandas/core/internals/blocks.py::1781,0.545836
pandas/core/series.py::358,0.545836
pandas/core/apply.py::106,0.476190
pandas/core/apply.py::109,0.476190
pandas/core/apply.py::115,0.476190
pandas/core/apply.py::117,0.476190
pandas/core/apply.py::120,0.476190
pandas/core/apply.py::121,0.476190
pandas/core/apply.py::122,0.476190
pandas/core/apply.py::126,0.476190
pandas/core/apply.py::130,0.476190
pandas/core/apply.py::148,0.476190
pandas/core/apply.py::152,0.476190
pandas/core/apply.py::156,0.476190
pandas/core/apply.py::167,0.476190
pandas/core/apply.py::175,0.476190
pandas/core/apply.py::179,0.476190
pandas/core/apply.py::183,0.476190
pandas/core/apply.py::186,0.476190
pandas/core/apply.py::276,0.476190
pandas/core/apply.py::312,0.476190
pandas/core/apply.py::315,0.476190
pandas/core/apply.py::318,0.476190
pandas/core/apply.py::319,0.476190
pandas/core/apply.py::321,0.476190
pandas/core/apply.py::322,0.476190
pandas/core/apply.py::323,0.476190
pandas/core/apply.py::324,0.476190
pandas/core/apply.py::34,0.476190
pandas/core/apply.py::35,0.476190
pandas/core/apply.py::353,0.476190
pandas/core/apply.py::354,0.476190
pandas/core/apply.py::355,0.476190
pandas/core/apply.py::358,0.476190
pandas/core/apply.py::36,0.476190
pandas/core/apply.py::361,0.476190
pandas/core/apply.py::380,0.476190
pandas/core/apply.py::384,0.476190
pandas/core/apply.py::388,0.476190
pandas/core/apply.py::40,0.476190
pandas/core/apply.py::41,0.476190
pandas/core/apply.py::42,0.476190
pandas/core/apply.py::43,0.476190
pandas/core/apply.py::44,0.476190
pandas/core/apply.py::45,0.476190
pandas/core/apply.py::46,0.476190
pandas/core/apply.py::47,0.476190
pandas/core/apply.py::48,0.476190
pandas/core/apply.py::49,0.476190
pandas/core/apply.py::66,0.476190
pandas/core/apply.py::67,0.476190
pandas/core/apply.py::68,0.476190
pandas/core/apply.py::69,0.476190
pandas/core/apply.py::70,0.476190
pandas/core/apply.py::72,0.476190
pandas/core/apply.py::78,0.476190
pandas/core/apply.py::90,0.476190
pandas/core/generic.py::5495,0.476190
pandas/core/groupby/generic.py::1521,0.476190
pandas/core/groupby/generic.py::1523,0.476190
pandas/core/groupby/generic.py::1524,0.476190
pandas/core/groupby/generic.py::291,0.476190
pandas/core/groupby/generic.py::294,0.476190
pandas/core/groupby/generic.py::295,0.476190
pandas/core/groupby/generic.py::297,0.476190
pandas/core/groupby/generic.py::298,0.476190
pandas/core/groupby/generic.py::299,0.476190
pandas/core/groupby/generic.py::300,0.476190
pandas/core/groupby/generic.py::301,0.476190
pandas/core/groupby/generic.py::313,0.476190
pandas/core/groupby/groupby.py::797,0.476190
pandas/core/indexes/base.py::436,0.476190
pandas/core/internals/blocks.py::1820,0.476190
pandas/core/internals/blocks.py::1822,0.476190
pandas/core/series.py::3928,0.476190
pandas/core/series.py::3934,0.476190
pandas/core/series.py::3938,0.476190
pandas/core/series.py::3942,0.476190
pandas/core/series.py::3948,0.476190
pandas/core/series.py::3950,0.476190
pandas/core/series.py::3951,0.476190
pandas/core/series.py::3955,0.476190
pandas/core/series.py::3958,0.476190
pandas/core/series.py::3959,0.476190
pandas/core/series.py::3961,0.476190
pandas/core/series.py::3966,0.476190
pandas/core/base.py::553,0.428070
pandas/core/base.py::555,0.428070
pandas/core/base.py::558,0.428070
pandas/core/base.py::561,0.428070
pandas/core/base.py::563,0.428070
pandas/core/base.py::564,0.428070
pandas/core/base.py::567,0.428070
pandas/core/base.py::583,0.428070
pandas/core/base.py::597,0.428070
pandas/core/construction.py::429,0.428070
pandas/core/construction.py::433,0.428070
pandas/core/construction.py::435,0.428070
pandas/core/construction.py::436,0.428070
pandas/core/construction.py::439,0.428070
pandas/core/construction.py::440,0.428070
pandas/core/construction.py::445,0.428070
pandas/core/dtypes/cast.py::1228,0.428070
pandas/core/dtypes/cast.py::1230,0.428070
pandas/core/dtypes/cast.py::1235,0.428070
pandas/core/dtypes/cast.py::1236,0.428070
pandas/core/dtypes/cast.py::1241,0.428070
pandas/core/dtypes/cast.py::1288,0.428070
pandas/core/dtypes/cast.py::1292,0.428070
pandas/core/dtypes/cast.py::1297,0.428070
pandas/core/dtypes/cast.py::1300,0.428070
pandas/core/dtypes/cast.py::1303,0.428070
pandas/core/dtypes/cast.py::1310,0.428070
pandas/core/dtypes/cast.py::1311,0.428070
pandas/core/dtypes/cast.py::1313,0.428070
pandas/core/dtypes/cast.py::484,0.428070
pandas/core/dtypes/cast.py::487,0.428070
pandas/core/dtypes/cast.py::495,0.428070
pandas/core/dtypes/cast.py::505,0.428070
pandas/core/dtypes/cast.py::517,0.428070
pandas/core/dtypes/cast.py::521,0.428070
pandas/core/dtypes/cast.py::524,0.428070
pandas/core/dtypes/cast.py::544,0.428070
pandas/core/dtypes/cast.py::980,0.428070
pandas/core/generic.py::1884,0.428070
pandas/core/groupby/generic.py::265,0.428070
pandas/core/groupby/generic.py::266,0.428070
pandas/core/groupby/generic.py::267,0.428070
pandas/core/groupby/groupby.py::1370,0.428070
pandas/core/groupby/groupby.py::1372,0.428070
pandas/core/groupby/groupby.py::1373,0.428070
pandas/core/groupby/groupby.py::1376,0.428070
pandas/core/groupby/groupby.py::1379,0.428070
pandas/core/groupby/groupby.py::1380,0.428070
pandas/core/groupby/groupby.py::1385,0.428070
pandas/core/groupby/groupby.py::501,0.428070
pandas/core/groupby/groupby.py::695,0.428070
pandas/core/groupby/ops.py::162,0.428070
pandas/core/groupby/ops.py::163,0.428070
pandas/core/groupby/ops.py::164,0.428070
pandas/core/groupby/ops.py::165,0.428070
pandas/core/internals/construction.py::181,0.428070
pandas/io/formats/printing.py::100,0.428070
pandas/io/formats/printing.py::103,0.428070
pandas/io/formats/printing.py::105,0.428070
pandas/io/formats/printing.py::108,0.428070
pandas/io/formats/printing.py::109,0.428070
pandas/io/formats/printing.py::111,0.428070
pandas/io/formats/printing.py::113,0.428070
pandas/io/formats/printing.py::115,0.428070
pandas/io/formats/printing.py::118,0.428070
pandas/io/formats/printing.py::211,0.428070
pandas/io/formats/printing.py::212,0.428070
pandas/io/formats/printing.py::213,0.428070
pandas/io/formats/printing.py::214,0.428070
pandas/io/formats/printing.py::215,0.428070
pandas/io/formats/printing.py::216,0.428070
pandas/io/formats/printing.py::219,0.428070
pandas/io/formats/printing.py::95,0.428070
pandas/io/formats/printing.py::98,0.428070
pandas/core/construction.py::424,0.392235
pandas/core/frame.py::2702,0.392235
pandas/core/frame.py::2703,0.392235
pandas/core/generic.py::363,0.392235
pandas/core/generic.py::364,0.392235
pandas/core/generic.py::365,0.392235
pandas/core/generic.py::715,0.392235
pandas/core/generic.py::716,0.392235
pandas/core/generic.py::718,0.392235
pandas/core/generic.py::719,0.392235
pandas/core/generic.py::722,0.392235
pandas/core/generic.py::725,0.392235
pandas/core/generic.py::726,0.392235
pandas/core/generic.py::728,0.392235
pandas/core/generic.py::729,0.392235
pandas/core/generic.py::732,0.392235
pandas/core/generic.py::733,0.392235
pandas/core/internals/blocks.py::212,0.392235
pandas/core/internals/blocks.py::587,0.392235
pandas/core/internals/blocks.py::588,0.392235
pandas/core/dtypes/base.py::121,0.364199
pandas/core/frame.py::2825,0.364199
pandas/core/frame.py::2827,0.364199
pandas/core/frame.py::2830,0.364199
pandas/core/frame.py::2833,0.364199
pandas/core/frame.py::2835,0.364199
pandas/core/frame.py::2843,0.364199
pandas/core/frame.py::8026,0.364199
pandas/core/groupby/ops.py::926,0.364199
pandas/core/groupby/ops.py::927,0.364199
pandas/core/indexes/base.py::3090,0.364199
pandas/core/indexes/base.py::3091,0.364199
pandas/core/indexes/base.py::3092,0.364199
pandas/core/indexes/base.py::3093,0.364199
pandas/core/indexes/base.py::3191,0.364199
pandas/core/indexes/base.py::3192,0.364199
pandas/core/indexes/base.py::3232,0.364199
pandas/core/indexes/base.py::3255,0.364199
pandas/core/indexes/base.py::4754,0.364199
pandas/core/indexes/base.py::4755,0.364199
pandas/core/indexing.py::1075,0.364199
pandas/core/indexing.py::1078,0.364199
pandas/core/indexing.py::1079,0.364199
pandas/core/indexing.py::1080,0.364199
pandas/core/indexing.py::1081,0.364199
pandas/core/indexing.py::1085,0.364199
pandas/core/indexing.py::1086,0.364199
pandas/core/indexing.py::1088,0.364199
pandas/core/indexing.py::1283,0.364199
pandas/core/indexing.py::1285,0.364199
pandas/core/indexing.py::1288,0.364199
pandas/core/indexing.py::1289,0.364199
pandas/core/indexing.py::167,0.364199
pandas/core/indexing.py::2120,0.364199
pandas/core/indexing.py::2492,0.364199
pandas/core/indexing.py::274,0.364199
pandas/core/indexing.py::275,0.364199
pandas/core/indexing.py::868,0.364199
pandas/core/internals/blocks.py::1730,0.364199
pandas/core/internals/blocks.py::1790,0.364199
pandas/core/internals/blocks.py::1793,0.364199
pandas/core/internals/blocks.py::1798,0.364199
pandas/core/internals/blocks.py::1802,0.364199
pandas/core/internals/blocks.py::1803,0.364199
pandas/core/internals/blocks.py::1804,0.364199
pandas/core/internals/blocks.py::1806,0.364199
pandas/core/internals/blocks.py::194,0.364199
pandas/core/internals/blocks.py::583,0.364199
pandas/core/internals/blocks.py::586,0.364199
pandas/core/internals/construction.py::222,0.364199
pandas/core/internals/managers.py::822,0.364199
pandas/core/internals/managers.py::831,0.364199
pandas/core/internals/managers.py::835,0.364199
pandas/core/internals/managers.py::837,0.364199
pandas/core/internals/managers.py::840,0.364199
pandas/core/internals/managers.py::842,0.364199
pandas/core/internals/managers.py::844,0.364199
pandas/core/internals/managers.py::845,0.364199
pandas/core/internals/managers.py::846,0.364199
pandas/core/internals/managers.py::847,0.364199
pandas/core/internals/managers.py::849,0.364199
pandas/core/internals/managers.py::852,0.364199
pandas/core/series.py::418,0.364199
pandas/core/series.py::437,0.364199
pandas/core/base.py::550,0.341480
pandas/core/dtypes/cast.py::1224,0.341480
pandas/core/dtypes/dtypes.py::457,0.341480
pandas/core/dtypes/dtypes.py::458,0.341480
pandas/core/groupby/generic.py::255,0.341480
pandas/core/groupby/generic.py::258,0.341480
pandas/core/groupby/generic.py::260,0.341480
pandas/core/groupby/generic.py::276,0.341480
pandas/core/groupby/generic.py::280,0.341480
pandas/core/groupby/generic.py::286,0.341480
pandas/core/indexes/base.py::3166,0.341480
pandas/core/indexes/base.py::3169,0.341480
pandas/core/indexes/base.py::3171,0.341480
pandas/core/indexes/base.py::3172,0.341480
pandas/core/indexes/base.py::3327,0.341480
pandas/core/indexing.py::1064,0.341480
pandas/core/indexing.py::1065,0.341480
pandas/core/indexing.py::1069,0.341480
pandas/core/indexing.py::1071,0.341480
pandas/core/indexing.py::1159,0.341480
pandas/core/indexing.py::1161,0.341480
pandas/core/internals/blocks.py::1819,0.341480
pandas/core/internals/blocks.py::1824,0.341480
pandas/core/internals/construction.py::300,0.341480
pandas/core/internals/managers.py::1237,0.341480
pandas/core/internals/managers.py::1240,0.341480
pandas/core/internals/managers.py::1241,0.341480
pandas/core/internals/managers.py::1242,0.341480
pandas/core/internals/managers.py::1243,0.341480
pandas/core/internals/managers.py::1888,0.341480
pandas/core/internals/managers.py::1891,0.341480
pandas/core/internals/managers.py::787,0.341480
pandas/core/dtypes/cast.py::233,0.322581
pandas/core/frame.py::8025,0.322581
pandas/core/groupby/ops.py::935,0.322581
pandas/core/groupby/ops.py::936,0.322581
pandas/core/indexes/category.py::291,0.322581
pandas/core/indexes/category.py::292,0.322581
pandas/core/indexes/category.py::293,0.322581
pandas/core/base.py::335,0.306534
pandas/core/base.py::539,0.306534
pandas/core/base.py::543,0.306534
pandas/core/base.py::545,0.306534
pandas/core/base.py::546,0.306534
pandas/core/common.py::141,0.306534
pandas/core/common.py::142,0.306534
pandas/core/common.py::143,0.306534
pandas/core/indexes/base.py::597,0.306534
pandas/core/indexing.py::1402,0.306534
pandas/core/indexing.py::1404,0.306534
pandas/core/indexing.py::1405,0.306534
pandas/core/algorithms.py::441,0.292687
pandas/core/arrays/categorical.py::2463,0.292687
pandas/core/arrays/categorical.py::2470,0.292687
pandas/core/arrays/categorical.py::2471,0.292687
pandas/core/arrays/categorical.py::2472,0.292687
pandas/core/arrays/categorical.py::2473,0.292687
pandas/core/arrays/categorical.py::2474,0.292687
pandas/core/indexes/category.py::298,0.292687
pandas/core/indexes/category.py::299,0.292687
pandas/core/indexes/category.py::301,0.292687
pandas/core/indexes/category.py::302,0.292687
pandas/core/indexes/category.py::328,0.292687
pandas/core/internals/managers.py::1296,0.292687
pandas/core/internals/managers.py::1297,0.292687
pandas/core/internals/managers.py::1298,0.292687
pandas/core/internals/managers.py::1301,0.292687
pandas/core/internals/managers.py::1302,0.292687
pandas/core/internals/managers.py::1303,0.292687
pandas/core/internals/managers.py::1304,0.292687
pandas/core/internals/managers.py::1305,0.292687
pandas/core/internals/managers.py::206,0.292687
pandas/io/formats/printing.py::221,0.292687
pandas/core/algorithms.py::456,0.280576
pandas/core/algorithms.py::457,0.280576
pandas/core/algorithms.py::458,0.280576
pandas/core/algorithms.py::459,0.280576
pandas/core/dtypes/common.py::1895,0.280576
pandas/core/dtypes/common.py::1897,0.280576
pandas/core/dtypes/dtypes.py::443,0.280576
pandas/core/dtypes/inference.py::451,0.280576
pandas/core/dtypes/inference.py::452,0.280576
pandas/core/groupby/ops.py::182,0.280576
pandas/core/indexes/base.py::362,0.280576
pandas/core/indexes/base.py::363,0.280576
pandas/core/indexes/base.py::364,0.280576
pandas/core/internals/managers.py::820,0.280576
pandas/core/arrays/categorical.py::2086,0.269865
pandas/core/arrays/categorical.py::2087,0.269865
pandas/core/construction.py::529,0.269865
pandas/core/dtypes/cast.py::1214,0.269865
pandas/core/dtypes/cast.py::1217,0.269865
pandas/core/dtypes/cast.py::1221,0.269865
pandas/core/frame.py::2816,0.269865
pandas/core/frame.py::2818,0.269865
pandas/core/generic.py::5679,0.269865
pandas/core/generic.py::5681,0.269865
pandas/core/indexes/base.py::4001,0.269865
pandas/core/indexes/base.py::4003,0.269865
pandas/core/indexes/base.py::4006,0.269865
pandas/core/indexes/base.py::4007,0.269865
pandas/core/indexes/base.py::4008,0.269865
pandas/core/indexes/base.py::4009,0.269865
pandas/core/indexes/base.py::417,0.269865
pandas/core/indexes/base.py::418,0.269865
pandas/core/internals/construction.py::211,0.269865
pandas/core/internals/construction.py::213,0.269865
pandas/core/internals/construction.py::214,0.269865
pandas/core/internals/construction.py::216,0.269865
pandas/core/internals/construction.py::217,0.269865
pandas/core/internals/construction.py::225,0.269865
pandas/core/internals/construction.py::283,0.269865
pandas/core/internals/construction.py::421,0.269865
pandas/core/internals/managers.py::256,0.269865
pandas/core/internals/managers.py::257,0.269865
pandas/core/internals/managers.py::662,0.269865
pandas/core/internals/managers.py::663,0.269865
pandas/core/series.py::357,0.269865
pandas/core/arrays/categorical.py::1954,0.260304
pandas/core/arrays/categorical.py::2353,0.260304
pandas/core/arrays/categorical.py::2354,0.260304
pandas/core/arrays/categorical.py::2356,0.260304
pandas/core/arrays/categorical.py::2361,0.260304
pandas/core/arrays/categorical.py::2378,0.260304
pandas/core/arrays/categorical.py::2379,0.260304
pandas/core/base.py::634,0.260304
pandas/core/dtypes/cast.py::1425,0.260304
pandas/core/dtypes/cast.py::1426,0.260304
pandas/core/dtypes/cast.py::1429,0.260304
pandas/core/dtypes/cast.py::1436,0.260304
pandas/core/dtypes/cast.py::1437,0.260304
pandas/core/generic.py::4570,0.260304
pandas/core/generic.py::4571,0.260304
pandas/core/generic.py::4572,0.260304
pandas/core/generic.py::4573,0.260304
pandas/core/generic.py::4576,0.260304
pandas/core/generic.py::4577,0.260304
pandas/core/generic.py::4578,0.260304
pandas/core/generic.py::4581,0.260304
pandas/core/generic.py::4582,0.260304
pandas/core/generic.py::4583,0.260304
pandas/core/generic.py::4584,0.260304
pandas/core/generic.py::4585,0.260304
pandas/core/generic.py::4586,0.260304
pandas/core/generic.py::4589,0.260304
pandas/core/indexes/category.py::290,0.260304
pandas/core/indexes/category.py::307,0.260304
pandas/core/indexes/category.py::319,0.260304
pandas/core/indexes/category.py::322,0.260304
pandas/core/indexes/category.py::325,0.260304
pandas/core/indexes/category.py::326,0.260304
pandas/core/indexes/category.py::327,0.260304
pandas/core/indexes/category.py::329,0.260304
pandas/core/series.py::4035,0.260304
pandas/core/util/hashing.py::299,0.260304
pandas/core/util/hashing.py::305,0.260304
pandas/core/util/hashing.py::312,0.260304
pandas/core/util/hashing.py::313,0.260304
pandas/core/dtypes/dtypes.py::365,0.251700
pandas/core/dtypes/dtypes.py::371,0.251700
pandas/core/dtypes/dtypes.py::428,0.251700
pandas/core/dtypes/dtypes.py::433,0.251700
pandas/core/dtypes/dtypes.py::435,0.251700
pandas/core/dtypes/dtypes.py::442,0.251700
pandas/core/dtypes/dtypes.py::451,0.251700
pandas/core/dtypes/dtypes.py::455,0.251700
pandas/core/dtypes/dtypes.py::456,0.251700
pandas/core/dtypes/dtypes.py::462,0.251700
pandas/core/dtypes/dtypes.py::463,0.251700
pandas/core/generic.py::3449,0.251700
pandas/core/generic.py::5489,0.251700
pandas/core/generic.py::5490,0.251700
pandas/core/groupby/groupby.py::540,0.251700
pandas/core/groupby/groupby.py::541,0.251700
pandas/core/groupby/ops.py::151,0.251700
pandas/core/indexes/base.py::2654,0.251700
pandas/core/indexes/base.py::2655,0.251700
pandas/core/indexes/base.py::2657,0.251700
pandas/core/indexes/base.py::4353,0.251700
pandas/core/internals/construction.py::416,0.251700
pandas/core/internals/managers.py::805,0.251700
pandas/core/internals/managers.py::809,0.251700
pandas/core/internals/managers.py::812,0.251700
pandas/core/internals/managers.py::814,0.251700
pandas/core/internals/managers.py::819,0.251700
pandas/core/internals/managers.py::824,0.251700
pandas/core/series.py::259,0.251700
pandas/core/series.py::260,0.251700
pandas/core/series.py::261,0.251700
pandas/core/series.py::341,0.251700
pandas/core/series.py::342,0.251700
pandas/core/series.py::343,0.251700
pandas/core/series.py::353,0.251700
pandas/core/series.py::356,0.251700
pandas/core/series.py::365,0.251700
pandas/core/util/hashing.py::272,0.251700
pandas/core/util/hashing.py::274,0.251700
pandas/core/util/hashing.py::276,0.251700
pandas/core/util/hashing.py::277,0.251700
pandas/core/util/hashing.py::282,0.251700
pandas/core/util/hashing.py::284,0.251700
pandas/core/util/hashing.py::290,0.251700
pandas/core/util/hashing.py::295,0.251700
pandas/core/util/hashing.py::297,0.251700
pandas/core/util/hashing.py::321,0.251700
pandas/core/util/hashing.py::322,0.251700
pandas/core/util/hashing.py::323,0.251700
pandas/core/util/hashing.py::324,0.251700
pandas/core/util/hashing.py::325,0.251700
pandas/core/util/hashing.py::326,0.251700
pandas/core/util/hashing.py::38,0.251700
pandas/core/util/hashing.py::39,0.251700
pandas/core/util/hashing.py::43,0.251700
pandas/core/util/hashing.py::45,0.251700
pandas/core/util/hashing.py::46,0.251700
pandas/core/util/hashing.py::47,0.251700
pandas/core/util/hashing.py::48,0.251700
pandas/core/util/hashing.py::49,0.251700
pandas/core/util/hashing.py::50,0.251700
pandas/core/util/hashing.py::51,0.251700
pandas/core/util/hashing.py::52,0.251700
pandas/core/util/hashing.py::53,0.251700
pandas/core/util/hashing.py::54,0.251700
pandas/io/formats/printing.py::185,0.251700
pandas/io/formats/printing.py::186,0.251700
pandas/io/formats/printing.py::187,0.251700
pandas/io/formats/printing.py::188,0.251700
pandas/io/formats/printing.py::195,0.251700
pandas/io/formats/printing.py::197,0.251700
pandas/io/formats/printing.py::198,0.251700
pandas/io/formats/printing.py::199,0.251700
pandas/io/formats/printing.py::200,0.251700
pandas/io/formats/printing.py::202,0.251700
pandas/io/formats/printing.py::204,0.251700
pandas/io/formats/printing.py::210,0.251700
pandas/io/formats/printing.py::218,0.251700
pandas/io/formats/printing.py::223,0.251700
pandas/core/base.py::324,0.243902
pandas/core/base.py::325,0.243902
pandas/core/base.py::327,0.243902
pandas/core/base.py::328,0.243902
pandas/core/base.py::329,0.243902
pandas/core/base.py::330,0.243902
pandas/core/base.py::332,0.243902
pandas/core/construction.py::418,0.243902
pandas/core/dtypes/cast.py::136,0.243902
pandas/core/dtypes/cast.py::148,0.243902
pandas/core/dtypes/cast.py::159,0.243902
pandas/core/frame.py::2807,0.243902
pandas/core/frame.py::2811,0.243902
pandas/core/frame.py::434,0.243902
pandas/core/frame.py::440,0.243902
pandas/core/frame.py::443,0.243902
pandas/core/groupby/generic.py::1481,0.243902
pandas/core/groupby/generic.py::1876,0.243902
pandas/core/groupby/generic.py::1877,0.243902
pandas/core/groupby/generic.py::1878,0.243902
pandas/core/groupby/generic.py::238,0.243902
pandas/core/groupby/generic.py::240,0.243902
pandas/core/groupby/generic.py::241,0.243902
pandas/core/groupby/generic.py::245,0.243902
pandas/core/groupby/generic.py::249,0.243902
pandas/core/groupby/generic.py::251,0.243902
pandas/core/groupby/generic.py::252,0.243902
pandas/core/indexes/base.py::4919,0.243902
pandas/core/indexes/base.py::4921,0.243902
pandas/core/internals/construction.py::125,0.243902
pandas/core/internals/construction.py::140,0.243902
pandas/core/internals/construction.py::141,0.243902
pandas/core/internals/construction.py::152,0.243902
pandas/core/internals/construction.py::160,0.243902
pandas/core/internals/construction.py::162,0.243902
pandas/core/internals/construction.py::173,0.243902
pandas/core/internals/construction.py::174,0.243902
pandas/core/internals/construction.py::179,0.243902
pandas/core/internals/construction.py::202,0.243902
pandas/core/internals/construction.py::253,0.243902
pandas/core/internals/construction.py::277,0.243902
pandas/core/internals/construction.py::278,0.243902
pandas/core/internals/construction.py::281,0.243902
pandas/core/internals/construction.py::286,0.243902
pandas/core/internals/construction.py::413,0.243902
pandas/core/internals/construction.py::418,0.243902
pandas/core/internals/construction.py::422,0.243902
pandas/core/internals/managers.py::1661,0.243902
pandas/core/internals/managers.py::1662,0.243902
pandas/core/internals/managers.py::1674,0.243902
pandas/core/internals/managers.py::1675,0.243902
pandas/core/internals/managers.py::1676,0.243902
pandas/core/sorting.py::350,0.243902
pandas/core/base.py::1179,0.236793
pandas/core/generic.py::5879,0.236793
pandas/core/generic.py::5904,0.236793
pandas/core/generic.py::5914,0.236793
pandas/core/generic.py::5915,0.236793
pandas/core/generic.py::7334,0.236793
pandas/core/groupby/groupby.py::531,0.236793
pandas/core/groupby/groupby.py::535,0.236793
pandas/core/groupby/groupby.py::536,0.236793
pandas/core/groupby/groupby.py::538,0.236793
pandas/core/indexes/base.py::2381,0.236793
pandas/core/indexes/base.py::2760,0.236793
pandas/core/indexes/base.py::2762,0.236793
pandas/core/indexing.py::2371,0.236793
pandas/core/internals/blocks.py::186,0.236793
pandas/core/internals/blocks.py::191,0.236793
pandas/core/internals/blocks.py::211,0.236793
pandas/core/internals/blocks.py::540,0.236793
pandas/core/internals/blocks.py::558,0.236793
pandas/core/internals/blocks.py::560,0.236793
pandas/core/internals/blocks.py::567,0.236793
pandas/core/internals/blocks.py::575,0.236793
pandas/core/internals/managers.py::581,0.236793
pandas/core/series.py::4576,0.236793
pandas/core/algorithms.py::420,0.230275
pandas/core/algorithms.py::427,0.230275
pandas/core/algorithms.py::435,0.230275
pandas/core/algorithms.py::438,0.230275
pandas/core/algorithms.py::443,0.230275
pandas/core/algorithms.py::445,0.230275
pandas/core/algorithms.py::446,0.230275
pandas/core/algorithms.py::449,0.230275
pandas/core/algorithms.py::453,0.230275
pandas/core/algorithms.py::455,0.230275
pandas/core/algorithms.py::473,0.230275
pandas/core/base.py::1154,0.230275
pandas/core/base.py::1156,0.230275
pandas/core/base.py::1159,0.230275
pandas/core/dtypes/cast.py::192,0.230275
pandas/core/dtypes/cast.py::193,0.230275
pandas/core/generic.py::3651,0.230275
pandas/core/generic.py::3652,0.230275
pandas/core/generic.py::3653,0.230275
pandas/core/generic.py::3657,0.230275
pandas/core/generic.py::3658,0.230275
pandas/core/generic.py::3659,0.230275
pandas/core/groupby/ops.py::884,0.230275
pandas/core/groupby/ops.py::886,0.230275
pandas/core/groupby/ops.py::891,0.230275
pandas/core/groupby/ops.py::893,0.230275
pandas/core/groupby/ops.py::900,0.230275
pandas/core/indexes/base.py::3086,0.230275
pandas/core/indexes/base.py::3089,0.230275
pandas/core/indexes/base.py::4347,0.230275
pandas/core/indexes/base.py::4349,0.230275
pandas/core/indexes/base.py::4350,0.230275
pandas/core/indexes/base.py::4997,0.230275
pandas/core/indexes/base.py::4999,0.230275
pandas/core/indexes/base.py::5000,0.230275
pandas/core/indexes/base.py::5001,0.230275
pandas/core/indexes/base.py::5002,0.230275
pandas/core/indexes/base.py::5005,0.230275
pandas/core/internals/blocks.py::314,0.230275
pandas/core/internals/blocks.py::315,0.230275
pandas/core/internals/blocks.py::316,0.230275
pandas/core/internals/blocks.py::319,0.230275
pandas/core/internals/blocks.py::321,0.230275
pandas/core/internals/blocks.py::323,0.230275
pandas/core/internals/blocks.py::326,0.230275
pandas/core/internals/managers.py::1291,0.230275
pandas/core/internals/managers.py::1293,0.230275
pandas/core/internals/managers.py::1295,0.230275
pandas/core/internals/managers.py::740,0.230275
pandas/core/internals/managers.py::743,0.230275
pandas/core/internals/managers.py::746,0.230275
pandas/core/internals/managers.py::747,0.230275
pandas/core/internals/managers.py::748,0.230275
pandas/core/internals/managers.py::749,0.230275
pandas/core/internals/managers.py::751,0.230275
pandas/core/internals/managers.py::752,0.230275
pandas/core/internals/managers.py::754,0.230275
pandas/core/internals/managers.py::755,0.230275
pandas/core/internals/managers.py::756,0.230275
pandas/core/construction.py::526,0.224271
pandas/core/construction.py::527,0.224271
pandas/core/generic.py::458,0.224271
pandas/core/dtypes/cast.py::101,0.218716
pandas/core/dtypes/cast.py::103,0.218716
pandas/core/dtypes/cast.py::107,0.218716
pandas/core/dtypes/cast.py::130,0.218716
pandas/core/dtypes/cast.py::131,0.218716
pandas/core/dtypes/cast.py::99,0.218716
pandas/core/dtypes/dtypes.py::402,0.218716
pandas/core/dtypes/dtypes.py::403,0.218716
pandas/core/groupby/groupby.py::828,0.218716
pandas/core/groupby/groupby.py::829,0.218716
pandas/core/groupby/ops.py::168,0.218716
pandas/core/groupby/ops.py::169,0.218716
pandas/core/groupby/ops.py::181,0.218716
pandas/core/groupby/ops.py::263,0.218716
pandas/core/groupby/ops.py::867,0.218716
pandas/core/groupby/ops.py::868,0.218716
pandas/core/groupby/ops.py::869,0.218716
pandas/core/groupby/ops.py::871,0.218716
pandas/core/groupby/ops.py::876,0.218716
pandas/core/groupby/ops.py::881,0.218716
pandas/core/groupby/ops.py::903,0.218716
pandas/core/groupby/ops.py::933,0.218716
pandas/core/groupby/ops.py::938,0.218716
pandas/core/indexes/base.py::4207,0.218716
pandas/core/indexes/category.py::196,0.218716
pandas/core/internals/managers.py::211,0.218716
pandas/core/internals/managers.py::212,0.218716
pandas/core/internals/managers.py::213,0.218716
pandas/core/dtypes/inference.py::449,0.213558
pandas/core/dtypes/inference.py::450,0.213558
pandas/core/generic.py::3437,0.213558
pandas/core/generic.py::3439,0.213558
pandas/core/generic.py::3441,0.213558
pandas/core/generic.py::3442,0.213558
pandas/core/generic.py::3444,0.213558
pandas/core/generic.py::3447,0.213558
pandas/core/generic.py::3448,0.213558
pandas/core/generic.py::3451,0.213558
pandas/core/internals/managers.py::1258,0.213558
pandas/core/internals/managers.py::1265,0.213558
pandas/core/internals/managers.py::1390,0.213558
pandas/core/dtypes/inference.py::447,0.208750
pandas/core/dtypes/inference.py::448,0.208750
pandas/core/frame.py::415,0.208750
pandas/core/frame.py::433,0.208750
pandas/core/internals/managers.py::1745,0.208750
pandas/core/internals/managers.py::1746,0.208750
pandas/core/dtypes/cast.py::1065,0.204255
pandas/core/dtypes/cast.py::1068,0.204255
pandas/core/dtypes/cast.py::1069,0.204255
pandas/core/dtypes/cast.py::1070,0.204255
pandas/core/dtypes/cast.py::1072,0.204255
pandas/core/dtypes/cast.py::1157,0.204255
pandas/core/dtypes/inference.py::417,0.204255
pandas/core/dtypes/inference.py::418,0.204255
pandas/core/generic.py::11696,0.204255
pandas/core/generic.py::11697,0.204255
pandas/core/generic.py::11703,0.204255
pandas/core/generic.py::11704,0.204255
pandas/core/generic.py::11705,0.204255
pandas/core/generic.py::11706,0.204255
pandas/core/generic.py::11707,0.204255
pandas/core/generic.py::11708,0.204255
pandas/core/generic.py::11709,0.204255
pandas/core/indexes/base.py::5594,0.204255
pandas/core/indexes/base.py::5597,0.204255
pandas/core/indexes/base.py::5599,0.204255
pandas/core/indexes/base.py::5604,0.204255
pandas/core/nanops.py::425,0.204255
pandas/core/nanops.py::426,0.204255
pandas/core/arrays/numpy_.py::420,0.200041
pandas/core/arrays/numpy_.py::421,0.200041
pandas/core/arrays/numpy_.py::424,0.200041
pandas/core/construction.py::363,0.200041
pandas/core/groupby/generic.py::209,0.200041
pandas/core/groupby/groupby.py::796,0.200041
pandas/core/groupby/groupby.py::801,0.200041
pandas/core/groupby/groupby.py::802,0.200041
pandas/core/groupby/groupby.py::815,0.200041
pandas/core/groupby/groupby.py::831,0.200041
pandas/core/indexers.py::187,0.200041
pandas/core/indexers.py::194,0.200041
pandas/core/indexers.py::195,0.200041
pandas/core/indexers.py::199,0.200041
pandas/core/indexers.py::200,0.200041
pandas/core/indexers.py::202,0.200041
pandas/core/internals/managers.py::1378,0.200041
pandas/core/internals/managers.py::1381,0.200041
pandas/core/internals/managers.py::1382,0.200041
pandas/core/internals/managers.py::1385,0.200041
pandas/core/internals/managers.py::1386,0.200041
pandas/core/internals/managers.py::1387,0.200041
pandas/core/internals/managers.py::1389,0.200041
pandas/core/internals/managers.py::1393,0.200041
pandas/core/internals/managers.py::1394,0.200041
pandas/core/internals/managers.py::1395,0.200041
pandas/core/series.py::4135,0.200041
pandas/core/indexes/category.py::251,0.196078
pandas/core/algorithms.py::1590,0.192344
pandas/core/algorithms.py::1591,0.192344
pandas/core/algorithms.py::1592,0.192344
pandas/core/dtypes/cast.py::195,0.192344
pandas/core/indexers.py::144,0.192344
pandas/core/indexers.py::145,0.192344
pandas/core/indexers.py::146,0.192344
pandas/core/indexers.py::152,0.192344
pandas/core/indexers.py::153,0.192344
pandas/core/internals/construction.py::68,0.192344
pandas/core/dtypes/missing.py::261,0.188816
pandas/core/internals/blocks.py::1268,0.188816
pandas/core/internals/blocks.py::1269,0.188816
pandas/core/internals/managers.py::176,0.188816
pandas/core/internals/managers.py::177,0.188816
pandas/core/internals/managers.py::178,0.188816
pandas/core/internals/managers.py::180,0.188816
pandas/core/internals/managers.py::1852,0.188816
pandas/core/internals/managers.py::1858,0.188816
pandas/core/internals/managers.py::186,0.188816
pandas/core/nanops.py::168,0.188816
pandas/_config/config.py::102,0.185477
pandas/_config/config.py::105,0.185477
pandas/_config/config.py::106,0.185477
pandas/_config/config.py::543,0.185477
pandas/core/base.py::218,0.185477
pandas/core/common.py::268,0.185477
pandas/core/common.py::269,0.185477
pandas/core/groupby/generic.py::151,0.185477
pandas/core/groupby/generic.py::152,0.185477
pandas/core/groupby/generic.py::162,0.185477
pandas/core/groupby/generic.py::164,0.185477
pandas/core/groupby/generic.py::167,0.185477
pandas/core/groupby/generic.py::168,0.185477
pandas/core/groupby/generic.py::169,0.185477
pandas/core/groupby/generic.py::170,0.185477
pandas/core/groupby/generic.py::171,0.185477
pandas/core/indexes/base.py::361,0.185477
pandas/core/frame.py::2800,0.182310
pandas/core/frame.py::2801,0.182310
pandas/core/generic.py::3666,0.182310
pandas/core/generic.py::3669,0.182310
pandas/core/generic.py::3670,0.182310
pandas/core/groupby/generic.py::1529,0.182310
pandas/core/groupby/generic.py::1530,0.182310
pandas/core/groupby/generic.py::1533,0.182310
pandas/core/internals/construction.py::295,0.182310
pandas/core/internals/construction.py::297,0.182310
pandas/core/sorting.py::342,0.182310
pandas/core/sorting.py::343,0.182310
pandas/core/sorting.py::344,0.182310
pandas/core/sorting.py::345,0.182310
pandas/core/sorting.py::346,0.182310
pandas/core/algorithms.py::1583,0.179301
pandas/core/algorithms.py::1586,0.179301
pandas/core/algorithms.py::1588,0.179301
pandas/core/algorithms.py::1597,0.179301
pandas/core/arrays/categorical.py::1920,0.179301
pandas/core/arrays/categorical.py::1921,0.179301
pandas/core/arrays/categorical.py::1926,0.179301
pandas/core/arrays/categorical.py::1928,0.179301
pandas/core/arrays/categorical.py::1929,0.179301
pandas/core/arrays/categorical.py::1938,0.179301
pandas/core/arrays/categorical.py::1939,0.179301
pandas/core/arrays/categorical.py::1940,0.179301
pandas/core/dtypes/common.py::1722,0.179301
pandas/core/dtypes/inference.py::351,0.179301
pandas/core/dtypes/inference.py::353,0.179301
pandas/core/indexing.py::2357,0.179301
pandas/core/internals/managers.py::780,0.179301
pandas/core/internals/managers.py::788,0.179301
pandas/core/nanops.py::223,0.179301
pandas/core/nanops.py::312,0.179301
pandas/core/series.py::220,0.179301
pandas/core/series.py::226,0.179301
pandas/core/series.py::3977,0.179301
pandas/core/series.py::3979,0.179301
pandas/core/series.py::3980,0.179301
pandas/core/series.py::3982,0.179301
pandas/core/series.py::3986,0.179301
pandas/core/series.py::3989,0.179301
pandas/core/series.py::3992,0.179301
pandas/core/series.py::3998,0.179301
pandas/core/series.py::3999,0.179301
pandas/core/series.py::4003,0.179301
pandas/core/series.py::4004,0.179301
pandas/core/base.py::217,0.176436
pandas/core/construction.py::376,0.176436
pandas/core/generic.py::250,0.176436
pandas/core/generic.py::251,0.176436
pandas/core/generic.py::254,0.176436
pandas/core/generic.py::260,0.176436
pandas/core/groupby/groupby.py::1360,0.176436
pandas/core/groupby/groupby.py::1361,0.176436
pandas/core/groupby/groupby.py::1362,0.176436
pandas/core/groupby/groupby.py::1363,0.176436
pandas/core/groupby/groupby.py::1365,0.176436
pandas/core/groupby/groupby.py::1368,0.176436
pandas/core/groupby/groupby.py::1369,0.176436
pandas/core/nanops.py::167,0.176436
pandas/core/nanops.py::220,0.176436
pandas/core/nanops.py::221,0.176436
pandas/core/nanops.py::273,0.176436
pandas/core/nanops.py::275,0.176436
pandas/core/nanops.py::281,0.176436
pandas/core/nanops.py::282,0.176436
pandas/core/nanops.py::284,0.176436
pandas/core/nanops.py::290,0.176436
pandas/core/nanops.py::294,0.176436
pandas/core/nanops.py::295,0.176436
pandas/core/nanops.py::298,0.176436
pandas/core/nanops.py::300,0.176436
pandas/core/nanops.py::310,0.176436
pandas/core/nanops.py::311,0.176436
pandas/core/nanops.py::316,0.176436
pandas/core/nanops.py::334,0.176436
pandas/core/base.py::214,0.173706
pandas/core/groupby/groupby.py::529,0.173706
pandas/core/groupby/groupby.py::530,0.173706
pandas/core/internals/blocks.py::3044,0.173706
pandas/core/internals/managers.py::1776,0.173706
pandas/core/internals/managers.py::1777,0.173706
pandas/core/internals/managers.py::584,0.173706
pandas/core/series.py::288,0.173706
pandas/core/series.py::290,0.173706
pandas/core/base.py::777,0.171099
pandas/core/internals/blocks.py::3035,0.171099
pandas/core/internals/managers.py::1820,0.171099
pandas/core/internals/managers.py::1823,0.171099
pandas/core/internals/managers.py::1826,0.171099
pandas/core/internals/managers.py::1827,0.171099
pandas/core/arrays/numpy_.py::125,0.168607
pandas/core/arrays/numpy_.py::127,0.168607
pandas/core/arrays/numpy_.py::134,0.168607
pandas/core/arrays/numpy_.py::137,0.168607
pandas/core/arrays/numpy_.py::140,0.168607
pandas/core/arrays/numpy_.py::141,0.168607
pandas/core/arrays/numpy_.py::42,0.168607
pandas/core/arrays/numpy_.py::43,0.168607
pandas/core/arrays/numpy_.py::44,0.168607
pandas/core/arrays/numpy_.py::45,0.168607
pandas/core/base.py::888,0.168607
pandas/core/base.py::890,0.168607
pandas/core/dtypes/common.py::2051,0.168607
pandas/core/dtypes/common.py::2054,0.168607
pandas/core/groupby/groupby.py::526,0.168607
pandas/core/groupby/groupby.py::528,0.168607
pandas/core/indexing.py::2353,0.168607
pandas/core/indexing.py::2354,0.168607
pandas/core/internals/managers.py::1476,0.168607
pandas/core/internals/managers.py::1480,0.168607
pandas/core/internals/managers.py::1600,0.168607
pandas/core/series.py::263,0.168607
pandas/core/series.py::264,0.168607
pandas/core/common.py::298,0.166221
pandas/core/common.py::299,0.166221
pandas/core/common.py::300,0.166221
pandas/core/common.py::301,0.166221
pandas/core/frame.py::2754,0.166221
pandas/core/frame.py::2771,0.166221
pandas/core/frame.py::2777,0.166221
pandas/core/frame.py::2779,0.166221
pandas/core/frame.py::2781,0.166221
pandas/core/frame.py::2784,0.166221
pandas/core/frame.py::2786,0.166221
pandas/core/generic.py::552,0.166221
pandas/core/indexes/base.py::824,0.166221
pandas/core/indexes/base.py::827,0.166221
pandas/core/indexes/category.py::370,0.166221
pandas/core/indexing.py::2119,0.166221
pandas/core/common.py::123,0.163934
pandas/core/common.py::140,0.163934
pandas/core/indexing.py::1392,0.163934
pandas/core/internals/managers.py::209,0.163934
pandas/core/arrays/categorical.py::2080,0.161740
pandas/core/arrays/categorical.py::2081,0.161740
pandas/core/arrays/categorical.py::2084,0.161740
pandas/core/common.py::264,0.161740
pandas/core/common.py::267,0.161740
pandas/core/common.py::273,0.161740
pandas/core/common.py::275,0.161740
pandas/core/construction.py::360,0.161740
pandas/core/dtypes/cast.py::1367,0.161740
pandas/core/dtypes/cast.py::1379,0.161740
pandas/core/dtypes/missing.py::368,0.161740
pandas/core/dtypes/missing.py::369,0.161740
pandas/core/dtypes/missing.py::371,0.161740
pandas/core/frame.py::4001,0.161740
pandas/core/frame.py::4002,0.161740
pandas/core/frame.py::4003,0.161740
pandas/core/frame.py::4004,0.161740
pandas/core/frame.py::4005,0.161740
pandas/core/frame.py::4006,0.161740
pandas/core/frame.py::4007,0.161740
pandas/core/frame.py::4008,0.161740
pandas/core/generic.py::3948,0.161740
pandas/core/generic.py::3950,0.161740
pandas/core/generic.py::3951,0.161740
pandas/core/generic.py::3953,0.161740
pandas/core/generic.py::3954,0.161740
pandas/core/generic.py::3962,0.161740
pandas/core/generic.py::3964,0.161740
pandas/core/generic.py::3965,0.161740
pandas/core/generic.py::3966,0.161740
pandas/core/generic.py::3968,0.161740
pandas/core/generic.py::3971,0.161740
pandas/core/generic.py::3988,0.161740
pandas/core/generic.py::3989,0.161740
pandas/core/generic.py::3990,0.161740
pandas/core/generic.py::3992,0.161740
pandas/core/generic.py::3993,0.161740
pandas/core/generic.py::3998,0.161740
pandas/core/generic.py::3999,0.161740
pandas/core/generic.py::4024,0.161740
pandas/core/groupby/categorical.py::64,0.161740
pandas/core/groupby/ops.py::320,0.161740
pandas/core/groupby/ops.py::321,0.161740
pandas/core/indexes/base.py::1811,0.161740
pandas/core/indexes/base.py::4204,0.161740
pandas/core/indexes/base.py::5226,0.161740
pandas/core/indexes/base.py::5267,0.161740
pandas/core/indexes/base.py::5268,0.161740
pandas/core/indexes/base.py::5269,0.161740
pandas/core/indexes/base.py::5270,0.161740
pandas/core/indexes/base.py::5271,0.161740
pandas/core/indexes/base.py::5275,0.161740
pandas/core/indexes/range.py::198,0.161740
pandas/core/indexes/range.py::419,0.161740
pandas/core/indexes/range.py::420,0.161740
pandas/core/frame.py::3748,0.159632
pandas/core/frame.py::3749,0.159632
pandas/core/frame.py::3790,0.159632
pandas/core/frame.py::3791,0.159632
pandas/core/frame.py::3793,0.159632
pandas/core/frame.py::3794,0.159632
pandas/core/frame.py::3795,0.159632
pandas/core/frame.py::3796,0.159632
pandas/core/frame.py::3797,0.159632
pandas/core/indexes/base.py::3285,0.159632
pandas/core/indexes/base.py::3330,0.159632
pandas/core/indexes/base.py::3331,0.159632
pandas/core/indexes/base.py::3332,0.159632
pandas/core/internals/blocks.py::1587,0.159632
pandas/core/internals/blocks.py::1590,0.159632
pandas/core/internals/managers.py::1781,0.159632
pandas/core/internals/managers.py::1782,0.159632
pandas/core/internals/managers.py::1784,0.159632
pandas/util/_validators.py::302,0.159632
pandas/util/_validators.py::303,0.159632
pandas/util/_validators.py::307,0.159632
pandas/util/_validators.py::314,0.159632
pandas/compat/numpy/function.py::43,0.157604
pandas/core/arrays/categorical.py::1539,0.157604
pandas/core/arrays/categorical.py::1541,0.157604
pandas/core/common.py::207,0.157604
pandas/core/frame.py::3744,0.157604
pandas/core/frame.py::3746,0.157604
pandas/core/frame.py::3747,0.157604
pandas/core/frame.py::3752,0.157604
pandas/core/frame.py::3753,0.157604
pandas/core/frame.py::3758,0.157604
pandas/core/frame.py::3862,0.157604
pandas/core/frame.py::3863,0.157604
pandas/core/frame.py::3865,0.157604
pandas/core/frame.py::3866,0.157604
pandas/core/frame.py::3867,0.157604
pandas/core/generic.py::402,0.157604
pandas/core/generic.py::403,0.157604
pandas/core/generic.py::4594,0.157604
pandas/core/groupby/categorical.py::63,0.157604
pandas/core/groupby/groupby.py::499,0.157604
pandas/core/groupby/groupby.py::500,0.157604
pandas/core/groupby/grouper.py::328,0.157604
pandas/core/indexes/base.py::816,0.157604
pandas/core/indexes/base.py::817,0.157604
pandas/core/indexes/base.py::818,0.157604
pandas/core/indexes/base.py::819,0.157604
pandas/core/indexes/base.py::820,0.157604
pandas/core/indexes/base.py::821,0.157604
pandas/core/internals/blocks.py::2591,0.157604
pandas/core/internals/blocks.py::2594,0.157604
pandas/core/internals/blocks.py::3046,0.157604
pandas/core/internals/managers.py::1249,0.157604
pandas/core/internals/managers.py::1594,0.157604
pandas/util/_decorators.py::235,0.157604
pandas/util/_validators.py::280,0.157604
pandas/util/_validators.py::285,0.157604
pandas/util/_validators.py::290,0.157604
pandas/util/_validators.py::301,0.157604
pandas/util/_validators.py::313,0.157604
pandas/util/_validators.py::337,0.157604
pandas/core/arrays/base.py::357,0.155653
pandas/core/arrays/categorical.py::1537,0.155653
pandas/core/construction.py::408,0.155653
pandas/core/construction.py::410,0.155653
pandas/core/construction.py::412,0.155653
pandas/core/construction.py::414,0.155653
pandas/core/generic.py::4619,0.155653
pandas/core/series.py::306,0.155653
pandas/core/series.py::308,0.155653
pandas/core/algorithms.py::93,0.153772
pandas/core/dtypes/cast.py::180,0.153772
pandas/core/dtypes/cast.py::185,0.153772
pandas/core/dtypes/cast.py::190,0.153772
pandas/core/generic.py::400,0.153772
pandas/core/generic.py::401,0.153772
pandas/core/generic.py::428,0.153772
pandas/core/generic.py::429,0.153772
pandas/core/indexes/base.py::3306,0.153772
pandas/core/indexes/base.py::3309,0.153772
pandas/core/indexes/base.py::3311,0.153772
pandas/core/indexes/base.py::3317,0.153772
pandas/core/indexes/base.py::3319,0.153772
pandas/core/indexes/base.py::3326,0.153772
pandas/core/indexes/base.py::3342,0.153772
pandas/core/indexes/base.py::3346,0.153772
pandas/core/indexes/base.py::5620,0.153772
pandas/core/indexes/base.py::5621,0.153772
pandas/core/indexes/base.py::5625,0.153772
pandas/core/indexes/range.py::415,0.153772
pandas/core/internals/blocks.py::1284,0.153772
pandas/core/internals/managers.py::1309,0.153772
pandas/core/internals/managers.py::1313,0.153772
pandas/core/internals/managers.py::1314,0.153772
pandas/core/internals/managers.py::1316,0.153772
pandas/core/internals/managers.py::1317,0.153772
pandas/core/internals/managers.py::1325,0.153772
pandas/core/internals/managers.py::1326,0.153772
pandas/core/internals/managers.py::1327,0.153772
pandas/core/internals/managers.py::1359,0.153772
pandas/core/internals/managers.py::763,0.153772
pandas/core/base.py::876,0.151959
pandas/core/base.py::878,0.151959
pandas/core/base.py::882,0.151959
pandas/core/base.py::887,0.151959
pandas/core/base.py::892,0.151959
pandas/core/construction.py::530,0.151959
pandas/core/construction.py::531,0.151959
pandas/core/dtypes/cast.py::1365,0.151959
pandas/core/dtypes/common.py::1231,0.151959
pandas/core/dtypes/common.py::1233,0.151959
pandas/core/dtypes/common.py::1234,0.151959
pandas/core/dtypes/common.py::1240,0.151959
pandas/core/dtypes/common.py::1271,0.151959
pandas/core/generic.py::4557,0.151959
pandas/core/generic.py::4564,0.151959
pandas/core/generic.py::4565,0.151959
pandas/core/generic.py::4566,0.151959
pandas/core/indexes/base.py::661,0.151959
pandas/core/indexes/base.py::836,0.151959
pandas/core/indexes/base.py::839,0.151959
pandas/core/indexes/base.py::850,0.151959
pandas/core/indexes/base.py::851,0.151959
pandas/core/internals/blocks.py::1262,0.151959
pandas/core/internals/blocks.py::1264,0.151959
pandas/core/internals/blocks.py::1271,0.151959
pandas/core/internals/blocks.py::1272,0.151959
pandas/core/internals/blocks.py::1277,0.151959
pandas/core/internals/blocks.py::1278,0.151959
pandas/core/internals/blocks.py::1281,0.151959
pandas/core/internals/managers.py::1549,0.151959
pandas/core/series.py::249,0.151959
pandas/core/construction.py::516,0.150208
pandas/core/construction.py::519,0.150208
pandas/core/construction.py::522,0.150208
pandas/core/construction.py::525,0.150208
pandas/core/construction.py::552,0.150208
pandas/core/generic.py::4609,0.150208
pandas/core/generic.py::4610,0.150208
pandas/core/generic.py::4611,0.150208
pandas/core/generic.py::4612,0.150208
pandas/core/generic.py::4614,0.150208
pandas/core/generic.py::4617,0.150208
pandas/core/generic.py::4618,0.150208
pandas/core/generic.py::4622,0.150208
pandas/core/generic.py::4623,0.150208
pandas/core/generic.py::4624,0.150208
pandas/core/generic.py::4625,0.150208
pandas/core/generic.py::4626,0.150208
pandas/core/generic.py::4627,0.150208
pandas/core/generic.py::4628,0.150208
pandas/core/generic.py::4631,0.150208
pandas/core/generic.py::4634,0.150208
pandas/core/internals/blocks.py::3043,0.150208
pandas/core/internals/managers.py::1255,0.150208
pandas/core/internals/managers.py::1284,0.150208
pandas/core/internals/managers.py::1286,0.150208
pandas/core/internals/managers.py::1287,0.150208
pandas/core/internals/managers.py::1290,0.150208
pandas/core/internals/managers.py::1996,0.150208
pandas/core/internals/managers.py::2003,0.150208
pandas/core/internals/managers.py::2007,0.150208
pandas/core/internals/managers.py::2008,0.150208
pandas/core/internals/managers.py::2010,0.150208
pandas/core/arrays/categorical.py::2079,0.148517
pandas/core/arrays/categorical.py::484,0.148517
pandas/core/construction.py::514,0.148517
pandas/core/dtypes/common.py::2050,0.148517
pandas/core/indexes/numeric.py::86,0.148517
pandas/core/internals/managers.py::208,0.148517
pandas/core/algorithms.py::1653,0.146882
pandas/core/algorithms.py::1654,0.146882
pandas/core/base.py::68,0.146882
pandas/core/base.py::69,0.146882
pandas/core/dtypes/cast.py::176,0.146882
pandas/core/generic.py::456,0.146882
pandas/core/generic.py::457,0.146882
pandas/core/groupby/grouper.py::542,0.146882
pandas/core/groupby/grouper.py::543,0.146882
pandas/core/internals/blocks.py::267,0.146882
pandas/core/internals/construction.py::351,0.146882
pandas/core/internals/construction.py::372,0.146882
pandas/core/series.py::277,0.146882
pandas/core/series.py::281,0.146882
pandas/core/series.py::285,0.146882
pandas/util/testing.py::675,0.146882
pandas/core/common.py::121,0.145300
pandas/core/common.py::122,0.145300
pandas/core/dtypes/missing.py::253,0.145300
pandas/core/dtypes/missing.py::257,0.145300
pandas/core/dtypes/missing.py::429,0.145300
pandas/core/generic.py::4524,0.145300
pandas/core/generic.py::4525,0.145300
pandas/core/generic.py::4526,0.145300
pandas/core/generic.py::4527,0.145300
pandas/core/generic.py::4528,0.145300
pandas/core/generic.py::4529,0.145300
pandas/core/generic.py::4530,0.145300
pandas/core/generic.py::4535,0.145300
pandas/core/generic.py::4537,0.145300
pandas/core/generic.py::4543,0.145300
pandas/core/generic.py::4547,0.145300
pandas/core/generic.py::4548,0.145300
pandas/core/generic.py::4549,0.145300
pandas/core/generic.py::4550,0.145300
pandas/core/generic.py::6071,0.145300
pandas/core/generic.py::6072,0.145300
pandas/core/generic.py::6073,0.145300
pandas/core/generic.py::6074,0.145300
pandas/core/generic.py::6075,0.145300
pandas/core/generic.py::6076,0.145300
pandas/core/generic.py::6077,0.145300
pandas/core/generic.py::6078,0.145300
pandas/core/generic.py::6079,0.145300
pandas/core/generic.py::6080,0.145300
pandas/core/generic.py::6081,0.145300
pandas/core/generic.py::6082,0.145300
pandas/core/generic.py::6084,0.145300
pandas/core/indexes/base.py::4346,0.145300
pandas/core/internals/blocks.py::1595,0.145300
pandas/core/internals/blocks.py::1597,0.145300
pandas/core/internals/managers.py::1236,0.145300
pandas/core/internals/managers.py::1245,0.145300
pandas/core/internals/managers.py::1248,0.145300
pandas/core/internals/managers.py::1251,0.145300
pandas/core/internals/managers.py::1254,0.145300
pandas/core/internals/managers.py::1268,0.145300
pandas/core/internals/managers.py::1269,0.145300
pandas/core/internals/managers.py::1270,0.145300
pandas/core/internals/managers.py::205,0.145300
pandas/core/series.py::212,0.145300
pandas/core/series.py::295,0.145300
pandas/core/series.py::296,0.145300
pandas/core/dtypes/common.py::1723,0.143768
pandas/core/dtypes/common.py::1725,0.143768
pandas/core/dtypes/common.py::1727,0.143768
pandas/core/dtypes/missing.py::437,0.143768
pandas/core/dtypes/missing.py::438,0.143768
pandas/core/frame.py::378,0.143768
pandas/core/frame.py::410,0.143768
pandas/core/frame.py::411,0.143768
pandas/core/generic.py::207,0.143768
pandas/core/generic.py::208,0.143768
pandas/core/generic.py::214,0.143768
pandas/core/generic.py::216,0.143768
pandas/core/generic.py::220,0.143768
pandas/core/indexes/base.py::399,0.143768
pandas/core/indexes/base.py::5608,0.143768
pandas/core/series.py::291,0.143768
pandas/core/construction.py::393,0.142284
pandas/core/construction.py::404,0.142284
pandas/core/construction.py::513,0.142284
pandas/core/dtypes/cast.py::941,0.142284
pandas/core/dtypes/cast.py::942,0.142284
pandas/core/dtypes/cast.py::944,0.142284
pandas/core/dtypes/cast.py::947,0.142284
pandas/core/dtypes/dtypes.py::392,0.142284
pandas/core/dtypes/dtypes.py::399,0.142284
pandas/core/generic.py::381,0.142284
pandas/core/generic.py::382,0.142284
pandas/core/generic.py::385,0.142284
pandas/core/generic.py::386,0.142284
pandas/core/generic.py::399,0.142284
pandas/core/generic.py::406,0.142284
pandas/core/generic.py::407,0.142284
pandas/core/generic.py::5209,0.142284
pandas/core/indexes/base.py::4054,0.142284
pandas/core/indexes/base.py::4062,0.142284
pandas/core/indexes/base.py::5585,0.142284
pandas/core/indexes/base.py::5588,0.142284
pandas/core/indexes/base.py::5593,0.142284
pandas/core/indexes/base.py::5613,0.142284
pandas/core/indexes/numeric.py::49,0.142284
pandas/core/indexes/numeric.py::60,0.142284
pandas/core/indexes/numeric.py::62,0.142284
pandas/core/indexes/numeric.py::65,0.142284
pandas/core/indexes/numeric.py::69,0.142284
pandas/core/indexes/numeric.py::71,0.142284
pandas/core/indexes/numeric.py::73,0.142284
pandas/core/indexes/numeric.py::84,0.142284
pandas/core/indexes/range.py::190,0.142284
pandas/core/indexes/range.py::191,0.142284
pandas/core/indexes/range.py::192,0.142284
pandas/core/indexes/range.py::194,0.142284
pandas/core/indexes/range.py::242,0.142284
pandas/core/indexes/range.py::264,0.142284
pandas/core/indexes/range.py::288,0.142284
pandas/core/internals/blocks.py::198,0.142284
pandas/core/internals/managers.py::1580,0.142284
pandas/core/series.py::397,0.142284
pandas/core/series.py::553,0.142284
pandas/core/construction.py::512,0.140845
pandas/core/dtypes/common.py::1864,0.140845
pandas/core/indexes/base.py::4761,0.140845
pandas/core/indexes/base.py::4763,0.140845
pandas/core/indexes/base.py::4765,0.140845
pandas/core/indexes/base.py::4768,0.140845
pandas/core/indexes/base.py::593,0.140845
pandas/core/indexes/base.py::594,0.140845
pandas/core/indexes/base.py::595,0.140845
pandas/core/indexes/base.py::596,0.140845
pandas/core/indexes/base.py::598,0.140845
pandas/core/indexes/base.py::603,0.140845
pandas/core/arrays/categorical.py::2603,0.139449
pandas/core/arrays/categorical.py::2605,0.139449
pandas/core/arrays/categorical.py::2608,0.139449
pandas/core/arrays/categorical.py::2609,0.139449
pandas/core/arrays/categorical.py::2624,0.139449
pandas/core/arrays/categorical.py::2625,0.139449
pandas/core/arrays/categorical.py::2626,0.139449
pandas/core/arrays/categorical.py::2627,0.139449
pandas/core/arrays/categorical.py::2628,0.139449
pandas/core/arrays/categorical.py::401,0.139449
pandas/core/arrays/categorical.py::410,0.139449
pandas/core/generic.py::454,0.139449
pandas/core/generic.py::455,0.139449
pandas/core/indexes/base.py::1740,0.139449
pandas/core/indexes/base.py::2886,0.139449
pandas/core/indexes/base.py::2887,0.139449
pandas/core/indexes/base.py::2888,0.139449
pandas/core/indexes/base.py::2894,0.139449
pandas/core/indexes/base.py::2897,0.139449
pandas/core/indexes/base.py::2898,0.139449
pandas/core/indexes/base.py::2903,0.139449
pandas/core/indexes/base.py::2910,0.139449
pandas/core/indexes/base.py::2915,0.139449
pandas/core/indexes/base.py::2917,0.139449
pandas/core/indexes/base.py::2920,0.139449
pandas/core/indexes/base.py::2925,0.139449
pandas/core/indexes/base.py::2931,0.139449
pandas/core/indexes/base.py::2933,0.139449
pandas/core/indexes/frozen.py::84,0.139449
pandas/core/indexes/frozen.py::85,0.139449
pandas/core/indexes/frozen.py::86,0.139449
pandas/core/internals/blocks.py::711,0.139449
pandas/core/series.py::275,0.139449
pandas/util/testing.py::606,0.139449
pandas/util/testing.py::608,0.139449
pandas/util/testing.py::609,0.139449
pandas/util/testing.py::610,0.139449
pandas/util/testing.py::613,0.139449
pandas/util/testing.py::614,0.139449
pandas/util/testing.py::617,0.139449
pandas/util/testing.py::620,0.139449
pandas/util/testing.py::622,0.139449
pandas/util/testing.py::631,0.139449
pandas/util/testing.py::634,0.139449
pandas/util/testing.py::637,0.139449
pandas/util/testing.py::644,0.139449
pandas/util/testing.py::651,0.139449
pandas/util/testing.py::674,0.139449
pandas/util/testing.py::693,0.139449
pandas/util/testing.py::694,0.139449
pandas/util/testing.py::722,0.139449
pandas/core/indexes/category.py::375,0.138094
pandas/core/internals/blocks.py::265,0.138094
pandas/core/internals/blocks.py::3094,0.138094
pandas/core/internals/blocks.py::3097,0.138094
pandas/core/internals/blocks.py::709,0.138094
pandas/core/internals/blocks.py::710,0.138094
pandas/core/internals/blocks.py::712,0.138094
pandas/core/internals/managers.py::1484,0.138094
pandas/core/internals/managers.py::1485,0.138094
pandas/core/internals/managers.py::1514,0.138094
pandas/core/series.py::311,0.138094
pandas/core/series.py::313,0.138094
pandas/core/dtypes/common.py::1721,0.136778
pandas/core/dtypes/dtypes.py::142,0.136778
pandas/core/dtypes/missing.py::435,0.136778
pandas/core/generic.py::438,0.136778
pandas/core/generic.py::439,0.136778
pandas/core/internals/blocks.py::1601,0.136778
pandas/core/internals/blocks.py::1611,0.136778
pandas/core/internals/blocks.py::1613,0.136778
pandas/core/internals/blocks.py::1930,0.136778
pandas/core/series.py::211,0.136778
pandas/core/series.py::214,0.136778
pandas/core/series.py::216,0.136778
pandas/core/series.py::228,0.136778
pandas/core/series.py::232,0.136778
pandas/core/series.py::248,0.136778
pandas/core/series.py::250,0.136778
pandas/core/series.py::258,0.136778
pandas/core/series.py::262,0.136778
pandas/core/series.py::287,0.136778
pandas/core/series.py::305,0.136778
pandas/core/dtypes/common.py::1439,0.135499
pandas/core/dtypes/common.py::1441,0.135499
pandas/core/dtypes/common.py::1444,0.135499
pandas/core/dtypes/common.py::1450,0.135499
pandas/core/dtypes/common.py::1451,0.135499
pandas/core/dtypes/common.py::1452,0.135499
pandas/core/dtypes/inference.py::67,0.135499
pandas/core/dtypes/missing.py::460,0.135499
pandas/core/dtypes/missing.py::468,0.135499
pandas/core/dtypes/missing.py::472,0.135499
pandas/core/dtypes/missing.py::480,0.135499
pandas/core/dtypes/missing.py::484,0.135499
pandas/core/missing.py::580,0.135499
pandas/core/missing.py::77,0.135499
pandas/core/missing.py::78,0.135499
pandas/util/testing.py::709,0.135499
pandas/util/testing.py::711,0.135499
pandas/util/testing.py::721,0.135499
pandas/util/testing.py::747,0.135499
pandas/util/testing.py::749,0.135499
pandas/util/testing.py::750,0.135499
pandas/util/testing.py::752,0.135499
pandas/util/testing.py::753,0.135499
pandas/util/testing.py::755,0.135499
pandas/util/testing.py::763,0.135499
pandas/util/testing.py::764,0.135499
pandas/util/testing.py::768,0.135499
pandas/util/testing.py::771,0.135499
pandas/util/testing.py::772,0.135499
pandas/core/internals/managers.py::1834,0.134256
pandas/core/internals/managers.py::1836,0.134256
pandas/core/internals/managers.py::1837,0.134256
pandas/core/internals/managers.py::1839,0.134256
pandas/core/internals/managers.py::1841,0.134256
pandas/core/internals/managers.py::1842,0.134256
pandas/core/internals/managers.py::1844,0.134256
pandas/core/arrays/categorical.py::2666,0.133046
pandas/core/arrays/categorical.py::2668,0.133046
pandas/core/arrays/categorical.py::2669,0.133046
pandas/core/arrays/categorical.py::366,0.133046
pandas/core/arrays/categorical.py::369,0.133046
pandas/core/arrays/categorical.py::372,0.133046
pandas/core/arrays/categorical.py::373,0.133046
pandas/core/arrays/categorical.py::374,0.133046
pandas/core/arrays/categorical.py::376,0.133046
pandas/core/dtypes/missing.py::154,0.133046
pandas/core/internals/blocks.py::3084,0.133046
pandas/core/internals/blocks.py::3086,0.133046
pandas/core/internals/blocks.py::3088,0.133046
pandas/core/internals/blocks.py::3098,0.133046
pandas/core/internals/managers.py::382,0.133046
pandas/core/internals/managers.py::385,0.133046
pandas/core/internals/managers.py::393,0.133046
pandas/core/internals/managers.py::394,0.133046
pandas/core/internals/managers.py::396,0.133046
pandas/core/internals/managers.py::402,0.133046
pandas/core/internals/managers.py::408,0.133046
pandas/core/internals/managers.py::414,0.133046
pandas/core/internals/managers.py::418,0.133046
pandas/core/internals/managers.py::420,0.133046
pandas/core/internals/managers.py::425,0.133046
pandas/core/internals/managers.py::426,0.133046
pandas/core/internals/managers.py::431,0.133046
pandas/core/internals/managers.py::438,0.133046
pandas/core/internals/managers.py::439,0.133046
pandas/core/internals/managers.py::441,0.133046
pandas/core/internals/managers.py::443,0.133046
pandas/core/internals/managers.py::444,0.133046
pandas/core/internals/managers.py::446,0.133046
pandas/core/internals/managers.py::447,0.133046
pandas/core/arrays/categorical.py::1329,0.131868
pandas/core/arrays/categorical.py::1334,0.131868
pandas/core/dtypes/dtypes.py::390,0.131868
pandas/core/dtypes/missing.py::433,0.131868
pandas/core/internals/blocks.py::1582,0.131868
pandas/core/internals/blocks.py::1583,0.131868
pandas/core/internals/blocks.py::1586,0.131868
pandas/core/internals/blocks.py::1591,0.131868
pandas/core/internals/blocks.py::1702,0.131868
pandas/core/internals/blocks.py::1703,0.131868
pandas/core/internals/blocks.py::1720,0.131868
pandas/core/internals/blocks.py::2912,0.131868
pandas/core/internals/blocks.py::2913,0.131868
pandas/core/internals/blocks.py::2914,0.131868
pandas/core/internals/blocks.py::3024,0.131868
pandas/core/internals/construction.py::337,0.131868
pandas/core/internals/construction.py::342,0.131868
pandas/core/internals/construction.py::343,0.131868
pandas/core/internals/construction.py::344,0.131868
pandas/core/internals/construction.py::355,0.131868
pandas/core/internals/construction.py::356,0.131868
pandas/core/internals/construction.py::359,0.131868
pandas/core/internals/construction.py::364,0.131868
pandas/core/arrays/categorical.py::1326,0.130722
pandas/core/arrays/categorical.py::1327,0.130722
pandas/core/base.py::1181,0.130722
pandas/core/common.py::221,0.130722
pandas/core/common.py::222,0.130722
pandas/core/common.py::225,0.130722
pandas/core/dtypes/generic.py::78,0.130722
pandas/core/dtypes/missing.py::151,0.130722
pandas/core/dtypes/missing.py::153,0.130722
pandas/core/groupby/ops.py::299,0.130722
pandas/core/groupby/ops.py::301,0.130722
pandas/core/groupby/ops.py::302,0.130722
pandas/core/groupby/ops.py::303,0.130722
pandas/core/groupby/ops.py::315,0.130722
pandas/core/groupby/ops.py::316,0.130722
pandas/core/indexes/base.py::812,0.130722
pandas/core/indexes/base.py::814,0.130722
pandas/core/indexes/base.py::815,0.130722
pandas/core/indexes/base.py::828,0.130722
pandas/core/internals/construction.py::235,0.130722
pandas/core/internals/construction.py::236,0.130722
pandas/core/internals/construction.py::237,0.130722
pandas/core/internals/construction.py::241,0.130722
pandas/core/internals/construction.py::244,0.130722
pandas/core/internals/construction.py::66,0.130722
pandas/util/_validators.py::236,0.130722
pandas/util/_validators.py::241,0.130722
pandas/core/algorithms.py::259,0.129605
pandas/core/arrays/sparse/dtype.py::204,0.129605
pandas/core/arrays/sparse/dtype.py::205,0.129605
pandas/core/arrays/sparse/dtype.py::223,0.129605
pandas/core/arrays/string_.py::77,0.129605
pandas/core/arrays/string_.py::79,0.129605
pandas/core/dtypes/base.py::225,0.129605
pandas/core/dtypes/base.py::226,0.129605
pandas/core/dtypes/base.py::227,0.129605
pandas/core/dtypes/cast.py::391,0.129605
pandas/core/dtypes/cast.py::396,0.129605
pandas/core/dtypes/cast.py::397,0.129605
pandas/core/dtypes/cast.py::399,0.129605
pandas/core/dtypes/cast.py::401,0.129605
pandas/core/dtypes/cast.py::402,0.129605
pandas/core/dtypes/common.py::1809,0.129605
pandas/core/dtypes/common.py::2030,0.129605
pandas/core/dtypes/common.py::2031,0.129605
pandas/core/dtypes/common.py::2036,0.129605
pandas/core/dtypes/common.py::2037,0.129605
pandas/core/dtypes/common.py::2047,0.129605
pandas/core/dtypes/dtypes.py::103,0.129605
pandas/core/dtypes/dtypes.py::104,0.129605
pandas/core/dtypes/dtypes.py::105,0.129605
pandas/core/dtypes/dtypes.py::1057,0.129605
pandas/core/dtypes/dtypes.py::106,0.129605
pandas/core/dtypes/dtypes.py::1061,0.129605
pandas/core/dtypes/dtypes.py::1065,0.129605
pandas/core/dtypes/dtypes.py::107,0.129605
pandas/core/dtypes/dtypes.py::109,0.129605
pandas/core/dtypes/dtypes.py::739,0.129605
pandas/core/dtypes/dtypes.py::740,0.129605
pandas/core/dtypes/dtypes.py::741,0.129605
pandas/core/dtypes/dtypes.py::751,0.129605
pandas/core/dtypes/dtypes.py::881,0.129605
pandas/core/generic.py::1686,0.129605
pandas/core/generic.py::1687,0.129605
pandas/core/generic.py::1690,0.129605
pandas/core/generic.py::1691,0.129605
pandas/core/generic.py::1692,0.129605
pandas/core/groupby/categorical.py::46,0.129605
pandas/core/groupby/groupby.py::561,0.129605
pandas/core/groupby/groupby.py::562,0.129605
pandas/core/groupby/grouper.py::314,0.129605
pandas/core/groupby/grouper.py::315,0.129605
pandas/core/groupby/grouper.py::317,0.129605
pandas/core/groupby/grouper.py::321,0.129605
pandas/core/groupby/grouper.py::322,0.129605
pandas/core/groupby/grouper.py::330,0.129605
pandas/core/groupby/grouper.py::331,0.129605
pandas/core/groupby/grouper.py::332,0.129605
pandas/core/groupby/grouper.py::593,0.129605
pandas/core/groupby/grouper.py::611,0.129605
pandas/core/groupby/grouper.py::612,0.129605
pandas/core/groupby/grouper.py::613,0.129605
pandas/core/groupby/grouper.py::614,0.129605
pandas/core/groupby/grouper.py::615,0.129605
pandas/core/indexes/base.py::1807,0.129605
pandas/core/indexes/range.py::474,0.129605
pandas/core/indexes/range.py::475,0.129605
pandas/core/internals/construction.py::321,0.129605
pandas/core/internals/construction.py::322,0.129605
pandas/core/internals/construction.py::324,0.129605
pandas/core/internals/construction.py::325,0.129605
pandas/core/internals/construction.py::326,0.129605
pandas/core/internals/construction.py::328,0.129605
pandas/core/internals/construction.py::329,0.129605
pandas/core/internals/construction.py::330,0.129605
pandas/core/internals/construction.py::331,0.129605
pandas/core/internals/construction.py::333,0.129605
pandas/core/internals/construction.py::334,0.129605
pandas/core/internals/construction.py::346,0.129605
pandas/core/internals/construction.py::349,0.129605
pandas/core/internals/construction.py::354,0.129605
pandas/core/internals/construction.py::374,0.129605
pandas/core/dtypes/base.py::110,0.128516
pandas/core/dtypes/dtypes.py::243,0.128516
pandas/core/dtypes/dtypes.py::244,0.128516
pandas/core/dtypes/dtypes.py::331,0.128516
pandas/core/dtypes/dtypes.py::332,0.128516
pandas/core/dtypes/dtypes.py::389,0.128516
pandas/core/frame.py::2795,0.128516
pandas/core/frame.py::2797,0.128516
pandas/core/groupby/grouper.py::674,0.128516
pandas/core/groupby/grouper.py::675,0.128516
pandas/core/indexes/base.py::3929,0.128516
pandas/core/indexes/base.py::4152,0.128516
pandas/core/indexes/base.py::4153,0.128516
pandas/core/indexes/base.py::4154,0.128516
pandas/core/indexes/base.py::4323,0.128516
pandas/core/indexes/base.py::4326,0.128516
pandas/core/indexes/base.py::4330,0.128516
pandas/core/indexes/base.py::4331,0.128516
pandas/core/indexes/category.py::178,0.128516
pandas/core/indexes/category.py::188,0.128516
pandas/core/indexes/category.py::190,0.128516
pandas/core/indexes/category.py::193,0.128516
pandas/core/indexes/category.py::201,0.128516
pandas/core/indexes/category.py::203,0.128516
pandas/core/indexes/category.py::205,0.128516
pandas/core/indexes/category.py::247,0.128516
pandas/core/indexes/category.py::250,0.128516
pandas/core/indexes/category.py::253,0.128516
pandas/core/indexes/category.py::256,0.128516
pandas/core/indexes/category.py::260,0.128516
pandas/core/indexes/category.py::262,0.128516
pandas/core/indexes/category.py::263,0.128516
pandas/core/indexes/category.py::264,0.128516
pandas/core/indexes/category.py::265,0.128516
pandas/core/indexes/category.py::268,0.128516
pandas/core/indexes/category.py::269,0.128516
pandas/util/testing.py::384,0.128516
pandas/util/testing.py::385,0.128516
pandas/util/testing.py::387,0.128516
pandas/util/testing.py::391,0.128516
pandas/core/base.py::1176,0.127454
pandas/core/base.py::1178,0.127454
pandas/core/construction.py::479,0.127454
pandas/core/construction.py::480,0.127454
pandas/core/dtypes/inference.py::276,0.127454
pandas/core/groupby/grouper.py::559,0.127454
pandas/core/groupby/grouper.py::560,0.127454
pandas/core/indexes/base.py::1861,0.127454
pandas/core/indexes/base.py::1862,0.127454
pandas/core/arrays/categorical.py::364,0.126418
pandas/core/arrays/categorical.py::365,0.126418
pandas/core/dtypes/cast.py::1036,0.126418
pandas/core/dtypes/cast.py::1038,0.126418
pandas/core/dtypes/cast.py::385,0.126418
pandas/core/dtypes/cast.py::387,0.126418
pandas/core/dtypes/common.py::844,0.126418
pandas/core/dtypes/common.py::845,0.126418
pandas/core/dtypes/common.py::846,0.126418
pandas/core/dtypes/common.py::847,0.126418
pandas/core/frame.py::3085,0.126418
pandas/core/frame.py::3086,0.126418
pandas/core/frame.py::3089,0.126418
pandas/core/frame.py::414,0.126418
pandas/core/generic.py::3621,0.126418
pandas/core/generic.py::3622,0.126418
pandas/core/generic.py::3623,0.126418
pandas/core/generic.py::3624,0.126418
pandas/core/generic.py::3625,0.126418
pandas/core/generic.py::3626,0.126418
pandas/core/generic.py::3627,0.126418
pandas/core/generic.py::3630,0.126418
pandas/core/generic.py::3631,0.126418
pandas/core/generic.py::5207,0.126418
pandas/core/generic.py::5208,0.126418
pandas/core/generic.py::5210,0.126418
pandas/core/internals/construction.py::210,0.126418
pandas/core/internals/construction.py::246,0.126418
pandas/core/internals/managers.py::946,0.126418
pandas/core/internals/managers.py::948,0.126418
pandas/core/internals/managers.py::949,0.126418
pandas/core/internals/managers.py::960,0.126418
pandas/core/common.py::288,0.125407
pandas/core/common.py::290,0.125407
pandas/core/dtypes/missing.py::425,0.125407
pandas/core/dtypes/missing.py::428,0.125407
pandas/core/frame.py::2794,0.125407
pandas/core/indexes/base.py::1883,0.125407
pandas/core/internals/blocks.py::204,0.125407
pandas/core/internals/construction.py::290,0.125407
pandas/core/internals/construction.py::291,0.125407
pandas/core/internals/construction.py::293,0.125407
pandas/core/internals/construction.py::294,0.125407
pandas/core/internals/construction.py::302,0.125407
pandas/core/internals/construction.py::311,0.125407
pandas/core/internals/construction.py::312,0.125407
pandas/core/internals/construction.py::315,0.125407
pandas/core/internals/construction.py::317,0.125407
pandas/core/internals/construction.py::65,0.125407
pandas/core/internals/construction.py::71,0.125407
pandas/core/internals/construction.py::74,0.125407
pandas/core/internals/construction.py::76,0.125407
pandas/core/internals/managers.py::1583,0.125407
pandas/core/internals/managers.py::1686,0.125407
pandas/core/internals/managers.py::1687,0.125407
pandas/core/internals/managers.py::1688,0.125407
pandas/core/internals/managers.py::1689,0.125407
pandas/core/internals/managers.py::1690,0.125407
pandas/core/internals/managers.py::1722,0.125407
pandas/core/internals/managers.py::1723,0.125407
pandas/core/internals/managers.py::1725,0.125407
pandas/core/internals/managers.py::1726,0.125407
pandas/core/internals/managers.py::1727,0.125407
pandas/core/internals/managers.py::1732,0.125407
pandas/core/internals/managers.py::1733,0.125407
pandas/core/internals/managers.py::1737,0.125407
pandas/core/internals/managers.py::1738,0.125407
pandas/core/internals/managers.py::1740,0.125407
pandas/core/internals/managers.py::1741,0.125407
pandas/core/internals/managers.py::1743,0.125407
pandas/core/internals/managers.py::1744,0.125407
pandas/core/internals/managers.py::1748,0.125407
pandas/core/internals/managers.py::1752,0.125407
pandas/core/internals/managers.py::1756,0.125407
pandas/core/internals/managers.py::1760,0.125407
pandas/core/internals/managers.py::1764,0.125407
pandas/core/internals/managers.py::1771,0.125407
pandas/core/internals/managers.py::1775,0.125407
pandas/core/internals/managers.py::1779,0.125407
pandas/core/internals/managers.py::1786,0.125407
pandas/core/internals/managers.py::1795,0.125407
pandas/core/internals/managers.py::1803,0.125407
pandas/core/internals/managers.py::1813,0.125407
pandas/core/internals/managers.py::1850,0.125407
pandas/core/internals/managers.py::1851,0.125407
pandas/core/internals/managers.py::1856,0.125407
pandas/core/internals/managers.py::1857,0.125407
pandas/core/internals/managers.py::1862,0.125407
pandas/core/internals/managers.py::1864,0.125407
pandas/core/internals/managers.py::1865,0.125407
pandas/core/internals/managers.py::1867,0.125407
pandas/core/internals/managers.py::1868,0.125407
pandas/core/internals/managers.py::1869,0.125407
pandas/core/internals/managers.py::1871,0.125407
pandas/core/series.py::560,0.125407
pandas/core/algorithms.py::258,0.124421
pandas/core/arrays/categorical.py::469,0.124421
pandas/core/construction.py::455,0.124421
pandas/core/dtypes/cast.py::1019,0.124421
pandas/core/dtypes/cast.py::1030,0.124421
pandas/core/dtypes/cast.py::1032,0.124421
pandas/core/dtypes/cast.py::1034,0.124421
pandas/core/dtypes/cast.py::1054,0.124421
pandas/core/dtypes/cast.py::987,0.124421
pandas/core/dtypes/cast.py::988,0.124421
pandas/core/dtypes/cast.py::991,0.124421
pandas/core/dtypes/cast.py::994,0.124421
pandas/core/groupby/grouper.py::392,0.124421
pandas/core/groupby/grouper.py::394,0.124421
pandas/core/groupby/grouper.py::404,0.124421
pandas/core/groupby/grouper.py::406,0.124421
pandas/core/groupby/grouper.py::598,0.124421
pandas/core/indexes/base.py::461,0.124421
pandas/core/indexes/base.py::464,0.124421
pandas/core/indexes/base.py::564,0.124421
pandas/core/indexes/base.py::566,0.124421
pandas/core/indexes/base.py::567,0.124421
pandas/core/indexes/base.py::568,0.124421
pandas/core/indexes/base.py::572,0.124421
pandas/core/indexes/base.py::573,0.124421
pandas/core/indexes/base.py::578,0.124421
pandas/core/algorithms.py::99,0.123457
pandas/core/arrays/categorical.py::1948,0.123457
pandas/core/arrays/categorical.py::355,0.123457
pandas/core/arrays/categorical.py::358,0.123457
pandas/core/arrays/categorical.py::361,0.123457
pandas/core/arrays/categorical.py::378,0.123457
pandas/core/arrays/categorical.py::412,0.123457
pandas/core/arrays/categorical.py::418,0.123457
pandas/core/arrays/categorical.py::419,0.123457
pandas/core/dtypes/common.py::1310,0.123457
pandas/core/dtypes/common.py::1491,0.123457
pandas/core/dtypes/common.py::1494,0.123457
pandas/core/dtypes/common.py::1495,0.123457
pandas/core/dtypes/common.py::1496,0.123457
pandas/core/dtypes/dtypes.py::518,0.123457
pandas/core/frame.py::2789,0.123457
pandas/core/frame.py::2790,0.123457
pandas/core/frame.py::2792,0.123457
pandas/core/indexes/numeric.py::140,0.123457
pandas/core/algorithms.py::94,0.122515
pandas/core/algorithms.py::96,0.122515
pandas/core/algorithms.py::98,0.122515
pandas/core/frame.py::509,0.122515
pandas/core/generic.py::1922,0.122515
pandas/core/indexes/base.py::1281,0.122515
pandas/core/indexes/base.py::1882,0.122515
pandas/core/indexes/base.py::4321,0.122515
pandas/core/algorithms.py::1474,0.121595
pandas/core/algorithms.py::1475,0.121595
pandas/core/algorithms.py::1476,0.121595
pandas/core/algorithms.py::1477,0.121595
pandas/core/algorithms.py::1483,0.121595
pandas/core/algorithms.py::1484,0.121595
pandas/core/algorithms.py::1639,0.121595
pandas/core/algorithms.py::1642,0.121595
pandas/core/algorithms.py::1645,0.121595
pandas/core/algorithms.py::1647,0.121595
pandas/core/algorithms.py::1651,0.121595
pandas/core/algorithms.py::1652,0.121595
pandas/core/algorithms.py::1658,0.121595
pandas/core/algorithms.py::1659,0.121595
pandas/core/algorithms.py::1676,0.121595
pandas/core/algorithms.py::1677,0.121595
pandas/core/algorithms.py::1681,0.121595
pandas/core/algorithms.py::1689,0.121595
pandas/core/algorithms.py::1690,0.121595
pandas/core/algorithms.py::1691,0.121595
pandas/core/algorithms.py::1692,0.121595
pandas/core/algorithms.py::1693,0.121595
pandas/core/algorithms.py::1698,0.121595
pandas/core/algorithms.py::1702,0.121595
pandas/core/algorithms.py::1703,0.121595
pandas/core/algorithms.py::1705,0.121595
pandas/core/algorithms.py::1707,0.121595
pandas/core/algorithms.py::1709,0.121595
pandas/core/arrays/categorical.py::450,0.121595
pandas/core/arrays/categorical.py::711,0.121595
pandas/core/arrays/categorical.py::712,0.121595
pandas/core/arrays/categorical.py::713,0.121595
pandas/core/common.py::236,0.121595
pandas/core/dtypes/cast.py::340,0.121595
pandas/core/dtypes/cast.py::358,0.121595
pandas/core/dtypes/cast.py::367,0.121595
pandas/core/dtypes/cast.py::378,0.121595
pandas/core/dtypes/cast.py::381,0.121595
pandas/core/dtypes/cast.py::384,0.121595
pandas/core/dtypes/cast.py::428,0.121595
pandas/core/dtypes/cast.py::430,0.121595
pandas/core/dtypes/cast.py::433,0.121595
pandas/core/dtypes/cast.py::675,0.121595
pandas/core/dtypes/common.py::1904,0.121595
pandas/core/dtypes/common.py::1905,0.121595
pandas/core/dtypes/dtypes.py::1054,0.121595
pandas/core/dtypes/dtypes.py::1055,0.121595
pandas/core/dtypes/dtypes.py::386,0.121595
pandas/core/dtypes/dtypes.py::388,0.121595
pandas/core/dtypes/inference.py::415,0.121595
pandas/core/dtypes/inference.py::416,0.121595
pandas/core/dtypes/inference.py::420,0.121595
pandas/core/frame.py::3095,0.121595
pandas/core/frame.py::3096,0.121595
pandas/core/frame.py::401,0.121595
pandas/core/frame.py::403,0.121595
pandas/core/frame.py::406,0.121595
pandas/core/frame.py::409,0.121595
pandas/core/frame.py::413,0.121595
pandas/core/frame.py::490,0.121595
pandas/core/frame.py::531,0.121595
pandas/core/generic.py::3299,0.121595
pandas/core/generic.py::509,0.121595
pandas/core/generic.py::5249,0.121595
pandas/core/groupby/groupby.py::2508,0.121595
pandas/core/groupby/groupby.py::2509,0.121595
pandas/core/groupby/groupby.py::2511,0.121595
pandas/core/groupby/groupby.py::397,0.121595
pandas/core/groupby/groupby.py::398,0.121595
pandas/core/groupby/groupby.py::399,0.121595
pandas/core/groupby/groupby.py::400,0.121595
pandas/core/groupby/groupby.py::403,0.121595
pandas/core/groupby/grouper.py::258,0.121595
pandas/core/groupby/grouper.py::259,0.121595
pandas/core/groupby/grouper.py::260,0.121595
pandas/core/groupby/grouper.py::261,0.121595
pandas/core/groupby/grouper.py::262,0.121595
pandas/core/groupby/grouper.py::263,0.121595
pandas/core/groupby/grouper.py::264,0.121595
pandas/core/groupby/grouper.py::265,0.121595
pandas/core/groupby/grouper.py::266,0.121595
pandas/core/groupby/grouper.py::269,0.121595
pandas/core/groupby/grouper.py::272,0.121595
pandas/core/groupby/grouper.py::278,0.121595
pandas/core/groupby/grouper.py::293,0.121595
pandas/core/groupby/grouper.py::305,0.121595
pandas/core/groupby/grouper.py::308,0.121595
pandas/core/groupby/grouper.py::312,0.121595
pandas/core/groupby/grouper.py::337,0.121595
pandas/core/groupby/grouper.py::341,0.121595
pandas/core/groupby/grouper.py::342,0.121595
pandas/core/groupby/grouper.py::361,0.121595
pandas/core/groupby/grouper.py::362,0.121595
pandas/core/groupby/grouper.py::364,0.121595
pandas/core/groupby/grouper.py::650,0.121595
pandas/core/groupby/grouper.py::654,0.121595
pandas/core/groupby/grouper.py::656,0.121595
pandas/core/groupby/grouper.py::658,0.121595
pandas/core/groupby/grouper.py::662,0.121595
pandas/core/groupby/grouper.py::663,0.121595
pandas/core/groupby/grouper.py::671,0.121595
pandas/core/groupby/grouper.py::673,0.121595
pandas/core/groupby/ops.py::134,0.121595
pandas/core/groupby/ops.py::135,0.121595
pandas/core/groupby/ops.py::136,0.121595
pandas/core/groupby/ops.py::137,0.121595
pandas/core/groupby/ops.py::138,0.121595
pandas/core/groupby/ops.py::139,0.121595
pandas/core/groupby/ops.py::140,0.121595
pandas/core/indexes/base.py::1454,0.121595
pandas/core/indexes/base.py::3873,0.121595
pandas/core/indexes/base.py::454,0.121595
pandas/core/indexes/base.py::456,0.121595
pandas/core/indexes/base.py::459,0.121595
pandas/core/indexes/base.py::473,0.121595
pandas/core/indexes/base.py::474,0.121595
pandas/core/indexes/base.py::5582,0.121595
pandas/core/indexes/base.py::5584,0.121595
pandas/core/internals/blocks.py::146,0.121595
pandas/core/internals/blocks.py::258,0.121595
pandas/core/internals/blocks.py::264,0.121595
pandas/core/internals/blocks.py::266,0.121595
pandas/core/internals/blocks.py::268,0.121595
pandas/core/internals/blocks.py::269,0.121595
pandas/core/internals/blocks.py::3036,0.121595
pandas/core/internals/blocks.py::3039,0.121595
pandas/core/internals/blocks.py::3041,0.121595
pandas/core/internals/blocks.py::3071,0.121595
pandas/core/internals/blocks.py::330,0.121595
pandas/core/internals/blocks.py::338,0.121595
pandas/core/internals/blocks.py::341,0.121595
pandas/core/internals/blocks.py::342,0.121595
pandas/core/internals/managers.py::132,0.121595
pandas/core/internals/managers.py::133,0.121595
pandas/core/internals/managers.py::135,0.121595
pandas/core/internals/managers.py::136,0.121595
pandas/core/internals/managers.py::142,0.121595
pandas/core/internals/managers.py::143,0.121595
pandas/core/internals/managers.py::145,0.121595
pandas/core/internals/managers.py::147,0.121595
pandas/core/internals/managers.py::1496,0.121595
pandas/core/internals/managers.py::1499,0.121595
pandas/core/internals/managers.py::1502,0.121595
pandas/core/internals/managers.py::1507,0.121595
pandas/core/internals/managers.py::1511,0.121595
pandas/core/internals/managers.py::169,0.121595
pandas/core/internals/managers.py::173,0.121595
pandas/core/internals/managers.py::220,0.121595
pandas/core/internals/managers.py::221,0.121595
pandas/core/internals/managers.py::222,0.121595
pandas/core/internals/managers.py::223,0.121595
pandas/core/internals/managers.py::225,0.121595
pandas/core/internals/managers.py::226,0.121595
pandas/core/internals/managers.py::227,0.121595
pandas/core/internals/managers.py::228,0.121595
pandas/core/internals/managers.py::230,0.121595
pandas/core/internals/managers.py::233,0.121595
pandas/core/internals/managers.py::234,0.121595
pandas/core/internals/managers.py::326,0.121595
pandas/core/internals/managers.py::341,0.121595
pandas/core/internals/managers.py::342,0.121595
pandas/core/internals/managers.py::343,0.121595
pandas/core/internals/managers.py::344,0.121595
pandas/core/internals/managers.py::346,0.121595
pandas/core/internals/managers.py::650,0.121595
pandas/core/internals/managers.py::652,0.121595
pandas/core/internals/managers.py::655,0.121595
pandas/core/internals/managers.py::656,0.121595
pandas/core/internals/managers.py::657,0.121595
pandas/core/internals/managers.py::936,0.121595
pandas/core/internals/managers.py::977,0.121595
pandas/core/internals/managers.py::978,0.121595
pandas/core/internals/managers.py::981,0.121595
pandas/core/internals/managers.py::983,0.121595
pandas/core/internals/managers.py::984,0.121595
pandas/core/internals/managers.py::987,0.121595
pandas/core/series.py::713,0.121595
pandas/util/_validators.py::130,0.121595
pandas/util/_validators.py::132,0.121595
pandas/util/_validators.py::167,0.121595
pandas/util/_validators.py::168,0.121595
pandas/util/_validators.py::169,0.121595
pandas/util/_validators.py::48,0.121595
pandas/core/arrays/categorical.py::341,0.120695
pandas/core/arrays/categorical.py::342,0.120695
pandas/core/arrays/categorical.py::348,0.120695
pandas/core/arrays/categorical.py::349,0.120695
pandas/core/arrays/categorical.py::350,0.120695
pandas/core/arrays/categorical.py::351,0.120695
pandas/core/arrays/categorical.py::476,0.120695
pandas/core/arrays/categorical.py::668,0.120695
pandas/core/arrays/categorical.py::669,0.120695
pandas/core/arrays/categorical.py::671,0.120695
pandas/core/arrays/categorical.py::678,0.120695
pandas/core/arrays/categorical.py::679,0.120695
pandas/core/arrays/categorical.py::697,0.120695
pandas/core/arrays/categorical.py::700,0.120695
pandas/core/common.py::163,0.120695
pandas/core/common.py::165,0.120695
pandas/core/common.py::186,0.120695
pandas/core/common.py::351,0.120695
pandas/core/common.py::354,0.120695
pandas/core/dtypes/base.py::265,0.120695
pandas/core/dtypes/cast.py::673,0.120695
pandas/core/dtypes/cast.py::674,0.120695
pandas/core/dtypes/common.py::197,0.120695
pandas/core/dtypes/common.py::201,0.120695
pandas/core/dtypes/common.py::202,0.120695
pandas/core/dtypes/common.py::203,0.120695
pandas/core/dtypes/common.py::204,0.120695
pandas/core/dtypes/common.py::207,0.120695
pandas/core/dtypes/common.py::302,0.120695
pandas/core/dtypes/common.py::304,0.120695
pandas/core/dtypes/common.py::305,0.120695
pandas/core/dtypes/dtypes.py::228,0.120695
pandas/core/dtypes/dtypes.py::229,0.120695
pandas/core/dtypes/dtypes.py::314,0.120695
pandas/core/dtypes/dtypes.py::316,0.120695
pandas/core/dtypes/dtypes.py::318,0.120695
pandas/core/dtypes/dtypes.py::324,0.120695
pandas/core/dtypes/dtypes.py::328,0.120695
pandas/core/dtypes/dtypes.py::338,0.120695
pandas/core/dtypes/dtypes.py::340,0.120695
pandas/core/dtypes/dtypes.py::344,0.120695
pandas/core/dtypes/dtypes.py::345,0.120695
pandas/core/dtypes/dtypes.py::347,0.120695
pandas/core/dtypes/dtypes.py::348,0.120695
pandas/core/dtypes/dtypes.py::350,0.120695
pandas/core/dtypes/dtypes.py::351,0.120695
pandas/core/dtypes/dtypes.py::352,0.120695
pandas/core/dtypes/dtypes.py::494,0.120695
pandas/core/dtypes/dtypes.py::512,0.120695
pandas/core/dtypes/dtypes.py::514,0.120695
pandas/core/dtypes/dtypes.py::517,0.120695
pandas/core/dtypes/dtypes.py::520,0.120695
pandas/core/dtypes/dtypes.py::522,0.120695
pandas/core/dtypes/dtypes.py::525,0.120695
pandas/core/dtypes/dtypes.py::528,0.120695
pandas/core/dtypes/dtypes.py::531,0.120695
pandas/core/dtypes/dtypes.py::548,0.120695
pandas/core/dtypes/dtypes.py::551,0.120695
pandas/core/dtypes/dtypes.py::559,0.120695
pandas/core/dtypes/dtypes.py::562,0.120695
pandas/core/dtypes/dtypes.py::563,0.120695
pandas/core/dtypes/dtypes.py::566,0.120695
pandas/core/dtypes/dtypes.py::567,0.120695
pandas/core/dtypes/dtypes.py::568,0.120695
pandas/core/dtypes/dtypes.py::582,0.120695
pandas/core/dtypes/dtypes.py::589,0.120695
pandas/core/dtypes/inference.py::148,0.120695
pandas/core/dtypes/inference.py::151,0.120695
pandas/core/generic.py::191,0.120695
pandas/core/generic.py::201,0.120695
pandas/core/generic.py::202,0.120695
pandas/core/generic.py::203,0.120695
pandas/core/generic.py::423,0.120695
pandas/core/generic.py::424,0.120695
pandas/core/generic.py::425,0.120695
pandas/core/generic.py::426,0.120695
pandas/core/generic.py::436,0.120695
pandas/core/generic.py::437,0.120695
pandas/core/generic.py::441,0.120695
pandas/core/generic.py::442,0.120695
pandas/core/generic.py::448,0.120695
pandas/core/generic.py::449,0.120695
pandas/core/generic.py::5221,0.120695
pandas/core/generic.py::5225,0.120695
pandas/core/generic.py::5240,0.120695
pandas/core/generic.py::5241,0.120695
pandas/core/generic.py::5242,0.120695
pandas/core/generic.py::5243,0.120695
pandas/core/generic.py::5244,0.120695
pandas/core/generic.py::5248,0.120695
pandas/core/generic.py::5250,0.120695
pandas/core/generic.py::5251,0.120695
pandas/core/generic.py::5290,0.120695
pandas/core/generic.py::5291,0.120695
pandas/core/generic.py::5292,0.120695
pandas/core/generic.py::5294,0.120695
pandas/core/generic.py::5299,0.120695
pandas/core/generic.py::5300,0.120695
pandas/core/generic.py::5302,0.120695
pandas/core/generic.py::7895,0.120695
pandas/core/generic.py::7897,0.120695
pandas/core/generic.py::7899,0.120695
pandas/core/generic.py::7900,0.120695
pandas/core/generic.py::7901,0.120695
pandas/core/generic.py::7902,0.120695
pandas/core/generic.py::7903,0.120695
pandas/core/generic.py::7904,0.120695
pandas/core/generic.py::7905,0.120695
pandas/core/generic.py::7906,0.120695
pandas/core/generic.py::7907,0.120695
pandas/core/generic.py::7908,0.120695
pandas/core/generic.py::7909,0.120695
pandas/core/generic.py::7910,0.120695
pandas/core/groupby/groupby.py::2504,0.120695
pandas/core/groupby/groupby.py::2515,0.120695
pandas/core/groupby/groupby.py::363,0.120695
pandas/core/groupby/groupby.py::365,0.120695
pandas/core/groupby/groupby.py::366,0.120695
pandas/core/groupby/groupby.py::368,0.120695
pandas/core/groupby/groupby.py::370,0.120695
pandas/core/groupby/groupby.py::376,0.120695
pandas/core/groupby/groupby.py::377,0.120695
pandas/core/groupby/groupby.py::378,0.120695
pandas/core/groupby/groupby.py::379,0.120695
pandas/core/groupby/groupby.py::380,0.120695
pandas/core/groupby/groupby.py::381,0.120695
pandas/core/groupby/groupby.py::382,0.120695
pandas/core/groupby/groupby.py::384,0.120695
pandas/core/groupby/groupby.py::385,0.120695
pandas/core/groupby/groupby.py::387,0.120695
pandas/core/groupby/groupby.py::388,0.120695
pandas/core/groupby/groupby.py::389,0.120695
pandas/core/groupby/groupby.py::390,0.120695
pandas/core/groupby/groupby.py::391,0.120695
pandas/core/groupby/groupby.py::392,0.120695
pandas/core/groupby/groupby.py::393,0.120695
pandas/core/groupby/groupby.py::394,0.120695
pandas/core/groupby/grouper.py::457,0.120695
pandas/core/groupby/grouper.py::461,0.120695
pandas/core/groupby/grouper.py::506,0.120695
pandas/core/groupby/grouper.py::514,0.120695
pandas/core/groupby/grouper.py::524,0.120695
pandas/core/groupby/grouper.py::525,0.120695
pandas/core/groupby/grouper.py::527,0.120695
pandas/core/groupby/grouper.py::541,0.120695
pandas/core/groupby/grouper.py::549,0.120695
pandas/core/groupby/grouper.py::550,0.120695
pandas/core/groupby/grouper.py::551,0.120695
pandas/core/groupby/grouper.py::552,0.120695
pandas/core/groupby/grouper.py::557,0.120695
pandas/core/groupby/grouper.py::558,0.120695
pandas/core/groupby/grouper.py::573,0.120695
pandas/core/groupby/grouper.py::578,0.120695
pandas/core/groupby/grouper.py::580,0.120695
pandas/core/groupby/grouper.py::581,0.120695
pandas/core/groupby/grouper.py::584,0.120695
pandas/core/groupby/grouper.py::585,0.120695
pandas/core/groupby/grouper.py::596,0.120695
pandas/core/groupby/grouper.py::597,0.120695
pandas/core/groupby/grouper.py::604,0.120695
pandas/core/groupby/grouper.py::606,0.120695
pandas/core/groupby/grouper.py::610,0.120695
pandas/core/groupby/grouper.py::627,0.120695
pandas/core/groupby/grouper.py::667,0.120695
pandas/core/indexes/base.py::2817,0.120695
pandas/core/indexes/base.py::2818,0.120695
pandas/core/indexes/base.py::2823,0.120695
pandas/core/indexes/base.py::2824,0.120695
pandas/core/indexes/base.py::4197,0.120695
pandas/core/indexes/base.py::4198,0.120695
pandas/core/indexes/base.py::4200,0.120695
pandas/core/indexes/base.py::4201,0.120695
pandas/core/indexes/base.py::4202,0.120695
pandas/core/indexes/base.py::545,0.120695
pandas/core/indexes/base.py::5581,0.120695
pandas/core/indexes/base.py::5644,0.120695
pandas/core/indexes/base.py::5646,0.120695
pandas/core/indexes/range.py::104,0.120695
pandas/core/indexes/range.py::107,0.120695
pandas/core/indexes/range.py::113,0.120695
pandas/core/indexes/range.py::116,0.120695
pandas/core/indexes/range.py::118,0.120695
pandas/core/indexes/range.py::121,0.120695
pandas/core/indexes/range.py::123,0.120695
pandas/core/indexes/range.py::124,0.120695
pandas/core/indexes/range.py::127,0.120695
pandas/core/indexes/range.py::128,0.120695
pandas/core/indexes/range.py::150,0.120695
pandas/core/indexes/range.py::153,0.120695
pandas/core/indexes/range.py::156,0.120695
pandas/core/indexes/range.py::159,0.120695
pandas/core/indexes/range.py::161,0.120695
pandas/core/indexes/range.py::162,0.120695
pandas/core/indexes/range.py::165,0.120695
pandas/core/indexes/range.py::166,0.120695
pandas/core/indexes/range.py::173,0.120695
pandas/core/indexes/range.py::705,0.120695
pandas/core/indexes/range.py::94,0.120695
pandas/core/internals/blocks.py::114,0.120695
pandas/core/internals/blocks.py::115,0.120695
pandas/core/internals/blocks.py::116,0.120695
pandas/core/internals/blocks.py::118,0.120695
pandas/core/internals/blocks.py::145,0.120695
pandas/core/internals/blocks.py::148,0.120695
pandas/core/internals/blocks.py::152,0.120695
pandas/core/internals/blocks.py::230,0.120695
pandas/core/internals/blocks.py::234,0.120695
pandas/core/internals/blocks.py::235,0.120695
pandas/core/internals/blocks.py::237,0.120695
pandas/core/internals/blocks.py::3017,0.120695
pandas/core/internals/blocks.py::3018,0.120695
pandas/core/internals/blocks.py::3020,0.120695
pandas/core/internals/blocks.py::3023,0.120695
pandas/core/internals/blocks.py::3025,0.120695
pandas/core/internals/blocks.py::3028,0.120695
pandas/core/internals/blocks.py::3030,0.120695
pandas/core/internals/blocks.py::3032,0.120695
pandas/core/internals/blocks.py::3034,0.120695
pandas/core/internals/blocks.py::3047,0.120695
pandas/core/internals/blocks.py::3053,0.120695
pandas/core/internals/blocks.py::3058,0.120695
pandas/core/internals/blocks.py::3061,0.120695
pandas/core/internals/blocks.py::3067,0.120695
pandas/core/internals/blocks.py::3068,0.120695
pandas/core/internals/blocks.py::3069,0.120695
pandas/core/internals/blocks.py::3076,0.120695
pandas/core/internals/blocks.py::334,0.120695
pandas/core/internals/managers.py::1475,0.120695
pandas/core/internals/managers.py::1483,0.120695
pandas/core/internals/managers.py::1513,0.120695
pandas/core/internals/managers.py::1516,0.120695
pandas/core/internals/managers.py::1523,0.120695
pandas/core/internals/managers.py::1557,0.120695
pandas/core/internals/managers.py::238,0.120695
pandas/core/internals/managers.py::927,0.120695
pandas/core/internals/managers.py::928,0.120695
pandas/core/series.py::199,0.120695
pandas/core/series.py::202,0.120695
pandas/core/series.py::204,0.120695
pandas/core/series.py::206,0.120695
pandas/core/series.py::315,0.120695
pandas/core/series.py::317,0.120695
pandas/core/series.py::318,0.120695
pandas/core/series.py::417,0.120695
pandas/core/series.py::420,0.120695
pandas/core/series.py::421,0.120695
pandas/core/series.py::433,0.120695
pandas/core/series.py::435,0.120695
pandas/core/series.py::436,0.120695
pandas/core/series.py::440,0.120695
pandas/core/series.py::443,0.120695
pandas/core/series.py::454,0.120695
pandas/core/series.py::458,0.120695
pandas/core/series.py::460,0.120695
pandas/core/series.py::468,0.120695
pandas/core/algorithms.py::249,0.119815
pandas/core/algorithms.py::252,0.119815
pandas/core/algorithms.py::253,0.119815
pandas/core/algorithms.py::261,0.119815
pandas/core/algorithms.py::263,0.119815
pandas/core/algorithms.py::85,0.119815
pandas/core/algorithms.py::86,0.119815
pandas/core/algorithms.py::88,0.119815
pandas/core/algorithms.py::92,0.119815
pandas/core/construction.py::417,0.119815
pandas/core/construction.py::420,0.119815
pandas/core/construction.py::422,0.119815
pandas/core/dtypes/cast.py::1191,0.119815
pandas/core/dtypes/cast.py::68,0.119815
pandas/core/dtypes/cast.py::69,0.119815
pandas/core/dtypes/cast.py::70,0.119815
pandas/core/dtypes/cast.py::71,0.119815
pandas/core/dtypes/cast.py::73,0.119815
pandas/core/dtypes/cast.py::75,0.119815
pandas/core/dtypes/cast.py::969,0.119815
pandas/core/dtypes/cast.py::970,0.119815
pandas/core/dtypes/cast.py::973,0.119815
pandas/core/dtypes/cast.py::977,0.119815
pandas/core/dtypes/cast.py::979,0.119815
pandas/core/dtypes/cast.py::981,0.119815
pandas/core/dtypes/cast.py::984,0.119815
pandas/core/dtypes/cast.py::985,0.119815
pandas/core/dtypes/common.py::1650,0.119815
pandas/core/common.py::230,0.118954
pandas/core/common.py::232,0.118954
pandas/core/common.py::235,0.118954
pandas/core/common.py::238,0.118954
pandas/core/common.py::240,0.118954
pandas/core/common.py::243,0.118954
pandas/core/common.py::248,0.118954
pandas/core/construction.py::375,0.118954
pandas/core/construction.py::378,0.118954
pandas/core/construction.py::388,0.118954
pandas/core/construction.py::391,0.118954
pandas/core/construction.py::406,0.118954
pandas/core/construction.py::416,0.118954
pandas/core/construction.py::432,0.118954
pandas/core/construction.py::451,0.118954
pandas/core/construction.py::452,0.118954
pandas/core/construction.py::466,0.118954
pandas/core/construction.py::469,0.118954
pandas/core/construction.py::478,0.118954
pandas/core/construction.py::488,0.118954
pandas/core/dtypes/cast.py::1061,0.118954
pandas/core/dtypes/cast.py::1062,0.118954
pandas/core/dtypes/cast.py::1064,0.118954
pandas/core/dtypes/cast.py::1169,0.118954
pandas/core/dtypes/cast.py::1173,0.118954
pandas/core/dtypes/cast.py::1186,0.118954
pandas/core/dtypes/cast.py::1188,0.118954
pandas/core/dtypes/cast.py::1193,0.118954
pandas/core/dtypes/common.py::1572,0.118954
pandas/core/dtypes/dtypes.py::1053,0.118954
pandas/core/dtypes/dtypes.py::738,0.118954
pandas/core/dtypes/dtypes.py::753,0.118954
pandas/core/dtypes/dtypes.py::880,0.118954
pandas/core/dtypes/dtypes.py::882,0.118954
pandas/core/dtypes/dtypes.py::890,0.118954
pandas/core/dtypes/missing.py::242,0.118954
pandas/core/dtypes/missing.py::244,0.118954
pandas/core/dtypes/missing.py::249,0.118954
pandas/core/dtypes/missing.py::250,0.118954
pandas/core/dtypes/missing.py::251,0.118954
pandas/core/indexes/base.py::404,0.118954
pandas/core/indexes/base.py::407,0.118954
pandas/core/indexes/base.py::411,0.118954
pandas/core/indexes/base.py::414,0.118954
pandas/core/indexes/base.py::415,0.118954
pandas/core/indexes/base.py::416,0.118954
pandas/core/indexes/base.py::423,0.118954
pandas/core/indexes/base.py::426,0.118954
pandas/core/indexes/base.py::432,0.118954
pandas/core/indexes/base.py::4320,0.118954
pandas/core/indexes/base.py::435,0.118954
pandas/core/indexes/base.py::452,0.118954
pandas/core/indexes/base.py::626,0.118954
pandas/_config/config.py::111,0.118111
pandas/_config/config.py::112,0.118111
pandas/_config/config.py::116,0.118111
pandas/_config/config.py::118,0.118111
pandas/_config/config.py::122,0.118111
pandas/_config/config.py::123,0.118111
pandas/_config/config.py::125,0.118111
pandas/_config/config.py::126,0.118111
pandas/_config/config.py::127,0.118111
pandas/_config/config.py::130,0.118111
pandas/_config/config.py::131,0.118111
pandas/_config/config.py::133,0.118111
pandas/_config/config.py::233,0.118111
pandas/_config/config.py::542,0.118111
pandas/_config/config.py::546,0.118111
pandas/_config/config.py::547,0.118111
pandas/_config/config.py::550,0.118111
pandas/_config/config.py::554,0.118111
pandas/_config/config.py::555,0.118111
pandas/_config/config.py::556,0.118111
pandas/_config/config.py::557,0.118111
pandas/_config/config.py::558,0.118111
pandas/_config/config.py::577,0.118111
pandas/_config/config.py::578,0.118111
pandas/_config/config.py::579,0.118111
pandas/_config/config.py::580,0.118111
pandas/_config/config.py::593,0.118111
pandas/_config/config.py::602,0.118111
pandas/_config/config.py::603,0.118111
pandas/_config/config.py::606,0.118111
pandas/_config/config.py::618,0.118111
pandas/_config/config.py::619,0.118111
pandas/_config/config.py::634,0.118111
pandas/_config/config.py::811,0.118111
pandas/_config/config.py::84,0.118111
pandas/_config/config.py::85,0.118111
pandas/_config/config.py::89,0.118111
pandas/_config/config.py::91,0.118111
pandas/_config/config.py::93,0.118111
pandas/_config/config.py::94,0.118111
pandas/_config/config.py::96,0.118111
pandas/_config/config.py::98,0.118111
pandas/conftest.py::49,0.118111
pandas/conftest.py::52,0.118111
pandas/conftest.py::55,0.118111
pandas/conftest.py::58,0.118111
pandas/conftest.py::61,0.118111
pandas/conftest.py::72,0.118111
pandas/conftest.py::80,0.118111
pandas/conftest.py::81,0.118111
pandas/core/base.py::1000,0.118111
pandas/core/base.py::1005,0.118111
pandas/core/construction.py::359,0.118111
pandas/core/construction.py::362,0.118111
pandas/core/construction.py::365,0.118111
pandas/core/dtypes/base.py::223,0.118111
pandas/core/dtypes/base.py::224,0.118111
pandas/core/dtypes/base.py::254,0.118111
pandas/core/dtypes/base.py::256,0.118111
pandas/core/dtypes/base.py::261,0.118111
pandas/core/dtypes/base.py::262,0.118111
pandas/core/dtypes/base.py::264,0.118111
pandas/core/dtypes/base.py::266,0.118111
pandas/core/dtypes/base.py::267,0.118111
pandas/core/dtypes/base.py::268,0.118111
pandas/core/dtypes/base.py::269,0.118111
pandas/core/dtypes/cast.py::1336,0.118111
pandas/core/dtypes/cast.py::1337,0.118111
pandas/core/dtypes/cast.py::1338,0.118111
pandas/core/dtypes/common.py::1050,0.118111
pandas/core/dtypes/common.py::1097,0.118111
pandas/core/dtypes/common.py::1098,0.118111
pandas/core/dtypes/common.py::1188,0.118111
pandas/core/dtypes/common.py::1189,0.118111
pandas/core/dtypes/common.py::1190,0.118111
pandas/core/dtypes/common.py::1606,0.118111
pandas/core/dtypes/common.py::1649,0.118111
pandas/core/dtypes/common.py::1651,0.118111
pandas/core/dtypes/common.py::1652,0.118111
pandas/core/dtypes/common.py::1656,0.118111
pandas/core/dtypes/common.py::1660,0.118111
pandas/core/dtypes/common.py::1667,0.118111
pandas/core/dtypes/common.py::1671,0.118111
pandas/core/dtypes/common.py::1775,0.118111
pandas/core/dtypes/common.py::1776,0.118111
pandas/core/dtypes/common.py::1828,0.118111
pandas/core/dtypes/common.py::1830,0.118111
pandas/core/dtypes/common.py::1831,0.118111
pandas/core/dtypes/common.py::1834,0.118111
pandas/core/dtypes/common.py::1857,0.118111
pandas/core/dtypes/common.py::1861,0.118111
pandas/core/dtypes/common.py::1862,0.118111
pandas/core/dtypes/common.py::1863,0.118111
pandas/core/dtypes/common.py::1867,0.118111
pandas/core/dtypes/common.py::1868,0.118111
pandas/core/dtypes/common.py::1870,0.118111
pandas/core/dtypes/common.py::1888,0.118111
pandas/core/dtypes/common.py::1889,0.118111
pandas/core/dtypes/common.py::1892,0.118111
pandas/core/dtypes/common.py::1893,0.118111
pandas/core/dtypes/common.py::1894,0.118111
pandas/core/dtypes/common.py::1900,0.118111
pandas/core/dtypes/common.py::1901,0.118111
pandas/core/dtypes/common.py::1907,0.118111
pandas/core/dtypes/common.py::1908,0.118111
pandas/core/dtypes/common.py::1915,0.118111
pandas/core/dtypes/common.py::2024,0.118111
pandas/core/dtypes/common.py::2026,0.118111
pandas/core/dtypes/common.py::2027,0.118111
pandas/core/dtypes/common.py::212,0.118111
pandas/core/dtypes/common.py::220,0.118111
pandas/core/dtypes/common.py::221,0.118111
pandas/core/dtypes/common.py::222,0.118111
pandas/core/dtypes/common.py::253,0.118111
pandas/core/dtypes/common.py::376,0.118111
pandas/core/dtypes/common.py::525,0.118111
pandas/core/dtypes/common.py::561,0.118111
pandas/core/dtypes/common.py::563,0.118111
pandas/core/dtypes/common.py::594,0.118111
pandas/core/dtypes/common.py::626,0.118111
pandas/core/dtypes/common.py::628,0.118111
pandas/core/dtypes/common.py::662,0.118111
pandas/core/dtypes/common.py::663,0.118111
pandas/core/dtypes/common.py::664,0.118111
pandas/core/dtypes/common.py::695,0.118111
pandas/core/dtypes/common.py::696,0.118111
pandas/core/dtypes/common.py::697,0.118111
pandas/core/dtypes/common.py::730,0.118111
pandas/core/dtypes/common.py::731,0.118111
pandas/core/dtypes/common.py::733,0.118111
pandas/core/dtypes/common.py::879,0.118111
pandas/core/dtypes/common.py::880,0.118111
pandas/core/dtypes/common.py::881,0.118111
pandas/core/dtypes/common.py::882,0.118111
pandas/core/dtypes/common.py::993,0.118111
pandas/core/dtypes/dtypes.py::101,0.118111
pandas/core/dtypes/dtypes.py::1106,0.118111
pandas/core/dtypes/dtypes.py::1117,0.118111
pandas/core/dtypes/dtypes.py::926,0.118111
pandas/core/dtypes/dtypes.py::939,0.118111
pandas/core/dtypes/dtypes.py::94,0.118111
pandas/core/dtypes/dtypes.py::95,0.118111
pandas/core/dtypes/dtypes.py::96,0.118111
pandas/core/dtypes/dtypes.py::97,0.118111
pandas/core/dtypes/dtypes.py::98,0.118111
pandas/core/dtypes/generic.py::9,0.118111
pandas/core/dtypes/missing.py::124,0.118111
pandas/core/dtypes/missing.py::132,0.118111
pandas/core/dtypes/missing.py::133,0.118111
pandas/core/dtypes/missing.py::135,0.118111
pandas/core/dtypes/missing.py::137,0.118111
pandas/core/dtypes/missing.py::139,0.118111
pandas/core/dtypes/missing.py::140,0.118111
pandas/core/dtypes/missing.py::142,0.118111
pandas/core/dtypes/missing.py::143,0.118111
pandas/core/dtypes/missing.py::144,0.118111
pandas/core/dtypes/missing.py::145,0.118111
pandas/core/dtypes/missing.py::146,0.118111
pandas/core/dtypes/missing.py::147,0.118111
pandas/core/dtypes/missing.py::150,0.118111
pandas/core/dtypes/missing.py::221,0.118111
pandas/core/dtypes/missing.py::223,0.118111
pandas/core/dtypes/missing.py::226,0.118111
pandas/core/dtypes/missing.py::230,0.118111
pandas/core/dtypes/missing.py::232,0.118111
pandas/core/dtypes/missing.py::238,0.118111
pandas/core/dtypes/missing.py::240,0.118111
pandas/core/dtypes/missing.py::260,0.118111
pandas/core/dtypes/missing.py::263,0.118111
pandas/core/indexes/base.py::1733,0.118111
pandas/core/indexes/base.py::270,0.118111
pandas/core/indexes/base.py::271,0.118111
pandas/core/indexes/base.py::272,0.118111
pandas/core/indexes/base.py::273,0.118111
pandas/core/indexes/base.py::274,0.118111
pandas/core/indexes/base.py::276,0.118111
pandas/core/indexes/base.py::279,0.118111
pandas/core/indexes/base.py::289,0.118111
pandas/core/indexes/base.py::294,0.118111
pandas/core/indexes/base.py::296,0.118111
pandas/core/indexes/base.py::300,0.118111
pandas/core/indexes/base.py::305,0.118111
pandas/core/indexes/base.py::311,0.118111
pandas/core/indexes/base.py::312,0.118111
pandas/core/indexes/base.py::313,0.118111
pandas/core/indexes/base.py::329,0.118111
pandas/core/indexes/base.py::338,0.118111
pandas/core/indexes/base.py::342,0.118111
pandas/core/indexes/base.py::354,0.118111
pandas/core/indexes/base.py::355,0.118111
pandas/core/indexes/base.py::3843,0.118111
pandas/core/indexes/base.py::398,0.118111
pandas/core/indexes/base.py::400,0.118111
pandas/core/indexes/base.py::402,0.118111
pandas/core/indexes/base.py::515,0.118111
pandas/core/indexes/base.py::521,0.118111
pandas/core/indexes/base.py::522,0.118111
pandas/core/indexes/base.py::528,0.118111
pandas/core/indexes/base.py::529,0.118111
pandas/core/indexes/base.py::530,0.118111
pandas/core/indexes/base.py::532,0.118111
pandas/core/indexes/base.py::632,0.118111
pandas/core/indexes/base.py::633,0.118111
pandas/core/indexes/base.py::644,0.118111
pandas/core/indexes/base.py::645,0.118111
pandas/core/indexes/base.py::655,0.118111
pandas/core/indexes/base.py::679,0.118111
