Entity,Score
pandas/plotting/_matplotlib/core.py::493,0.660409
pandas/util/testing.py::1011,0.660409
pandas/util/testing.py::909,0.660409
pandas/util/testing.py::911,0.660409
pandas/util/testing.py::913,0.660409
pandas/util/testing.py::916,0.660409
pandas/util/testing.py::918,0.660409
pandas/util/testing.py::925,0.660409
pandas/util/testing.py::926,0.660409
pandas/util/testing.py::929,0.660409
pandas/util/testing.py::932,0.660409
pandas/util/testing.py::986,0.660409
pandas/util/testing.py::987,0.660409
pandas/util/testing.py::988,0.660409
pandas/util/testing.py::989,0.660409
pandas/util/testing.py::990,0.660409
pandas/util/testing.py::991,0.660409
pandas/util/testing.py::992,0.660409
pandas/core/construction.py::426,0.476190
pandas/core/construction.py::427,0.476190
pandas/plotting/_matplotlib/core.py::340,0.392235
pandas/plotting/_matplotlib/core.py::341,0.392235
pandas/core/dtypes/missing.py::428,0.364199
pandas/plotting/_core.py::948,0.364199
pandas/plotting/_matplotlib/core.py::127,0.364199
pandas/util/testing.py::1010,0.364199
pandas/util/testing.py::385,0.364199
pandas/util/testing.py::386,0.364199
pandas/util/testing.py::388,0.364199
pandas/util/testing.py::392,0.364199
pandas/util/testing.py::710,0.364199
pandas/util/testing.py::712,0.364199
pandas/util/testing.py::722,0.364199
pandas/util/testing.py::729,0.364199
pandas/util/testing.py::730,0.364199
pandas/util/testing.py::962,0.364199
pandas/util/testing.py::966,0.364199
pandas/util/testing.py::968,0.364199
pandas/util/testing.py::970,0.364199
pandas/util/testing.py::971,0.364199
pandas/util/testing.py::973,0.364199
pandas/util/testing.py::974,0.364199
pandas/util/testing.py::976,0.364199
pandas/util/testing.py::980,0.364199
pandas/util/testing.py::985,0.364199
pandas/plotting/_matplotlib/core.py::1426,0.341480
pandas/core/construction.py::424,0.322581
pandas/core/frame.py::4132,0.306534
pandas/core/frame.py::4133,0.306534
pandas/core/frame.py::4134,0.306534
pandas/core/frame.py::4135,0.306534
pandas/core/frame.py::4136,0.306534
pandas/core/frame.py::4137,0.306534
pandas/core/frame.py::4138,0.306534
pandas/core/frame.py::4139,0.306534
pandas/core/generic.py::6297,0.306534
pandas/core/generic.py::6313,0.306534
pandas/core/generic.py::6314,0.306534
pandas/core/generic.py::6315,0.306534
pandas/plotting/_matplotlib/core.py::1345,0.306534
pandas/plotting/_matplotlib/core.py::1349,0.306534
pandas/plotting/_matplotlib/core.py::1352,0.306534
pandas/plotting/_matplotlib/core.py::1354,0.306534
pandas/plotting/_matplotlib/core.py::1355,0.306534
pandas/plotting/_matplotlib/core.py::1357,0.306534
pandas/plotting/_matplotlib/core.py::1358,0.306534
pandas/plotting/_matplotlib/core.py::1360,0.306534
pandas/plotting/_matplotlib/core.py::1361,0.306534
pandas/plotting/_matplotlib/core.py::1362,0.306534
pandas/plotting/_matplotlib/core.py::1363,0.306534
pandas/plotting/_matplotlib/core.py::1364,0.306534
pandas/plotting/_matplotlib/core.py::1368,0.306534
pandas/plotting/_matplotlib/core.py::1369,0.306534
pandas/plotting/_matplotlib/core.py::1371,0.306534
pandas/plotting/_matplotlib/core.py::1373,0.306534
pandas/plotting/_matplotlib/core.py::1376,0.306534
pandas/plotting/_matplotlib/core.py::1377,0.306534
pandas/plotting/_matplotlib/core.py::1379,0.306534
pandas/plotting/_matplotlib/core.py::1381,0.306534
pandas/plotting/_matplotlib/core.py::1394,0.306534
pandas/plotting/_matplotlib/core.py::1411,0.306534
pandas/plotting/_matplotlib/core.py::1412,0.306534
pandas/plotting/_matplotlib/core.py::1413,0.306534
pandas/plotting/_matplotlib/core.py::1414,0.306534
pandas/plotting/_matplotlib/core.py::1415,0.306534
pandas/plotting/_matplotlib/core.py::1416,0.306534
pandas/plotting/_matplotlib/core.py::1417,0.306534
pandas/plotting/_matplotlib/core.py::1418,0.306534
pandas/plotting/_matplotlib/core.py::1419,0.306534
pandas/plotting/_matplotlib/core.py::1420,0.306534
pandas/plotting/_matplotlib/core.py::1422,0.306534
pandas/plotting/_matplotlib/core.py::1425,0.306534
pandas/plotting/_matplotlib/core.py::1429,0.306534
pandas/plotting/_matplotlib/core.py::1431,0.306534
pandas/plotting/_matplotlib/core.py::1432,0.306534
pandas/plotting/_matplotlib/core.py::1434,0.306534
pandas/plotting/_matplotlib/core.py::1437,0.306534
pandas/plotting/_matplotlib/core.py::1438,0.306534
pandas/plotting/_matplotlib/core.py::1439,0.306534
pandas/plotting/_matplotlib/core.py::1440,0.306534
pandas/plotting/_matplotlib/core.py::255,0.306534
pandas/core/internals/blocks.py::404,0.292687
pandas/core/internals/blocks.py::407,0.292687
pandas/plotting/_matplotlib/core.py::1308,0.280576
pandas/plotting/_matplotlib/core.py::1309,0.280576
pandas/plotting/_matplotlib/core.py::1310,0.280576
pandas/plotting/_matplotlib/core.py::1311,0.280576
pandas/plotting/_matplotlib/core.py::1312,0.280576
pandas/plotting/_matplotlib/core.py::1314,0.280576
pandas/plotting/_matplotlib/core.py::1315,0.280576
pandas/plotting/_matplotlib/core.py::1317,0.280576
pandas/plotting/_matplotlib/core.py::1318,0.280576
pandas/plotting/_matplotlib/core.py::1320,0.280576
pandas/plotting/_matplotlib/core.py::1327,0.280576
pandas/plotting/_matplotlib/core.py::1332,0.280576
pandas/plotting/_matplotlib/core.py::1333,0.280576
pandas/plotting/_matplotlib/core.py::1335,0.280576
pandas/plotting/_matplotlib/core.py::1338,0.280576
pandas/plotting/_matplotlib/core.py::1340,0.280576
pandas/core/indexes/base.py::5572,0.243902
pandas/core/indexes/base.py::5575,0.243902
pandas/core/indexes/base.py::5580,0.243902
pandas/core/indexes/base.py::5581,0.243902
pandas/core/indexes/base.py::5584,0.243902
pandas/core/indexes/base.py::5586,0.243902
pandas/core/indexes/base.py::5591,0.243902
pandas/core/indexes/base.py::5600,0.243902
pandas/core/generic.py::6244,0.236793
pandas/core/generic.py::6245,0.236793
pandas/core/generic.py::6247,0.236793
pandas/core/generic.py::6251,0.236793
pandas/core/generic.py::6252,0.236793
pandas/core/generic.py::6253,0.236793
pandas/core/generic.py::6255,0.236793
pandas/core/generic.py::6276,0.236793
pandas/core/generic.py::6279,0.236793
pandas/core/generic.py::6322,0.236793
pandas/core/generic.py::6325,0.236793
pandas/core/internals/blocks.py::393,0.236793
pandas/core/internals/blocks.py::395,0.236793
pandas/core/internals/blocks.py::396,0.236793
pandas/core/internals/blocks.py::403,0.236793
pandas/core/internals/managers.py::411,0.236793
pandas/core/internals/managers.py::412,0.236793
pandas/core/internals/managers.py::421,0.236793
pandas/core/internals/managers.py::422,0.236793
pandas/core/internals/managers.py::575,0.236793
pandas/util/_validators.py::355,0.236793
pandas/util/_validators.py::357,0.236793
pandas/util/_validators.py::359,0.236793
pandas/util/_validators.py::362,0.236793
pandas/util/_validators.py::363,0.236793
pandas/util/_validators.py::372,0.236793
pandas/core/internals/blocks.py::2093,0.213558
pandas/core/construction.py::406,0.188816
pandas/core/construction.py::416,0.188816
pandas/core/series.py::275,0.188816
pandas/core/series.py::277,0.188816
pandas/core/series.py::281,0.188816
pandas/core/series.py::285,0.188816
pandas/core/series.py::1768,0.173706
pandas/plotting/_matplotlib/core.py::399,0.173706
pandas/core/dtypes/common.py::222,0.171099
pandas/plotting/_matplotlib/core.py::676,0.168607
pandas/plotting/_matplotlib/core.py::683,0.168607
pandas/plotting/_matplotlib/core.py::684,0.168607
pandas/plotting/_matplotlib/core.py::687,0.168607
pandas/plotting/_matplotlib/core.py::838,0.168607
pandas/plotting/_matplotlib/core.py::840,0.168607
pandas/plotting/_matplotlib/core.py::841,0.168607
pandas/plotting/_matplotlib/core.py::842,0.168607
pandas/plotting/_matplotlib/core.py::844,0.168607
pandas/plotting/_matplotlib/core.py::849,0.168607
pandas/plotting/_matplotlib/core.py::852,0.168607
pandas/plotting/_matplotlib/core.py::854,0.168607
pandas/plotting/_matplotlib/core.py::253,0.153772
pandas/plotting/_matplotlib/core.py::267,0.153772
pandas/core/algorithms.py::1486,0.151959
pandas/core/algorithms.py::1683,0.151959
pandas/core/algorithms.py::1686,0.151959
pandas/core/algorithms.py::1687,0.151959
pandas/core/algorithms.py::1688,0.151959
pandas/core/algorithms.py::1712,0.151959
pandas/core/dtypes/missing.py::434,0.151959
pandas/core/dtypes/missing.py::436,0.151959
pandas/core/dtypes/missing.py::437,0.151959
pandas/plotting/_matplotlib/core.py::274,0.151959
pandas/plotting/_matplotlib/core.py::366,0.151959
pandas/plotting/_matplotlib/core.py::559,0.151959
pandas/plotting/_matplotlib/core.py::751,0.151959
pandas/core/indexing.py::2360,0.150208
pandas/core/indexing.py::2361,0.150208
pandas/plotting/_matplotlib/core.py::271,0.150208
pandas/plotting/_matplotlib/core.py::540,0.150208
pandas/plotting/_matplotlib/core.py::541,0.150208
pandas/plotting/_matplotlib/core.py::542,0.150208
pandas/plotting/_matplotlib/style.py::32,0.150208
pandas/plotting/_matplotlib/style.py::35,0.150208
pandas/plotting/_matplotlib/style.py::36,0.150208
pandas/plotting/_matplotlib/style.py::39,0.150208
pandas/plotting/_matplotlib/style.py::42,0.150208
pandas/util/testing.py::466,0.150208
pandas/core/frame.py::3014,0.148517
pandas/core/generic.py::3722,0.148517
pandas/core/generic.py::3723,0.148517
pandas/plotting/_matplotlib/core.py::377,0.148517
pandas/plotting/_matplotlib/core.py::383,0.148517
pandas/plotting/_matplotlib/core.py::385,0.148517
pandas/plotting/_matplotlib/core.py::387,0.148517
pandas/plotting/_matplotlib/core.py::391,0.148517
pandas/plotting/_matplotlib/core.py::442,0.148517
pandas/plotting/_matplotlib/core.py::557,0.148517
pandas/plotting/_matplotlib/core.py::558,0.148517
pandas/plotting/_matplotlib/core.py::561,0.148517
pandas/plotting/_matplotlib/core.py::562,0.148517
pandas/plotting/_matplotlib/core.py::565,0.148517
pandas/plotting/_matplotlib/core.py::567,0.148517
pandas/plotting/_matplotlib/core.py::568,0.148517
pandas/plotting/_matplotlib/core.py::569,0.148517
pandas/plotting/_matplotlib/core.py::571,0.148517
pandas/plotting/_matplotlib/core.py::572,0.148517
pandas/plotting/_matplotlib/core.py::578,0.148517
pandas/plotting/_matplotlib/core.py::589,0.148517
pandas/plotting/_matplotlib/core.py::601,0.148517
pandas/plotting/_matplotlib/core.py::604,0.148517
pandas/plotting/_matplotlib/core.py::605,0.148517
pandas/plotting/_matplotlib/core.py::606,0.148517
pandas/plotting/_matplotlib/core.py::607,0.148517
pandas/plotting/_matplotlib/core.py::609,0.148517
pandas/plotting/_matplotlib/core.py::612,0.148517
pandas/plotting/_matplotlib/core.py::750,0.148517
pandas/plotting/_matplotlib/core.py::753,0.148517
pandas/plotting/_matplotlib/core.py::754,0.148517
pandas/plotting/_matplotlib/core.py::755,0.148517
pandas/plotting/_matplotlib/core.py::756,0.148517
pandas/core/algorithms.py::1482,0.146882
pandas/core/algorithms.py::1483,0.146882
pandas/core/algorithms.py::1682,0.146882
pandas/core/dtypes/missing.py::432,0.146882
pandas/core/frame.py::1001,0.146882
pandas/core/frame.py::2933,0.146882
pandas/core/frame.py::2936,0.146882
pandas/core/frame.py::2937,0.146882
pandas/core/frame.py::2942,0.146882
pandas/core/frame.py::2944,0.146882
pandas/core/frame.py::2948,0.146882
pandas/core/frame.py::3006,0.146882
pandas/core/frame.py::3007,0.146882
pandas/core/frame.py::3008,0.146882
pandas/core/frame.py::3013,0.146882
pandas/core/frame.py::3059,0.146882
pandas/core/frame.py::3583,0.146882
pandas/core/frame.py::3605,0.146882
pandas/core/frame.py::3608,0.146882
pandas/core/frame.py::3620,0.146882
pandas/core/frame.py::3626,0.146882
pandas/core/frame.py::3629,0.146882
pandas/core/frame.py::3630,0.146882
pandas/core/frame.py::3635,0.146882
pandas/core/frame.py::3637,0.146882
pandas/core/frame.py::3640,0.146882
pandas/core/frame.py::3643,0.146882
pandas/core/frame.py::3655,0.146882
pandas/core/frame.py::3659,0.146882
pandas/core/frame.py::3660,0.146882
pandas/core/frame.py::3665,0.146882
pandas/core/frame.py::854,0.146882
pandas/core/frame.py::855,0.146882
pandas/core/frame.py::856,0.146882
pandas/core/generic.py::1880,0.146882
pandas/core/generic.py::3658,0.146882
pandas/core/generic.py::3659,0.146882
pandas/core/indexes/api.py::170,0.146882
pandas/core/indexes/api.py::171,0.146882
pandas/core/indexes/api.py::173,0.146882
pandas/core/indexes/base.py::4149,0.146882
pandas/core/indexes/base.py::4150,0.146882
pandas/core/indexes/base.py::4151,0.146882
pandas/core/indexing.py::2353,0.146882
pandas/core/indexing.py::2354,0.146882
pandas/core/indexing.py::2357,0.146882
pandas/core/internals/blocks.py::1274,0.146882
pandas/core/internals/blocks.py::1276,0.146882
pandas/core/internals/blocks.py::1277,0.146882
pandas/core/internals/blocks.py::1278,0.146882
pandas/core/internals/blocks.py::1283,0.146882
pandas/core/internals/blocks.py::1284,0.146882
pandas/core/internals/blocks.py::1289,0.146882
pandas/core/internals/blocks.py::1290,0.146882
pandas/core/internals/blocks.py::1293,0.146882
pandas/core/internals/blocks.py::1296,0.146882
pandas/core/internals/blocks.py::226,0.146882
pandas/core/internals/blocks.py::369,0.146882
pandas/core/internals/blocks.py::668,0.146882
pandas/core/internals/construction.py::597,0.146882
pandas/core/internals/construction.py::600,0.146882
pandas/core/internals/construction.py::603,0.146882
pandas/core/internals/construction.py::605,0.146882
pandas/core/internals/construction.py::610,0.146882
pandas/core/internals/construction.py::613,0.146882
pandas/core/internals/construction.py::616,0.146882
pandas/core/internals/managers.py::1039,0.146882
pandas/core/internals/managers.py::1040,0.146882
pandas/core/internals/managers.py::1044,0.146882
pandas/core/internals/managers.py::1050,0.146882
pandas/core/internals/managers.py::1058,0.146882
pandas/core/internals/managers.py::1059,0.146882
pandas/core/internals/managers.py::1061,0.146882
pandas/core/internals/managers.py::1066,0.146882
pandas/core/internals/managers.py::1067,0.146882
pandas/core/internals/managers.py::1073,0.146882
pandas/core/internals/managers.py::1074,0.146882
pandas/core/internals/managers.py::1076,0.146882
pandas/core/internals/managers.py::1077,0.146882
pandas/core/internals/managers.py::1079,0.146882
pandas/core/internals/managers.py::1080,0.146882
pandas/core/internals/managers.py::1081,0.146882
pandas/core/internals/managers.py::1082,0.146882
pandas/core/internals/managers.py::1083,0.146882
pandas/core/internals/managers.py::1085,0.146882
pandas/core/internals/managers.py::1086,0.146882
pandas/core/internals/managers.py::1087,0.146882
pandas/core/internals/managers.py::1088,0.146882
pandas/core/internals/managers.py::1101,0.146882
pandas/core/internals/managers.py::1116,0.146882
pandas/core/internals/managers.py::1329,0.146882
pandas/core/internals/managers.py::1337,0.146882
pandas/core/internals/managers.py::1340,0.146882
pandas/core/internals/managers.py::1350,0.146882
pandas/core/internals/managers.py::1351,0.146882
pandas/core/internals/managers.py::1352,0.146882
pandas/core/internals/managers.py::1353,0.146882
pandas/core/internals/managers.py::1354,0.146882
pandas/core/internals/managers.py::1355,0.146882
pandas/core/series.py::1765,0.146882
pandas/core/series.py::1770,0.146882
pandas/core/series.py::401,0.146882
pandas/core/series.py::403,0.146882
pandas/plotting/_matplotlib/__init__.py::63,0.146882
pandas/plotting/_matplotlib/__init__.py::64,0.146882
pandas/plotting/_matplotlib/core.py::252,0.146882
pandas/plotting/_matplotlib/core.py::254,0.146882
pandas/plotting/_matplotlib/core.py::263,0.146882
pandas/plotting/_matplotlib/core.py::264,0.146882
pandas/plotting/_matplotlib/core.py::277,0.146882
pandas/plotting/_matplotlib/core.py::282,0.146882
pandas/plotting/_matplotlib/core.py::283,0.146882
pandas/plotting/_matplotlib/core.py::284,0.146882
pandas/plotting/_matplotlib/core.py::285,0.146882
pandas/plotting/_matplotlib/core.py::286,0.146882
pandas/plotting/_matplotlib/core.py::288,0.146882
pandas/plotting/_matplotlib/core.py::289,0.146882
pandas/plotting/_matplotlib/core.py::290,0.146882
pandas/plotting/_matplotlib/core.py::300,0.146882
pandas/plotting/_matplotlib/core.py::302,0.146882
pandas/plotting/_matplotlib/core.py::328,0.146882
pandas/plotting/_matplotlib/core.py::339,0.146882
pandas/plotting/_matplotlib/core.py::348,0.146882
pandas/plotting/_matplotlib/core.py::350,0.146882
pandas/plotting/_matplotlib/core.py::351,0.146882
pandas/plotting/_matplotlib/core.py::352,0.146882
pandas/plotting/_matplotlib/core.py::359,0.146882
pandas/plotting/_matplotlib/core.py::361,0.146882
pandas/plotting/_matplotlib/core.py::364,0.146882
pandas/plotting/_matplotlib/core.py::369,0.146882
pandas/plotting/_matplotlib/core.py::370,0.146882
pandas/plotting/_matplotlib/core.py::397,0.146882
pandas/plotting/_matplotlib/core.py::398,0.146882
pandas/plotting/_matplotlib/core.py::400,0.146882
pandas/plotting/_matplotlib/core.py::431,0.146882
pandas/plotting/_matplotlib/core.py::432,0.146882
pandas/plotting/_matplotlib/core.py::433,0.146882
pandas/plotting/_matplotlib/core.py::435,0.146882
pandas/plotting/_matplotlib/core.py::441,0.146882
pandas/plotting/_matplotlib/core.py::453,0.146882
pandas/plotting/_matplotlib/core.py::454,0.146882
pandas/plotting/_matplotlib/core.py::455,0.146882
pandas/plotting/_matplotlib/core.py::457,0.146882
pandas/plotting/_matplotlib/core.py::475,0.146882
pandas/plotting/_matplotlib/core.py::476,0.146882
pandas/plotting/_matplotlib/core.py::477,0.146882
pandas/plotting/_matplotlib/core.py::478,0.146882
pandas/plotting/_matplotlib/core.py::479,0.146882
pandas/plotting/_matplotlib/core.py::480,0.146882
pandas/plotting/_matplotlib/core.py::481,0.146882
pandas/plotting/_matplotlib/core.py::482,0.146882
pandas/plotting/_matplotlib/core.py::483,0.146882
pandas/plotting/_matplotlib/core.py::484,0.146882
pandas/plotting/_matplotlib/core.py::485,0.146882
pandas/plotting/_matplotlib/core.py::488,0.146882
pandas/plotting/_matplotlib/core.py::489,0.146882
pandas/plotting/_matplotlib/core.py::492,0.146882
pandas/plotting/_matplotlib/core.py::495,0.146882
pandas/plotting/_matplotlib/core.py::498,0.146882
pandas/plotting/_matplotlib/core.py::501,0.146882
pandas/plotting/_matplotlib/core.py::503,0.146882
pandas/plotting/_matplotlib/core.py::536,0.146882
pandas/plotting/_matplotlib/core.py::538,0.146882
pandas/plotting/_matplotlib/core.py::539,0.146882
pandas/plotting/_matplotlib/core.py::616,0.146882
pandas/plotting/_matplotlib/core.py::618,0.146882
pandas/plotting/_matplotlib/core.py::692,0.146882
pandas/plotting/_matplotlib/core.py::693,0.146882
pandas/plotting/_matplotlib/core.py::699,0.146882
pandas/plotting/_matplotlib/core.py::704,0.146882
pandas/plotting/_matplotlib/core.py::705,0.146882
pandas/plotting/_matplotlib/core.py::707,0.146882
pandas/plotting/_matplotlib/core.py::708,0.146882
pandas/plotting/_matplotlib/core.py::720,0.146882
pandas/plotting/_matplotlib/core.py::721,0.146882
pandas/plotting/_matplotlib/core.py::857,0.146882
pandas/plotting/_matplotlib/core.py::860,0.146882
pandas/plotting/_matplotlib/core.py::864,0.146882
pandas/plotting/_matplotlib/core.py::865,0.146882
pandas/plotting/_matplotlib/core.py::866,0.146882
pandas/plotting/_matplotlib/core.py::867,0.146882
pandas/plotting/_matplotlib/core.py::869,0.146882
pandas/plotting/_matplotlib/core.py::870,0.146882
pandas/plotting/_matplotlib/core.py::871,0.146882
pandas/plotting/_matplotlib/core.py::872,0.146882
pandas/plotting/_matplotlib/tools.py::340,0.146882
pandas/core/dtypes/inference.py::449,0.145300
pandas/core/dtypes/inference.py::450,0.145300
pandas/core/indexes/base.py::563,0.145300
pandas/core/indexes/base.py::814,0.145300
pandas/core/indexes/base.py::815,0.145300
pandas/core/indexes/base.py::816,0.145300
pandas/core/indexes/base.py::817,0.145300
pandas/core/indexes/base.py::818,0.145300
pandas/core/indexes/base.py::819,0.145300
pandas/core/indexes/base.py::834,0.145300
pandas/core/indexes/base.py::837,0.145300
pandas/core/indexes/base.py::848,0.145300
pandas/core/indexes/base.py::849,0.145300
pandas/core/internals/blocks.py::267,0.145300
pandas/core/internals/managers.py::1600,0.145300
pandas/plotting/_core.py::734,0.145300
pandas/plotting/_matplotlib/__init__.py::56,0.145300
pandas/plotting/_matplotlib/__init__.py::57,0.145300
pandas/plotting/_matplotlib/core.py::202,0.145300
pandas/plotting/_matplotlib/core.py::213,0.145300
pandas/plotting/_matplotlib/core.py::221,0.145300
pandas/plotting/_matplotlib/core.py::230,0.145300
pandas/plotting/_matplotlib/core.py::236,0.145300
pandas/core/arrays/numpy_.py::172,0.143768
pandas/core/dtypes/common.py::1962,0.143768
pandas/core/dtypes/inference.py::447,0.143768
pandas/core/dtypes/inference.py::448,0.143768
pandas/core/frame.py::3402,0.143768
pandas/core/generic.py::3353,0.143768
pandas/core/internals/managers.py::1291,0.143768
pandas/core/internals/managers.py::1293,0.143768
pandas/core/internals/managers.py::1295,0.143768
pandas/core/internals/managers.py::1476,0.143768
pandas/core/internals/managers.py::1480,0.143768
pandas/core/series.py::263,0.143768
pandas/core/series.py::264,0.143768
pandas/core/series.py::306,0.143768
pandas/core/series.py::308,0.143768
pandas/core/series.py::921,0.143768
pandas/core/series.py::922,0.143768
pandas/core/series.py::935,0.143768
pandas/io/formats/printing.py::185,0.143768
pandas/io/formats/printing.py::186,0.143768
pandas/io/formats/printing.py::187,0.143768
pandas/io/formats/printing.py::188,0.143768
pandas/io/formats/printing.py::195,0.143768
pandas/io/formats/printing.py::197,0.143768
pandas/io/formats/printing.py::198,0.143768
pandas/io/formats/printing.py::200,0.143768
pandas/io/formats/printing.py::202,0.143768
pandas/io/formats/printing.py::204,0.143768
pandas/io/formats/printing.py::210,0.143768
pandas/io/formats/printing.py::218,0.143768
pandas/io/formats/printing.py::221,0.143768
pandas/io/formats/printing.py::223,0.143768
pandas/plotting/_core.py::627,0.143768
pandas/plotting/_core.py::628,0.143768
pandas/plotting/_core.py::629,0.143768
pandas/plotting/_core.py::630,0.143768
pandas/plotting/_core.py::631,0.143768
pandas/plotting/_core.py::632,0.143768
pandas/plotting/_core.py::633,0.143768
pandas/plotting/_core.py::634,0.143768
pandas/plotting/_core.py::635,0.143768
pandas/plotting/_core.py::636,0.143768
pandas/plotting/_core.py::637,0.143768
pandas/plotting/_core.py::638,0.143768
pandas/plotting/_core.py::639,0.143768
pandas/plotting/_core.py::640,0.143768
pandas/plotting/_core.py::641,0.143768
pandas/plotting/_core.py::642,0.143768
pandas/plotting/_core.py::643,0.143768
pandas/plotting/_core.py::644,0.143768
pandas/plotting/_core.py::645,0.143768
pandas/plotting/_core.py::646,0.143768
pandas/plotting/_core.py::647,0.143768
pandas/plotting/_core.py::648,0.143768
pandas/plotting/_core.py::649,0.143768
pandas/plotting/_core.py::754,0.143768
pandas/core/algorithms.py::240,0.142284
pandas/core/algorithms.py::243,0.142284
pandas/core/algorithms.py::423,0.142284
pandas/core/algorithms.py::430,0.142284
pandas/core/algorithms.py::438,0.142284
pandas/core/algorithms.py::439,0.142284
pandas/core/algorithms.py::441,0.142284
pandas/core/algorithms.py::446,0.142284
pandas/core/algorithms.py::448,0.142284
pandas/core/algorithms.py::449,0.142284
pandas/core/algorithms.py::452,0.142284
pandas/core/algorithms.py::456,0.142284
pandas/core/algorithms.py::458,0.142284
pandas/core/algorithms.py::467,0.142284
pandas/core/algorithms.py::476,0.142284
pandas/core/algorithms.py::87,0.142284
pandas/core/arrays/numpy_.py::125,0.142284
pandas/core/arrays/numpy_.py::127,0.142284
pandas/core/arrays/numpy_.py::134,0.142284
pandas/core/arrays/numpy_.py::137,0.142284
pandas/core/arrays/numpy_.py::140,0.142284
pandas/core/arrays/numpy_.py::141,0.142284
pandas/core/arrays/numpy_.py::418,0.142284
pandas/core/arrays/numpy_.py::419,0.142284
pandas/core/arrays/numpy_.py::42,0.142284
pandas/core/arrays/numpy_.py::422,0.142284
pandas/core/arrays/numpy_.py::43,0.142284
pandas/core/arrays/numpy_.py::44,0.142284
pandas/core/arrays/numpy_.py::45,0.142284
pandas/core/base.py::1007,0.142284
pandas/core/base.py::1174,0.142284
pandas/core/base.py::1176,0.142284
pandas/core/base.py::1179,0.142284
pandas/core/base.py::1371,0.142284
pandas/core/base.py::1373,0.142284
pandas/core/base.py::1377,0.142284
pandas/core/base.py::1379,0.142284
pandas/core/base.py::874,0.142284
pandas/core/base.py::876,0.142284
pandas/core/base.py::880,0.142284
pandas/core/base.py::885,0.142284
pandas/core/base.py::886,0.142284
pandas/core/base.py::888,0.142284
pandas/core/base.py::890,0.142284
pandas/core/common.py::298,0.142284
pandas/core/common.py::299,0.142284
pandas/core/common.py::300,0.142284
pandas/core/common.py::301,0.142284
pandas/core/construction.py::360,0.142284
pandas/core/construction.py::363,0.142284
pandas/core/construction.py::376,0.142284
pandas/core/construction.py::526,0.142284
pandas/core/construction.py::527,0.142284
pandas/core/dtypes/cast.py::1017,0.142284
pandas/core/dtypes/cast.py::1020,0.142284
pandas/core/dtypes/cast.py::1021,0.142284
pandas/core/dtypes/cast.py::1022,0.142284
pandas/core/dtypes/cast.py::1024,0.142284
pandas/core/dtypes/cast.py::1109,0.142284
pandas/core/dtypes/cast.py::618,0.142284
pandas/core/dtypes/cast.py::619,0.142284
pandas/core/dtypes/common.py::1231,0.142284
pandas/core/dtypes/common.py::1233,0.142284
pandas/core/dtypes/common.py::1234,0.142284
pandas/core/dtypes/common.py::1240,0.142284
pandas/core/dtypes/common.py::1271,0.142284
pandas/core/dtypes/common.py::1938,0.142284
pandas/core/dtypes/common.py::1940,0.142284
pandas/core/dtypes/common.py::1941,0.142284
pandas/core/dtypes/common.py::1950,0.142284
pandas/core/dtypes/common.py::1951,0.142284
pandas/core/dtypes/common.py::1952,0.142284
pandas/core/dtypes/common.py::1953,0.142284
pandas/core/dtypes/common.py::1955,0.142284
pandas/core/dtypes/common.py::1957,0.142284
pandas/core/dtypes/common.py::1961,0.142284
pandas/core/dtypes/common.py::1963,0.142284
pandas/core/dtypes/common.py::1966,0.142284
pandas/core/dtypes/common.py::1967,0.142284
pandas/core/dtypes/common.py::1968,0.142284
pandas/core/dtypes/common.py::1969,0.142284
pandas/core/dtypes/common.py::2038,0.142284
pandas/core/dtypes/common.py::844,0.142284
pandas/core/dtypes/common.py::845,0.142284
pandas/core/dtypes/common.py::846,0.142284
pandas/core/dtypes/common.py::847,0.142284
pandas/core/frame.py::2778,0.142284
pandas/core/frame.py::2779,0.142284
pandas/core/frame.py::2781,0.142284
pandas/core/frame.py::2783,0.142284
pandas/core/frame.py::2784,0.142284
pandas/core/frame.py::2786,0.142284
pandas/core/frame.py::3074,0.142284
pandas/core/frame.py::3075,0.142284
pandas/core/frame.py::3078,0.142284
pandas/core/frame.py::3084,0.142284
pandas/core/frame.py::3085,0.142284
pandas/core/frame.py::3399,0.142284
pandas/core/frame.py::3401,0.142284
pandas/core/frame.py::3404,0.142284
pandas/core/frame.py::3406,0.142284
pandas/core/frame.py::3410,0.142284
pandas/core/frame.py::3411,0.142284
pandas/core/frame.py::3412,0.142284
pandas/core/frame.py::3413,0.142284
pandas/core/frame.py::3416,0.142284
pandas/core/frame.py::3425,0.142284
pandas/core/frame.py::3428,0.142284
pandas/core/frame.py::3429,0.142284
pandas/core/frame.py::3431,0.142284
pandas/core/frame.py::3432,0.142284
pandas/core/frame.py::3433,0.142284
pandas/core/frame.py::3435,0.142284
pandas/core/frame.py::3437,0.142284
pandas/core/frame.py::3439,0.142284
pandas/core/frame.py::3440,0.142284
pandas/core/frame.py::3441,0.142284
pandas/core/frame.py::3443,0.142284
pandas/core/frame.py::3445,0.142284
pandas/core/frame.py::3451,0.142284
pandas/core/frame.py::505,0.142284
pandas/core/frame.py::527,0.142284
pandas/core/generic.py::246,0.142284
pandas/core/generic.py::247,0.142284
pandas/core/generic.py::250,0.142284
pandas/core/generic.py::256,0.142284
pandas/core/generic.py::3295,0.142284
pandas/core/generic.py::3433,0.142284
pandas/core/generic.py::3435,0.142284
pandas/core/generic.py::3437,0.142284
pandas/core/generic.py::3438,0.142284
pandas/core/generic.py::3440,0.142284
pandas/core/generic.py::3443,0.142284
pandas/core/generic.py::3444,0.142284
pandas/core/generic.py::3447,0.142284
pandas/core/generic.py::3617,0.142284
pandas/core/generic.py::3618,0.142284
pandas/core/generic.py::3619,0.142284
pandas/core/generic.py::3620,0.142284
pandas/core/generic.py::3621,0.142284
pandas/core/generic.py::3622,0.142284
pandas/core/generic.py::3623,0.142284
pandas/core/generic.py::3626,0.142284
pandas/core/generic.py::3627,0.142284
pandas/core/generic.py::450,0.142284
pandas/core/generic.py::451,0.142284
pandas/core/generic.py::452,0.142284
pandas/core/generic.py::453,0.142284
pandas/core/generic.py::5245,0.142284
pandas/core/generic.py::548,0.142284
pandas/core/generic.py::5675,0.142284
pandas/core/generic.py::5677,0.142284
pandas/core/generic.py::6073,0.142284
pandas/core/generic.py::6074,0.142284
pandas/core/generic.py::6075,0.142284
pandas/core/generic.py::6076,0.142284
pandas/core/generic.py::6077,0.142284
pandas/core/generic.py::6078,0.142284
pandas/core/generic.py::6079,0.142284
pandas/core/generic.py::6080,0.142284
pandas/core/generic.py::6081,0.142284
pandas/core/generic.py::6082,0.142284
pandas/core/generic.py::6083,0.142284
pandas/core/generic.py::6084,0.142284
pandas/core/generic.py::6086,0.142284
pandas/core/indexers.py::187,0.142284
pandas/core/indexers.py::194,0.142284
pandas/core/indexers.py::195,0.142284
pandas/core/indexers.py::199,0.142284
pandas/core/indexers.py::200,0.142284
pandas/core/indexers.py::202,0.142284
pandas/core/indexers.py::26,0.142284
pandas/core/indexes/base.py::1452,0.142284
pandas/core/indexes/base.py::3926,0.142284
pandas/core/indexes/base.py::4320,0.142284
pandas/core/indexes/base.py::4323,0.142284
pandas/core/indexes/base.py::4327,0.142284
pandas/core/indexes/base.py::4328,0.142284
pandas/core/indexing.py::1393,0.142284
pandas/core/indexing.py::1394,0.142284
pandas/core/indexing.py::1399,0.142284
pandas/core/indexing.py::1418,0.142284
pandas/core/indexing.py::1419,0.142284
pandas/core/indexing.py::1420,0.142284
pandas/core/indexing.py::1421,0.142284
pandas/core/indexing.py::1422,0.142284
pandas/core/indexing.py::1978,0.142284
pandas/core/indexing.py::1979,0.142284
pandas/core/indexing.py::1990,0.142284
pandas/core/indexing.py::1992,0.142284
pandas/core/indexing.py::1993,0.142284
pandas/core/indexing.py::2027,0.142284
pandas/core/indexing.py::2030,0.142284
pandas/core/indexing.py::2031,0.142284
pandas/core/indexing.py::2032,0.142284
pandas/core/indexing.py::2073,0.142284
pandas/core/indexing.py::2074,0.142284
pandas/core/indexing.py::2075,0.142284
pandas/core/indexing.py::2076,0.142284
pandas/core/indexing.py::2077,0.142284
pandas/core/indexing.py::2079,0.142284
pandas/core/indexing.py::2080,0.142284
pandas/core/indexing.py::2081,0.142284
pandas/core/indexing.py::2082,0.142284
pandas/core/indexing.py::2083,0.142284
pandas/core/indexing.py::2084,0.142284
pandas/core/indexing.py::2086,0.142284
pandas/core/indexing.py::2089,0.142284
pandas/core/indexing.py::2095,0.142284
pandas/core/indexing.py::2097,0.142284
pandas/core/indexing.py::2122,0.142284
pandas/core/indexing.py::2125,0.142284
pandas/core/indexing.py::2126,0.142284
pandas/core/indexing.py::2127,0.142284
pandas/core/indexing.py::233,0.142284
pandas/core/indexing.py::234,0.142284
pandas/core/indexing.py::236,0.142284
pandas/core/indexing.py::237,0.142284
pandas/core/indexing.py::245,0.142284
pandas/core/indexing.py::247,0.142284
pandas/core/indexing.py::2487,0.142284
pandas/core/indexing.py::898,0.142284
pandas/core/indexing.py::903,0.142284
pandas/core/indexing.py::907,0.142284
pandas/core/indexing.py::910,0.142284
pandas/core/indexing.py::915,0.142284
pandas/core/indexing.py::921,0.142284
pandas/core/indexing.py::922,0.142284
pandas/core/indexing.py::957,0.142284
pandas/core/internals/blocks.py::3056,0.142284
pandas/core/internals/blocks.py::359,0.142284
pandas/core/internals/managers.py::1236,0.142284
pandas/core/internals/managers.py::1245,0.142284
pandas/core/internals/managers.py::1248,0.142284
pandas/core/internals/managers.py::1251,0.142284
pandas/core/internals/managers.py::1254,0.142284
pandas/core/internals/managers.py::1255,0.142284
pandas/core/internals/managers.py::1268,0.142284
pandas/core/internals/managers.py::1269,0.142284
pandas/core/internals/managers.py::1270,0.142284
pandas/core/internals/managers.py::1284,0.142284
pandas/core/internals/managers.py::1286,0.142284
pandas/core/internals/managers.py::1287,0.142284
pandas/core/internals/managers.py::1290,0.142284
pandas/core/internals/managers.py::1309,0.142284
pandas/core/internals/managers.py::1313,0.142284
pandas/core/internals/managers.py::1314,0.142284
pandas/core/internals/managers.py::1316,0.142284
pandas/core/internals/managers.py::1317,0.142284
pandas/core/internals/managers.py::1325,0.142284
pandas/core/internals/managers.py::1326,0.142284
pandas/core/internals/managers.py::1327,0.142284
pandas/core/internals/managers.py::1359,0.142284
pandas/core/internals/managers.py::1378,0.142284
pandas/core/internals/managers.py::1381,0.142284
pandas/core/internals/managers.py::1382,0.142284
pandas/core/internals/managers.py::1385,0.142284
pandas/core/internals/managers.py::1386,0.142284
pandas/core/internals/managers.py::1387,0.142284
pandas/core/internals/managers.py::1389,0.142284
pandas/core/internals/managers.py::1390,0.142284
pandas/core/internals/managers.py::1393,0.142284
pandas/core/internals/managers.py::1394,0.142284
pandas/core/internals/managers.py::1395,0.142284
pandas/core/internals/managers.py::1996,0.142284
pandas/core/internals/managers.py::2003,0.142284
pandas/core/internals/managers.py::2007,0.142284
pandas/core/internals/managers.py::2008,0.142284
pandas/core/internals/managers.py::2010,0.142284
pandas/core/internals/managers.py::205,0.142284
pandas/core/internals/managers.py::208,0.142284
pandas/core/internals/managers.py::211,0.142284
pandas/core/internals/managers.py::212,0.142284
pandas/core/internals/managers.py::213,0.142284
pandas/core/internals/managers.py::256,0.142284
pandas/core/internals/managers.py::257,0.142284
pandas/core/internals/managers.py::584,0.142284
pandas/core/internals/managers.py::763,0.142284
pandas/core/internals/managers.py::946,0.142284
pandas/core/internals/managers.py::948,0.142284
pandas/core/internals/managers.py::949,0.142284
pandas/core/internals/managers.py::960,0.142284
pandas/core/internals/managers.py::977,0.142284
pandas/core/internals/managers.py::978,0.142284
pandas/core/internals/managers.py::981,0.142284
pandas/core/internals/managers.py::983,0.142284
pandas/core/internals/managers.py::984,0.142284
pandas/core/internals/managers.py::987,0.142284
pandas/core/ops/__init__.py::1007,0.142284
pandas/core/ops/__init__.py::1008,0.142284
pandas/core/ops/__init__.py::1009,0.142284
pandas/core/ops/__init__.py::1010,0.142284
pandas/core/ops/__init__.py::1011,0.142284
pandas/core/ops/__init__.py::1012,0.142284
pandas/core/ops/__init__.py::1013,0.142284
pandas/core/ops/__init__.py::1014,0.142284
pandas/core/ops/__init__.py::1015,0.142284
pandas/core/ops/__init__.py::1016,0.142284
pandas/core/ops/__init__.py::1017,0.142284
pandas/core/ops/__init__.py::1018,0.142284
pandas/core/ops/__init__.py::1019,0.142284
pandas/core/ops/__init__.py::1020,0.142284
pandas/core/ops/__init__.py::1021,0.142284
pandas/core/ops/__init__.py::1022,0.142284
pandas/core/ops/__init__.py::1025,0.142284
pandas/core/ops/__init__.py::1026,0.142284
pandas/core/ops/__init__.py::1027,0.142284
pandas/core/ops/__init__.py::1028,0.142284
pandas/core/ops/__init__.py::1029,0.142284
pandas/core/ops/__init__.py::1030,0.142284
pandas/core/ops/__init__.py::1031,0.142284
pandas/core/ops/__init__.py::1032,0.142284
pandas/core/ops/__init__.py::1033,0.142284
pandas/core/ops/__init__.py::1034,0.142284
pandas/core/ops/__init__.py::1035,0.142284
pandas/core/ops/__init__.py::1036,0.142284
pandas/core/ops/__init__.py::1037,0.142284
pandas/core/ops/__init__.py::1042,0.142284
pandas/core/ops/__init__.py::1043,0.142284
pandas/core/ops/__init__.py::1044,0.142284
pandas/core/ops/__init__.py::1045,0.142284
pandas/core/ops/__init__.py::1046,0.142284
pandas/core/ops/__init__.py::1047,0.142284
pandas/core/ops/__init__.py::1050,0.142284
pandas/core/ops/__init__.py::1051,0.142284
pandas/core/ops/__init__.py::1053,0.142284
pandas/core/ops/__init__.py::1056,0.142284
pandas/core/ops/__init__.py::1064,0.142284
pandas/core/series.py::1913,0.142284
pandas/core/series.py::1914,0.142284
pandas/core/series.py::220,0.142284
pandas/core/series.py::226,0.142284
pandas/core/series.py::250,0.142284
pandas/core/series.py::258,0.142284
pandas/core/series.py::262,0.142284
pandas/core/series.py::4396,0.142284
pandas/core/series.py::4397,0.142284
pandas/core/series.py::793,0.142284
pandas/core/series.py::796,0.142284
pandas/core/series.py::797,0.142284
pandas/core/series.py::799,0.142284
pandas/core/series.py::803,0.142284
pandas/core/series.py::805,0.142284
pandas/core/series.py::807,0.142284
pandas/core/series.py::808,0.142284
pandas/core/series.py::811,0.142284
pandas/core/series.py::812,0.142284
pandas/core/series.py::815,0.142284
pandas/core/series.py::819,0.142284
pandas/core/series.py::820,0.142284
pandas/core/series.py::822,0.142284
pandas/core/series.py::824,0.142284
pandas/core/series.py::837,0.142284
pandas/core/series.py::839,0.142284
pandas/core/series.py::840,0.142284
pandas/core/series.py::841,0.142284
pandas/core/series.py::843,0.142284
pandas/core/series.py::847,0.142284
pandas/core/series.py::848,0.142284
pandas/core/series.py::850,0.142284
pandas/core/series.py::862,0.142284
pandas/core/series.py::864,0.142284
pandas/core/series.py::867,0.142284
pandas/core/series.py::871,0.142284
pandas/plotting/_matplotlib/__init__.py::62,0.142284
pandas/plotting/_matplotlib/core.py::280,0.142284
pandas/plotting/_matplotlib/core.py::281,0.142284
pandas/plotting/_matplotlib/core.py::394,0.142284
pandas/plotting/_matplotlib/core.py::396,0.142284
pandas/plotting/_matplotlib/core.py::404,0.142284
pandas/plotting/_matplotlib/core.py::405,0.142284
pandas/plotting/_matplotlib/core.py::408,0.142284
pandas/plotting/_matplotlib/core.py::412,0.142284
pandas/plotting/_matplotlib/core.py::413,0.142284
pandas/plotting/_matplotlib/core.py::418,0.142284
pandas/plotting/_matplotlib/core.py::420,0.142284
pandas/plotting/_matplotlib/core.py::421,0.142284
pandas/plotting/_matplotlib/core.py::426,0.142284
pandas/plotting/_matplotlib/tools.py::299,0.142284
pandas/core/algorithms.py::233,0.140845
pandas/core/algorithms.py::235,0.140845
pandas/core/algorithms.py::245,0.140845
pandas/core/algorithms.py::246,0.140845
pandas/core/algorithms.py::391,0.140845
pandas/core/algorithms.py::393,0.140845
pandas/core/algorithms.py::397,0.140845
pandas/core/algorithms.py::398,0.140845
pandas/core/algorithms.py::400,0.140845
pandas/core/algorithms.py::401,0.140845
pandas/core/algorithms.py::402,0.140845
pandas/core/algorithms.py::403,0.140845
pandas/core/algorithms.py::94,0.140845
pandas/core/algorithms.py::96,0.140845
pandas/core/algorithms.py::98,0.140845
pandas/core/algorithms.py::99,0.140845
pandas/core/dtypes/common.py::1310,0.140845
pandas/core/dtypes/common.py::1491,0.140845
pandas/core/dtypes/common.py::1494,0.140845
pandas/core/dtypes/common.py::1495,0.140845
pandas/core/dtypes/common.py::1496,0.140845
pandas/core/dtypes/common.py::2050,0.140845
pandas/core/dtypes/missing.py::252,0.140845
pandas/core/dtypes/missing.py::256,0.140845
pandas/core/dtypes/missing.py::424,0.140845
pandas/core/dtypes/missing.py::427,0.140845
pandas/core/frame.py::374,0.140845
pandas/core/frame.py::406,0.140845
pandas/core/frame.py::407,0.140845
pandas/core/generic.py::203,0.140845
pandas/core/generic.py::204,0.140845
pandas/core/generic.py::210,0.140845
pandas/core/generic.py::212,0.140845
pandas/core/generic.py::216,0.140845
pandas/core/generic.py::6029,0.140845
pandas/core/generic.py::6030,0.140845
pandas/core/indexes/base.py::1731,0.140845
pandas/core/indexes/base.py::562,0.140845
pandas/core/indexes/base.py::564,0.140845
pandas/core/indexes/base.py::565,0.140845
pandas/core/indexes/base.py::566,0.140845
pandas/core/indexes/base.py::570,0.140845
pandas/core/indexes/base.py::571,0.140845
pandas/core/indexes/base.py::576,0.140845
pandas/core/indexes/base.py::713,0.140845
pandas/core/indexes/base.py::716,0.140845
pandas/core/indexes/base.py::717,0.140845
pandas/core/indexes/base.py::718,0.140845
pandas/core/indexes/base.py::719,0.140845
pandas/core/indexing.py::1392,0.140845
pandas/core/indexing.py::2119,0.140845
pandas/core/internals/blocks.py::3096,0.140845
pandas/core/internals/blocks.py::3098,0.140845
pandas/core/internals/blocks.py::3100,0.140845
pandas/core/internals/blocks.py::3106,0.140845
pandas/core/internals/blocks.py::3109,0.140845
pandas/core/internals/blocks.py::3110,0.140845
pandas/core/internals/blocks.py::723,0.140845
pandas/core/internals/managers.py::382,0.140845
pandas/core/internals/managers.py::385,0.140845
pandas/core/internals/managers.py::393,0.140845
pandas/core/internals/managers.py::394,0.140845
pandas/core/internals/managers.py::396,0.140845
pandas/core/internals/managers.py::402,0.140845
pandas/core/internals/managers.py::408,0.140845
pandas/core/internals/managers.py::414,0.140845
pandas/core/internals/managers.py::418,0.140845
pandas/core/internals/managers.py::420,0.140845
pandas/core/internals/managers.py::425,0.140845
pandas/core/internals/managers.py::426,0.140845
pandas/core/internals/managers.py::431,0.140845
pandas/core/internals/managers.py::438,0.140845
pandas/core/internals/managers.py::439,0.140845
pandas/core/internals/managers.py::441,0.140845
pandas/core/internals/managers.py::443,0.140845
pandas/core/internals/managers.py::444,0.140845
pandas/core/internals/managers.py::446,0.140845
pandas/core/internals/managers.py::447,0.140845
pandas/core/internals/managers.py::780,0.140845
pandas/core/internals/managers.py::781,0.140845
pandas/core/internals/managers.py::784,0.140845
pandas/core/internals/managers.py::785,0.140845
pandas/core/internals/managers.py::788,0.140845
pandas/plotting/_core.py::731,0.140845
pandas/plotting/_core.py::733,0.140845
pandas/plotting/_core.py::736,0.140845
pandas/plotting/_core.py::743,0.140845
pandas/plotting/_core.py::794,0.140845
pandas/plotting/_matplotlib/__init__.py::53,0.140845
pandas/plotting/_matplotlib/__init__.py::55,0.140845
pandas/plotting/_matplotlib/__init__.py::61,0.140845
pandas/plotting/_matplotlib/core.py::113,0.140845
pandas/plotting/_matplotlib/core.py::115,0.140845
pandas/plotting/_matplotlib/core.py::116,0.140845
pandas/plotting/_matplotlib/core.py::117,0.140845
pandas/plotting/_matplotlib/core.py::119,0.140845
pandas/plotting/_matplotlib/core.py::121,0.140845
pandas/plotting/_matplotlib/core.py::123,0.140845
pandas/plotting/_matplotlib/core.py::125,0.140845
pandas/plotting/_matplotlib/core.py::126,0.140845
pandas/plotting/_matplotlib/core.py::135,0.140845
pandas/plotting/_matplotlib/core.py::136,0.140845
pandas/plotting/_matplotlib/core.py::137,0.140845
pandas/plotting/_matplotlib/core.py::139,0.140845
pandas/plotting/_matplotlib/core.py::140,0.140845
pandas/plotting/_matplotlib/core.py::141,0.140845
pandas/plotting/_matplotlib/core.py::142,0.140845
pandas/plotting/_matplotlib/core.py::143,0.140845
pandas/plotting/_matplotlib/core.py::144,0.140845
pandas/plotting/_matplotlib/core.py::146,0.140845
pandas/plotting/_matplotlib/core.py::148,0.140845
pandas/plotting/_matplotlib/core.py::154,0.140845
pandas/plotting/_matplotlib/core.py::155,0.140845
pandas/plotting/_matplotlib/core.py::157,0.140845
pandas/plotting/_matplotlib/core.py::158,0.140845
pandas/plotting/_matplotlib/core.py::160,0.140845
pandas/plotting/_matplotlib/core.py::161,0.140845
pandas/plotting/_matplotlib/core.py::162,0.140845
pandas/plotting/_matplotlib/core.py::163,0.140845
pandas/plotting/_matplotlib/core.py::165,0.140845
pandas/plotting/_matplotlib/core.py::166,0.140845
pandas/plotting/_matplotlib/core.py::167,0.140845
pandas/plotting/_matplotlib/core.py::169,0.140845
pandas/plotting/_matplotlib/core.py::170,0.140845
pandas/plotting/_matplotlib/core.py::171,0.140845
pandas/plotting/_matplotlib/core.py::174,0.140845
pandas/plotting/_matplotlib/core.py::175,0.140845
pandas/plotting/_matplotlib/core.py::176,0.140845
pandas/plotting/_matplotlib/core.py::178,0.140845
pandas/plotting/_matplotlib/core.py::181,0.140845
pandas/plotting/_matplotlib/core.py::183,0.140845
pandas/plotting/_matplotlib/core.py::187,0.140845
pandas/plotting/_matplotlib/core.py::189,0.140845
pandas/plotting/_matplotlib/core.py::192,0.140845
pandas/plotting/_matplotlib/core.py::194,0.140845
pandas/plotting/_matplotlib/core.py::195,0.140845
pandas/plotting/_matplotlib/core.py::197,0.140845
pandas/plotting/_matplotlib/core.py::199,0.140845
pandas/plotting/_matplotlib/core.py::773,0.140845
pandas/plotting/_matplotlib/core.py::774,0.140845
pandas/plotting/_matplotlib/style.py::16,0.140845
pandas/plotting/_matplotlib/style.py::18,0.140845
pandas/plotting/_matplotlib/style.py::25,0.140845
pandas/plotting/_matplotlib/style.py::55,0.140845
pandas/plotting/_matplotlib/style.py::82,0.140845
pandas/plotting/_matplotlib/style.py::92,0.140845
pandas/plotting/_matplotlib/tools.py::339,0.140845
pandas/compat/numpy/function.py::43,0.139449
pandas/core/accessor.py::172,0.139449
pandas/core/accessor.py::175,0.139449
pandas/core/accessor.py::180,0.139449
pandas/core/accessor.py::181,0.139449
pandas/core/algorithms.py::1662,0.139449
pandas/core/algorithms.py::1663,0.139449
pandas/core/algorithms.py::179,0.139449
pandas/core/algorithms.py::181,0.139449
pandas/core/algorithms.py::183,0.139449
pandas/core/algorithms.py::189,0.139449
pandas/core/algorithms.py::190,0.139449
pandas/core/algorithms.py::192,0.139449
pandas/core/algorithms.py::199,0.139449
pandas/core/algorithms.py::207,0.139449
pandas/core/algorithms.py::85,0.139449
pandas/core/algorithms.py::86,0.139449
pandas/core/algorithms.py::88,0.139449
pandas/core/algorithms.py::92,0.139449
pandas/core/arrays/sparse.py::243,0.139449
pandas/core/arrays/sparse.py::244,0.139449
pandas/core/arrays/sparse.py::262,0.139449
pandas/core/base.py::1003,0.139449
pandas/core/base.py::775,0.139449
pandas/core/base.py::998,0.139449
pandas/core/common.py::123,0.139449
pandas/core/common.py::140,0.139449
pandas/core/common.py::147,0.139449
pandas/core/dtypes/base.py::225,0.139449
pandas/core/dtypes/base.py::226,0.139449
pandas/core/dtypes/base.py::227,0.139449
pandas/core/dtypes/cast.py::340,0.139449
pandas/core/dtypes/cast.py::352,0.139449
pandas/core/dtypes/cast.py::354,0.139449
pandas/core/dtypes/cast.py::356,0.139449
pandas/core/dtypes/cast.py::359,0.139449
pandas/core/dtypes/cast.py::361,0.139449
pandas/core/dtypes/cast.py::366,0.139449
pandas/core/dtypes/cast.py::369,0.139449
pandas/core/dtypes/cast.py::370,0.139449
pandas/core/dtypes/cast.py::372,0.139449
pandas/core/dtypes/cast.py::374,0.139449
pandas/core/dtypes/cast.py::375,0.139449
pandas/core/dtypes/cast.py::397,0.139449
pandas/core/dtypes/cast.py::399,0.139449
pandas/core/dtypes/cast.py::401,0.139449
pandas/core/dtypes/cast.py::404,0.139449
pandas/core/dtypes/common.py::1650,0.139449
pandas/core/dtypes/common.py::2030,0.139449
pandas/core/dtypes/common.py::2031,0.139449
pandas/core/dtypes/common.py::2036,0.139449
pandas/core/dtypes/common.py::2037,0.139449
pandas/core/dtypes/common.py::2047,0.139449
pandas/core/dtypes/dtypes.py::103,0.139449
pandas/core/dtypes/dtypes.py::104,0.139449
pandas/core/dtypes/dtypes.py::105,0.139449
pandas/core/dtypes/dtypes.py::1057,0.139449
pandas/core/dtypes/dtypes.py::106,0.139449
pandas/core/dtypes/dtypes.py::1061,0.139449
pandas/core/dtypes/dtypes.py::1065,0.139449
pandas/core/dtypes/dtypes.py::107,0.139449
pandas/core/dtypes/dtypes.py::109,0.139449
pandas/core/dtypes/dtypes.py::739,0.139449
pandas/core/dtypes/dtypes.py::740,0.139449
pandas/core/dtypes/dtypes.py::741,0.139449
pandas/core/dtypes/dtypes.py::751,0.139449
pandas/core/dtypes/dtypes.py::881,0.139449
pandas/core/dtypes/inference.py::276,0.139449
pandas/core/dtypes/missing.py::132,0.139449
pandas/core/generic.py::437,0.139449
pandas/core/generic.py::438,0.139449
pandas/core/generic.py::505,0.139449
pandas/core/indexes/base.py::810,0.139449
pandas/core/indexes/base.py::812,0.139449
pandas/core/indexes/base.py::813,0.139449
pandas/core/indexes/base.py::826,0.139449
pandas/core/internals/blocks.py::265,0.139449
pandas/core/internals/blocks.py::721,0.139449
pandas/core/internals/blocks.py::722,0.139449
pandas/core/internals/blocks.py::724,0.139449
pandas/core/internals/managers.py::1549,0.139449
pandas/core/series.py::202,0.139449
pandas/core/series.py::204,0.139449
pandas/core/series.py::206,0.139449
pandas/plotting/_core.py::614,0.139449
pandas/plotting/_core.py::625,0.139449
pandas/plotting/_core.py::690,0.139449
pandas/plotting/_core.py::706,0.139449
pandas/plotting/_core.py::707,0.139449
pandas/plotting/_core.py::708,0.139449
pandas/plotting/_core.py::712,0.139449
pandas/plotting/_core.py::713,0.139449
pandas/plotting/_core.py::714,0.139449
pandas/plotting/_core.py::715,0.139449
pandas/plotting/_core.py::718,0.139449
pandas/plotting/_core.py::720,0.139449
pandas/plotting/_core.py::721,0.139449
pandas/plotting/_core.py::724,0.139449
pandas/plotting/_core.py::725,0.139449
pandas/core/algorithms.py::1478,0.138094
pandas/core/algorithms.py::1479,0.138094
pandas/core/algorithms.py::1480,0.138094
pandas/core/algorithms.py::1481,0.138094
pandas/core/algorithms.py::1487,0.138094
pandas/core/algorithms.py::1488,0.138094
pandas/core/algorithms.py::1643,0.138094
pandas/core/algorithms.py::1646,0.138094
pandas/core/algorithms.py::1649,0.138094
pandas/core/algorithms.py::1651,0.138094
pandas/core/algorithms.py::1655,0.138094
pandas/core/algorithms.py::1656,0.138094
pandas/core/algorithms.py::1657,0.138094
pandas/core/algorithms.py::1658,0.138094
pandas/core/algorithms.py::1680,0.138094
pandas/core/algorithms.py::1681,0.138094
pandas/core/algorithms.py::1685,0.138094
pandas/core/algorithms.py::1693,0.138094
pandas/core/algorithms.py::1694,0.138094
pandas/core/algorithms.py::1695,0.138094
pandas/core/algorithms.py::1696,0.138094
pandas/core/algorithms.py::1697,0.138094
pandas/core/algorithms.py::1702,0.138094
pandas/core/algorithms.py::1706,0.138094
pandas/core/algorithms.py::1707,0.138094
pandas/core/algorithms.py::1709,0.138094
pandas/core/algorithms.py::1711,0.138094
pandas/core/algorithms.py::1713,0.138094
pandas/core/indexes/base.py::3870,0.138094
pandas/core/common.py::121,0.136778
pandas/core/common.py::122,0.136778
pandas/core/common.py::125,0.136778
pandas/core/common.py::133,0.136778
pandas/core/common.py::136,0.136778
pandas/core/common.py::139,0.136778
pandas/core/generic.py::419,0.136778
pandas/core/generic.py::420,0.136778
pandas/core/generic.py::421,0.136778
pandas/core/generic.py::422,0.136778
pandas/core/indexes/base.py::543,0.136778
pandas/core/indexes/base.py::677,0.136778
pandas/core/indexing.py::2402,0.136778
pandas/core/indexing.py::2403,0.136778
pandas/core/indexing.py::2414,0.136778
pandas/core/indexing.py::2416,0.136778
pandas/core/indexing.py::2419,0.136778
pandas/core/indexing.py::2424,0.136778
pandas/core/internals/blocks.py::198,0.136778
pandas/core/internals/blocks.py::222,0.136778
pandas/core/internals/blocks.py::258,0.136778
pandas/core/internals/blocks.py::264,0.136778
pandas/core/internals/blocks.py::266,0.136778
pandas/core/internals/blocks.py::268,0.136778
pandas/core/internals/blocks.py::269,0.136778
pandas/core/internals/blocks.py::3083,0.136778
pandas/core/internals/managers.py::1496,0.136778
pandas/core/internals/managers.py::1499,0.136778
pandas/core/internals/managers.py::1502,0.136778
pandas/core/internals/managers.py::1507,0.136778
pandas/core/internals/managers.py::1511,0.136778
pandas/core/internals/managers.py::1580,0.136778
pandas/core/internals/managers.py::1587,0.136778
pandas/core/series.py::553,0.136778
pandas/core/series.py::583,0.136778
pandas/util/_validators.py::233,0.136778
pandas/util/_validators.py::238,0.136778
pandas/core/common.py::351,0.135499
pandas/core/common.py::354,0.135499
pandas/core/generic.py::5203,0.135499
pandas/core/generic.py::5204,0.135499
pandas/core/generic.py::5205,0.135499
pandas/core/generic.py::5206,0.135499
pandas/core/series.py::397,0.135499
pandas/_config/config.py::102,0.133046
pandas/_config/config.py::105,0.133046
pandas/_config/config.py::106,0.133046
pandas/_config/config.py::543,0.133046
pandas/plotting/_core.py::1604,0.133046
pandas/plotting/_core.py::1606,0.133046
pandas/plotting/_core.py::1609,0.133046
pandas/plotting/_core.py::1610,0.133046
pandas/plotting/_core.py::1617,0.133046
pandas/plotting/_core.py::1619,0.133046
pandas/plotting/_core.py::1620,0.133046
pandas/_config/config.py::111,0.130722
pandas/_config/config.py::112,0.130722
pandas/_config/config.py::116,0.130722
pandas/_config/config.py::118,0.130722
pandas/_config/config.py::122,0.130722
pandas/_config/config.py::123,0.130722
pandas/_config/config.py::125,0.130722
pandas/_config/config.py::126,0.130722
pandas/_config/config.py::127,0.130722
pandas/_config/config.py::130,0.130722
pandas/_config/config.py::131,0.130722
pandas/_config/config.py::133,0.130722
pandas/_config/config.py::233,0.130722
pandas/_config/config.py::542,0.130722
pandas/_config/config.py::546,0.130722
pandas/_config/config.py::547,0.130722
pandas/_config/config.py::550,0.130722
pandas/_config/config.py::554,0.130722
pandas/_config/config.py::555,0.130722
pandas/_config/config.py::556,0.130722
pandas/_config/config.py::557,0.130722
pandas/_config/config.py::558,0.130722
pandas/_config/config.py::577,0.130722
pandas/_config/config.py::578,0.130722
pandas/_config/config.py::579,0.130722
pandas/_config/config.py::580,0.130722
pandas/_config/config.py::593,0.130722
pandas/_config/config.py::602,0.130722
pandas/_config/config.py::603,0.130722
pandas/_config/config.py::606,0.130722
pandas/_config/config.py::618,0.130722
pandas/_config/config.py::619,0.130722
pandas/_config/config.py::634,0.130722
pandas/_config/config.py::811,0.130722
pandas/_config/config.py::84,0.130722
pandas/_config/config.py::85,0.130722
pandas/_config/config.py::89,0.130722
pandas/_config/config.py::91,0.130722
pandas/_config/config.py::93,0.130722
pandas/_config/config.py::94,0.130722
pandas/_config/config.py::96,0.130722
pandas/_config/config.py::98,0.130722
pandas/conftest.py::49,0.130722
pandas/conftest.py::52,0.130722
pandas/conftest.py::55,0.130722
pandas/conftest.py::58,0.130722
pandas/conftest.py::61,0.130722
pandas/conftest.py::72,0.130722
pandas/conftest.py::80,0.130722
pandas/conftest.py::81,0.130722
pandas/core/arrays/_ranges.py::37,0.130722
pandas/core/arrays/_ranges.py::72,0.130722
pandas/core/arrays/_ranges.py::74,0.130722
pandas/core/arrays/_ranges.py::75,0.130722
pandas/core/arrays/_ranges.py::79,0.130722
pandas/core/arrays/_ranges.py::81,0.130722
pandas/core/arrays/_ranges.py::83,0.130722
pandas/core/arrays/datetimelike.py::1522,0.130722
pandas/core/arrays/datetimelike.py::1523,0.130722
pandas/core/arrays/datetimelike.py::1525,0.130722
pandas/core/arrays/datetimelike.py::1529,0.130722
pandas/core/arrays/datetimelike.py::1549,0.130722
pandas/core/arrays/datetimelike.py::1550,0.130722
pandas/core/arrays/datetimelike.py::1552,0.130722
pandas/core/arrays/datetimelike.py::1553,0.130722
pandas/core/arrays/datetimelike.py::1554,0.130722
pandas/core/arrays/datetimelike.py::1562,0.130722
pandas/core/arrays/datetimelike.py::1586,0.130722
pandas/core/arrays/datetimelike.py::1587,0.130722
pandas/core/arrays/datetimelike.py::1593,0.130722
pandas/core/arrays/datetimelike.py::1594,0.130722
pandas/core/arrays/datetimelike.py::1595,0.130722
pandas/core/arrays/datetimelike.py::1597,0.130722
pandas/core/arrays/datetimelike.py::1616,0.130722
pandas/core/arrays/datetimelike.py::1617,0.130722
pandas/core/arrays/datetimelike.py::1619,0.130722
pandas/core/arrays/datetimelike.py::1620,0.130722
pandas/core/arrays/datetimelike.py::1624,0.130722
pandas/core/arrays/datetimelike.py::358,0.130722
pandas/core/arrays/datetimelike.py::362,0.130722
pandas/core/arrays/datetimelike.py::400,0.130722
pandas/core/arrays/datetimelike.py::408,0.130722
pandas/core/arrays/datetimelike.py::409,0.130722
pandas/core/arrays/datetimelike.py::416,0.130722
pandas/core/arrays/datetimelike.py::417,0.130722
pandas/core/arrays/datetimelike.py::418,0.130722
pandas/core/arrays/datetimelike.py::419,0.130722
pandas/core/arrays/datetimelike.py::806,0.130722
pandas/core/arrays/datetimelike.py::821,0.130722
pandas/core/arrays/datetimelike.py::823,0.130722
pandas/core/arrays/datetimes.py::1897,0.130722
pandas/core/arrays/datetimes.py::1899,0.130722
pandas/core/arrays/datetimes.py::1901,0.130722
pandas/core/arrays/datetimes.py::1908,0.130722
pandas/core/arrays/datetimes.py::1910,0.130722
pandas/core/arrays/datetimes.py::1913,0.130722
pandas/core/arrays/datetimes.py::1915,0.130722
pandas/core/arrays/datetimes.py::1918,0.130722
pandas/core/arrays/datetimes.py::1920,0.130722
pandas/core/arrays/datetimes.py::1921,0.130722
pandas/core/arrays/datetimes.py::1924,0.130722
pandas/core/arrays/datetimes.py::1926,0.130722
pandas/core/arrays/datetimes.py::1946,0.130722
pandas/core/arrays/datetimes.py::1951,0.130722
pandas/core/arrays/datetimes.py::1953,0.130722
pandas/core/arrays/datetimes.py::1954,0.130722
pandas/core/arrays/datetimes.py::1957,0.130722
pandas/core/arrays/datetimes.py::1965,0.130722
pandas/core/arrays/datetimes.py::1966,0.130722
pandas/core/arrays/datetimes.py::1984,0.130722
pandas/core/arrays/datetimes.py::1988,0.130722
pandas/core/arrays/datetimes.py::1989,0.130722
pandas/core/arrays/datetimes.py::1992,0.130722
pandas/core/arrays/datetimes.py::1994,0.130722
pandas/core/arrays/datetimes.py::2099,0.130722
pandas/core/arrays/datetimes.py::2107,0.130722
pandas/core/arrays/datetimes.py::2116,0.130722
pandas/core/arrays/datetimes.py::2123,0.130722
pandas/core/arrays/datetimes.py::2130,0.130722
pandas/core/arrays/datetimes.py::2136,0.130722
pandas/core/arrays/datetimes.py::2195,0.130722
pandas/core/arrays/datetimes.py::2196,0.130722
pandas/core/arrays/datetimes.py::2197,0.130722
pandas/core/arrays/datetimes.py::2208,0.130722
pandas/core/arrays/datetimes.py::2209,0.130722
pandas/core/arrays/datetimes.py::2215,0.130722
pandas/core/arrays/datetimes.py::2237,0.130722
pandas/core/arrays/datetimes.py::2262,0.130722
pandas/core/arrays/datetimes.py::2285,0.130722
pandas/core/arrays/datetimes.py::2286,0.130722
pandas/core/arrays/datetimes.py::2293,0.130722
pandas/core/arrays/datetimes.py::2294,0.130722
pandas/core/arrays/datetimes.py::2296,0.130722
pandas/core/arrays/datetimes.py::2300,0.130722
pandas/core/arrays/datetimes.py::2303,0.130722
pandas/core/arrays/datetimes.py::2307,0.130722
pandas/core/arrays/datetimes.py::2309,0.130722
pandas/core/arrays/datetimes.py::2310,0.130722
pandas/core/arrays/datetimes.py::2311,0.130722
pandas/core/arrays/datetimes.py::2312,0.130722
pandas/core/arrays/datetimes.py::2316,0.130722
pandas/core/arrays/datetimes.py::2323,0.130722
pandas/core/arrays/datetimes.py::334,0.130722
pandas/core/arrays/datetimes.py::337,0.130722
pandas/core/arrays/datetimes.py::339,0.130722
pandas/core/arrays/datetimes.py::341,0.130722
pandas/core/arrays/datetimes.py::342,0.130722
pandas/core/arrays/datetimes.py::344,0.130722
pandas/core/arrays/datetimes.py::351,0.130722
pandas/core/arrays/datetimes.py::354,0.130722
pandas/core/arrays/datetimes.py::356,0.130722
pandas/core/arrays/datetimes.py::358,0.130722
pandas/core/arrays/datetimes.py::364,0.130722
pandas/core/arrays/datetimes.py::367,0.130722
pandas/core/arrays/datetimes.py::373,0.130722
pandas/core/arrays/datetimes.py::380,0.130722
pandas/core/arrays/datetimes.py::382,0.130722
pandas/core/arrays/datetimes.py::389,0.130722
pandas/core/arrays/datetimes.py::391,0.130722
pandas/core/arrays/datetimes.py::392,0.130722
pandas/core/arrays/datetimes.py::393,0.130722
pandas/core/arrays/datetimes.py::401,0.130722
pandas/core/arrays/datetimes.py::402,0.130722
pandas/core/arrays/datetimes.py::403,0.130722
pandas/core/arrays/datetimes.py::405,0.130722
pandas/core/arrays/datetimes.py::410,0.130722
pandas/core/arrays/datetimes.py::411,0.130722
pandas/core/arrays/datetimes.py::412,0.130722
pandas/core/arrays/datetimes.py::414,0.130722
pandas/core/arrays/datetimes.py::415,0.130722
pandas/core/arrays/datetimes.py::416,0.130722
pandas/core/arrays/datetimes.py::417,0.130722
pandas/core/arrays/datetimes.py::418,0.130722
pandas/core/arrays/datetimes.py::434,0.130722
pandas/core/arrays/datetimes.py::436,0.130722
pandas/core/arrays/datetimes.py::437,0.130722
pandas/core/arrays/datetimes.py::438,0.130722
pandas/core/arrays/datetimes.py::439,0.130722
pandas/core/arrays/datetimes.py::440,0.130722
pandas/core/arrays/datetimes.py::441,0.130722
pandas/core/arrays/datetimes.py::442,0.130722
pandas/core/arrays/datetimes.py::443,0.130722
pandas/core/arrays/datetimes.py::444,0.130722
pandas/core/arrays/datetimes.py::447,0.130722
pandas/core/arrays/datetimes.py::449,0.130722
pandas/core/arrays/datetimes.py::450,0.130722
pandas/core/arrays/datetimes.py::452,0.130722
pandas/core/arrays/datetimes.py::456,0.130722
pandas/core/arrays/datetimes.py::461,0.130722
pandas/core/arrays/datetimes.py::477,0.130722
pandas/core/arrays/datetimes.py::478,0.130722
pandas/core/arrays/datetimes.py::481,0.130722
pandas/core/arrays/datetimes.py::486,0.130722
pandas/core/arrays/datetimes.py::488,0.130722
pandas/core/arrays/datetimes.py::489,0.130722
pandas/core/arrays/datetimes.py::491,0.130722
pandas/core/arrays/datetimes.py::494,0.130722
pandas/core/arrays/datetimes.py::499,0.130722
pandas/core/arrays/datetimes.py::502,0.130722
pandas/core/arrays/datetimes.py::504,0.130722
pandas/core/arrays/datetimes.py::506,0.130722
pandas/core/arrays/datetimes.py::508,0.130722
pandas/core/arrays/datetimes.py::522,0.130722
pandas/core/arrays/datetimes.py::526,0.130722
pandas/core/arrays/datetimes.py::532,0.130722
pandas/core/arrays/datetimes.py::533,0.130722
pandas/core/arrays/datetimes.py::535,0.130722
pandas/core/arrays/datetimes.py::562,0.130722
pandas/core/arrays/datetimes.py::564,0.130722
pandas/core/arrays/datetimes.py::567,0.130722
pandas/core/arrays/datetimes.py::568,0.130722
pandas/core/arrays/datetimes.py::601,0.130722
pandas/core/arrays/datetimes.py::623,0.130722
pandas/core/arrays/datetimes.py::636,0.130722
pandas/core/arrays/datetimes.py::91,0.130722
pandas/core/arrays/datetimes.py::92,0.130722
pandas/core/arrays/period.py::1000,0.130722
pandas/core/arrays/period.py::1002,0.130722
pandas/core/arrays/period.py::1004,0.130722
pandas/core/arrays/period.py::1007,0.130722
pandas/core/arrays/period.py::1015,0.130722
pandas/core/arrays/period.py::1016,0.130722
pandas/core/arrays/period.py::1017,0.130722
pandas/core/arrays/period.py::1022,0.130722
pandas/core/arrays/period.py::1023,0.130722
pandas/core/arrays/period.py::1028,0.130722
pandas/core/arrays/period.py::195,0.130722
pandas/core/arrays/period.py::197,0.130722
pandas/core/arrays/period.py::198,0.130722
pandas/core/arrays/period.py::200,0.130722
pandas/core/arrays/period.py::205,0.130722
pandas/core/arrays/period.py::208,0.130722
pandas/core/arrays/period.py::209,0.130722
pandas/core/arrays/period.py::216,0.130722
pandas/core/arrays/period.py::218,0.130722
pandas/core/arrays/period.py::219,0.130722
pandas/core/arrays/period.py::220,0.130722
pandas/core/arrays/period.py::222,0.130722
pandas/core/arrays/period.py::279,0.130722
pandas/core/arrays/period.py::281,0.130722
pandas/core/arrays/period.py::282,0.130722
pandas/core/arrays/period.py::284,0.130722
pandas/core/arrays/period.py::285,0.130722
pandas/core/arrays/period.py::286,0.130722
pandas/core/arrays/period.py::290,0.130722
pandas/core/arrays/period.py::296,0.130722
pandas/core/arrays/period.py::327,0.130722
pandas/core/arrays/period.py::335,0.130722
pandas/core/arrays/period.py::888,0.130722
pandas/core/arrays/period.py::890,0.130722
pandas/core/arrays/period.py::891,0.130722
pandas/core/arrays/period.py::932,0.130722
pandas/core/arrays/period.py::933,0.130722
pandas/core/arrays/period.py::935,0.130722
pandas/core/arrays/period.py::943,0.130722
pandas/core/arrays/period.py::985,0.130722
pandas/core/arrays/period.py::991,0.130722
pandas/core/arrays/period.py::992,0.130722
pandas/core/arrays/period.py::994,0.130722
pandas/core/arrays/period.py::995,0.130722
pandas/core/arrays/period.py::996,0.130722
pandas/core/arrays/period.py::999,0.130722
pandas/core/common.py::163,0.130722
pandas/core/common.py::165,0.130722
pandas/core/common.py::186,0.130722
pandas/core/common.py::207,0.130722
pandas/core/common.py::221,0.130722
pandas/core/common.py::222,0.130722
pandas/core/common.py::225,0.130722
pandas/core/common.py::230,0.130722
pandas/core/common.py::232,0.130722
pandas/core/common.py::235,0.130722
pandas/core/common.py::236,0.130722
pandas/core/common.py::238,0.130722
pandas/core/common.py::240,0.130722
pandas/core/common.py::243,0.130722
pandas/core/common.py::248,0.130722
pandas/core/common.py::288,0.130722
pandas/core/common.py::290,0.130722
pandas/core/construction.py::359,0.130722
pandas/core/construction.py::362,0.130722
pandas/core/construction.py::365,0.130722
pandas/core/construction.py::375,0.130722
pandas/core/construction.py::378,0.130722
pandas/core/construction.py::388,0.130722
pandas/core/construction.py::391,0.130722
pandas/core/construction.py::393,0.130722
pandas/core/construction.py::404,0.130722
pandas/core/construction.py::432,0.130722
pandas/core/construction.py::451,0.130722
pandas/core/construction.py::452,0.130722
pandas/core/construction.py::455,0.130722
pandas/core/construction.py::466,0.130722
pandas/core/construction.py::469,0.130722
pandas/core/construction.py::473,0.130722
pandas/core/construction.py::474,0.130722
pandas/core/construction.py::475,0.130722
pandas/core/construction.py::476,0.130722
pandas/core/construction.py::478,0.130722
pandas/core/construction.py::479,0.130722
pandas/core/construction.py::480,0.130722
pandas/core/construction.py::488,0.130722
pandas/core/construction.py::512,0.130722
pandas/core/construction.py::513,0.130722
pandas/core/construction.py::514,0.130722
pandas/core/construction.py::516,0.130722
pandas/core/construction.py::519,0.130722
pandas/core/construction.py::522,0.130722
pandas/core/construction.py::525,0.130722
pandas/core/construction.py::530,0.130722
pandas/core/construction.py::531,0.130722
pandas/core/construction.py::552,0.130722
pandas/core/dtypes/base.py::223,0.130722
pandas/core/dtypes/base.py::224,0.130722
pandas/core/dtypes/base.py::254,0.130722
pandas/core/dtypes/base.py::256,0.130722
pandas/core/dtypes/base.py::261,0.130722
pandas/core/dtypes/base.py::262,0.130722
pandas/core/dtypes/base.py::264,0.130722
pandas/core/dtypes/base.py::266,0.130722
pandas/core/dtypes/base.py::267,0.130722
pandas/core/dtypes/base.py::268,0.130722
pandas/core/dtypes/base.py::269,0.130722
pandas/core/dtypes/cast.py::1013,0.130722
pandas/core/dtypes/cast.py::1014,0.130722
pandas/core/dtypes/cast.py::1016,0.130722
pandas/core/dtypes/cast.py::1121,0.130722
pandas/core/dtypes/cast.py::1125,0.130722
pandas/core/dtypes/cast.py::1138,0.130722
pandas/core/dtypes/cast.py::1140,0.130722
pandas/core/dtypes/cast.py::1143,0.130722
pandas/core/dtypes/cast.py::1145,0.130722
pandas/core/dtypes/cast.py::1288,0.130722
pandas/core/dtypes/cast.py::1289,0.130722
pandas/core/dtypes/cast.py::1290,0.130722
pandas/core/dtypes/cast.py::1317,0.130722
pandas/core/dtypes/cast.py::1319,0.130722
pandas/core/dtypes/cast.py::1331,0.130722
pandas/core/dtypes/cast.py::893,0.130722
pandas/core/dtypes/cast.py::894,0.130722
pandas/core/dtypes/cast.py::896,0.130722
pandas/core/dtypes/cast.py::899,0.130722
pandas/core/dtypes/cast.py::921,0.130722
pandas/core/dtypes/cast.py::922,0.130722
pandas/core/dtypes/cast.py::925,0.130722
pandas/core/dtypes/cast.py::929,0.130722
pandas/core/dtypes/cast.py::931,0.130722
pandas/core/dtypes/cast.py::933,0.130722
pandas/core/dtypes/cast.py::936,0.130722
pandas/core/dtypes/cast.py::937,0.130722
pandas/core/dtypes/common.py::1050,0.130722
pandas/core/dtypes/common.py::1097,0.130722
pandas/core/dtypes/common.py::1098,0.130722
pandas/core/dtypes/common.py::1188,0.130722
pandas/core/dtypes/common.py::1189,0.130722
pandas/core/dtypes/common.py::1190,0.130722
pandas/core/dtypes/common.py::1572,0.130722
pandas/core/dtypes/common.py::1606,0.130722
pandas/core/dtypes/common.py::1649,0.130722
pandas/core/dtypes/common.py::1651,0.130722
pandas/core/dtypes/common.py::1652,0.130722
pandas/core/dtypes/common.py::1656,0.130722
pandas/core/dtypes/common.py::1660,0.130722
pandas/core/dtypes/common.py::1667,0.130722
pandas/core/dtypes/common.py::1671,0.130722
pandas/core/dtypes/common.py::1721,0.130722
pandas/core/dtypes/common.py::1723,0.130722
pandas/core/dtypes/common.py::1725,0.130722
pandas/core/dtypes/common.py::1727,0.130722
pandas/core/dtypes/common.py::1775,0.130722
pandas/core/dtypes/common.py::1776,0.130722
pandas/core/dtypes/common.py::1828,0.130722
pandas/core/dtypes/common.py::1830,0.130722
pandas/core/dtypes/common.py::1831,0.130722
pandas/core/dtypes/common.py::1834,0.130722
pandas/core/dtypes/common.py::1857,0.130722
pandas/core/dtypes/common.py::1861,0.130722
pandas/core/dtypes/common.py::1862,0.130722
pandas/core/dtypes/common.py::1863,0.130722
pandas/core/dtypes/common.py::1867,0.130722
pandas/core/dtypes/common.py::1868,0.130722
pandas/core/dtypes/common.py::1870,0.130722
pandas/core/dtypes/common.py::1888,0.130722
pandas/core/dtypes/common.py::1889,0.130722
pandas/core/dtypes/common.py::1892,0.130722
pandas/core/dtypes/common.py::1893,0.130722
pandas/core/dtypes/common.py::1894,0.130722
pandas/core/dtypes/common.py::1900,0.130722
pandas/core/dtypes/common.py::1901,0.130722
pandas/core/dtypes/common.py::1904,0.130722
pandas/core/dtypes/common.py::1905,0.130722
pandas/core/dtypes/common.py::1907,0.130722
pandas/core/dtypes/common.py::1908,0.130722
pandas/core/dtypes/common.py::1915,0.130722
pandas/core/dtypes/common.py::197,0.130722
pandas/core/dtypes/common.py::201,0.130722
pandas/core/dtypes/common.py::202,0.130722
pandas/core/dtypes/common.py::2024,0.130722
pandas/core/dtypes/common.py::2026,0.130722
pandas/core/dtypes/common.py::2027,0.130722
pandas/core/dtypes/common.py::203,0.130722
pandas/core/dtypes/common.py::204,0.130722
pandas/core/dtypes/common.py::207,0.130722
pandas/core/dtypes/common.py::212,0.130722
pandas/core/dtypes/common.py::220,0.130722
pandas/core/dtypes/common.py::221,0.130722
pandas/core/dtypes/common.py::253,0.130722
pandas/core/dtypes/common.py::302,0.130722
pandas/core/dtypes/common.py::304,0.130722
pandas/core/dtypes/common.py::305,0.130722
pandas/core/dtypes/common.py::376,0.130722
pandas/core/dtypes/common.py::525,0.130722
pandas/core/dtypes/common.py::561,0.130722
pandas/core/dtypes/common.py::563,0.130722
pandas/core/dtypes/common.py::594,0.130722
pandas/core/dtypes/common.py::626,0.130722
pandas/core/dtypes/common.py::628,0.130722
pandas/core/dtypes/common.py::662,0.130722
pandas/core/dtypes/common.py::663,0.130722
pandas/core/dtypes/common.py::664,0.130722
pandas/core/dtypes/common.py::695,0.130722
pandas/core/dtypes/common.py::696,0.130722
pandas/core/dtypes/common.py::697,0.130722
pandas/core/dtypes/common.py::730,0.130722
pandas/core/dtypes/common.py::731,0.130722
pandas/core/dtypes/common.py::733,0.130722
pandas/core/dtypes/common.py::879,0.130722
pandas/core/dtypes/common.py::880,0.130722
pandas/core/dtypes/common.py::881,0.130722
pandas/core/dtypes/common.py::882,0.130722
pandas/core/dtypes/common.py::993,0.130722
pandas/core/dtypes/dtypes.py::101,0.130722
pandas/core/dtypes/dtypes.py::1053,0.130722
pandas/core/dtypes/dtypes.py::1054,0.130722
pandas/core/dtypes/dtypes.py::1055,0.130722
pandas/core/dtypes/dtypes.py::1106,0.130722
pandas/core/dtypes/dtypes.py::1117,0.130722
pandas/core/dtypes/dtypes.py::738,0.130722
pandas/core/dtypes/dtypes.py::753,0.130722
pandas/core/dtypes/dtypes.py::831,0.130722
pandas/core/dtypes/dtypes.py::834,0.130722
pandas/core/dtypes/dtypes.py::840,0.130722
pandas/core/dtypes/dtypes.py::843,0.130722
pandas/core/dtypes/dtypes.py::844,0.130722
pandas/core/dtypes/dtypes.py::856,0.130722
pandas/core/dtypes/dtypes.py::880,0.130722
pandas/core/dtypes/dtypes.py::882,0.130722
pandas/core/dtypes/dtypes.py::890,0.130722
pandas/core/dtypes/dtypes.py::926,0.130722
pandas/core/dtypes/dtypes.py::939,0.130722
pandas/core/dtypes/dtypes.py::94,0.130722
pandas/core/dtypes/dtypes.py::95,0.130722
pandas/core/dtypes/dtypes.py::96,0.130722
pandas/core/dtypes/dtypes.py::97,0.130722
pandas/core/dtypes/dtypes.py::98,0.130722
pandas/core/dtypes/generic.py::9,0.130722
pandas/core/dtypes/inference.py::148,0.130722
pandas/core/dtypes/inference.py::151,0.130722
pandas/core/dtypes/inference.py::415,0.130722
pandas/core/dtypes/inference.py::416,0.130722
pandas/core/dtypes/inference.py::420,0.130722
pandas/core/dtypes/inference.py::91,0.130722
pandas/core/dtypes/missing.py::124,0.130722
pandas/core/dtypes/missing.py::131,0.130722
pandas/core/dtypes/missing.py::134,0.130722
pandas/core/dtypes/missing.py::136,0.130722
pandas/core/dtypes/missing.py::138,0.130722
pandas/core/dtypes/missing.py::139,0.130722
pandas/core/dtypes/missing.py::141,0.130722
pandas/core/dtypes/missing.py::142,0.130722
pandas/core/dtypes/missing.py::143,0.130722
pandas/core/dtypes/missing.py::144,0.130722
pandas/core/dtypes/missing.py::145,0.130722
pandas/core/dtypes/missing.py::146,0.130722
pandas/core/dtypes/missing.py::149,0.130722
pandas/core/dtypes/missing.py::220,0.130722
pandas/core/dtypes/missing.py::222,0.130722
pandas/core/dtypes/missing.py::225,0.130722
pandas/core/dtypes/missing.py::229,0.130722
pandas/core/dtypes/missing.py::231,0.130722
pandas/core/dtypes/missing.py::237,0.130722
pandas/core/dtypes/missing.py::239,0.130722
pandas/core/dtypes/missing.py::241,0.130722
pandas/core/dtypes/missing.py::243,0.130722
pandas/core/dtypes/missing.py::245,0.130722
pandas/core/dtypes/missing.py::259,0.130722
pandas/core/dtypes/missing.py::262,0.130722
pandas/core/frame.py::397,0.130722
pandas/core/frame.py::399,0.130722
pandas/core/frame.py::402,0.130722
pandas/core/frame.py::405,0.130722
pandas/core/frame.py::409,0.130722
pandas/core/frame.py::410,0.130722
pandas/core/frame.py::486,0.130722
pandas/core/generic.py::187,0.130722
pandas/core/generic.py::197,0.130722
pandas/core/generic.py::198,0.130722
pandas/core/generic.py::199,0.130722
pandas/core/generic.py::377,0.130722
pandas/core/generic.py::378,0.130722
pandas/core/generic.py::381,0.130722
pandas/core/generic.py::382,0.130722
pandas/core/generic.py::395,0.130722
pandas/core/generic.py::402,0.130722
pandas/core/generic.py::403,0.130722
pandas/core/generic.py::432,0.130722
pandas/core/generic.py::433,0.130722
pandas/core/generic.py::434,0.130722
pandas/core/generic.py::435,0.130722
pandas/core/generic.py::444,0.130722
pandas/core/generic.py::445,0.130722
pandas/core/generic.py::4520,0.130722
pandas/core/generic.py::4521,0.130722
pandas/core/generic.py::4522,0.130722
pandas/core/generic.py::4523,0.130722
pandas/core/generic.py::4524,0.130722
pandas/core/generic.py::4525,0.130722
pandas/core/generic.py::4526,0.130722
pandas/core/generic.py::4531,0.130722
pandas/core/generic.py::4533,0.130722
pandas/core/generic.py::4539,0.130722
pandas/core/generic.py::4543,0.130722
pandas/core/generic.py::4544,0.130722
pandas/core/generic.py::4545,0.130722
pandas/core/generic.py::4546,0.130722
pandas/core/generic.py::4548,0.130722
pandas/core/generic.py::4550,0.130722
pandas/core/generic.py::5217,0.130722
pandas/core/generic.py::5221,0.130722
pandas/core/generic.py::5236,0.130722
pandas/core/generic.py::5237,0.130722
pandas/core/generic.py::5238,0.130722
pandas/core/generic.py::5239,0.130722
pandas/core/generic.py::5240,0.130722
pandas/core/generic.py::5244,0.130722
pandas/core/generic.py::5246,0.130722
pandas/core/generic.py::5247,0.130722
pandas/core/generic.py::5286,0.130722
pandas/core/generic.py::5287,0.130722
pandas/core/generic.py::5288,0.130722
pandas/core/generic.py::5290,0.130722
pandas/core/generic.py::5295,0.130722
pandas/core/generic.py::5296,0.130722
pandas/core/generic.py::5298,0.130722
pandas/core/indexes/api.py::167,0.130722
pandas/core/indexes/api.py::169,0.130722
pandas/core/indexes/api.py::175,0.130722
pandas/core/indexes/api.py::177,0.130722
pandas/core/indexes/api.py::199,0.130722
pandas/core/indexes/api.py::200,0.130722
pandas/core/indexes/api.py::202,0.130722
pandas/core/indexes/api.py::203,0.130722
pandas/core/indexes/api.py::249,0.130722
pandas/core/indexes/api.py::251,0.130722
pandas/core/indexes/api.py::261,0.130722
pandas/core/indexes/api.py::262,0.130722
pandas/core/indexes/base.py::1653,0.130722
pandas/core/indexes/base.py::1670,0.130722
pandas/core/indexes/base.py::1809,0.130722
pandas/core/indexes/base.py::268,0.130722
pandas/core/indexes/base.py::269,0.130722
pandas/core/indexes/base.py::270,0.130722
pandas/core/indexes/base.py::271,0.130722
pandas/core/indexes/base.py::272,0.130722
pandas/core/indexes/base.py::274,0.130722
pandas/core/indexes/base.py::277,0.130722
pandas/core/indexes/base.py::2814,0.130722
pandas/core/indexes/base.py::2815,0.130722
pandas/core/indexes/base.py::2820,0.130722
pandas/core/indexes/base.py::2821,0.130722
pandas/core/indexes/base.py::287,0.130722
pandas/core/indexes/base.py::292,0.130722
pandas/core/indexes/base.py::294,0.130722
pandas/core/indexes/base.py::298,0.130722
pandas/core/indexes/base.py::303,0.130722
pandas/core/indexes/base.py::309,0.130722
pandas/core/indexes/base.py::310,0.130722
pandas/core/indexes/base.py::311,0.130722
pandas/core/indexes/base.py::327,0.130722
pandas/core/indexes/base.py::336,0.130722
pandas/core/indexes/base.py::340,0.130722
pandas/core/indexes/base.py::352,0.130722
pandas/core/indexes/base.py::353,0.130722
pandas/core/indexes/base.py::3840,0.130722
pandas/core/indexes/base.py::396,0.130722
pandas/core/indexes/base.py::398,0.130722
pandas/core/indexes/base.py::400,0.130722
pandas/core/indexes/base.py::402,0.130722
pandas/core/indexes/base.py::405,0.130722
pandas/core/indexes/base.py::409,0.130722
pandas/core/indexes/base.py::412,0.130722
pandas/core/indexes/base.py::413,0.130722
pandas/core/indexes/base.py::414,0.130722
pandas/core/indexes/base.py::4194,0.130722
pandas/core/indexes/base.py::4195,0.130722
pandas/core/indexes/base.py::4197,0.130722
pandas/core/indexes/base.py::4198,0.130722
pandas/core/indexes/base.py::4199,0.130722
pandas/core/indexes/base.py::421,0.130722
pandas/core/indexes/base.py::424,0.130722
pandas/core/indexes/base.py::430,0.130722
pandas/core/indexes/base.py::4317,0.130722
pandas/core/indexes/base.py::4318,0.130722
pandas/core/indexes/base.py::433,0.130722
pandas/core/indexes/base.py::4343,0.130722
pandas/core/indexes/base.py::4344,0.130722
pandas/core/indexes/base.py::4346,0.130722
pandas/core/indexes/base.py::4347,0.130722
pandas/core/indexes/base.py::4350,0.130722
pandas/core/indexes/base.py::450,0.130722
pandas/core/indexes/base.py::452,0.130722
pandas/core/indexes/base.py::454,0.130722
pandas/core/indexes/base.py::457,0.130722
pandas/core/indexes/base.py::459,0.130722
pandas/core/indexes/base.py::462,0.130722
pandas/core/indexes/base.py::471,0.130722
pandas/core/indexes/base.py::472,0.130722
pandas/core/indexes/base.py::513,0.130722
pandas/core/indexes/base.py::519,0.130722
pandas/core/indexes/base.py::520,0.130722
pandas/core/indexes/base.py::526,0.130722
pandas/core/indexes/base.py::527,0.130722
pandas/core/indexes/base.py::528,0.130722
pandas/core/indexes/base.py::530,0.130722
pandas/core/indexes/base.py::5568,0.130722
pandas/core/indexes/base.py::5569,0.130722
pandas/core/indexes/base.py::5571,0.130722
pandas/core/indexes/base.py::5631,0.130722
pandas/core/indexes/base.py::5633,0.130722
pandas/core/indexes/base.py::624,0.130722
pandas/core/indexes/base.py::630,0.130722
pandas/core/indexes/base.py::631,0.130722
pandas/core/indexes/base.py::642,0.130722
pandas/core/indexes/base.py::643,0.130722
pandas/core/indexes/base.py::653,0.130722
pandas/core/indexes/datetimelike.py::106,0.130722
pandas/core/indexes/datetimelike.py::118,0.130722
pandas/core/indexes/datetimelike.py::152,0.130722
pandas/core/indexes/datetimelike.py::165,0.130722
pandas/core/indexes/datetimelike.py::187,0.130722
pandas/core/indexes/datetimelike.py::190,0.130722
pandas/core/indexes/datetimelike.py::192,0.130722
pandas/core/indexes/datetimelike.py::198,0.130722
pandas/core/indexes/datetimelike.py::202,0.130722
pandas/core/indexes/datetimelike.py::208,0.130722
pandas/core/indexes/datetimelike.py::253,0.130722
pandas/core/indexes/datetimelike.py::254,0.130722
pandas/core/indexes/datetimelike.py::256,0.130722
pandas/core/indexes/datetimes.py::1019,0.130722
pandas/core/indexes/datetimes.py::1024,0.130722
pandas/core/indexes/datetimes.py::1026,0.130722
pandas/core/indexes/datetimes.py::1027,0.130722
pandas/core/indexes/datetimes.py::1030,0.130722
pandas/core/indexes/datetimes.py::1210,0.130722
pandas/core/indexes/datetimes.py::1211,0.130722
pandas/core/indexes/datetimes.py::1212,0.130722
pandas/core/indexes/datetimes.py::1247,0.130722
pandas/core/indexes/datetimes.py::1566,0.130722
pandas/core/indexes/datetimes.py::1569,0.130722
pandas/core/indexes/datetimes.py::1570,0.130722
pandas/core/indexes/datetimes.py::1571,0.130722
pandas/core/indexes/datetimes.py::1572,0.130722
pandas/core/indexes/datetimes.py::1573,0.130722
pandas/core/indexes/datetimes.py::1574,0.130722
pandas/core/indexes/datetimes.py::1575,0.130722
pandas/core/indexes/datetimes.py::1576,0.130722
pandas/core/indexes/datetimes.py::1577,0.130722
pandas/core/indexes/datetimes.py::1579,0.130722
pandas/core/indexes/datetimes.py::1659,0.130722
pandas/core/indexes/datetimes.py::1663,0.130722
pandas/core/indexes/datetimes.py::1670,0.130722
pandas/core/indexes/datetimes.py::1677,0.130722
pandas/core/indexes/datetimes.py::1678,0.130722
pandas/core/indexes/datetimes.py::1679,0.130722
pandas/core/indexes/datetimes.py::1680,0.130722
pandas/core/indexes/datetimes.py::1681,0.130722
pandas/core/indexes/datetimes.py::1682,0.130722
pandas/core/indexes/datetimes.py::1683,0.130722
pandas/core/indexes/datetimes.py::1684,0.130722
pandas/core/indexes/datetimes.py::1685,0.130722
pandas/core/indexes/datetimes.py::1686,0.130722
pandas/core/indexes/datetimes.py::282,0.130722
pandas/core/indexes/datetimes.py::290,0.130722
pandas/core/indexes/datetimes.py::292,0.130722
pandas/core/indexes/datetimes.py::312,0.130722
pandas/core/indexes/datetimes.py::322,0.130722
pandas/core/indexes/datetimes.py::323,0.130722
pandas/core/indexes/datetimes.py::325,0.130722
pandas/core/indexes/datetimes.py::326,0.130722
pandas/core/indexes/datetimes.py::327,0.130722
pandas/core/indexes/datetimes.py::328,0.130722
pandas/core/indexes/datetimes.py::329,0.130722
pandas/core/indexes/datetimes.py::330,0.130722
pandas/core/indexes/datetimes.py::331,0.130722
pandas/core/indexes/datetimes.py::332,0.130722
pandas/core/indexes/datetimes.py::333,0.130722
pandas/core/indexes/datetimes.py::334,0.130722
pandas/core/indexes/datetimes.py::337,0.130722
pandas/core/indexes/datetimes.py::338,0.130722
pandas/core/indexes/datetimes.py::346,0.130722
pandas/core/indexes/datetimes.py::347,0.130722
pandas/core/indexes/datetimes.py::350,0.130722
pandas/core/indexes/datetimes.py::351,0.130722
pandas/core/indexes/datetimes.py::353,0.130722
pandas/core/indexes/datetimes.py::354,0.130722
pandas/core/indexes/datetimes.py::355,0.130722
pandas/core/indexes/datetimes.py::356,0.130722
pandas/core/indexes/datetimes.py::359,0.130722
pandas/core/indexes/datetimes.py::362,0.130722
pandas/core/indexes/datetimes.py::363,0.130722
pandas/core/indexes/datetimes.py::364,0.130722
pandas/core/indexes/datetimes.py::366,0.130722
pandas/core/indexes/datetimes.py::367,0.130722
pandas/core/indexes/datetimes.py::368,0.130722
pandas/core/indexes/datetimes.py::370,0.130722
pandas/core/indexes/datetimes.py::371,0.130722
pandas/core/indexes/datetimes.py::372,0.130722
pandas/core/indexes/datetimes.py::396,0.130722
pandas/core/indexes/datetimes.py::401,0.130722
pandas/core/indexes/datetimes.py::527,0.130722
pandas/core/indexes/datetimes.py::529,0.130722
pandas/core/indexes/datetimes.py::530,0.130722
pandas/core/indexes/datetimes.py::534,0.130722
pandas/core/indexes/datetimes.py::540,0.130722
pandas/core/indexes/datetimes.py::542,0.130722
pandas/core/indexes/datetimes.py::543,0.130722
pandas/core/indexes/datetimes.py::551,0.130722
pandas/core/indexes/datetimes.py::554,0.130722
pandas/core/indexes/datetimes.py::557,0.130722
pandas/core/indexes/datetimes.py::559,0.130722
pandas/core/indexes/datetimes.py::562,0.130722
pandas/core/indexes/datetimes.py::565,0.130722
pandas/core/indexes/datetimes.py::569,0.130722
pandas/core/indexes/datetimes.py::570,0.130722
pandas/core/indexes/datetimes.py::574,0.130722
pandas/core/indexes/datetimes.py::575,0.130722
pandas/core/indexes/datetimes.py::578,0.130722
pandas/core/indexes/datetimes.py::579,0.130722
pandas/core/indexes/datetimes.py::587,0.130722
pandas/core/indexes/datetimes.py::590,0.130722
pandas/core/indexes/datetimes.py::595,0.130722
pandas/core/indexes/datetimes.py::596,0.130722
pandas/core/indexes/datetimes.py::611,0.130722
pandas/core/indexes/datetimes.py::612,0.130722
pandas/core/indexes/datetimes.py::617,0.130722
pandas/core/indexes/datetimes.py::623,0.130722
pandas/core/indexes/datetimes.py::796,0.130722
pandas/core/indexes/datetimes.py::797,0.130722
pandas/core/indexes/datetimes.py::798,0.130722
pandas/core/indexes/datetimes.py::801,0.130722
pandas/core/indexes/datetimes.py::804,0.130722
pandas/core/indexes/datetimes.py::807,0.130722
pandas/core/indexes/period.py::1048,0.130722
pandas/core/indexes/period.py::1053,0.130722
pandas/core/indexes/period.py::1056,0.130722
pandas/core/indexes/period.py::1057,0.130722
pandas/core/indexes/period.py::1058,0.130722
pandas/core/indexes/period.py::201,0.130722
pandas/core/indexes/period.py::202,0.130722
pandas/core/indexes/period.py::203,0.130722
pandas/core/indexes/period.py::204,0.130722
pandas/core/indexes/period.py::205,0.130722
pandas/core/indexes/period.py::206,0.130722
pandas/core/indexes/period.py::207,0.130722
pandas/core/indexes/period.py::210,0.130722
pandas/core/indexes/period.py::217,0.130722
pandas/core/indexes/period.py::220,0.130722
pandas/core/indexes/period.py::249,0.130722
pandas/core/indexes/period.py::254,0.130722
pandas/core/indexes/period.py::259,0.130722
pandas/core/indexes/period.py::265,0.130722
pandas/core/indexes/period.py::267,0.130722
pandas/core/indexes/period.py::270,0.130722
pandas/core/indexes/period.py::287,0.130722
pandas/core/indexes/period.py::289,0.130722
pandas/core/indexes/period.py::291,0.130722
pandas/core/indexes/period.py::293,0.130722
pandas/core/indexes/period.py::295,0.130722
pandas/core/indexes/period.py::297,0.130722
pandas/core/indexes/period.py::298,0.130722
pandas/core/indexes/period.py::300,0.130722
pandas/core/indexes/period.py::301,0.130722
pandas/core/indexes/period.py::302,0.130722
pandas/core/indexes/period.py::303,0.130722
pandas/core/indexes/period.py::577,0.130722
pandas/core/indexes/range.py::104,0.130722
pandas/core/indexes/range.py::107,0.130722
pandas/core/indexes/range.py::113,0.130722
pandas/core/indexes/range.py::116,0.130722
pandas/core/indexes/range.py::118,0.130722
pandas/core/indexes/range.py::121,0.130722
pandas/core/indexes/range.py::123,0.130722
pandas/core/indexes/range.py::124,0.130722
pandas/core/indexes/range.py::127,0.130722
pandas/core/indexes/range.py::128,0.130722
pandas/core/indexes/range.py::150,0.130722
pandas/core/indexes/range.py::153,0.130722
pandas/core/indexes/range.py::156,0.130722
pandas/core/indexes/range.py::159,0.130722
pandas/core/indexes/range.py::161,0.130722
pandas/core/indexes/range.py::162,0.130722
pandas/core/indexes/range.py::165,0.130722
pandas/core/indexes/range.py::166,0.130722
pandas/core/indexes/range.py::173,0.130722
pandas/core/indexes/range.py::702,0.130722
pandas/core/indexes/range.py::94,0.130722
pandas/core/internals/blocks.py::114,0.130722
pandas/core/internals/blocks.py::115,0.130722
pandas/core/internals/blocks.py::116,0.130722
pandas/core/internals/blocks.py::118,0.130722
pandas/core/internals/blocks.py::145,0.130722
pandas/core/internals/blocks.py::146,0.130722
pandas/core/internals/blocks.py::148,0.130722
pandas/core/internals/blocks.py::152,0.130722
pandas/core/internals/blocks.py::204,0.130722
pandas/core/internals/blocks.py::230,0.130722
pandas/core/internals/blocks.py::234,0.130722
pandas/core/internals/blocks.py::235,0.130722
pandas/core/internals/blocks.py::237,0.130722
pandas/core/internals/blocks.py::2603,0.130722
pandas/core/internals/blocks.py::2606,0.130722
pandas/core/internals/blocks.py::3029,0.130722
pandas/core/internals/blocks.py::3030,0.130722
pandas/core/internals/blocks.py::3032,0.130722
pandas/core/internals/blocks.py::3035,0.130722
pandas/core/internals/blocks.py::3037,0.130722
pandas/core/internals/blocks.py::3040,0.130722
pandas/core/internals/blocks.py::3042,0.130722
pandas/core/internals/blocks.py::3044,0.130722
pandas/core/internals/blocks.py::3046,0.130722
pandas/core/internals/blocks.py::3047,0.130722
pandas/core/internals/blocks.py::3048,0.130722
pandas/core/internals/blocks.py::3051,0.130722
pandas/core/internals/blocks.py::3053,0.130722
pandas/core/internals/blocks.py::3054,0.130722
pandas/core/internals/blocks.py::3055,0.130722
pandas/core/internals/blocks.py::3058,0.130722
pandas/core/internals/blocks.py::3059,0.130722
pandas/core/internals/blocks.py::3065,0.130722
pandas/core/internals/blocks.py::3070,0.130722
pandas/core/internals/blocks.py::3073,0.130722
pandas/core/internals/blocks.py::3079,0.130722
pandas/core/internals/blocks.py::3080,0.130722
pandas/core/internals/blocks.py::3081,0.130722
pandas/core/internals/blocks.py::3088,0.130722
pandas/core/internals/blocks.py::330,0.130722
pandas/core/internals/blocks.py::334,0.130722
pandas/core/internals/blocks.py::338,0.130722
pandas/core/internals/blocks.py::341,0.130722
pandas/core/internals/blocks.py::342,0.130722
pandas/core/internals/construction.py::210,0.130722
pandas/core/internals/construction.py::235,0.130722
pandas/core/internals/construction.py::236,0.130722
pandas/core/internals/construction.py::237,0.130722
pandas/core/internals/construction.py::241,0.130722
pandas/core/internals/construction.py::244,0.130722
pandas/core/internals/construction.py::246,0.130722
pandas/core/internals/construction.py::290,0.130722
pandas/core/internals/construction.py::291,0.130722
pandas/core/internals/construction.py::293,0.130722
pandas/core/internals/construction.py::294,0.130722
pandas/core/internals/construction.py::295,0.130722
pandas/core/internals/construction.py::297,0.130722
pandas/core/internals/construction.py::300,0.130722
pandas/core/internals/construction.py::302,0.130722
pandas/core/internals/construction.py::311,0.130722
pandas/core/internals/construction.py::312,0.130722
pandas/core/internals/construction.py::315,0.130722
pandas/core/internals/construction.py::317,0.130722
pandas/core/internals/construction.py::321,0.130722
pandas/core/internals/construction.py::322,0.130722
pandas/core/internals/construction.py::324,0.130722
pandas/core/internals/construction.py::325,0.130722
pandas/core/internals/construction.py::326,0.130722
pandas/core/internals/construction.py::328,0.130722
pandas/core/internals/construction.py::329,0.130722
pandas/core/internals/construction.py::330,0.130722
pandas/core/internals/construction.py::331,0.130722
pandas/core/internals/construction.py::333,0.130722
pandas/core/internals/construction.py::334,0.130722
pandas/core/internals/construction.py::335,0.130722
pandas/core/internals/construction.py::336,0.130722
pandas/core/internals/construction.py::337,0.130722
pandas/core/internals/construction.py::342,0.130722
pandas/core/internals/construction.py::343,0.130722
pandas/core/internals/construction.py::344,0.130722
pandas/core/internals/construction.py::346,0.130722
pandas/core/internals/construction.py::349,0.130722
pandas/core/internals/construction.py::350,0.130722
pandas/core/internals/construction.py::351,0.130722
pandas/core/internals/construction.py::354,0.130722
pandas/core/internals/construction.py::355,0.130722
pandas/core/internals/construction.py::356,0.130722
pandas/core/internals/construction.py::359,0.130722
pandas/core/internals/construction.py::364,0.130722
pandas/core/internals/construction.py::372,0.130722
pandas/core/internals/construction.py::374,0.130722
pandas/core/internals/construction.py::65,0.130722
pandas/core/internals/construction.py::66,0.130722
pandas/core/internals/construction.py::71,0.130722
pandas/core/internals/construction.py::74,0.130722
pandas/core/internals/construction.py::76,0.130722
pandas/core/internals/managers.py::132,0.130722
pandas/core/internals/managers.py::133,0.130722
pandas/core/internals/managers.py::135,0.130722
pandas/core/internals/managers.py::136,0.130722
pandas/core/internals/managers.py::142,0.130722
pandas/core/internals/managers.py::143,0.130722
pandas/core/internals/managers.py::145,0.130722
pandas/core/internals/managers.py::147,0.130722
pandas/core/internals/managers.py::1475,0.130722
pandas/core/internals/managers.py::1483,0.130722
pandas/core/internals/managers.py::1484,0.130722
pandas/core/internals/managers.py::1485,0.130722
pandas/core/internals/managers.py::1513,0.130722
pandas/core/internals/managers.py::1514,0.130722
pandas/core/internals/managers.py::1516,0.130722
pandas/core/internals/managers.py::1523,0.130722
pandas/core/internals/managers.py::1557,0.130722
pandas/core/internals/managers.py::1583,0.130722
pandas/core/internals/managers.py::1594,0.130722
pandas/core/internals/managers.py::1686,0.130722
pandas/core/internals/managers.py::1687,0.130722
pandas/core/internals/managers.py::1688,0.130722
pandas/core/internals/managers.py::1689,0.130722
pandas/core/internals/managers.py::169,0.130722
pandas/core/internals/managers.py::1690,0.130722
pandas/core/internals/managers.py::1722,0.130722
pandas/core/internals/managers.py::1723,0.130722
pandas/core/internals/managers.py::1725,0.130722
pandas/core/internals/managers.py::1726,0.130722
pandas/core/internals/managers.py::1727,0.130722
pandas/core/internals/managers.py::173,0.130722
pandas/core/internals/managers.py::1732,0.130722
pandas/core/internals/managers.py::1733,0.130722
pandas/core/internals/managers.py::1737,0.130722
pandas/core/internals/managers.py::1738,0.130722
pandas/core/internals/managers.py::1740,0.130722
pandas/core/internals/managers.py::1741,0.130722
pandas/core/internals/managers.py::1743,0.130722
pandas/core/internals/managers.py::1744,0.130722
pandas/core/internals/managers.py::1745,0.130722
pandas/core/internals/managers.py::1746,0.130722
pandas/core/internals/managers.py::1748,0.130722
pandas/core/internals/managers.py::1752,0.130722
pandas/core/internals/managers.py::1756,0.130722
pandas/core/internals/managers.py::1757,0.130722
pandas/core/internals/managers.py::1758,0.130722
pandas/core/internals/managers.py::1760,0.130722
pandas/core/internals/managers.py::1764,0.130722
pandas/core/internals/managers.py::1771,0.130722
pandas/core/internals/managers.py::1775,0.130722
pandas/core/internals/managers.py::1776,0.130722
pandas/core/internals/managers.py::1777,0.130722
pandas/core/internals/managers.py::1779,0.130722
pandas/core/internals/managers.py::1786,0.130722
pandas/core/internals/managers.py::1795,0.130722
pandas/core/internals/managers.py::1803,0.130722
pandas/core/internals/managers.py::1813,0.130722
pandas/core/internals/managers.py::1820,0.130722
pandas/core/internals/managers.py::1823,0.130722
pandas/core/internals/managers.py::1826,0.130722
pandas/core/internals/managers.py::1827,0.130722
pandas/core/internals/managers.py::1834,0.130722
pandas/core/internals/managers.py::1836,0.130722
pandas/core/internals/managers.py::1837,0.130722
pandas/core/internals/managers.py::1839,0.130722
pandas/core/internals/managers.py::1841,0.130722
pandas/core/internals/managers.py::1842,0.130722
pandas/core/internals/managers.py::1844,0.130722
pandas/core/internals/managers.py::1850,0.130722
pandas/core/internals/managers.py::1851,0.130722
pandas/core/internals/managers.py::1852,0.130722
pandas/core/internals/managers.py::1854,0.130722
pandas/core/internals/managers.py::1856,0.130722
pandas/core/internals/managers.py::1857,0.130722
pandas/core/internals/managers.py::1858,0.130722
pandas/core/internals/managers.py::1860,0.130722
pandas/core/internals/managers.py::1862,0.130722
pandas/core/internals/managers.py::1864,0.130722
pandas/core/internals/managers.py::1865,0.130722
pandas/core/internals/managers.py::1867,0.130722
pandas/core/internals/managers.py::1868,0.130722
pandas/core/internals/managers.py::1869,0.130722
pandas/core/internals/managers.py::1871,0.130722
pandas/core/internals/managers.py::220,0.130722
pandas/core/internals/managers.py::221,0.130722
pandas/core/internals/managers.py::222,0.130722
pandas/core/internals/managers.py::223,0.130722
pandas/core/internals/managers.py::225,0.130722
pandas/core/internals/managers.py::226,0.130722
pandas/core/internals/managers.py::227,0.130722
pandas/core/internals/managers.py::228,0.130722
pandas/core/internals/managers.py::230,0.130722
pandas/core/internals/managers.py::233,0.130722
pandas/core/internals/managers.py::234,0.130722
pandas/core/internals/managers.py::238,0.130722
pandas/core/internals/managers.py::326,0.130722
pandas/core/internals/managers.py::341,0.130722
pandas/core/internals/managers.py::342,0.130722
pandas/core/internals/managers.py::343,0.130722
pandas/core/internals/managers.py::344,0.130722
pandas/core/internals/managers.py::346,0.130722
pandas/core/internals/managers.py::650,0.130722
pandas/core/internals/managers.py::652,0.130722
pandas/core/internals/managers.py::655,0.130722
pandas/core/internals/managers.py::656,0.130722
pandas/core/internals/managers.py::657,0.130722
pandas/core/internals/managers.py::927,0.130722
pandas/core/internals/managers.py::928,0.130722
pandas/core/internals/managers.py::936,0.130722
pandas/core/missing.py::580,0.130722
pandas/core/missing.py::77,0.130722
pandas/core/missing.py::78,0.130722
pandas/core/series.py::199,0.130722
pandas/core/series.py::211,0.130722
pandas/core/series.py::212,0.130722
pandas/core/series.py::214,0.130722
pandas/core/series.py::216,0.130722
pandas/core/series.py::228,0.130722
pandas/core/series.py::232,0.130722
pandas/core/series.py::248,0.130722
pandas/core/series.py::249,0.130722
pandas/core/series.py::287,0.130722
pandas/core/series.py::291,0.130722
pandas/core/series.py::295,0.130722
pandas/core/series.py::296,0.130722
pandas/core/series.py::305,0.130722
pandas/core/series.py::311,0.130722
pandas/core/series.py::313,0.130722
pandas/core/series.py::315,0.130722
pandas/core/series.py::317,0.130722
pandas/core/series.py::318,0.130722
pandas/core/series.py::4134,0.130722
pandas/core/series.py::417,0.130722
pandas/core/series.py::420,0.130722
pandas/core/series.py::421,0.130722
pandas/core/series.py::422,0.130722
pandas/core/series.py::433,0.130722
pandas/core/series.py::435,0.130722
pandas/core/series.py::436,0.130722
pandas/core/series.py::440,0.130722
pandas/core/series.py::441,0.130722
pandas/core/series.py::443,0.130722
pandas/core/series.py::454,0.130722
pandas/core/series.py::458,0.130722
pandas/core/series.py::460,0.130722
pandas/core/series.py::468,0.130722
pandas/core/series.py::560,0.130722
pandas/core/series.py::713,0.130722
pandas/core/tools/datetimes.py::743,0.130722
pandas/core/tools/datetimes.py::744,0.130722
pandas/core/tools/datetimes.py::746,0.130722
pandas/core/tools/datetimes.py::749,0.130722
pandas/core/tools/datetimes.py::750,0.130722
pandas/core/tools/datetimes.py::751,0.130722
pandas/core/tools/datetimes.py::752,0.130722
pandas/core/tools/datetimes.py::753,0.130722
pandas/core/tools/datetimes.py::754,0.130722
pandas/core/tools/datetimes.py::755,0.130722
pandas/core/tools/datetimes.py::756,0.130722
pandas/core/tools/datetimes.py::757,0.130722
pandas/core/tools/datetimes.py::758,0.130722
pandas/core/tools/datetimes.py::761,0.130722
pandas/core/tools/datetimes.py::762,0.130722
pandas/core/tools/datetimes.py::763,0.130722
pandas/core/tools/datetimes.py::793,0.130722
pandas/plotting/_matplotlib/compat.py::13,0.130722
pandas/plotting/_matplotlib/compat.py::14,0.130722
pandas/plotting/_matplotlib/compat.py::8,0.130722
pandas/plotting/_matplotlib/compat.py::9,0.130722
pandas/tseries/frequencies.py::114,0.130722
pandas/tseries/frequencies.py::115,0.130722
pandas/tseries/frequencies.py::117,0.130722
pandas/tseries/frequencies.py::118,0.130722
pandas/tseries/frequencies.py::120,0.130722
pandas/tseries/frequencies.py::128,0.130722
pandas/tseries/frequencies.py::145,0.130722
pandas/tseries/frequencies.py::146,0.130722
pandas/tseries/frequencies.py::147,0.130722
pandas/tseries/frequencies.py::148,0.130722
pandas/tseries/frequencies.py::149,0.130722
pandas/tseries/frequencies.py::152,0.130722
pandas/tseries/frequencies.py::153,0.130722
pandas/tseries/frequencies.py::155,0.130722
pandas/tseries/frequencies.py::157,0.130722
pandas/tseries/frequencies.py::158,0.130722
pandas/tseries/frequencies.py::159,0.130722
pandas/tseries/frequencies.py::160,0.130722
pandas/tseries/frequencies.py::161,0.130722
pandas/tseries/frequencies.py::162,0.130722
pandas/tseries/frequencies.py::166,0.130722
pandas/tseries/frequencies.py::167,0.130722
pandas/tseries/frequencies.py::168,0.130722
pandas/tseries/frequencies.py::169,0.130722
pandas/tseries/frequencies.py::170,0.130722
pandas/tseries/frequencies.py::173,0.130722
pandas/tseries/frequencies.py::174,0.130722
pandas/tseries/frequencies.py::176,0.130722
pandas/tseries/frequencies.py::179,0.130722
pandas/tseries/frequencies.py::190,0.130722
pandas/tseries/frequencies.py::191,0.130722
pandas/tseries/frequencies.py::192,0.130722
pandas/tseries/frequencies.py::193,0.130722
pandas/tseries/frequencies.py::197,0.130722
pandas/tseries/frequencies.py::198,0.130722
pandas/tseries/frequencies.py::199,0.130722
pandas/tseries/frequencies.py::200,0.130722
pandas/tseries/frequencies.py::204,0.130722
pandas/tseries/frequencies.py::206,0.130722
pandas/tseries/frequencies.py::210,0.130722
pandas/tseries/offsets.py::102,0.130722
pandas/tseries/offsets.py::103,0.130722
pandas/tseries/offsets.py::105,0.130722
pandas/tseries/offsets.py::106,0.130722
pandas/tseries/offsets.py::108,0.130722
pandas/tseries/offsets.py::109,0.130722
pandas/tseries/offsets.py::110,0.130722
pandas/tseries/offsets.py::112,0.130722
pandas/tseries/offsets.py::114,0.130722
pandas/tseries/offsets.py::115,0.130722
pandas/tseries/offsets.py::117,0.130722
pandas/tseries/offsets.py::118,0.130722
pandas/tseries/offsets.py::122,0.130722
pandas/tseries/offsets.py::133,0.130722
pandas/tseries/offsets.py::148,0.130722
pandas/tseries/offsets.py::2726,0.130722
pandas/tseries/offsets.py::2728,0.130722
pandas/tseries/offsets.py::2730,0.130722
pandas/tseries/offsets.py::2731,0.130722
pandas/tseries/offsets.py::2733,0.130722
pandas/tseries/offsets.py::2734,0.130722
pandas/tseries/offsets.py::2739,0.130722
pandas/tseries/offsets.py::2743,0.130722
pandas/tseries/offsets.py::2744,0.130722
pandas/tseries/offsets.py::2746,0.130722
pandas/tseries/offsets.py::2749,0.130722
pandas/tseries/offsets.py::2750,0.130722
pandas/tseries/offsets.py::2751,0.130722
pandas/tseries/offsets.py::2752,0.130722
pandas/tseries/offsets.py::2754,0.130722
pandas/tseries/offsets.py::2757,0.130722
pandas/tseries/offsets.py::2760,0.130722
pandas/tseries/offsets.py::2761,0.130722
pandas/tseries/offsets.py::2765,0.130722
pandas/tseries/offsets.py::418,0.130722
pandas/tseries/offsets.py::419,0.130722
pandas/tseries/offsets.py::420,0.130722
pandas/tseries/offsets.py::421,0.130722
pandas/tseries/offsets.py::444,0.130722
pandas/tseries/offsets.py::448,0.130722
pandas/tseries/offsets.py::449,0.130722
pandas/tseries/offsets.py::453,0.130722
pandas/tseries/offsets.py::456,0.130722
pandas/tseries/offsets.py::458,0.130722
pandas/tseries/offsets.py::459,0.130722
pandas/tseries/offsets.py::465,0.130722
pandas/tseries/offsets.py::514,0.130722
pandas/tseries/offsets.py::537,0.130722
pandas/tseries/offsets.py::538,0.130722
pandas/tseries/offsets.py::573,0.130722
pandas/tseries/offsets.py::574,0.130722
pandas/tseries/offsets.py::575,0.130722
pandas/tseries/offsets.py::578,0.130722
pandas/tseries/offsets.py::579,0.130722
pandas/tseries/offsets.py::583,0.130722
pandas/tseries/offsets.py::586,0.130722
pandas/tseries/offsets.py::589,0.130722
pandas/tseries/offsets.py::591,0.130722
pandas/tseries/offsets.py::592,0.130722
pandas/tseries/offsets.py::594,0.130722
pandas/tseries/offsets.py::597,0.130722
pandas/tseries/offsets.py::599,0.130722
pandas/tseries/offsets.py::600,0.130722
pandas/tseries/offsets.py::602,0.130722
pandas/tseries/offsets.py::637,0.130722
pandas/tseries/offsets.py::639,0.130722
pandas/tseries/offsets.py::85,0.130722
pandas/tseries/offsets.py::86,0.130722
pandas/tseries/offsets.py::97,0.130722
pandas/tseries/offsets.py::99,0.130722
pandas/util/_decorators.py::180,0.130722
pandas/util/_decorators.py::182,0.130722
pandas/util/_decorators.py::222,0.130722
pandas/util/testing.py::1586,0.130722
pandas/util/testing.py::1591,0.130722
pandas/util/testing.py::1636,0.130722
pandas/util/testing.py::1637,0.130722
pandas/util/testing.py::1638,0.130722
pandas/util/testing.py::1646,0.130722
pandas/util/testing.py::1647,0.130722
pandas/util/testing.py::1648,0.130722
pandas/util/testing.py::1714,0.130722
pandas/util/testing.py::1715,0.130722
pandas/util/testing.py::1731,0.130722
pandas/util/testing.py::1732,0.130722
pandas/util/testing.py::1733,0.130722
pandas/util/testing.py::1737,0.130722
pandas/util/testing.py::1738,0.130722
pandas/util/testing.py::1739,0.130722
pandas/util/testing.py::1743,0.130722
pandas/util/testing.py::1752,0.130722
pandas/util/testing.py::1753,0.130722
pandas/util/testing.py::2609,0.130722
pandas/util/testing.py::2613,0.130722
pandas/util/testing.py::2614,0.130722
pandas/util/testing.py::2618,0.130722
pandas/util/testing.py::418,0.130722
pandas/util/testing.py::419,0.130722
pandas/util/testing.py::420,0.130722
pandas/util/testing.py::422,0.130722
pandas/util/testing.py::425,0.130722
pandas/util/testing.py::462,0.130722
pandas/util/testing.py::464,0.130722
pandas/util/testing.py::465,0.130722
