Entity,Score
pandas/compat/numpy/function.py::417,0.909091
pandas/compat/numpy/function.py::418,0.909091
pandas/compat/numpy/function.py::419,0.909091
pandas/core/accessor.py::91,0.909091
pandas/core/algorithms.py::1449,0.909091
pandas/core/algorithms.py::1450,0.909091
pandas/core/algorithms.py::1451,0.909091
pandas/core/algorithms.py::1641,0.909091
pandas/core/algorithms.py::1642,0.909091
pandas/core/algorithms.py::1645,0.909091
pandas/core/algorithms.py::1646,0.909091
pandas/core/algorithms.py::1647,0.909091
pandas/core/algorithms.py::1663,0.909091
pandas/core/algorithms.py::1671,0.909091
pandas/core/arrays/_ranges.py::37,0.909091
pandas/core/arrays/_ranges.py::38,0.909091
pandas/core/arrays/_ranges.py::39,0.909091
pandas/core/arrays/_ranges.py::40,0.909091
pandas/core/arrays/_ranges.py::43,0.909091
pandas/core/arrays/_ranges.py::45,0.909091
pandas/core/arrays/_ranges.py::60,0.909091
pandas/core/arrays/_ranges.py::63,0.909091
pandas/core/arrays/_ranges.py::64,0.909091
pandas/core/arrays/_ranges.py::83,0.909091
pandas/core/arrays/base.py::380,0.909091
pandas/core/arrays/datetimelike.py::1523,0.909091
pandas/core/arrays/datetimelike.py::1530,0.909091
pandas/core/arrays/datetimelike.py::1550,0.909091
pandas/core/arrays/datetimelike.py::1551,0.909091
pandas/core/arrays/datetimelike.py::1553,0.909091
pandas/core/arrays/datetimelike.py::1554,0.909091
pandas/core/arrays/datetimelike.py::1555,0.909091
pandas/core/arrays/datetimelike.py::1563,0.909091
pandas/core/arrays/datetimelike.py::1588,0.909091
pandas/core/arrays/datetimelike.py::1594,0.909091
pandas/core/arrays/datetimelike.py::1595,0.909091
pandas/core/arrays/datetimelike.py::1596,0.909091
pandas/core/arrays/datetimelike.py::421,0.909091
pandas/core/arrays/datetimelike.py::428,0.909091
pandas/core/arrays/datetimelike.py::429,0.909091
pandas/core/arrays/datetimelike.py::432,0.909091
pandas/core/arrays/datetimelike.py::433,0.909091
pandas/core/arrays/datetimelike.py::434,0.909091
pandas/core/arrays/datetimelike.py::437,0.909091
pandas/core/arrays/datetimelike.py::443,0.909091
pandas/core/arrays/datetimelike.py::444,0.909091
pandas/core/arrays/datetimelike.py::451,0.909091
pandas/core/arrays/datetimelike.py::518,0.909091
pandas/core/arrays/datetimelike.py::520,0.909091
pandas/core/arrays/datetimelike.py::533,0.909091
pandas/core/arrays/datetimelike.py::534,0.909091
pandas/core/arrays/datetimelike.py::535,0.909091
pandas/core/arrays/datetimelike.py::540,0.909091
pandas/core/arrays/datetimelike.py::543,0.909091
pandas/core/arrays/datetimelike.py::596,0.909091
pandas/core/arrays/datetimelike.py::597,0.909091
pandas/core/arrays/datetimes.py::1115,0.909091
pandas/core/arrays/datetimes.py::1132,0.909091
pandas/core/arrays/datetimes.py::1133,0.909091
pandas/core/arrays/datetimes.py::1142,0.909091
pandas/core/arrays/datetimes.py::1148,0.909091
pandas/core/arrays/datetimes.py::1151,0.909091
pandas/core/arrays/datetimes.py::1152,0.909091
pandas/core/arrays/datetimes.py::1154,0.909091
pandas/core/arrays/datetimes.py::1155,0.909091
pandas/core/arrays/datetimes.py::1156,0.909091
pandas/core/arrays/datetimes.py::1910,0.909091
pandas/core/arrays/datetimes.py::1952,0.909091
pandas/core/arrays/datetimes.py::1953,0.909091
pandas/core/arrays/datetimes.py::2242,0.909091
pandas/core/arrays/datetimes.py::2251,0.909091
pandas/core/arrays/datetimes.py::2252,0.909091
pandas/core/arrays/datetimes.py::2257,0.909091
pandas/core/arrays/datetimes.py::2289,0.909091
pandas/core/arrays/datetimes.py::2290,0.909091
pandas/core/arrays/datetimes.py::2297,0.909091
pandas/core/arrays/datetimes.py::2298,0.909091
pandas/core/arrays/datetimes.py::2300,0.909091
pandas/core/arrays/datetimes.py::2304,0.909091
pandas/core/arrays/datetimes.py::2307,0.909091
pandas/core/arrays/datetimes.py::2311,0.909091
pandas/core/arrays/datetimes.py::2313,0.909091
pandas/core/arrays/datetimes.py::2314,0.909091
pandas/core/arrays/datetimes.py::2318,0.909091
pandas/core/arrays/datetimes.py::2320,0.909091
pandas/core/arrays/datetimes.py::2321,0.909091
pandas/core/arrays/datetimes.py::2325,0.909091
pandas/core/arrays/datetimes.py::2327,0.909091
pandas/core/arrays/datetimes.py::345,0.909091
pandas/core/arrays/datetimes.py::392,0.909091
pandas/core/arrays/datetimes.py::399,0.909091
pandas/core/arrays/datetimes.py::412,0.909091
pandas/core/arrays/datetimes.py::477,0.909091
pandas/core/arrays/datetimes.py::478,0.909091
pandas/core/arrays/datetimes.py::481,0.909091
pandas/core/arrays/datetimes.py::486,0.909091
pandas/core/arrays/datetimes.py::488,0.909091
pandas/core/arrays/datetimes.py::489,0.909091
pandas/core/arrays/datetimes.py::491,0.909091
pandas/core/arrays/datetimes.py::492,0.909091
pandas/core/arrays/datetimes.py::494,0.909091
pandas/core/arrays/datetimes.py::499,0.909091
pandas/core/arrays/datetimes.py::502,0.909091
pandas/core/arrays/datetimes.py::504,0.909091
pandas/core/arrays/datetimes.py::506,0.909091
pandas/core/arrays/datetimes.py::508,0.909091
pandas/core/arrays/datetimes.py::522,0.909091
pandas/core/arrays/datetimes.py::526,0.909091
pandas/core/arrays/datetimes.py::527,0.909091
pandas/core/arrays/datetimes.py::528,0.909091
pandas/core/arrays/datetimes.py::529,0.909091
pandas/core/arrays/datetimes.py::530,0.909091
pandas/core/arrays/datetimes.py::532,0.909091
pandas/core/arrays/datetimes.py::533,0.909091
pandas/core/arrays/datetimes.py::535,0.909091
pandas/core/arrays/datetimes.py::562,0.909091
pandas/core/arrays/datetimes.py::564,0.909091
pandas/core/arrays/datetimes.py::567,0.909091
pandas/core/arrays/datetimes.py::568,0.909091
pandas/core/arrays/datetimes.py::94,0.909091
pandas/core/arrays/datetimes.py::953,0.909091
pandas/core/arrays/datetimes.py::955,0.909091
pandas/core/arrays/datetimes.py::962,0.909091
pandas/core/arrays/datetimes.py::963,0.909091
pandas/core/base.py::1030,0.909091
pandas/core/base.py::798,0.909091
pandas/core/common.py::207,0.909091
pandas/core/common.py::221,0.909091
pandas/core/common.py::222,0.909091
pandas/core/common.py::225,0.909091
pandas/core/common.py::264,0.909091
pandas/core/common.py::267,0.909091
pandas/core/common.py::273,0.909091
pandas/core/common.py::275,0.909091
pandas/core/common.py::288,0.909091
pandas/core/common.py::290,0.909091
pandas/core/construction.py::416,0.909091
pandas/core/construction.py::417,0.909091
pandas/core/construction.py::420,0.909091
pandas/core/construction.py::422,0.909091
pandas/core/construction.py::424,0.909091
pandas/core/construction.py::429,0.909091
pandas/core/construction.py::479,0.909091
pandas/core/construction.py::480,0.909091
pandas/core/dtypes/cast.py::785,0.909091
pandas/core/dtypes/cast.py::788,0.909091
pandas/core/dtypes/cast.py::791,0.909091
pandas/core/dtypes/cast.py::794,0.909091
pandas/core/dtypes/cast.py::809,0.909091
pandas/core/dtypes/cast.py::832,0.909091
pandas/core/dtypes/cast.py::837,0.909091
pandas/core/dtypes/cast.py::840,0.909091
pandas/core/dtypes/cast.py::846,0.909091
pandas/core/dtypes/cast.py::850,0.909091
pandas/core/dtypes/cast.py::855,0.909091
pandas/core/dtypes/cast.py::859,0.909091
pandas/core/dtypes/cast.py::861,0.909091
pandas/core/dtypes/common.py::1725,0.909091
pandas/core/dtypes/dtypes.py::664,0.909091
pandas/core/dtypes/dtypes.py::667,0.909091
pandas/core/dtypes/dtypes.py::683,0.909091
pandas/core/dtypes/dtypes.py::684,0.909091
pandas/core/dtypes/dtypes.py::685,0.909091
pandas/core/dtypes/dtypes.py::688,0.909091
pandas/core/dtypes/dtypes.py::691,0.909091
pandas/core/dtypes/dtypes.py::692,0.909091
pandas/core/dtypes/dtypes.py::706,0.909091
pandas/core/dtypes/dtypes.py::769,0.909091
pandas/core/dtypes/dtypes.py::773,0.909091
pandas/core/dtypes/inference.py::323,0.909091
pandas/core/dtypes/inference.py::325,0.909091
pandas/core/frame.py::1031,0.909091
pandas/core/frame.py::2971,0.909091
pandas/core/frame.py::2974,0.909091
pandas/core/frame.py::2975,0.909091
pandas/core/frame.py::2980,0.909091
pandas/core/frame.py::2982,0.909091
pandas/core/frame.py::2986,0.909091
pandas/core/frame.py::3044,0.909091
pandas/core/frame.py::3045,0.909091
pandas/core/frame.py::3046,0.909091
pandas/core/frame.py::3051,0.909091
pandas/core/frame.py::3052,0.909091
pandas/core/frame.py::3097,0.909091
pandas/core/frame.py::3621,0.909091
pandas/core/frame.py::3624,0.909091
pandas/core/frame.py::3625,0.909091
pandas/core/frame.py::3641,0.909091
pandas/core/frame.py::3643,0.909091
pandas/core/frame.py::3644,0.909091
pandas/core/frame.py::3693,0.909091
pandas/core/frame.py::3697,0.909091
pandas/core/frame.py::3703,0.909091
pandas/core/frame.py::3771,0.909091
pandas/core/frame.py::3773,0.909091
pandas/core/frame.py::3774,0.909091
pandas/core/frame.py::3779,0.909091
pandas/core/frame.py::3780,0.909091
pandas/core/frame.py::3781,0.909091
pandas/core/frame.py::3782,0.909091
pandas/core/frame.py::3785,0.909091
pandas/core/frame.py::3797,0.909091
pandas/core/frame.py::3798,0.909091
pandas/core/frame.py::3800,0.909091
pandas/core/frame.py::3801,0.909091
pandas/core/frame.py::3802,0.909091
pandas/core/frame.py::3803,0.909091
pandas/core/frame.py::3804,0.909091
pandas/core/frame.py::3889,0.909091
pandas/core/frame.py::3890,0.909091
pandas/core/frame.py::3892,0.909091
pandas/core/frame.py::3893,0.909091
pandas/core/frame.py::3894,0.909091
pandas/core/frame.py::390,0.909091
pandas/core/frame.py::4028,0.909091
pandas/core/frame.py::4029,0.909091
pandas/core/frame.py::4030,0.909091
pandas/core/frame.py::4031,0.909091
pandas/core/frame.py::4032,0.909091
pandas/core/frame.py::4033,0.909091
pandas/core/frame.py::4034,0.909091
pandas/core/frame.py::4035,0.909091
pandas/core/frame.py::413,0.909091
pandas/core/frame.py::415,0.909091
pandas/core/frame.py::418,0.909091
pandas/core/frame.py::421,0.909091
pandas/core/frame.py::422,0.909091
pandas/core/frame.py::423,0.909091
pandas/core/frame.py::425,0.909091
pandas/core/frame.py::426,0.909091
pandas/core/frame.py::502,0.909091
pandas/core/generic.py::234,0.909091
pandas/core/generic.py::235,0.909091
pandas/core/generic.py::241,0.909091
pandas/core/generic.py::243,0.909091
pandas/core/generic.py::247,0.909091
pandas/core/generic.py::3395,0.909091
pandas/core/generic.py::3700,0.909091
pandas/core/generic.py::3701,0.909091
pandas/core/generic.py::3764,0.909091
pandas/core/generic.py::3765,0.909091
pandas/core/generic.py::3986,0.909091
pandas/core/generic.py::3988,0.909091
pandas/core/generic.py::3989,0.909091
pandas/core/generic.py::3991,0.909091
pandas/core/generic.py::3992,0.909091
pandas/core/generic.py::4000,0.909091
pandas/core/generic.py::4002,0.909091
pandas/core/generic.py::4003,0.909091
pandas/core/generic.py::4004,0.909091
pandas/core/generic.py::4006,0.909091
pandas/core/generic.py::4009,0.909091
pandas/core/generic.py::4026,0.909091
pandas/core/generic.py::4027,0.909091
pandas/core/generic.py::4028,0.909091
pandas/core/generic.py::4030,0.909091
pandas/core/generic.py::4031,0.909091
pandas/core/generic.py::4036,0.909091
pandas/core/generic.py::4037,0.909091
pandas/core/generic.py::4062,0.909091
pandas/core/generic.py::421,0.909091
pandas/core/generic.py::422,0.909091
pandas/core/generic.py::425,0.909091
pandas/core/generic.py::426,0.909091
pandas/core/generic.py::439,0.909091
pandas/core/generic.py::440,0.909091
pandas/core/generic.py::441,0.909091
pandas/core/generic.py::442,0.909091
pandas/core/generic.py::443,0.909091
pandas/core/generic.py::446,0.909091
pandas/core/generic.py::447,0.909091
pandas/core/generic.py::4563,0.909091
pandas/core/generic.py::4564,0.909091
pandas/core/generic.py::4565,0.909091
pandas/core/generic.py::4566,0.909091
pandas/core/generic.py::4567,0.909091
pandas/core/generic.py::4568,0.909091
pandas/core/generic.py::4569,0.909091
pandas/core/generic.py::4574,0.909091
pandas/core/generic.py::4576,0.909091
pandas/core/generic.py::4582,0.909091
pandas/core/generic.py::4586,0.909091
pandas/core/generic.py::4587,0.909091
pandas/core/generic.py::4588,0.909091
pandas/core/generic.py::4589,0.909091
pandas/core/generic.py::4596,0.909091
pandas/core/generic.py::4600,0.909091
pandas/core/generic.py::4601,0.909091
pandas/core/generic.py::4602,0.909091
pandas/core/generic.py::4630,0.909091
pandas/core/generic.py::4645,0.909091
pandas/core/generic.py::4646,0.909091
pandas/core/generic.py::4647,0.909091
pandas/core/generic.py::4648,0.909091
pandas/core/generic.py::4650,0.909091
pandas/core/generic.py::4653,0.909091
pandas/core/generic.py::4654,0.909091
pandas/core/generic.py::4655,0.909091
pandas/core/generic.py::4658,0.909091
pandas/core/generic.py::4659,0.909091
pandas/core/generic.py::4660,0.909091
pandas/core/generic.py::4661,0.909091
pandas/core/generic.py::4662,0.909091
pandas/core/generic.py::4663,0.909091
pandas/core/generic.py::4664,0.909091
pandas/core/generic.py::4667,0.909091
pandas/core/generic.py::4670,0.909091
pandas/core/generic.py::468,0.909091
pandas/core/generic.py::469,0.909091
pandas/core/generic.py::478,0.909091
pandas/core/generic.py::479,0.909091
pandas/core/generic.py::494,0.909091
pandas/core/generic.py::495,0.909091
pandas/core/generic.py::496,0.909091
pandas/core/generic.py::497,0.909091
pandas/core/generic.py::5359,0.909091
pandas/core/generic.py::5360,0.909091
pandas/core/generic.py::5361,0.909091
pandas/core/generic.py::5913,0.909091
pandas/core/generic.py::5938,0.909091
pandas/core/generic.py::5948,0.909091
pandas/core/generic.py::5949,0.909091
pandas/core/groupby/grouper.py::100,0.909091
pandas/core/groupby/grouper.py::101,0.909091
pandas/core/groupby/grouper.py::103,0.909091
pandas/core/groupby/grouper.py::104,0.909091
pandas/core/groupby/grouper.py::107,0.909091
pandas/core/groupby/grouper.py::108,0.909091
pandas/core/groupby/grouper.py::109,0.909091
pandas/core/groupby/grouper.py::110,0.909091
pandas/core/groupby/grouper.py::111,0.909091
pandas/core/groupby/grouper.py::113,0.909091
pandas/core/groupby/grouper.py::114,0.909091
pandas/core/groupby/grouper.py::115,0.909091
pandas/core/groupby/grouper.py::116,0.909091
pandas/core/groupby/grouper.py::117,0.909091
pandas/core/groupby/grouper.py::121,0.909091
pandas/core/groupby/grouper.py::159,0.909091
pandas/core/groupby/grouper.py::163,0.909091
pandas/core/groupby/grouper.py::164,0.909091
pandas/core/groupby/grouper.py::167,0.909091
pandas/core/groupby/grouper.py::168,0.909091
pandas/core/groupby/grouper.py::170,0.909091
pandas/core/groupby/grouper.py::171,0.909091
pandas/core/groupby/grouper.py::175,0.909091
pandas/core/groupby/grouper.py::179,0.909091
pandas/core/groupby/grouper.py::199,0.909091
pandas/core/groupby/grouper.py::205,0.909091
pandas/core/groupby/grouper.py::206,0.909091
pandas/core/groupby/grouper.py::207,0.909091
pandas/core/groupby/grouper.py::412,0.909091
pandas/core/groupby/grouper.py::516,0.909091
pandas/core/groupby/grouper.py::517,0.909091
pandas/core/groupby/grouper.py::520,0.909091
pandas/core/groupby/grouper.py::687,0.909091
pandas/core/groupby/grouper.py::688,0.909091
pandas/core/groupby/grouper.py::690,0.909091
pandas/core/groupby/ops.py::286,0.909091
pandas/core/groupby/ops.py::687,0.909091
pandas/core/groupby/ops.py::688,0.909091
pandas/core/groupby/ops.py::689,0.909091
pandas/core/groupby/ops.py::690,0.909091
pandas/core/groupby/ops.py::691,0.909091
pandas/core/groupby/ops.py::754,0.909091
pandas/core/groupby/ops.py::755,0.909091
pandas/core/groupby/ops.py::756,0.909091
pandas/core/groupby/ops.py::758,0.909091
pandas/core/groupby/ops.py::759,0.909091
pandas/core/groupby/ops.py::760,0.909091
pandas/core/groupby/ops.py::765,0.909091
pandas/core/groupby/ops.py::766,0.909091
pandas/core/groupby/ops.py::767,0.909091
pandas/core/groupby/ops.py::772,0.909091
pandas/core/groupby/ops.py::775,0.909091
pandas/core/groupby/ops.py::779,0.909091
pandas/core/groupby/ops.py::783,0.909091
pandas/core/groupby/ops.py::787,0.909091
pandas/core/groupby/ops.py::790,0.909091
pandas/core/groupby/ops.py::791,0.909091
pandas/core/indexes/base.py::2825,0.909091
pandas/core/indexes/base.py::2826,0.909091
pandas/core/indexes/base.py::3276,0.909091
pandas/core/indexes/base.py::3297,0.909091
pandas/core/indexes/base.py::3300,0.909091
pandas/core/indexes/base.py::3302,0.909091
pandas/core/indexes/base.py::3308,0.909091
pandas/core/indexes/base.py::3310,0.909091
pandas/core/indexes/base.py::3317,0.909091
pandas/core/indexes/base.py::3321,0.909091
pandas/core/indexes/base.py::3322,0.909091
pandas/core/indexes/base.py::3323,0.909091
pandas/core/indexes/base.py::3333,0.909091
pandas/core/indexes/base.py::3337,0.909091
pandas/core/indexes/base.py::4061,0.909091
pandas/core/indexes/base.py::4063,0.909091
pandas/core/indexes/base.py::4068,0.909091
pandas/core/indexes/base.py::4310,0.909091
pandas/core/indexes/base.py::4335,0.909091
pandas/core/indexes/base.py::446,0.909091
pandas/core/indexes/base.py::448,0.909091
pandas/core/indexes/base.py::5213,0.909091
pandas/core/indexes/base.py::5230,0.909091
pandas/core/indexes/base.py::5231,0.909091
pandas/core/indexes/base.py::5232,0.909091
pandas/core/indexes/base.py::5233,0.909091
pandas/core/indexes/base.py::5254,0.909091
pandas/core/indexes/base.py::5255,0.909091
pandas/core/indexes/base.py::5256,0.909091
pandas/core/indexes/base.py::5257,0.909091
pandas/core/indexes/base.py::5258,0.909091
pandas/core/indexes/base.py::5262,0.909091
pandas/core/indexes/base.py::5581,0.909091
pandas/core/indexes/base.py::5584,0.909091
pandas/core/indexes/base.py::5586,0.909091
pandas/core/indexes/base.py::5591,0.909091
pandas/core/indexes/base.py::5607,0.909091
pandas/core/indexes/base.py::5608,0.909091
pandas/core/indexes/base.py::5612,0.909091
pandas/core/indexes/datetimelike.py::376,0.909091
pandas/core/indexes/datetimelike.py::377,0.909091
pandas/core/indexes/datetimelike.py::379,0.909091
pandas/core/indexes/datetimelike.py::382,0.909091
pandas/core/indexes/datetimelike.py::383,0.909091
pandas/core/indexes/datetimelike.py::385,0.909091
pandas/core/indexes/datetimelike.py::386,0.909091
pandas/core/indexes/datetimelike.py::387,0.909091
pandas/core/indexes/datetimelike.py::433,0.909091
pandas/core/indexes/datetimelike.py::434,0.909091
pandas/core/indexes/datetimelike.py::436,0.909091
pandas/core/indexes/datetimelike.py::439,0.909091
pandas/core/indexes/datetimelike.py::440,0.909091
pandas/core/indexes/datetimelike.py::442,0.909091
pandas/core/indexes/datetimelike.py::443,0.909091
pandas/core/indexes/datetimelike.py::444,0.909091
pandas/core/indexes/datetimelike.py::855,0.909091
pandas/core/indexes/datetimelike.py::856,0.909091
pandas/core/indexes/datetimelike.py::857,0.909091
pandas/core/indexes/datetimelike.py::858,0.909091
pandas/core/indexes/datetimes.py::1211,0.909091
pandas/core/indexes/datetimes.py::1216,0.909091
pandas/core/indexes/datetimes.py::1220,0.909091
pandas/core/indexes/datetimes.py::1564,0.909091
pandas/core/indexes/datetimes.py::1567,0.909091
pandas/core/indexes/datetimes.py::1568,0.909091
pandas/core/indexes/datetimes.py::1569,0.909091
pandas/core/indexes/datetimes.py::1570,0.909091
pandas/core/indexes/datetimes.py::1571,0.909091
pandas/core/indexes/datetimes.py::1572,0.909091
pandas/core/indexes/datetimes.py::1573,0.909091
pandas/core/indexes/datetimes.py::1574,0.909091
pandas/core/indexes/datetimes.py::1575,0.909091
pandas/core/indexes/datetimes.py::1577,0.909091
pandas/core/indexes/datetimes.py::347,0.909091
pandas/core/indexes/datetimes.py::348,0.909091
pandas/core/indexes/range.py::344,0.909091
pandas/core/indexes/range.py::349,0.909091
pandas/core/indexes/range.py::383,0.909091
pandas/core/indexes/range.py::388,0.909091
pandas/core/indexes/range.py::389,0.909091
pandas/core/indexes/range.py::395,0.909091
pandas/core/indexes/range.py::396,0.909091
pandas/core/indexes/range.py::400,0.909091
pandas/core/indexes/range.py::401,0.909091
pandas/core/indexes/range.py::402,0.909091
pandas/core/indexes/range.py::403,0.909091
pandas/core/indexes/range.py::405,0.909091
pandas/core/indexes/range.py::408,0.909091
pandas/core/indexes/range.py::476,0.909091
pandas/core/indexing.py::2336,0.909091
pandas/core/indexing.py::2337,0.909091
pandas/core/indexing.py::2340,0.909091
pandas/core/indexing.py::2343,0.909091
pandas/core/indexing.py::2348,0.909091
pandas/core/indexing.py::2354,0.909091
pandas/core/internals/blocks.py::1254,0.909091
pandas/core/internals/blocks.py::1256,0.909091
pandas/core/internals/blocks.py::1260,0.909091
pandas/core/internals/blocks.py::1261,0.909091
pandas/core/internals/blocks.py::1263,0.909091
pandas/core/internals/blocks.py::1264,0.909091
pandas/core/internals/blocks.py::1269,0.909091
pandas/core/internals/blocks.py::1270,0.909091
pandas/core/internals/blocks.py::1271,0.909091
pandas/core/internals/blocks.py::1273,0.909091
pandas/core/internals/blocks.py::1276,0.909091
pandas/core/internals/blocks.py::145,0.909091
pandas/core/internals/blocks.py::185,0.909091
pandas/core/internals/blocks.py::190,0.909091
pandas/core/internals/blocks.py::193,0.909091
pandas/core/internals/blocks.py::210,0.909091
pandas/core/internals/blocks.py::211,0.909091
pandas/core/internals/blocks.py::2149,0.909091
pandas/core/internals/blocks.py::225,0.909091
pandas/core/internals/blocks.py::2959,0.909091
pandas/core/internals/blocks.py::2960,0.909091
pandas/core/internals/blocks.py::2979,0.909091
pandas/core/internals/blocks.py::329,0.909091
pandas/core/internals/blocks.py::337,0.909091
pandas/core/internals/blocks.py::340,0.909091
pandas/core/internals/blocks.py::341,0.909091
pandas/core/internals/blocks.py::536,0.909091
pandas/core/internals/blocks.py::554,0.909091
pandas/core/internals/blocks.py::556,0.909091
pandas/core/internals/blocks.py::563,0.909091
pandas/core/internals/blocks.py::571,0.909091
pandas/core/internals/blocks.py::579,0.909091
pandas/core/internals/blocks.py::582,0.909091
pandas/core/internals/blocks.py::588,0.909091
pandas/core/internals/blocks.py::592,0.909091
pandas/core/internals/blocks.py::603,0.909091
pandas/core/internals/blocks.py::606,0.909091
pandas/core/internals/blocks.py::607,0.909091
pandas/core/internals/blocks.py::608,0.909091
pandas/core/internals/blocks.py::619,0.909091
pandas/core/internals/blocks.py::620,0.909091
pandas/core/internals/blocks.py::622,0.909091
pandas/core/internals/blocks.py::624,0.909091
pandas/core/internals/blocks.py::637,0.909091
pandas/core/internals/construction.py::213,0.909091
pandas/core/internals/construction.py::238,0.909091
pandas/core/internals/construction.py::239,0.909091
pandas/core/internals/construction.py::240,0.909091
pandas/core/internals/construction.py::244,0.909091
pandas/core/internals/construction.py::247,0.909091
pandas/core/internals/construction.py::249,0.909091
pandas/core/internals/construction.py::293,0.909091
pandas/core/internals/construction.py::294,0.909091
pandas/core/internals/construction.py::296,0.909091
pandas/core/internals/construction.py::297,0.909091
pandas/core/internals/construction.py::305,0.909091
pandas/core/internals/construction.py::314,0.909091
pandas/core/internals/construction.py::315,0.909091
pandas/core/internals/construction.py::318,0.909091
pandas/core/internals/construction.py::320,0.909091
pandas/core/internals/construction.py::324,0.909091
pandas/core/internals/construction.py::325,0.909091
pandas/core/internals/construction.py::327,0.909091
pandas/core/internals/construction.py::328,0.909091
pandas/core/internals/construction.py::329,0.909091
pandas/core/internals/construction.py::331,0.909091
pandas/core/internals/construction.py::332,0.909091
pandas/core/internals/construction.py::333,0.909091
pandas/core/internals/construction.py::334,0.909091
pandas/core/internals/construction.py::336,0.909091
pandas/core/internals/construction.py::337,0.909091
pandas/core/internals/construction.py::340,0.909091
pandas/core/internals/construction.py::345,0.909091
pandas/core/internals/construction.py::346,0.909091
pandas/core/internals/construction.py::347,0.909091
pandas/core/internals/construction.py::349,0.909091
pandas/core/internals/construction.py::352,0.909091
pandas/core/internals/construction.py::354,0.909091
pandas/core/internals/construction.py::357,0.909091
pandas/core/internals/construction.py::358,0.909091
pandas/core/internals/construction.py::359,0.909091
pandas/core/internals/construction.py::362,0.909091
pandas/core/internals/construction.py::367,0.909091
pandas/core/internals/construction.py::375,0.909091
pandas/core/internals/construction.py::377,0.909091
pandas/core/internals/construction.py::65,0.909091
pandas/core/internals/construction.py::66,0.909091
pandas/core/internals/construction.py::71,0.909091
pandas/core/internals/construction.py::74,0.909091
pandas/core/internals/construction.py::76,0.909091
pandas/core/internals/managers.py::1039,0.909091
pandas/core/internals/managers.py::1040,0.909091
pandas/core/internals/managers.py::1044,0.909091
pandas/core/internals/managers.py::1050,0.909091
pandas/core/internals/managers.py::1058,0.909091
pandas/core/internals/managers.py::1061,0.909091
pandas/core/internals/managers.py::1066,0.909091
pandas/core/internals/managers.py::1067,0.909091
pandas/core/internals/managers.py::1068,0.909091
pandas/core/internals/managers.py::1070,0.909091
pandas/core/internals/managers.py::1071,0.909091
pandas/core/internals/managers.py::1167,0.909091
pandas/core/internals/managers.py::1171,0.909091
pandas/core/internals/managers.py::1175,0.909091
pandas/core/internals/managers.py::1177,0.909091
pandas/core/internals/managers.py::1179,0.909091
pandas/core/internals/managers.py::1188,0.909091
pandas/core/internals/managers.py::1190,0.909091
pandas/core/internals/managers.py::1191,0.909091
pandas/core/internals/managers.py::1196,0.909091
pandas/core/internals/managers.py::1197,0.909091
pandas/core/internals/managers.py::1198,0.909091
pandas/core/internals/managers.py::1200,0.909091
pandas/core/internals/managers.py::1202,0.909091
pandas/core/internals/managers.py::1234,0.909091
pandas/core/internals/managers.py::1243,0.909091
pandas/core/internals/managers.py::1246,0.909091
pandas/core/internals/managers.py::1247,0.909091
pandas/core/internals/managers.py::1249,0.909091
pandas/core/internals/managers.py::1252,0.909091
pandas/core/internals/managers.py::1256,0.909091
pandas/core/internals/managers.py::1263,0.909091
pandas/core/internals/managers.py::1266,0.909091
pandas/core/internals/managers.py::1267,0.909091
pandas/core/internals/managers.py::1268,0.909091
pandas/core/internals/managers.py::132,0.909091
pandas/core/internals/managers.py::133,0.909091
pandas/core/internals/managers.py::135,0.909091
pandas/core/internals/managers.py::136,0.909091
pandas/core/internals/managers.py::142,0.909091
pandas/core/internals/managers.py::143,0.909091
pandas/core/internals/managers.py::145,0.909091
pandas/core/internals/managers.py::147,0.909091
pandas/core/internals/managers.py::1681,0.909091
pandas/core/internals/managers.py::1682,0.909091
pandas/core/internals/managers.py::1683,0.909091
pandas/core/internals/managers.py::1684,0.909091
pandas/core/internals/managers.py::1685,0.909091
pandas/core/internals/managers.py::169,0.909091
pandas/core/internals/managers.py::1717,0.909091
pandas/core/internals/managers.py::1718,0.909091
pandas/core/internals/managers.py::1720,0.909091
pandas/core/internals/managers.py::1721,0.909091
pandas/core/internals/managers.py::1722,0.909091
pandas/core/internals/managers.py::1727,0.909091
pandas/core/internals/managers.py::1728,0.909091
pandas/core/internals/managers.py::173,0.909091
pandas/core/internals/managers.py::1732,0.909091
pandas/core/internals/managers.py::1733,0.909091
pandas/core/internals/managers.py::1735,0.909091
pandas/core/internals/managers.py::1736,0.909091
pandas/core/internals/managers.py::1738,0.909091
pandas/core/internals/managers.py::1739,0.909091
pandas/core/internals/managers.py::1743,0.909091
pandas/core/internals/managers.py::1747,0.909091
pandas/core/internals/managers.py::1751,0.909091
pandas/core/internals/managers.py::1752,0.909091
pandas/core/internals/managers.py::1753,0.909091
pandas/core/internals/managers.py::1755,0.909091
pandas/core/internals/managers.py::1759,0.909091
pandas/core/internals/managers.py::1766,0.909091
pandas/core/internals/managers.py::1770,0.909091
pandas/core/internals/managers.py::1771,0.909091
pandas/core/internals/managers.py::1772,0.909091
pandas/core/internals/managers.py::1774,0.909091
pandas/core/internals/managers.py::1781,0.909091
pandas/core/internals/managers.py::1790,0.909091
pandas/core/internals/managers.py::1798,0.909091
pandas/core/internals/managers.py::1808,0.909091
pandas/core/internals/managers.py::1815,0.909091
pandas/core/internals/managers.py::1818,0.909091
pandas/core/internals/managers.py::1821,0.909091
pandas/core/internals/managers.py::1822,0.909091
pandas/core/internals/managers.py::1829,0.909091
pandas/core/internals/managers.py::1831,0.909091
pandas/core/internals/managers.py::1832,0.909091
pandas/core/internals/managers.py::1834,0.909091
pandas/core/internals/managers.py::1836,0.909091
pandas/core/internals/managers.py::1837,0.909091
pandas/core/internals/managers.py::1839,0.909091
pandas/core/internals/managers.py::1845,0.909091
pandas/core/internals/managers.py::1846,0.909091
pandas/core/internals/managers.py::1849,0.909091
pandas/core/internals/managers.py::1851,0.909091
pandas/core/internals/managers.py::1852,0.909091
pandas/core/internals/managers.py::1855,0.909091
pandas/core/internals/managers.py::1857,0.909091
pandas/core/internals/managers.py::1859,0.909091
pandas/core/internals/managers.py::1860,0.909091
pandas/core/internals/managers.py::1862,0.909091
pandas/core/internals/managers.py::1863,0.909091
pandas/core/internals/managers.py::1864,0.909091
pandas/core/internals/managers.py::1866,0.909091
pandas/core/internals/managers.py::1985,0.909091
pandas/core/internals/managers.py::1986,0.909091
pandas/core/internals/managers.py::1987,0.909091
pandas/core/internals/managers.py::220,0.909091
pandas/core/internals/managers.py::221,0.909091
pandas/core/internals/managers.py::222,0.909091
pandas/core/internals/managers.py::223,0.909091
pandas/core/internals/managers.py::225,0.909091
pandas/core/internals/managers.py::226,0.909091
pandas/core/internals/managers.py::227,0.909091
pandas/core/internals/managers.py::228,0.909091
pandas/core/internals/managers.py::230,0.909091
pandas/core/internals/managers.py::233,0.909091
pandas/core/internals/managers.py::234,0.909091
pandas/core/internals/managers.py::341,0.909091
pandas/core/internals/managers.py::342,0.909091
pandas/core/internals/managers.py::343,0.909091
pandas/core/internals/managers.py::344,0.909091
pandas/core/internals/managers.py::346,0.909091
pandas/core/internals/managers.py::581,0.909091
pandas/core/internals/managers.py::651,0.909091
pandas/core/internals/managers.py::655,0.909091
pandas/core/internals/managers.py::656,0.909091
pandas/core/internals/managers.py::657,0.909091
pandas/core/internals/managers.py::936,0.909091
pandas/core/resample.py::1,0.909091
pandas/core/resample.py::10,0.909091
pandas/core/resample.py::1001,0.909091
pandas/core/resample.py::1019,0.909091
pandas/core/resample.py::102,0.909091
pandas/core/resample.py::1020,0.909091
pandas/core/resample.py::1037,0.909091
pandas/core/resample.py::1038,0.909091
pandas/core/resample.py::1039,0.909091
pandas/core/resample.py::1042,0.909091
pandas/core/resample.py::1043,0.909091
pandas/core/resample.py::1047,0.909091
pandas/core/resample.py::1050,0.909091
pandas/core/resample.py::1052,0.909091
pandas/core/resample.py::1054,0.909091
pandas/core/resample.py::1089,0.909091
pandas/core/resample.py::11,0.909091
pandas/core/resample.py::1101,0.909091
pandas/core/resample.py::112,0.909091
pandas/core/resample.py::1145,0.909091
pandas/core/resample.py::1155,0.909091
pandas/core/resample.py::1158,0.909091
pandas/core/resample.py::1160,0.909091
pandas/core/resample.py::1165,0.909091
pandas/core/resample.py::1166,0.909091
pandas/core/resample.py::1170,0.909091
pandas/core/resample.py::1175,0.909091
pandas/core/resample.py::1198,0.909091
pandas/core/resample.py::12,0.909091
pandas/core/resample.py::1235,0.909091
pandas/core/resample.py::1271,0.909091
pandas/core/resample.py::1274,0.909091
pandas/core/resample.py::1276,0.909091
pandas/core/resample.py::128,0.909091
pandas/core/resample.py::1281,0.909091
pandas/core/resample.py::1282,0.909091
pandas/core/resample.py::1286,0.909091
pandas/core/resample.py::1289,0.909091
pandas/core/resample.py::1299,0.909091
pandas/core/resample.py::13,0.909091
pandas/core/resample.py::130,0.909091
pandas/core/resample.py::1302,0.909091
pandas/core/resample.py::1304,0.909091
pandas/core/resample.py::1309,0.909091
pandas/core/resample.py::1317,0.909091
pandas/core/resample.py::132,0.909091
pandas/core/resample.py::1321,0.909091
pandas/core/resample.py::1336,0.909091
pandas/core/resample.py::134,0.909091
pandas/core/resample.py::1347,0.909091
pandas/core/resample.py::1349,0.909091
pandas/core/resample.py::1356,0.909091
pandas/core/resample.py::136,0.909091
pandas/core/resample.py::1371,0.909091
pandas/core/resample.py::1376,0.909091
pandas/core/resample.py::1378,0.909091
pandas/core/resample.py::1380,0.909091
pandas/core/resample.py::1383,0.909091
pandas/core/resample.py::1385,0.909091
pandas/core/resample.py::1386,0.909091
pandas/core/resample.py::1387,0.909091
pandas/core/resample.py::1393,0.909091
pandas/core/resample.py::1394,0.909091
pandas/core/resample.py::1395,0.909091
pandas/core/resample.py::1396,0.909091
pandas/core/resample.py::1398,0.909091
pandas/core/resample.py::1399,0.909091
pandas/core/resample.py::14,0.909091
pandas/core/resample.py::1400,0.909091
pandas/core/resample.py::1402,0.909091
pandas/core/resample.py::1403,0.909091
pandas/core/resample.py::1405,0.909091
pandas/core/resample.py::1407,0.909091
pandas/core/resample.py::1409,0.909091
pandas/core/resample.py::1410,0.909091
pandas/core/resample.py::1411,0.909091
pandas/core/resample.py::1412,0.909091
pandas/core/resample.py::1415,0.909091
pandas/core/resample.py::1417,0.909091
pandas/core/resample.py::1419,0.909091
pandas/core/resample.py::1438,0.909091
pandas/core/resample.py::1440,0.909091
pandas/core/resample.py::1441,0.909091
pandas/core/resample.py::1442,0.909091
pandas/core/resample.py::145,0.909091
pandas/core/resample.py::1454,0.909091
pandas/core/resample.py::1456,0.909091
pandas/core/resample.py::1457,0.909091
pandas/core/resample.py::1458,0.909091
pandas/core/resample.py::1460,0.909091
pandas/core/resample.py::1461,0.909091
pandas/core/resample.py::1467,0.909091
pandas/core/resample.py::1471,0.909091
pandas/core/resample.py::1472,0.909091
pandas/core/resample.py::1479,0.909091
pandas/core/resample.py::1480,0.909091
pandas/core/resample.py::1481,0.909091
pandas/core/resample.py::1482,0.909091
pandas/core/resample.py::1483,0.909091
pandas/core/resample.py::1484,0.909091
pandas/core/resample.py::1485,0.909091
pandas/core/resample.py::1486,0.909091
pandas/core/resample.py::1489,0.909091
pandas/core/resample.py::1490,0.909091
pandas/core/resample.py::1493,0.909091
pandas/core/resample.py::1494,0.909091
pandas/core/resample.py::1497,0.909091
pandas/core/resample.py::15,0.909091
pandas/core/resample.py::1501,0.909091
pandas/core/resample.py::1504,0.909091
pandas/core/resample.py::1511,0.909091
pandas/core/resample.py::1512,0.909091
pandas/core/resample.py::1514,0.909091
pandas/core/resample.py::1516,0.909091
pandas/core/resample.py::1519,0.909091
pandas/core/resample.py::1533,0.909091
pandas/core/resample.py::1534,0.909091
pandas/core/resample.py::1536,0.909091
pandas/core/resample.py::156,0.909091
pandas/core/resample.py::1561,0.909091
pandas/core/resample.py::1583,0.909091
pandas/core/resample.py::1647,0.909091
pandas/core/resample.py::1662,0.909091
pandas/core/resample.py::168,0.909091
pandas/core/resample.py::1687,0.909091
pandas/core/resample.py::1688,0.909091
pandas/core/resample.py::169,0.909091
pandas/core/resample.py::1692,0.909091
pandas/core/resample.py::1693,0.909091
pandas/core/resample.py::1694,0.909091
pandas/core/resample.py::1696,0.909091
pandas/core/resample.py::1697,0.909091
pandas/core/resample.py::1699,0.909091
pandas/core/resample.py::17,0.909091
pandas/core/resample.py::1700,0.909091
pandas/core/resample.py::1701,0.909091
pandas/core/resample.py::1702,0.909091
pandas/core/resample.py::171,0.909091
pandas/core/resample.py::1718,0.909091
pandas/core/resample.py::174,0.909091
pandas/core/resample.py::1758,0.909091
pandas/core/resample.py::1768,0.909091
pandas/core/resample.py::1769,0.909091
pandas/core/resample.py::1770,0.909091
pandas/core/resample.py::1771,0.909091
pandas/core/resample.py::1773,0.909091
pandas/core/resample.py::1776,0.909091
pandas/core/resample.py::1777,0.909091
pandas/core/resample.py::1779,0.909091
pandas/core/resample.py::1780,0.909091
pandas/core/resample.py::1782,0.909091
pandas/core/resample.py::1796,0.909091
pandas/core/resample.py::1797,0.909091
pandas/core/resample.py::180,0.909091
pandas/core/resample.py::1802,0.909091
pandas/core/resample.py::1804,0.909091
pandas/core/resample.py::1807,0.909091
pandas/core/resample.py::1808,0.909091
pandas/core/resample.py::1809,0.909091
pandas/core/resample.py::181,0.909091
pandas/core/resample.py::1811,0.909091
pandas/core/resample.py::1813,0.909091
pandas/core/resample.py::1816,0.909091
pandas/core/resample.py::183,0.909091
pandas/core/resample.py::189,0.909091
pandas/core/resample.py::19,0.909091
pandas/core/resample.py::190,0.909091
pandas/core/resample.py::191,0.909091
pandas/core/resample.py::193,0.909091
pandas/core/resample.py::199,0.909091
pandas/core/resample.py::2,0.909091
pandas/core/resample.py::20,0.909091
pandas/core/resample.py::200,0.909091
pandas/core/resample.py::201,0.909091
pandas/core/resample.py::21,0.909091
pandas/core/resample.py::218,0.909091
pandas/core/resample.py::22,0.909091
pandas/core/resample.py::220,0.909091
pandas/core/resample.py::224,0.909091
pandas/core/resample.py::23,0.909091
pandas/core/resample.py::231,0.909091
pandas/core/resample.py::234,0.909091
pandas/core/resample.py::24,0.909091
pandas/core/resample.py::25,0.909091
pandas/core/resample.py::26,0.909091
pandas/core/resample.py::269,0.909091
pandas/core/resample.py::27,0.909091
pandas/core/resample.py::272,0.909091
pandas/core/resample.py::273,0.909091
pandas/core/resample.py::274,0.909091
pandas/core/resample.py::275,0.909091
pandas/core/resample.py::276,0.909091
pandas/core/resample.py::277,0.909091
pandas/core/resample.py::279,0.909091
pandas/core/resample.py::28,0.909091
pandas/core/resample.py::29,0.909091
pandas/core/resample.py::292,0.909091
pandas/core/resample.py::293,0.909091
pandas/core/resample.py::295,0.909091
pandas/core/resample.py::3,0.909091
pandas/core/resample.py::31,0.909091
pandas/core/resample.py::315,0.909091
pandas/core/resample.py::318,0.909091
pandas/core/resample.py::32,0.909091
pandas/core/resample.py::321,0.909091
pandas/core/resample.py::34,0.909091
pandas/core/resample.py::345,0.909091
pandas/core/resample.py::37,0.909091
pandas/core/resample.py::389,0.909091
pandas/core/resample.py::4,0.909091
pandas/core/resample.py::414,0.909091
pandas/core/resample.py::420,0.909091
pandas/core/resample.py::437,0.909091
pandas/core/resample.py::457,0.909091
pandas/core/resample.py::459,0.909091
pandas/core/resample.py::5,0.909091
pandas/core/resample.py::521,0.909091
pandas/core/resample.py::59,0.909091
pandas/core/resample.py::624,0.909091
pandas/core/resample.py::626,0.909091
pandas/core/resample.py::63,0.909091
pandas/core/resample.py::64,0.909091
pandas/core/resample.py::65,0.909091
pandas/core/resample.py::66,0.909091
pandas/core/resample.py::67,0.909091
pandas/core/resample.py::68,0.909091
pandas/core/resample.py::69,0.909091
pandas/core/resample.py::7,0.909091
pandas/core/resample.py::70,0.909091
pandas/core/resample.py::73,0.909091
pandas/core/resample.py::74,0.909091
pandas/core/resample.py::75,0.909091
pandas/core/resample.py::76,0.909091
pandas/core/resample.py::77,0.909091
pandas/core/resample.py::78,0.909091
pandas/core/resample.py::786,0.909091
pandas/core/resample.py::79,0.909091
pandas/core/resample.py::795,0.909091
pandas/core/resample.py::80,0.909091
pandas/core/resample.py::81,0.909091
pandas/core/resample.py::813,0.909091
pandas/core/resample.py::82,0.909091
pandas/core/resample.py::83,0.909091
pandas/core/resample.py::835,0.909091
pandas/core/resample.py::84,0.909091
pandas/core/resample.py::852,0.909091
pandas/core/resample.py::86,0.909091
pandas/core/resample.py::869,0.909091
pandas/core/resample.py::87,0.909091
pandas/core/resample.py::880,0.909091
pandas/core/resample.py::89,0.909091
pandas/core/resample.py::9,0.909091
pandas/core/resample.py::905,0.909091
pandas/core/resample.py::907,0.909091
pandas/core/resample.py::911,0.909091
pandas/core/resample.py::912,0.909091
pandas/core/resample.py::916,0.909091
pandas/core/resample.py::918,0.909091
pandas/core/resample.py::922,0.909091
pandas/core/resample.py::923,0.909091
pandas/core/resample.py::926,0.909091
pandas/core/resample.py::928,0.909091
pandas/core/resample.py::931,0.909091
pandas/core/resample.py::932,0.909091
pandas/core/resample.py::935,0.909091
pandas/core/resample.py::937,0.909091
pandas/core/resample.py::940,0.909091
pandas/core/resample.py::941,0.909091
pandas/core/resample.py::944,0.909091
pandas/core/resample.py::996,0.909091
pandas/core/resample.py::999,0.909091
pandas/core/series.py::225,0.909091
pandas/core/series.py::243,0.909091
pandas/core/series.py::246,0.909091
pandas/core/series.py::251,0.909091
pandas/core/series.py::252,0.909091
pandas/core/series.py::256,0.909091
pandas/core/series.py::269,0.909091
pandas/core/series.py::270,0.909091
pandas/core/series.py::271,0.909091
pandas/core/series.py::287,0.909091
pandas/core/series.py::291,0.909091
pandas/core/series.py::295,0.909091
pandas/core/series.py::350,0.909091
pandas/core/series.py::353,0.909091
pandas/core/series.py::359,0.909091
pandas/core/series.py::362,0.909091
pandas/core/series.py::365,0.909091
pandas/core/series.py::367,0.909091
pandas/core/series.py::374,0.909091
pandas/core/series.py::3934,0.909091
pandas/core/series.py::3940,0.909091
pandas/core/series.py::3944,0.909091
pandas/core/series.py::3948,0.909091
pandas/core/series.py::3954,0.909091
pandas/core/series.py::3956,0.909091
pandas/core/series.py::3957,0.909091
pandas/core/series.py::3961,0.909091
pandas/core/series.py::3964,0.909091
pandas/core/series.py::3965,0.909091
pandas/core/series.py::3967,0.909091
pandas/core/series.py::3972,0.909091
pandas/core/tools/datetimes.py::100,0.909091
pandas/core/tools/datetimes.py::103,0.909091
pandas/core/tools/datetimes.py::105,0.909091
pandas/core/tools/datetimes.py::106,0.909091
pandas/core/tools/datetimes.py::146,0.909091
pandas/core/tools/datetimes.py::148,0.909091
pandas/core/tools/datetimes.py::149,0.909091
pandas/core/tools/datetimes.py::151,0.909091
pandas/core/tools/datetimes.py::152,0.909091
pandas/core/tools/datetimes.py::313,0.909091
pandas/core/tools/datetimes.py::314,0.909091
pandas/core/tools/datetimes.py::315,0.909091
pandas/core/tools/datetimes.py::320,0.909091
pandas/core/tools/datetimes.py::324,0.909091
pandas/core/tools/datetimes.py::331,0.909091
pandas/core/tools/datetimes.py::343,0.909091
pandas/core/tools/datetimes.py::344,0.909091
pandas/core/tools/datetimes.py::346,0.909091
pandas/core/tools/datetimes.py::347,0.909091
pandas/core/tools/datetimes.py::348,0.909091
pandas/core/tools/datetimes.py::349,0.909091
pandas/core/tools/datetimes.py::354,0.909091
pandas/core/tools/datetimes.py::358,0.909091
pandas/core/tools/datetimes.py::359,0.909091
pandas/core/tools/datetimes.py::363,0.909091
pandas/core/tools/datetimes.py::368,0.909091
pandas/core/tools/datetimes.py::738,0.909091
pandas/core/tools/datetimes.py::741,0.909091
pandas/core/tools/datetimes.py::744,0.909091
pandas/core/tools/datetimes.py::745,0.909091
pandas/core/tools/datetimes.py::746,0.909091
pandas/core/tools/datetimes.py::747,0.909091
pandas/core/tools/datetimes.py::748,0.909091
pandas/core/tools/datetimes.py::749,0.909091
pandas/core/tools/datetimes.py::750,0.909091
pandas/core/tools/datetimes.py::751,0.909091
pandas/core/tools/datetimes.py::752,0.909091
pandas/core/tools/datetimes.py::753,0.909091
pandas/core/tools/datetimes.py::756,0.909091
pandas/core/tools/datetimes.py::763,0.909091
pandas/core/tools/datetimes.py::764,0.909091
pandas/core/tools/datetimes.py::765,0.909091
pandas/core/tools/datetimes.py::768,0.909091
pandas/core/tools/datetimes.py::769,0.909091
pandas/core/tools/datetimes.py::788,0.909091
pandas/tseries/frequencies.py::117,0.909091
pandas/tseries/frequencies.py::118,0.909091
pandas/tseries/frequencies.py::120,0.909091
pandas/tseries/frequencies.py::128,0.909091
pandas/tseries/frequencies.py::145,0.909091
pandas/tseries/frequencies.py::146,0.909091
pandas/tseries/frequencies.py::147,0.909091
pandas/tseries/frequencies.py::148,0.909091
pandas/tseries/frequencies.py::149,0.909091
pandas/tseries/frequencies.py::152,0.909091
pandas/tseries/frequencies.py::153,0.909091
pandas/tseries/frequencies.py::155,0.909091
pandas/tseries/frequencies.py::157,0.909091
pandas/tseries/frequencies.py::158,0.909091
pandas/tseries/frequencies.py::159,0.909091
pandas/tseries/frequencies.py::160,0.909091
pandas/tseries/frequencies.py::161,0.909091
pandas/tseries/frequencies.py::162,0.909091
pandas/tseries/frequencies.py::163,0.909091
pandas/tseries/frequencies.py::164,0.909091
pandas/tseries/frequencies.py::166,0.909091
pandas/tseries/frequencies.py::167,0.909091
pandas/tseries/frequencies.py::168,0.909091
pandas/tseries/frequencies.py::169,0.909091
pandas/tseries/frequencies.py::170,0.909091
pandas/tseries/frequencies.py::173,0.909091
pandas/tseries/frequencies.py::174,0.909091
pandas/tseries/frequencies.py::176,0.909091
pandas/tseries/frequencies.py::179,0.909091
pandas/tseries/frequencies.py::190,0.909091
pandas/tseries/frequencies.py::191,0.909091
pandas/tseries/frequencies.py::192,0.909091
pandas/tseries/frequencies.py::193,0.909091
pandas/tseries/frequencies.py::197,0.909091
pandas/tseries/frequencies.py::198,0.909091
pandas/tseries/frequencies.py::199,0.909091
pandas/tseries/frequencies.py::200,0.909091
pandas/tseries/frequencies.py::204,0.909091
pandas/tseries/frequencies.py::206,0.909091
pandas/tseries/frequencies.py::210,0.909091
pandas/tseries/offsets.py::2551,0.909091
pandas/tseries/offsets.py::2552,0.909091
pandas/tseries/offsets.py::2581,0.909091
pandas/tseries/offsets.py::2582,0.909091
pandas/tseries/offsets.py::2584,0.909091
pandas/tseries/offsets.py::2587,0.909091
pandas/tseries/offsets.py::2588,0.909091
pandas/tseries/offsets.py::2590,0.909091
pandas/tseries/offsets.py::2603,0.909091
pandas/tseries/offsets.py::2604,0.909091
pandas/tseries/offsets.py::2606,0.909091
pandas/tseries/offsets.py::2609,0.909091
pandas/tseries/offsets.py::2614,0.909091
pandas/tseries/offsets.py::2615,0.909091
pandas/tseries/offsets.py::2621,0.909091
pandas/tseries/offsets.py::2625,0.909091
pandas/tseries/offsets.py::443,0.909091
pandas/util/_decorators.py::235,0.909091
pandas/util/_decorators.py::292,0.909091
pandas/util/_decorators.py::295,0.909091
pandas/util/_decorators.py::298,0.909091
pandas/util/_decorators.py::299,0.909091
pandas/util/_decorators.py::331,0.909091
pandas/util/_decorators.py::334,0.909091
pandas/util/_decorators.py::335,0.909091
pandas/util/_decorators.py::338,0.909091
pandas/util/_decorators.py::339,0.909091
pandas/util/_decorators.py::340,0.909091
pandas/util/_decorators.py::341,0.909091
pandas/util/_decorators.py::342,0.909091
pandas/util/_validators.py::280,0.909091
pandas/util/_validators.py::285,0.909091
pandas/util/_validators.py::290,0.909091
pandas/util/_validators.py::301,0.909091
pandas/util/_validators.py::302,0.909091
pandas/util/_validators.py::303,0.909091
pandas/util/_validators.py::307,0.909091
pandas/util/_validators.py::313,0.909091
pandas/util/_validators.py::314,0.909091
pandas/util/_validators.py::337,0.909091
pandas/core/internals/blocks.py::2122,0.322581
pandas/core/internals/blocks.py::2123,0.322581
pandas/core/internals/blocks.py::2145,0.322581
pandas/core/internals/blocks.py::2148,0.322581
pandas/core/internals/blocks.py::2151,0.322581
pandas/core/internals/blocks.py::2152,0.322581
pandas/core/internals/blocks.py::2539,0.322581
pandas/core/internals/blocks.py::2542,0.322581
pandas/core/frame.py::3112,0.236793
pandas/core/frame.py::3113,0.236793
pandas/core/frame.py::3116,0.236793
pandas/core/frame.py::3122,0.236793
pandas/core/frame.py::3123,0.236793
pandas/core/generic.py::3333,0.236793
pandas/core/generic.py::3662,0.236793
pandas/core/generic.py::3663,0.236793
pandas/core/generic.py::3664,0.236793
pandas/core/generic.py::3665,0.236793
pandas/core/generic.py::3668,0.236793
pandas/core/generic.py::5280,0.236793
pandas/core/generic.py::5281,0.236793
pandas/core/generic.py::5285,0.236793
pandas/core/generic.py::5286,0.236793
pandas/core/internals/blocks.py::358,0.236793
pandas/core/internals/managers.py::946,0.236793
pandas/core/internals/managers.py::948,0.236793
pandas/core/internals/managers.py::949,0.236793
pandas/core/internals/managers.py::960,0.236793
pandas/core/internals/managers.py::977,0.236793
pandas/core/internals/managers.py::978,0.236793
pandas/core/internals/managers.py::981,0.236793
pandas/core/internals/managers.py::983,0.236793
pandas/core/internals/managers.py::984,0.236793
pandas/core/internals/managers.py::987,0.236793
pandas/core/algorithms.py::1627,0.050706
pandas/core/algorithms.py::1628,0.050706
pandas/core/algorithms.py::1629,0.050706
pandas/core/algorithms.py::1630,0.050706
pandas/core/algorithms.py::1637,0.050706
pandas/core/dtypes/cast.py::407,0.050706
pandas/core/dtypes/missing.py::429,0.050706
pandas/core/indexes/base.py::3918,0.050706
pandas/core/indexes/base.py::4309,0.050706
pandas/core/indexes/base.py::4312,0.050706
pandas/core/indexes/base.py::4315,0.050706
pandas/core/indexes/base.py::4319,0.050706
pandas/core/indexes/base.py::4320,0.050706
pandas/core/internals/blocks.py::3017,0.050706
pandas/core/internals/blocks.py::3019,0.050706
pandas/core/internals/blocks.py::3021,0.050706
pandas/core/internals/blocks.py::3027,0.050706
pandas/core/internals/blocks.py::3030,0.050706
pandas/core/internals/blocks.py::3031,0.050706
pandas/core/internals/managers.py::1595,0.050706
pandas/core/internals/managers.py::382,0.050706
pandas/core/internals/managers.py::385,0.050706
pandas/core/internals/managers.py::393,0.050706
pandas/core/internals/managers.py::394,0.050706
pandas/core/internals/managers.py::396,0.050706
pandas/core/internals/managers.py::402,0.050706
pandas/core/internals/managers.py::408,0.050706
pandas/core/internals/managers.py::414,0.050706
pandas/core/internals/managers.py::418,0.050706
pandas/core/internals/managers.py::420,0.050706
pandas/core/internals/managers.py::425,0.050706
pandas/core/internals/managers.py::426,0.050706
pandas/core/internals/managers.py::431,0.050706
pandas/core/internals/managers.py::438,0.050706
pandas/core/internals/managers.py::439,0.050706
pandas/core/internals/managers.py::441,0.050706
pandas/core/internals/managers.py::443,0.050706
pandas/core/internals/managers.py::444,0.050706
pandas/core/internals/managers.py::446,0.050706
pandas/core/internals/managers.py::447,0.050706
pandas/core/internals/managers.py::1497,0.049689
pandas/core/internals/managers.py::1502,0.049689
pandas/core/internals/managers.py::1506,0.049689
pandas/core/missing.py::606,0.046560
pandas/core/missing.py::76,0.046560
pandas/core/missing.py::77,0.046560
pandas/core/arrays/datetimelike.py::408,0.043957
pandas/core/arrays/datetimelike.py::409,0.043957
pandas/core/arrays/datetimelike.py::416,0.043957
pandas/core/arrays/datetimelike.py::417,0.043957
pandas/core/arrays/datetimelike.py::418,0.043957
pandas/core/arrays/datetimelike.py::419,0.043957
pandas/core/common.py::123,0.043957
pandas/core/common.py::140,0.043957
pandas/core/dtypes/cast.py::1038,0.043957
pandas/core/dtypes/cast.py::1039,0.043957
pandas/core/dtypes/cast.py::1042,0.043957
pandas/core/dtypes/cast.py::1045,0.043957
pandas/core/dtypes/cast.py::1070,0.043957
pandas/core/dtypes/cast.py::1081,0.043957
pandas/core/dtypes/cast.py::1083,0.043957
pandas/core/dtypes/cast.py::1085,0.043957
pandas/core/dtypes/cast.py::1087,0.043957
pandas/core/dtypes/cast.py::1089,0.043957
pandas/core/dtypes/cast.py::1105,0.043957
pandas/core/indexes/base.py::4971,0.043957
pandas/core/indexes/base.py::4978,0.043957
pandas/core/indexes/datetimes.py::1208,0.043957
pandas/core/indexes/datetimes.py::1209,0.043957
pandas/core/indexes/datetimes.py::1210,0.043957
pandas/core/arrays/datetimes.py::2165,0.040097
pandas/core/arrays/datetimes.py::2166,0.040097
pandas/core/arrays/datetimes.py::2174,0.040097
pandas/core/indexes/base.py::437,0.040097
pandas/core/construction.py::406,0.035931
pandas/core/construction.py::408,0.035931
pandas/core/construction.py::410,0.035931
pandas/core/construction.py::412,0.035931
pandas/core/construction.py::414,0.035931
pandas/core/dtypes/cast.py::67,0.035931
pandas/core/dtypes/cast.py::68,0.035931
pandas/core/dtypes/cast.py::69,0.035931
pandas/core/dtypes/cast.py::70,0.035931
pandas/core/dtypes/cast.py::72,0.035931
pandas/core/dtypes/cast.py::74,0.035931
pandas/core/groupby/generic.py::627,0.035931
pandas/core/groupby/generic.py::628,0.035931
pandas/core/groupby/generic.py::641,0.035931
pandas/core/indexes/base.py::1811,0.035931
pandas/core/internals/blocks.py::197,0.035931
pandas/core/internals/blocks.py::2976,0.035931
pandas/core/internals/managers.py::1575,0.035931
pandas/core/series.py::285,0.035931
pandas/core/series.py::559,0.035931
pandas/core/algorithms.py::102,0.031137
pandas/core/algorithms.py::118,0.031137
pandas/core/algorithms.py::123,0.031137
pandas/core/algorithms.py::128,0.031137
pandas/core/algorithms.py::135,0.031137
pandas/core/algorithms.py::142,0.031137
pandas/core/algorithms.py::144,0.031137
pandas/core/algorithms.py::145,0.031137
pandas/core/algorithms.py::147,0.031137
pandas/core/algorithms.py::275,0.031137
pandas/core/algorithms.py::634,0.031137
pandas/core/arrays/datetimelike.py::1587,0.031137
pandas/core/arrays/datetimelike.py::1598,0.031137
pandas/core/arrays/datetimelike.py::1617,0.031137
pandas/core/arrays/datetimelike.py::1618,0.031137
pandas/core/arrays/datetimelike.py::1620,0.031137
pandas/core/arrays/datetimelike.py::1621,0.031137
pandas/core/arrays/datetimelike.py::1625,0.031137
pandas/core/arrays/datetimelike.py::358,0.031137
pandas/core/arrays/datetimelike.py::362,0.031137
pandas/core/arrays/datetimelike.py::390,0.031137
pandas/core/arrays/datetimelike.py::392,0.031137
pandas/core/arrays/datetimelike.py::400,0.031137
pandas/core/arrays/datetimelike.py::512,0.031137
pandas/core/arrays/datetimelike.py::514,0.031137
pandas/core/arrays/datetimelike.py::516,0.031137
pandas/core/arrays/datetimelike.py::716,0.031137
pandas/core/arrays/datetimelike.py::723,0.031137
pandas/core/arrays/datetimelike.py::806,0.031137
pandas/core/arrays/datetimes.py::1898,0.031137
pandas/core/arrays/datetimes.py::1900,0.031137
pandas/core/arrays/datetimes.py::1902,0.031137
pandas/core/arrays/datetimes.py::1909,0.031137
pandas/core/arrays/datetimes.py::1911,0.031137
pandas/core/arrays/datetimes.py::1914,0.031137
pandas/core/arrays/datetimes.py::1916,0.031137
pandas/core/arrays/datetimes.py::1919,0.031137
pandas/core/arrays/datetimes.py::1921,0.031137
pandas/core/arrays/datetimes.py::1922,0.031137
pandas/core/arrays/datetimes.py::1925,0.031137
pandas/core/arrays/datetimes.py::1928,0.031137
pandas/core/arrays/datetimes.py::1930,0.031137
pandas/core/arrays/datetimes.py::1950,0.031137
pandas/core/arrays/datetimes.py::1955,0.031137
pandas/core/arrays/datetimes.py::1957,0.031137
pandas/core/arrays/datetimes.py::1958,0.031137
pandas/core/arrays/datetimes.py::1961,0.031137
pandas/core/arrays/datetimes.py::1969,0.031137
pandas/core/arrays/datetimes.py::1970,0.031137
pandas/core/arrays/datetimes.py::1988,0.031137
pandas/core/arrays/datetimes.py::1992,0.031137
pandas/core/arrays/datetimes.py::1993,0.031137
pandas/core/arrays/datetimes.py::1996,0.031137
pandas/core/arrays/datetimes.py::1998,0.031137
pandas/core/arrays/datetimes.py::2103,0.031137
pandas/core/arrays/datetimes.py::2111,0.031137
pandas/core/arrays/datetimes.py::2120,0.031137
pandas/core/arrays/datetimes.py::2127,0.031137
pandas/core/arrays/datetimes.py::2134,0.031137
pandas/core/arrays/datetimes.py::2140,0.031137
pandas/core/arrays/datetimes.py::2199,0.031137
pandas/core/arrays/datetimes.py::2200,0.031137
pandas/core/arrays/datetimes.py::2201,0.031137
pandas/core/arrays/datetimes.py::2212,0.031137
pandas/core/arrays/datetimes.py::2213,0.031137
pandas/core/arrays/datetimes.py::2219,0.031137
pandas/core/arrays/datetimes.py::2241,0.031137
pandas/core/arrays/datetimes.py::2266,0.031137
pandas/core/arrays/datetimes.py::334,0.031137
pandas/core/arrays/datetimes.py::337,0.031137
pandas/core/arrays/datetimes.py::339,0.031137
pandas/core/arrays/datetimes.py::341,0.031137
pandas/core/arrays/datetimes.py::342,0.031137
pandas/core/arrays/datetimes.py::344,0.031137
pandas/core/arrays/datetimes.py::351,0.031137
pandas/core/arrays/datetimes.py::354,0.031137
pandas/core/arrays/datetimes.py::355,0.031137
pandas/core/arrays/datetimes.py::356,0.031137
pandas/core/arrays/datetimes.py::358,0.031137
pandas/core/arrays/datetimes.py::364,0.031137
pandas/core/arrays/datetimes.py::367,0.031137
pandas/core/arrays/datetimes.py::373,0.031137
pandas/core/arrays/datetimes.py::380,0.031137
pandas/core/arrays/datetimes.py::382,0.031137
pandas/core/arrays/datetimes.py::389,0.031137
pandas/core/arrays/datetimes.py::391,0.031137
pandas/core/arrays/datetimes.py::393,0.031137
pandas/core/arrays/datetimes.py::401,0.031137
pandas/core/arrays/datetimes.py::402,0.031137
pandas/core/arrays/datetimes.py::403,0.031137
pandas/core/arrays/datetimes.py::405,0.031137
pandas/core/arrays/datetimes.py::410,0.031137
pandas/core/arrays/datetimes.py::411,0.031137
pandas/core/arrays/datetimes.py::414,0.031137
pandas/core/arrays/datetimes.py::415,0.031137
pandas/core/arrays/datetimes.py::416,0.031137
pandas/core/arrays/datetimes.py::417,0.031137
pandas/core/arrays/datetimes.py::418,0.031137
pandas/core/arrays/datetimes.py::434,0.031137
pandas/core/arrays/datetimes.py::436,0.031137
pandas/core/arrays/datetimes.py::437,0.031137
pandas/core/arrays/datetimes.py::438,0.031137
pandas/core/arrays/datetimes.py::439,0.031137
pandas/core/arrays/datetimes.py::440,0.031137
pandas/core/arrays/datetimes.py::441,0.031137
pandas/core/arrays/datetimes.py::442,0.031137
pandas/core/arrays/datetimes.py::443,0.031137
pandas/core/arrays/datetimes.py::444,0.031137
pandas/core/arrays/datetimes.py::447,0.031137
pandas/core/arrays/datetimes.py::449,0.031137
pandas/core/arrays/datetimes.py::450,0.031137
pandas/core/arrays/datetimes.py::452,0.031137
pandas/core/arrays/datetimes.py::456,0.031137
pandas/core/arrays/datetimes.py::461,0.031137
pandas/core/arrays/datetimes.py::601,0.031137
pandas/core/arrays/datetimes.py::623,0.031137
pandas/core/arrays/datetimes.py::636,0.031137
pandas/core/arrays/datetimes.py::675,0.031137
pandas/core/arrays/datetimes.py::679,0.031137
pandas/core/arrays/datetimes.py::709,0.031137
pandas/core/arrays/datetimes.py::711,0.031137
pandas/core/arrays/datetimes.py::723,0.031137
pandas/core/arrays/datetimes.py::727,0.031137
pandas/core/arrays/datetimes.py::729,0.031137
pandas/core/arrays/datetimes.py::91,0.031137
pandas/core/arrays/datetimes.py::92,0.031137
pandas/core/common.py::236,0.031137
pandas/core/dtypes/cast.py::415,0.031137
pandas/core/dtypes/cast.py::495,0.031137
pandas/core/dtypes/common.py::1857,0.031137
pandas/core/dtypes/common.py::626,0.031137
pandas/core/dtypes/missing.py::543,0.031137
pandas/core/dtypes/missing.py::545,0.031137
pandas/core/dtypes/missing.py::548,0.031137
pandas/core/dtypes/missing.py::553,0.031137
pandas/core/groupby/grouper.py::370,0.031137
pandas/core/indexes/base.py::316,0.031137
pandas/core/indexes/base.py::328,0.031137
pandas/core/indexes/datetimelike.py::106,0.031137
pandas/core/indexes/datetimelike.py::152,0.031137
pandas/core/indexes/datetimelike.py::165,0.031137
pandas/core/indexes/datetimelike.py::730,0.031137
pandas/core/indexes/datetimelike.py::734,0.031137
pandas/core/indexes/datetimelike.py::738,0.031137
pandas/core/indexes/datetimes.py::1241,0.031137
pandas/core/indexes/datetimes.py::281,0.031137
pandas/core/indexes/datetimes.py::289,0.031137
pandas/core/indexes/datetimes.py::291,0.031137
pandas/core/indexes/datetimes.py::311,0.031137
pandas/core/indexes/datetimes.py::321,0.031137
pandas/core/indexes/datetimes.py::322,0.031137
pandas/core/indexes/datetimes.py::324,0.031137
pandas/core/indexes/datetimes.py::325,0.031137
pandas/core/indexes/datetimes.py::326,0.031137
pandas/core/indexes/datetimes.py::327,0.031137
pandas/core/indexes/datetimes.py::328,0.031137
pandas/core/indexes/datetimes.py::329,0.031137
pandas/core/indexes/datetimes.py::330,0.031137
pandas/core/indexes/datetimes.py::331,0.031137
pandas/core/indexes/datetimes.py::332,0.031137
pandas/core/indexes/datetimes.py::333,0.031137
pandas/core/indexes/datetimes.py::336,0.031137
pandas/core/indexes/datetimes.py::337,0.031137
pandas/core/indexes/datetimes.py::345,0.031137
pandas/core/indexes/datetimes.py::346,0.031137
pandas/core/indexes/datetimes.py::349,0.031137
pandas/core/indexes/datetimes.py::350,0.031137
pandas/core/indexes/datetimes.py::352,0.031137
pandas/core/indexes/datetimes.py::353,0.031137
pandas/core/indexes/datetimes.py::354,0.031137
pandas/core/indexes/datetimes.py::355,0.031137
pandas/core/indexes/datetimes.py::358,0.031137
pandas/core/indexes/datetimes.py::361,0.031137
pandas/core/indexes/datetimes.py::362,0.031137
pandas/core/indexes/datetimes.py::363,0.031137
pandas/core/indexes/datetimes.py::365,0.031137
pandas/core/indexes/datetimes.py::366,0.031137
pandas/core/indexes/datetimes.py::367,0.031137
pandas/core/indexes/datetimes.py::369,0.031137
pandas/core/indexes/datetimes.py::370,0.031137
pandas/core/indexes/datetimes.py::371,0.031137
pandas/core/indexes/datetimes.py::395,0.031137
pandas/core/indexes/datetimes.py::400,0.031137
pandas/core/indexes/range.py::705,0.031137
pandas/tseries/frequencies.py::114,0.031137
pandas/tseries/frequencies.py::115,0.031137
pandas/core/common.py::163,0.030898
pandas/core/common.py::165,0.030898
pandas/core/indexes/base.py::4190,0.030898
pandas/core/indexes/base.py::4191,0.030898
pandas/core/common.py::193,0.030323
pandas/core/indexes/base.py::2817,0.030323
pandas/core/indexes/base.py::2818,0.030323
pandas/core/indexes/base.py::2823,0.030323
pandas/core/indexes/base.py::2824,0.030323
pandas/core/indexes/base.py::474,0.029673
pandas/core/indexes/base.py::475,0.029673
pandas/core/common.py::121,0.029364
pandas/core/common.py::122,0.029364
pandas/core/common.py::147,0.029364
pandas/core/common.py::186,0.029364
pandas/core/dtypes/common.py::196,0.029364
pandas/core/dtypes/common.py::200,0.029364
pandas/core/dtypes/common.py::201,0.029364
pandas/core/dtypes/common.py::202,0.029364
pandas/core/dtypes/common.py::203,0.029364
pandas/core/dtypes/common.py::206,0.029364
pandas/core/indexes/base.py::5631,0.029364
pandas/core/indexes/base.py::5633,0.029364
pandas/core/indexes/base.py::627,0.029364
pandas/core/indexes/range.py::104,0.029364
pandas/core/indexes/range.py::107,0.029364
pandas/core/indexes/range.py::113,0.029364
pandas/core/indexes/range.py::116,0.029364
pandas/core/indexes/range.py::118,0.029364
pandas/core/indexes/range.py::121,0.029364
pandas/core/indexes/range.py::123,0.029364
pandas/core/indexes/range.py::124,0.029364
pandas/core/indexes/range.py::127,0.029364
pandas/core/indexes/range.py::128,0.029364
pandas/core/indexes/range.py::150,0.029364
pandas/core/indexes/range.py::153,0.029364
pandas/core/indexes/range.py::156,0.029364
pandas/core/indexes/range.py::159,0.029364
pandas/core/indexes/range.py::161,0.029364
pandas/core/indexes/range.py::162,0.029364
pandas/core/indexes/range.py::165,0.029364
pandas/core/indexes/range.py::166,0.029364
pandas/core/indexes/range.py::173,0.029364
pandas/core/indexes/range.py::191,0.029364
pandas/core/indexes/range.py::192,0.029364
pandas/core/indexes/range.py::198,0.029364
pandas/core/indexes/range.py::242,0.029364
pandas/core/indexes/range.py::264,0.029364
pandas/core/indexes/range.py::288,0.029364
pandas/core/indexes/range.py::94,0.029364
pandas/core/internals/blocks.py::2968,0.029364
pandas/core/algorithms.py::274,0.027862
pandas/core/algorithms.py::89,0.027862
pandas/core/dtypes/cast.py::1383,0.027862
pandas/core/dtypes/cast.py::1384,0.027862
pandas/core/dtypes/cast.py::1385,0.027862
pandas/core/dtypes/common.py::882,0.027862
pandas/core/dtypes/common.py::886,0.027862
pandas/core/indexes/base.py::389,0.027862
pandas/core/indexes/base.py::396,0.027862
pandas/core/algorithms.py::97,0.027193
pandas/core/dtypes/common.py::1808,0.027193
pandas/core/algorithms.py::100,0.026570
pandas/core/algorithms.py::98,0.026570
pandas/core/dtypes/cast.py::409,0.026570
pandas/core/indexes/base.py::362,0.026570
pandas/_config/config.py::111,0.025442
pandas/_config/config.py::112,0.025442
pandas/_config/config.py::116,0.025442
pandas/_config/config.py::118,0.025442
pandas/_config/config.py::122,0.025442
pandas/_config/config.py::123,0.025442
pandas/_config/config.py::125,0.025442
pandas/_config/config.py::126,0.025442
pandas/_config/config.py::127,0.025442
pandas/_config/config.py::130,0.025442
pandas/_config/config.py::131,0.025442
pandas/_config/config.py::133,0.025442
pandas/_config/config.py::233,0.025442
pandas/_config/config.py::542,0.025442
pandas/_config/config.py::546,0.025442
pandas/_config/config.py::547,0.025442
pandas/_config/config.py::550,0.025442
pandas/_config/config.py::554,0.025442
pandas/_config/config.py::555,0.025442
pandas/_config/config.py::556,0.025442
pandas/_config/config.py::557,0.025442
pandas/_config/config.py::558,0.025442
pandas/_config/config.py::577,0.025442
pandas/_config/config.py::578,0.025442
pandas/_config/config.py::579,0.025442
pandas/_config/config.py::580,0.025442
pandas/_config/config.py::593,0.025442
pandas/_config/config.py::602,0.025442
pandas/_config/config.py::603,0.025442
pandas/_config/config.py::606,0.025442
pandas/_config/config.py::618,0.025442
pandas/_config/config.py::619,0.025442
pandas/_config/config.py::634,0.025442
pandas/_config/config.py::811,0.025442
pandas/_config/config.py::84,0.025442
pandas/_config/config.py::85,0.025442
pandas/_config/config.py::89,0.025442
pandas/_config/config.py::91,0.025442
pandas/_config/config.py::93,0.025442
pandas/_config/config.py::94,0.025442
pandas/_config/config.py::96,0.025442
pandas/_config/config.py::98,0.025442
pandas/compat/numpy/function.py::43,0.025442
pandas/conftest.py::49,0.025442
pandas/conftest.py::52,0.025442
pandas/conftest.py::55,0.025442
pandas/conftest.py::58,0.025442
pandas/conftest.py::61,0.025442
pandas/conftest.py::72,0.025442
pandas/conftest.py::80,0.025442
pandas/conftest.py::81,0.025442
pandas/core/algorithms.py::1445,0.025442
pandas/core/algorithms.py::1446,0.025442
pandas/core/algorithms.py::1447,0.025442
pandas/core/algorithms.py::1448,0.025442
pandas/core/algorithms.py::1454,0.025442
pandas/core/algorithms.py::1455,0.025442
pandas/core/algorithms.py::1605,0.025442
pandas/core/algorithms.py::1607,0.025442
pandas/core/algorithms.py::1610,0.025442
pandas/core/algorithms.py::1611,0.025442
pandas/core/algorithms.py::1613,0.025442
pandas/core/algorithms.py::1617,0.025442
pandas/core/algorithms.py::1618,0.025442
pandas/core/algorithms.py::1624,0.025442
pandas/core/algorithms.py::1625,0.025442
pandas/core/algorithms.py::1639,0.025442
pandas/core/algorithms.py::1640,0.025442
pandas/core/algorithms.py::1644,0.025442
pandas/core/algorithms.py::1652,0.025442
pandas/core/algorithms.py::1653,0.025442
pandas/core/algorithms.py::1654,0.025442
pandas/core/algorithms.py::1655,0.025442
pandas/core/algorithms.py::1656,0.025442
pandas/core/algorithms.py::1661,0.025442
pandas/core/algorithms.py::1665,0.025442
pandas/core/algorithms.py::1666,0.025442
pandas/core/algorithms.py::1668,0.025442
pandas/core/algorithms.py::1670,0.025442
pandas/core/algorithms.py::1672,0.025442
pandas/core/algorithms.py::182,0.025442
pandas/core/algorithms.py::184,0.025442
pandas/core/algorithms.py::190,0.025442
pandas/core/algorithms.py::191,0.025442
pandas/core/algorithms.py::193,0.025442
pandas/core/algorithms.py::1968,0.025442
pandas/core/algorithms.py::1973,0.025442
pandas/core/algorithms.py::1978,0.025442
pandas/core/algorithms.py::1985,0.025442
pandas/core/algorithms.py::1987,0.025442
pandas/core/algorithms.py::1988,0.025442
pandas/core/algorithms.py::1993,0.025442
pandas/core/algorithms.py::1994,0.025442
pandas/core/algorithms.py::1995,0.025442
pandas/core/algorithms.py::200,0.025442
pandas/core/algorithms.py::2002,0.025442
pandas/core/algorithms.py::2005,0.025442
pandas/core/algorithms.py::2010,0.025442
pandas/core/algorithms.py::2012,0.025442
pandas/core/algorithms.py::2014,0.025442
pandas/core/algorithms.py::2017,0.025442
pandas/core/algorithms.py::2024,0.025442
pandas/core/algorithms.py::2026,0.025442
pandas/core/algorithms.py::2027,0.025442
pandas/core/algorithms.py::2028,0.025442
pandas/core/algorithms.py::2031,0.025442
pandas/core/algorithms.py::2043,0.025442
pandas/core/algorithms.py::2046,0.025442
pandas/core/algorithms.py::208,0.025442
pandas/core/algorithms.py::239,0.025442
pandas/core/algorithms.py::242,0.025442
pandas/core/algorithms.py::243,0.025442
pandas/core/algorithms.py::247,0.025442
pandas/core/algorithms.py::249,0.025442
pandas/core/algorithms.py::250,0.025442
pandas/core/algorithms.py::252,0.025442
pandas/core/algorithms.py::268,0.025442
pandas/core/algorithms.py::269,0.025442
pandas/core/algorithms.py::276,0.025442
pandas/core/algorithms.py::475,0.025442
pandas/core/algorithms.py::477,0.025442
pandas/core/algorithms.py::478,0.025442
pandas/core/algorithms.py::479,0.025442
pandas/core/algorithms.py::482,0.025442
pandas/core/algorithms.py::483,0.025442
pandas/core/algorithms.py::623,0.025442
pandas/core/algorithms.py::624,0.025442
pandas/core/algorithms.py::626,0.025442
pandas/core/algorithms.py::631,0.025442
pandas/core/algorithms.py::633,0.025442
pandas/core/algorithms.py::636,0.025442
pandas/core/algorithms.py::638,0.025442
pandas/core/algorithms.py::639,0.025442
pandas/core/algorithms.py::642,0.025442
pandas/core/algorithms.py::643,0.025442
pandas/core/algorithms.py::644,0.025442
pandas/core/algorithms.py::647,0.025442
pandas/core/algorithms.py::650,0.025442
pandas/core/algorithms.py::651,0.025442
pandas/core/algorithms.py::652,0.025442
pandas/core/algorithms.py::657,0.025442
pandas/core/algorithms.py::86,0.025442
pandas/core/algorithms.py::88,0.025442
pandas/core/algorithms.py::91,0.025442
pandas/core/algorithms.py::92,0.025442
pandas/core/algorithms.py::96,0.025442
pandas/core/arrays/sparse/dtype.py::204,0.025442
pandas/core/arrays/sparse/dtype.py::205,0.025442
pandas/core/arrays/sparse/dtype.py::223,0.025442
pandas/core/arrays/string_.py::77,0.025442
pandas/core/arrays/string_.py::79,0.025442
pandas/core/base.py::1021,0.025442
pandas/core/base.py::1026,0.025442
pandas/core/base.py::224,0.025442
pandas/core/base.py::231,0.025442
pandas/core/base.py::239,0.025442
pandas/core/base.py::245,0.025442
pandas/core/base.py::247,0.025442
pandas/core/base.py::721,0.025442
pandas/core/common.py::230,0.025442
pandas/core/common.py::232,0.025442
pandas/core/common.py::235,0.025442
pandas/core/common.py::238,0.025442
pandas/core/common.py::240,0.025442
pandas/core/common.py::243,0.025442
pandas/core/common.py::248,0.025442
pandas/core/common.py::351,0.025442
pandas/core/common.py::354,0.025442
pandas/core/construction.py::359,0.025442
pandas/core/construction.py::362,0.025442
pandas/core/construction.py::365,0.025442
pandas/core/construction.py::375,0.025442
pandas/core/construction.py::378,0.025442
pandas/core/construction.py::388,0.025442
pandas/core/construction.py::391,0.025442
pandas/core/construction.py::393,0.025442
pandas/core/construction.py::404,0.025442
pandas/core/construction.py::432,0.025442
pandas/core/construction.py::451,0.025442
pandas/core/construction.py::452,0.025442
pandas/core/construction.py::455,0.025442
pandas/core/construction.py::466,0.025442
pandas/core/construction.py::469,0.025442
pandas/core/construction.py::478,0.025442
pandas/core/construction.py::488,0.025442
pandas/core/construction.py::512,0.025442
pandas/core/construction.py::513,0.025442
pandas/core/construction.py::516,0.025442
pandas/core/construction.py::519,0.025442
pandas/core/construction.py::522,0.025442
pandas/core/construction.py::525,0.025442
pandas/core/construction.py::530,0.025442
pandas/core/construction.py::531,0.025442
pandas/core/construction.py::552,0.025442
pandas/core/dtypes/base.py::223,0.025442
pandas/core/dtypes/base.py::224,0.025442
pandas/core/dtypes/base.py::225,0.025442
pandas/core/dtypes/base.py::226,0.025442
pandas/core/dtypes/base.py::227,0.025442
pandas/core/dtypes/base.py::254,0.025442
pandas/core/dtypes/base.py::256,0.025442
pandas/core/dtypes/base.py::261,0.025442
pandas/core/dtypes/base.py::262,0.025442
pandas/core/dtypes/base.py::264,0.025442
pandas/core/dtypes/base.py::265,0.025442
pandas/core/dtypes/base.py::266,0.025442
pandas/core/dtypes/base.py::267,0.025442
pandas/core/dtypes/base.py::268,0.025442
pandas/core/dtypes/base.py::269,0.025442
pandas/core/dtypes/cast.py::1020,0.025442
pandas/core/dtypes/cast.py::1021,0.025442
pandas/core/dtypes/cast.py::1024,0.025442
pandas/core/dtypes/cast.py::1028,0.025442
pandas/core/dtypes/cast.py::1030,0.025442
pandas/core/dtypes/cast.py::1032,0.025442
pandas/core/dtypes/cast.py::1035,0.025442
pandas/core/dtypes/cast.py::1036,0.025442
pandas/core/dtypes/cast.py::1112,0.025442
pandas/core/dtypes/cast.py::1113,0.025442
pandas/core/dtypes/cast.py::1115,0.025442
pandas/core/dtypes/cast.py::1220,0.025442
pandas/core/dtypes/cast.py::1224,0.025442
pandas/core/dtypes/cast.py::1237,0.025442
pandas/core/dtypes/cast.py::1239,0.025442
pandas/core/dtypes/cast.py::1242,0.025442
pandas/core/dtypes/cast.py::1244,0.025442
pandas/core/dtypes/cast.py::1412,0.025442
pandas/core/dtypes/cast.py::1414,0.025442
pandas/core/dtypes/cast.py::1426,0.025442
pandas/core/dtypes/cast.py::342,0.025442
pandas/core/dtypes/cast.py::348,0.025442
pandas/core/dtypes/cast.py::366,0.025442
pandas/core/dtypes/cast.py::377,0.025442
pandas/core/dtypes/cast.py::396,0.025442
pandas/core/dtypes/cast.py::399,0.025442
pandas/core/dtypes/cast.py::402,0.025442
pandas/core/dtypes/cast.py::403,0.025442
pandas/core/dtypes/cast.py::406,0.025442
pandas/core/dtypes/cast.py::419,0.025442
pandas/core/dtypes/cast.py::423,0.025442
pandas/core/dtypes/cast.py::424,0.025442
pandas/core/dtypes/cast.py::427,0.025442
pandas/core/dtypes/cast.py::428,0.025442
pandas/core/dtypes/cast.py::465,0.025442
pandas/core/dtypes/cast.py::467,0.025442
pandas/core/dtypes/cast.py::470,0.025442
pandas/core/dtypes/cast.py::471,0.025442
pandas/core/dtypes/cast.py::492,0.025442
pandas/core/dtypes/cast.py::494,0.025442
pandas/core/dtypes/cast.py::496,0.025442
pandas/core/dtypes/cast.py::498,0.025442
pandas/core/dtypes/cast.py::500,0.025442
pandas/core/dtypes/cast.py::992,0.025442
pandas/core/dtypes/cast.py::993,0.025442
pandas/core/dtypes/cast.py::995,0.025442
pandas/core/dtypes/cast.py::998,0.025442
pandas/core/dtypes/common.py::1049,0.025442
pandas/core/dtypes/common.py::1096,0.025442
pandas/core/dtypes/common.py::1097,0.025442
pandas/core/dtypes/common.py::1187,0.025442
pandas/core/dtypes/common.py::1188,0.025442
pandas/core/dtypes/common.py::1189,0.025442
pandas/core/dtypes/common.py::1230,0.025442
pandas/core/dtypes/common.py::1232,0.025442
pandas/core/dtypes/common.py::1233,0.025442
pandas/core/dtypes/common.py::1239,0.025442
pandas/core/dtypes/common.py::1309,0.025442
pandas/core/dtypes/common.py::1490,0.025442
pandas/core/dtypes/common.py::1493,0.025442
pandas/core/dtypes/common.py::1605,0.025442
pandas/core/dtypes/common.py::1648,0.025442
pandas/core/dtypes/common.py::1649,0.025442
pandas/core/dtypes/common.py::1650,0.025442
pandas/core/dtypes/common.py::1651,0.025442
pandas/core/dtypes/common.py::1655,0.025442
pandas/core/dtypes/common.py::1659,0.025442
pandas/core/dtypes/common.py::1665,0.025442
pandas/core/dtypes/common.py::1666,0.025442
pandas/core/dtypes/common.py::1670,0.025442
pandas/core/dtypes/common.py::1720,0.025442
pandas/core/dtypes/common.py::1722,0.025442
pandas/core/dtypes/common.py::1724,0.025442
pandas/core/dtypes/common.py::1726,0.025442
pandas/core/dtypes/common.py::1774,0.025442
pandas/core/dtypes/common.py::1775,0.025442
pandas/core/dtypes/common.py::1827,0.025442
pandas/core/dtypes/common.py::1829,0.025442
pandas/core/dtypes/common.py::1830,0.025442
pandas/core/dtypes/common.py::1833,0.025442
pandas/core/dtypes/common.py::1856,0.025442
pandas/core/dtypes/common.py::1860,0.025442
pandas/core/dtypes/common.py::1861,0.025442
pandas/core/dtypes/common.py::1862,0.025442
pandas/core/dtypes/common.py::1863,0.025442
pandas/core/dtypes/common.py::1866,0.025442
pandas/core/dtypes/common.py::1867,0.025442
pandas/core/dtypes/common.py::1869,0.025442
pandas/core/dtypes/common.py::1887,0.025442
pandas/core/dtypes/common.py::1888,0.025442
pandas/core/dtypes/common.py::1891,0.025442
pandas/core/dtypes/common.py::1892,0.025442
pandas/core/dtypes/common.py::1893,0.025442
pandas/core/dtypes/common.py::1899,0.025442
pandas/core/dtypes/common.py::1900,0.025442
pandas/core/dtypes/common.py::1903,0.025442
pandas/core/dtypes/common.py::1904,0.025442
pandas/core/dtypes/common.py::1906,0.025442
pandas/core/dtypes/common.py::1907,0.025442
pandas/core/dtypes/common.py::1914,0.025442
pandas/core/dtypes/common.py::2023,0.025442
pandas/core/dtypes/common.py::2025,0.025442
pandas/core/dtypes/common.py::2026,0.025442
pandas/core/dtypes/common.py::2029,0.025442
pandas/core/dtypes/common.py::2030,0.025442
pandas/core/dtypes/common.py::2035,0.025442
pandas/core/dtypes/common.py::2036,0.025442
pandas/core/dtypes/common.py::2046,0.025442
pandas/core/dtypes/common.py::2049,0.025442
pandas/core/dtypes/common.py::2050,0.025442
pandas/core/dtypes/common.py::2053,0.025442
pandas/core/dtypes/common.py::211,0.025442
pandas/core/dtypes/common.py::219,0.025442
pandas/core/dtypes/common.py::220,0.025442
pandas/core/dtypes/common.py::221,0.025442
pandas/core/dtypes/common.py::252,0.025442
pandas/core/dtypes/common.py::301,0.025442
pandas/core/dtypes/common.py::303,0.025442
pandas/core/dtypes/common.py::304,0.025442
pandas/core/dtypes/common.py::375,0.025442
pandas/core/dtypes/common.py::524,0.025442
pandas/core/dtypes/common.py::560,0.025442
pandas/core/dtypes/common.py::562,0.025442
pandas/core/dtypes/common.py::593,0.025442
pandas/core/dtypes/common.py::625,0.025442
pandas/core/dtypes/common.py::627,0.025442
pandas/core/dtypes/common.py::661,0.025442
pandas/core/dtypes/common.py::662,0.025442
pandas/core/dtypes/common.py::663,0.025442
pandas/core/dtypes/common.py::694,0.025442
pandas/core/dtypes/common.py::695,0.025442
pandas/core/dtypes/common.py::696,0.025442
pandas/core/dtypes/common.py::729,0.025442
pandas/core/dtypes/common.py::730,0.025442
pandas/core/dtypes/common.py::732,0.025442
pandas/core/dtypes/common.py::878,0.025442
pandas/core/dtypes/common.py::879,0.025442
pandas/core/dtypes/common.py::880,0.025442
pandas/core/dtypes/common.py::881,0.025442
pandas/core/dtypes/common.py::992,0.025442
pandas/core/dtypes/dtypes.py::101,0.025442
pandas/core/dtypes/dtypes.py::103,0.025442
pandas/core/dtypes/dtypes.py::104,0.025442
pandas/core/dtypes/dtypes.py::105,0.025442
pandas/core/dtypes/dtypes.py::1053,0.025442
pandas/core/dtypes/dtypes.py::1054,0.025442
pandas/core/dtypes/dtypes.py::1055,0.025442
pandas/core/dtypes/dtypes.py::1057,0.025442
pandas/core/dtypes/dtypes.py::106,0.025442
pandas/core/dtypes/dtypes.py::1061,0.025442
pandas/core/dtypes/dtypes.py::1065,0.025442
pandas/core/dtypes/dtypes.py::107,0.025442
pandas/core/dtypes/dtypes.py::109,0.025442
pandas/core/dtypes/dtypes.py::1106,0.025442
pandas/core/dtypes/dtypes.py::1117,0.025442
pandas/core/dtypes/dtypes.py::738,0.025442
pandas/core/dtypes/dtypes.py::739,0.025442
pandas/core/dtypes/dtypes.py::740,0.025442
pandas/core/dtypes/dtypes.py::741,0.025442
pandas/core/dtypes/dtypes.py::751,0.025442
pandas/core/dtypes/dtypes.py::753,0.025442
pandas/core/dtypes/dtypes.py::880,0.025442
pandas/core/dtypes/dtypes.py::881,0.025442
pandas/core/dtypes/dtypes.py::882,0.025442
pandas/core/dtypes/dtypes.py::890,0.025442
pandas/core/dtypes/dtypes.py::926,0.025442
pandas/core/dtypes/dtypes.py::939,0.025442
pandas/core/dtypes/dtypes.py::94,0.025442
pandas/core/dtypes/dtypes.py::95,0.025442
pandas/core/dtypes/dtypes.py::96,0.025442
pandas/core/dtypes/dtypes.py::97,0.025442
pandas/core/dtypes/dtypes.py::98,0.025442
pandas/core/dtypes/generic.py::9,0.025442
pandas/core/dtypes/inference.py::124,0.025442
pandas/core/dtypes/inference.py::127,0.025442
pandas/core/dtypes/inference.py::250,0.025442
pandas/core/dtypes/inference.py::387,0.025442
pandas/core/dtypes/inference.py::388,0.025442
pandas/core/dtypes/inference.py::392,0.025442
pandas/core/dtypes/missing.py::124,0.025442
pandas/core/dtypes/missing.py::132,0.025442
pandas/core/dtypes/missing.py::133,0.025442
pandas/core/dtypes/missing.py::425,0.025442
pandas/core/dtypes/missing.py::428,0.025442
pandas/core/frame.py::2816,0.025442
pandas/core/frame.py::2817,0.025442
pandas/core/frame.py::2819,0.025442
pandas/core/frame.py::2821,0.025442
pandas/core/frame.py::2822,0.025442
pandas/core/frame.py::2824,0.025442
pandas/core/generic.py::1960,0.025442
pandas/core/generic.py::213,0.025442
pandas/core/generic.py::223,0.025442
pandas/core/generic.py::224,0.025442
pandas/core/generic.py::225,0.025442
pandas/core/generic.py::226,0.025442
pandas/core/generic.py::227,0.025442
pandas/core/generic.py::230,0.025442
pandas/core/generic.py::256,0.025442
pandas/core/generic.py::258,0.025442
pandas/core/generic.py::3659,0.025442
pandas/core/generic.py::3660,0.025442
pandas/core/generic.py::3661,0.025442
pandas/core/generic.py::3669,0.025442
pandas/core/generic.py::463,0.025442
pandas/core/generic.py::464,0.025442
pandas/core/generic.py::465,0.025442
pandas/core/generic.py::466,0.025442
pandas/core/generic.py::476,0.025442
pandas/core/generic.py::477,0.025442
pandas/core/generic.py::481,0.025442
pandas/core/generic.py::482,0.025442
pandas/core/generic.py::488,0.025442
pandas/core/generic.py::489,0.025442
pandas/core/generic.py::5241,0.025442
pandas/core/generic.py::5242,0.025442
pandas/core/generic.py::5243,0.025442
pandas/core/generic.py::5245,0.025442
pandas/core/generic.py::5247,0.025442
pandas/core/generic.py::5277,0.025442
pandas/core/generic.py::5278,0.025442
pandas/core/generic.py::5279,0.025442
pandas/core/generic.py::5327,0.025442
pandas/core/generic.py::5328,0.025442
pandas/core/generic.py::5329,0.025442
pandas/core/generic.py::5331,0.025442
pandas/core/generic.py::5336,0.025442
pandas/core/generic.py::5337,0.025442
pandas/core/generic.py::5339,0.025442
pandas/core/generic.py::5355,0.025442
pandas/core/generic.py::5356,0.025442
pandas/core/generic.py::549,0.025442
pandas/core/generic.py::7930,0.025442
pandas/core/generic.py::7932,0.025442
pandas/core/generic.py::7934,0.025442
pandas/core/generic.py::7935,0.025442
pandas/core/generic.py::7936,0.025442
pandas/core/generic.py::7937,0.025442
pandas/core/generic.py::7938,0.025442
pandas/core/generic.py::7939,0.025442
pandas/core/generic.py::7940,0.025442
pandas/core/generic.py::7941,0.025442
pandas/core/generic.py::7942,0.025442
pandas/core/generic.py::7943,0.025442
pandas/core/generic.py::7944,0.025442
pandas/core/generic.py::7945,0.025442
pandas/core/groupby/generic.py::1559,0.025442
pandas/core/groupby/generic.py::1571,0.025442
pandas/core/groupby/generic.py::1572,0.025442
pandas/core/groupby/generic.py::1573,0.025442
pandas/core/groupby/generic.py::1574,0.025442
pandas/core/groupby/generic.py::1575,0.025442
pandas/core/groupby/generic.py::605,0.025442
pandas/core/groupby/generic.py::606,0.025442
pandas/core/groupby/generic.py::608,0.025442
pandas/core/groupby/generic.py::619,0.025442
pandas/core/groupby/generic.py::620,0.025442
pandas/core/groupby/generic.py::623,0.025442
pandas/core/groupby/generic.py::624,0.025442
pandas/core/groupby/generic.py::626,0.025442
pandas/core/groupby/generic.py::637,0.025442
pandas/core/groupby/generic.py::643,0.025442
pandas/core/groupby/generic.py::646,0.025442
pandas/core/groupby/generic.py::649,0.025442
pandas/core/groupby/generic.py::650,0.025442
pandas/core/groupby/generic.py::651,0.025442
pandas/core/groupby/generic.py::652,0.025442
pandas/core/groupby/generic.py::655,0.025442
pandas/core/groupby/generic.py::658,0.025442
pandas/core/groupby/generic.py::659,0.025442
pandas/core/groupby/groupby.py::2494,0.025442
pandas/core/groupby/groupby.py::2500,0.025442
pandas/core/groupby/groupby.py::2501,0.025442
pandas/core/groupby/groupby.py::2503,0.025442
pandas/core/groupby/groupby.py::2507,0.025442
pandas/core/groupby/groupby.py::360,0.025442
pandas/core/groupby/groupby.py::362,0.025442
pandas/core/groupby/groupby.py::363,0.025442
pandas/core/groupby/groupby.py::365,0.025442
pandas/core/groupby/groupby.py::367,0.025442
pandas/core/groupby/groupby.py::373,0.025442
pandas/core/groupby/groupby.py::374,0.025442
pandas/core/groupby/groupby.py::375,0.025442
pandas/core/groupby/groupby.py::376,0.025442
pandas/core/groupby/groupby.py::377,0.025442
pandas/core/groupby/groupby.py::378,0.025442
pandas/core/groupby/groupby.py::379,0.025442
pandas/core/groupby/groupby.py::381,0.025442
pandas/core/groupby/groupby.py::382,0.025442
pandas/core/groupby/groupby.py::384,0.025442
pandas/core/groupby/groupby.py::385,0.025442
pandas/core/groupby/groupby.py::386,0.025442
pandas/core/groupby/groupby.py::387,0.025442
pandas/core/groupby/groupby.py::388,0.025442
pandas/core/groupby/groupby.py::389,0.025442
pandas/core/groupby/groupby.py::390,0.025442
pandas/core/groupby/groupby.py::391,0.025442
pandas/core/groupby/groupby.py::394,0.025442
pandas/core/groupby/groupby.py::395,0.025442
pandas/core/groupby/groupby.py::396,0.025442
pandas/core/groupby/groupby.py::397,0.025442
pandas/core/groupby/groupby.py::400,0.025442
pandas/core/groupby/grouper.py::260,0.025442
pandas/core/groupby/grouper.py::261,0.025442
pandas/core/groupby/grouper.py::262,0.025442
pandas/core/groupby/grouper.py::263,0.025442
pandas/core/groupby/grouper.py::264,0.025442
pandas/core/groupby/grouper.py::265,0.025442
pandas/core/groupby/grouper.py::266,0.025442
pandas/core/groupby/grouper.py::267,0.025442
pandas/core/groupby/grouper.py::268,0.025442
pandas/core/groupby/grouper.py::271,0.025442
pandas/core/groupby/grouper.py::274,0.025442
pandas/core/groupby/grouper.py::280,0.025442
pandas/core/groupby/grouper.py::297,0.025442
pandas/core/groupby/grouper.py::309,0.025442
pandas/core/groupby/grouper.py::312,0.025442
pandas/core/groupby/grouper.py::316,0.025442
pandas/core/groupby/grouper.py::342,0.025442
pandas/core/groupby/grouper.py::346,0.025442
pandas/core/groupby/grouper.py::347,0.025442
pandas/core/groupby/grouper.py::368,0.025442
pandas/core/groupby/grouper.py::369,0.025442
pandas/core/groupby/grouper.py::386,0.025442
pandas/core/groupby/grouper.py::411,0.025442
pandas/core/groupby/grouper.py::413,0.025442
pandas/core/groupby/grouper.py::416,0.025442
pandas/core/groupby/grouper.py::418,0.025442
pandas/core/groupby/grouper.py::422,0.025442
pandas/core/groupby/grouper.py::423,0.025442
pandas/core/groupby/grouper.py::424,0.025442
pandas/core/groupby/grouper.py::425,0.025442
pandas/core/groupby/grouper.py::464,0.025442
pandas/core/groupby/grouper.py::468,0.025442
pandas/core/groupby/grouper.py::515,0.025442
pandas/core/groupby/grouper.py::680,0.025442
pandas/core/groupby/grouper.py::682,0.025442
pandas/core/groupby/ops.py::100,0.025442
pandas/core/groupby/ops.py::290,0.025442
pandas/core/groupby/ops.py::291,0.025442
pandas/core/groupby/ops.py::292,0.025442
pandas/core/indexes/base.py::1457,0.025442
pandas/core/indexes/base.py::1658,0.025442
pandas/core/indexes/base.py::1675,0.025442
pandas/core/indexes/base.py::1733,0.025442
pandas/core/indexes/base.py::271,0.025442
pandas/core/indexes/base.py::272,0.025442
pandas/core/indexes/base.py::273,0.025442
pandas/core/indexes/base.py::274,0.025442
pandas/core/indexes/base.py::275,0.025442
pandas/core/indexes/base.py::277,0.025442
pandas/core/indexes/base.py::280,0.025442
pandas/core/indexes/base.py::290,0.025442
pandas/core/indexes/base.py::295,0.025442
pandas/core/indexes/base.py::297,0.025442
pandas/core/indexes/base.py::301,0.025442
pandas/core/indexes/base.py::306,0.025442
pandas/core/indexes/base.py::312,0.025442
pandas/core/indexes/base.py::313,0.025442
pandas/core/indexes/base.py::314,0.025442
pandas/core/indexes/base.py::330,0.025442
pandas/core/indexes/base.py::339,0.025442
pandas/core/indexes/base.py::343,0.025442
pandas/core/indexes/base.py::355,0.025442
pandas/core/indexes/base.py::356,0.025442
pandas/core/indexes/base.py::3832,0.025442
pandas/core/indexes/base.py::3862,0.025442
pandas/core/indexes/base.py::399,0.025442
pandas/core/indexes/base.py::400,0.025442
pandas/core/indexes/base.py::401,0.025442
pandas/core/indexes/base.py::403,0.025442
pandas/core/indexes/base.py::4043,0.025442
pandas/core/indexes/base.py::405,0.025442
pandas/core/indexes/base.py::4051,0.025442
pandas/core/indexes/base.py::408,0.025442
pandas/core/indexes/base.py::412,0.025442
pandas/core/indexes/base.py::4141,0.025442
pandas/core/indexes/base.py::4142,0.025442
pandas/core/indexes/base.py::4143,0.025442
pandas/core/indexes/base.py::415,0.025442
pandas/core/indexes/base.py::416,0.025442
pandas/core/indexes/base.py::417,0.025442
pandas/core/indexes/base.py::4186,0.025442
pandas/core/indexes/base.py::4187,0.025442
pandas/core/indexes/base.py::4189,0.025442
pandas/core/indexes/base.py::424,0.025442
pandas/core/indexes/base.py::427,0.025442
pandas/core/indexes/base.py::433,0.025442
pandas/core/indexes/base.py::436,0.025442
pandas/core/indexes/base.py::453,0.025442
pandas/core/indexes/base.py::455,0.025442
pandas/core/indexes/base.py::457,0.025442
pandas/core/indexes/base.py::460,0.025442
pandas/core/indexes/base.py::462,0.025442
pandas/core/indexes/base.py::465,0.025442
pandas/core/indexes/base.py::516,0.025442
pandas/core/indexes/base.py::522,0.025442
pandas/core/indexes/base.py::523,0.025442
pandas/core/indexes/base.py::529,0.025442
pandas/core/indexes/base.py::530,0.025442
pandas/core/indexes/base.py::531,0.025442
pandas/core/indexes/base.py::533,0.025442
pandas/core/indexes/base.py::546,0.025442
pandas/core/indexes/base.py::5568,0.025442
pandas/core/indexes/base.py::5569,0.025442
pandas/core/indexes/base.py::5571,0.025442
pandas/core/indexes/base.py::5572,0.025442
pandas/core/indexes/base.py::5575,0.025442
pandas/core/indexes/base.py::5580,0.025442
pandas/core/indexes/base.py::5600,0.025442
pandas/core/indexes/base.py::565,0.025442
pandas/core/indexes/base.py::567,0.025442
pandas/core/indexes/base.py::568,0.025442
pandas/core/indexes/base.py::569,0.025442
pandas/core/indexes/base.py::573,0.025442
pandas/core/indexes/base.py::574,0.025442
pandas/core/indexes/base.py::579,0.025442
pandas/core/indexes/base.py::594,0.025442
pandas/core/indexes/base.py::595,0.025442
pandas/core/indexes/base.py::596,0.025442
pandas/core/indexes/base.py::597,0.025442
pandas/core/indexes/base.py::599,0.025442
pandas/core/indexes/base.py::604,0.025442
pandas/core/indexes/base.py::633,0.025442
pandas/core/indexes/base.py::634,0.025442
pandas/core/indexes/base.py::645,0.025442
pandas/core/indexes/base.py::646,0.025442
pandas/core/indexes/base.py::656,0.025442
pandas/core/indexes/base.py::662,0.025442
pandas/core/indexes/base.py::680,0.025442
pandas/core/indexes/numeric.py::140,0.025442
pandas/core/indexes/numeric.py::49,0.025442
pandas/core/indexes/numeric.py::60,0.025442
pandas/core/indexes/numeric.py::62,0.025442
pandas/core/indexes/numeric.py::65,0.025442
pandas/core/indexes/numeric.py::69,0.025442
pandas/core/indexes/numeric.py::71,0.025442
pandas/core/indexes/numeric.py::73,0.025442
pandas/core/indexes/numeric.py::84,0.025442
pandas/core/indexes/numeric.py::86,0.025442
pandas/core/indexes/numeric.py::87,0.025442
pandas/core/indexes/range.py::190,0.025442
pandas/core/indexes/range.py::194,0.025442
pandas/core/indexes/range.py::415,0.025442
pandas/core/indexes/range.py::419,0.025442
pandas/core/indexes/range.py::420,0.025442
pandas/core/indexes/range.py::474,0.025442
pandas/core/internals/blocks.py::113,0.025442
pandas/core/internals/blocks.py::114,0.025442
pandas/core/internals/blocks.py::115,0.025442
pandas/core/internals/blocks.py::117,0.025442
pandas/core/internals/blocks.py::144,0.025442
pandas/core/internals/blocks.py::147,0.025442
pandas/core/internals/blocks.py::151,0.025442
pandas/core/internals/blocks.py::203,0.025442
pandas/core/internals/blocks.py::221,0.025442
pandas/core/internals/blocks.py::229,0.025442
pandas/core/internals/blocks.py::233,0.025442
pandas/core/internals/blocks.py::234,0.025442
pandas/core/internals/blocks.py::236,0.025442
pandas/core/internals/blocks.py::257,0.025442
pandas/core/internals/blocks.py::263,0.025442
pandas/core/internals/blocks.py::265,0.025442
pandas/core/internals/blocks.py::266,0.025442
pandas/core/internals/blocks.py::267,0.025442
pandas/core/internals/blocks.py::268,0.025442
pandas/core/internals/blocks.py::2950,0.025442
pandas/core/internals/blocks.py::2951,0.025442
pandas/core/internals/blocks.py::2953,0.025442
pandas/core/internals/blocks.py::2956,0.025442
pandas/core/internals/blocks.py::2958,0.025442
pandas/core/internals/blocks.py::2961,0.025442
pandas/core/internals/blocks.py::2963,0.025442
pandas/core/internals/blocks.py::2965,0.025442
pandas/core/internals/blocks.py::2967,0.025442
pandas/core/internals/blocks.py::2969,0.025442
pandas/core/internals/blocks.py::2972,0.025442
pandas/core/internals/blocks.py::2974,0.025442
pandas/core/internals/blocks.py::2975,0.025442
pandas/core/internals/blocks.py::2980,0.025442
pandas/core/internals/blocks.py::2986,0.025442
pandas/core/internals/blocks.py::2991,0.025442
pandas/core/internals/blocks.py::2994,0.025442
pandas/core/internals/blocks.py::3000,0.025442
pandas/core/internals/blocks.py::3001,0.025442
pandas/core/internals/blocks.py::3002,0.025442
pandas/core/internals/blocks.py::3004,0.025442
pandas/core/internals/blocks.py::3009,0.025442
pandas/core/internals/blocks.py::333,0.025442
pandas/core/internals/managers.py::1470,0.025442
pandas/core/internals/managers.py::1471,0.025442
pandas/core/internals/managers.py::1475,0.025442
pandas/core/internals/managers.py::1478,0.025442
pandas/core/internals/managers.py::1479,0.025442
pandas/core/internals/managers.py::1480,0.025442
pandas/core/internals/managers.py::1491,0.025442
pandas/core/internals/managers.py::1494,0.025442
pandas/core/internals/managers.py::1508,0.025442
pandas/core/internals/managers.py::1509,0.025442
pandas/core/internals/managers.py::1511,0.025442
pandas/core/internals/managers.py::1518,0.025442
pandas/core/internals/managers.py::1544,0.025442
pandas/core/internals/managers.py::1552,0.025442
pandas/core/internals/managers.py::1578,0.025442
pandas/core/internals/managers.py::1582,0.025442
pandas/core/internals/managers.py::1589,0.025442
pandas/core/internals/managers.py::238,0.025442
pandas/core/internals/managers.py::326,0.025442
pandas/core/internals/managers.py::650,0.025442
pandas/core/internals/managers.py::652,0.025442
pandas/core/internals/managers.py::927,0.025442
pandas/core/internals/managers.py::928,0.025442
pandas/core/series.py::209,0.025442
pandas/core/series.py::212,0.025442
pandas/core/series.py::214,0.025442
pandas/core/series.py::216,0.025442
pandas/core/series.py::221,0.025442
pandas/core/series.py::222,0.025442
pandas/core/series.py::224,0.025442
pandas/core/series.py::226,0.025442
pandas/core/series.py::238,0.025442
pandas/core/series.py::242,0.025442
pandas/core/series.py::258,0.025442
pandas/core/series.py::259,0.025442
pandas/core/series.py::260,0.025442
pandas/core/series.py::268,0.025442
pandas/core/series.py::272,0.025442
pandas/core/series.py::273,0.025442
pandas/core/series.py::274,0.025442
pandas/core/series.py::297,0.025442
pandas/core/series.py::301,0.025442
pandas/core/series.py::305,0.025442
pandas/core/series.py::306,0.025442
pandas/core/series.py::315,0.025442
pandas/core/series.py::316,0.025442
pandas/core/series.py::318,0.025442
pandas/core/series.py::321,0.025442
pandas/core/series.py::323,0.025442
pandas/core/series.py::325,0.025442
pandas/core/series.py::326,0.025442
pandas/core/series.py::327,0.025442
pandas/core/series.py::406,0.025442
pandas/core/series.py::426,0.025442
pandas/core/series.py::429,0.025442
pandas/core/series.py::430,0.025442
pandas/core/series.py::442,0.025442
pandas/core/series.py::444,0.025442
pandas/core/series.py::445,0.025442
pandas/core/series.py::449,0.025442
pandas/core/series.py::452,0.025442
pandas/core/series.py::464,0.025442
pandas/core/series.py::475,0.025442
pandas/core/series.py::479,0.025442
pandas/core/series.py::481,0.025442
pandas/core/series.py::566,0.025442
pandas/core/series.py::589,0.025442
pandas/core/series.py::719,0.025442
pandas/core/sorting.py::127,0.025442
pandas/core/sorting.py::128,0.025442
pandas/core/sorting.py::129,0.025442
pandas/core/sorting.py::131,0.025442
pandas/core/sorting.py::136,0.025442
pandas/core/sorting.py::141,0.025442
pandas/core/sorting.py::142,0.025442
pandas/core/sorting.py::143,0.025442
pandas/core/sorting.py::144,0.025442
pandas/core/sorting.py::145,0.025442
pandas/core/sorting.py::146,0.025442
pandas/core/sorting.py::147,0.025442
pandas/core/sorting.py::148,0.025442
pandas/core/sorting.py::149,0.025442
pandas/core/sorting.py::150,0.025442
pandas/core/sorting.py::151,0.025442
pandas/core/sorting.py::164,0.025442
pandas/core/sorting.py::168,0.025442
pandas/core/sorting.py::170,0.025442
pandas/core/sorting.py::171,0.025442
pandas/util/_decorators.py::180,0.025442
pandas/util/_decorators.py::182,0.025442
pandas/util/_decorators.py::222,0.025442
pandas/util/_validators.py::130,0.025442
pandas/util/_validators.py::132,0.025442
pandas/util/_validators.py::167,0.025442
pandas/util/_validators.py::168,0.025442
pandas/util/_validators.py::169,0.025442
pandas/util/_validators.py::236,0.025442
pandas/util/_validators.py::241,0.025442
pandas/util/_validators.py::48,0.025442
