Entity,Score
pandas/core/arrays/timedeltas.py::1020,0.909091
pandas/core/arrays/timedeltas.py::1021,0.909091
pandas/core/arrays/timedeltas.py::1024,0.909091
pandas/core/arrays/timedeltas.py::1025,0.909091
pandas/core/arrays/timedeltas.py::1044,0.909091
pandas/core/arrays/timedeltas.py::1045,0.909091
pandas/core/arrays/timedeltas.py::1047,0.909091
pandas/core/arrays/timedeltas.py::1053,0.909091
pandas/core/arrays/timedeltas.py::1054,0.909091
pandas/core/arrays/timedeltas.py::1055,0.909091
pandas/core/arrays/timedeltas.py::1058,0.909091
pandas/core/arrays/timedeltas.py::1060,0.909091
pandas/core/arrays/timedeltas.py::1065,0.909091
pandas/core/arrays/timedeltas.py::955,0.909091
pandas/core/arrays/timedeltas.py::956,0.909091
pandas/core/arrays/timedeltas.py::959,0.909091
pandas/core/arrays/timedeltas.py::965,0.909091
pandas/core/arrays/timedeltas.py::967,0.909091
pandas/core/arrays/timedeltas.py::972,0.909091
pandas/core/arrays/timedeltas.py::977,0.909091
pandas/core/arrays/timedeltas.py::979,0.909091
pandas/core/arrays/timedeltas.py::980,0.909091
pandas/core/dtypes/cast.py::894,0.909091
pandas/core/internals/blocks.py::2479,0.909091
pandas/core/internals/blocks.py::2481,0.909091
pandas/core/internals/blocks.py::2483,0.909091
pandas/core/internals/blocks.py::2484,0.909091
pandas/core/internals/blocks.py::3063,0.909091
pandas/core/internals/blocks.py::3064,0.909091
pandas/core/internals/construction.py::482,0.909091
pandas/core/reshape/merge.py::1657,0.909091
pandas/core/tools/timedeltas.py::102,0.909091
pandas/core/tools/timedeltas.py::109,0.909091
pandas/core/tools/timedeltas.py::111,0.909091
pandas/core/tools/timedeltas.py::112,0.909091
pandas/core/tools/timedeltas.py::113,0.909091
pandas/core/tools/timedeltas.py::153,0.909091
pandas/core/tools/timedeltas.py::160,0.909091
pandas/core/tools/timedeltas.py::161,0.909091
pandas/core/tools/timedeltas.py::175,0.909091
pandas/core/tools/timedeltas.py::179,0.909091
pandas/core/tools/timedeltas.py::97,0.909091
pandas/core/tools/timedeltas.py::99,0.909091
pandas/core/reshape/merge.py::1650,0.660409
pandas/core/dtypes/inference.py::383,0.476190
pandas/core/frame.py::409,0.476190
pandas/core/frame.py::427,0.476190
pandas/core/frame.py::440,0.476190
pandas/core/frame.py::441,0.476190
pandas/core/frame.py::443,0.476190
pandas/core/frame.py::444,0.476190
pandas/core/frame.py::445,0.476190
pandas/core/frame.py::447,0.476190
pandas/core/frame.py::448,0.476190
pandas/core/frame.py::451,0.476190
pandas/core/frame.py::452,0.476190
pandas/core/frame.py::454,0.476190
pandas/core/frame.py::457,0.476190
pandas/core/frame.py::459,0.476190
pandas/core/internals/construction.py::433,0.476190
pandas/core/internals/construction.py::446,0.476190
pandas/core/internals/construction.py::452,0.476190
pandas/core/internals/construction.py::453,0.476190
pandas/core/internals/construction.py::481,0.476190
pandas/core/internals/construction.py::487,0.476190
pandas/core/internals/construction.py::488,0.476190
pandas/core/internals/construction.py::489,0.476190
pandas/core/internals/construction.py::493,0.476190
pandas/core/internals/construction.py::565,0.476190
pandas/core/internals/construction.py::568,0.476190
pandas/core/internals/construction.py::576,0.476190
pandas/core/internals/construction.py::577,0.476190
pandas/core/internals/construction.py::578,0.476190
pandas/core/internals/construction.py::579,0.476190
pandas/core/internals/construction.py::580,0.476190
pandas/core/internals/construction.py::582,0.476190
pandas/core/internals/construction.py::584,0.476190
pandas/core/dtypes/common.py::1161,0.364199
pandas/core/reshape/merge.py::1644,0.364199
pandas/core/reshape/merge.py::1629,0.260304
pandas/core/reshape/merge.py::1626,0.251700
pandas/core/reshape/merge.py::1632,0.251700
pandas/core/reshape/merge.py::1634,0.251700
pandas/core/reshape/merge.py::1638,0.251700
pandas/core/internals/blocks.py::2086,0.196078
pandas/core/internals/managers.py::651,0.151959
pandas/core/indexes/base.py::4344,0.130722
pandas/core/reshape/merge.py::1184,0.118111
pandas/core/reshape/merge.py::1189,0.118111
pandas/core/algorithms.py::1686,0.116478
pandas/core/algorithms.py::1689,0.116478
pandas/core/algorithms.py::1690,0.116478
pandas/core/algorithms.py::1691,0.116478
pandas/core/algorithms.py::1715,0.116478
pandas/core/reshape/merge.py::1624,0.116478
pandas/core/common.py::280,0.115687
pandas/core/internals/managers.py::209,0.115687
pandas/core/reshape/merge.py::1183,0.115687
pandas/core/algorithms.py::1660,0.114152
pandas/core/algorithms.py::1661,0.114152
pandas/core/common.py::207,0.114152
pandas/core/common.py::264,0.114152
pandas/core/common.py::267,0.114152
pandas/core/common.py::273,0.114152
pandas/core/common.py::275,0.114152
pandas/core/frame.py::3782,0.114152
pandas/core/frame.py::3784,0.114152
pandas/core/frame.py::3785,0.114152
pandas/core/frame.py::3786,0.114152
pandas/core/frame.py::3787,0.114152
pandas/core/frame.py::3790,0.114152
pandas/core/frame.py::3791,0.114152
pandas/core/frame.py::3796,0.114152
pandas/core/frame.py::3828,0.114152
pandas/core/frame.py::3829,0.114152
pandas/core/frame.py::3831,0.114152
pandas/core/frame.py::3832,0.114152
pandas/core/frame.py::3833,0.114152
pandas/core/frame.py::3834,0.114152
pandas/core/frame.py::3835,0.114152
pandas/core/frame.py::3900,0.114152
pandas/core/frame.py::3901,0.114152
pandas/core/frame.py::3903,0.114152
pandas/core/frame.py::3904,0.114152
pandas/core/frame.py::3905,0.114152
pandas/core/frame.py::4039,0.114152
pandas/core/frame.py::4040,0.114152
pandas/core/frame.py::4041,0.114152
pandas/core/frame.py::4042,0.114152
pandas/core/frame.py::4043,0.114152
pandas/core/frame.py::4044,0.114152
pandas/core/frame.py::4045,0.114152
pandas/core/frame.py::4046,0.114152
pandas/core/generic.py::1595,0.114152
pandas/core/generic.py::1598,0.114152
pandas/core/generic.py::1599,0.114152
pandas/core/generic.py::1600,0.114152
pandas/core/generic.py::1653,0.114152
pandas/core/generic.py::1654,0.114152
pandas/core/generic.py::1804,0.114152
pandas/core/generic.py::1807,0.114152
pandas/core/generic.py::1809,0.114152
pandas/core/generic.py::1812,0.114152
pandas/core/generic.py::1821,0.114152
pandas/core/generic.py::1823,0.114152
pandas/core/generic.py::1828,0.114152
pandas/core/generic.py::1830,0.114152
pandas/core/generic.py::1832,0.114152
pandas/core/generic.py::1836,0.114152
pandas/core/generic.py::1837,0.114152
pandas/core/generic.py::1853,0.114152
pandas/core/generic.py::3261,0.114152
pandas/core/generic.py::3262,0.114152
pandas/core/generic.py::3275,0.114152
pandas/core/generic.py::3276,0.114152
pandas/core/generic.py::3278,0.114152
pandas/core/generic.py::382,0.114152
pandas/core/generic.py::383,0.114152
pandas/core/generic.py::384,0.114152
pandas/core/generic.py::385,0.114152
pandas/core/generic.py::3873,0.114152
pandas/core/generic.py::3875,0.114152
pandas/core/generic.py::3876,0.114152
pandas/core/generic.py::3878,0.114152
pandas/core/generic.py::3879,0.114152
pandas/core/generic.py::3887,0.114152
pandas/core/generic.py::3889,0.114152
pandas/core/generic.py::3890,0.114152
pandas/core/generic.py::3891,0.114152
pandas/core/generic.py::3893,0.114152
pandas/core/generic.py::3894,0.114152
pandas/core/generic.py::3913,0.114152
pandas/core/generic.py::3914,0.114152
pandas/core/generic.py::3915,0.114152
pandas/core/generic.py::3917,0.114152
pandas/core/generic.py::3918,0.114152
pandas/core/generic.py::3923,0.114152
pandas/core/generic.py::3924,0.114152
pandas/core/generic.py::3949,0.114152
pandas/core/generic.py::3963,0.114152
pandas/core/generic.py::3964,0.114152
pandas/core/generic.py::3965,0.114152
pandas/core/generic.py::3966,0.114152
pandas/core/generic.py::410,0.114152
pandas/core/generic.py::411,0.114152
pandas/core/generic.py::4482,0.114152
pandas/core/generic.py::4489,0.114152
pandas/core/generic.py::4490,0.114152
pandas/core/generic.py::4491,0.114152
pandas/core/generic.py::4519,0.114152
pandas/core/generic.py::4534,0.114152
pandas/core/generic.py::4535,0.114152
pandas/core/generic.py::4536,0.114152
pandas/core/generic.py::4537,0.114152
pandas/core/generic.py::4539,0.114152
pandas/core/generic.py::4542,0.114152
pandas/core/generic.py::4543,0.114152
pandas/core/generic.py::4544,0.114152
pandas/core/generic.py::4547,0.114152
pandas/core/generic.py::4548,0.114152
pandas/core/generic.py::4549,0.114152
pandas/core/generic.py::4550,0.114152
pandas/core/generic.py::4551,0.114152
pandas/core/generic.py::4552,0.114152
pandas/core/generic.py::4553,0.114152
pandas/core/generic.py::4556,0.114152
pandas/core/generic.py::4559,0.114152
pandas/core/indexes/base.py::3310,0.114152
pandas/core/indexes/base.py::3331,0.114152
pandas/core/indexes/base.py::3334,0.114152
pandas/core/indexes/base.py::3336,0.114152
pandas/core/indexes/base.py::3342,0.114152
pandas/core/indexes/base.py::3344,0.114152
pandas/core/indexes/base.py::3351,0.114152
pandas/core/indexes/base.py::3355,0.114152
pandas/core/indexes/base.py::3356,0.114152
pandas/core/indexes/base.py::3357,0.114152
pandas/core/indexes/base.py::3367,0.114152
pandas/core/indexes/base.py::3371,0.114152
pandas/core/indexes/base.py::5242,0.114152
pandas/core/indexes/base.py::5283,0.114152
pandas/core/indexes/base.py::5284,0.114152
pandas/core/indexes/base.py::5285,0.114152
pandas/core/indexes/base.py::5286,0.114152
pandas/core/indexes/base.py::5287,0.114152
pandas/core/indexes/base.py::5291,0.114152
pandas/core/indexes/base.py::5636,0.114152
pandas/core/indexes/base.py::5637,0.114152
pandas/core/indexes/base.py::5641,0.114152
pandas/core/internals/blocks.py::1270,0.114152
pandas/core/internals/blocks.py::1271,0.114152
pandas/core/internals/managers.py::1249,0.114152
pandas/core/internals/managers.py::1255,0.114152
pandas/core/internals/managers.py::1284,0.114152
pandas/core/internals/managers.py::1286,0.114152
pandas/core/internals/managers.py::1287,0.114152
pandas/core/internals/managers.py::1290,0.114152
pandas/core/internals/managers.py::1309,0.114152
pandas/core/internals/managers.py::1313,0.114152
pandas/core/internals/managers.py::1314,0.114152
pandas/core/internals/managers.py::1316,0.114152
pandas/core/internals/managers.py::1317,0.114152
pandas/core/internals/managers.py::1325,0.114152
pandas/core/internals/managers.py::1326,0.114152
pandas/core/internals/managers.py::1327,0.114152
pandas/core/internals/managers.py::1329,0.114152
pandas/core/internals/managers.py::1337,0.114152
pandas/core/internals/managers.py::1340,0.114152
pandas/core/internals/managers.py::1350,0.114152
pandas/core/internals/managers.py::1351,0.114152
pandas/core/internals/managers.py::1352,0.114152
pandas/core/internals/managers.py::1353,0.114152
pandas/core/internals/managers.py::1354,0.114152
pandas/core/internals/managers.py::1355,0.114152
pandas/core/internals/managers.py::1359,0.114152
pandas/core/internals/managers.py::1996,0.114152
pandas/core/internals/managers.py::2003,0.114152
pandas/core/internals/managers.py::2007,0.114152
pandas/core/internals/managers.py::2008,0.114152
pandas/core/internals/managers.py::2010,0.114152
pandas/core/internals/managers.py::205,0.114152
pandas/core/internals/managers.py::208,0.114152
pandas/core/reshape/merge.py::1018,0.114152
pandas/core/reshape/merge.py::943,0.114152
pandas/core/reshape/merge.py::944,0.114152
pandas/core/reshape/merge.py::958,0.114152
pandas/core/reshape/merge.py::959,0.114152
pandas/core/reshape/merge.py::960,0.114152
pandas/core/reshape/merge.py::964,0.114152
pandas/core/reshape/merge.py::966,0.114152
pandas/core/reshape/merge.py::967,0.114152
pandas/core/reshape/merge.py::972,0.114152
pandas/core/reshape/merge.py::973,0.114152
pandas/core/reshape/merge.py::974,0.114152
pandas/util/_decorators.py::221,0.114152
pandas/util/_validators.py::277,0.114152
pandas/util/_validators.py::282,0.114152
pandas/util/_validators.py::287,0.114152
pandas/util/_validators.py::298,0.114152
pandas/util/_validators.py::299,0.114152
pandas/util/_validators.py::300,0.114152
pandas/util/_validators.py::304,0.114152
pandas/util/_validators.py::310,0.114152
pandas/util/_validators.py::311,0.114152
pandas/util/_validators.py::334,0.114152
pandas/core/algorithms.py::1482,0.113407
pandas/core/algorithms.py::1705,0.113407
pandas/core/base.py::69,0.113407
pandas/core/base.py::70,0.113407
pandas/core/common.py::193,0.113407
pandas/core/dtypes/cast.py::361,0.113407
pandas/core/dtypes/cast.py::364,0.113407
pandas/core/dtypes/cast.py::365,0.113407
pandas/core/dtypes/cast.py::367,0.113407
pandas/core/dtypes/cast.py::369,0.113407
pandas/core/dtypes/cast.py::370,0.113407
pandas/core/frame.py::503,0.113407
pandas/core/generic.py::1624,0.113407
pandas/core/generic.py::1625,0.113407
pandas/core/generic.py::1628,0.113407
pandas/core/generic.py::1629,0.113407
pandas/core/generic.py::1630,0.113407
pandas/core/generic.py::1675,0.113407
pandas/core/generic.py::1676,0.113407
pandas/core/generic.py::1679,0.113407
pandas/core/generic.py::1680,0.113407
pandas/core/generic.py::1681,0.113407
pandas/core/generic.py::1740,0.113407
pandas/core/generic.py::1741,0.113407
pandas/core/generic.py::1743,0.113407
pandas/core/generic.py::1744,0.113407
pandas/core/generic.py::1745,0.113407
pandas/core/generic.py::1752,0.113407
pandas/core/generic.py::1776,0.113407
pandas/core/generic.py::3477,0.113407
pandas/core/generic.py::3478,0.113407
pandas/core/generic.py::3479,0.113407
pandas/core/generic.py::3491,0.113407
pandas/core/generic.py::3492,0.113407
pandas/core/indexes/base.py::1307,0.113407
pandas/core/reshape/merge.py::1014,0.113407
pandas/core/reshape/merge.py::1017,0.113407
pandas/core/reshape/merge.py::1020,0.113407
pandas/core/reshape/merge.py::1557,0.113407
pandas/core/reshape/merge.py::1561,0.113407
pandas/core/reshape/merge.py::1563,0.113407
pandas/core/reshape/merge.py::1568,0.113407
pandas/core/reshape/merge.py::1581,0.113407
pandas/core/reshape/merge.py::1594,0.113407
pandas/core/reshape/merge.py::1597,0.113407
pandas/core/reshape/merge.py::1598,0.113407
pandas/core/reshape/merge.py::1961,0.113407
pandas/core/reshape/merge.py::611,0.113407
pandas/core/reshape/merge.py::920,0.113407
pandas/core/reshape/merge.py::921,0.113407
pandas/core/reshape/merge.py::922,0.113407
pandas/core/reshape/merge.py::923,0.113407
pandas/core/reshape/merge.py::924,0.113407
pandas/core/reshape/merge.py::926,0.113407
pandas/core/reshape/merge.py::928,0.113407
pandas/core/reshape/merge.py::929,0.113407
pandas/core/reshape/merge.py::942,0.113407
pandas/_config/config.py::111,0.112677
pandas/_config/config.py::112,0.112677
pandas/_config/config.py::116,0.112677
pandas/_config/config.py::118,0.112677
pandas/_config/config.py::122,0.112677
pandas/_config/config.py::123,0.112677
pandas/_config/config.py::125,0.112677
pandas/_config/config.py::126,0.112677
pandas/_config/config.py::127,0.112677
pandas/_config/config.py::130,0.112677
pandas/_config/config.py::131,0.112677
pandas/_config/config.py::133,0.112677
pandas/_config/config.py::233,0.112677
pandas/_config/config.py::542,0.112677
pandas/_config/config.py::546,0.112677
pandas/_config/config.py::547,0.112677
pandas/_config/config.py::550,0.112677
pandas/_config/config.py::554,0.112677
pandas/_config/config.py::555,0.112677
pandas/_config/config.py::556,0.112677
pandas/_config/config.py::557,0.112677
pandas/_config/config.py::558,0.112677
pandas/_config/config.py::577,0.112677
pandas/_config/config.py::578,0.112677
pandas/_config/config.py::579,0.112677
pandas/_config/config.py::580,0.112677
pandas/_config/config.py::593,0.112677
pandas/_config/config.py::602,0.112677
pandas/_config/config.py::603,0.112677
pandas/_config/config.py::606,0.112677
pandas/_config/config.py::618,0.112677
pandas/_config/config.py::619,0.112677
pandas/_config/config.py::634,0.112677
pandas/_config/config.py::811,0.112677
pandas/_config/config.py::84,0.112677
pandas/_config/config.py::85,0.112677
pandas/_config/config.py::89,0.112677
pandas/_config/config.py::91,0.112677
pandas/_config/config.py::93,0.112677
pandas/_config/config.py::94,0.112677
pandas/_config/config.py::96,0.112677
pandas/_config/config.py::98,0.112677
pandas/compat/numpy/function.py::43,0.112677
pandas/conftest.py::339,0.112677
pandas/conftest.py::360,0.112677
pandas/conftest.py::362,0.112677
pandas/conftest.py::363,0.112677
pandas/conftest.py::364,0.112677
pandas/conftest.py::371,0.112677
pandas/conftest.py::373,0.112677
pandas/conftest.py::49,0.112677
pandas/conftest.py::52,0.112677
pandas/conftest.py::55,0.112677
pandas/conftest.py::58,0.112677
pandas/conftest.py::61,0.112677
pandas/conftest.py::72,0.112677
pandas/conftest.py::80,0.112677
pandas/conftest.py::81,0.112677
pandas/core/algorithms.py::100,0.112677
pandas/core/algorithms.py::1479,0.112677
pandas/core/algorithms.py::1480,0.112677
pandas/core/algorithms.py::1481,0.112677
pandas/core/algorithms.py::1483,0.112677
pandas/core/algorithms.py::1484,0.112677
pandas/core/algorithms.py::1487,0.112677
pandas/core/algorithms.py::1488,0.112677
pandas/core/algorithms.py::1489,0.112677
pandas/core/algorithms.py::1644,0.112677
pandas/core/algorithms.py::1647,0.112677
pandas/core/algorithms.py::1649,0.112677
pandas/core/algorithms.py::1652,0.112677
pandas/core/algorithms.py::1654,0.112677
pandas/core/algorithms.py::1658,0.112677
pandas/core/algorithms.py::1659,0.112677
pandas/core/algorithms.py::1665,0.112677
pandas/core/algorithms.py::1666,0.112677
pandas/core/algorithms.py::1683,0.112677
pandas/core/algorithms.py::1684,0.112677
pandas/core/algorithms.py::1685,0.112677
pandas/core/algorithms.py::1688,0.112677
pandas/core/algorithms.py::1696,0.112677
pandas/core/algorithms.py::1697,0.112677
pandas/core/algorithms.py::1698,0.112677
pandas/core/algorithms.py::1699,0.112677
pandas/core/algorithms.py::1700,0.112677
pandas/core/algorithms.py::1707,0.112677
pandas/core/algorithms.py::1709,0.112677
pandas/core/algorithms.py::1710,0.112677
pandas/core/algorithms.py::1712,0.112677
pandas/core/algorithms.py::1714,0.112677
pandas/core/algorithms.py::1716,0.112677
pandas/core/algorithms.py::180,0.112677
pandas/core/algorithms.py::182,0.112677
pandas/core/algorithms.py::184,0.112677
pandas/core/algorithms.py::190,0.112677
pandas/core/algorithms.py::191,0.112677
pandas/core/algorithms.py::193,0.112677
pandas/core/algorithms.py::200,0.112677
pandas/core/algorithms.py::208,0.112677
pandas/core/algorithms.py::252,0.112677
pandas/core/algorithms.py::255,0.112677
pandas/core/algorithms.py::256,0.112677
pandas/core/algorithms.py::261,0.112677
pandas/core/algorithms.py::262,0.112677
pandas/core/algorithms.py::264,0.112677
pandas/core/algorithms.py::266,0.112677
pandas/core/algorithms.py::501,0.112677
pandas/core/algorithms.py::503,0.112677
pandas/core/algorithms.py::504,0.112677
pandas/core/algorithms.py::505,0.112677
pandas/core/algorithms.py::508,0.112677
pandas/core/algorithms.py::509,0.112677
pandas/core/algorithms.py::649,0.112677
pandas/core/algorithms.py::650,0.112677
pandas/core/algorithms.py::652,0.112677
pandas/core/algorithms.py::657,0.112677
pandas/core/algorithms.py::660,0.112677
pandas/core/algorithms.py::661,0.112677
pandas/core/algorithms.py::662,0.112677
pandas/core/algorithms.py::666,0.112677
pandas/core/algorithms.py::668,0.112677
pandas/core/algorithms.py::669,0.112677
pandas/core/algorithms.py::672,0.112677
pandas/core/algorithms.py::679,0.112677
pandas/core/algorithms.py::682,0.112677
pandas/core/algorithms.py::684,0.112677
pandas/core/algorithms.py::689,0.112677
pandas/core/algorithms.py::86,0.112677
pandas/core/algorithms.py::87,0.112677
pandas/core/algorithms.py::89,0.112677
pandas/core/algorithms.py::93,0.112677
pandas/core/algorithms.py::95,0.112677
pandas/core/algorithms.py::97,0.112677
pandas/core/algorithms.py::99,0.112677
pandas/core/arrays/datetimelike.py::1578,0.112677
pandas/core/arrays/datetimelike.py::1589,0.112677
pandas/core/arrays/datetimelike.py::1608,0.112677
pandas/core/arrays/datetimelike.py::1609,0.112677
pandas/core/arrays/datetimelike.py::1611,0.112677
pandas/core/arrays/datetimelike.py::1612,0.112677
pandas/core/arrays/datetimelike.py::1616,0.112677
pandas/core/arrays/datetimelike.py::358,0.112677
pandas/core/arrays/datetimelike.py::400,0.112677
pandas/core/arrays/datetimelike.py::596,0.112677
pandas/core/arrays/datetimelike.py::597,0.112677
pandas/core/arrays/datetimelike.py::806,0.112677
pandas/core/arrays/datetimes.py::1895,0.112677
pandas/core/arrays/datetimes.py::1897,0.112677
pandas/core/arrays/datetimes.py::1899,0.112677
pandas/core/arrays/datetimes.py::1906,0.112677
pandas/core/arrays/datetimes.py::1908,0.112677
pandas/core/arrays/datetimes.py::1911,0.112677
pandas/core/arrays/datetimes.py::1916,0.112677
pandas/core/arrays/datetimes.py::1918,0.112677
pandas/core/arrays/datetimes.py::1922,0.112677
pandas/core/arrays/datetimes.py::1924,0.112677
pandas/core/arrays/datetimes.py::1944,0.112677
pandas/core/arrays/datetimes.py::1949,0.112677
pandas/core/arrays/datetimes.py::1951,0.112677
pandas/core/arrays/datetimes.py::1952,0.112677
pandas/core/arrays/datetimes.py::1955,0.112677
pandas/core/arrays/datetimes.py::1963,0.112677
pandas/core/arrays/datetimes.py::1964,0.112677
pandas/core/arrays/datetimes.py::1982,0.112677
pandas/core/arrays/datetimes.py::1986,0.112677
pandas/core/arrays/datetimes.py::1987,0.112677
pandas/core/arrays/datetimes.py::1990,0.112677
pandas/core/arrays/datetimes.py::1992,0.112677
pandas/core/arrays/datetimes.py::2031,0.112677
pandas/core/arrays/datetimes.py::2034,0.112677
pandas/core/arrays/datetimes.py::2036,0.112677
pandas/core/arrays/datetimes.py::2037,0.112677
pandas/core/arrays/datetimes.py::2038,0.112677
pandas/core/arrays/datetimes.py::2039,0.112677
pandas/core/arrays/datetimes.py::2040,0.112677
pandas/core/arrays/datetimes.py::2041,0.112677
pandas/core/arrays/datetimes.py::2042,0.112677
pandas/core/arrays/datetimes.py::2043,0.112677
pandas/core/arrays/datetimes.py::2054,0.112677
pandas/core/arrays/datetimes.py::2059,0.112677
pandas/core/arrays/datetimes.py::2062,0.112677
pandas/core/arrays/datetimes.py::2097,0.112677
pandas/core/arrays/datetimes.py::2105,0.112677
pandas/core/arrays/datetimes.py::2114,0.112677
pandas/core/arrays/datetimes.py::2121,0.112677
pandas/core/arrays/datetimes.py::2128,0.112677
pandas/core/arrays/datetimes.py::2134,0.112677
pandas/core/arrays/datetimes.py::2193,0.112677
pandas/core/arrays/datetimes.py::2194,0.112677
pandas/core/arrays/datetimes.py::2195,0.112677
pandas/core/arrays/datetimes.py::2206,0.112677
pandas/core/arrays/datetimes.py::2207,0.112677
pandas/core/arrays/datetimes.py::2213,0.112677
pandas/core/arrays/datetimes.py::2235,0.112677
pandas/core/arrays/datetimes.py::2260,0.112677
pandas/core/arrays/datetimes.py::334,0.112677
pandas/core/arrays/datetimes.py::337,0.112677
pandas/core/arrays/datetimes.py::339,0.112677
pandas/core/arrays/datetimes.py::341,0.112677
pandas/core/arrays/datetimes.py::342,0.112677
pandas/core/arrays/datetimes.py::344,0.112677
pandas/core/arrays/datetimes.py::351,0.112677
pandas/core/arrays/datetimes.py::354,0.112677
pandas/core/arrays/datetimes.py::355,0.112677
pandas/core/arrays/datetimes.py::356,0.112677
pandas/core/arrays/datetimes.py::358,0.112677
pandas/core/arrays/datetimes.py::364,0.112677
pandas/core/arrays/datetimes.py::367,0.112677
pandas/core/arrays/datetimes.py::373,0.112677
pandas/core/arrays/datetimes.py::380,0.112677
pandas/core/arrays/datetimes.py::382,0.112677
pandas/core/arrays/datetimes.py::389,0.112677
pandas/core/arrays/datetimes.py::391,0.112677
pandas/core/arrays/datetimes.py::393,0.112677
pandas/core/arrays/datetimes.py::401,0.112677
pandas/core/arrays/datetimes.py::402,0.112677
pandas/core/arrays/datetimes.py::403,0.112677
pandas/core/arrays/datetimes.py::405,0.112677
pandas/core/arrays/datetimes.py::410,0.112677
pandas/core/arrays/datetimes.py::411,0.112677
pandas/core/arrays/datetimes.py::412,0.112677
pandas/core/arrays/datetimes.py::414,0.112677
pandas/core/arrays/datetimes.py::415,0.112677
pandas/core/arrays/datetimes.py::416,0.112677
pandas/core/arrays/datetimes.py::417,0.112677
pandas/core/arrays/datetimes.py::418,0.112677
pandas/core/arrays/datetimes.py::434,0.112677
pandas/core/arrays/datetimes.py::436,0.112677
pandas/core/arrays/datetimes.py::437,0.112677
pandas/core/arrays/datetimes.py::438,0.112677
pandas/core/arrays/datetimes.py::439,0.112677
pandas/core/arrays/datetimes.py::440,0.112677
pandas/core/arrays/datetimes.py::441,0.112677
pandas/core/arrays/datetimes.py::442,0.112677
pandas/core/arrays/datetimes.py::443,0.112677
pandas/core/arrays/datetimes.py::444,0.112677
pandas/core/arrays/datetimes.py::447,0.112677
pandas/core/arrays/datetimes.py::449,0.112677
pandas/core/arrays/datetimes.py::450,0.112677
pandas/core/arrays/datetimes.py::452,0.112677
pandas/core/arrays/datetimes.py::456,0.112677
pandas/core/arrays/datetimes.py::461,0.112677
pandas/core/arrays/datetimes.py::623,0.112677
pandas/core/arrays/datetimes.py::636,0.112677
pandas/core/arrays/datetimes.py::91,0.112677
pandas/core/arrays/datetimes.py::92,0.112677
pandas/core/arrays/numpy_.py::125,0.112677
pandas/core/arrays/numpy_.py::127,0.112677
pandas/core/arrays/numpy_.py::134,0.112677
pandas/core/arrays/numpy_.py::137,0.112677
pandas/core/arrays/numpy_.py::140,0.112677
pandas/core/arrays/numpy_.py::141,0.112677
pandas/core/arrays/numpy_.py::172,0.112677
pandas/core/arrays/numpy_.py::42,0.112677
pandas/core/arrays/numpy_.py::43,0.112677
pandas/core/arrays/numpy_.py::44,0.112677
pandas/core/arrays/numpy_.py::45,0.112677
pandas/core/arrays/sparse.py::244,0.112677
pandas/core/arrays/sparse.py::245,0.112677
pandas/core/arrays/sparse.py::263,0.112677
pandas/core/base.py::1004,0.112677
pandas/core/base.py::1008,0.112677
pandas/core/base.py::1175,0.112677
pandas/core/base.py::1177,0.112677
pandas/core/base.py::1180,0.112677
pandas/core/base.py::776,0.112677
pandas/core/base.py::875,0.112677
pandas/core/base.py::877,0.112677
pandas/core/base.py::881,0.112677
pandas/core/base.py::886,0.112677
pandas/core/base.py::887,0.112677
pandas/core/base.py::889,0.112677
pandas/core/base.py::891,0.112677
pandas/core/base.py::999,0.112677
pandas/core/common.py::121,0.112677
pandas/core/common.py::122,0.112677
pandas/core/common.py::125,0.112677
pandas/core/common.py::133,0.112677
pandas/core/common.py::136,0.112677
pandas/core/common.py::139,0.112677
pandas/core/common.py::163,0.112677
pandas/core/common.py::165,0.112677
pandas/core/common.py::186,0.112677
pandas/core/common.py::230,0.112677
pandas/core/common.py::232,0.112677
pandas/core/common.py::235,0.112677
pandas/core/common.py::236,0.112677
pandas/core/common.py::238,0.112677
pandas/core/common.py::240,0.112677
pandas/core/common.py::243,0.112677
pandas/core/common.py::248,0.112677
pandas/core/common.py::279,0.112677
pandas/core/common.py::281,0.112677
pandas/core/common.py::288,0.112677
pandas/core/common.py::290,0.112677
pandas/core/common.py::351,0.112677
pandas/core/common.py::354,0.112677
pandas/core/construction.py::359,0.112677
pandas/core/construction.py::362,0.112677
pandas/core/construction.py::365,0.112677
pandas/core/construction.py::373,0.112677
pandas/core/construction.py::374,0.112677
pandas/core/construction.py::376,0.112677
pandas/core/construction.py::386,0.112677
pandas/core/construction.py::389,0.112677
pandas/core/construction.py::391,0.112677
pandas/core/construction.py::402,0.112677
pandas/core/construction.py::404,0.112677
pandas/core/construction.py::406,0.112677
pandas/core/construction.py::408,0.112677
pandas/core/construction.py::410,0.112677
pandas/core/construction.py::412,0.112677
pandas/core/construction.py::414,0.112677
pandas/core/construction.py::415,0.112677
pandas/core/construction.py::416,0.112677
pandas/core/construction.py::417,0.112677
pandas/core/construction.py::427,0.112677
pandas/core/construction.py::429,0.112677
pandas/core/construction.py::434,0.112677
pandas/core/construction.py::437,0.112677
pandas/core/construction.py::456,0.112677
pandas/core/construction.py::457,0.112677
pandas/core/construction.py::460,0.112677
pandas/core/construction.py::471,0.112677
pandas/core/construction.py::474,0.112677
pandas/core/construction.py::483,0.112677
pandas/core/construction.py::484,0.112677
pandas/core/construction.py::485,0.112677
pandas/core/construction.py::493,0.112677
pandas/core/construction.py::511,0.112677
pandas/core/construction.py::512,0.112677
pandas/core/construction.py::513,0.112677
pandas/core/construction.py::515,0.112677
pandas/core/construction.py::518,0.112677
pandas/core/construction.py::521,0.112677
pandas/core/construction.py::524,0.112677
pandas/core/construction.py::525,0.112677
pandas/core/construction.py::526,0.112677
pandas/core/construction.py::528,0.112677
pandas/core/construction.py::529,0.112677
pandas/core/construction.py::530,0.112677
pandas/core/construction.py::549,0.112677
pandas/core/dtypes/base.py::223,0.112677
pandas/core/dtypes/base.py::224,0.112677
pandas/core/dtypes/base.py::225,0.112677
pandas/core/dtypes/base.py::226,0.112677
pandas/core/dtypes/base.py::227,0.112677
pandas/core/dtypes/base.py::254,0.112677
pandas/core/dtypes/base.py::256,0.112677
pandas/core/dtypes/base.py::261,0.112677
pandas/core/dtypes/base.py::262,0.112677
pandas/core/dtypes/base.py::264,0.112677
pandas/core/dtypes/base.py::266,0.112677
pandas/core/dtypes/base.py::267,0.112677
pandas/core/dtypes/base.py::268,0.112677
pandas/core/dtypes/base.py::269,0.112677
pandas/core/dtypes/cast.py::1002,0.112677
pandas/core/dtypes/cast.py::1009,0.112677
pandas/core/dtypes/cast.py::1010,0.112677
pandas/core/dtypes/cast.py::1012,0.112677
pandas/core/dtypes/cast.py::1013,0.112677
pandas/core/dtypes/cast.py::1016,0.112677
pandas/core/dtypes/cast.py::1017,0.112677
pandas/core/dtypes/cast.py::1018,0.112677
pandas/core/dtypes/cast.py::1020,0.112677
pandas/core/dtypes/cast.py::1099,0.112677
pandas/core/dtypes/cast.py::1111,0.112677
pandas/core/dtypes/cast.py::1115,0.112677
pandas/core/dtypes/cast.py::1128,0.112677
pandas/core/dtypes/cast.py::1130,0.112677
pandas/core/dtypes/cast.py::1133,0.112677
pandas/core/dtypes/cast.py::1135,0.112677
pandas/core/dtypes/cast.py::1278,0.112677
pandas/core/dtypes/cast.py::1279,0.112677
pandas/core/dtypes/cast.py::1280,0.112677
pandas/core/dtypes/cast.py::1308,0.112677
pandas/core/dtypes/cast.py::1310,0.112677
pandas/core/dtypes/cast.py::1322,0.112677
pandas/core/dtypes/cast.py::335,0.112677
pandas/core/dtypes/cast.py::347,0.112677
pandas/core/dtypes/cast.py::349,0.112677
pandas/core/dtypes/cast.py::351,0.112677
pandas/core/dtypes/cast.py::354,0.112677
pandas/core/dtypes/cast.py::356,0.112677
pandas/core/dtypes/cast.py::357,0.112677
pandas/core/dtypes/cast.py::359,0.112677
pandas/core/dtypes/cast.py::392,0.112677
pandas/core/dtypes/cast.py::394,0.112677
pandas/core/dtypes/cast.py::396,0.112677
pandas/core/dtypes/cast.py::399,0.112677
pandas/core/dtypes/cast.py::890,0.112677
pandas/core/dtypes/cast.py::891,0.112677
pandas/core/dtypes/cast.py::893,0.112677
pandas/core/dtypes/cast.py::896,0.112677
pandas/core/dtypes/cast.py::918,0.112677
pandas/core/dtypes/cast.py::919,0.112677
pandas/core/dtypes/cast.py::922,0.112677
pandas/core/dtypes/cast.py::926,0.112677
pandas/core/dtypes/cast.py::928,0.112677
pandas/core/dtypes/cast.py::930,0.112677
pandas/core/dtypes/cast.py::933,0.112677
pandas/core/dtypes/cast.py::934,0.112677
pandas/core/dtypes/cast.py::936,0.112677
pandas/core/dtypes/cast.py::937,0.112677
pandas/core/dtypes/cast.py::940,0.112677
pandas/core/dtypes/cast.py::943,0.112677
pandas/core/dtypes/cast.py::967,0.112677
pandas/core/dtypes/cast.py::978,0.112677
pandas/core/dtypes/cast.py::980,0.112677
pandas/core/dtypes/cast.py::982,0.112677
pandas/core/dtypes/cast.py::984,0.112677
pandas/core/dtypes/cast.py::986,0.112677
pandas/core/dtypes/common.py::1004,0.112677
pandas/core/dtypes/common.py::1061,0.112677
pandas/core/dtypes/common.py::1108,0.112677
pandas/core/dtypes/common.py::1109,0.112677
pandas/core/dtypes/common.py::1199,0.112677
pandas/core/dtypes/common.py::1200,0.112677
pandas/core/dtypes/common.py::1201,0.112677
pandas/core/dtypes/common.py::1242,0.112677
pandas/core/dtypes/common.py::1244,0.112677
pandas/core/dtypes/common.py::1245,0.112677
pandas/core/dtypes/common.py::1251,0.112677
pandas/core/dtypes/common.py::1282,0.112677
pandas/core/dtypes/common.py::1321,0.112677
pandas/core/dtypes/common.py::1583,0.112677
pandas/core/dtypes/common.py::1617,0.112677
pandas/core/dtypes/common.py::1660,0.112677
pandas/core/dtypes/common.py::1661,0.112677
pandas/core/dtypes/common.py::1662,0.112677
pandas/core/dtypes/common.py::1663,0.112677
pandas/core/dtypes/common.py::1667,0.112677
pandas/core/dtypes/common.py::1671,0.112677
pandas/core/dtypes/common.py::1678,0.112677
pandas/core/dtypes/common.py::1682,0.112677
pandas/core/dtypes/common.py::1735,0.112677
pandas/core/dtypes/common.py::1737,0.112677
pandas/core/dtypes/common.py::1739,0.112677
pandas/core/dtypes/common.py::1741,0.112677
pandas/core/dtypes/common.py::1789,0.112677
pandas/core/dtypes/common.py::1790,0.112677
pandas/core/dtypes/common.py::1842,0.112677
pandas/core/dtypes/common.py::1844,0.112677
pandas/core/dtypes/common.py::1845,0.112677
pandas/core/dtypes/common.py::1848,0.112677
pandas/core/dtypes/common.py::1871,0.112677
pandas/core/dtypes/common.py::1875,0.112677
pandas/core/dtypes/common.py::1876,0.112677
pandas/core/dtypes/common.py::1877,0.112677
pandas/core/dtypes/common.py::1878,0.112677
pandas/core/dtypes/common.py::1881,0.112677
pandas/core/dtypes/common.py::1882,0.112677
pandas/core/dtypes/common.py::1884,0.112677
pandas/core/dtypes/common.py::1902,0.112677
pandas/core/dtypes/common.py::1903,0.112677
pandas/core/dtypes/common.py::1906,0.112677
pandas/core/dtypes/common.py::1907,0.112677
pandas/core/dtypes/common.py::1908,0.112677
pandas/core/dtypes/common.py::1914,0.112677
pandas/core/dtypes/common.py::1915,0.112677
pandas/core/dtypes/common.py::1918,0.112677
pandas/core/dtypes/common.py::1919,0.112677
pandas/core/dtypes/common.py::1921,0.112677
pandas/core/dtypes/common.py::1922,0.112677
pandas/core/dtypes/common.py::1929,0.112677
pandas/core/dtypes/common.py::197,0.112677
pandas/core/dtypes/common.py::201,0.112677
pandas/core/dtypes/common.py::202,0.112677
pandas/core/dtypes/common.py::203,0.112677
pandas/core/dtypes/common.py::2038,0.112677
pandas/core/dtypes/common.py::204,0.112677
pandas/core/dtypes/common.py::2040,0.112677
pandas/core/dtypes/common.py::2041,0.112677
pandas/core/dtypes/common.py::2044,0.112677
pandas/core/dtypes/common.py::2045,0.112677
pandas/core/dtypes/common.py::2050,0.112677
pandas/core/dtypes/common.py::2051,0.112677
pandas/core/dtypes/common.py::2063,0.112677
pandas/core/dtypes/common.py::2066,0.112677
pandas/core/dtypes/common.py::207,0.112677
pandas/core/dtypes/common.py::212,0.112677
pandas/core/dtypes/common.py::220,0.112677
pandas/core/dtypes/common.py::221,0.112677
pandas/core/dtypes/common.py::222,0.112677
pandas/core/dtypes/common.py::253,0.112677
pandas/core/dtypes/common.py::312,0.112677
pandas/core/dtypes/common.py::314,0.112677
pandas/core/dtypes/common.py::315,0.112677
pandas/core/dtypes/common.py::388,0.112677
pandas/core/dtypes/common.py::537,0.112677
pandas/core/dtypes/common.py::573,0.112677
pandas/core/dtypes/common.py::575,0.112677
pandas/core/dtypes/common.py::606,0.112677
pandas/core/dtypes/common.py::638,0.112677
pandas/core/dtypes/common.py::640,0.112677
pandas/core/dtypes/common.py::674,0.112677
pandas/core/dtypes/common.py::675,0.112677
pandas/core/dtypes/common.py::676,0.112677
pandas/core/dtypes/common.py::707,0.112677
pandas/core/dtypes/common.py::708,0.112677
pandas/core/dtypes/common.py::709,0.112677
pandas/core/dtypes/common.py::742,0.112677
pandas/core/dtypes/common.py::743,0.112677
pandas/core/dtypes/common.py::745,0.112677
pandas/core/dtypes/common.py::856,0.112677
pandas/core/dtypes/common.py::857,0.112677
pandas/core/dtypes/common.py::858,0.112677
pandas/core/dtypes/common.py::859,0.112677
pandas/core/dtypes/common.py::891,0.112677
pandas/core/dtypes/common.py::892,0.112677
pandas/core/dtypes/common.py::893,0.112677
pandas/core/dtypes/common.py::894,0.112677
pandas/core/dtypes/dtypes.py::101,0.112677
pandas/core/dtypes/dtypes.py::103,0.112677
pandas/core/dtypes/dtypes.py::104,0.112677
pandas/core/dtypes/dtypes.py::105,0.112677
pandas/core/dtypes/dtypes.py::1050,0.112677
pandas/core/dtypes/dtypes.py::1051,0.112677
pandas/core/dtypes/dtypes.py::1052,0.112677
pandas/core/dtypes/dtypes.py::1054,0.112677
pandas/core/dtypes/dtypes.py::1058,0.112677
pandas/core/dtypes/dtypes.py::106,0.112677
pandas/core/dtypes/dtypes.py::1062,0.112677
pandas/core/dtypes/dtypes.py::107,0.112677
pandas/core/dtypes/dtypes.py::109,0.112677
pandas/core/dtypes/dtypes.py::1103,0.112677
pandas/core/dtypes/dtypes.py::1114,0.112677
pandas/core/dtypes/dtypes.py::738,0.112677
pandas/core/dtypes/dtypes.py::739,0.112677
pandas/core/dtypes/dtypes.py::740,0.112677
pandas/core/dtypes/dtypes.py::741,0.112677
pandas/core/dtypes/dtypes.py::742,0.112677
pandas/core/dtypes/dtypes.py::748,0.112677
pandas/core/dtypes/dtypes.py::750,0.112677
pandas/core/dtypes/dtypes.py::877,0.112677
pandas/core/dtypes/dtypes.py::878,0.112677
pandas/core/dtypes/dtypes.py::879,0.112677
pandas/core/dtypes/dtypes.py::887,0.112677
pandas/core/dtypes/dtypes.py::923,0.112677
pandas/core/dtypes/dtypes.py::936,0.112677
pandas/core/dtypes/dtypes.py::94,0.112677
pandas/core/dtypes/dtypes.py::95,0.112677
pandas/core/dtypes/dtypes.py::96,0.112677
pandas/core/dtypes/dtypes.py::97,0.112677
pandas/core/dtypes/dtypes.py::98,0.112677
pandas/core/dtypes/generic.py::9,0.112677
pandas/core/dtypes/inference.py::148,0.112677
pandas/core/dtypes/inference.py::151,0.112677
pandas/core/dtypes/inference.py::185,0.112677
pandas/core/dtypes/inference.py::186,0.112677
pandas/core/dtypes/inference.py::276,0.112677
pandas/core/dtypes/inference.py::415,0.112677
pandas/core/dtypes/inference.py::416,0.112677
pandas/core/dtypes/inference.py::417,0.112677
pandas/core/dtypes/inference.py::418,0.112677
pandas/core/dtypes/inference.py::420,0.112677
pandas/core/dtypes/missing.py::124,0.112677
pandas/core/dtypes/missing.py::131,0.112677
pandas/core/dtypes/missing.py::132,0.112677
pandas/core/dtypes/missing.py::134,0.112677
pandas/core/dtypes/missing.py::136,0.112677
pandas/core/dtypes/missing.py::138,0.112677
pandas/core/dtypes/missing.py::139,0.112677
pandas/core/dtypes/missing.py::141,0.112677
pandas/core/dtypes/missing.py::142,0.112677
pandas/core/dtypes/missing.py::143,0.112677
pandas/core/dtypes/missing.py::144,0.112677
pandas/core/dtypes/missing.py::145,0.112677
pandas/core/dtypes/missing.py::146,0.112677
pandas/core/dtypes/missing.py::149,0.112677
pandas/core/dtypes/missing.py::220,0.112677
pandas/core/dtypes/missing.py::222,0.112677
pandas/core/dtypes/missing.py::225,0.112677
pandas/core/dtypes/missing.py::229,0.112677
pandas/core/dtypes/missing.py::231,0.112677
pandas/core/dtypes/missing.py::237,0.112677
pandas/core/dtypes/missing.py::239,0.112677
pandas/core/dtypes/missing.py::241,0.112677
pandas/core/dtypes/missing.py::243,0.112677
pandas/core/dtypes/missing.py::248,0.112677
pandas/core/dtypes/missing.py::249,0.112677
pandas/core/dtypes/missing.py::250,0.112677
pandas/core/dtypes/missing.py::259,0.112677
pandas/core/dtypes/missing.py::260,0.112677
pandas/core/dtypes/missing.py::262,0.112677
pandas/core/dtypes/missing.py::424,0.112677
pandas/core/dtypes/missing.py::427,0.112677
pandas/core/dtypes/missing.py::428,0.112677
pandas/core/dtypes/missing.py::432,0.112677
pandas/core/dtypes/missing.py::434,0.112677
pandas/core/dtypes/missing.py::436,0.112677
pandas/core/dtypes/missing.py::437,0.112677
pandas/core/frame.py::2820,0.112677
pandas/core/frame.py::2821,0.112677
pandas/core/frame.py::2823,0.112677
pandas/core/frame.py::2825,0.112677
pandas/core/frame.py::2826,0.112677
pandas/core/frame.py::2828,0.112677
pandas/core/frame.py::2831,0.112677
pandas/core/frame.py::2832,0.112677
pandas/core/frame.py::2838,0.112677
pandas/core/frame.py::2842,0.112677
pandas/core/frame.py::2843,0.112677
pandas/core/frame.py::2882,0.112677
pandas/core/frame.py::2888,0.112677
pandas/core/frame.py::2895,0.112677
pandas/core/frame.py::2896,0.112677
pandas/core/frame.py::2897,0.112677
pandas/core/frame.py::2975,0.112677
pandas/core/frame.py::2978,0.112677
pandas/core/frame.py::2979,0.112677
pandas/core/frame.py::2984,0.112677
pandas/core/frame.py::2986,0.112677
pandas/core/frame.py::2990,0.112677
pandas/core/frame.py::3048,0.112677
pandas/core/frame.py::3049,0.112677
pandas/core/frame.py::3050,0.112677
pandas/core/frame.py::3055,0.112677
pandas/core/frame.py::3056,0.112677
pandas/core/frame.py::3101,0.112677
pandas/core/frame.py::3116,0.112677
pandas/core/frame.py::3117,0.112677
pandas/core/frame.py::3120,0.112677
pandas/core/frame.py::3126,0.112677
pandas/core/frame.py::3127,0.112677
pandas/core/frame.py::3632,0.112677
pandas/core/frame.py::3635,0.112677
pandas/core/frame.py::3636,0.112677
pandas/core/frame.py::3652,0.112677
pandas/core/frame.py::3654,0.112677
pandas/core/frame.py::3655,0.112677
pandas/core/frame.py::3704,0.112677
pandas/core/frame.py::3708,0.112677
pandas/core/frame.py::3709,0.112677
pandas/core/frame.py::3714,0.112677
pandas/core/frame.py::379,0.112677
pandas/core/frame.py::395,0.112677
pandas/core/frame.py::397,0.112677
pandas/core/frame.py::400,0.112677
pandas/core/frame.py::403,0.112677
pandas/core/frame.py::404,0.112677
pandas/core/frame.py::405,0.112677
pandas/core/frame.py::407,0.112677
pandas/core/frame.py::408,0.112677
pandas/core/frame.py::4552,0.112677
pandas/core/frame.py::4553,0.112677
pandas/core/frame.py::4556,0.112677
pandas/core/frame.py::4558,0.112677
pandas/core/frame.py::4595,0.112677
pandas/core/frame.py::4596,0.112677
pandas/core/frame.py::4603,0.112677
pandas/core/frame.py::4640,0.112677
pandas/core/frame.py::4641,0.112677
pandas/core/frame.py::4642,0.112677
pandas/core/frame.py::4834,0.112677
pandas/core/frame.py::4837,0.112677
pandas/core/frame.py::4838,0.112677
pandas/core/frame.py::484,0.112677
pandas/core/frame.py::4840,0.112677
pandas/core/frame.py::4845,0.112677
pandas/core/frame.py::4868,0.112677
pandas/core/frame.py::4869,0.112677
pandas/core/frame.py::4871,0.112677
pandas/core/frame.py::4874,0.112677
pandas/core/frame.py::4875,0.112677
pandas/core/frame.py::4876,0.112677
pandas/core/frame.py::4878,0.112677
pandas/core/frame.py::4880,0.112677
pandas/core/frame.py::4883,0.112677
pandas/core/frame.py::4884,0.112677
pandas/core/frame.py::4885,0.112677
pandas/core/frame.py::4893,0.112677
pandas/core/frame.py::4894,0.112677
pandas/core/frame.py::4897,0.112677
pandas/core/frame.py::4898,0.112677
pandas/core/frame.py::4900,0.112677
pandas/core/frame.py::4901,0.112677
pandas/core/frame.py::826,0.112677
pandas/core/frame.py::827,0.112677
pandas/core/frame.py::828,0.112677
pandas/core/frame.py::973,0.112677
pandas/core/generic.py::11671,0.112677
pandas/core/generic.py::11672,0.112677
pandas/core/generic.py::11678,0.112677
pandas/core/generic.py::11679,0.112677
pandas/core/generic.py::11680,0.112677
pandas/core/generic.py::11681,0.112677
pandas/core/generic.py::11682,0.112677
pandas/core/generic.py::11683,0.112677
pandas/core/generic.py::11684,0.112677
pandas/core/generic.py::1483,0.112677
pandas/core/generic.py::1484,0.112677
pandas/core/generic.py::1485,0.112677
pandas/core/generic.py::1496,0.112677
pandas/core/generic.py::173,0.112677
pandas/core/generic.py::183,0.112677
pandas/core/generic.py::184,0.112677
pandas/core/generic.py::185,0.112677
pandas/core/generic.py::1859,0.112677
pandas/core/generic.py::1860,0.112677
pandas/core/generic.py::1861,0.112677
pandas/core/generic.py::189,0.112677
pandas/core/generic.py::190,0.112677
pandas/core/generic.py::196,0.112677
pandas/core/generic.py::1960,0.112677
pandas/core/generic.py::1973,0.112677
pandas/core/generic.py::1974,0.112677
pandas/core/generic.py::198,0.112677
pandas/core/generic.py::202,0.112677
pandas/core/generic.py::232,0.112677
pandas/core/generic.py::233,0.112677
pandas/core/generic.py::236,0.112677
pandas/core/generic.py::242,0.112677
pandas/core/generic.py::3224,0.112677
pandas/core/generic.py::3282,0.112677
pandas/core/generic.py::3362,0.112677
pandas/core/generic.py::3364,0.112677
pandas/core/generic.py::3366,0.112677
pandas/core/generic.py::3367,0.112677
pandas/core/generic.py::3369,0.112677
pandas/core/generic.py::3372,0.112677
pandas/core/generic.py::3373,0.112677
pandas/core/generic.py::3374,0.112677
pandas/core/generic.py::3376,0.112677
pandas/core/generic.py::338,0.112677
pandas/core/generic.py::339,0.112677
pandas/core/generic.py::340,0.112677
pandas/core/generic.py::3546,0.112677
pandas/core/generic.py::3547,0.112677
pandas/core/generic.py::3548,0.112677
pandas/core/generic.py::3549,0.112677
pandas/core/generic.py::3550,0.112677
pandas/core/generic.py::3551,0.112677
pandas/core/generic.py::3552,0.112677
pandas/core/generic.py::3555,0.112677
pandas/core/generic.py::3556,0.112677
pandas/core/generic.py::3587,0.112677
pandas/core/generic.py::3588,0.112677
pandas/core/generic.py::3591,0.112677
pandas/core/generic.py::3594,0.112677
pandas/core/generic.py::3595,0.112677
pandas/core/generic.py::363,0.112677
pandas/core/generic.py::364,0.112677
pandas/core/generic.py::3651,0.112677
pandas/core/generic.py::3652,0.112677
pandas/core/generic.py::367,0.112677
pandas/core/generic.py::368,0.112677
pandas/core/generic.py::381,0.112677
pandas/core/generic.py::388,0.112677
pandas/core/generic.py::389,0.112677
pandas/core/generic.py::405,0.112677
pandas/core/generic.py::406,0.112677
pandas/core/generic.py::407,0.112677
pandas/core/generic.py::408,0.112677
pandas/core/generic.py::418,0.112677
pandas/core/generic.py::419,0.112677
pandas/core/generic.py::420,0.112677
pandas/core/generic.py::421,0.112677
pandas/core/generic.py::423,0.112677
pandas/core/generic.py::424,0.112677
pandas/core/generic.py::430,0.112677
pandas/core/generic.py::431,0.112677
pandas/core/generic.py::436,0.112677
pandas/core/generic.py::437,0.112677
pandas/core/generic.py::438,0.112677
pandas/core/generic.py::439,0.112677
pandas/core/generic.py::4449,0.112677
pandas/core/generic.py::4450,0.112677
pandas/core/generic.py::4451,0.112677
pandas/core/generic.py::4452,0.112677
pandas/core/generic.py::4453,0.112677
pandas/core/generic.py::4454,0.112677
pandas/core/generic.py::4455,0.112677
pandas/core/generic.py::4460,0.112677
pandas/core/generic.py::4462,0.112677
pandas/core/generic.py::4468,0.112677
pandas/core/generic.py::4472,0.112677
pandas/core/generic.py::4473,0.112677
pandas/core/generic.py::4474,0.112677
pandas/core/generic.py::4475,0.112677
pandas/core/generic.py::4477,0.112677
pandas/core/generic.py::4479,0.112677
pandas/core/generic.py::491,0.112677
pandas/core/generic.py::5131,0.112677
pandas/core/generic.py::5132,0.112677
pandas/core/generic.py::5133,0.112677
pandas/core/generic.py::5134,0.112677
pandas/core/generic.py::5145,0.112677
pandas/core/generic.py::5146,0.112677
pandas/core/generic.py::5147,0.112677
pandas/core/generic.py::5149,0.112677
pandas/core/generic.py::5151,0.112677
pandas/core/generic.py::5152,0.112677
pandas/core/generic.py::5164,0.112677
pandas/core/generic.py::5165,0.112677
pandas/core/generic.py::5166,0.112677
pandas/core/generic.py::5167,0.112677
pandas/core/generic.py::5168,0.112677
pandas/core/generic.py::5172,0.112677
pandas/core/generic.py::5173,0.112677
pandas/core/generic.py::5174,0.112677
pandas/core/generic.py::5175,0.112677
pandas/core/generic.py::5177,0.112677
pandas/core/generic.py::5178,0.112677
pandas/core/generic.py::5179,0.112677
pandas/core/generic.py::5181,0.112677
pandas/core/generic.py::5182,0.112677
pandas/core/generic.py::5214,0.112677
pandas/core/generic.py::5215,0.112677
pandas/core/generic.py::5216,0.112677
pandas/core/generic.py::5218,0.112677
pandas/core/generic.py::5223,0.112677
pandas/core/generic.py::5224,0.112677
pandas/core/generic.py::5226,0.112677
pandas/core/generic.py::5971,0.112677
pandas/core/generic.py::5972,0.112677
pandas/core/generic.py::670,0.112677
pandas/core/generic.py::671,0.112677
pandas/core/generic.py::7282,0.112677
pandas/core/indexers.py::187,0.112677
pandas/core/indexers.py::194,0.112677
pandas/core/indexers.py::195,0.112677
pandas/core/indexers.py::199,0.112677
pandas/core/indexers.py::200,0.112677
pandas/core/indexers.py::202,0.112677
pandas/core/indexes/base.py::1480,0.112677
pandas/core/indexes/base.py::1759,0.112677
pandas/core/indexes/base.py::1766,0.112677
pandas/core/indexes/base.py::1778,0.112677
pandas/core/indexes/base.py::1833,0.112677
pandas/core/indexes/base.py::1837,0.112677
pandas/core/indexes/base.py::2288,0.112677
pandas/core/indexes/base.py::2289,0.112677
pandas/core/indexes/base.py::2407,0.112677
pandas/core/indexes/base.py::267,0.112677
pandas/core/indexes/base.py::2679,0.112677
pandas/core/indexes/base.py::2680,0.112677
pandas/core/indexes/base.py::2682,0.112677
pandas/core/indexes/base.py::2686,0.112677
pandas/core/indexes/base.py::2688,0.112677
pandas/core/indexes/base.py::2690,0.112677
pandas/core/indexes/base.py::2691,0.112677
pandas/core/indexes/base.py::2693,0.112677
pandas/core/indexes/base.py::2694,0.112677
pandas/core/indexes/base.py::2695,0.112677
pandas/core/indexes/base.py::2696,0.112677
pandas/core/indexes/base.py::2697,0.112677
pandas/core/indexes/base.py::270,0.112677
pandas/core/indexes/base.py::2701,0.112677
pandas/core/indexes/base.py::2785,0.112677
pandas/core/indexes/base.py::2787,0.112677
pandas/core/indexes/base.py::2790,0.112677
pandas/core/indexes/base.py::2794,0.112677
pandas/core/indexes/base.py::2795,0.112677
pandas/core/indexes/base.py::280,0.112677
pandas/core/indexes/base.py::282,0.112677
pandas/core/indexes/base.py::2842,0.112677
pandas/core/indexes/base.py::2843,0.112677
pandas/core/indexes/base.py::2848,0.112677
pandas/core/indexes/base.py::2849,0.112677
pandas/core/indexes/base.py::287,0.112677
pandas/core/indexes/base.py::289,0.112677
pandas/core/indexes/base.py::2911,0.112677
pandas/core/indexes/base.py::2912,0.112677
pandas/core/indexes/base.py::2913,0.112677
pandas/core/indexes/base.py::2919,0.112677
pandas/core/indexes/base.py::2922,0.112677
pandas/core/indexes/base.py::2923,0.112677
pandas/core/indexes/base.py::2928,0.112677
pandas/core/indexes/base.py::293,0.112677
pandas/core/indexes/base.py::2935,0.112677
pandas/core/indexes/base.py::2940,0.112677
pandas/core/indexes/base.py::2942,0.112677
pandas/core/indexes/base.py::2945,0.112677
pandas/core/indexes/base.py::2950,0.112677
pandas/core/indexes/base.py::2956,0.112677
pandas/core/indexes/base.py::2958,0.112677
pandas/core/indexes/base.py::300,0.112677
pandas/core/indexes/base.py::308,0.112677
pandas/core/indexes/base.py::309,0.112677
pandas/core/indexes/base.py::310,0.112677
pandas/core/indexes/base.py::329,0.112677
pandas/core/indexes/base.py::343,0.112677
pandas/core/indexes/base.py::350,0.112677
pandas/core/indexes/base.py::362,0.112677
pandas/core/indexes/base.py::363,0.112677
pandas/core/indexes/base.py::3868,0.112677
pandas/core/indexes/base.py::3898,0.112677
pandas/core/indexes/base.py::3954,0.112677
pandas/core/indexes/base.py::4077,0.112677
pandas/core/indexes/base.py::408,0.112677
pandas/core/indexes/base.py::4085,0.112677
pandas/core/indexes/base.py::410,0.112677
pandas/core/indexes/base.py::411,0.112677
pandas/core/indexes/base.py::413,0.112677
pandas/core/indexes/base.py::414,0.112677
pandas/core/indexes/base.py::4175,0.112677
pandas/core/indexes/base.py::4176,0.112677
pandas/core/indexes/base.py::4177,0.112677
pandas/core/indexes/base.py::418,0.112677
pandas/core/indexes/base.py::422,0.112677
pandas/core/indexes/base.py::4220,0.112677
pandas/core/indexes/base.py::4221,0.112677
pandas/core/indexes/base.py::4223,0.112677
pandas/core/indexes/base.py::4224,0.112677
pandas/core/indexes/base.py::4225,0.112677
pandas/core/indexes/base.py::425,0.112677
pandas/core/indexes/base.py::4251,0.112677
pandas/core/indexes/base.py::4252,0.112677
pandas/core/indexes/base.py::429,0.112677
pandas/core/indexes/base.py::432,0.112677
pandas/core/indexes/base.py::433,0.112677
pandas/core/indexes/base.py::434,0.112677
pandas/core/indexes/base.py::4343,0.112677
pandas/core/indexes/base.py::4346,0.112677
pandas/core/indexes/base.py::4349,0.112677
pandas/core/indexes/base.py::4353,0.112677
pandas/core/indexes/base.py::4354,0.112677
pandas/core/indexes/base.py::4355,0.112677
pandas/core/indexes/base.py::4372,0.112677
pandas/core/indexes/base.py::4373,0.112677
pandas/core/indexes/base.py::4375,0.112677
pandas/core/indexes/base.py::4376,0.112677
pandas/core/indexes/base.py::4379,0.112677
pandas/core/indexes/base.py::441,0.112677
pandas/core/indexes/base.py::446,0.112677
pandas/core/indexes/base.py::454,0.112677
pandas/core/indexes/base.py::457,0.112677
pandas/core/indexes/base.py::458,0.112677
pandas/core/indexes/base.py::469,0.112677
pandas/core/indexes/base.py::473,0.112677
pandas/core/indexes/base.py::4777,0.112677
pandas/core/indexes/base.py::4779,0.112677
pandas/core/indexes/base.py::478,0.112677
pandas/core/indexes/base.py::4781,0.112677
pandas/core/indexes/base.py::4784,0.112677
pandas/core/indexes/base.py::480,0.112677
pandas/core/indexes/base.py::482,0.112677
pandas/core/indexes/base.py::485,0.112677
pandas/core/indexes/base.py::487,0.112677
pandas/core/indexes/base.py::490,0.112677
pandas/core/indexes/base.py::499,0.112677
pandas/core/indexes/base.py::500,0.112677
pandas/core/indexes/base.py::541,0.112677
pandas/core/indexes/base.py::547,0.112677
pandas/core/indexes/base.py::548,0.112677
pandas/core/indexes/base.py::554,0.112677
pandas/core/indexes/base.py::555,0.112677
pandas/core/indexes/base.py::556,0.112677
pandas/core/indexes/base.py::557,0.112677
pandas/core/indexes/base.py::558,0.112677
pandas/core/indexes/base.py::5597,0.112677
pandas/core/indexes/base.py::5598,0.112677
pandas/core/indexes/base.py::5600,0.112677
pandas/core/indexes/base.py::5601,0.112677
pandas/core/indexes/base.py::5604,0.112677
pandas/core/indexes/base.py::5609,0.112677
pandas/core/indexes/base.py::5610,0.112677
pandas/core/indexes/base.py::5613,0.112677
pandas/core/indexes/base.py::5615,0.112677
pandas/core/indexes/base.py::5620,0.112677
pandas/core/indexes/base.py::5624,0.112677
pandas/core/indexes/base.py::5629,0.112677
pandas/core/indexes/base.py::5660,0.112677
pandas/core/indexes/base.py::5662,0.112677
pandas/core/indexes/base.py::571,0.112677
pandas/core/indexes/base.py::590,0.112677
pandas/core/indexes/base.py::591,0.112677
pandas/core/indexes/base.py::592,0.112677
pandas/core/indexes/base.py::593,0.112677
pandas/core/indexes/base.py::594,0.112677
pandas/core/indexes/base.py::595,0.112677
pandas/core/indexes/base.py::598,0.112677
pandas/core/indexes/base.py::599,0.112677
pandas/core/indexes/base.py::604,0.112677
pandas/core/indexes/base.py::619,0.112677
pandas/core/indexes/base.py::620,0.112677
pandas/core/indexes/base.py::621,0.112677
pandas/core/indexes/base.py::622,0.112677
pandas/core/indexes/base.py::624,0.112677
pandas/core/indexes/base.py::629,0.112677
pandas/core/indexes/base.py::652,0.112677
pandas/core/indexes/base.py::658,0.112677
pandas/core/indexes/base.py::659,0.112677
pandas/core/indexes/base.py::670,0.112677
pandas/core/indexes/base.py::671,0.112677
pandas/core/indexes/base.py::681,0.112677
pandas/core/indexes/base.py::705,0.112677
pandas/core/indexes/base.py::741,0.112677
pandas/core/indexes/base.py::744,0.112677
pandas/core/indexes/base.py::745,0.112677
pandas/core/indexes/base.py::746,0.112677
pandas/core/indexes/base.py::747,0.112677
pandas/core/indexes/base.py::838,0.112677
pandas/core/indexes/base.py::840,0.112677
pandas/core/indexes/base.py::841,0.112677
pandas/core/indexes/base.py::850,0.112677
pandas/core/indexes/base.py::853,0.112677
pandas/core/indexes/base.py::854,0.112677
pandas/core/indexes/datetimes.py::282,0.112677
pandas/core/indexes/datetimes.py::290,0.112677
pandas/core/indexes/datetimes.py::292,0.112677
pandas/core/indexes/datetimes.py::312,0.112677
pandas/core/indexes/datetimes.py::322,0.112677
pandas/core/indexes/datetimes.py::325,0.112677
pandas/core/indexes/datetimes.py::326,0.112677
pandas/core/indexes/datetimes.py::327,0.112677
pandas/core/indexes/datetimes.py::328,0.112677
pandas/core/indexes/datetimes.py::329,0.112677
pandas/core/indexes/datetimes.py::330,0.112677
pandas/core/indexes/datetimes.py::331,0.112677
pandas/core/indexes/datetimes.py::332,0.112677
pandas/core/indexes/datetimes.py::333,0.112677
pandas/core/indexes/datetimes.py::334,0.112677
pandas/core/indexes/datetimes.py::337,0.112677
pandas/core/indexes/datetimes.py::338,0.112677
pandas/core/indexes/datetimes.py::346,0.112677
pandas/core/indexes/datetimes.py::347,0.112677
pandas/core/indexes/datetimes.py::350,0.112677
pandas/core/indexes/datetimes.py::351,0.112677
pandas/core/indexes/datetimes.py::353,0.112677
pandas/core/indexes/datetimes.py::354,0.112677
pandas/core/indexes/datetimes.py::355,0.112677
pandas/core/indexes/datetimes.py::356,0.112677
pandas/core/indexes/datetimes.py::359,0.112677
pandas/core/indexes/datetimes.py::362,0.112677
pandas/core/indexes/datetimes.py::363,0.112677
pandas/core/indexes/datetimes.py::364,0.112677
pandas/core/indexes/datetimes.py::366,0.112677
pandas/core/indexes/datetimes.py::367,0.112677
pandas/core/indexes/datetimes.py::368,0.112677
pandas/core/indexes/datetimes.py::370,0.112677
pandas/core/indexes/datetimes.py::371,0.112677
pandas/core/indexes/datetimes.py::372,0.112677
pandas/core/indexes/numeric.py::139,0.112677
pandas/core/indexes/numeric.py::48,0.112677
pandas/core/indexes/numeric.py::59,0.112677
pandas/core/indexes/numeric.py::61,0.112677
pandas/core/indexes/numeric.py::64,0.112677
pandas/core/indexes/numeric.py::68,0.112677
pandas/core/indexes/numeric.py::70,0.112677
pandas/core/indexes/numeric.py::72,0.112677
pandas/core/indexes/numeric.py::83,0.112677
pandas/core/indexes/numeric.py::85,0.112677
pandas/core/indexes/numeric.py::86,0.112677
pandas/core/indexes/range.py::104,0.112677
pandas/core/indexes/range.py::107,0.112677
pandas/core/indexes/range.py::113,0.112677
pandas/core/indexes/range.py::116,0.112677
pandas/core/indexes/range.py::118,0.112677
pandas/core/indexes/range.py::121,0.112677
pandas/core/indexes/range.py::123,0.112677
pandas/core/indexes/range.py::124,0.112677
pandas/core/indexes/range.py::127,0.112677
pandas/core/indexes/range.py::128,0.112677
pandas/core/indexes/range.py::150,0.112677
pandas/core/indexes/range.py::153,0.112677
pandas/core/indexes/range.py::156,0.112677
pandas/core/indexes/range.py::159,0.112677
pandas/core/indexes/range.py::161,0.112677
pandas/core/indexes/range.py::162,0.112677
pandas/core/indexes/range.py::165,0.112677
pandas/core/indexes/range.py::166,0.112677
pandas/core/indexes/range.py::173,0.112677
pandas/core/indexes/range.py::190,0.112677
pandas/core/indexes/range.py::191,0.112677
pandas/core/indexes/range.py::192,0.112677
pandas/core/indexes/range.py::194,0.112677
pandas/core/indexes/range.py::198,0.112677
pandas/core/indexes/range.py::242,0.112677
pandas/core/indexes/range.py::264,0.112677
pandas/core/indexes/range.py::288,0.112677
pandas/core/indexes/range.py::412,0.112677
pandas/core/indexes/range.py::413,0.112677
pandas/core/indexes/range.py::414,0.112677
pandas/core/indexes/range.py::416,0.112677
pandas/core/indexes/range.py::417,0.112677
pandas/core/indexes/range.py::471,0.112677
pandas/core/indexes/range.py::472,0.112677
pandas/core/indexes/range.py::702,0.112677
pandas/core/indexes/range.py::94,0.112677
pandas/core/indexing.py::2350,0.112677
pandas/core/indexing.py::2351,0.112677
pandas/core/indexing.py::2354,0.112677
pandas/core/indexing.py::2357,0.112677
pandas/core/indexing.py::2358,0.112677
pandas/core/indexing.py::2368,0.112677
pandas/core/indexing.py::2399,0.112677
pandas/core/indexing.py::2400,0.112677
pandas/core/indexing.py::2411,0.112677
pandas/core/indexing.py::2413,0.112677
pandas/core/indexing.py::2416,0.112677
pandas/core/indexing.py::2421,0.112677
pandas/core/internals/blocks.py::114,0.112677
pandas/core/internals/blocks.py::115,0.112677
pandas/core/internals/blocks.py::116,0.112677
pandas/core/internals/blocks.py::118,0.112677
pandas/core/internals/blocks.py::1267,0.112677
pandas/core/internals/blocks.py::1269,0.112677
pandas/core/internals/blocks.py::1273,0.112677
pandas/core/internals/blocks.py::1274,0.112677
pandas/core/internals/blocks.py::1276,0.112677
pandas/core/internals/blocks.py::1277,0.112677
pandas/core/internals/blocks.py::1282,0.112677
pandas/core/internals/blocks.py::1283,0.112677
pandas/core/internals/blocks.py::1284,0.112677
pandas/core/internals/blocks.py::1286,0.112677
pandas/core/internals/blocks.py::1289,0.112677
pandas/core/internals/blocks.py::145,0.112677
pandas/core/internals/blocks.py::146,0.112677
pandas/core/internals/blocks.py::148,0.112677
pandas/core/internals/blocks.py::152,0.112677
pandas/core/internals/blocks.py::198,0.112677
pandas/core/internals/blocks.py::204,0.112677
pandas/core/internals/blocks.py::2116,0.112677
pandas/core/internals/blocks.py::2117,0.112677
pandas/core/internals/blocks.py::2138,0.112677
pandas/core/internals/blocks.py::2141,0.112677
pandas/core/internals/blocks.py::2142,0.112677
pandas/core/internals/blocks.py::2144,0.112677
pandas/core/internals/blocks.py::2145,0.112677
pandas/core/internals/blocks.py::222,0.112677
pandas/core/internals/blocks.py::226,0.112677
pandas/core/internals/blocks.py::230,0.112677
pandas/core/internals/blocks.py::234,0.112677
pandas/core/internals/blocks.py::235,0.112677
pandas/core/internals/blocks.py::237,0.112677
pandas/core/internals/blocks.py::258,0.112677
pandas/core/internals/blocks.py::2617,0.112677
pandas/core/internals/blocks.py::2620,0.112677
pandas/core/internals/blocks.py::264,0.112677
pandas/core/internals/blocks.py::265,0.112677
pandas/core/internals/blocks.py::266,0.112677
pandas/core/internals/blocks.py::267,0.112677
pandas/core/internals/blocks.py::268,0.112677
pandas/core/internals/blocks.py::269,0.112677
pandas/core/internals/blocks.py::2697,0.112677
pandas/core/internals/blocks.py::2698,0.112677
pandas/core/internals/blocks.py::2699,0.112677
pandas/core/internals/blocks.py::294,0.112677
pandas/core/internals/blocks.py::3043,0.112677
pandas/core/internals/blocks.py::3044,0.112677
pandas/core/internals/blocks.py::3046,0.112677
pandas/core/internals/blocks.py::3049,0.112677
pandas/core/internals/blocks.py::3051,0.112677
pandas/core/internals/blocks.py::3052,0.112677
pandas/core/internals/blocks.py::3053,0.112677
pandas/core/internals/blocks.py::3054,0.112677
pandas/core/internals/blocks.py::3056,0.112677
pandas/core/internals/blocks.py::3058,0.112677
pandas/core/internals/blocks.py::3060,0.112677
pandas/core/internals/blocks.py::3061,0.112677
pandas/core/internals/blocks.py::3062,0.112677
pandas/core/internals/blocks.py::3065,0.112677
pandas/core/internals/blocks.py::3067,0.112677
pandas/core/internals/blocks.py::3068,0.112677
pandas/core/internals/blocks.py::3069,0.112677
pandas/core/internals/blocks.py::3070,0.112677
pandas/core/internals/blocks.py::3072,0.112677
pandas/core/internals/blocks.py::3073,0.112677
pandas/core/internals/blocks.py::3079,0.112677
pandas/core/internals/blocks.py::3084,0.112677
pandas/core/internals/blocks.py::3087,0.112677
pandas/core/internals/blocks.py::3093,0.112677
pandas/core/internals/blocks.py::3094,0.112677
pandas/core/internals/blocks.py::3095,0.112677
pandas/core/internals/blocks.py::3097,0.112677
pandas/core/internals/blocks.py::3102,0.112677
pandas/core/internals/blocks.py::3110,0.112677
pandas/core/internals/blocks.py::3112,0.112677
pandas/core/internals/blocks.py::3114,0.112677
pandas/core/internals/blocks.py::3120,0.112677
pandas/core/internals/blocks.py::3123,0.112677
pandas/core/internals/blocks.py::3124,0.112677
pandas/core/internals/blocks.py::330,0.112677
pandas/core/internals/blocks.py::334,0.112677
pandas/core/internals/blocks.py::338,0.112677
pandas/core/internals/blocks.py::341,0.112677
pandas/core/internals/blocks.py::342,0.112677
pandas/core/internals/blocks.py::359,0.112677
pandas/core/internals/blocks.py::375,0.112677
pandas/core/internals/blocks.py::376,0.112677
pandas/core/internals/blocks.py::722,0.112677
pandas/core/internals/blocks.py::723,0.112677
pandas/core/internals/blocks.py::724,0.112677
pandas/core/internals/blocks.py::725,0.112677
pandas/core/internals/construction.py::210,0.112677
pandas/core/internals/construction.py::211,0.112677
pandas/core/internals/construction.py::213,0.112677
pandas/core/internals/construction.py::214,0.112677
pandas/core/internals/construction.py::216,0.112677
pandas/core/internals/construction.py::217,0.112677
pandas/core/internals/construction.py::222,0.112677
pandas/core/internals/construction.py::225,0.112677
pandas/core/internals/construction.py::246,0.112677
pandas/core/internals/construction.py::290,0.112677
pandas/core/internals/construction.py::291,0.112677
pandas/core/internals/construction.py::293,0.112677
pandas/core/internals/construction.py::294,0.112677
pandas/core/internals/construction.py::302,0.112677
pandas/core/internals/construction.py::311,0.112677
pandas/core/internals/construction.py::312,0.112677
pandas/core/internals/construction.py::315,0.112677
pandas/core/internals/construction.py::317,0.112677
pandas/core/internals/construction.py::65,0.112677
pandas/core/internals/construction.py::68,0.112677
pandas/core/internals/construction.py::71,0.112677
pandas/core/internals/construction.py::74,0.112677
pandas/core/internals/construction.py::76,0.112677
pandas/core/internals/managers.py::1039,0.112677
pandas/core/internals/managers.py::1040,0.112677
pandas/core/internals/managers.py::1044,0.112677
pandas/core/internals/managers.py::1050,0.112677
pandas/core/internals/managers.py::1058,0.112677
pandas/core/internals/managers.py::1059,0.112677
pandas/core/internals/managers.py::1061,0.112677
pandas/core/internals/managers.py::1066,0.112677
pandas/core/internals/managers.py::1067,0.112677
pandas/core/internals/managers.py::1073,0.112677
pandas/core/internals/managers.py::1074,0.112677
pandas/core/internals/managers.py::1076,0.112677
pandas/core/internals/managers.py::1077,0.112677
pandas/core/internals/managers.py::1079,0.112677
pandas/core/internals/managers.py::1080,0.112677
pandas/core/internals/managers.py::1081,0.112677
pandas/core/internals/managers.py::1082,0.112677
pandas/core/internals/managers.py::1083,0.112677
pandas/core/internals/managers.py::1085,0.112677
pandas/core/internals/managers.py::1086,0.112677
pandas/core/internals/managers.py::1087,0.112677
pandas/core/internals/managers.py::1090,0.112677
pandas/core/internals/managers.py::1091,0.112677
pandas/core/internals/managers.py::1094,0.112677
pandas/core/internals/managers.py::1097,0.112677
pandas/core/internals/managers.py::1098,0.112677
pandas/core/internals/managers.py::1099,0.112677
pandas/core/internals/managers.py::1101,0.112677
pandas/core/internals/managers.py::1116,0.112677
pandas/core/internals/managers.py::1117,0.112677
pandas/core/internals/managers.py::1118,0.112677
pandas/core/internals/managers.py::1120,0.112677
pandas/core/internals/managers.py::1121,0.112677
pandas/core/internals/managers.py::1138,0.112677
pandas/core/internals/managers.py::1140,0.112677
pandas/core/internals/managers.py::1141,0.112677
pandas/core/internals/managers.py::1142,0.112677
pandas/core/internals/managers.py::1143,0.112677
pandas/core/internals/managers.py::1144,0.112677
pandas/core/internals/managers.py::1148,0.112677
pandas/core/internals/managers.py::1149,0.112677
pandas/core/internals/managers.py::1151,0.112677
pandas/core/internals/managers.py::1154,0.112677
pandas/core/internals/managers.py::1236,0.112677
pandas/core/internals/managers.py::1245,0.112677
pandas/core/internals/managers.py::1248,0.112677
pandas/core/internals/managers.py::1251,0.112677
pandas/core/internals/managers.py::1254,0.112677
pandas/core/internals/managers.py::1258,0.112677
pandas/core/internals/managers.py::1265,0.112677
pandas/core/internals/managers.py::1268,0.112677
pandas/core/internals/managers.py::1269,0.112677
pandas/core/internals/managers.py::1270,0.112677
pandas/core/internals/managers.py::132,0.112677
pandas/core/internals/managers.py::133,0.112677
pandas/core/internals/managers.py::135,0.112677
pandas/core/internals/managers.py::136,0.112677
pandas/core/internals/managers.py::1378,0.112677
pandas/core/internals/managers.py::1381,0.112677
pandas/core/internals/managers.py::1382,0.112677
pandas/core/internals/managers.py::1385,0.112677
pandas/core/internals/managers.py::1386,0.112677
pandas/core/internals/managers.py::1387,0.112677
pandas/core/internals/managers.py::1389,0.112677
pandas/core/internals/managers.py::1390,0.112677
pandas/core/internals/managers.py::1393,0.112677
pandas/core/internals/managers.py::1394,0.112677
pandas/core/internals/managers.py::1395,0.112677
pandas/core/internals/managers.py::142,0.112677
pandas/core/internals/managers.py::143,0.112677
pandas/core/internals/managers.py::145,0.112677
pandas/core/internals/managers.py::147,0.112677
pandas/core/internals/managers.py::1475,0.112677
pandas/core/internals/managers.py::1483,0.112677
pandas/core/internals/managers.py::1484,0.112677
pandas/core/internals/managers.py::1485,0.112677
pandas/core/internals/managers.py::1496,0.112677
pandas/core/internals/managers.py::1499,0.112677
pandas/core/internals/managers.py::1502,0.112677
pandas/core/internals/managers.py::1507,0.112677
pandas/core/internals/managers.py::1511,0.112677
pandas/core/internals/managers.py::1513,0.112677
pandas/core/internals/managers.py::1514,0.112677
pandas/core/internals/managers.py::1516,0.112677
pandas/core/internals/managers.py::1523,0.112677
pandas/core/internals/managers.py::1557,0.112677
pandas/core/internals/managers.py::1580,0.112677
pandas/core/internals/managers.py::1583,0.112677
pandas/core/internals/managers.py::1587,0.112677
pandas/core/internals/managers.py::1594,0.112677
pandas/core/internals/managers.py::1686,0.112677
pandas/core/internals/managers.py::1687,0.112677
pandas/core/internals/managers.py::1688,0.112677
pandas/core/internals/managers.py::1689,0.112677
pandas/core/internals/managers.py::169,0.112677
pandas/core/internals/managers.py::1690,0.112677
pandas/core/internals/managers.py::1722,0.112677
pandas/core/internals/managers.py::1723,0.112677
pandas/core/internals/managers.py::1725,0.112677
pandas/core/internals/managers.py::1726,0.112677
pandas/core/internals/managers.py::1727,0.112677
pandas/core/internals/managers.py::173,0.112677
pandas/core/internals/managers.py::1732,0.112677
pandas/core/internals/managers.py::1733,0.112677
pandas/core/internals/managers.py::1737,0.112677
pandas/core/internals/managers.py::1738,0.112677
pandas/core/internals/managers.py::1740,0.112677
pandas/core/internals/managers.py::1741,0.112677
pandas/core/internals/managers.py::1743,0.112677
pandas/core/internals/managers.py::1744,0.112677
pandas/core/internals/managers.py::1745,0.112677
pandas/core/internals/managers.py::1746,0.112677
pandas/core/internals/managers.py::1748,0.112677
pandas/core/internals/managers.py::1752,0.112677
pandas/core/internals/managers.py::1756,0.112677
pandas/core/internals/managers.py::1757,0.112677
pandas/core/internals/managers.py::1758,0.112677
pandas/core/internals/managers.py::176,0.112677
pandas/core/internals/managers.py::1760,0.112677
pandas/core/internals/managers.py::1764,0.112677
pandas/core/internals/managers.py::177,0.112677
pandas/core/internals/managers.py::1771,0.112677
pandas/core/internals/managers.py::1775,0.112677
pandas/core/internals/managers.py::1776,0.112677
pandas/core/internals/managers.py::1777,0.112677
pandas/core/internals/managers.py::1779,0.112677
pandas/core/internals/managers.py::178,0.112677
pandas/core/internals/managers.py::1786,0.112677
pandas/core/internals/managers.py::1795,0.112677
pandas/core/internals/managers.py::180,0.112677
pandas/core/internals/managers.py::1803,0.112677
pandas/core/internals/managers.py::1813,0.112677
pandas/core/internals/managers.py::1820,0.112677
pandas/core/internals/managers.py::1823,0.112677
pandas/core/internals/managers.py::1826,0.112677
pandas/core/internals/managers.py::1827,0.112677
pandas/core/internals/managers.py::1834,0.112677
pandas/core/internals/managers.py::1836,0.112677
pandas/core/internals/managers.py::1837,0.112677
pandas/core/internals/managers.py::1839,0.112677
pandas/core/internals/managers.py::1841,0.112677
pandas/core/internals/managers.py::1842,0.112677
pandas/core/internals/managers.py::1844,0.112677
pandas/core/internals/managers.py::1850,0.112677
pandas/core/internals/managers.py::1851,0.112677
pandas/core/internals/managers.py::1854,0.112677
pandas/core/internals/managers.py::1856,0.112677
pandas/core/internals/managers.py::1857,0.112677
pandas/core/internals/managers.py::186,0.112677
pandas/core/internals/managers.py::1860,0.112677
pandas/core/internals/managers.py::1862,0.112677
pandas/core/internals/managers.py::1864,0.112677
pandas/core/internals/managers.py::1865,0.112677
pandas/core/internals/managers.py::1867,0.112677
pandas/core/internals/managers.py::1868,0.112677
pandas/core/internals/managers.py::1869,0.112677
pandas/core/internals/managers.py::1871,0.112677
pandas/core/internals/managers.py::220,0.112677
pandas/core/internals/managers.py::221,0.112677
pandas/core/internals/managers.py::222,0.112677
pandas/core/internals/managers.py::223,0.112677
pandas/core/internals/managers.py::225,0.112677
pandas/core/internals/managers.py::226,0.112677
pandas/core/internals/managers.py::227,0.112677
pandas/core/internals/managers.py::228,0.112677
pandas/core/internals/managers.py::230,0.112677
pandas/core/internals/managers.py::233,0.112677
pandas/core/internals/managers.py::234,0.112677
pandas/core/internals/managers.py::238,0.112677
pandas/core/internals/managers.py::326,0.112677
pandas/core/internals/managers.py::341,0.112677
pandas/core/internals/managers.py::342,0.112677
pandas/core/internals/managers.py::343,0.112677
pandas/core/internals/managers.py::344,0.112677
pandas/core/internals/managers.py::346,0.112677
pandas/core/internals/managers.py::382,0.112677
pandas/core/internals/managers.py::385,0.112677
pandas/core/internals/managers.py::393,0.112677
pandas/core/internals/managers.py::394,0.112677
pandas/core/internals/managers.py::396,0.112677
pandas/core/internals/managers.py::402,0.112677
pandas/core/internals/managers.py::408,0.112677
pandas/core/internals/managers.py::414,0.112677
pandas/core/internals/managers.py::418,0.112677
pandas/core/internals/managers.py::420,0.112677
pandas/core/internals/managers.py::425,0.112677
pandas/core/internals/managers.py::426,0.112677
pandas/core/internals/managers.py::431,0.112677
pandas/core/internals/managers.py::438,0.112677
pandas/core/internals/managers.py::439,0.112677
pandas/core/internals/managers.py::441,0.112677
pandas/core/internals/managers.py::443,0.112677
pandas/core/internals/managers.py::444,0.112677
pandas/core/internals/managers.py::446,0.112677
pandas/core/internals/managers.py::447,0.112677
pandas/core/internals/managers.py::650,0.112677
pandas/core/internals/managers.py::652,0.112677
pandas/core/internals/managers.py::655,0.112677
pandas/core/internals/managers.py::656,0.112677
pandas/core/internals/managers.py::657,0.112677
pandas/core/internals/managers.py::763,0.112677
pandas/core/internals/managers.py::780,0.112677
pandas/core/internals/managers.py::781,0.112677
pandas/core/internals/managers.py::784,0.112677
pandas/core/internals/managers.py::785,0.112677
pandas/core/internals/managers.py::788,0.112677
pandas/core/internals/managers.py::927,0.112677
pandas/core/internals/managers.py::928,0.112677
pandas/core/internals/managers.py::936,0.112677
pandas/core/internals/managers.py::946,0.112677
pandas/core/internals/managers.py::948,0.112677
pandas/core/internals/managers.py::949,0.112677
pandas/core/internals/managers.py::960,0.112677
pandas/core/internals/managers.py::977,0.112677
pandas/core/internals/managers.py::978,0.112677
pandas/core/internals/managers.py::981,0.112677
pandas/core/internals/managers.py::983,0.112677
pandas/core/internals/managers.py::984,0.112677
pandas/core/internals/managers.py::987,0.112677
pandas/core/missing.py::580,0.112677
pandas/core/missing.py::77,0.112677
pandas/core/missing.py::78,0.112677
pandas/core/nanops.py::173,0.112677
pandas/core/nanops.py::174,0.112677
pandas/core/nanops.py::226,0.112677
pandas/core/nanops.py::227,0.112677
pandas/core/nanops.py::229,0.112677
pandas/core/nanops.py::279,0.112677
pandas/core/nanops.py::281,0.112677
pandas/core/nanops.py::287,0.112677
pandas/core/nanops.py::288,0.112677
pandas/core/nanops.py::290,0.112677
pandas/core/nanops.py::296,0.112677
pandas/core/nanops.py::300,0.112677
pandas/core/nanops.py::301,0.112677
pandas/core/nanops.py::304,0.112677
pandas/core/nanops.py::306,0.112677
pandas/core/nanops.py::316,0.112677
pandas/core/nanops.py::317,0.112677
pandas/core/nanops.py::318,0.112677
pandas/core/nanops.py::322,0.112677
pandas/core/nanops.py::340,0.112677
pandas/core/nanops.py::431,0.112677
pandas/core/nanops.py::432,0.112677
pandas/core/ops/__init__.py::117,0.112677
pandas/core/ops/__init__.py::118,0.112677
pandas/core/ops/__init__.py::119,0.112677
pandas/core/ops/__init__.py::120,0.112677
pandas/core/ops/__init__.py::121,0.112677
pandas/core/ops/__init__.py::90,0.112677
pandas/core/ops/__init__.py::91,0.112677
pandas/core/ops/__init__.py::94,0.112677
pandas/core/reshape/merge.py::1154,0.112677
pandas/core/reshape/merge.py::1208,0.112677
pandas/core/reshape/merge.py::1414,0.112677
pandas/core/reshape/merge.py::1415,0.112677
pandas/core/reshape/merge.py::1416,0.112677
pandas/core/reshape/merge.py::1417,0.112677
pandas/core/reshape/merge.py::1418,0.112677
pandas/core/reshape/merge.py::1419,0.112677
pandas/core/reshape/merge.py::1420,0.112677
pandas/core/reshape/merge.py::1421,0.112677
pandas/core/reshape/merge.py::1422,0.112677
pandas/core/reshape/merge.py::1423,0.112677
pandas/core/reshape/merge.py::1424,0.112677
pandas/core/reshape/merge.py::1425,0.112677
pandas/core/reshape/merge.py::1426,0.112677
pandas/core/reshape/merge.py::1427,0.112677
pandas/core/reshape/merge.py::1518,0.112677
pandas/core/reshape/merge.py::1519,0.112677
pandas/core/reshape/merge.py::1520,0.112677
pandas/core/reshape/merge.py::1521,0.112677
pandas/core/reshape/merge.py::1522,0.112677
pandas/core/reshape/merge.py::1523,0.112677
pandas/core/reshape/merge.py::1525,0.112677
pandas/core/reshape/merge.py::1526,0.112677
pandas/core/reshape/merge.py::1527,0.112677
pandas/core/reshape/merge.py::1528,0.112677
pandas/core/reshape/merge.py::1529,0.112677
pandas/core/reshape/merge.py::1530,0.112677
pandas/core/reshape/merge.py::1531,0.112677
pandas/core/reshape/merge.py::1532,0.112677
pandas/core/reshape/merge.py::1533,0.112677
pandas/core/reshape/merge.py::1534,0.112677
pandas/core/reshape/merge.py::1535,0.112677
pandas/core/reshape/merge.py::1536,0.112677
pandas/core/reshape/merge.py::1537,0.112677
pandas/core/reshape/merge.py::1541,0.112677
pandas/core/reshape/merge.py::1544,0.112677
pandas/core/reshape/merge.py::1547,0.112677
pandas/core/reshape/merge.py::1550,0.112677
pandas/core/reshape/merge.py::1553,0.112677
pandas/core/reshape/merge.py::1965,0.112677
pandas/core/reshape/merge.py::1966,0.112677
pandas/core/reshape/merge.py::509,0.112677
pandas/core/reshape/merge.py::510,0.112677
pandas/core/reshape/merge.py::511,0.112677
pandas/core/reshape/merge.py::512,0.112677
pandas/core/reshape/merge.py::513,0.112677
pandas/core/reshape/merge.py::514,0.112677
pandas/core/reshape/merge.py::515,0.112677
pandas/core/reshape/merge.py::516,0.112677
pandas/core/reshape/merge.py::517,0.112677
pandas/core/reshape/merge.py::518,0.112677
pandas/core/reshape/merge.py::519,0.112677
pandas/core/reshape/merge.py::520,0.112677
pandas/core/reshape/merge.py::521,0.112677
pandas/core/reshape/merge.py::522,0.112677
pandas/core/reshape/merge.py::523,0.112677
pandas/core/reshape/merge.py::524,0.112677
pandas/core/reshape/merge.py::556,0.112677
pandas/core/reshape/merge.py::557,0.112677
pandas/core/reshape/merge.py::558,0.112677
pandas/core/reshape/merge.py::559,0.112677
pandas/core/reshape/merge.py::560,0.112677
pandas/core/reshape/merge.py::561,0.112677
pandas/core/reshape/merge.py::563,0.112677
pandas/core/reshape/merge.py::564,0.112677
pandas/core/reshape/merge.py::565,0.112677
pandas/core/reshape/merge.py::567,0.112677
pandas/core/reshape/merge.py::568,0.112677
pandas/core/reshape/merge.py::569,0.112677
pandas/core/reshape/merge.py::571,0.112677
pandas/core/reshape/merge.py::572,0.112677
pandas/core/reshape/merge.py::574,0.112677
pandas/core/reshape/merge.py::576,0.112677
pandas/core/reshape/merge.py::578,0.112677
pandas/core/reshape/merge.py::579,0.112677
pandas/core/reshape/merge.py::585,0.112677
pandas/core/reshape/merge.py::590,0.112677
pandas/core/reshape/merge.py::597,0.112677
pandas/core/reshape/merge.py::604,0.112677
pandas/core/series.py::198,0.112677
pandas/core/series.py::201,0.112677
pandas/core/series.py::203,0.112677
pandas/core/series.py::205,0.112677
pandas/core/series.py::210,0.112677
pandas/core/series.py::211,0.112677
pandas/core/series.py::213,0.112677
pandas/core/series.py::214,0.112677
pandas/core/series.py::215,0.112677
pandas/core/series.py::219,0.112677
pandas/core/series.py::225,0.112677
pandas/core/series.py::227,0.112677
pandas/core/series.py::231,0.112677
pandas/core/series.py::232,0.112677
pandas/core/series.py::235,0.112677
pandas/core/series.py::240,0.112677
pandas/core/series.py::241,0.112677
pandas/core/series.py::245,0.112677
pandas/core/series.py::247,0.112677
pandas/core/series.py::248,0.112677
pandas/core/series.py::249,0.112677
pandas/core/series.py::257,0.112677
pandas/core/series.py::258,0.112677
pandas/core/series.py::259,0.112677
pandas/core/series.py::260,0.112677
pandas/core/series.py::261,0.112677
pandas/core/series.py::274,0.112677
pandas/core/series.py::276,0.112677
pandas/core/series.py::280,0.112677
pandas/core/series.py::284,0.112677
pandas/core/series.py::286,0.112677
pandas/core/series.py::290,0.112677
pandas/core/series.py::294,0.112677
pandas/core/series.py::295,0.112677
pandas/core/series.py::304,0.112677
pandas/core/series.py::305,0.112677
pandas/core/series.py::307,0.112677
pandas/core/series.py::310,0.112677
pandas/core/series.py::312,0.112677
pandas/core/series.py::314,0.112677
pandas/core/series.py::316,0.112677
pandas/core/series.py::317,0.112677
pandas/core/series.py::340,0.112677
pandas/core/series.py::341,0.112677
pandas/core/series.py::342,0.112677
pandas/core/series.py::343,0.112677
pandas/core/series.py::349,0.112677
pandas/core/series.py::352,0.112677
pandas/core/series.py::355,0.112677
pandas/core/series.py::356,0.112677
pandas/core/series.py::357,0.112677
pandas/core/series.py::364,0.112677
pandas/core/series.py::400,0.112677
pandas/core/series.py::4018,0.112677
pandas/core/series.py::4020,0.112677
pandas/core/series.py::4021,0.112677
pandas/core/series.py::4023,0.112677
pandas/core/series.py::4027,0.112677
pandas/core/series.py::4030,0.112677
pandas/core/series.py::4033,0.112677
pandas/core/series.py::4039,0.112677
pandas/core/series.py::4040,0.112677
pandas/core/series.py::4044,0.112677
pandas/core/series.py::4045,0.112677
pandas/core/series.py::4176,0.112677
pandas/core/series.py::420,0.112677
pandas/core/series.py::423,0.112677
pandas/core/series.py::424,0.112677
pandas/core/series.py::436,0.112677
pandas/core/series.py::438,0.112677
pandas/core/series.py::439,0.112677
pandas/core/series.py::443,0.112677
pandas/core/series.py::446,0.112677
pandas/core/series.py::457,0.112677
pandas/core/series.py::461,0.112677
pandas/core/series.py::4613,0.112677
pandas/core/series.py::463,0.112677
pandas/core/series.py::471,0.112677
pandas/core/series.py::556,0.112677
pandas/core/series.py::563,0.112677
pandas/core/series.py::586,0.112677
pandas/core/series.py::716,0.112677
pandas/core/series.py::924,0.112677
pandas/core/series.py::938,0.112677
pandas/core/sorting.py::104,0.112677
pandas/core/sorting.py::437,0.112677
pandas/core/sorting.py::442,0.112677
pandas/core/sorting.py::447,0.112677
pandas/core/sorting.py::454,0.112677
pandas/core/sorting.py::456,0.112677
pandas/core/sorting.py::457,0.112677
pandas/core/sorting.py::462,0.112677
pandas/core/sorting.py::463,0.112677
pandas/core/sorting.py::464,0.112677
pandas/core/sorting.py::471,0.112677
pandas/core/sorting.py::472,0.112677
pandas/core/sorting.py::51,0.112677
pandas/core/sorting.py::52,0.112677
pandas/core/sorting.py::53,0.112677
pandas/core/sorting.py::54,0.112677
pandas/core/sorting.py::55,0.112677
pandas/core/sorting.py::57,0.112677
pandas/core/sorting.py::59,0.112677
pandas/core/sorting.py::62,0.112677
pandas/core/sorting.py::64,0.112677
pandas/core/sorting.py::65,0.112677
pandas/core/sorting.py::66,0.112677
pandas/core/sorting.py::68,0.112677
pandas/core/sorting.py::69,0.112677
pandas/core/sorting.py::73,0.112677
pandas/core/sorting.py::75,0.112677
pandas/core/sorting.py::78,0.112677
pandas/core/sorting.py::79,0.112677
pandas/core/sorting.py::81,0.112677
pandas/core/sorting.py::82,0.112677
pandas/core/sorting.py::85,0.112677
pandas/core/sorting.py::86,0.112677
pandas/core/sorting.py::88,0.112677
pandas/core/sorting.py::94,0.112677
pandas/core/sorting.py::95,0.112677
pandas/core/tools/datetimes.py::100,0.112677
pandas/core/tools/datetimes.py::103,0.112677
pandas/core/tools/datetimes.py::105,0.112677
pandas/core/tools/datetimes.py::106,0.112677
pandas/core/tools/datetimes.py::146,0.112677
pandas/core/tools/datetimes.py::148,0.112677
pandas/core/tools/datetimes.py::149,0.112677
pandas/core/tools/datetimes.py::151,0.112677
pandas/core/tools/datetimes.py::152,0.112677
pandas/core/tools/datetimes.py::183,0.112677
pandas/core/tools/datetimes.py::185,0.112677
pandas/core/tools/datetimes.py::186,0.112677
pandas/core/tools/datetimes.py::187,0.112677
pandas/core/tools/datetimes.py::313,0.112677
pandas/core/tools/datetimes.py::314,0.112677
pandas/core/tools/datetimes.py::315,0.112677
pandas/core/tools/datetimes.py::320,0.112677
pandas/core/tools/datetimes.py::324,0.112677
pandas/core/tools/datetimes.py::331,0.112677
pandas/core/tools/datetimes.py::343,0.112677
pandas/core/tools/datetimes.py::369,0.112677
pandas/core/tools/datetimes.py::376,0.112677
pandas/core/tools/datetimes.py::377,0.112677
pandas/core/tools/datetimes.py::379,0.112677
pandas/core/tools/datetimes.py::380,0.112677
pandas/core/tools/datetimes.py::382,0.112677
pandas/core/tools/datetimes.py::385,0.112677
pandas/core/tools/datetimes.py::395,0.112677
pandas/core/tools/datetimes.py::396,0.112677
pandas/core/tools/datetimes.py::398,0.112677
pandas/core/tools/datetimes.py::451,0.112677
pandas/core/tools/datetimes.py::452,0.112677
pandas/core/tools/datetimes.py::453,0.112677
pandas/core/tools/datetimes.py::454,0.112677
pandas/core/tools/datetimes.py::455,0.112677
pandas/core/tools/datetimes.py::456,0.112677
pandas/core/tools/datetimes.py::457,0.112677
pandas/core/tools/datetimes.py::458,0.112677
pandas/core/tools/datetimes.py::459,0.112677
pandas/core/tools/datetimes.py::460,0.112677
pandas/core/tools/datetimes.py::461,0.112677
pandas/core/tools/datetimes.py::464,0.112677
pandas/core/tools/datetimes.py::475,0.112677
pandas/core/tools/datetimes.py::476,0.112677
pandas/core/tools/datetimes.py::477,0.112677
pandas/core/tools/datetimes.py::743,0.112677
pandas/core/tools/datetimes.py::746,0.112677
pandas/core/tools/datetimes.py::749,0.112677
pandas/core/tools/datetimes.py::750,0.112677
pandas/core/tools/datetimes.py::751,0.112677
pandas/core/tools/datetimes.py::752,0.112677
pandas/core/tools/datetimes.py::753,0.112677
pandas/core/tools/datetimes.py::754,0.112677
pandas/core/tools/datetimes.py::755,0.112677
pandas/core/tools/datetimes.py::756,0.112677
pandas/core/tools/datetimes.py::757,0.112677
pandas/core/tools/datetimes.py::758,0.112677
pandas/core/tools/datetimes.py::761,0.112677
pandas/core/tools/datetimes.py::768,0.112677
pandas/core/tools/datetimes.py::769,0.112677
pandas/core/tools/datetimes.py::770,0.112677
pandas/core/tools/datetimes.py::773,0.112677
pandas/core/tools/datetimes.py::774,0.112677
pandas/core/tools/datetimes.py::793,0.112677
pandas/io/common.py::116,0.112677
pandas/io/common.py::117,0.112677
pandas/io/common.py::122,0.112677
pandas/io/common.py::155,0.112677
pandas/io/common.py::158,0.112677
pandas/io/common.py::160,0.112677
pandas/io/common.py::165,0.112677
pandas/io/common.py::166,0.112677
pandas/io/common.py::173,0.112677
pandas/io/common.py::174,0.112677
pandas/io/common.py::204,0.112677
pandas/io/common.py::206,0.112677
pandas/io/common.py::216,0.112677
pandas/io/common.py::223,0.112677
pandas/io/common.py::230,0.112677
pandas/io/common.py::231,0.112677
pandas/io/common.py::287,0.112677
pandas/io/common.py::291,0.112677
pandas/io/common.py::293,0.112677
pandas/io/common.py::294,0.112677
pandas/io/common.py::299,0.112677
pandas/io/common.py::300,0.112677
pandas/io/common.py::302,0.112677
pandas/io/common.py::95,0.112677
pandas/io/common.py::96,0.112677
pandas/io/parsers.py::1002,0.112677
pandas/io/parsers.py::1003,0.112677
pandas/io/parsers.py::1005,0.112677
pandas/io/parsers.py::1006,0.112677
pandas/io/parsers.py::1017,0.112677
pandas/io/parsers.py::1020,0.112677
pandas/io/parsers.py::1021,0.112677
pandas/io/parsers.py::1022,0.112677
pandas/io/parsers.py::1024,0.112677
pandas/io/parsers.py::1036,0.112677
pandas/io/parsers.py::1047,0.112677
pandas/io/parsers.py::1048,0.112677
pandas/io/parsers.py::1049,0.112677
pandas/io/parsers.py::1050,0.112677
pandas/io/parsers.py::1051,0.112677
pandas/io/parsers.py::1053,0.112677
pandas/io/parsers.py::1055,0.112677
pandas/io/parsers.py::1057,0.112677
pandas/io/parsers.py::1072,0.112677
pandas/io/parsers.py::1075,0.112677
pandas/io/parsers.py::1077,0.112677
pandas/io/parsers.py::1080,0.112677
pandas/io/parsers.py::1082,0.112677
pandas/io/parsers.py::1085,0.112677
pandas/io/parsers.py::1093,0.112677
pandas/io/parsers.py::1096,0.112677
pandas/io/parsers.py::1097,0.112677
pandas/io/parsers.py::1101,0.112677
pandas/io/parsers.py::1110,0.112677
pandas/io/parsers.py::1111,0.112677
pandas/io/parsers.py::1112,0.112677
pandas/io/parsers.py::1113,0.112677
pandas/io/parsers.py::1114,0.112677
pandas/io/parsers.py::1116,0.112677
pandas/io/parsers.py::1126,0.112677
pandas/io/parsers.py::1127,0.112677
pandas/io/parsers.py::1145,0.112677
pandas/io/parsers.py::1146,0.112677
pandas/io/parsers.py::1149,0.112677
pandas/io/parsers.py::1151,0.112677
pandas/io/parsers.py::1152,0.112677
pandas/io/parsers.py::1154,0.112677
pandas/io/parsers.py::1155,0.112677
pandas/io/parsers.py::1161,0.112677
pandas/io/parsers.py::1163,0.112677
pandas/io/parsers.py::1165,0.112677
pandas/io/parsers.py::1167,0.112677
pandas/io/parsers.py::1170,0.112677
pandas/io/parsers.py::1171,0.112677
pandas/io/parsers.py::1184,0.112677
pandas/io/parsers.py::1202,0.112677
pandas/io/parsers.py::1203,0.112677
pandas/io/parsers.py::1204,0.112677
pandas/io/parsers.py::1310,0.112677
pandas/io/parsers.py::1313,0.112677
pandas/io/parsers.py::1331,0.112677
pandas/io/parsers.py::1341,0.112677
pandas/io/parsers.py::1346,0.112677
pandas/io/parsers.py::1347,0.112677
pandas/io/parsers.py::1348,0.112677
pandas/io/parsers.py::1354,0.112677
pandas/io/parsers.py::1359,0.112677
pandas/io/parsers.py::1360,0.112677
pandas/io/parsers.py::1361,0.112677
pandas/io/parsers.py::1363,0.112677
pandas/io/parsers.py::1364,0.112677
pandas/io/parsers.py::1365,0.112677
pandas/io/parsers.py::1366,0.112677
pandas/io/parsers.py::1368,0.112677
pandas/io/parsers.py::1369,0.112677
pandas/io/parsers.py::1370,0.112677
pandas/io/parsers.py::1371,0.112677
pandas/io/parsers.py::1373,0.112677
pandas/io/parsers.py::1374,0.112677
pandas/io/parsers.py::1375,0.112677
pandas/io/parsers.py::1376,0.112677
pandas/io/parsers.py::1378,0.112677
pandas/io/parsers.py::1379,0.112677
pandas/io/parsers.py::1380,0.112677
pandas/io/parsers.py::1381,0.112677
pandas/io/parsers.py::1382,0.112677
pandas/io/parsers.py::1384,0.112677
pandas/io/parsers.py::1385,0.112677
pandas/io/parsers.py::1386,0.112677
pandas/io/parsers.py::1387,0.112677
pandas/io/parsers.py::1388,0.112677
pandas/io/parsers.py::1392,0.112677
pandas/io/parsers.py::1393,0.112677
pandas/io/parsers.py::1423,0.112677
pandas/io/parsers.py::1427,0.112677
pandas/io/parsers.py::1433,0.112677
pandas/io/parsers.py::1435,0.112677
pandas/io/parsers.py::1439,0.112677
pandas/io/parsers.py::1447,0.112677
pandas/io/parsers.py::1448,0.112677
pandas/io/parsers.py::1536,0.112677
pandas/io/parsers.py::1537,0.112677
pandas/io/parsers.py::1538,0.112677
pandas/io/parsers.py::1539,0.112677
pandas/io/parsers.py::1541,0.112677
pandas/io/parsers.py::1542,0.112677
pandas/io/parsers.py::1544,0.112677
pandas/io/parsers.py::1555,0.112677
pandas/io/parsers.py::1556,0.112677
pandas/io/parsers.py::1558,0.112677
pandas/io/parsers.py::1562,0.112677
pandas/io/parsers.py::1564,0.112677
pandas/io/parsers.py::1567,0.112677
pandas/io/parsers.py::1568,0.112677
pandas/io/parsers.py::1583,0.112677
pandas/io/parsers.py::1588,0.112677
pandas/io/parsers.py::1590,0.112677
pandas/io/parsers.py::1869,0.112677
pandas/io/parsers.py::1870,0.112677
pandas/io/parsers.py::1871,0.112677
pandas/io/parsers.py::1872,0.112677
pandas/io/parsers.py::1873,0.112677
pandas/io/parsers.py::1874,0.112677
pandas/io/parsers.py::1875,0.112677
pandas/io/parsers.py::1876,0.112677
pandas/io/parsers.py::1877,0.112677
pandas/io/parsers.py::1880,0.112677
pandas/io/parsers.py::1889,0.112677
pandas/io/parsers.py::1890,0.112677
pandas/io/parsers.py::1892,0.112677
pandas/io/parsers.py::1894,0.112677
pandas/io/parsers.py::1903,0.112677
pandas/io/parsers.py::1906,0.112677
pandas/io/parsers.py::1907,0.112677
pandas/io/parsers.py::1909,0.112677
pandas/io/parsers.py::1910,0.112677
pandas/io/parsers.py::1912,0.112677
pandas/io/parsers.py::1914,0.112677
pandas/io/parsers.py::1917,0.112677
pandas/io/parsers.py::1923,0.112677
pandas/io/parsers.py::1925,0.112677
pandas/io/parsers.py::1942,0.112677
pandas/io/parsers.py::1944,0.112677
pandas/io/parsers.py::1963,0.112677
pandas/io/parsers.py::1965,0.112677
pandas/io/parsers.py::1967,0.112677
pandas/io/parsers.py::1968,0.112677
pandas/io/parsers.py::1978,0.112677
pandas/io/parsers.py::1981,0.112677
pandas/io/parsers.py::1984,0.112677
pandas/io/parsers.py::1988,0.112677
pandas/io/parsers.py::1989,0.112677
pandas/io/parsers.py::2000,0.112677
pandas/io/parsers.py::2001,0.112677
pandas/io/parsers.py::2006,0.112677
pandas/io/parsers.py::2012,0.112677
pandas/io/parsers.py::2014,0.112677
pandas/io/parsers.py::2023,0.112677
pandas/io/parsers.py::2031,0.112677
pandas/io/parsers.py::2039,0.112677
pandas/io/parsers.py::2050,0.112677
pandas/io/parsers.py::2051,0.112677
pandas/io/parsers.py::2077,0.112677
pandas/io/parsers.py::2079,0.112677
pandas/io/parsers.py::2081,0.112677
pandas/io/parsers.py::2112,0.112677
pandas/io/parsers.py::2115,0.112677
pandas/io/parsers.py::2116,0.112677
pandas/io/parsers.py::2118,0.112677
pandas/io/parsers.py::2122,0.112677
pandas/io/parsers.py::2124,0.112677
pandas/io/parsers.py::2126,0.112677
pandas/io/parsers.py::2127,0.112677
pandas/io/parsers.py::2130,0.112677
pandas/io/parsers.py::2132,0.112677
pandas/io/parsers.py::3252,0.112677
pandas/io/parsers.py::3291,0.112677
pandas/io/parsers.py::3303,0.112677
pandas/io/parsers.py::3308,0.112677
pandas/io/parsers.py::3309,0.112677
pandas/io/parsers.py::3311,0.112677
pandas/io/parsers.py::3312,0.112677
pandas/io/parsers.py::3314,0.112677
pandas/io/parsers.py::3316,0.112677
pandas/io/parsers.py::3317,0.112677
pandas/io/parsers.py::3388,0.112677
pandas/io/parsers.py::3389,0.112677
pandas/io/parsers.py::3390,0.112677
pandas/io/parsers.py::3393,0.112677
pandas/io/parsers.py::3420,0.112677
pandas/io/parsers.py::381,0.112677
pandas/io/parsers.py::382,0.112677
pandas/io/parsers.py::385,0.112677
pandas/io/parsers.py::393,0.112677
pandas/io/parsers.py::413,0.112677
pandas/io/parsers.py::416,0.112677
pandas/io/parsers.py::421,0.112677
pandas/io/parsers.py::422,0.112677
pandas/io/parsers.py::426,0.112677
pandas/io/parsers.py::427,0.112677
pandas/io/parsers.py::433,0.112677
pandas/io/parsers.py::434,0.112677
pandas/io/parsers.py::436,0.112677
pandas/io/parsers.py::438,0.112677
pandas/io/parsers.py::443,0.112677
pandas/io/parsers.py::444,0.112677
pandas/io/parsers.py::445,0.112677
pandas/io/parsers.py::448,0.112677
pandas/io/parsers.py::451,0.112677
pandas/io/parsers.py::453,0.112677
pandas/io/parsers.py::456,0.112677
pandas/io/parsers.py::457,0.112677
pandas/io/parsers.py::459,0.112677
pandas/io/parsers.py::461,0.112677
pandas/io/parsers.py::467,0.112677
pandas/io/parsers.py::605,0.112677
pandas/io/parsers.py::609,0.112677
pandas/io/parsers.py::612,0.112677
pandas/io/parsers.py::613,0.112677
pandas/io/parsers.py::615,0.112677
pandas/io/parsers.py::622,0.112677
pandas/io/parsers.py::625,0.112677
pandas/io/parsers.py::626,0.112677
pandas/io/parsers.py::628,0.112677
pandas/io/parsers.py::629,0.112677
pandas/io/parsers.py::630,0.112677
pandas/io/parsers.py::631,0.112677
pandas/io/parsers.py::632,0.112677
pandas/io/parsers.py::633,0.112677
pandas/io/parsers.py::634,0.112677
pandas/io/parsers.py::635,0.112677
pandas/io/parsers.py::636,0.112677
pandas/io/parsers.py::637,0.112677
pandas/io/parsers.py::638,0.112677
pandas/io/parsers.py::639,0.112677
pandas/io/parsers.py::640,0.112677
pandas/io/parsers.py::641,0.112677
pandas/io/parsers.py::642,0.112677
pandas/io/parsers.py::643,0.112677
pandas/io/parsers.py::644,0.112677
pandas/io/parsers.py::645,0.112677
pandas/io/parsers.py::646,0.112677
pandas/io/parsers.py::647,0.112677
pandas/io/parsers.py::648,0.112677
pandas/io/parsers.py::649,0.112677
pandas/io/parsers.py::650,0.112677
pandas/io/parsers.py::651,0.112677
pandas/io/parsers.py::652,0.112677
pandas/io/parsers.py::653,0.112677
pandas/io/parsers.py::654,0.112677
pandas/io/parsers.py::655,0.112677
pandas/io/parsers.py::656,0.112677
pandas/io/parsers.py::657,0.112677
pandas/io/parsers.py::658,0.112677
pandas/io/parsers.py::659,0.112677
pandas/io/parsers.py::660,0.112677
pandas/io/parsers.py::661,0.112677
pandas/io/parsers.py::662,0.112677
pandas/io/parsers.py::663,0.112677
pandas/io/parsers.py::664,0.112677
pandas/io/parsers.py::665,0.112677
pandas/io/parsers.py::666,0.112677
pandas/io/parsers.py::667,0.112677
pandas/io/parsers.py::668,0.112677
pandas/io/parsers.py::669,0.112677
pandas/io/parsers.py::670,0.112677
pandas/io/parsers.py::671,0.112677
pandas/io/parsers.py::672,0.112677
pandas/io/parsers.py::673,0.112677
pandas/io/parsers.py::674,0.112677
pandas/io/parsers.py::675,0.112677
pandas/io/parsers.py::676,0.112677
pandas/io/parsers.py::679,0.112677
pandas/io/parsers.py::797,0.112677
pandas/io/parsers.py::799,0.112677
pandas/io/parsers.py::800,0.112677
pandas/io/parsers.py::805,0.112677
pandas/io/parsers.py::807,0.112677
pandas/io/parsers.py::860,0.112677
pandas/io/parsers.py::866,0.112677
pandas/io/parsers.py::867,0.112677
pandas/io/parsers.py::869,0.112677
pandas/io/parsers.py::872,0.112677
pandas/io/parsers.py::873,0.112677
pandas/io/parsers.py::874,0.112677
pandas/io/parsers.py::876,0.112677
pandas/io/parsers.py::878,0.112677
pandas/io/parsers.py::879,0.112677
pandas/io/parsers.py::880,0.112677
pandas/io/parsers.py::883,0.112677
pandas/io/parsers.py::884,0.112677
pandas/io/parsers.py::886,0.112677
pandas/io/parsers.py::889,0.112677
pandas/io/parsers.py::892,0.112677
pandas/io/parsers.py::895,0.112677
pandas/io/parsers.py::897,0.112677
pandas/io/parsers.py::899,0.112677
pandas/io/parsers.py::900,0.112677
pandas/io/parsers.py::903,0.112677
pandas/io/parsers.py::906,0.112677
pandas/io/parsers.py::908,0.112677
pandas/io/parsers.py::909,0.112677
pandas/io/parsers.py::910,0.112677
pandas/io/parsers.py::912,0.112677
pandas/io/parsers.py::924,0.112677
pandas/io/parsers.py::926,0.112677
pandas/io/parsers.py::930,0.112677
pandas/io/parsers.py::934,0.112677
pandas/io/parsers.py::946,0.112677
pandas/io/parsers.py::949,0.112677
pandas/io/parsers.py::951,0.112677
pandas/io/parsers.py::952,0.112677
pandas/io/parsers.py::954,0.112677
pandas/io/parsers.py::955,0.112677
pandas/io/parsers.py::958,0.112677
pandas/io/parsers.py::959,0.112677
pandas/io/parsers.py::963,0.112677
pandas/io/parsers.py::964,0.112677
pandas/io/parsers.py::971,0.112677
pandas/io/parsers.py::984,0.112677
pandas/io/parsers.py::987,0.112677
pandas/io/parsers.py::988,0.112677
pandas/io/parsers.py::989,0.112677
pandas/io/parsers.py::990,0.112677
pandas/io/parsers.py::994,0.112677
pandas/tseries/frequencies.py::114,0.112677
pandas/tseries/frequencies.py::115,0.112677
pandas/util/_decorators.py::166,0.112677
pandas/util/_decorators.py::168,0.112677
pandas/util/_decorators.py::178,0.112677
pandas/util/_decorators.py::208,0.112677
pandas/util/_validators.py::233,0.112677
pandas/util/_validators.py::238,0.112677
