Entity,Score
pandas/_config/config.py::114,0.909091
pandas/_config/config.py::117,0.909091
pandas/_config/config.py::118,0.909091
pandas/_config/config.py::556,0.909091
pandas/core/dtypes/cast.py::1645,0.909091
pandas/core/dtypes/cast.py::1649,0.909091
pandas/core/dtypes/cast.py::1651,0.909091
pandas/core/dtypes/inference.py::383,0.909091
pandas/core/dtypes/inference.py::384,0.909091
pandas/core/dtypes/inference.py::385,0.909091
pandas/core/dtypes/inference.py::386,0.909091
pandas/core/indexers.py::108,0.909091
pandas/core/indexes/base.py::3115,0.909091
pandas/core/indexes/base.py::3262,0.909091
pandas/core/indexes/base.py::3263,0.909091
pandas/core/indexes/base.py::852,0.909091
pandas/core/indexes/base.py::853,0.909091
pandas/core/indexes/base.py::854,0.909091
pandas/core/indexes/base.py::855,0.909091
pandas/core/indexes/base.py::856,0.909091
pandas/core/indexes/base.py::857,0.909091
pandas/core/indexes/base.py::860,0.909091
pandas/core/indexes/base.py::863,0.909091
pandas/core/indexes/base.py::865,0.909091
pandas/core/indexes/base.py::875,0.909091
pandas/core/indexes/base.py::882,0.909091
pandas/core/indexes/base.py::889,0.909091
pandas/core/indexes/base.py::891,0.909091
pandas/core/indexes/base.py::892,0.909091
pandas/core/indexes/base.py::893,0.909091
pandas/core/indexes/base.py::894,0.909091
pandas/core/indexes/base.py::895,0.909091
pandas/core/indexes/base.py::897,0.909091
pandas/core/indexes/base.py::898,0.909091
pandas/core/indexes/base.py::905,0.909091
pandas/core/indexes/category.py::337,0.909091
pandas/core/indexes/category.py::345,0.909091
pandas/core/indexes/category.py::346,0.909091
pandas/core/indexes/category.py::350,0.909091
pandas/core/indexes/category.py::351,0.909091
pandas/core/indexes/category.py::353,0.909091
pandas/core/indexes/category.py::355,0.909091
pandas/core/indexes/category.py::356,0.909091
pandas/core/indexes/category.py::357,0.909091
pandas/core/indexes/category.py::358,0.909091
pandas/core/indexes/category.py::359,0.909091
pandas/core/indexes/category.py::361,0.909091
pandas/core/indexes/category.py::604,0.909091
pandas/core/indexes/category.py::605,0.909091
pandas/core/indexes/category.py::752,0.909091
pandas/core/indexes/category.py::753,0.909091
pandas/core/indexes/category.py::754,0.909091
pandas/core/indexes/category.py::755,0.909091
pandas/core/indexing.py::1578,0.909091
pandas/core/indexing.py::1585,0.909091
pandas/core/indexing.py::1617,0.909091
pandas/core/indexing.py::1618,0.909091
pandas/io/formats/console.py::14,0.909091
pandas/io/formats/console.py::16,0.909091
pandas/io/formats/console.py::17,0.909091
pandas/io/formats/console.py::29,0.909091
pandas/io/formats/console.py::41,0.909091
pandas/io/formats/console.py::46,0.909091
pandas/io/formats/console.py::62,0.909091
pandas/io/formats/console.py::64,0.909091
pandas/io/formats/console.py::65,0.909091
pandas/io/formats/console.py::66,0.909091
pandas/io/formats/console.py::69,0.909091
pandas/io/formats/console.py::71,0.909091
pandas/io/formats/console.py::72,0.909091
pandas/io/formats/console.py::73,0.909091
pandas/io/formats/console.py::74,0.909091
pandas/io/formats/format.py::395,0.909091
pandas/io/formats/format.py::398,0.909091
pandas/io/formats/format.py::447,0.909091
pandas/io/formats/format.py::448,0.909091
pandas/io/formats/format.py::451,0.909091
pandas/io/formats/printing.py::109,0.909091
pandas/io/formats/printing.py::112,0.909091
pandas/io/formats/printing.py::114,0.909091
pandas/io/formats/printing.py::117,0.909091
pandas/io/formats/printing.py::119,0.909091
pandas/io/formats/printing.py::122,0.909091
pandas/io/formats/printing.py::123,0.909091
pandas/io/formats/printing.py::125,0.909091
pandas/io/formats/printing.py::127,0.909091
pandas/io/formats/printing.py::129,0.909091
pandas/io/formats/printing.py::132,0.909091
pandas/io/formats/printing.py::198,0.909091
pandas/io/formats/printing.py::199,0.909091
pandas/io/formats/printing.py::200,0.909091
pandas/io/formats/printing.py::201,0.909091
pandas/io/formats/printing.py::208,0.909091
pandas/io/formats/printing.py::210,0.909091
pandas/io/formats/printing.py::211,0.909091
pandas/io/formats/printing.py::212,0.909091
pandas/io/formats/printing.py::213,0.909091
pandas/io/formats/printing.py::215,0.909091
pandas/io/formats/printing.py::217,0.909091
pandas/io/formats/printing.py::223,0.909091
pandas/io/formats/printing.py::224,0.909091
pandas/io/formats/printing.py::225,0.909091
pandas/io/formats/printing.py::226,0.909091
pandas/io/formats/printing.py::227,0.909091
pandas/io/formats/printing.py::228,0.909091
pandas/io/formats/printing.py::229,0.909091
pandas/io/formats/printing.py::231,0.909091
pandas/io/formats/printing.py::232,0.909091
pandas/io/formats/printing.py::236,0.909091
pandas/io/formats/printing.py::279,0.909091
pandas/io/formats/printing.py::280,0.909091
pandas/io/formats/printing.py::319,0.909091
pandas/io/formats/printing.py::320,0.909091
pandas/io/formats/printing.py::322,0.909091
pandas/io/formats/printing.py::323,0.909091
pandas/io/formats/printing.py::325,0.909091
pandas/io/formats/printing.py::326,0.909091
pandas/io/formats/printing.py::328,0.909091
pandas/io/formats/printing.py::329,0.909091
pandas/io/formats/printing.py::330,0.909091
pandas/io/formats/printing.py::331,0.909091
pandas/io/formats/printing.py::336,0.909091
pandas/io/formats/printing.py::337,0.909091
pandas/io/formats/printing.py::342,0.909091
pandas/io/formats/printing.py::343,0.909091
pandas/io/formats/printing.py::346,0.909091
pandas/io/formats/printing.py::349,0.909091
pandas/io/formats/printing.py::352,0.909091
pandas/io/formats/printing.py::353,0.909091
pandas/io/formats/printing.py::355,0.909091
pandas/io/formats/printing.py::358,0.909091
pandas/io/formats/printing.py::359,0.909091
pandas/io/formats/printing.py::361,0.909091
pandas/io/formats/printing.py::367,0.909091
pandas/io/formats/printing.py::369,0.909091
pandas/io/formats/printing.py::371,0.909091
pandas/io/formats/printing.py::374,0.909091
pandas/io/formats/printing.py::380,0.909091
pandas/io/formats/printing.py::385,0.909091
pandas/io/formats/printing.py::386,0.909091
pandas/io/formats/printing.py::389,0.909091
pandas/io/formats/printing.py::406,0.909091
pandas/io/formats/printing.py::420,0.909091
pandas/io/formats/printing.py::421,0.909091
pandas/io/formats/printing.py::423,0.909091
pandas/io/formats/printing.py::427,0.909091
pandas/io/formats/printing.py::432,0.909091
pandas/io/formats/printing.py::433,0.909091
pandas/io/formats/printing.py::434,0.909091
pandas/io/formats/printing.py::437,0.909091
pandas/io/formats/printing.py::438,0.909091
pandas/io/formats/printing.py::442,0.909091
pandas/io/formats/printing.py::443,0.909091
pandas/io/formats/printing.py::445,0.909091
pandas/io/formats/printing.py::448,0.909091
pandas/io/formats/printing.py::451,0.909091
pandas/io/formats/printing.py::453,0.909091
pandas/io/formats/printing.py::520,0.909091
pandas/io/formats/printing.py::521,0.909091
pandas/io/formats/printing.py::523,0.909091
pandas/io/formats/printing.py::524,0.909091
pandas/io/formats/printing.py::528,0.909091
pandas/io/formats/printing.py::531,0.909091
pandas/io/formats/printing.py::532,0.909091
pandas/io/formats/printing.py::534,0.909091
pandas/core/common.py::167,0.660409
pandas/core/construction.py::444,0.660409
pandas/core/construction.py::449,0.660409
pandas/core/construction.py::453,0.660409
pandas/core/construction.py::455,0.660409
pandas/core/construction.py::456,0.660409
pandas/core/construction.py::459,0.660409
pandas/core/construction.py::460,0.660409
pandas/core/construction.py::465,0.660409
pandas/core/dtypes/cast.py::1138,0.660409
pandas/core/dtypes/cast.py::1439,0.660409
pandas/core/dtypes/cast.py::1444,0.660409
pandas/core/dtypes/cast.py::1447,0.660409
pandas/core/dtypes/cast.py::1450,0.660409
pandas/core/dtypes/cast.py::1457,0.660409
pandas/core/dtypes/cast.py::1458,0.660409
pandas/core/dtypes/cast.py::1460,0.660409
pandas/core/dtypes/cast.py::567,0.660409
pandas/core/dtypes/cast.py::570,0.660409
pandas/core/dtypes/cast.py::578,0.660409
pandas/core/dtypes/cast.py::588,0.660409
pandas/core/dtypes/cast.py::600,0.660409
pandas/core/dtypes/cast.py::604,0.660409
pandas/core/dtypes/cast.py::607,0.660409
pandas/core/dtypes/cast.py::608,0.660409
pandas/core/dtypes/cast.py::611,0.660409
pandas/core/dtypes/cast.py::630,0.660409
pandas/core/dtypes/cast.py::712,0.660409
pandas/core/dtypes/cast.py::713,0.660409
pandas/core/dtypes/cast.py::715,0.660409
pandas/core/dtypes/cast.py::718,0.660409
pandas/core/dtypes/concat.py::41,0.660409
pandas/core/dtypes/concat.py::42,0.660409
pandas/core/dtypes/concat.py::44,0.660409
pandas/core/dtypes/concat.py::45,0.660409
pandas/core/dtypes/concat.py::47,0.660409
pandas/core/dtypes/concat.py::49,0.660409
pandas/core/dtypes/concat.py::51,0.660409
pandas/core/dtypes/concat.py::55,0.660409
pandas/core/dtypes/concat.py::57,0.660409
pandas/core/dtypes/concat.py::59,0.660409
pandas/core/dtypes/concat.py::60,0.660409
pandas/core/dtypes/concat.py::67,0.660409
pandas/core/dtypes/concat.py::68,0.660409
pandas/core/frame.py::2424,0.660409
pandas/core/frame.py::2427,0.660409
pandas/core/frame.py::2428,0.660409
pandas/core/frame.py::2440,0.660409
pandas/core/frame.py::2441,0.660409
pandas/core/frame.py::2443,0.660409
pandas/core/frame.py::2444,0.660409
pandas/core/frame.py::2447,0.660409
pandas/core/frame.py::3604,0.660409
pandas/core/frame.py::468,0.660409
pandas/core/frame.py::591,0.660409
pandas/core/frame.py::594,0.660409
pandas/core/frame.py::6892,0.660409
pandas/core/frame.py::6893,0.660409
pandas/core/frame.py::6897,0.660409
pandas/core/frame.py::6903,0.660409
pandas/core/frame.py::6904,0.660409
pandas/core/frame.py::6905,0.660409
pandas/core/frame.py::6906,0.660409
pandas/core/frame.py::6910,0.660409
pandas/core/frame.py::6913,0.660409
pandas/core/frame.py::6915,0.660409
pandas/core/frame.py::6925,0.660409
pandas/core/frame.py::6927,0.660409
pandas/core/frame.py::6930,0.660409
pandas/core/frame.py::6931,0.660409
pandas/core/frame.py::6932,0.660409
pandas/core/frame.py::6933,0.660409
pandas/core/frame.py::6934,0.660409
pandas/core/frame.py::6935,0.660409
pandas/core/generic.py::1117,0.660409
pandas/core/generic.py::1118,0.660409
pandas/core/generic.py::1120,0.660409
pandas/core/generic.py::1121,0.660409
pandas/core/generic.py::1122,0.660409
pandas/core/generic.py::1123,0.660409
pandas/core/generic.py::1124,0.660409
pandas/core/generic.py::1126,0.660409
pandas/core/generic.py::1132,0.660409
pandas/core/generic.py::1134,0.660409
pandas/core/generic.py::1136,0.660409
pandas/core/generic.py::1137,0.660409
pandas/core/generic.py::1139,0.660409
pandas/core/generic.py::1140,0.660409
pandas/core/generic.py::1215,0.660409
pandas/core/generic.py::1216,0.660409
pandas/core/generic.py::1218,0.660409
pandas/core/generic.py::1219,0.660409
pandas/core/generic.py::1220,0.660409
pandas/core/generic.py::1221,0.660409
pandas/core/generic.py::1222,0.660409
pandas/core/generic.py::3406,0.660409
pandas/core/generic.py::3407,0.660409
pandas/core/generic.py::3408,0.660409
pandas/core/generic.py::4332,0.660409
pandas/core/generic.py::4334,0.660409
pandas/core/generic.py::5160,0.660409
pandas/core/generic.py::5161,0.660409
pandas/core/generic.py::5162,0.660409
pandas/core/generic.py::5277,0.660409
pandas/core/generic.py::5278,0.660409
pandas/core/generic.py::555,0.660409
pandas/core/generic.py::556,0.660409
pandas/core/generic.py::5702,0.660409
pandas/core/generic.py::5703,0.660409
pandas/core/generic.py::5704,0.660409
pandas/core/generic.py::5706,0.660409
pandas/core/indexes/api.py::100,0.660409
pandas/core/indexes/api.py::101,0.660409
pandas/core/indexes/api.py::102,0.660409
pandas/core/indexes/api.py::103,0.660409
pandas/core/indexes/api.py::104,0.660409
pandas/core/indexes/api.py::105,0.660409
pandas/core/indexes/api.py::106,0.660409
pandas/core/indexes/api.py::135,0.660409
pandas/core/indexes/api.py::136,0.660409
pandas/core/indexes/api.py::138,0.660409
pandas/core/indexes/api.py::140,0.660409
pandas/core/indexes/api.py::145,0.660409
pandas/core/indexes/api.py::146,0.660409
pandas/core/indexes/api.py::148,0.660409
pandas/core/indexes/api.py::155,0.660409
pandas/core/indexes/api.py::156,0.660409
pandas/core/indexes/api.py::158,0.660409
pandas/core/indexes/api.py::185,0.660409
pandas/core/indexes/api.py::187,0.660409
pandas/core/indexes/api.py::209,0.660409
pandas/core/indexes/api.py::219,0.660409
pandas/core/indexes/api.py::220,0.660409
pandas/core/indexes/api.py::221,0.660409
pandas/core/indexes/api.py::222,0.660409
pandas/core/indexes/api.py::225,0.660409
pandas/core/indexes/api.py::226,0.660409
pandas/core/indexes/api.py::228,0.660409
pandas/core/indexes/api.py::254,0.660409
pandas/core/indexes/api.py::256,0.660409
pandas/core/indexes/api.py::266,0.660409
pandas/core/indexes/api.py::269,0.660409
pandas/core/indexes/api.py::290,0.660409
pandas/core/indexes/api.py::291,0.660409
pandas/core/indexes/api.py::293,0.660409
pandas/core/indexes/api.py::91,0.660409
pandas/core/indexes/api.py::92,0.660409
pandas/core/indexes/base.py::2698,0.660409
pandas/core/indexes/base.py::4156,0.660409
pandas/core/indexes/base.py::4158,0.660409
pandas/core/indexes/base.py::4159,0.660409
pandas/core/indexes/base.py::4161,0.660409
pandas/core/indexes/base.py::4163,0.660409
pandas/core/indexes/base.py::4164,0.660409
pandas/core/indexes/base.py::4167,0.660409
pandas/core/indexes/base.py::4168,0.660409
pandas/core/indexes/base.py::4170,0.660409
pandas/core/indexes/base.py::4174,0.660409
pandas/core/indexes/base.py::4176,0.660409
pandas/core/indexes/base.py::4177,0.660409
pandas/core/indexes/base.py::4186,0.660409
pandas/core/indexes/base.py::4187,0.660409
pandas/core/indexes/base.py::4188,0.660409
pandas/core/indexes/base.py::4189,0.660409
pandas/core/indexes/base.py::4190,0.660409
pandas/core/indexes/base.py::4193,0.660409
pandas/core/indexes/base.py::4196,0.660409
pandas/core/indexes/base.py::4197,0.660409
pandas/core/indexes/base.py::4198,0.660409
pandas/core/indexes/base.py::4200,0.660409
pandas/core/indexes/base.py::4202,0.660409
pandas/core/indexes/category.py::300,0.660409
pandas/core/indexes/category.py::301,0.660409
pandas/core/indexes/category.py::765,0.660409
pandas/core/indexes/category.py::772,0.660409
pandas/core/indexing.py::1169,0.660409
pandas/core/indexing.py::1170,0.660409
pandas/core/indexing.py::1202,0.660409
pandas/core/indexing.py::1203,0.660409
pandas/core/indexing.py::1204,0.660409
pandas/core/indexing.py::1206,0.660409
pandas/core/indexing.py::1207,0.660409
pandas/core/indexing.py::1634,0.660409
pandas/core/indexing.py::1809,0.660409
pandas/core/indexing.py::1813,0.660409
pandas/core/indexing.py::1839,0.660409
pandas/core/indexing.py::1841,0.660409
pandas/core/indexing.py::1845,0.660409
pandas/core/indexing.py::1852,0.660409
pandas/core/indexing.py::1857,0.660409
pandas/core/indexing.py::1859,0.660409
pandas/core/indexing.py::2175,0.660409
pandas/core/indexing.py::2177,0.660409
pandas/core/indexing.py::2179,0.660409
pandas/core/internals/blocks.py::2114,0.660409
pandas/core/internals/blocks.py::2115,0.660409
pandas/core/internals/blocks.py::2121,0.660409
pandas/core/internals/blocks.py::229,0.660409
pandas/core/internals/blocks.py::231,0.660409
pandas/core/internals/blocks.py::659,0.660409
pandas/core/internals/managers.py::564,0.660409
pandas/core/internals/managers.py::653,0.660409
pandas/core/internals/managers.py::780,0.660409
pandas/core/internals/managers.py::784,0.660409
pandas/core/internals/managers.py::786,0.660409
pandas/core/internals/managers.py::791,0.660409
pandas/core/internals/managers.py::792,0.660409
pandas/core/internals/managers.py::796,0.660409
pandas/core/reshape/concat.py::273,0.660409
pandas/core/reshape/concat.py::274,0.660409
pandas/core/reshape/concat.py::275,0.660409
pandas/core/reshape/concat.py::276,0.660409
pandas/core/reshape/concat.py::277,0.660409
pandas/core/reshape/concat.py::278,0.660409
pandas/core/reshape/concat.py::279,0.660409
pandas/core/reshape/concat.py::280,0.660409
pandas/core/reshape/concat.py::281,0.660409
pandas/core/reshape/concat.py::282,0.660409
pandas/core/reshape/concat.py::283,0.660409
pandas/core/reshape/concat.py::307,0.660409
pandas/core/reshape/concat.py::313,0.660409
pandas/core/reshape/concat.py::314,0.660409
pandas/core/reshape/concat.py::322,0.660409
pandas/core/reshape/concat.py::327,0.660409
pandas/core/reshape/concat.py::329,0.660409
pandas/core/reshape/concat.py::332,0.660409
pandas/core/reshape/concat.py::333,0.660409
pandas/core/reshape/concat.py::347,0.660409
pandas/core/reshape/concat.py::351,0.660409
pandas/core/reshape/concat.py::352,0.660409
pandas/core/reshape/concat.py::353,0.660409
pandas/core/reshape/concat.py::361,0.660409
pandas/core/reshape/concat.py::362,0.660409
pandas/core/reshape/concat.py::367,0.660409
pandas/core/reshape/concat.py::368,0.660409
pandas/core/reshape/concat.py::379,0.660409
pandas/core/reshape/concat.py::382,0.660409
pandas/core/reshape/concat.py::383,0.660409
pandas/core/reshape/concat.py::385,0.660409
pandas/core/reshape/concat.py::386,0.660409
pandas/core/reshape/concat.py::388,0.660409
pandas/core/reshape/concat.py::390,0.660409
pandas/core/reshape/concat.py::393,0.660409
pandas/core/reshape/concat.py::396,0.660409
pandas/core/reshape/concat.py::399,0.660409
pandas/core/reshape/concat.py::400,0.660409
pandas/core/reshape/concat.py::401,0.660409
pandas/core/reshape/concat.py::403,0.660409
pandas/core/reshape/concat.py::404,0.660409
pandas/core/reshape/concat.py::411,0.660409
pandas/core/reshape/concat.py::442,0.660409
pandas/core/reshape/concat.py::443,0.660409
pandas/core/reshape/concat.py::444,0.660409
pandas/core/reshape/concat.py::445,0.660409
pandas/core/reshape/concat.py::446,0.660409
pandas/core/reshape/concat.py::448,0.660409
pandas/core/reshape/concat.py::449,0.660409
pandas/core/reshape/concat.py::450,0.660409
pandas/core/reshape/concat.py::452,0.660409
pandas/core/reshape/concat.py::506,0.660409
pandas/core/reshape/concat.py::509,0.660409
pandas/core/reshape/concat.py::512,0.660409
pandas/core/reshape/concat.py::514,0.660409
pandas/core/reshape/concat.py::515,0.660409
pandas/core/reshape/concat.py::519,0.660409
pandas/core/reshape/concat.py::520,0.660409
pandas/core/reshape/concat.py::521,0.660409
pandas/core/reshape/concat.py::522,0.660409
pandas/core/reshape/concat.py::523,0.660409
pandas/core/reshape/concat.py::524,0.660409
pandas/core/reshape/concat.py::525,0.660409
pandas/core/reshape/concat.py::532,0.660409
pandas/core/reshape/concat.py::561,0.660409
pandas/core/reshape/concat.py::563,0.660409
pandas/core/reshape/concat.py::567,0.660409
pandas/core/reshape/concat.py::568,0.660409
pandas/core/reshape/concat.py::586,0.660409
pandas/core/series.py::1537,0.660409
pandas/core/series.py::1538,0.660409
pandas/core/series.py::1542,0.660409
pandas/core/series.py::383,0.660409
pandas/core/series.py::385,0.660409
pandas/core/arrays/categorical.py::1878,0.545836
pandas/core/common.py::188,0.545836
pandas/core/generic.py::336,0.545836
pandas/core/generic.py::337,0.545836
pandas/core/generic.py::338,0.545836
pandas/core/generic.py::339,0.545836
pandas/core/generic.py::5333,0.545836
pandas/core/generic.py::5335,0.545836
pandas/core/indexes/base.py::2433,0.545836
pandas/core/indexes/base.py::2693,0.545836
pandas/core/indexes/base.py::2694,0.545836
pandas/core/indexes/base.py::2696,0.545836
pandas/core/indexes/base.py::2799,0.545836
pandas/core/indexes/base.py::2801,0.545836
pandas/core/indexes/base.py::4270,0.545836
pandas/core/indexes/base.py::4272,0.545836
pandas/core/indexes/base.py::4273,0.545836
pandas/core/indexes/base.py::4276,0.545836
pandas/core/internals/managers.py::1794,0.545836
pandas/core/internals/managers.py::1800,0.545836
pandas/core/internals/managers.py::251,0.545836
pandas/core/internals/managers.py::252,0.545836
pandas/core/series.py::3990,0.545836
pandas/util/_decorators.py::225,0.545836
pandas/core/generic.py::331,0.476190
pandas/core/generic.py::332,0.476190
pandas/core/generic.py::335,0.476190
pandas/core/generic.py::342,0.476190
pandas/core/generic.py::343,0.476190
pandas/core/generic.py::362,0.476190
pandas/core/generic.py::363,0.476190
pandas/core/generic.py::4304,0.476190
pandas/core/generic.py::4305,0.476190
pandas/core/generic.py::4306,0.476190
pandas/core/generic.py::4307,0.476190
pandas/core/generic.py::4308,0.476190
pandas/core/generic.py::4309,0.476190
pandas/core/generic.py::4310,0.476190
pandas/core/generic.py::4315,0.476190
pandas/core/generic.py::4317,0.476190
pandas/core/generic.py::4323,0.476190
pandas/core/generic.py::4327,0.476190
pandas/core/generic.py::4328,0.476190
pandas/core/generic.py::4329,0.476190
pandas/core/generic.py::4330,0.476190
pandas/core/indexes/base.py::2861,0.476190
pandas/core/indexes/base.py::2862,0.476190
pandas/core/indexes/base.py::4269,0.476190
pandas/core/indexes/extension.py::223,0.476190
pandas/core/internals/managers.py::1539,0.476190
pandas/core/algorithms.py::401,0.428070
pandas/core/algorithms.py::406,0.428070
pandas/core/algorithms.py::412,0.428070
pandas/core/algorithms.py::415,0.428070
pandas/core/algorithms.py::418,0.428070
pandas/core/algorithms.py::420,0.428070
pandas/core/algorithms.py::422,0.428070
pandas/core/algorithms.py::423,0.428070
pandas/core/algorithms.py::426,0.428070
pandas/core/algorithms.py::430,0.428070
pandas/core/algorithms.py::432,0.428070
pandas/core/algorithms.py::433,0.428070
pandas/core/algorithms.py::434,0.428070
pandas/core/algorithms.py::435,0.428070
pandas/core/algorithms.py::436,0.428070
pandas/core/algorithms.py::450,0.428070
pandas/core/arrays/categorical.py::2400,0.428070
pandas/core/arrays/categorical.py::2406,0.428070
pandas/core/arrays/categorical.py::2407,0.428070
pandas/core/arrays/categorical.py::2408,0.428070
pandas/core/arrays/categorical.py::2409,0.428070
pandas/core/arrays/categorical.py::2410,0.428070
pandas/core/frame.py::461,0.428070
pandas/core/frame.py::467,0.428070
pandas/core/frame.py::470,0.428070
pandas/core/indexes/base.py::4831,0.428070
pandas/core/indexes/base.py::4833,0.428070
pandas/core/indexes/category.py::295,0.428070
pandas/core/indexes/category.py::296,0.428070
pandas/core/indexes/category.py::298,0.428070
pandas/core/indexes/category.py::299,0.428070
pandas/core/internals/construction.py::207,0.428070
pandas/core/internals/construction.py::287,0.428070
pandas/core/internals/construction.py::288,0.428070
pandas/core/internals/construction.py::293,0.428070
pandas/core/internals/managers.py::209,0.428070
pandas/core/internals/managers.py::210,0.428070
pandas/core/internals/managers.py::211,0.428070
pandas/core/arrays/categorical.py::1480,0.392235
pandas/core/arrays/categorical.py::1482,0.392235
pandas/core/arrays/numpy_.py::439,0.392235
pandas/core/arrays/numpy_.py::441,0.392235
pandas/core/arrays/numpy_.py::444,0.392235
pandas/core/arrays/numpy_.py::447,0.392235
pandas/core/construction.py::383,0.392235
pandas/core/indexes/base.py::523,0.392235
pandas/core/indexes/base.py::524,0.392235
pandas/core/indexes/base.py::525,0.392235
pandas/core/indexes/base.py::526,0.392235
pandas/core/indexes/base.py::529,0.392235
pandas/core/indexes/base.py::534,0.392235
pandas/core/algorithms.py::1604,0.364199
pandas/core/algorithms.py::1605,0.364199
pandas/core/arrays/categorical.py::1478,0.364199
pandas/core/generic.py::3278,0.364199
pandas/core/internals/managers.py::203,0.364199
pandas/core/internals/managers.py::206,0.364199
pandas/core/indexes/extension.py::251,0.341480
pandas/core/indexes/extension.py::252,0.341480
pandas/core/indexes/extension.py::254,0.341480
pandas/core/indexes/extension.py::255,0.341480
pandas/core/indexes/extension.py::256,0.341480
pandas/core/indexes/extension.py::257,0.341480
pandas/core/indexes/extension.py::258,0.341480
pandas/core/indexes/extension.py::259,0.341480
pandas/core/indexes/extension.py::261,0.341480
pandas/core/generic.py::3248,0.322581
pandas/core/generic.py::3256,0.322581
pandas/core/generic.py::3258,0.322581
pandas/core/generic.py::3260,0.322581
pandas/core/generic.py::3261,0.322581
pandas/core/generic.py::3263,0.322581
pandas/core/generic.py::3275,0.322581
pandas/core/generic.py::3277,0.322581
pandas/core/generic.py::3279,0.322581
pandas/core/internals/managers.py::1336,0.322581
pandas/core/internals/managers.py::1339,0.322581
pandas/core/internals/managers.py::1340,0.322581
pandas/core/internals/managers.py::1343,0.322581
pandas/core/internals/managers.py::1344,0.322581
pandas/core/internals/managers.py::1345,0.322581
pandas/core/internals/managers.py::1347,0.322581
pandas/core/internals/managers.py::1348,0.322581
pandas/core/internals/managers.py::1351,0.322581
pandas/core/internals/managers.py::1352,0.322581
pandas/core/internals/managers.py::1353,0.322581
pandas/core/indexers.py::199,0.306534
pandas/core/indexers.py::206,0.306534
pandas/core/indexers.py::207,0.306534
pandas/core/indexers.py::211,0.306534
pandas/core/indexers.py::212,0.306534
pandas/core/indexers.py::214,0.306534
pandas/core/indexes/base.py::735,0.306534
pandas/core/indexes/base.py::738,0.306534
pandas/core/indexes/base.py::748,0.306534
pandas/core/indexes/base.py::749,0.306534
pandas/core/arrays/categorical.py::1838,0.292687
pandas/core/arrays/categorical.py::1840,0.292687
pandas/core/arrays/categorical.py::1842,0.292687
pandas/core/arrays/categorical.py::1843,0.292687
pandas/core/arrays/categorical.py::1855,0.292687
pandas/core/arrays/categorical.py::1856,0.292687
pandas/core/arrays/categorical.py::1857,0.292687
pandas/core/indexes/base.py::3847,0.292687
pandas/core/indexes/base.py::3848,0.292687
pandas/core/indexes/base.py::3849,0.292687
pandas/core/indexes/base.py::3851,0.292687
pandas/core/indexes/base.py::3852,0.292687
pandas/core/arrays/categorical.py::634,0.280576
pandas/core/arrays/categorical.py::635,0.280576
pandas/core/arrays/categorical.py::637,0.280576
pandas/core/arrays/categorical.py::644,0.280576
pandas/core/arrays/categorical.py::650,0.280576
pandas/core/arrays/categorical.py::651,0.280576
pandas/core/arrays/categorical.py::654,0.280576
pandas/core/arrays/categorical.py::657,0.280576
pandas/core/arrays/numpy_.py::158,0.280576
pandas/core/arrays/numpy_.py::160,0.280576
pandas/core/arrays/numpy_.py::165,0.280576
pandas/core/arrays/numpy_.py::168,0.280576
pandas/core/arrays/numpy_.py::171,0.280576
pandas/core/arrays/numpy_.py::172,0.280576
pandas/core/arrays/numpy_.py::48,0.280576
pandas/core/dtypes/missing.py::445,0.280576
pandas/core/dtypes/missing.py::446,0.280576
pandas/core/dtypes/common.py::1855,0.218716
pandas/core/indexes/base.py::3927,0.208750
pandas/core/indexes/base.py::4240,0.208750
pandas/core/indexes/base.py::4243,0.208750
pandas/core/indexes/base.py::4247,0.208750
pandas/core/indexes/base.py::4253,0.208750
pandas/core/indexes/base.py::4254,0.208750
pandas/core/dtypes/common.py::1700,0.185477
pandas/core/dtypes/common.py::1702,0.185477
pandas/core/util/hashing.py::302,0.173706
pandas/core/util/hashing.py::309,0.173706
pandas/core/util/hashing.py::310,0.173706
pandas/core/indexes/base.py::1162,0.168607
pandas/core/indexes/base.py::1164,0.168607
pandas/core/indexes/base.py::1166,0.168607
pandas/core/indexes/base.py::1167,0.168607
pandas/core/indexes/base.py::1196,0.168607
pandas/core/indexes/base.py::1198,0.168607
pandas/core/indexes/base.py::1203,0.168607
pandas/core/indexes/base.py::1204,0.168607
pandas/core/indexes/base.py::1206,0.168607
pandas/core/indexes/base.py::1266,0.168607
pandas/core/indexes/base.py::1269,0.168607
pandas/core/indexes/base.py::1272,0.168607
pandas/core/indexes/base.py::1275,0.168607
pandas/core/indexes/base.py::1277,0.168607
pandas/core/indexes/base.py::1280,0.168607
pandas/core/indexes/base.py::1283,0.168607
pandas/core/indexes/base.py::1284,0.168607
pandas/core/indexes/base.py::1285,0.168607
pandas/core/indexes/base.py::1286,0.168607
pandas/core/indexes/base.py::821,0.168607
pandas/core/indexes/base.py::824,0.168607
pandas/core/indexes/base.py::826,0.168607
pandas/core/indexes/base.py::827,0.168607
pandas/core/indexes/base.py::829,0.168607
pandas/core/indexes/base.py::831,0.168607
pandas/core/indexes/frozen.py::67,0.168607
pandas/core/indexes/frozen.py::69,0.168607
pandas/core/dtypes/dtypes.py::472,0.163934
pandas/core/algorithms.py::1552,0.157604
pandas/core/algorithms.py::1539,0.153772
pandas/core/algorithms.py::1542,0.153772
pandas/core/algorithms.py::1544,0.153772
pandas/core/algorithms.py::1553,0.153772
pandas/compat/numpy/function.py::56,0.150208
pandas/core/algorithms.py::1612,0.142284
pandas/core/algorithms.py::1613,0.142284
pandas/core/algorithms.py::1614,0.142284
pandas/core/algorithms.py::1615,0.142284
pandas/core/algorithms.py::1622,0.142284
pandas/core/dtypes/cast.py::444,0.142284
pandas/core/dtypes/common.py::1856,0.130722
pandas/core/dtypes/common.py::1859,0.130722
pandas/core/indexes/base.py::1956,0.123457
pandas/core/indexes/base.py::3114,0.123457
pandas/core/arrays/sparse/dtype.py::212,0.121595
pandas/core/arrays/sparse/dtype.py::216,0.121595
pandas/core/arrays/sparse/dtype.py::217,0.121595
pandas/core/arrays/sparse/dtype.py::235,0.121595
pandas/core/dtypes/base.py::243,0.121595
pandas/core/dtypes/base.py::249,0.121595
pandas/core/dtypes/base.py::250,0.121595
pandas/core/dtypes/base.py::251,0.121595
pandas/core/dtypes/dtypes.py::100,0.121595
pandas/core/dtypes/dtypes.py::101,0.121595
pandas/core/dtypes/dtypes.py::102,0.121595
pandas/core/dtypes/dtypes.py::103,0.121595
pandas/core/dtypes/dtypes.py::105,0.121595
pandas/core/dtypes/dtypes.py::1088,0.121595
pandas/core/dtypes/dtypes.py::1093,0.121595
pandas/core/dtypes/dtypes.py::1097,0.121595
pandas/core/dtypes/dtypes.py::1102,0.121595
pandas/core/dtypes/dtypes.py::363,0.121595
pandas/core/dtypes/dtypes.py::367,0.121595
pandas/core/dtypes/dtypes.py::368,0.121595
pandas/core/dtypes/dtypes.py::742,0.121595
pandas/core/dtypes/dtypes.py::747,0.121595
pandas/core/dtypes/dtypes.py::748,0.121595
pandas/core/dtypes/dtypes.py::749,0.121595
pandas/core/dtypes/dtypes.py::759,0.121595
pandas/core/dtypes/dtypes.py::885,0.121595
pandas/core/dtypes/dtypes.py::886,0.121595
pandas/core/dtypes/dtypes.py::887,0.121595
pandas/core/dtypes/dtypes.py::895,0.121595
pandas/core/dtypes/dtypes.py::896,0.121595
pandas/core/dtypes/dtypes.py::899,0.121595
pandas/core/dtypes/dtypes.py::99,0.121595
pandas/core/dtypes/dtypes.py::490,0.120695
pandas/core/dtypes/common.py::1835,0.115687
pandas/core/dtypes/common.py::1836,0.115687
pandas/core/dtypes/common.py::1841,0.115687
pandas/core/dtypes/common.py::1842,0.115687
pandas/core/dtypes/common.py::1852,0.115687
pandas/core/dtypes/dtypes.py::441,0.114912
pandas/core/dtypes/dtypes.py::442,0.114912
pandas/core/dtypes/dtypes.py::445,0.114912
pandas/core/dtypes/cast.py::534,0.111257
pandas/core/util/hashing.py::296,0.109890
pandas/core/indexes/base.py::4677,0.103741
pandas/core/indexes/base.py::4679,0.103741
pandas/core/indexes/base.py::4682,0.103741
pandas/core/dtypes/cast.py::1613,0.102089
pandas/core/dtypes/cast.py::1619,0.102089
pandas/core/dtypes/cast.py::1626,0.102089
pandas/core/dtypes/cast.py::1627,0.102089
pandas/core/dtypes/cast.py::1644,0.102089
pandas/core/dtypes/cast.py::1648,0.102089
pandas/core/generic.py::3511,0.102089
pandas/core/generic.py::3516,0.102089
pandas/core/generic.py::3518,0.102089
pandas/core/indexers.py::107,0.102089
pandas/core/indexers.py::47,0.102089
pandas/core/indexers.py::51,0.102089
pandas/core/indexers.py::67,0.102089
pandas/core/indexers.py::69,0.102089
pandas/core/indexers.py::73,0.102089
pandas/core/indexing.py::1564,0.102089
pandas/core/indexing.py::1565,0.102089
pandas/core/indexing.py::1572,0.102089
pandas/core/indexing.py::1573,0.102089
pandas/core/indexing.py::1574,0.102089
pandas/core/indexing.py::1638,0.102089
pandas/core/indexing.py::1641,0.102089
pandas/core/indexing.py::1769,0.102089
pandas/core/indexing.py::1788,0.102089
pandas/core/indexing.py::1794,0.102089
pandas/core/indexing.py::1798,0.102089
pandas/core/indexing.py::1801,0.102089
pandas/core/indexing.py::1802,0.102089
pandas/core/indexing.py::1803,0.102089
pandas/core/indexing.py::2181,0.102089
pandas/core/indexing.py::598,0.102089
pandas/core/indexing.py::599,0.102089
pandas/core/indexing.py::617,0.102089
pandas/core/indexing.py::674,0.102089
pandas/core/indexing.py::675,0.102089
pandas/core/indexing.py::685,0.102089
pandas/core/indexing.py::686,0.102089
pandas/core/indexing.py::688,0.102089
pandas/core/indexing.py::689,0.102089
pandas/core/indexing.py::690,0.102089
pandas/core/internals/blocks.py::823,0.102089
pandas/core/internals/blocks.py::825,0.102089
pandas/core/internals/blocks.py::829,0.102089
pandas/core/internals/blocks.py::834,0.102089
pandas/core/internals/blocks.py::835,0.102089
pandas/core/internals/blocks.py::838,0.102089
pandas/core/internals/blocks.py::839,0.102089
pandas/core/internals/blocks.py::860,0.102089
pandas/core/internals/blocks.py::865,0.102089
pandas/core/internals/blocks.py::868,0.102089
pandas/core/internals/blocks.py::872,0.102089
pandas/core/internals/blocks.py::873,0.102089
pandas/core/internals/blocks.py::876,0.102089
pandas/core/internals/blocks.py::878,0.102089
pandas/core/internals/blocks.py::882,0.102089
pandas/core/internals/blocks.py::886,0.102089
pandas/core/internals/blocks.py::892,0.102089
pandas/core/internals/blocks.py::903,0.102089
pandas/core/internals/blocks.py::913,0.102089
pandas/core/internals/blocks.py::915,0.102089
pandas/core/internals/blocks.py::916,0.102089
pandas/core/internals/blocks.py::917,0.102089
pandas/core/internals/blocks.py::918,0.102089
pandas/core/internals/managers.py::540,0.102089
pandas/core/dtypes/dtypes.py::480,0.101556
pandas/core/dtypes/dtypes.py::484,0.101556
pandas/core/dtypes/dtypes.py::485,0.101556
pandas/core/dtypes/dtypes.py::491,0.101556
pandas/core/dtypes/dtypes.py::492,0.101556
pandas/core/generic.py::3136,0.101556
pandas/core/generic.py::3137,0.101556
pandas/core/generic.py::3154,0.101556
pandas/core/generic.py::3155,0.101556
pandas/core/generic.py::3157,0.101556
pandas/core/generic.py::3158,0.101556
pandas/core/generic.py::5170,0.101556
pandas/core/generic.py::5171,0.101556
pandas/core/indexes/base.py::592,0.101556
pandas/core/indexes/category.py::269,0.101556
pandas/core/indexing.py::1145,0.101556
pandas/core/indexing.py::1147,0.101556
pandas/core/indexing.py::1150,0.101556
pandas/core/indexing.py::1152,0.101556
pandas/core/indexing.py::1153,0.101556
pandas/core/indexing.py::1160,0.101556
pandas/core/indexing.py::1161,0.101556
pandas/core/indexing.py::1163,0.101556
pandas/core/indexing.py::1167,0.101556
pandas/core/indexing.py::1168,0.101556
pandas/core/indexing.py::1181,0.101556
pandas/core/indexing.py::1189,0.101556
pandas/core/indexing.py::1192,0.101556
pandas/core/indexing.py::1545,0.101556
pandas/core/indexing.py::1547,0.101556
pandas/core/indexing.py::1550,0.101556
pandas/core/indexing.py::1554,0.101556
pandas/core/indexing.py::1555,0.101556
pandas/core/indexing.py::1556,0.101556
pandas/core/indexing.py::1557,0.101556
pandas/core/indexing.py::1558,0.101556
pandas/core/indexing.py::1563,0.101556
pandas/core/indexing.py::1571,0.101556
pandas/core/indexing.py::1631,0.101556
pandas/core/indexing.py::1633,0.101556
pandas/core/indexing.py::2172,0.101556
pandas/core/indexing.py::2217,0.101556
pandas/core/indexing.py::2218,0.101556
pandas/core/indexing.py::585,0.101556
pandas/core/indexing.py::588,0.101556
pandas/core/indexing.py::590,0.101556
pandas/core/indexing.py::597,0.101556
pandas/core/indexing.py::603,0.101556
pandas/core/indexing.py::606,0.101556
pandas/core/indexing.py::607,0.101556
pandas/core/indexing.py::616,0.101556
pandas/core/indexing.py::619,0.101556
pandas/core/indexing.py::620,0.101556
pandas/core/indexing.py::621,0.101556
pandas/core/indexing.py::623,0.101556
pandas/core/indexing.py::624,0.101556
pandas/core/indexing.py::881,0.101556
pandas/core/internals/managers.py::641,0.101556
pandas/core/internals/managers.py::642,0.101556
pandas/core/util/hashing.py::272,0.101556
pandas/core/util/hashing.py::274,0.101556
pandas/core/util/hashing.py::279,0.101556
pandas/core/util/hashing.py::281,0.101556
pandas/core/util/hashing.py::287,0.101556
pandas/core/util/hashing.py::292,0.101556
pandas/core/util/hashing.py::294,0.101556
pandas/core/util/hashing.py::318,0.101556
pandas/core/util/hashing.py::319,0.101556
pandas/core/util/hashing.py::320,0.101556
pandas/core/util/hashing.py::321,0.101556
pandas/core/util/hashing.py::322,0.101556
pandas/core/util/hashing.py::323,0.101556
pandas/core/util/hashing.py::39,0.101556
pandas/core/util/hashing.py::40,0.101556
pandas/core/util/hashing.py::44,0.101556
pandas/core/util/hashing.py::46,0.101556
pandas/core/util/hashing.py::47,0.101556
pandas/core/util/hashing.py::48,0.101556
pandas/core/util/hashing.py::49,0.101556
pandas/core/util/hashing.py::50,0.101556
pandas/core/util/hashing.py::51,0.101556
pandas/core/util/hashing.py::52,0.101556
pandas/core/util/hashing.py::53,0.101556
pandas/core/util/hashing.py::54,0.101556
pandas/core/util/hashing.py::55,0.101556
pandas/core/arrays/categorical.py::334,0.101031
pandas/core/arrays/categorical.py::375,0.101031
pandas/core/arrays/categorical.py::377,0.101031
pandas/core/arrays/categorical.py::378,0.101031
pandas/core/indexes/base.py::1717,0.101031
pandas/core/internals/construction.py::423,0.101031
pandas/core/generic.py::3551,0.100514
pandas/core/generic.py::3552,0.100514
pandas/core/indexes/category.py::602,0.100514
pandas/core/indexes/category.py::603,0.100514
pandas/core/internals/construction.py::428,0.100514
pandas/core/arrays/categorical.py::2295,0.100005
pandas/core/arrays/categorical.py::2613,0.100005
pandas/core/construction.py::541,0.100005
pandas/core/construction.py::542,0.100005
pandas/core/generic.py::3655,0.100005
pandas/core/indexes/category.py::288,0.100005
pandas/core/indexes/category.py::289,0.100005
pandas/core/indexes/category.py::290,0.100005
pandas/core/indexes/category.py::600,0.100005
pandas/core/indexes/category.py::601,0.100005
pandas/core/internals/blocks.py::179,0.100005
pandas/core/internals/construction.py::125,0.100005
pandas/core/internals/construction.py::140,0.100005
pandas/core/internals/construction.py::141,0.100005
pandas/core/internals/construction.py::152,0.100005
pandas/core/internals/construction.py::168,0.100005
pandas/core/internals/construction.py::170,0.100005
pandas/core/internals/construction.py::180,0.100005
pandas/core/internals/construction.py::181,0.100005
pandas/core/internals/construction.py::186,0.100005
pandas/core/internals/construction.py::209,0.100005
pandas/core/internals/construction.py::260,0.100005
pandas/core/internals/construction.py::291,0.100005
pandas/core/internals/construction.py::296,0.100005
pandas/core/internals/construction.py::420,0.100005
pandas/core/internals/construction.py::425,0.100005
pandas/core/internals/construction.py::429,0.100005
pandas/core/internals/managers.py::1605,0.100005
pandas/core/internals/managers.py::1606,0.100005
pandas/core/internals/managers.py::1608,0.100005
pandas/core/internals/managers.py::1615,0.100005
pandas/core/internals/managers.py::1618,0.100005
pandas/core/internals/managers.py::1619,0.100005
pandas/core/internals/managers.py::1620,0.100005
pandas/core/internals/managers.py::658,0.100005
pandas/core/internals/managers.py::659,0.100005
pandas/core/arrays/categorical.py::1282,0.099504
pandas/core/arrays/categorical.py::1287,0.099504
pandas/core/arrays/categorical.py::2292,0.099504
pandas/core/arrays/categorical.py::2293,0.099504
pandas/core/arrays/categorical.py::2300,0.099504
pandas/core/arrays/categorical.py::2316,0.099504
pandas/core/arrays/categorical.py::2317,0.099504
pandas/core/arrays/categorical.py::2608,0.099504
pandas/core/arrays/categorical.py::2611,0.099504
pandas/core/dtypes/dtypes.py::395,0.099504
pandas/core/dtypes/dtypes.py::401,0.099504
pandas/core/dtypes/dtypes.py::457,0.099504
pandas/core/dtypes/dtypes.py::462,0.099504
pandas/core/dtypes/dtypes.py::464,0.099504
pandas/core/dtypes/dtypes.py::471,0.099504
pandas/core/frame.py::442,0.099504
pandas/core/frame.py::460,0.099504
pandas/core/generic.py::3405,0.099504
pandas/core/indexes/category.py::268,0.099504
pandas/core/indexes/category.py::271,0.099504
pandas/core/indexes/category.py::273,0.099504
pandas/core/indexes/category.py::274,0.099504
pandas/core/indexes/category.py::287,0.099504
pandas/core/indexes/category.py::304,0.099504
pandas/core/indexes/category.py::316,0.099504
pandas/core/indexes/category.py::319,0.099504
pandas/core/indexes/category.py::322,0.099504
pandas/core/indexes/category.py::323,0.099504
pandas/core/indexes/category.py::324,0.099504
pandas/core/indexes/category.py::326,0.099504
pandas/core/indexes/category.py::443,0.099504
pandas/core/indexes/category.py::444,0.099504
pandas/core/indexes/category.py::445,0.099504
pandas/core/generic.py::3397,0.099010
pandas/core/generic.py::3399,0.099010
pandas/core/generic.py::3400,0.099010
pandas/core/generic.py::3403,0.099010
pandas/core/indexing.py::1022,0.099010
pandas/core/indexing.py::1025,0.099010
pandas/core/series.py::238,0.099010
pandas/core/series.py::259,0.099010
pandas/core/algorithms.py::1436,0.098523
pandas/core/construction.py::396,0.098523
pandas/core/dtypes/cast.py::1224,0.098523
pandas/core/dtypes/cast.py::1227,0.098523
pandas/core/dtypes/cast.py::1228,0.098523
pandas/core/dtypes/cast.py::1229,0.098523
pandas/core/dtypes/cast.py::1231,0.098523
pandas/core/dtypes/cast.py::1310,0.098523
pandas/core/generic.py::256,0.098523
pandas/core/generic.py::257,0.098523
pandas/core/generic.py::260,0.098523
pandas/core/generic.py::266,0.098523
pandas/core/generic.py::3380,0.098523
pandas/core/generic.py::3381,0.098523
pandas/core/generic.py::3382,0.098523
pandas/core/generic.py::3394,0.098523
pandas/core/indexing.py::1016,0.098523
pandas/core/indexing.py::1106,0.098523
pandas/core/indexing.py::1107,0.098523
pandas/core/indexing.py::877,0.098523
pandas/core/indexing.py::878,0.098523
pandas/_testing.py::713,0.098044
pandas/core/generic.py::3494,0.098044
pandas/core/generic.py::3497,0.098044
pandas/core/generic.py::3498,0.098044
pandas/core/indexes/base.py::3086,0.098044
pandas/core/indexes/base.py::3088,0.098044
pandas/core/indexes/base.py::3095,0.098044
pandas/core/indexes/base.py::3099,0.098044
pandas/core/indexes/base.py::3113,0.098044
pandas/core/indexes/base.py::3117,0.098044
pandas/core/indexes/category.py::367,0.098044
pandas/core/indexing.py::1055,0.098044
pandas/core/indexing.py::1057,0.098044
pandas/core/indexing.py::873,0.098044
pandas/core/indexing.py::876,0.098044
pandas/core/internals/blocks.py::1282,0.098044
pandas/core/internals/blocks.py::1283,0.098044
pandas/core/internals/blocks.py::1293,0.098044
pandas/core/internals/managers.py::1221,0.098044
pandas/core/internals/managers.py::1228,0.098044
pandas/core/algorithms.py::1627,0.097572
pandas/core/algorithms.py::1630,0.097572
pandas/core/algorithms.py::1631,0.097572
pandas/core/algorithms.py::1632,0.097572
pandas/core/algorithms.py::1648,0.097572
pandas/core/algorithms.py::1656,0.097572
pandas/core/dtypes/cast.py::452,0.097572
pandas/core/dtypes/cast.py::531,0.097572
pandas/core/dtypes/missing.py::449,0.097572
pandas/core/dtypes/missing.py::450,0.097572
pandas/core/dtypes/missing.py::453,0.097572
pandas/core/dtypes/missing.py::456,0.097572
pandas/core/dtypes/missing.py::460,0.097572
pandas/core/dtypes/missing.py::461,0.097572
pandas/core/dtypes/missing.py::470,0.097572
pandas/core/indexes/base.py::3075,0.097572
pandas/core/indexes/base.py::5514,0.097572
pandas/core/indexes/base.py::5517,0.097572
pandas/core/indexes/base.py::5519,0.097572
pandas/core/indexes/base.py::5524,0.097572
pandas/core/indexes/category.py::245,0.097572
pandas/core/indexing.py::1045,0.097572
pandas/core/indexing.py::1046,0.097572
pandas/core/indexing.py::1049,0.097572
pandas/core/indexing.py::1050,0.097572
pandas/core/indexing.py::1052,0.097572
pandas/core/indexing.py::870,0.097572
pandas/core/series.py::233,0.097572
pandas/core/series.py::307,0.097572
pandas/core/series.py::308,0.097572
pandas/core/algorithms.py::1434,0.097106
pandas/core/algorithms.py::1435,0.097106
pandas/core/algorithms.py::1626,0.097106
pandas/core/dtypes/cast.py::446,0.097106
pandas/core/internals/blocks.py::1276,0.097106
pandas/core/internals/blocks.py::1278,0.097106
pandas/core/internals/blocks.py::1285,0.097106
pandas/core/internals/blocks.py::1286,0.097106
pandas/core/internals/blocks.py::1291,0.097106
pandas/core/internals/blocks.py::1292,0.097106
pandas/core/internals/blocks.py::1295,0.097106
pandas/core/internals/blocks.py::1298,0.097106
pandas/core/internals/blocks.py::244,0.097106
pandas/_testing.py::631,0.096647
pandas/core/arrays/categorical.py::1998,0.096647
pandas/core/arrays/categorical.py::1999,0.096647
pandas/core/arrays/categorical.py::2002,0.096647
pandas/core/generic.py::5132,0.096647
pandas/core/generic.py::5133,0.096647
pandas/core/generic.py::5134,0.096647
pandas/core/generic.py::5136,0.096647
pandas/core/generic.py::5141,0.096647
pandas/core/generic.py::5142,0.096647
pandas/core/generic.py::5144,0.096647
pandas/core/indexes/base.py::1682,0.096647
pandas/core/indexes/base.py::2928,0.096647
pandas/core/indexes/base.py::2929,0.096647
pandas/core/indexes/base.py::2930,0.096647
pandas/core/indexes/base.py::2936,0.096647
pandas/core/indexes/base.py::2939,0.096647
pandas/core/indexes/base.py::2940,0.096647
pandas/core/indexes/base.py::2945,0.096647
pandas/core/indexes/base.py::2952,0.096647
pandas/core/indexes/base.py::2957,0.096647
pandas/core/indexes/base.py::2959,0.096647
pandas/core/indexes/base.py::2962,0.096647
pandas/core/indexes/base.py::2967,0.096647
pandas/core/indexes/base.py::2973,0.096647
pandas/core/indexes/base.py::2975,0.096647
pandas/core/indexes/base.py::5528,0.096647
pandas/core/indexing.py::468,0.096647
pandas/core/indexing.py::825,0.096647
pandas/core/indexing.py::827,0.096647
pandas/core/indexing.py::828,0.096647
pandas/core/internals/managers.py::1199,0.096647
pandas/core/internals/managers.py::1208,0.096647
pandas/core/internals/managers.py::1211,0.096647
pandas/core/internals/managers.py::1214,0.096647
pandas/core/internals/managers.py::1217,0.096647
pandas/core/internals/managers.py::1231,0.096647
pandas/core/internals/managers.py::1232,0.096647
pandas/core/internals/managers.py::1233,0.096647
pandas/core/internals/managers.py::899,0.096647
pandas/core/internals/managers.py::900,0.096647
pandas/_testing.py::1327,0.096194
pandas/_testing.py::1330,0.096194
pandas/_testing.py::1332,0.096194
pandas/_testing.py::1333,0.096194
pandas/_testing.py::1337,0.096194
pandas/_testing.py::1342,0.096194
pandas/_testing.py::1346,0.096194
pandas/_testing.py::1347,0.096194
pandas/_testing.py::1348,0.096194
pandas/_testing.py::1349,0.096194
pandas/_testing.py::1350,0.096194
pandas/_testing.py::1351,0.096194
pandas/_testing.py::1352,0.096194
pandas/_testing.py::1353,0.096194
pandas/_testing.py::1354,0.096194
pandas/_testing.py::1358,0.096194
pandas/_testing.py::1359,0.096194
pandas/_testing.py::1360,0.096194
pandas/_testing.py::1361,0.096194
pandas/_testing.py::1362,0.096194
pandas/_testing.py::1363,0.096194
pandas/_testing.py::1364,0.096194
pandas/_testing.py::1365,0.096194
pandas/_testing.py::1366,0.096194
pandas/_testing.py::1370,0.096194
pandas/_testing.py::1382,0.096194
pandas/_testing.py::1383,0.096194
pandas/_testing.py::1384,0.096194
pandas/_testing.py::1385,0.096194
pandas/_testing.py::1386,0.096194
pandas/_testing.py::1387,0.096194
pandas/_testing.py::1388,0.096194
pandas/_testing.py::1389,0.096194
pandas/_testing.py::1390,0.096194
pandas/_testing.py::1391,0.096194
pandas/_testing.py::1392,0.096194
pandas/_testing.py::1393,0.096194
pandas/_testing.py::1394,0.096194
pandas/_testing.py::1395,0.096194
pandas/_testing.py::1396,0.096194
pandas/_testing.py::633,0.096194
pandas/_testing.py::838,0.096194
pandas/_testing.py::840,0.096194
pandas/_testing.py::841,0.096194
pandas/_testing.py::842,0.096194
pandas/_testing.py::843,0.096194
pandas/_testing.py::857,0.096194
pandas/core/common.py::283,0.096194
pandas/core/common.py::284,0.096194
pandas/core/common.py::285,0.096194
pandas/core/common.py::286,0.096194
pandas/core/dtypes/dtypes.py::420,0.096194
pandas/core/dtypes/dtypes.py::422,0.096194
pandas/core/dtypes/dtypes.py::429,0.096194
pandas/core/frame.py::558,0.096194
pandas/core/generic.py::1732,0.096194
pandas/core/generic.py::378,0.096194
pandas/core/generic.py::379,0.096194
pandas/core/generic.py::380,0.096194
pandas/core/generic.py::381,0.096194
pandas/core/generic.py::442,0.096194
pandas/core/indexes/base.py::1970,0.096194
pandas/core/indexes/category.py::372,0.096194
pandas/core/indexing.py::1344,0.096194
pandas/core/indexing.py::1345,0.096194
pandas/core/indexing.py::1346,0.096194
pandas/core/indexing.py::1347,0.096194
pandas/core/indexing.py::1410,0.096194
pandas/core/indexing.py::1413,0.096194
pandas/core/indexing.py::1414,0.096194
pandas/core/indexing.py::1415,0.096194
pandas/core/indexing.py::1443,0.096194
pandas/core/indexing.py::1444,0.096194
pandas/core/indexing.py::1445,0.096194
pandas/core/indexing.py::2235,0.096194
pandas/core/indexing.py::652,0.096194
pandas/core/indexing.py::653,0.096194
pandas/core/indexing.py::655,0.096194
pandas/core/indexing.py::656,0.096194
pandas/core/indexing.py::669,0.096194
pandas/core/indexing.py::671,0.096194
pandas/core/indexing.py::714,0.096194
pandas/core/indexing.py::719,0.096194
pandas/core/indexing.py::723,0.096194
pandas/core/indexing.py::726,0.096194
pandas/core/indexing.py::731,0.096194
pandas/core/indexing.py::734,0.096194
pandas/core/indexing.py::735,0.096194
pandas/core/indexing.py::736,0.096194
pandas/core/indexing.py::739,0.096194
pandas/core/indexing.py::742,0.096194
pandas/core/indexing.py::751,0.096194
pandas/core/indexing.py::753,0.096194
pandas/core/indexing.py::754,0.096194
pandas/core/indexing.py::758,0.096194
pandas/core/indexing.py::759,0.096194
pandas/core/indexing.py::822,0.096194
pandas/core/internals/blocks.py::240,0.096194
pandas/core/internals/blocks.py::280,0.096194
pandas/core/missing.py::602,0.096194
pandas/core/missing.py::75,0.096194
pandas/core/missing.py::76,0.096194
pandas/_testing.py::1116,0.095748
pandas/_testing.py::1119,0.095748
pandas/_testing.py::1121,0.095748
pandas/_testing.py::1124,0.095748
pandas/_testing.py::1128,0.095748
pandas/_testing.py::1134,0.095748
pandas/_testing.py::1135,0.095748
pandas/_testing.py::1136,0.095748
pandas/_testing.py::1137,0.095748
pandas/_testing.py::1138,0.095748
pandas/_testing.py::1139,0.095748
pandas/_testing.py::1140,0.095748
pandas/_testing.py::1141,0.095748
pandas/_testing.py::1142,0.095748
pandas/_testing.py::1145,0.095748
pandas/_testing.py::1150,0.095748
pandas/_testing.py::1156,0.095748
pandas/_testing.py::1158,0.095748
pandas/_testing.py::1165,0.095748
pandas/_testing.py::1185,0.095748
pandas/_testing.py::1187,0.095748
pandas/_testing.py::1193,0.095748
pandas/_testing.py::1200,0.095748
pandas/_testing.py::1201,0.095748
pandas/_testing.py::1202,0.095748
pandas/_testing.py::1203,0.095748
pandas/_testing.py::1204,0.095748
pandas/_testing.py::1205,0.095748
pandas/_testing.py::1209,0.095748
pandas/_testing.py::1210,0.095748
pandas/_testing.py::1212,0.095748
pandas/_testing.py::1213,0.095748
pandas/_testing.py::688,0.095748
pandas/_testing.py::693,0.095748
pandas/_testing.py::694,0.095748
pandas/_testing.py::695,0.095748
pandas/_testing.py::696,0.095748
pandas/_testing.py::697,0.095748
pandas/_testing.py::698,0.095748
pandas/_testing.py::699,0.095748
pandas/_testing.py::700,0.095748
pandas/core/arrays/categorical.py::1279,0.095748
pandas/core/arrays/categorical.py::1280,0.095748
pandas/core/arrays/categorical.py::1997,0.095748
pandas/core/dtypes/cast.py::440,0.095748
pandas/core/dtypes/cast.py::443,0.095748
pandas/core/frame.py::2466,0.095748
pandas/core/frame.py::2482,0.095748
pandas/core/frame.py::2484,0.095748
pandas/core/frame.py::2485,0.095748
pandas/core/frame.py::2488,0.095748
pandas/core/frame.py::2490,0.095748
pandas/core/frame.py::536,0.095748
pandas/core/generic.py::347,0.095748
pandas/core/generic.py::348,0.095748
pandas/core/generic.py::349,0.095748
pandas/core/generic.py::350,0.095748
pandas/core/indexing.py::1330,0.095748
pandas/core/indexing.py::1435,0.095748
pandas/core/indexing.py::1436,0.095748
pandas/core/indexing.py::1491,0.095748
pandas/core/indexing.py::1492,0.095748
pandas/core/indexing.py::1496,0.095748
pandas/core/indexing.py::1498,0.095748
pandas/core/indexing.py::815,0.095748
pandas/core/indexing.py::816,0.095748
pandas/core/internals/blocks.py::358,0.095748
pandas/core/internals/managers.py::1532,0.095748
pandas/core/internals/managers.py::294,0.095748
pandas/core/series.py::541,0.095748
pandas/core/series.py::563,0.095748
pandas/core/arrays/categorical.py::441,0.095308
pandas/core/common.py::122,0.095308
pandas/core/common.py::135,0.095308
pandas/core/dtypes/missing.py::443,0.095308
pandas/core/indexes/base.py::5505,0.095308
pandas/core/indexes/base.py::5508,0.095308
pandas/core/indexes/base.py::5513,0.095308
pandas/core/indexes/base.py::5533,0.095308
pandas/core/indexing.py::1475,0.095308
pandas/core/indexing.py::1478,0.095308
pandas/core/indexing.py::1481,0.095308
pandas/core/indexing.py::1486,0.095308
pandas/core/indexing.py::228,0.095308
pandas/_testing.py::619,0.094874
pandas/_testing.py::621,0.094874
pandas/_testing.py::622,0.094874
pandas/_testing.py::623,0.094874
pandas/_testing.py::626,0.094874
pandas/_testing.py::627,0.094874
pandas/_testing.py::630,0.094874
pandas/_testing.py::635,0.094874
pandas/_testing.py::644,0.094874
pandas/_testing.py::647,0.094874
pandas/_testing.py::650,0.094874
pandas/_testing.py::657,0.094874
pandas/_testing.py::664,0.094874
pandas/_testing.py::687,0.094874
pandas/_testing.py::704,0.094874
pandas/_testing.py::705,0.094874
pandas/_testing.py::706,0.094874
pandas/_testing.py::708,0.094874
pandas/_testing.py::711,0.094874
pandas/_testing.py::712,0.094874
pandas/_testing.py::733,0.094874
pandas/_testing.py::767,0.094874
pandas/_testing.py::775,0.094874
pandas/_testing.py::776,0.094874
pandas/_testing.py::780,0.094874
pandas/_testing.py::783,0.094874
pandas/_testing.py::784,0.094874
pandas/core/common.py::142,0.094874
pandas/core/dtypes/inference.py::68,0.094874
pandas/core/generic.py::360,0.094874
pandas/core/generic.py::361,0.094874
pandas/core/generic.py::365,0.094874
pandas/core/generic.py::366,0.094874
pandas/core/generic.py::372,0.094874
pandas/core/generic.py::373,0.094874
pandas/core/indexers.py::36,0.094874
pandas/core/indexes/base.py::1178,0.094874
pandas/core/indexes/frozen.py::77,0.094874
pandas/core/indexes/frozen.py::78,0.094874
pandas/core/indexes/frozen.py::79,0.094874
pandas/core/indexing.py::814,0.094874
pandas/core/base.py::1050,0.094446
pandas/core/base.py::1054,0.094446
pandas/_testing.py::1000,0.094023
pandas/_testing.py::1003,0.094023
pandas/_testing.py::1004,0.094023
pandas/_testing.py::1005,0.094023
pandas/_testing.py::739,0.094023
pandas/_testing.py::740,0.094023
pandas/_testing.py::959,0.094023
pandas/_testing.py::963,0.094023
pandas/_testing.py::965,0.094023
pandas/_testing.py::967,0.094023
pandas/_testing.py::968,0.094023
pandas/_testing.py::970,0.094023
pandas/_testing.py::971,0.094023
pandas/_testing.py::973,0.094023
pandas/_testing.py::976,0.094023
pandas/_testing.py::980,0.094023
pandas/core/algorithms.py::1433,0.093607
pandas/core/algorithms.py::1646,0.093607
pandas/core/dtypes/inference.py::214,0.093607
pandas/_testing.py::382,0.093195
pandas/_testing.py::384,0.093195
pandas/_testing.py::388,0.093195
pandas/_testing.py::720,0.093195
pandas/_testing.py::722,0.093195
pandas/_testing.py::732,0.093195
pandas/_testing.py::759,0.093195
pandas/_testing.py::761,0.093195
pandas/_testing.py::762,0.093195
pandas/_testing.py::764,0.093195
pandas/_testing.py::765,0.093195
pandas/core/algorithms.py::1430,0.093195
pandas/core/algorithms.py::1431,0.093195
pandas/core/algorithms.py::1432,0.093195
pandas/core/algorithms.py::1439,0.093195
pandas/core/algorithms.py::1440,0.093195
pandas/core/algorithms.py::1590,0.093195
pandas/core/algorithms.py::1592,0.093195
pandas/core/algorithms.py::1595,0.093195
pandas/core/algorithms.py::1596,0.093195
pandas/core/algorithms.py::1598,0.093195
pandas/core/algorithms.py::1602,0.093195
pandas/core/algorithms.py::1603,0.093195
pandas/core/algorithms.py::1609,0.093195
pandas/core/algorithms.py::1610,0.093195
pandas/core/algorithms.py::1624,0.093195
pandas/core/algorithms.py::1625,0.093195
pandas/core/algorithms.py::1629,0.093195
pandas/core/algorithms.py::1637,0.093195
pandas/core/algorithms.py::1638,0.093195
pandas/core/algorithms.py::1639,0.093195
pandas/core/algorithms.py::1640,0.093195
pandas/core/algorithms.py::1641,0.093195
pandas/core/algorithms.py::1650,0.093195
pandas/core/algorithms.py::1651,0.093195
pandas/core/algorithms.py::1653,0.093195
pandas/core/algorithms.py::1655,0.093195
pandas/core/algorithms.py::1657,0.093195
pandas/core/dtypes/cast.py::371,0.093195
pandas/core/dtypes/cast.py::377,0.093195
pandas/core/dtypes/cast.py::395,0.093195
pandas/core/dtypes/cast.py::406,0.093195
pandas/core/dtypes/cast.py::425,0.093195
pandas/core/dtypes/cast.py::436,0.093195
pandas/core/dtypes/cast.py::439,0.093195
pandas/core/dtypes/cast.py::502,0.093195
pandas/core/dtypes/cast.py::504,0.093195
pandas/core/dtypes/cast.py::507,0.093195
pandas/core/dtypes/cast.py::508,0.093195
pandas/core/dtypes/cast.py::528,0.093195
pandas/core/dtypes/cast.py::530,0.093195
pandas/core/dtypes/cast.py::532,0.093195
pandas/core/dtypes/common.py::1243,0.093195
pandas/core/dtypes/common.py::1245,0.093195
pandas/core/dtypes/common.py::1248,0.093195
pandas/core/dtypes/common.py::1254,0.093195
pandas/core/dtypes/common.py::1255,0.093195
pandas/core/dtypes/common.py::1297,0.093195
pandas/core/dtypes/common.py::1298,0.093195
pandas/core/dtypes/missing.py::433,0.093195
pandas/core/dtypes/missing.py::436,0.093195
pandas/core/dtypes/missing.py::441,0.093195
pandas/core/dtypes/missing.py::473,0.093195
pandas/core/dtypes/missing.py::480,0.093195
pandas/core/dtypes/missing.py::484,0.093195
pandas/core/dtypes/missing.py::493,0.093195
pandas/core/dtypes/missing.py::497,0.093195
pandas/core/arrays/categorical.py::422,0.092790
pandas/core/dtypes/common.py::1122,0.092790
pandas/core/dtypes/common.py::1293,0.092790
pandas/core/dtypes/common.py::1296,0.092790
pandas/core/dtypes/common.py::1617,0.092790
pandas/_config/config.py::101,0.092389
pandas/_config/config.py::103,0.092389
pandas/_config/config.py::105,0.092389
pandas/_config/config.py::106,0.092389
pandas/_config/config.py::108,0.092389
pandas/_config/config.py::110,0.092389
pandas/_config/config.py::123,0.092389
pandas/_config/config.py::124,0.092389
pandas/_config/config.py::128,0.092389
pandas/_config/config.py::130,0.092389
pandas/_config/config.py::134,0.092389
pandas/_config/config.py::135,0.092389
pandas/_config/config.py::137,0.092389
pandas/_config/config.py::138,0.092389
pandas/_config/config.py::139,0.092389
pandas/_config/config.py::142,0.092389
pandas/_config/config.py::143,0.092389
pandas/_config/config.py::145,0.092389
pandas/_config/config.py::242,0.092389
pandas/_config/config.py::555,0.092389
pandas/_config/config.py::559,0.092389
pandas/_config/config.py::560,0.092389
pandas/_config/config.py::563,0.092389
pandas/_config/config.py::567,0.092389
pandas/_config/config.py::568,0.092389
pandas/_config/config.py::569,0.092389
pandas/_config/config.py::570,0.092389
pandas/_config/config.py::571,0.092389
pandas/_config/config.py::588,0.092389
pandas/_config/config.py::589,0.092389
pandas/_config/config.py::590,0.092389
pandas/_config/config.py::591,0.092389
pandas/_config/config.py::604,0.092389
pandas/_config/config.py::612,0.092389
pandas/_config/config.py::613,0.092389
pandas/_config/config.py::616,0.092389
pandas/_config/config.py::627,0.092389
pandas/_config/config.py::628,0.092389
pandas/_config/config.py::643,0.092389
pandas/_config/config.py::817,0.092389
pandas/_config/config.py::96,0.092389
pandas/_config/config.py::97,0.092389
pandas/conftest.py::51,0.092389
pandas/conftest.py::54,0.092389
pandas/conftest.py::57,0.092389
pandas/conftest.py::60,0.092389
pandas/conftest.py::63,0.092389
pandas/conftest.py::74,0.092389
pandas/conftest.py::82,0.092389
pandas/conftest.py::83,0.092389
pandas/core/algorithms.py::100,0.092389
pandas/core/algorithms.py::246,0.092389
pandas/core/algorithms.py::249,0.092389
pandas/core/algorithms.py::250,0.092389
pandas/core/algorithms.py::254,0.092389
pandas/core/algorithms.py::256,0.092389
pandas/core/algorithms.py::257,0.092389
pandas/core/algorithms.py::259,0.092389
pandas/core/algorithms.py::275,0.092389
pandas/core/algorithms.py::276,0.092389
pandas/core/algorithms.py::281,0.092389
pandas/core/algorithms.py::282,0.092389
pandas/core/algorithms.py::283,0.092389
pandas/core/algorithms.py::89,0.092389
pandas/core/algorithms.py::91,0.092389
pandas/core/algorithms.py::92,0.092389
pandas/core/algorithms.py::94,0.092389
pandas/core/algorithms.py::95,0.092389
pandas/core/algorithms.py::99,0.092389
pandas/core/arrays/categorical.py::1872,0.092389
pandas/core/arrays/categorical.py::2559,0.092389
pandas/core/arrays/categorical.py::2561,0.092389
pandas/core/arrays/categorical.py::2564,0.092389
pandas/core/arrays/categorical.py::2565,0.092389
pandas/core/arrays/categorical.py::2580,0.092389
pandas/core/arrays/categorical.py::2581,0.092389
pandas/core/arrays/categorical.py::2582,0.092389
pandas/core/arrays/categorical.py::2583,0.092389
pandas/core/arrays/categorical.py::2584,0.092389
pandas/core/arrays/categorical.py::316,0.092389
pandas/core/arrays/categorical.py::317,0.092389
pandas/core/arrays/categorical.py::323,0.092389
pandas/core/arrays/categorical.py::324,0.092389
pandas/core/arrays/categorical.py::325,0.092389
pandas/core/arrays/categorical.py::326,0.092389
pandas/core/arrays/categorical.py::330,0.092389
pandas/core/arrays/categorical.py::333,0.092389
pandas/core/arrays/categorical.py::336,0.092389
pandas/core/arrays/categorical.py::339,0.092389
pandas/core/arrays/categorical.py::340,0.092389
pandas/core/arrays/categorical.py::350,0.092389
pandas/core/arrays/categorical.py::373,0.092389
pandas/core/arrays/categorical.py::382,0.092389
pandas/core/arrays/categorical.py::384,0.092389
pandas/core/arrays/categorical.py::390,0.092389
pandas/core/arrays/categorical.py::391,0.092389
pandas/core/arrays/categorical.py::448,0.092389
pandas/core/arrays/categorical.py::456,0.092389
pandas/core/arrays/categorical.py::470,0.092389
pandas/core/arrays/categorical.py::471,0.092389
pandas/core/arrays/categorical.py::668,0.092389
pandas/core/arrays/categorical.py::669,0.092389
pandas/core/arrays/categorical.py::670,0.092389
pandas/core/base.py::647,0.092389
pandas/core/base.py::876,0.092389
pandas/core/base.py::881,0.092389
pandas/core/common.py::121,0.092389
pandas/core/common.py::124,0.092389
pandas/core/common.py::133,0.092389
pandas/core/common.py::134,0.092389
pandas/core/common.py::158,0.092389
pandas/core/common.py::160,0.092389
pandas/core/common.py::181,0.092389
pandas/core/common.py::215,0.092389
pandas/core/common.py::217,0.092389
pandas/core/common.py::220,0.092389
pandas/core/common.py::221,0.092389
pandas/core/common.py::223,0.092389
pandas/core/common.py::225,0.092389
pandas/core/common.py::228,0.092389
pandas/core/common.py::233,0.092389
pandas/core/common.py::273,0.092389
pandas/core/common.py::275,0.092389
pandas/core/common.py::335,0.092389
pandas/core/common.py::338,0.092389
pandas/core/construction.py::379,0.092389
pandas/core/construction.py::380,0.092389
pandas/core/construction.py::382,0.092389
pandas/core/construction.py::385,0.092389
pandas/core/construction.py::395,0.092389
pandas/core/construction.py::398,0.092389
pandas/core/construction.py::408,0.092389
pandas/core/construction.py::411,0.092389
pandas/core/construction.py::413,0.092389
pandas/core/construction.py::424,0.092389
pandas/core/construction.py::426,0.092389
pandas/core/construction.py::436,0.092389
pandas/core/construction.py::437,0.092389
pandas/core/construction.py::440,0.092389
pandas/core/construction.py::442,0.092389
pandas/core/construction.py::452,0.092389
pandas/core/construction.py::471,0.092389
pandas/core/construction.py::472,0.092389
pandas/core/construction.py::475,0.092389
pandas/core/construction.py::486,0.092389
pandas/core/construction.py::489,0.092389
pandas/core/construction.py::498,0.092389
pandas/core/construction.py::499,0.092389
pandas/core/construction.py::500,0.092389
pandas/core/construction.py::503,0.092389
pandas/core/construction.py::527,0.092389
pandas/core/construction.py::528,0.092389
pandas/core/construction.py::531,0.092389
pandas/core/construction.py::534,0.092389
pandas/core/construction.py::537,0.092389
pandas/core/construction.py::540,0.092389
pandas/core/construction.py::545,0.092389
pandas/core/construction.py::546,0.092389
pandas/core/construction.py::567,0.092389
pandas/core/construction.py::584,0.092389
pandas/core/construction.py::585,0.092389
pandas/core/construction.py::586,0.092389
pandas/core/construction.py::587,0.092389
pandas/core/dtypes/base.py::128,0.092389
pandas/core/dtypes/base.py::278,0.092389
pandas/core/dtypes/base.py::280,0.092389
pandas/core/dtypes/base.py::285,0.092389
pandas/core/dtypes/base.py::286,0.092389
pandas/core/dtypes/base.py::288,0.092389
pandas/core/dtypes/base.py::289,0.092389
pandas/core/dtypes/base.py::290,0.092389
pandas/core/dtypes/base.py::295,0.092389
pandas/core/dtypes/cast.py::1100,0.092389
pandas/core/dtypes/cast.py::1101,0.092389
pandas/core/dtypes/cast.py::1103,0.092389
pandas/core/dtypes/cast.py::1106,0.092389
pandas/core/dtypes/cast.py::1127,0.092389
pandas/core/dtypes/cast.py::1128,0.092389
pandas/core/dtypes/cast.py::1131,0.092389
pandas/core/dtypes/cast.py::1135,0.092389
pandas/core/dtypes/cast.py::1137,0.092389
pandas/core/dtypes/cast.py::1139,0.092389
pandas/core/dtypes/cast.py::1142,0.092389
pandas/core/dtypes/cast.py::1143,0.092389
pandas/core/dtypes/cast.py::1145,0.092389
pandas/core/dtypes/cast.py::1146,0.092389
pandas/core/dtypes/cast.py::1149,0.092389
pandas/core/dtypes/cast.py::1152,0.092389
pandas/core/dtypes/cast.py::1177,0.092389
pandas/core/dtypes/cast.py::1188,0.092389
pandas/core/dtypes/cast.py::1190,0.092389
pandas/core/dtypes/cast.py::1192,0.092389
pandas/core/dtypes/cast.py::1194,0.092389
pandas/core/dtypes/cast.py::1196,0.092389
pandas/core/dtypes/cast.py::1212,0.092389
pandas/core/dtypes/cast.py::1220,0.092389
pandas/core/dtypes/cast.py::1221,0.092389
pandas/core/dtypes/cast.py::1223,0.092389
pandas/core/dtypes/cast.py::1322,0.092389
pandas/core/dtypes/cast.py::1326,0.092389
pandas/core/dtypes/cast.py::1339,0.092389
pandas/core/dtypes/cast.py::1341,0.092389
pandas/core/dtypes/cast.py::1344,0.092389
pandas/core/dtypes/cast.py::1346,0.092389
pandas/core/dtypes/cast.py::1483,0.092389
pandas/core/dtypes/cast.py::1484,0.092389
pandas/core/dtypes/cast.py::1485,0.092389
pandas/core/dtypes/cast.py::1512,0.092389
pandas/core/dtypes/cast.py::1514,0.092389
pandas/core/dtypes/cast.py::1526,0.092389
pandas/core/dtypes/cast.py::1571,0.092389
pandas/core/dtypes/cast.py::1572,0.092389
pandas/core/dtypes/cast.py::1575,0.092389
pandas/core/dtypes/cast.py::1582,0.092389
pandas/core/dtypes/cast.py::1583,0.092389
pandas/core/dtypes/cast.py::765,0.092389
pandas/core/dtypes/cast.py::766,0.092389
pandas/core/dtypes/cast.py::767,0.092389
pandas/core/dtypes/cast.py::81,0.092389
pandas/core/dtypes/cast.py::82,0.092389
pandas/core/dtypes/cast.py::83,0.092389
pandas/core/dtypes/cast.py::84,0.092389
pandas/core/dtypes/cast.py::86,0.092389
pandas/core/dtypes/cast.py::88,0.092389
pandas/core/dtypes/common.py::1004,0.092389
pandas/core/dtypes/common.py::1005,0.092389
pandas/core/dtypes/common.py::1006,0.092389
pandas/core/dtypes/common.py::1372,0.092389
pandas/core/dtypes/common.py::1406,0.092389
pandas/core/dtypes/common.py::1449,0.092389
pandas/core/dtypes/common.py::1450,0.092389
pandas/core/dtypes/common.py::1451,0.092389
pandas/core/dtypes/common.py::1452,0.092389
pandas/core/dtypes/common.py::1456,0.092389
pandas/core/dtypes/common.py::1460,0.092389
pandas/core/dtypes/common.py::1467,0.092389
pandas/core/dtypes/common.py::1471,0.092389
pandas/core/dtypes/common.py::1584,0.092389
pandas/core/dtypes/common.py::1585,0.092389
pandas/core/dtypes/common.py::1635,0.092389
pandas/core/dtypes/common.py::1637,0.092389
pandas/core/dtypes/common.py::1638,0.092389
pandas/core/dtypes/common.py::1641,0.092389
pandas/core/dtypes/common.py::1663,0.092389
pandas/core/dtypes/common.py::1667,0.092389
pandas/core/dtypes/common.py::1668,0.092389
pandas/core/dtypes/common.py::1669,0.092389
pandas/core/dtypes/common.py::1673,0.092389
pandas/core/dtypes/common.py::1674,0.092389
pandas/core/dtypes/common.py::1676,0.092389
pandas/core/dtypes/common.py::1693,0.092389
pandas/core/dtypes/common.py::1694,0.092389
pandas/core/dtypes/common.py::1697,0.092389
pandas/core/dtypes/common.py::1698,0.092389
pandas/core/dtypes/common.py::1699,0.092389
pandas/core/dtypes/common.py::1705,0.092389
pandas/core/dtypes/common.py::1706,0.092389
pandas/core/dtypes/common.py::1709,0.092389
pandas/core/dtypes/common.py::1710,0.092389
pandas/core/dtypes/common.py::1712,0.092389
pandas/core/dtypes/common.py::1713,0.092389
pandas/core/dtypes/common.py::1720,0.092389
pandas/core/dtypes/common.py::1829,0.092389
pandas/core/dtypes/common.py::1831,0.092389
pandas/core/dtypes/common.py::1832,0.092389
pandas/core/dtypes/common.py::196,0.092389
pandas/core/dtypes/common.py::198,0.092389
pandas/core/dtypes/common.py::199,0.092389
pandas/core/dtypes/common.py::200,0.092389
pandas/core/dtypes/common.py::203,0.092389
pandas/core/dtypes/common.py::208,0.092389
pandas/core/dtypes/common.py::216,0.092389
pandas/core/dtypes/common.py::217,0.092389
pandas/core/dtypes/common.py::218,0.092389
pandas/core/dtypes/common.py::249,0.092389
pandas/core/dtypes/common.py::294,0.092389
pandas/core/dtypes/common.py::296,0.092389
pandas/core/dtypes/common.py::297,0.092389
pandas/core/dtypes/common.py::367,0.092389
pandas/core/dtypes/common.py::397,0.092389
pandas/core/dtypes/common.py::432,0.092389
pandas/core/dtypes/common.py::434,0.092389
pandas/core/dtypes/common.py::464,0.092389
pandas/core/dtypes/common.py::495,0.092389
pandas/core/dtypes/common.py::496,0.092389
pandas/core/dtypes/common.py::497,0.092389
pandas/core/dtypes/common.py::530,0.092389
pandas/core/dtypes/common.py::531,0.092389
pandas/core/dtypes/common.py::532,0.092389
pandas/core/dtypes/common.py::562,0.092389
pandas/core/dtypes/common.py::563,0.092389
pandas/core/dtypes/common.py::564,0.092389
pandas/core/dtypes/common.py::596,0.092389
pandas/core/dtypes/common.py::597,0.092389
pandas/core/dtypes/common.py::599,0.092389
pandas/core/dtypes/common.py::603,0.092389
pandas/core/dtypes/common.py::604,0.092389
pandas/core/dtypes/common.py::606,0.092389
pandas/core/dtypes/common.py::701,0.092389
pandas/core/dtypes/common.py::702,0.092389
pandas/core/dtypes/common.py::703,0.092389
pandas/core/dtypes/common.py::704,0.092389
pandas/core/dtypes/common.py::813,0.092389
pandas/core/dtypes/common.py::869,0.092389
pandas/core/dtypes/common.py::916,0.092389
pandas/core/dtypes/common.py::917,0.092389
pandas/core/dtypes/dtypes.py::1142,0.092389
pandas/core/dtypes/dtypes.py::1153,0.092389
pandas/core/dtypes/dtypes.py::138,0.092389
pandas/core/dtypes/dtypes.py::225,0.092389
pandas/core/dtypes/dtypes.py::239,0.092389
pandas/core/dtypes/dtypes.py::240,0.092389
pandas/core/dtypes/dtypes.py::314,0.092389
pandas/core/dtypes/dtypes.py::316,0.092389
pandas/core/dtypes/dtypes.py::318,0.092389
pandas/core/dtypes/dtypes.py::323,0.092389
pandas/core/dtypes/dtypes.py::327,0.092389
pandas/core/dtypes/dtypes.py::329,0.092389
pandas/core/dtypes/dtypes.py::332,0.092389
pandas/core/dtypes/dtypes.py::333,0.092389
pandas/core/dtypes/dtypes.py::341,0.092389
pandas/core/dtypes/dtypes.py::376,0.092389
pandas/core/dtypes/dtypes.py::377,0.092389
pandas/core/dtypes/dtypes.py::379,0.092389
pandas/core/dtypes/dtypes.py::380,0.092389
pandas/core/dtypes/dtypes.py::382,0.092389
pandas/core/dtypes/dtypes.py::383,0.092389
pandas/core/dtypes/dtypes.py::416,0.092389
pandas/core/dtypes/dtypes.py::418,0.092389
pandas/core/dtypes/dtypes.py::419,0.092389
pandas/core/dtypes/dtypes.py::523,0.092389
pandas/core/dtypes/dtypes.py::541,0.092389
pandas/core/dtypes/dtypes.py::543,0.092389
pandas/core/dtypes/dtypes.py::547,0.092389
pandas/core/dtypes/dtypes.py::548,0.092389
pandas/core/dtypes/dtypes.py::550,0.092389
pandas/core/dtypes/dtypes.py::552,0.092389
pandas/core/dtypes/dtypes.py::555,0.092389
pandas/core/dtypes/dtypes.py::558,0.092389
pandas/core/dtypes/dtypes.py::561,0.092389
pandas/core/dtypes/dtypes.py::578,0.092389
pandas/core/dtypes/dtypes.py::581,0.092389
pandas/core/dtypes/dtypes.py::588,0.092389
pandas/core/dtypes/dtypes.py::592,0.092389
pandas/core/dtypes/dtypes.py::594,0.092389
pandas/core/dtypes/dtypes.py::596,0.092389
pandas/core/dtypes/dtypes.py::603,0.092389
pandas/core/dtypes/dtypes.py::610,0.092389
pandas/core/dtypes/dtypes.py::90,0.092389
pandas/core/dtypes/dtypes.py::91,0.092389
pandas/core/dtypes/dtypes.py::92,0.092389
pandas/core/dtypes/dtypes.py::93,0.092389
pandas/core/dtypes/dtypes.py::934,0.092389
pandas/core/dtypes/dtypes.py::94,0.092389
pandas/core/dtypes/dtypes.py::947,0.092389
pandas/core/dtypes/dtypes.py::97,0.092389
pandas/core/dtypes/generic.py::12,0.092389
pandas/core/dtypes/inference.py::287,0.092389
pandas/core/dtypes/inference.py::289,0.092389
pandas/core/dtypes/inference.py::352,0.092389
pandas/core/dtypes/inference.py::353,0.092389
pandas/core/dtypes/inference.py::357,0.092389
pandas/core/dtypes/missing.py::127,0.092389
pandas/core/dtypes/missing.py::135,0.092389
pandas/core/dtypes/missing.py::136,0.092389
pandas/core/dtypes/missing.py::138,0.092389
pandas/core/dtypes/missing.py::140,0.092389
pandas/core/dtypes/missing.py::142,0.092389
pandas/core/dtypes/missing.py::143,0.092389
pandas/core/dtypes/missing.py::145,0.092389
pandas/core/dtypes/missing.py::146,0.092389
pandas/core/dtypes/missing.py::147,0.092389
pandas/core/dtypes/missing.py::148,0.092389
pandas/core/dtypes/missing.py::149,0.092389
pandas/core/dtypes/missing.py::150,0.092389
pandas/core/dtypes/missing.py::153,0.092389
pandas/core/dtypes/missing.py::227,0.092389
pandas/core/dtypes/missing.py::229,0.092389
pandas/core/dtypes/missing.py::232,0.092389
pandas/core/dtypes/missing.py::236,0.092389
pandas/core/dtypes/missing.py::238,0.092389
pandas/core/dtypes/missing.py::244,0.092389
pandas/core/dtypes/missing.py::246,0.092389
pandas/core/dtypes/missing.py::248,0.092389
pandas/core/dtypes/missing.py::250,0.092389
pandas/core/dtypes/missing.py::255,0.092389
pandas/core/dtypes/missing.py::256,0.092389
pandas/core/dtypes/missing.py::257,0.092389
pandas/core/dtypes/missing.py::266,0.092389
pandas/core/dtypes/missing.py::269,0.092389
pandas/core/frame.py::1045,0.092389
pandas/core/frame.py::2493,0.092389
pandas/core/frame.py::2494,0.092389
pandas/core/frame.py::2496,0.092389
pandas/core/frame.py::2498,0.092389
pandas/core/frame.py::2499,0.092389
pandas/core/frame.py::2501,0.092389
pandas/core/frame.py::2785,0.092389
pandas/core/frame.py::2786,0.092389
pandas/core/frame.py::2789,0.092389
pandas/core/frame.py::2795,0.092389
pandas/core/frame.py::2796,0.092389
pandas/core/frame.py::4039,0.092389
pandas/core/frame.py::4040,0.092389
pandas/core/frame.py::4041,0.092389
pandas/core/frame.py::4044,0.092389
pandas/core/frame.py::4049,0.092389
pandas/core/frame.py::4050,0.092389
pandas/core/frame.py::4051,0.092389
pandas/core/frame.py::4052,0.092389
pandas/core/frame.py::4060,0.092389
pandas/core/frame.py::4061,0.092389
pandas/core/frame.py::4065,0.092389
pandas/core/frame.py::4068,0.092389
pandas/core/frame.py::407,0.092389
pandas/core/frame.py::4071,0.092389
pandas/core/frame.py::4074,0.092389
pandas/core/frame.py::4076,0.092389
pandas/core/frame.py::4077,0.092389
pandas/core/frame.py::4078,0.092389
pandas/core/frame.py::4086,0.092389
pandas/core/frame.py::4087,0.092389
pandas/core/frame.py::4088,0.092389
pandas/core/frame.py::4092,0.092389
pandas/core/frame.py::4096,0.092389
pandas/core/frame.py::4099,0.092389
pandas/core/frame.py::4104,0.092389
pandas/core/frame.py::4105,0.092389
pandas/core/frame.py::4106,0.092389
pandas/core/frame.py::4107,0.092389
pandas/core/frame.py::4109,0.092389
pandas/core/frame.py::4117,0.092389
pandas/core/frame.py::4119,0.092389
pandas/core/frame.py::4124,0.092389
pandas/core/frame.py::4125,0.092389
pandas/core/frame.py::4128,0.092389
pandas/core/frame.py::4130,0.092389
pandas/core/frame.py::4132,0.092389
pandas/core/frame.py::4133,0.092389
pandas/core/frame.py::428,0.092389
pandas/core/frame.py::430,0.092389
pandas/core/frame.py::433,0.092389
pandas/core/frame.py::436,0.092389
pandas/core/frame.py::437,0.092389
pandas/core/frame.py::438,0.092389
pandas/core/frame.py::440,0.092389
pandas/core/frame.py::441,0.092389
pandas/core/frame.py::517,0.092389
pandas/core/generic.py::207,0.092389
pandas/core/generic.py::208,0.092389
pandas/core/generic.py::209,0.092389
pandas/core/generic.py::210,0.092389
pandas/core/generic.py::211,0.092389
pandas/core/generic.py::214,0.092389
pandas/core/generic.py::219,0.092389
pandas/core/generic.py::220,0.092389
pandas/core/generic.py::226,0.092389
pandas/core/generic.py::228,0.092389
pandas/core/generic.py::232,0.092389
pandas/core/generic.py::245,0.092389
pandas/core/generic.py::247,0.092389
pandas/core/generic.py::3095,0.092389
pandas/core/generic.py::3161,0.092389
pandas/core/generic.py::3448,0.092389
pandas/core/generic.py::3449,0.092389
pandas/core/generic.py::3450,0.092389
pandas/core/generic.py::3451,0.092389
pandas/core/generic.py::3452,0.092389
pandas/core/generic.py::3453,0.092389
pandas/core/generic.py::3454,0.092389
pandas/core/generic.py::3457,0.092389
pandas/core/generic.py::3458,0.092389
pandas/core/generic.py::3600,0.092389
pandas/core/generic.py::3602,0.092389
pandas/core/generic.py::3603,0.092389
pandas/core/generic.py::3609,0.092389
pandas/core/generic.py::3618,0.092389
pandas/core/generic.py::3622,0.092389
pandas/core/generic.py::3625,0.092389
pandas/core/generic.py::3626,0.092389
pandas/core/generic.py::485,0.092389
pandas/core/generic.py::5043,0.092389
pandas/core/generic.py::5044,0.092389
pandas/core/generic.py::5047,0.092389
pandas/core/generic.py::5048,0.092389
pandas/core/generic.py::5049,0.092389
pandas/core/generic.py::5050,0.092389
pandas/core/generic.py::5061,0.092389
pandas/core/generic.py::5065,0.092389
pandas/core/generic.py::5080,0.092389
pandas/core/generic.py::5081,0.092389
pandas/core/generic.py::5082,0.092389
pandas/core/generic.py::5083,0.092389
pandas/core/generic.py::5084,0.092389
pandas/core/generic.py::5088,0.092389
pandas/core/generic.py::5089,0.092389
pandas/core/generic.py::5090,0.092389
pandas/core/generic.py::5091,0.092389
pandas/core/generic.py::5449,0.092389
pandas/core/generic.py::5474,0.092389
pandas/core/generic.py::5484,0.092389
pandas/core/generic.py::5485,0.092389
pandas/core/generic.py::5597,0.092389
pandas/core/generic.py::5598,0.092389
pandas/core/generic.py::563,0.092389
pandas/core/generic.py::564,0.092389
pandas/core/indexes/api.py::177,0.092389
pandas/core/indexes/api.py::179,0.092389
pandas/core/indexes/api.py::180,0.092389
pandas/core/indexes/api.py::181,0.092389
pandas/core/indexes/api.py::183,0.092389
pandas/core/indexes/base.py::1144,0.092389
pandas/core/indexes/base.py::1148,0.092389
pandas/core/indexes/base.py::1154,0.092389
pandas/core/indexes/base.py::1155,0.092389
pandas/core/indexes/base.py::1347,0.092389
pandas/core/indexes/base.py::1615,0.092389
pandas/core/indexes/base.py::1760,0.092389
pandas/core/indexes/base.py::1963,0.092389
pandas/core/indexes/base.py::1991,0.092389
pandas/core/indexes/base.py::1992,0.092389
pandas/core/indexes/base.py::2011,0.092389
pandas/core/indexes/base.py::2012,0.092389
pandas/core/indexes/base.py::2014,0.092389
pandas/core/indexes/base.py::2852,0.092389
pandas/core/indexes/base.py::2853,0.092389
pandas/core/indexes/base.py::2858,0.092389
pandas/core/indexes/base.py::2859,0.092389
pandas/core/indexes/base.py::2860,0.092389
pandas/core/indexes/base.py::288,0.092389
pandas/core/indexes/base.py::290,0.092389
pandas/core/indexes/base.py::292,0.092389
pandas/core/indexes/base.py::297,0.092389
pandas/core/indexes/base.py::299,0.092389
pandas/core/indexes/base.py::303,0.092389
pandas/core/indexes/base.py::305,0.092389
pandas/core/indexes/base.py::307,0.092389
pandas/core/indexes/base.py::310,0.092389
pandas/core/indexes/base.py::317,0.092389
pandas/core/indexes/base.py::318,0.092389
pandas/core/indexes/base.py::319,0.092389
pandas/core/indexes/base.py::326,0.092389
pandas/core/indexes/base.py::332,0.092389
pandas/core/indexes/base.py::339,0.092389
pandas/core/indexes/base.py::352,0.092389
pandas/core/indexes/base.py::354,0.092389
pandas/core/indexes/base.py::360,0.092389
pandas/core/indexes/base.py::366,0.092389
pandas/core/indexes/base.py::367,0.092389
pandas/core/indexes/base.py::370,0.092389
pandas/core/indexes/base.py::371,0.092389
pandas/core/indexes/base.py::372,0.092389
pandas/core/indexes/base.py::374,0.092389
pandas/core/indexes/base.py::376,0.092389
pandas/core/indexes/base.py::379,0.092389
pandas/core/indexes/base.py::383,0.092389
pandas/core/indexes/base.py::3842,0.092389
pandas/core/indexes/base.py::386,0.092389
pandas/core/indexes/base.py::387,0.092389
pandas/core/indexes/base.py::388,0.092389
pandas/core/indexes/base.py::3883,0.092389
pandas/core/indexes/base.py::389,0.092389
pandas/core/indexes/base.py::390,0.092389
pandas/core/indexes/base.py::393,0.092389
pandas/core/indexes/base.py::395,0.092389
pandas/core/indexes/base.py::398,0.092389
pandas/core/indexes/base.py::400,0.092389
pandas/core/indexes/base.py::402,0.092389
pandas/core/indexes/base.py::405,0.092389
pandas/core/indexes/base.py::407,0.092389
pandas/core/indexes/base.py::4081,0.092389
pandas/core/indexes/base.py::4082,0.092389
pandas/core/indexes/base.py::4083,0.092389
pandas/core/indexes/base.py::410,0.092389
pandas/core/indexes/base.py::4106,0.092389
pandas/core/indexes/base.py::4107,0.092389
pandas/core/indexes/base.py::4109,0.092389
pandas/core/indexes/base.py::4110,0.092389
pandas/core/indexes/base.py::4111,0.092389
pandas/core/indexes/base.py::4113,0.092389
pandas/core/indexes/base.py::4118,0.092389
pandas/core/indexes/base.py::4119,0.092389
pandas/core/indexes/base.py::4121,0.092389
pandas/core/indexes/base.py::4122,0.092389
pandas/core/indexes/base.py::4123,0.092389
pandas/core/indexes/base.py::4124,0.092389
pandas/core/indexes/base.py::4127,0.092389
pandas/core/indexes/base.py::419,0.092389
pandas/core/indexes/base.py::420,0.092389
pandas/core/indexes/base.py::4237,0.092389
pandas/core/indexes/base.py::4238,0.092389
pandas/core/indexes/base.py::461,0.092389
pandas/core/indexes/base.py::463,0.092389
pandas/core/indexes/base.py::464,0.092389
pandas/core/indexes/base.py::470,0.092389
pandas/core/indexes/base.py::471,0.092389
pandas/core/indexes/base.py::473,0.092389
pandas/core/indexes/base.py::486,0.092389
pandas/core/indexes/base.py::4894,0.092389
pandas/core/indexes/base.py::4895,0.092389
pandas/core/indexes/base.py::501,0.092389
pandas/core/indexes/base.py::502,0.092389
pandas/core/indexes/base.py::504,0.092389
pandas/core/indexes/base.py::506,0.092389
pandas/core/indexes/base.py::508,0.092389
pandas/core/indexes/base.py::5459,0.092389
pandas/core/indexes/base.py::5461,0.092389
pandas/core/indexes/base.py::5462,0.092389
pandas/core/indexes/base.py::5463,0.092389
pandas/core/indexes/base.py::5464,0.092389
pandas/core/indexes/base.py::5501,0.092389
pandas/core/indexes/base.py::5502,0.092389
pandas/core/indexes/base.py::5504,0.092389
pandas/core/indexes/base.py::5564,0.092389
pandas/core/indexes/base.py::5566,0.092389
pandas/core/indexes/base.py::557,0.092389
pandas/core/indexes/base.py::5573,0.092389
pandas/core/indexes/base.py::5579,0.092389
pandas/core/indexes/base.py::5582,0.092389
pandas/core/indexes/base.py::5605,0.092389
pandas/core/indexes/base.py::5606,0.092389
pandas/core/indexes/base.py::5607,0.092389
pandas/core/indexes/base.py::5608,0.092389
pandas/core/indexes/base.py::5627,0.092389
pandas/core/indexes/base.py::563,0.092389
pandas/core/indexes/base.py::5634,0.092389
pandas/core/indexes/base.py::5636,0.092389
pandas/core/indexes/base.py::564,0.092389
pandas/core/indexes/base.py::5654,0.092389
pandas/core/indexes/base.py::5661,0.092389
pandas/core/indexes/base.py::5663,0.092389
pandas/core/indexes/base.py::5664,0.092389
pandas/core/indexes/base.py::5665,0.092389
pandas/core/indexes/base.py::5666,0.092389
pandas/core/indexes/base.py::567,0.092389
pandas/core/indexes/base.py::5672,0.092389
pandas/core/indexes/base.py::5676,0.092389
pandas/core/indexes/base.py::5683,0.092389
pandas/core/indexes/base.py::5686,0.092389
pandas/core/indexes/base.py::5707,0.092389
pandas/core/indexes/base.py::5731,0.092389
pandas/core/indexes/base.py::5734,0.092389
pandas/core/indexes/base.py::5735,0.092389
pandas/core/indexes/base.py::5736,0.092389
pandas/core/indexes/base.py::5737,0.092389
pandas/core/indexes/base.py::575,0.092389
pandas/core/indexes/base.py::576,0.092389
pandas/core/indexes/base.py::586,0.092389
pandas/core/indexes/base.py::610,0.092389
pandas/core/indexes/base.py::631,0.092389
pandas/core/indexes/base.py::634,0.092389
pandas/core/indexes/base.py::635,0.092389
pandas/core/indexes/base.py::636,0.092389
pandas/core/indexes/base.py::637,0.092389
pandas/core/indexes/category.py::169,0.092389
pandas/core/indexes/category.py::170,0.092389
pandas/core/indexes/category.py::171,0.092389
pandas/core/indexes/category.py::172,0.092389
pandas/core/indexes/category.py::173,0.092389
pandas/core/indexes/category.py::184,0.092389
pandas/core/indexes/category.py::186,0.092389
pandas/core/indexes/category.py::188,0.092389
pandas/core/indexes/category.py::196,0.092389
pandas/core/indexes/category.py::198,0.092389
pandas/core/indexes/category.py::200,0.092389
pandas/core/indexes/category.py::241,0.092389
pandas/core/indexes/category.py::244,0.092389
pandas/core/indexes/category.py::247,0.092389
pandas/core/indexes/category.py::250,0.092389
pandas/core/indexes/category.py::254,0.092389
pandas/core/indexes/category.py::256,0.092389
pandas/core/indexes/category.py::257,0.092389
pandas/core/indexes/category.py::258,0.092389
pandas/core/indexes/category.py::260,0.092389
pandas/core/indexes/category.py::261,0.092389
pandas/core/indexes/category.py::262,0.092389
pandas/core/indexes/category.py::421,0.092389
pandas/core/indexes/category.py::422,0.092389
pandas/core/indexes/extension.py::57,0.092389
pandas/core/indexes/extension.py::58,0.092389
pandas/core/indexes/extension.py::62,0.092389
pandas/core/indexes/numeric.py::163,0.092389
pandas/core/indexes/numeric.py::51,0.092389
pandas/core/indexes/numeric.py::52,0.092389
pandas/core/indexes/numeric.py::55,0.092389
pandas/core/indexes/numeric.py::65,0.092389
pandas/core/indexes/numeric.py::68,0.092389
pandas/core/indexes/numeric.py::72,0.092389
pandas/core/indexes/numeric.py::74,0.092389
pandas/core/indexes/numeric.py::78,0.092389
pandas/core/indexes/numeric.py::79,0.092389
pandas/core/indexes/numeric.py::83,0.092389
pandas/core/indexes/numeric.py::84,0.092389
pandas/core/indexes/numeric.py::86,0.092389
pandas/core/indexes/numeric.py::87,0.092389
pandas/core/indexes/numeric.py::88,0.092389
pandas/core/indexes/numeric.py::89,0.092389
pandas/core/indexes/numeric.py::92,0.092389
pandas/core/indexes/numeric.py::93,0.092389
pandas/core/indexes/range.py::102,0.092389
pandas/core/indexes/range.py::104,0.092389
pandas/core/indexes/range.py::107,0.092389
pandas/core/indexes/range.py::109,0.092389
pandas/core/indexes/range.py::110,0.092389
pandas/core/indexes/range.py::113,0.092389
pandas/core/indexes/range.py::114,0.092389
pandas/core/indexes/range.py::136,0.092389
pandas/core/indexes/range.py::138,0.092389
pandas/core/indexes/range.py::140,0.092389
pandas/core/indexes/range.py::141,0.092389
pandas/core/indexes/range.py::143,0.092389
pandas/core/indexes/range.py::144,0.092389
pandas/core/indexes/range.py::389,0.092389
pandas/core/indexes/range.py::390,0.092389
pandas/core/indexes/range.py::391,0.092389
pandas/core/indexes/range.py::679,0.092389
pandas/core/indexes/range.py::90,0.092389
pandas/core/indexes/range.py::91,0.092389
pandas/core/indexes/range.py::94,0.092389
pandas/core/indexes/range.py::99,0.092389
pandas/core/internals/blocks.py::117,0.092389
pandas/core/internals/blocks.py::118,0.092389
pandas/core/internals/blocks.py::119,0.092389
pandas/core/internals/blocks.py::121,0.092389
pandas/core/internals/blocks.py::148,0.092389
pandas/core/internals/blocks.py::149,0.092389
pandas/core/internals/blocks.py::151,0.092389
pandas/core/internals/blocks.py::156,0.092389
pandas/core/internals/blocks.py::1604,0.092389
pandas/core/internals/blocks.py::1605,0.092389
pandas/core/internals/blocks.py::1608,0.092389
pandas/core/internals/blocks.py::1609,0.092389
pandas/core/internals/blocks.py::1612,0.092389
pandas/core/internals/blocks.py::1613,0.092389
pandas/core/internals/blocks.py::1617,0.092389
pandas/core/internals/blocks.py::1619,0.092389
pandas/core/internals/blocks.py::1623,0.092389
pandas/core/internals/blocks.py::1633,0.092389
pandas/core/internals/blocks.py::1635,0.092389
pandas/core/internals/blocks.py::1724,0.092389
pandas/core/internals/blocks.py::1725,0.092389
pandas/core/internals/blocks.py::1742,0.092389
pandas/core/internals/blocks.py::1807,0.092389
pandas/core/internals/blocks.py::191,0.092389
pandas/core/internals/blocks.py::196,0.092389
pandas/core/internals/blocks.py::197,0.092389
pandas/core/internals/blocks.py::1974,0.092389
pandas/core/internals/blocks.py::216,0.092389
pandas/core/internals/blocks.py::248,0.092389
pandas/core/internals/blocks.py::252,0.092389
pandas/core/internals/blocks.py::253,0.092389
pandas/core/internals/blocks.py::255,0.092389
pandas/core/internals/blocks.py::2587,0.092389
pandas/core/internals/blocks.py::2590,0.092389
pandas/core/internals/blocks.py::270,0.092389
pandas/core/internals/blocks.py::271,0.092389
pandas/core/internals/blocks.py::273,0.092389
pandas/core/internals/blocks.py::277,0.092389
pandas/core/internals/blocks.py::278,0.092389
pandas/core/internals/blocks.py::279,0.092389
pandas/core/internals/blocks.py::281,0.092389
pandas/core/internals/blocks.py::2892,0.092389
pandas/core/internals/blocks.py::2893,0.092389
pandas/core/internals/blocks.py::2894,0.092389
pandas/core/internals/blocks.py::2990,0.092389
pandas/core/internals/blocks.py::2991,0.092389
pandas/core/internals/blocks.py::2993,0.092389
pandas/core/internals/blocks.py::2996,0.092389
pandas/core/internals/blocks.py::2997,0.092389
pandas/core/internals/blocks.py::2998,0.092389
pandas/core/internals/blocks.py::3001,0.092389
pandas/core/internals/blocks.py::3003,0.092389
pandas/core/internals/blocks.py::3005,0.092389
pandas/core/internals/blocks.py::3007,0.092389
pandas/core/internals/blocks.py::3009,0.092389
pandas/core/internals/blocks.py::3012,0.092389
pandas/core/internals/blocks.py::3014,0.092389
pandas/core/internals/blocks.py::3015,0.092389
pandas/core/internals/blocks.py::3016,0.092389
pandas/core/internals/blocks.py::3019,0.092389
pandas/core/internals/blocks.py::3020,0.092389
pandas/core/internals/blocks.py::3026,0.092389
pandas/core/internals/blocks.py::3031,0.092389
pandas/core/internals/blocks.py::3034,0.092389
pandas/core/internals/blocks.py::3035,0.092389
pandas/core/internals/blocks.py::3036,0.092389
pandas/core/internals/blocks.py::3038,0.092389
pandas/core/internals/blocks.py::3043,0.092389
pandas/core/internals/blocks.py::3051,0.092389
pandas/core/internals/blocks.py::3053,0.092389
pandas/core/internals/blocks.py::3060,0.092389
pandas/core/internals/blocks.py::3061,0.092389
pandas/core/internals/blocks.py::3062,0.092389
pandas/core/internals/blocks.py::329,0.092389
pandas/core/internals/blocks.py::333,0.092389
pandas/core/internals/blocks.py::337,0.092389
pandas/core/internals/blocks.py::340,0.092389
pandas/core/internals/blocks.py::341,0.092389
pandas/core/internals/blocks.py::567,0.092389
pandas/core/internals/blocks.py::569,0.092389
pandas/core/internals/blocks.py::576,0.092389
pandas/core/internals/blocks.py::584,0.092389
pandas/core/internals/blocks.py::586,0.092389
pandas/core/internals/blocks.py::590,0.092389
pandas/core/internals/blocks.py::692,0.092389
pandas/core/internals/blocks.py::693,0.092389
pandas/core/internals/blocks.py::694,0.092389
pandas/core/internals/blocks.py::695,0.092389
pandas/core/internals/construction.py::217,0.092389
pandas/core/internals/construction.py::242,0.092389
pandas/core/internals/construction.py::243,0.092389
pandas/core/internals/construction.py::244,0.092389
pandas/core/internals/construction.py::248,0.092389
pandas/core/internals/construction.py::251,0.092389
pandas/core/internals/construction.py::253,0.092389
pandas/core/internals/construction.py::300,0.092389
pandas/core/internals/construction.py::301,0.092389
pandas/core/internals/construction.py::303,0.092389
pandas/core/internals/construction.py::304,0.092389
pandas/core/internals/construction.py::305,0.092389
pandas/core/internals/construction.py::307,0.092389
pandas/core/internals/construction.py::312,0.092389
pandas/core/internals/construction.py::321,0.092389
pandas/core/internals/construction.py::322,0.092389
pandas/core/internals/construction.py::325,0.092389
pandas/core/internals/construction.py::327,0.092389
pandas/core/internals/construction.py::331,0.092389
pandas/core/internals/construction.py::332,0.092389
pandas/core/internals/construction.py::334,0.092389
pandas/core/internals/construction.py::335,0.092389
pandas/core/internals/construction.py::336,0.092389
pandas/core/internals/construction.py::338,0.092389
pandas/core/internals/construction.py::339,0.092389
pandas/core/internals/construction.py::340,0.092389
pandas/core/internals/construction.py::342,0.092389
pandas/core/internals/construction.py::343,0.092389
pandas/core/internals/construction.py::344,0.092389
pandas/core/internals/construction.py::345,0.092389
pandas/core/internals/construction.py::346,0.092389
pandas/core/internals/construction.py::349,0.092389
pandas/core/internals/construction.py::350,0.092389
pandas/core/internals/construction.py::351,0.092389
pandas/core/internals/construction.py::353,0.092389
pandas/core/internals/construction.py::356,0.092389
pandas/core/internals/construction.py::357,0.092389
pandas/core/internals/construction.py::361,0.092389
pandas/core/internals/construction.py::362,0.092389
pandas/core/internals/construction.py::363,0.092389
pandas/core/internals/construction.py::366,0.092389
pandas/core/internals/construction.py::371,0.092389
pandas/core/internals/construction.py::372,0.092389
pandas/core/internals/construction.py::381,0.092389
pandas/core/internals/construction.py::63,0.092389
pandas/core/internals/construction.py::64,0.092389
pandas/core/internals/construction.py::69,0.092389
pandas/core/internals/construction.py::72,0.092389
pandas/core/internals/construction.py::74,0.092389
pandas/core/internals/managers.py::130,0.092389
pandas/core/internals/managers.py::131,0.092389
pandas/core/internals/managers.py::133,0.092389
pandas/core/internals/managers.py::134,0.092389
pandas/core/internals/managers.py::140,0.092389
pandas/core/internals/managers.py::141,0.092389
pandas/core/internals/managers.py::143,0.092389
pandas/core/internals/managers.py::1434,0.092389
pandas/core/internals/managers.py::1435,0.092389
pandas/core/internals/managers.py::1439,0.092389
pandas/core/internals/managers.py::1442,0.092389
pandas/core/internals/managers.py::1443,0.092389
pandas/core/internals/managers.py::1444,0.092389
pandas/core/internals/managers.py::145,0.092389
pandas/core/internals/managers.py::1455,0.092389
pandas/core/internals/managers.py::1458,0.092389
pandas/core/internals/managers.py::1461,0.092389
pandas/core/internals/managers.py::1466,0.092389
pandas/core/internals/managers.py::1470,0.092389
pandas/core/internals/managers.py::1472,0.092389
pandas/core/internals/managers.py::1473,0.092389
pandas/core/internals/managers.py::1475,0.092389
pandas/core/internals/managers.py::1482,0.092389
pandas/core/internals/managers.py::1506,0.092389
pandas/core/internals/managers.py::1510,0.092389
pandas/core/internals/managers.py::1528,0.092389
pandas/core/internals/managers.py::1545,0.092389
pandas/core/internals/managers.py::1630,0.092389
pandas/core/internals/managers.py::1631,0.092389
pandas/core/internals/managers.py::1632,0.092389
pandas/core/internals/managers.py::1633,0.092389
pandas/core/internals/managers.py::1634,0.092389
pandas/core/internals/managers.py::1664,0.092389
pandas/core/internals/managers.py::1665,0.092389
pandas/core/internals/managers.py::1667,0.092389
pandas/core/internals/managers.py::1668,0.092389
pandas/core/internals/managers.py::1669,0.092389
pandas/core/internals/managers.py::167,0.092389
pandas/core/internals/managers.py::1674,0.092389
pandas/core/internals/managers.py::1675,0.092389
pandas/core/internals/managers.py::1679,0.092389
pandas/core/internals/managers.py::1680,0.092389
pandas/core/internals/managers.py::1682,0.092389
pandas/core/internals/managers.py::1683,0.092389
pandas/core/internals/managers.py::1685,0.092389
pandas/core/internals/managers.py::1686,0.092389
pandas/core/internals/managers.py::1690,0.092389
pandas/core/internals/managers.py::1694,0.092389
pandas/core/internals/managers.py::1698,0.092389
pandas/core/internals/managers.py::1699,0.092389
pandas/core/internals/managers.py::1700,0.092389
pandas/core/internals/managers.py::1702,0.092389
pandas/core/internals/managers.py::1706,0.092389
pandas/core/internals/managers.py::171,0.092389
pandas/core/internals/managers.py::1713,0.092389
pandas/core/internals/managers.py::1717,0.092389
pandas/core/internals/managers.py::1721,0.092389
pandas/core/internals/managers.py::1723,0.092389
pandas/core/internals/managers.py::1724,0.092389
pandas/core/internals/managers.py::1726,0.092389
pandas/core/internals/managers.py::1728,0.092389
pandas/core/internals/managers.py::1737,0.092389
pandas/core/internals/managers.py::174,0.092389
pandas/core/internals/managers.py::1745,0.092389
pandas/core/internals/managers.py::175,0.092389
pandas/core/internals/managers.py::1755,0.092389
pandas/core/internals/managers.py::176,0.092389
pandas/core/internals/managers.py::1776,0.092389
pandas/core/internals/managers.py::1778,0.092389
pandas/core/internals/managers.py::1779,0.092389
pandas/core/internals/managers.py::178,0.092389
pandas/core/internals/managers.py::1781,0.092389
pandas/core/internals/managers.py::1783,0.092389
pandas/core/internals/managers.py::1784,0.092389
pandas/core/internals/managers.py::1786,0.092389
pandas/core/internals/managers.py::1792,0.092389
pandas/core/internals/managers.py::1793,0.092389
pandas/core/internals/managers.py::1796,0.092389
pandas/core/internals/managers.py::1798,0.092389
pandas/core/internals/managers.py::1799,0.092389
pandas/core/internals/managers.py::1802,0.092389
pandas/core/internals/managers.py::1804,0.092389
pandas/core/internals/managers.py::1806,0.092389
pandas/core/internals/managers.py::1807,0.092389
pandas/core/internals/managers.py::1809,0.092389
pandas/core/internals/managers.py::1810,0.092389
pandas/core/internals/managers.py::1811,0.092389
pandas/core/internals/managers.py::1813,0.092389
pandas/core/internals/managers.py::184,0.092389
pandas/core/internals/managers.py::1926,0.092389
pandas/core/internals/managers.py::1927,0.092389
pandas/core/internals/managers.py::1928,0.092389
pandas/core/internals/managers.py::218,0.092389
pandas/core/internals/managers.py::219,0.092389
pandas/core/internals/managers.py::220,0.092389
pandas/core/internals/managers.py::221,0.092389
pandas/core/internals/managers.py::223,0.092389
pandas/core/internals/managers.py::224,0.092389
pandas/core/internals/managers.py::225,0.092389
pandas/core/internals/managers.py::226,0.092389
pandas/core/internals/managers.py::228,0.092389
pandas/core/internals/managers.py::231,0.092389
pandas/core/internals/managers.py::232,0.092389
pandas/core/internals/managers.py::236,0.092389
pandas/core/internals/managers.py::309,0.092389
pandas/core/internals/managers.py::310,0.092389
pandas/core/internals/managers.py::311,0.092389
pandas/core/internals/managers.py::312,0.092389
pandas/core/internals/managers.py::314,0.092389
pandas/core/internals/managers.py::362,0.092389
pandas/core/internals/managers.py::365,0.092389
pandas/core/internals/managers.py::373,0.092389
pandas/core/internals/managers.py::375,0.092389
pandas/core/internals/managers.py::381,0.092389
pandas/core/internals/managers.py::387,0.092389
pandas/core/internals/managers.py::393,0.092389
pandas/core/internals/managers.py::397,0.092389
pandas/core/internals/managers.py::399,0.092389
pandas/core/internals/managers.py::404,0.092389
pandas/core/internals/managers.py::405,0.092389
pandas/core/internals/managers.py::410,0.092389
pandas/core/internals/managers.py::417,0.092389
pandas/core/internals/managers.py::420,0.092389
pandas/core/internals/managers.py::421,0.092389
pandas/core/internals/managers.py::423,0.092389
pandas/core/internals/managers.py::425,0.092389
pandas/core/internals/managers.py::426,0.092389
pandas/core/internals/managers.py::561,0.092389
pandas/core/internals/managers.py::629,0.092389
pandas/core/internals/managers.py::631,0.092389
pandas/core/internals/managers.py::634,0.092389
pandas/core/internals/managers.py::635,0.092389
pandas/core/internals/managers.py::636,0.092389
pandas/core/internals/managers.py::753,0.092389
pandas/core/internals/managers.py::756,0.092389
pandas/core/internals/managers.py::757,0.092389
pandas/core/internals/managers.py::759,0.092389
pandas/core/internals/managers.py::763,0.092389
pandas/core/internals/managers.py::764,0.092389
pandas/core/internals/managers.py::765,0.092389
pandas/core/internals/managers.py::908,0.092389
pandas/core/internals/managers.py::918,0.092389
pandas/core/internals/managers.py::920,0.092389
pandas/core/internals/managers.py::921,0.092389
pandas/core/internals/managers.py::932,0.092389
pandas/core/internals/managers.py::947,0.092389
pandas/core/internals/managers.py::948,0.092389
pandas/core/internals/managers.py::951,0.092389
pandas/core/internals/managers.py::952,0.092389
pandas/core/internals/managers.py::953,0.092389
pandas/core/internals/managers.py::955,0.092389
pandas/core/internals/managers.py::956,0.092389
pandas/core/internals/managers.py::963,0.092389
pandas/core/internals/managers.py::965,0.092389
pandas/core/internals/managers.py::966,0.092389
pandas/core/internals/managers.py::967,0.092389
pandas/core/internals/managers.py::969,0.092389
pandas/core/internals/managers.py::971,0.092389
pandas/core/internals/managers.py::972,0.092389
pandas/core/internals/managers.py::976,0.092389
pandas/core/internals/managers.py::977,0.092389
pandas/core/internals/managers.py::978,0.092389
pandas/core/internals/managers.py::979,0.092389
pandas/core/internals/managers.py::981,0.092389
pandas/core/internals/managers.py::982,0.092389
pandas/core/internals/managers.py::983,0.092389
pandas/core/internals/managers.py::991,0.092389
pandas/core/internals/managers.py::992,0.092389
pandas/core/internals/managers.py::993,0.092389
pandas/core/internals/managers.py::995,0.092389
pandas/core/internals/managers.py::996,0.092389
pandas/core/series.py::206,0.092389
pandas/core/series.py::209,0.092389
pandas/core/series.py::211,0.092389
pandas/core/series.py::213,0.092389
pandas/core/series.py::218,0.092389
pandas/core/series.py::220,0.092389
pandas/core/series.py::232,0.092389
pandas/core/series.py::235,0.092389
pandas/core/series.py::237,0.092389
pandas/core/series.py::240,0.092389
pandas/core/series.py::244,0.092389
pandas/core/series.py::258,0.092389
pandas/core/series.py::267,0.092389
pandas/core/series.py::273,0.092389
pandas/core/series.py::277,0.092389
pandas/core/series.py::278,0.092389
pandas/core/series.py::279,0.092389
pandas/core/series.py::289,0.092389
pandas/core/series.py::291,0.092389
pandas/core/series.py::293,0.092389
pandas/core/series.py::297,0.092389
pandas/core/series.py::299,0.092389
pandas/core/series.py::300,0.092389
pandas/core/series.py::302,0.092389
pandas/core/series.py::303,0.092389
pandas/core/series.py::317,0.092389
pandas/core/series.py::318,0.092389
pandas/core/series.py::320,0.092389
pandas/core/series.py::323,0.092389
pandas/core/series.py::325,0.092389
pandas/core/series.py::327,0.092389
pandas/core/series.py::328,0.092389
pandas/core/series.py::329,0.092389
pandas/core/series.py::379,0.092389
pandas/core/series.py::398,0.092389
pandas/core/series.py::401,0.092389
pandas/core/series.py::402,0.092389
pandas/core/series.py::414,0.092389
pandas/core/series.py::415,0.092389
pandas/core/series.py::428,0.092389
pandas/core/series.py::439,0.092389
pandas/core/series.py::443,0.092389
pandas/core/series.py::445,0.092389
pandas/core/series.py::525,0.092389
pandas/core/series.py::530,0.092389
pandas/util/_validators.py::210,0.092389
pandas/util/_validators.py::215,0.092389
