Entity,Score
pandas/core/algorithms.py::109,0.909091
pandas/core/arrays/datetimelike.py::1029,0.909091
pandas/core/arrays/datetimelike.py::1030,0.909091
pandas/core/arrays/datetimelike.py::1031,0.909091
pandas/core/arrays/datetimes.py::2146,0.909091
pandas/core/arrays/datetimes.py::2149,0.909091
pandas/core/arrays/datetimes.py::2150,0.909091
pandas/core/arrays/datetimes.py::2151,0.909091
pandas/core/arrays/datetimes.py::2152,0.909091
pandas/core/arrays/datetimes.py::2153,0.909091
pandas/core/arrays/datetimes.py::2154,0.909091
pandas/core/arrays/datetimes.py::384,0.909091
pandas/core/arrays/datetimes.py::385,0.909091
pandas/core/arrays/datetimes.py::386,0.909091
pandas/core/arrays/datetimes.py::387,0.909091
pandas/core/arrays/datetimes.py::388,0.909091
pandas/core/arrays/datetimes.py::389,0.909091
pandas/core/arrays/datetimes.py::390,0.909091
pandas/core/arrays/datetimes.py::391,0.909091
pandas/core/arrays/datetimes.py::393,0.909091
pandas/core/arrays/datetimes.py::394,0.909091
pandas/core/arrays/datetimes.py::410,0.909091
pandas/core/arrays/datetimes.py::411,0.909091
pandas/core/arrays/datetimes.py::414,0.909091
pandas/core/arrays/datetimes.py::418,0.909091
pandas/core/arrays/datetimes.py::419,0.909091
pandas/core/arrays/datetimes.py::420,0.909091
pandas/core/indexes/base.py::2008,0.909091
pandas/core/indexes/base.py::2009,0.909091
pandas/core/indexes/base.py::375,0.909091
pandas/core/indexes/base.py::5665,0.909091
pandas/core/indexes/base.py::5666,0.909091
pandas/core/indexes/base.py::5669,0.909091
pandas/core/indexes/base.py::5711,0.909091
pandas/core/indexes/datetimelike.py::149,0.909091
pandas/core/indexes/datetimelike.py::366,0.909091
pandas/core/indexes/datetimelike.py::367,0.909091
pandas/core/indexes/datetimelike.py::368,0.909091
pandas/core/indexes/datetimelike.py::369,0.909091
pandas/core/indexes/datetimelike.py::370,0.909091
pandas/core/indexes/datetimelike.py::371,0.909091
pandas/core/indexes/datetimelike.py::372,0.909091
pandas/core/indexes/datetimelike.py::373,0.909091
pandas/core/indexes/datetimes.py::280,0.909091
pandas/core/indexes/datetimes.py::282,0.909091
pandas/core/indexes/datetimes.py::310,0.909091
pandas/core/indexes/datetimes.py::312,0.909091
pandas/core/indexes/datetimes.py::313,0.909091
pandas/core/indexes/datetimes.py::522,0.909091
pandas/core/indexes/datetimes.py::524,0.909091
pandas/core/indexes/numeric.py::358,0.909091
pandas/core/indexes/numeric.py::454,0.909091
pandas/io/formats/format.py::1564,0.909091
pandas/io/formats/format.py::1565,0.909091
pandas/io/formats/format.py::1566,0.909091
pandas/io/formats/format.py::1568,0.909091
pandas/io/formats/format.py::1570,0.909091
pandas/io/formats/format.py::1572,0.909091
pandas/io/formats/format.py::1582,0.909091
pandas/io/formats/format.py::1583,0.909091
pandas/io/formats/printing.py::356,0.909091
pandas/io/formats/printing.py::357,0.909091
pandas/io/formats/printing.py::362,0.909091
pandas/io/formats/printing.py::363,0.909091
pandas/io/formats/printing.py::365,0.909091
pandas/io/formats/printing.py::400,0.909091
pandas/io/formats/printing.py::401,0.909091
pandas/io/formats/printing.py::402,0.909091
pandas/io/formats/printing.py::446,0.909091
pandas/core/common.py::174,0.660409
pandas/core/indexes/datetimes.py::941,0.660409
pandas/core/internals/managers.py::1774,0.660409
pandas/core/internals/managers.py::1775,0.660409
pandas/core/internals/managers.py::1777,0.660409
pandas/core/reshape/pivot.py::138,0.660409
pandas/core/reshape/pivot.py::139,0.660409
pandas/core/reshape/pivot.py::141,0.660409
pandas/io/formats/format.py::1558,0.660409
pandas/io/formats/format.py::1560,0.660409
pandas/io/formats/format.py::1561,0.660409
pandas/io/formats/format.py::1578,0.660409
pandas/io/formats/format.py::1581,0.660409
pandas/io/formats/format.py::1587,0.660409
pandas/io/formats/format.py::1609,0.660409
pandas/io/formats/format.py::1614,0.660409
pandas/core/algorithms.py::1277,0.545836
pandas/core/arrays/datetimes.py::2036,0.545836
pandas/core/arrays/datetimes.py::2045,0.545836
pandas/core/arrays/datetimes.py::2046,0.545836
pandas/core/arrays/datetimes.py::2051,0.545836
pandas/core/dtypes/cast.py::396,0.545836
pandas/core/dtypes/cast.py::399,0.545836
pandas/core/dtypes/cast.py::402,0.545836
pandas/core/dtypes/cast.py::403,0.545836
pandas/core/indexes/base.py::5725,0.545836
pandas/core/indexes/base.py::5726,0.545836
pandas/core/indexes/base.py::5727,0.545836
pandas/core/indexes/base.py::900,0.545836
pandas/core/indexes/datetimelike.py::627,0.545836
pandas/io/formats/printing.py::390,0.545836
pandas/io/formats/printing.py::395,0.545836
pandas/io/formats/printing.py::396,0.545836
pandas/io/formats/printing.py::397,0.545836
pandas/io/formats/printing.py::526,0.545836
pandas/core/arrays/_ranges.py::114,0.476190
pandas/core/arrays/_ranges.py::116,0.476190
pandas/core/arrays/_ranges.py::117,0.476190
pandas/core/arrays/_ranges.py::119,0.476190
pandas/core/arrays/_ranges.py::122,0.476190
pandas/core/arrays/_ranges.py::123,0.476190
pandas/core/arrays/_ranges.py::127,0.476190
pandas/core/arrays/_ranges.py::129,0.476190
pandas/core/arrays/_ranges.py::160,0.476190
pandas/core/arrays/_ranges.py::161,0.476190
pandas/core/arrays/_ranges.py::164,0.476190
pandas/core/arrays/_ranges.py::165,0.476190
pandas/core/arrays/_ranges.py::166,0.476190
pandas/core/arrays/_ranges.py::168,0.476190
pandas/core/arrays/_ranges.py::46,0.476190
pandas/core/arrays/_ranges.py::47,0.476190
pandas/core/arrays/_ranges.py::48,0.476190
pandas/core/arrays/_ranges.py::49,0.476190
pandas/core/arrays/datetimelike.py::1649,0.476190
pandas/core/arrays/datetimelike.py::1651,0.476190
pandas/core/indexes/datetimelike.py::135,0.476190
pandas/core/indexes/datetimelike.py::137,0.476190
pandas/core/indexes/datetimelike.py::147,0.476190
pandas/tseries/offsets.py::460,0.476190
pandas/tseries/offsets.py::461,0.476190
pandas/tseries/offsets.py::465,0.476190
pandas/tseries/offsets.py::468,0.476190
pandas/tseries/offsets.py::470,0.476190
pandas/tseries/offsets.py::471,0.476190
pandas/tseries/offsets.py::473,0.476190
pandas/tseries/offsets.py::475,0.476190
pandas/tseries/offsets.py::477,0.476190
pandas/core/algorithms.py::131,0.428070
pandas/core/algorithms.py::136,0.428070
pandas/core/algorithms.py::143,0.428070
pandas/core/algorithms.py::150,0.428070
pandas/core/algorithms.py::152,0.428070
pandas/core/algorithms.py::153,0.428070
pandas/core/algorithms.py::155,0.428070
pandas/core/algorithms.py::199,0.428070
pandas/core/algorithms.py::627,0.428070
pandas/core/arrays/datetimes.py::1761,0.428070
pandas/core/arrays/datetimes.py::1762,0.428070
pandas/core/arrays/datetimes.py::274,0.428070
pandas/core/arrays/datetimes.py::70,0.428070
pandas/core/dtypes/dtypes.py::676,0.428070
pandas/core/dtypes/dtypes.py::679,0.428070
pandas/core/dtypes/dtypes.py::695,0.428070
pandas/core/dtypes/dtypes.py::696,0.428070
pandas/core/dtypes/dtypes.py::697,0.428070
pandas/core/dtypes/dtypes.py::700,0.428070
pandas/core/dtypes/dtypes.py::703,0.428070
pandas/core/dtypes/dtypes.py::704,0.428070
pandas/core/dtypes/dtypes.py::711,0.428070
pandas/core/dtypes/dtypes.py::718,0.428070
pandas/core/dtypes/dtypes.py::729,0.428070
pandas/core/dtypes/dtypes.py::731,0.428070
pandas/core/dtypes/dtypes.py::770,0.428070
pandas/core/dtypes/dtypes.py::783,0.428070
pandas/core/dtypes/dtypes.py::787,0.428070
pandas/core/dtypes/missing.py::565,0.428070
pandas/core/internals/blocks.py::2324,0.428070
pandas/core/internals/blocks.py::2340,0.428070
pandas/core/internals/blocks.py::2343,0.428070
pandas/core/internals/blocks.py::2346,0.428070
pandas/core/internals/blocks.py::3015,0.428070
pandas/tseries/offsets.py::456,0.428070
pandas/core/algorithms.py::108,0.392235
pandas/core/algorithms.py::110,0.392235
pandas/core/algorithms.py::126,0.392235
pandas/core/algorithms.py::1272,0.392235
pandas/core/algorithms.py::1273,0.392235
pandas/core/algorithms.py::1274,0.392235
pandas/core/algorithms.py::1275,0.392235
pandas/core/algorithms.py::1276,0.392235
pandas/core/algorithms.py::1278,0.392235
pandas/core/arrays/_ranges.py::38,0.392235
pandas/core/arrays/_ranges.py::39,0.392235
pandas/core/arrays/_ranges.py::60,0.392235
pandas/core/arrays/_ranges.py::63,0.392235
pandas/core/arrays/_ranges.py::64,0.392235
pandas/core/arrays/datetimelike.py::490,0.392235
pandas/core/arrays/datetimes.py::1863,0.392235
pandas/core/arrays/datetimes.py::1868,0.392235
pandas/core/arrays/datetimes.py::1871,0.392235
pandas/core/arrays/datetimes.py::401,0.392235
pandas/core/arrays/datetimes.py::402,0.392235
pandas/core/arrays/datetimes.py::403,0.392235
pandas/io/formats/printing.py::355,0.392235
pandas/io/formats/printing.py::358,0.392235
pandas/io/formats/printing.py::359,0.392235
pandas/io/formats/printing.py::380,0.392235
pandas/io/formats/printing.py::385,0.392235
pandas/io/formats/printing.py::386,0.392235
pandas/io/formats/printing.py::389,0.392235
pandas/io/formats/printing.py::406,0.392235
pandas/io/formats/printing.py::420,0.392235
pandas/io/formats/printing.py::421,0.392235
pandas/io/formats/printing.py::423,0.392235
pandas/io/formats/printing.py::427,0.392235
pandas/io/formats/printing.py::432,0.392235
pandas/io/formats/printing.py::433,0.392235
pandas/io/formats/printing.py::434,0.392235
pandas/io/formats/printing.py::437,0.392235
pandas/io/formats/printing.py::438,0.392235
pandas/io/formats/printing.py::442,0.392235
pandas/io/formats/printing.py::443,0.392235
pandas/io/formats/printing.py::445,0.392235
pandas/io/formats/printing.py::451,0.392235
pandas/core/arrays/datetimelike.py::413,0.364199
pandas/core/arrays/datetimes.py::1746,0.364199
pandas/core/arrays/datetimes.py::1747,0.364199
pandas/core/arrays/datetimes.py::1752,0.364199
pandas/core/arrays/datetimes.py::1753,0.364199
pandas/core/arrays/datetimes.py::1755,0.364199
pandas/core/arrays/datetimes.py::1840,0.364199
pandas/core/arrays/datetimes.py::1843,0.364199
pandas/core/arrays/datetimes.py::1845,0.364199
pandas/core/arrays/datetimes.py::1846,0.364199
pandas/core/arrays/datetimes.py::1847,0.364199
pandas/core/arrays/datetimes.py::1848,0.364199
pandas/core/arrays/datetimes.py::1849,0.364199
pandas/core/arrays/datetimes.py::1850,0.364199
pandas/core/arrays/datetimes.py::1851,0.364199
pandas/core/arrays/datetimes.py::1852,0.364199
pandas/core/arrays/datetimes.py::1962,0.364199
pandas/core/arrays/datetimes.py::1963,0.364199
pandas/core/arrays/datetimes.py::1971,0.364199
pandas/core/dtypes/missing.py::555,0.364199
pandas/core/dtypes/missing.py::557,0.364199
pandas/core/dtypes/missing.py::560,0.364199
pandas/tseries/offsets.py::2608,0.364199
pandas/core/arrays/_ranges.py::37,0.341480
pandas/core/arrays/_ranges.py::83,0.341480
pandas/core/arrays/datetimelike.py::1648,0.341480
pandas/core/arrays/datetimelike.py::1653,0.341480
pandas/core/arrays/datetimelike.py::1673,0.341480
pandas/core/arrays/datetimelike.py::1674,0.341480
pandas/core/arrays/datetimelike.py::1676,0.341480
pandas/core/arrays/datetimelike.py::1677,0.341480
pandas/core/arrays/datetimelike.py::1678,0.341480
pandas/core/arrays/datetimelike.py::1686,0.341480
pandas/core/arrays/datetimelike.py::488,0.341480
pandas/core/arrays/datetimelike.py::739,0.341480
pandas/core/arrays/datetimelike.py::743,0.341480
pandas/core/arrays/datetimelike.py::918,0.341480
pandas/core/arrays/datetimes.py::2083,0.341480
pandas/core/arrays/datetimes.py::2084,0.341480
pandas/core/arrays/datetimes.py::2091,0.341480
pandas/core/arrays/datetimes.py::2092,0.341480
pandas/core/arrays/datetimes.py::2094,0.341480
pandas/core/arrays/datetimes.py::2098,0.341480
pandas/core/arrays/datetimes.py::2101,0.341480
pandas/core/arrays/datetimes.py::2105,0.341480
pandas/core/arrays/datetimes.py::2107,0.341480
pandas/core/arrays/datetimes.py::2108,0.341480
pandas/core/arrays/datetimes.py::2112,0.341480
pandas/core/arrays/datetimes.py::2114,0.341480
pandas/core/arrays/datetimes.py::2121,0.341480
pandas/core/arrays/datetimes.py::351,0.341480
pandas/core/arrays/datetimes.py::352,0.341480
pandas/core/arrays/datetimes.py::355,0.341480
pandas/core/arrays/datetimes.py::360,0.341480
pandas/core/arrays/datetimes.py::362,0.341480
pandas/core/arrays/datetimes.py::363,0.341480
pandas/core/arrays/datetimes.py::365,0.341480
pandas/core/arrays/datetimes.py::368,0.341480
pandas/core/arrays/datetimes.py::373,0.341480
pandas/core/arrays/datetimes.py::376,0.341480
pandas/core/arrays/datetimes.py::378,0.341480
pandas/core/arrays/datetimes.py::380,0.341480
pandas/core/arrays/datetimes.py::382,0.341480
pandas/core/arrays/datetimes.py::396,0.341480
pandas/core/arrays/datetimes.py::400,0.341480
pandas/core/arrays/datetimes.py::406,0.341480
pandas/core/arrays/datetimes.py::407,0.341480
pandas/core/arrays/datetimes.py::409,0.341480
pandas/core/arrays/datetimes.py::436,0.341480
pandas/core/arrays/datetimes.py::438,0.341480
pandas/core/arrays/datetimes.py::441,0.341480
pandas/core/arrays/datetimes.py::442,0.341480
pandas/core/arrays/datetimes.py::548,0.341480
pandas/core/arrays/datetimes.py::552,0.341480
pandas/core/arrays/datetimes.py::564,0.341480
pandas/core/arrays/datetimes.py::565,0.341480
pandas/core/arrays/datetimes.py::566,0.341480
pandas/core/arrays/datetimes.py::567,0.341480
pandas/core/arrays/datetimes.py::568,0.341480
pandas/core/arrays/datetimes.py::569,0.341480
pandas/core/arrays/datetimes.py::570,0.341480
pandas/core/arrays/datetimes.py::571,0.341480
pandas/core/arrays/datetimes.py::572,0.341480
pandas/core/arrays/datetimes.py::574,0.341480
pandas/core/arrays/datetimes.py::575,0.341480
pandas/core/indexes/datetimelike.py::132,0.341480
pandas/core/indexes/datetimes.py::940,0.341480
pandas/core/indexes/datetimes.py::943,0.341480
pandas/core/indexes/datetimes.py::944,0.341480
pandas/core/indexes/datetimes.py::945,0.341480
pandas/core/indexes/datetimes.py::946,0.341480
pandas/core/indexes/datetimes.py::947,0.341480
pandas/core/indexes/datetimes.py::948,0.341480
pandas/core/indexes/datetimes.py::949,0.341480
pandas/core/indexes/datetimes.py::950,0.341480
pandas/core/indexes/datetimes.py::951,0.341480
pandas/core/indexes/datetimes.py::953,0.341480
pandas/core/indexes/multi.py::656,0.341480
pandas/core/reshape/reshape.py::314,0.341480
pandas/core/algorithms.py::106,0.322581
pandas/core/arrays/datetimelike.py::746,0.322581
pandas/core/arrays/datetimes.py::1997,0.322581
pandas/core/arrays/datetimes.py::1998,0.322581
pandas/core/arrays/datetimes.py::2006,0.322581
pandas/core/arrays/datetimes.py::2007,0.322581
pandas/core/arrays/datetimes.py::212,0.322581
pandas/core/arrays/datetimes.py::215,0.322581
pandas/core/arrays/datetimes.py::217,0.322581
pandas/core/arrays/datetimes.py::236,0.322581
pandas/core/arrays/datetimes.py::241,0.322581
pandas/core/arrays/datetimes.py::244,0.322581
pandas/core/arrays/datetimes.py::248,0.322581
pandas/core/arrays/datetimes.py::250,0.322581
pandas/core/arrays/datetimes.py::256,0.322581
pandas/core/arrays/datetimes.py::258,0.322581
pandas/core/arrays/datetimes.py::264,0.322581
pandas/core/arrays/datetimes.py::266,0.322581
pandas/core/arrays/datetimes.py::268,0.322581
pandas/core/arrays/datetimes.py::276,0.322581
pandas/core/arrays/datetimes.py::277,0.322581
pandas/core/arrays/datetimes.py::278,0.322581
pandas/core/arrays/datetimes.py::280,0.322581
pandas/core/arrays/datetimes.py::474,0.322581
pandas/core/arrays/datetimes.py::582,0.322581
pandas/core/arrays/datetimes.py::584,0.322581
pandas/core/arrays/datetimes.py::598,0.322581
pandas/core/arrays/datetimes.py::602,0.322581
pandas/core/arrays/datetimes.py::604,0.322581
pandas/core/dtypes/common.py::972,0.322581
pandas/core/dtypes/common.py::974,0.322581
pandas/core/dtypes/common.py::975,0.322581
pandas/core/dtypes/common.py::981,0.322581
pandas/core/indexes/base.py::322,0.322581
pandas/core/indexes/base.py::324,0.322581
pandas/core/indexes/datetimelike.py::110,0.322581
pandas/core/indexes/datetimelike.py::619,0.322581
pandas/core/indexes/datetimelike.py::620,0.322581
pandas/core/indexes/datetimelike.py::622,0.322581
pandas/core/indexes/datetimelike.py::623,0.322581
pandas/core/indexes/datetimelike.py::625,0.322581
pandas/core/indexes/datetimelike.py::629,0.322581
pandas/core/indexes/datetimelike.py::630,0.322581
pandas/core/indexes/datetimelike.py::631,0.322581
pandas/core/indexes/datetimes.py::699,0.322581
pandas/core/indexes/extension.py::236,0.322581
pandas/io/formats/format.py::396,0.322581
pandas/tseries/frequencies.py::165,0.322581
pandas/tseries/frequencies.py::166,0.322581
pandas/tseries/offsets.py::2535,0.322581
pandas/tseries/offsets.py::2536,0.322581
pandas/tseries/offsets.py::2604,0.322581
pandas/core/indexes/extension.py::309,0.306534
pandas/core/indexes/extension.py::313,0.306534
pandas/core/indexes/extension.py::317,0.306534
pandas/core/internals/blocks.py::2192,0.306534
pandas/core/internals/blocks.py::2193,0.306534
pandas/core/arrays/datetimelike.py::735,0.292687
pandas/core/arrays/datetimelike.py::736,0.292687
pandas/core/indexes/base.py::2952,0.292687
pandas/core/indexes/base.py::2953,0.292687
pandas/core/indexes/base.py::2954,0.292687
pandas/core/indexes/base.py::2955,0.292687
pandas/core/indexes/base.py::3915,0.292687
pandas/tseries/frequencies.py::119,0.292687
pandas/tseries/frequencies.py::122,0.292687
pandas/tseries/frequencies.py::130,0.292687
pandas/tseries/frequencies.py::147,0.292687
pandas/tseries/frequencies.py::148,0.292687
pandas/tseries/frequencies.py::149,0.292687
pandas/tseries/frequencies.py::150,0.292687
pandas/tseries/frequencies.py::151,0.292687
pandas/tseries/frequencies.py::154,0.292687
pandas/tseries/frequencies.py::155,0.292687
pandas/tseries/frequencies.py::157,0.292687
pandas/tseries/frequencies.py::159,0.292687
pandas/tseries/frequencies.py::160,0.292687
pandas/tseries/frequencies.py::161,0.292687
pandas/tseries/frequencies.py::162,0.292687
pandas/tseries/frequencies.py::163,0.292687
pandas/tseries/frequencies.py::164,0.292687
pandas/tseries/frequencies.py::168,0.292687
pandas/tseries/frequencies.py::169,0.292687
pandas/tseries/frequencies.py::170,0.292687
pandas/tseries/frequencies.py::171,0.292687
pandas/tseries/frequencies.py::172,0.292687
pandas/tseries/frequencies.py::178,0.292687
pandas/tseries/frequencies.py::181,0.292687
pandas/tseries/frequencies.py::211,0.292687
pandas/tseries/frequencies.py::212,0.292687
pandas/tseries/frequencies.py::213,0.292687
pandas/tseries/frequencies.py::214,0.292687
pandas/tseries/frequencies.py::218,0.292687
pandas/tseries/frequencies.py::231,0.292687
pandas/util/_validators.py::288,0.292687
pandas/util/_validators.py::289,0.292687
pandas/util/_validators.py::290,0.292687
pandas/core/arrays/datetimelike.py::417,0.280576
pandas/core/arrays/datetimelike.py::440,0.280576
pandas/core/arrays/datetimelike.py::622,0.280576
pandas/core/arrays/datetimelike.py::624,0.280576
pandas/core/arrays/datetimelike.py::626,0.280576
pandas/core/arrays/datetimelike.py::627,0.280576
pandas/core/arrays/datetimelike.py::697,0.280576
pandas/core/arrays/datetimelike.py::700,0.280576
pandas/core/arrays/datetimelike.py::701,0.280576
pandas/core/arrays/datetimelike.py::704,0.280576
pandas/core/arrays/datetimelike.py::1014,0.269865
pandas/core/arrays/datetimelike.py::1710,0.269865
pandas/core/arrays/datetimelike.py::1721,0.269865
pandas/core/arrays/datetimelike.py::1740,0.269865
pandas/core/arrays/datetimelike.py::1741,0.269865
pandas/core/arrays/datetimelike.py::1743,0.269865
pandas/core/arrays/datetimelike.py::1744,0.269865
pandas/core/arrays/datetimelike.py::1748,0.269865
pandas/core/arrays/datetimes.py::1711,0.269865
pandas/core/arrays/datetimes.py::1713,0.269865
pandas/core/arrays/datetimes.py::1715,0.269865
pandas/core/arrays/datetimes.py::1722,0.269865
pandas/core/arrays/datetimes.py::1724,0.269865
pandas/core/arrays/datetimes.py::1727,0.269865
pandas/core/arrays/datetimes.py::1729,0.269865
pandas/core/arrays/datetimes.py::1732,0.269865
pandas/core/arrays/datetimes.py::1734,0.269865
pandas/core/arrays/datetimes.py::1741,0.269865
pandas/core/arrays/datetimes.py::1743,0.269865
pandas/core/arrays/datetimes.py::1759,0.269865
pandas/core/arrays/datetimes.py::1764,0.269865
pandas/core/arrays/datetimes.py::1766,0.269865
pandas/core/arrays/datetimes.py::1767,0.269865
pandas/core/arrays/datetimes.py::1770,0.269865
pandas/core/arrays/datetimes.py::1778,0.269865
pandas/core/arrays/datetimes.py::1779,0.269865
pandas/core/arrays/datetimes.py::1791,0.269865
pandas/core/arrays/datetimes.py::1795,0.269865
pandas/core/arrays/datetimes.py::1796,0.269865
pandas/core/arrays/datetimes.py::1799,0.269865
pandas/core/arrays/datetimes.py::1801,0.269865
pandas/core/arrays/datetimes.py::1906,0.269865
pandas/core/arrays/datetimes.py::1914,0.269865
pandas/core/arrays/datetimes.py::1917,0.269865
pandas/core/arrays/datetimes.py::1924,0.269865
pandas/core/arrays/datetimes.py::1931,0.269865
pandas/core/arrays/datetimes.py::1937,0.269865
pandas/core/arrays/datetimes.py::1996,0.269865
pandas/core/arrays/datetimes.py::2013,0.269865
pandas/core/arrays/datetimes.py::2035,0.269865
pandas/core/arrays/datetimes.py::2060,0.269865
pandas/core/arrays/datetimes.py::285,0.269865
pandas/core/arrays/datetimes.py::286,0.269865
pandas/core/arrays/datetimes.py::287,0.269865
pandas/core/arrays/datetimes.py::288,0.269865
pandas/core/arrays/datetimes.py::290,0.269865
pandas/core/arrays/datetimes.py::291,0.269865
pandas/core/arrays/datetimes.py::292,0.269865
pandas/core/arrays/datetimes.py::293,0.269865
pandas/core/arrays/datetimes.py::294,0.269865
pandas/core/arrays/datetimes.py::309,0.269865
pandas/core/arrays/datetimes.py::311,0.269865
pandas/core/arrays/datetimes.py::312,0.269865
pandas/core/arrays/datetimes.py::313,0.269865
pandas/core/arrays/datetimes.py::314,0.269865
pandas/core/arrays/datetimes.py::315,0.269865
pandas/core/arrays/datetimes.py::316,0.269865
pandas/core/arrays/datetimes.py::317,0.269865
pandas/core/arrays/datetimes.py::318,0.269865
pandas/core/arrays/datetimes.py::321,0.269865
pandas/core/arrays/datetimes.py::323,0.269865
pandas/core/arrays/datetimes.py::324,0.269865
pandas/core/arrays/datetimes.py::326,0.269865
pandas/core/arrays/datetimes.py::330,0.269865
pandas/core/arrays/datetimes.py::335,0.269865
pandas/core/arrays/datetimes.py::496,0.269865
pandas/core/arrays/datetimes.py::509,0.269865
pandas/core/arrays/datetimes.py::67,0.269865
pandas/core/arrays/datetimes.py::68,0.269865
pandas/core/indexes/datetimes.py::231,0.269865
pandas/core/indexes/datetimes.py::239,0.269865
pandas/core/indexes/datetimes.py::241,0.269865
pandas/core/indexes/datetimes.py::242,0.269865
pandas/core/indexes/datetimes.py::243,0.269865
pandas/core/indexes/datetimes.py::244,0.269865
pandas/core/indexes/datetimes.py::245,0.269865
pandas/core/indexes/datetimes.py::246,0.269865
pandas/core/indexes/datetimes.py::247,0.269865
pandas/core/indexes/datetimes.py::248,0.269865
pandas/core/indexes/datetimes.py::249,0.269865
pandas/core/indexes/datetimes.py::252,0.269865
pandas/core/indexes/datetimes.py::253,0.269865
pandas/core/indexes/datetimes.py::257,0.269865
pandas/core/indexes/datetimes.py::259,0.269865
pandas/core/indexes/datetimes.py::260,0.269865
pandas/core/indexes/datetimes.py::261,0.269865
pandas/core/indexes/datetimes.py::262,0.269865
pandas/core/indexes/datetimes.py::263,0.269865
pandas/core/indexes/datetimes.py::265,0.269865
pandas/core/indexes/datetimes.py::266,0.269865
pandas/core/indexes/datetimes.py::267,0.269865
pandas/tseries/frequencies.py::117,0.269865
pandas/core/arrays/datetimelike.py::932,0.260304
pandas/core/arrays/datetimelike.py::498,0.251700
pandas/core/arrays/datetimelike.py::456,0.243902
pandas/core/arrays/datetimelike.py::925,0.243902
pandas/tseries/frequencies.py::116,0.243902
pandas/io/formats/printing.py::232,0.230275
pandas/io/formats/printing.py::528,0.230275
pandas/core/frame.py::3527,0.224271
pandas/core/frame.py::3528,0.224271
pandas/core/frame.py::3543,0.224271
pandas/core/frame.py::3544,0.224271
pandas/core/frame.py::3546,0.224271
pandas/core/frame.py::3547,0.224271
pandas/core/frame.py::3548,0.224271
pandas/core/frame.py::3549,0.224271
pandas/core/frame.py::3550,0.224271
pandas/core/indexes/base.py::859,0.218716
pandas/core/indexes/base.py::860,0.218716
pandas/core/indexes/base.py::861,0.218716
pandas/core/indexes/base.py::862,0.218716
pandas/core/indexes/base.py::863,0.218716
pandas/core/indexes/base.py::864,0.218716
pandas/core/indexes/base.py::867,0.218716
pandas/core/indexes/base.py::870,0.218716
pandas/core/indexes/base.py::872,0.218716
pandas/core/indexes/base.py::882,0.218716
pandas/core/indexes/base.py::896,0.218716
pandas/core/indexes/base.py::898,0.218716
pandas/core/indexes/base.py::904,0.218716
pandas/core/indexes/base.py::905,0.218716
pandas/core/indexes/base.py::912,0.218716
pandas/core/reshape/reshape.py::313,0.218716
pandas/core/reshape/reshape.py::403,0.218716
pandas/io/formats/console.py::14,0.218716
pandas/io/formats/console.py::16,0.218716
pandas/io/formats/console.py::17,0.218716
pandas/io/formats/console.py::29,0.218716
pandas/io/formats/console.py::41,0.218716
pandas/io/formats/console.py::46,0.218716
pandas/io/formats/console.py::62,0.218716
pandas/io/formats/console.py::64,0.218716
pandas/io/formats/console.py::65,0.218716
pandas/io/formats/console.py::66,0.218716
pandas/io/formats/console.py::69,0.218716
pandas/io/formats/console.py::71,0.218716
pandas/io/formats/console.py::72,0.218716
pandas/io/formats/console.py::73,0.218716
pandas/io/formats/console.py::74,0.218716
pandas/io/formats/printing.py::279,0.218716
pandas/io/formats/printing.py::280,0.218716
pandas/io/formats/printing.py::319,0.218716
pandas/io/formats/printing.py::320,0.218716
pandas/io/formats/printing.py::322,0.218716
pandas/io/formats/printing.py::323,0.218716
pandas/io/formats/printing.py::325,0.218716
pandas/io/formats/printing.py::326,0.218716
pandas/io/formats/printing.py::328,0.218716
pandas/io/formats/printing.py::329,0.218716
pandas/io/formats/printing.py::330,0.218716
pandas/io/formats/printing.py::331,0.218716
pandas/io/formats/printing.py::336,0.218716
pandas/io/formats/printing.py::337,0.218716
pandas/io/formats/printing.py::342,0.218716
pandas/io/formats/printing.py::343,0.218716
pandas/io/formats/printing.py::346,0.218716
pandas/io/formats/printing.py::349,0.218716
pandas/io/formats/printing.py::352,0.218716
pandas/io/formats/printing.py::353,0.218716
pandas/io/formats/printing.py::361,0.218716
pandas/io/formats/printing.py::367,0.218716
pandas/io/formats/printing.py::369,0.218716
pandas/io/formats/printing.py::371,0.218716
pandas/io/formats/printing.py::374,0.218716
pandas/io/formats/printing.py::453,0.218716
pandas/io/formats/printing.py::520,0.218716
pandas/io/formats/printing.py::521,0.218716
pandas/io/formats/printing.py::523,0.218716
pandas/io/formats/printing.py::524,0.218716
pandas/io/formats/printing.py::531,0.218716
pandas/io/formats/printing.py::532,0.218716
pandas/io/formats/printing.py::534,0.218716
pandas/core/dtypes/common.py::1598,0.208750
pandas/core/reshape/pivot.py::137,0.208750
pandas/core/reshape/pivot.py::143,0.208750
pandas/core/indexes/extension.py::224,0.204255
pandas/io/formats/format.py::393,0.204255
pandas/io/formats/format.py::445,0.204255
pandas/io/formats/format.py::446,0.204255
pandas/io/formats/format.py::449,0.204255
pandas/io/formats/printing.py::198,0.204255
pandas/io/formats/printing.py::199,0.204255
pandas/io/formats/printing.py::200,0.204255
pandas/io/formats/printing.py::201,0.204255
pandas/io/formats/printing.py::208,0.204255
pandas/io/formats/printing.py::210,0.204255
pandas/io/formats/printing.py::211,0.204255
pandas/io/formats/printing.py::212,0.204255
pandas/io/formats/printing.py::213,0.204255
pandas/io/formats/printing.py::215,0.204255
pandas/io/formats/printing.py::217,0.204255
pandas/io/formats/printing.py::223,0.204255
pandas/io/formats/printing.py::231,0.204255
pandas/io/formats/printing.py::236,0.204255
pandas/compat/numpy/function.py::152,0.196078
pandas/compat/numpy/function.py::156,0.196078
pandas/compat/numpy/function.py::157,0.196078
pandas/core/algorithms.py::190,0.196078
pandas/core/algorithms.py::620,0.196078
pandas/core/algorithms.py::621,0.196078
pandas/core/algorithms.py::622,0.196078
pandas/core/arrays/base.py::526,0.196078
pandas/core/arrays/base.py::528,0.196078
pandas/core/arrays/base.py::529,0.196078
pandas/core/arrays/base.py::769,0.196078
pandas/core/arrays/base.py::771,0.196078
pandas/core/arrays/base.py::772,0.196078
pandas/core/arrays/base.py::775,0.196078
pandas/core/arrays/base.py::776,0.196078
pandas/core/generic.py::370,0.196078
pandas/core/sorting.py::259,0.196078
pandas/core/sorting.py::260,0.196078
pandas/core/sorting.py::262,0.196078
pandas/core/sorting.py::263,0.196078
pandas/core/sorting.py::267,0.196078
pandas/core/sorting.py::268,0.196078
pandas/core/sorting.py::269,0.196078
pandas/core/sorting.py::270,0.196078
pandas/core/sorting.py::271,0.196078
pandas/core/sorting.py::274,0.196078
pandas/core/sorting.py::275,0.196078
pandas/core/sorting.py::279,0.196078
pandas/core/sorting.py::280,0.196078
pandas/core/sorting.py::285,0.196078
pandas/util/_validators.py::277,0.196078
pandas/util/_validators.py::278,0.196078
pandas/core/dtypes/missing.py::242,0.192344
pandas/core/indexes/base.py::5724,0.192344
pandas/core/indexes/extension.py::49,0.188816
pandas/core/reshape/util.py::32,0.188816
pandas/core/reshape/util.py::33,0.188816
pandas/core/reshape/util.py::35,0.188816
pandas/core/reshape/util.py::36,0.188816
pandas/core/reshape/util.py::39,0.188816
pandas/core/reshape/util.py::42,0.188816
pandas/core/reshape/util.py::43,0.188816
pandas/core/reshape/util.py::45,0.188816
pandas/core/reshape/util.py::46,0.188816
pandas/core/reshape/util.py::48,0.188816
pandas/core/reshape/util.py::49,0.188816
pandas/core/reshape/util.py::55,0.188816
pandas/core/reshape/util.py::58,0.188816
pandas/core/common.py::250,0.185477
pandas/core/reshape/pivot.py::92,0.176436
pandas/core/reshape/pivot.py::93,0.176436
pandas/core/reshape/pivot.py::94,0.176436
pandas/core/reshape/pivot.py::95,0.176436
pandas/core/reshape/pivot.py::98,0.176436
pandas/core/dtypes/inference.py::385,0.171099
pandas/core/dtypes/inference.py::386,0.171099
pandas/core/dtypes/inference.py::383,0.168607
pandas/core/dtypes/inference.py::384,0.168607
pandas/core/indexes/multi.py::2216,0.168607
pandas/core/indexes/multi.py::2218,0.168607
pandas/core/indexes/multi.py::2236,0.168607
pandas/core/indexes/multi.py::2237,0.168607
pandas/core/indexes/multi.py::2240,0.168607
pandas/core/indexes/multi.py::2241,0.168607
pandas/core/indexes/multi.py::2242,0.168607
pandas/core/indexes/multi.py::2247,0.168607
pandas/core/indexes/multi.py::2257,0.168607
pandas/core/indexes/multi.py::2264,0.168607
pandas/core/internals/blocks.py::1624,0.168607
pandas/core/internals/blocks.py::1627,0.168607
pandas/core/dtypes/common.py::1628,0.166221
pandas/core/dtypes/common.py::1630,0.166221
pandas/core/groupby/ops.py::488,0.163934
pandas/core/groupby/ops.py::489,0.163934
pandas/core/indexes/multi.py::2365,0.163934
pandas/core/indexes/multi.py::2366,0.163934
pandas/core/indexes/multi.py::2369,0.163934
pandas/core/indexes/multi.py::2372,0.163934
pandas/core/indexes/multi.py::2383,0.163934
pandas/core/indexes/multi.py::2386,0.163934
pandas/core/indexes/multi.py::2392,0.163934
pandas/core/indexes/multi.py::2398,0.163934
pandas/core/indexes/multi.py::2400,0.163934
pandas/core/indexes/multi.py::3160,0.159632
pandas/_config/config.py::114,0.155653
pandas/_config/config.py::117,0.155653
pandas/_config/config.py::118,0.155653
pandas/_config/config.py::556,0.155653
pandas/core/construction.py::429,0.153772
pandas/core/construction.py::431,0.153772
pandas/core/construction.py::433,0.153772
pandas/core/construction.py::435,0.153772
pandas/core/reshape/pivot.py::421,0.150208
pandas/core/reshape/pivot.py::417,0.148517
pandas/core/dtypes/missing.py::234,0.146882
pandas/core/dtypes/missing.py::239,0.146882
pandas/core/dtypes/missing.py::243,0.146882
pandas/core/reshape/pivot.py::416,0.142284
pandas/core/dtypes/cast.py::205,0.138094
pandas/core/dtypes/cast.py::206,0.138094
pandas/core/internals/blocks.py::1619,0.138094
pandas/core/internals/blocks.py::1620,0.138094
pandas/core/internals/blocks.py::1623,0.138094
pandas/core/internals/blocks.py::1628,0.138094
pandas/core/internals/blocks.py::1638,0.138094
pandas/core/internals/blocks.py::1648,0.138094
pandas/core/internals/blocks.py::1650,0.138094
pandas/core/internals/blocks.py::1741,0.138094
pandas/core/internals/blocks.py::1742,0.138094
pandas/core/internals/blocks.py::1744,0.138094
pandas/core/internals/blocks.py::1992,0.138094
pandas/core/reshape/pivot.py::413,0.138094
pandas/core/indexes/numeric.py::86,0.136778
pandas/core/indexes/numeric.py::87,0.136778
pandas/core/indexes/numeric.py::88,0.136778
pandas/core/indexes/numeric.py::89,0.136778
pandas/core/indexes/numeric.py::92,0.136778
pandas/core/indexes/numeric.py::93,0.136778
pandas/core/algorithms.py::1556,0.135499
pandas/core/frame.py::4849,0.135499
pandas/core/frame.py::4853,0.135499
pandas/core/frame.py::4856,0.135499
pandas/core/frame.py::4859,0.135499
pandas/core/indexes/base.py::1360,0.135499
pandas/core/indexes/extension.py::63,0.135499
pandas/core/algorithms.py::1543,0.134256
pandas/core/algorithms.py::1546,0.134256
pandas/core/algorithms.py::1548,0.134256
pandas/core/algorithms.py::1557,0.134256
pandas/core/arrays/categorical.py::342,0.134256
pandas/core/arrays/categorical.py::343,0.134256
pandas/core/dtypes/common.py::1592,0.134256
pandas/core/indexes/base.py::5818,0.134256
pandas/core/indexes/base.py::5824,0.134256
pandas/core/dtypes/common.py::633,0.133046
pandas/core/dtypes/common.py::637,0.133046
pandas/core/groupby/groupby.py::2495,0.133046
pandas/core/indexes/extension.py::58,0.130722
pandas/core/indexes/extension.py::59,0.130722
pandas/core/indexes/multi.py::426,0.128516
pandas/core/indexes/multi.py::427,0.128516
pandas/core/indexes/multi.py::429,0.128516
pandas/core/indexes/multi.py::433,0.128516
pandas/core/indexes/multi.py::434,0.128516
pandas/core/indexes/multi.py::439,0.128516
pandas/core/indexes/multi.py::440,0.128516
pandas/core/indexes/multi.py::443,0.128516
pandas/core/indexes/multi.py::444,0.128516
pandas/core/indexes/multi.py::447,0.128516
pandas/core/indexes/multi.py::448,0.128516
pandas/core/indexes/multi.py::449,0.128516
pandas/core/indexes/multi.py::450,0.128516
pandas/core/indexes/multi.py::451,0.128516
pandas/core/indexes/multi.py::452,0.128516
pandas/core/indexes/numeric.py::107,0.125407
pandas/core/indexes/numeric.py::111,0.125407
pandas/core/arrays/categorical.py::2670,0.123457
pandas/core/arrays/categorical.py::2671,0.123457
pandas/core/arrays/categorical.py::2672,0.123457
pandas/core/dtypes/cast.py::447,0.123457
pandas/core/dtypes/cast.py::448,0.123457
pandas/core/indexes/numeric.py::72,0.117286
pandas/core/arrays/categorical.py::2695,0.116478
pandas/core/arrays/categorical.py::2698,0.116478
pandas/core/arrays/categorical.py::2656,0.115687
pandas/core/arrays/categorical.py::2659,0.115687
pandas/core/arrays/categorical.py::2673,0.115687
pandas/core/indexes/base.py::1998,0.115687
pandas/core/indexes/base.py::1999,0.115687
pandas/core/algorithms.py::100,0.114912
pandas/core/algorithms.py::104,0.114912
pandas/core/algorithms.py::105,0.114912
pandas/core/algorithms.py::99,0.114912
pandas/core/dtypes/common.py::1378,0.114912
pandas/core/groupby/groupby.py::2491,0.114912
pandas/core/groupby/groupby.py::2492,0.114912
pandas/core/groupby/groupby.py::2493,0.114912
pandas/core/groupby/grouper.py::392,0.114912
pandas/core/reshape/pivot.py::126,0.113407
pandas/core/reshape/pivot.py::127,0.113407
pandas/core/reshape/pivot.py::128,0.113407
pandas/core/reshape/pivot.py::134,0.113407
pandas/core/groupby/groupby.py::2487,0.112677
pandas/core/frame.py::6063,0.111257
pandas/core/frame.py::6065,0.111257
pandas/core/frame.py::6066,0.111257
pandas/core/frame.py::6067,0.111257
pandas/core/frame.py::6068,0.111257
pandas/core/frame.py::6069,0.111257
pandas/core/frame.py::6070,0.111257
pandas/core/frame.py::6071,0.111257
pandas/core/frame.py::6072,0.111257
pandas/core/frame.py::6073,0.111257
pandas/core/frame.py::6074,0.111257
pandas/core/frame.py::6075,0.111257
pandas/core/indexes/multi.py::3145,0.110567
pandas/core/indexes/multi.py::3148,0.110567
pandas/core/indexes/multi.py::3156,0.110567
pandas/core/indexes/multi.py::3159,0.110567
pandas/core/indexes/multi.py::642,0.110567
pandas/core/groupby/groupby.py::1223,0.109225
pandas/core/groupby/groupby.py::1224,0.109225
pandas/core/groupby/groupby.py::1225,0.109225
pandas/core/groupby/groupby.py::1226,0.109225
pandas/core/groupby/grouper.py::378,0.109225
pandas/core/groupby/ops.py::106,0.109225
pandas/core/groupby/ops.py::282,0.109225
pandas/core/groupby/ops.py::283,0.109225
pandas/core/groupby/ops.py::294,0.109225
pandas/core/groupby/ops.py::295,0.109225
pandas/core/groupby/ops.py::296,0.109225
pandas/core/groupby/ops.py::303,0.109225
pandas/core/groupby/ops.py::304,0.109225
pandas/core/groupby/ops.py::305,0.109225
pandas/core/groupby/ops.py::306,0.109225
pandas/core/groupby/ops.py::308,0.109225
pandas/core/indexes/frozen.py::68,0.109225
pandas/core/sorting.py::130,0.109225
pandas/core/sorting.py::131,0.109225
pandas/core/sorting.py::132,0.109225
pandas/core/sorting.py::134,0.109225
pandas/core/sorting.py::139,0.109225
pandas/core/sorting.py::144,0.109225
pandas/core/sorting.py::145,0.109225
pandas/core/sorting.py::146,0.109225
pandas/core/sorting.py::147,0.109225
pandas/core/sorting.py::148,0.109225
pandas/core/sorting.py::149,0.109225
pandas/core/sorting.py::150,0.109225
pandas/core/sorting.py::151,0.109225
pandas/core/sorting.py::152,0.109225
pandas/core/sorting.py::153,0.109225
pandas/core/sorting.py::154,0.109225
pandas/core/sorting.py::166,0.109225
pandas/core/sorting.py::170,0.109225
pandas/core/sorting.py::172,0.109225
pandas/core/sorting.py::173,0.109225
pandas/core/sorting.py::92,0.109225
pandas/core/sorting.py::93,0.109225
pandas/core/sorting.py::94,0.109225
pandas/core/sorting.py::95,0.109225
pandas/core/groupby/grouper.py::409,0.108573
pandas/core/groupby/grouper.py::411,0.108573
pandas/core/groupby/grouper.py::415,0.108573
pandas/core/groupby/grouper.py::416,0.108573
pandas/core/groupby/grouper.py::417,0.108573
pandas/core/groupby/grouper.py::418,0.108573
pandas/core/indexes/multi.py::647,0.108573
pandas/core/indexes/multi.py::646,0.107931
pandas/core/indexes/multi.py::649,0.107931
pandas/core/indexes/multi.py::651,0.107931
pandas/core/indexes/multi.py::652,0.107931
pandas/core/indexes/multi.py::653,0.107931
pandas/core/indexes/multi.py::655,0.107931
pandas/core/indexes/multi.py::657,0.107931
pandas/core/indexes/multi.py::658,0.107931
pandas/core/indexes/multi.py::660,0.107931
pandas/core/indexes/multi.py::661,0.107931
pandas/core/base.py::262,0.106682
pandas/core/base.py::264,0.106682
pandas/core/base.py::265,0.106682
pandas/core/base.py::266,0.106682
pandas/core/base.py::267,0.106682
pandas/core/base.py::311,0.106682
pandas/core/dtypes/dtypes.py::556,0.106074
pandas/core/indexes/multi.py::1489,0.106074
pandas/core/indexes/multi.py::1490,0.106074
pandas/core/indexes/multi.py::1491,0.106074
pandas/core/indexes/multi.py::1492,0.106074
pandas/core/indexes/multi.py::1494,0.106074
pandas/core/indexes/multi.py::1495,0.106074
pandas/core/indexes/base.py::2019,0.104888
pandas/core/arrays/categorical.py::354,0.103181
pandas/core/arrays/categorical.py::355,0.103181
pandas/core/arrays/categorical.py::374,0.103181
pandas/core/frame.py::6378,0.103181
pandas/core/frame.py::6380,0.103181
pandas/core/indexes/base.py::632,0.103181
pandas/core/indexes/base.py::635,0.103181
pandas/core/indexes/base.py::636,0.103181
pandas/core/indexes/base.py::637,0.103181
pandas/core/indexes/base.py::638,0.103181
pandas/core/generic.py::5697,0.102089
pandas/core/generic.py::5698,0.102089
pandas/core/indexes/multi.py::104,0.102089
pandas/core/indexes/multi.py::109,0.102089
pandas/core/indexes/multi.py::114,0.102089
pandas/core/indexes/multi.py::966,0.102089
pandas/core/indexes/multi.py::969,0.102089
pandas/core/indexes/multi.py::976,0.102089
pandas/core/indexes/multi.py::979,0.102089
pandas/core/indexes/multi.py::982,0.102089
pandas/core/internals/managers.py::797,0.102089
pandas/core/internals/managers.py::800,0.102089
pandas/core/internals/managers.py::801,0.102089
pandas/core/internals/managers.py::803,0.102089
pandas/core/internals/managers.py::807,0.102089
pandas/core/internals/managers.py::808,0.102089
pandas/core/internals/managers.py::809,0.102089
pandas/core/arrays/categorical.py::333,0.101556
pandas/core/arrays/categorical.py::336,0.101556
pandas/core/arrays/categorical.py::339,0.101556
pandas/core/arrays/categorical.py::353,0.101556
pandas/core/arrays/categorical.py::387,0.101556
pandas/core/arrays/categorical.py::393,0.101556
pandas/core/arrays/categorical.py::394,0.101556
pandas/core/groupby/generic.py::1010,0.101556
pandas/core/groupby/ops.py::444,0.101556
pandas/core/groupby/ops.py::501,0.101556
pandas/core/groupby/ops.py::502,0.101556
pandas/core/groupby/ops.py::503,0.101556
pandas/core/groupby/ops.py::504,0.101556
pandas/core/groupby/ops.py::505,0.101556
pandas/core/groupby/ops.py::509,0.101556
pandas/core/groupby/ops.py::568,0.101556
pandas/core/internals/blocks.py::1301,0.101556
pandas/core/internals/managers.py::732,0.101556
pandas/core/internals/managers.py::733,0.101556
pandas/core/internals/managers.py::737,0.101556
pandas/core/internals/managers.py::741,0.101556
pandas/core/internals/managers.py::742,0.101556
pandas/core/internals/managers.py::744,0.101556
pandas/core/internals/managers.py::745,0.101556
pandas/core/internals/managers.py::746,0.101556
pandas/core/internals/managers.py::747,0.101556
pandas/core/internals/managers.py::748,0.101556
pandas/core/internals/managers.py::750,0.101556
pandas/core/internals/managers.py::752,0.101556
pandas/core/internals/managers.py::753,0.101556
pandas/core/internals/managers.py::755,0.101556
pandas/core/groupby/generic.py::1007,0.101031
pandas/core/groupby/generic.py::1009,0.101031
pandas/core/groupby/generic.py::1012,0.101031
pandas/core/groupby/generic.py::1013,0.101031
pandas/core/groupby/generic.py::1014,0.101031
pandas/core/groupby/generic.py::1016,0.101031
pandas/core/groupby/generic.py::1017,0.101031
pandas/core/groupby/generic.py::1019,0.101031
pandas/core/groupby/generic.py::1020,0.101031
pandas/core/groupby/generic.py::1022,0.101031
pandas/core/groupby/generic.py::1023,0.101031
pandas/core/groupby/generic.py::1024,0.101031
pandas/core/groupby/generic.py::1025,0.101031
pandas/core/groupby/generic.py::1026,0.101031
pandas/core/groupby/generic.py::1072,0.101031
pandas/core/groupby/generic.py::1074,0.101031
pandas/core/groupby/generic.py::1076,0.101031
pandas/core/groupby/generic.py::1078,0.101031
pandas/core/groupby/generic.py::1092,0.101031
pandas/core/groupby/generic.py::1094,0.101031
pandas/core/groupby/generic.py::1095,0.101031
pandas/core/groupby/generic.py::1097,0.101031
pandas/core/groupby/generic.py::1100,0.101031
pandas/core/groupby/generic.py::1110,0.101031
pandas/core/groupby/generic.py::1111,0.101031
pandas/core/groupby/generic.py::1113,0.101031
pandas/core/groupby/generic.py::1125,0.101031
pandas/core/groupby/generic.py::1126,0.101031
pandas/core/groupby/generic.py::1127,0.101031
pandas/core/groupby/generic.py::1128,0.101031
pandas/core/groupby/generic.py::1129,0.101031
pandas/core/groupby/generic.py::1131,0.101031
pandas/core/groupby/generic.py::996,0.101031
pandas/core/groupby/generic.py::997,0.101031
pandas/core/groupby/generic.py::999,0.101031
pandas/core/internals/managers.py::1298,0.101031
pandas/core/internals/managers.py::1305,0.101031
pandas/core/dtypes/missing.py::525,0.100514
pandas/core/groupby/ops.py::371,0.100514
pandas/core/groupby/ops.py::372,0.100514
pandas/core/groupby/ops.py::373,0.100514
pandas/core/groupby/ops.py::374,0.100514
pandas/core/groupby/ops.py::461,0.100514
pandas/core/groupby/ops.py::479,0.100514
pandas/core/groupby/ops.py::481,0.100514
pandas/core/groupby/ops.py::571,0.100514
pandas/core/groupby/ops.py::577,0.100514
pandas/core/dtypes/missing.py::397,0.100005
pandas/core/dtypes/missing.py::398,0.100005
pandas/core/dtypes/missing.py::399,0.100005
pandas/core/dtypes/missing.py::524,0.100005
pandas/core/dtypes/missing.py::526,0.100005
pandas/core/groupby/ops.py::361,0.100005
pandas/core/groupby/ops.py::362,0.100005
pandas/core/groupby/ops.py::366,0.100005
pandas/core/groupby/ops.py::367,0.100005
pandas/core/groupby/ops.py::411,0.100005
pandas/core/groupby/ops.py::412,0.100005
pandas/core/groupby/ops.py::425,0.100005
pandas/core/groupby/ops.py::436,0.100005
pandas/core/groupby/ops.py::437,0.100005
pandas/core/groupby/ops.py::439,0.100005
pandas/core/groupby/ops.py::441,0.100005
pandas/core/groupby/ops.py::454,0.100005
pandas/core/groupby/ops.py::456,0.100005
pandas/core/groupby/ops.py::467,0.100005
pandas/core/groupby/ops.py::473,0.100005
pandas/core/groupby/ops.py::474,0.100005
pandas/core/groupby/ops.py::476,0.100005
pandas/core/groupby/ops.py::493,0.100005
pandas/core/groupby/ops.py::495,0.100005
pandas/core/groupby/ops.py::496,0.100005
pandas/core/groupby/ops.py::497,0.100005
pandas/core/groupby/ops.py::511,0.100005
pandas/core/groupby/ops.py::513,0.100005
pandas/core/groupby/ops.py::516,0.100005
pandas/core/groupby/ops.py::517,0.100005
pandas/core/groupby/ops.py::521,0.100005
pandas/core/groupby/ops.py::523,0.100005
pandas/core/groupby/ops.py::524,0.100005
pandas/core/groupby/ops.py::525,0.100005
pandas/core/groupby/ops.py::527,0.100005
pandas/core/groupby/ops.py::528,0.100005
pandas/core/groupby/ops.py::529,0.100005
pandas/core/groupby/ops.py::541,0.100005
pandas/core/groupby/ops.py::547,0.100005
pandas/core/groupby/ops.py::558,0.100005
pandas/core/groupby/ops.py::562,0.100005
pandas/core/groupby/ops.py::565,0.100005
pandas/core/groupby/ops.py::567,0.100005
pandas/core/groupby/ops.py::570,0.100005
pandas/core/groupby/ops.py::580,0.100005
pandas/core/groupby/ops.py::585,0.100005
pandas/core/groupby/ops.py::586,0.100005
pandas/core/groupby/ops.py::602,0.100005
pandas/core/groupby/ops.py::607,0.100005
pandas/core/groupby/ops.py::609,0.100005
pandas/core/reshape/reshape.py::399,0.100005
pandas/core/reshape/reshape.py::400,0.100005
pandas/core/dtypes/common.py::1784,0.099504
pandas/core/dtypes/common.py::1787,0.099504
pandas/core/internals/blocks.py::1290,0.099504
pandas/core/internals/blocks.py::1291,0.099504
pandas/core/groupby/generic.py::1648,0.099010
pandas/core/groupby/generic.py::1649,0.099010
pandas/core/groupby/generic.py::1652,0.099010
pandas/core/groupby/generic.py::1729,0.099010
pandas/core/groupby/generic.py::1737,0.099010
pandas/core/groupby/generic.py::1738,0.099010
pandas/core/groupby/generic.py::1739,0.099010
pandas/core/groupby/generic.py::1741,0.099010
pandas/core/groupby/generic.py::1744,0.099010
pandas/core/groupby/generic.py::933,0.099010
pandas/core/dtypes/common.py::1267,0.098523
pandas/core/dtypes/common.py::1268,0.098523
pandas/core/base.py::211,0.098044
pandas/core/frame.py::3815,0.098044
pandas/core/frame.py::3816,0.098044
pandas/core/frame.py::3817,0.098044
pandas/core/frame.py::3818,0.098044
pandas/core/frame.py::3819,0.098044
pandas/core/frame.py::3820,0.098044
pandas/core/frame.py::3821,0.098044
pandas/core/frame.py::3822,0.098044
pandas/core/generic.py::3876,0.098044
pandas/core/generic.py::3878,0.098044
pandas/core/generic.py::3879,0.098044
pandas/core/generic.py::3881,0.098044
pandas/core/generic.py::3882,0.098044
pandas/core/generic.py::3890,0.098044
pandas/core/generic.py::3892,0.098044
pandas/core/generic.py::3893,0.098044
pandas/core/generic.py::3894,0.098044
pandas/core/generic.py::3896,0.098044
pandas/core/generic.py::3899,0.098044
pandas/core/generic.py::3918,0.098044
pandas/core/generic.py::3919,0.098044
pandas/core/generic.py::3920,0.098044
pandas/core/generic.py::3922,0.098044
pandas/core/generic.py::3923,0.098044
pandas/core/generic.py::3928,0.098044
pandas/core/generic.py::3929,0.098044
pandas/core/generic.py::3954,0.098044
pandas/core/groupby/ops.py::290,0.098044
pandas/core/indexes/multi.py::1078,0.098044
pandas/core/indexes/multi.py::1079,0.098044
pandas/core/indexes/multi.py::1080,0.098044
pandas/core/frame.py::3517,0.097572
pandas/core/frame.py::3519,0.097572
pandas/core/frame.py::3520,0.097572
pandas/core/frame.py::3521,0.097572
pandas/core/frame.py::3522,0.097572
pandas/core/frame.py::3525,0.097572
pandas/core/frame.py::3526,0.097572
pandas/core/frame.py::3531,0.097572
pandas/core/frame.py::3563,0.097572
pandas/core/frame.py::3564,0.097572
pandas/core/frame.py::3566,0.097572
pandas/core/frame.py::3567,0.097572
pandas/core/frame.py::3568,0.097572
pandas/core/frame.py::3569,0.097572
pandas/core/frame.py::3570,0.097572
pandas/core/frame.py::3676,0.097572
pandas/core/frame.py::3677,0.097572
pandas/core/frame.py::3679,0.097572
pandas/core/frame.py::3680,0.097572
pandas/core/frame.py::3681,0.097572
pandas/core/generic.py::335,0.097572
pandas/core/generic.py::336,0.097572
pandas/core/generic.py::337,0.097572
pandas/core/generic.py::338,0.097572
pandas/core/generic.py::4468,0.097572
pandas/core/indexes/multi.py::3142,0.097572
pandas/core/indexes/numeric.py::51,0.097572
pandas/core/indexes/numeric.py::52,0.097572
pandas/core/indexes/numeric.py::55,0.097572
pandas/core/indexes/numeric.py::65,0.097572
pandas/core/indexes/numeric.py::68,0.097572
pandas/core/indexes/numeric.py::74,0.097572
pandas/core/indexes/numeric.py::78,0.097572
pandas/core/indexes/numeric.py::79,0.097572
pandas/core/sorting.py::388,0.097572
pandas/core/sorting.py::395,0.097572
pandas/core/sorting.py::398,0.097572
pandas/core/sorting.py::399,0.097572
pandas/core/sorting.py::401,0.097572
pandas/core/sorting.py::404,0.097572
pandas/core/sorting.py::405,0.097572
pandas/core/sorting.py::408,0.097572
pandas/core/sorting.py::410,0.097572
pandas/core/sorting.py::88,0.097572
pandas/util/_decorators.py::225,0.097572
pandas/util/_validators.py::255,0.097572
pandas/util/_validators.py::260,0.097572
pandas/util/_validators.py::265,0.097572
pandas/util/_validators.py::274,0.097572
pandas/util/_validators.py::275,0.097572
pandas/util/_validators.py::276,0.097572
pandas/util/_validators.py::280,0.097572
pandas/util/_validators.py::286,0.097572
pandas/util/_validators.py::287,0.097572
pandas/util/_validators.py::310,0.097572
pandas/core/base.py::207,0.097106
pandas/core/base.py::210,0.097106
pandas/core/common.py::253,0.097106
pandas/core/common.py::254,0.097106
pandas/core/dtypes/cast.py::193,0.097106
pandas/core/dtypes/cast.py::198,0.097106
pandas/core/dtypes/cast.py::203,0.097106
pandas/core/groupby/grouper.py::537,0.097106
pandas/core/indexes/multi.py::1050,0.097106
pandas/core/indexes/multi.py::1051,0.097106
pandas/core/indexes/multi.py::1059,0.097106
pandas/core/indexes/multi.py::1060,0.097106
pandas/core/indexes/multi.py::1061,0.097106
pandas/core/indexes/multi.py::1062,0.097106
pandas/core/indexes/multi.py::1063,0.097106
pandas/core/indexes/multi.py::1064,0.097106
pandas/core/indexes/multi.py::1065,0.097106
pandas/core/indexes/multi.py::1066,0.097106
pandas/core/indexes/multi.py::1067,0.097106
pandas/core/indexes/multi.py::1068,0.097106
pandas/core/indexes/multi.py::1069,0.097106
pandas/core/sorting.py::107,0.097106
pandas/core/sorting.py::379,0.097106
pandas/core/sorting.py::380,0.097106
pandas/core/sorting.py::382,0.097106
pandas/core/sorting.py::385,0.097106
pandas/core/sorting.py::387,0.097106
pandas/core/sorting.py::390,0.097106
pandas/core/sorting.py::54,0.097106
pandas/core/sorting.py::55,0.097106
pandas/core/sorting.py::56,0.097106
pandas/core/sorting.py::57,0.097106
pandas/core/sorting.py::58,0.097106
pandas/core/sorting.py::60,0.097106
pandas/core/sorting.py::62,0.097106
pandas/core/sorting.py::67,0.097106
pandas/core/sorting.py::68,0.097106
pandas/core/sorting.py::71,0.097106
pandas/core/sorting.py::72,0.097106
pandas/core/sorting.py::76,0.097106
pandas/core/sorting.py::78,0.097106
pandas/core/sorting.py::81,0.097106
pandas/core/sorting.py::82,0.097106
pandas/core/sorting.py::84,0.097106
pandas/core/sorting.py::85,0.097106
pandas/core/sorting.py::89,0.097106
pandas/core/sorting.py::91,0.097106
pandas/core/sorting.py::97,0.097106
pandas/core/sorting.py::98,0.097106
pandas/core/dtypes/cast.py::189,0.096647
pandas/core/generic.py::353,0.096647
pandas/core/generic.py::354,0.096647
pandas/core/generic.py::4432,0.096647
pandas/core/generic.py::4436,0.096647
pandas/core/generic.py::4437,0.096647
pandas/core/generic.py::4438,0.096647
pandas/core/generic.py::4486,0.096647
pandas/core/generic.py::4487,0.096647
pandas/core/generic.py::4488,0.096647
pandas/core/generic.py::4489,0.096647
pandas/core/generic.py::4491,0.096647
pandas/core/generic.py::4494,0.096647
pandas/core/generic.py::4495,0.096647
pandas/core/generic.py::4496,0.096647
pandas/core/generic.py::4499,0.096647
pandas/core/generic.py::4500,0.096647
pandas/core/generic.py::4501,0.096647
pandas/core/generic.py::4502,0.096647
pandas/core/generic.py::4503,0.096647
pandas/core/generic.py::4504,0.096647
pandas/core/generic.py::4505,0.096647
pandas/core/generic.py::4508,0.096647
pandas/core/generic.py::4511,0.096647
pandas/core/groupby/groupby.py::2479,0.096647
pandas/core/groupby/groupby.py::2480,0.096647
pandas/core/groupby/groupby.py::2482,0.096647
pandas/core/indexes/base.py::3257,0.096647
pandas/core/internals/managers.py::1289,0.096647
pandas/core/reshape/pivot.py::174,0.096647
pandas/core/reshape/pivot.py::181,0.096647
pandas/core/reshape/pivot.py::185,0.096647
pandas/core/reshape/pivot.py::188,0.096647
pandas/core/dtypes/cast.py::446,0.096194
pandas/core/generic.py::330,0.096194
pandas/core/generic.py::331,0.096194
pandas/core/generic.py::334,0.096194
pandas/core/generic.py::343,0.096194
pandas/core/generic.py::344,0.096194
pandas/core/generic.py::4399,0.096194
pandas/core/generic.py::4400,0.096194
pandas/core/generic.py::4401,0.096194
pandas/core/generic.py::4402,0.096194
pandas/core/generic.py::4403,0.096194
pandas/core/generic.py::4404,0.096194
pandas/core/generic.py::4405,0.096194
pandas/core/generic.py::4410,0.096194
pandas/core/generic.py::4412,0.096194
pandas/core/generic.py::4418,0.096194
pandas/core/generic.py::4422,0.096194
pandas/core/generic.py::4423,0.096194
pandas/core/generic.py::4424,0.096194
pandas/core/generic.py::4425,0.096194
pandas/core/groupby/grouper.py::536,0.096194
pandas/core/indexes/base.py::4282,0.096194
pandas/core/indexes/multi.py::1320,0.096194
pandas/core/common.py::202,0.095748
pandas/core/generic.py::363,0.095748
pandas/core/generic.py::364,0.095748
pandas/core/groupby/grouper.py::399,0.095748
pandas/core/indexes/base.py::5181,0.095748
pandas/core/indexes/base.py::5232,0.095748
pandas/core/indexes/multi.py::699,0.095748
pandas/core/indexes/multi.py::701,0.095748
pandas/core/indexes/multi.py::703,0.095748
pandas/core/indexes/multi.py::704,0.095748
pandas/core/generic.py::1510,0.095308
pandas/core/generic.py::1511,0.095308
pandas/core/generic.py::1514,0.095308
pandas/core/generic.py::1515,0.095308
pandas/core/generic.py::1516,0.095308
pandas/core/groupby/grouper.py::571,0.095308
pandas/core/groupby/grouper.py::589,0.095308
pandas/core/groupby/grouper.py::590,0.095308
pandas/core/groupby/grouper.py::591,0.095308
pandas/core/groupby/grouper.py::592,0.095308
pandas/core/groupby/grouper.py::593,0.095308
pandas/core/groupby/grouper.py::648,0.095308
pandas/core/groupby/grouper.py::649,0.095308
pandas/core/indexes/multi.py::688,0.095308
pandas/core/indexes/multi.py::851,0.095308
pandas/core/aggregation.py::185,0.094874
pandas/core/common.py::249,0.094874
pandas/core/common.py::252,0.094874
pandas/core/common.py::258,0.094874
pandas/core/common.py::260,0.094874
pandas/core/frame.py::4826,0.094874
pandas/core/frame.py::4828,0.094874
pandas/core/frame.py::4829,0.094874
pandas/core/frame.py::4833,0.094874
pandas/core/frame.py::4834,0.094874
pandas/core/frame.py::4840,0.094874
pandas/core/groupby/grouper.py::576,0.094874
pandas/core/indexes/base.py::1169,0.094874
pandas/core/indexes/base.py::1171,0.094874
pandas/core/indexes/base.py::1173,0.094874
pandas/core/indexes/base.py::1174,0.094874
pandas/core/indexes/base.py::1564,0.094874
pandas/core/indexes/base.py::5224,0.094874
pandas/core/indexes/base.py::5225,0.094874
pandas/core/indexes/base.py::5226,0.094874
pandas/core/indexes/base.py::5227,0.094874
pandas/core/indexes/base.py::5228,0.094874
pandas/core/internals/blocks.py::656,0.094874
pandas/core/reshape/pivot.py::150,0.094874
pandas/core/base.py::72,0.094446
pandas/core/base.py::73,0.094446
pandas/core/dtypes/missing.py::259,0.094446
pandas/core/dtypes/missing.py::263,0.094446
pandas/core/generic.py::5744,0.094446
pandas/core/generic.py::5745,0.094446
pandas/core/generic.py::5746,0.094446
pandas/core/generic.py::5747,0.094446
pandas/core/generic.py::5748,0.094446
pandas/core/generic.py::5749,0.094446
pandas/core/generic.py::5750,0.094446
pandas/core/generic.py::5751,0.094446
pandas/core/generic.py::5752,0.094446
pandas/core/generic.py::5753,0.094446
pandas/core/generic.py::5754,0.094446
pandas/core/generic.py::5755,0.094446
pandas/core/generic.py::5757,0.094446
pandas/core/groupby/grouper.py::397,0.094446
pandas/core/groupby/ops.py::233,0.094446
pandas/core/groupby/ops.py::300,0.094446
pandas/core/indexes/multi.py::1269,0.094446
pandas/core/indexes/multi.py::1298,0.094446
pandas/core/indexes/multi.py::1300,0.094446
pandas/core/indexes/multi.py::1302,0.094446
pandas/core/indexes/multi.py::1303,0.094446
pandas/core/indexes/multi.py::1305,0.094446
pandas/core/indexes/multi.py::1310,0.094446
pandas/core/indexes/multi.py::1311,0.094446
pandas/core/indexes/multi.py::1316,0.094446
pandas/core/indexes/multi.py::1317,0.094446
pandas/core/indexes/multi.py::1324,0.094446
pandas/core/indexes/multi.py::1327,0.094446
pandas/core/indexes/multi.py::269,0.094446
pandas/core/indexes/multi.py::271,0.094446
pandas/core/indexes/multi.py::273,0.094446
pandas/core/indexes/multi.py::275,0.094446
pandas/core/indexes/multi.py::278,0.094446
pandas/core/indexes/multi.py::279,0.094446
pandas/core/indexes/multi.py::282,0.094446
pandas/core/indexes/multi.py::283,0.094446
pandas/core/indexes/multi.py::285,0.094446
pandas/core/indexes/multi.py::286,0.094446
pandas/core/indexes/multi.py::288,0.094446
pandas/core/indexes/multi.py::290,0.094446
pandas/core/indexes/multi.py::293,0.094446
pandas/core/indexes/multi.py::295,0.094446
pandas/core/indexes/multi.py::299,0.094446
pandas/core/indexes/multi.py::300,0.094446
pandas/core/indexes/multi.py::302,0.094446
pandas/core/indexes/multi.py::3566,0.094446
pandas/core/indexes/multi.py::3567,0.094446
pandas/core/indexes/multi.py::3569,0.094446
pandas/core/indexes/multi.py::3570,0.094446
pandas/core/indexes/multi.py::712,0.094446
pandas/core/indexes/multi.py::720,0.094446
pandas/core/indexes/multi.py::721,0.094446
pandas/core/indexes/multi.py::722,0.094446
pandas/core/indexes/multi.py::731,0.094446
pandas/core/indexes/multi.py::735,0.094446
pandas/core/indexes/multi.py::736,0.094446
pandas/core/indexes/multi.py::737,0.094446
pandas/core/indexes/multi.py::740,0.094446
pandas/core/indexes/multi.py::741,0.094446
pandas/core/indexes/multi.py::837,0.094446
pandas/core/indexes/multi.py::856,0.094446
pandas/core/indexes/multi.py::862,0.094446
pandas/core/indexes/multi.py::863,0.094446
pandas/core/indexes/multi.py::864,0.094446
pandas/core/indexes/multi.py::865,0.094446
pandas/core/indexes/multi.py::875,0.094446
pandas/core/indexes/multi.py::878,0.094446
pandas/core/indexes/multi.py::880,0.094446
pandas/core/indexes/multi.py::881,0.094446
pandas/core/internals/managers.py::600,0.094446
pandas/core/internals/managers.py::601,0.094446
pandas/core/internals/managers.py::602,0.094446
pandas/core/internals/managers.py::603,0.094446
pandas/core/internals/managers.py::604,0.094446
pandas/core/internals/managers.py::605,0.094446
pandas/core/internals/managers.py::606,0.094446
pandas/core/reshape/pivot.py::136,0.094446
pandas/core/reshape/pivot.py::149,0.094446
pandas/core/reshape/pivot.py::152,0.094446
pandas/core/reshape/pivot.py::157,0.094446
pandas/core/aggregation.py::183,0.094023
pandas/core/aggregation.py::184,0.094023
pandas/core/base.py::304,0.094023
pandas/core/base.py::306,0.094023
pandas/core/base.py::307,0.094023
pandas/core/base.py::308,0.094023
pandas/core/base.py::310,0.094023
pandas/core/base.py::70,0.094023
pandas/core/frame.py::5749,0.094023
pandas/core/frame.py::5751,0.094023
pandas/core/frame.py::5753,0.094023
pandas/core/frame.py::5755,0.094023
pandas/core/frame.py::5756,0.094023
pandas/core/frame.py::5757,0.094023
pandas/core/frame.py::5758,0.094023
pandas/core/frame.py::5759,0.094023
pandas/core/frame.py::5760,0.094023
pandas/core/frame.py::5761,0.094023
pandas/core/frame.py::5762,0.094023
pandas/core/frame.py::5763,0.094023
pandas/core/frame.py::5764,0.094023
pandas/core/groupby/generic.py::912,0.094023
pandas/core/groupby/generic.py::913,0.094023
pandas/core/groupby/generic.py::917,0.094023
pandas/core/groupby/generic.py::925,0.094023
pandas/core/groupby/generic.py::929,0.094023
pandas/core/groupby/generic.py::931,0.094023
pandas/core/groupby/generic.py::932,0.094023
pandas/core/groupby/groupby.py::378,0.094023
pandas/core/groupby/groupby.py::380,0.094023
pandas/core/groupby/groupby.py::381,0.094023
pandas/core/groupby/groupby.py::383,0.094023
pandas/core/groupby/groupby.py::385,0.094023
pandas/core/groupby/groupby.py::391,0.094023
pandas/core/groupby/groupby.py::392,0.094023
pandas/core/groupby/groupby.py::393,0.094023
pandas/core/groupby/groupby.py::394,0.094023
pandas/core/groupby/groupby.py::395,0.094023
pandas/core/groupby/groupby.py::396,0.094023
pandas/core/groupby/groupby.py::397,0.094023
pandas/core/groupby/groupby.py::399,0.094023
pandas/core/groupby/groupby.py::400,0.094023
pandas/core/groupby/groupby.py::402,0.094023
pandas/core/groupby/groupby.py::403,0.094023
pandas/core/groupby/groupby.py::404,0.094023
pandas/core/groupby/groupby.py::405,0.094023
pandas/core/groupby/groupby.py::406,0.094023
pandas/core/groupby/groupby.py::407,0.094023
pandas/core/groupby/groupby.py::408,0.094023
pandas/core/groupby/groupby.py::409,0.094023
pandas/core/groupby/groupby.py::412,0.094023
pandas/core/groupby/groupby.py::413,0.094023
pandas/core/groupby/groupby.py::414,0.094023
pandas/core/groupby/groupby.py::415,0.094023
pandas/core/groupby/groupby.py::574,0.094023
pandas/core/groupby/groupby.py::575,0.094023
pandas/core/groupby/grouper.py::253,0.094023
pandas/core/groupby/grouper.py::254,0.094023
pandas/core/groupby/grouper.py::255,0.094023
pandas/core/groupby/grouper.py::256,0.094023
pandas/core/groupby/grouper.py::257,0.094023
pandas/core/groupby/grouper.py::258,0.094023
pandas/core/groupby/grouper.py::259,0.094023
pandas/core/groupby/grouper.py::260,0.094023
pandas/core/groupby/grouper.py::261,0.094023
pandas/core/groupby/grouper.py::264,0.094023
pandas/core/groupby/grouper.py::267,0.094023
pandas/core/groupby/grouper.py::273,0.094023
pandas/core/groupby/grouper.py::290,0.094023
pandas/core/groupby/grouper.py::302,0.094023
pandas/core/groupby/grouper.py::305,0.094023
pandas/core/groupby/grouper.py::309,0.094023
pandas/core/groupby/grouper.py::335,0.094023
pandas/core/groupby/grouper.py::339,0.094023
pandas/core/groupby/grouper.py::340,0.094023
pandas/core/groupby/grouper.py::360,0.094023
pandas/core/groupby/grouper.py::361,0.094023
pandas/core/groupby/grouper.py::363,0.094023
pandas/core/groupby/grouper.py::391,0.094023
pandas/core/groupby/grouper.py::393,0.094023
pandas/core/groupby/grouper.py::403,0.094023
pandas/core/groupby/grouper.py::405,0.094023
pandas/core/groupby/grouper.py::406,0.094023
pandas/core/groupby/grouper.py::457,0.094023
pandas/core/groupby/grouper.py::461,0.094023
pandas/core/groupby/grouper.py::507,0.094023
pandas/core/groupby/grouper.py::515,0.094023
pandas/core/groupby/grouper.py::518,0.094023
pandas/core/groupby/grouper.py::522,0.094023
pandas/core/groupby/grouper.py::523,0.094023
pandas/core/groupby/grouper.py::526,0.094023
pandas/core/groupby/grouper.py::527,0.094023
pandas/core/groupby/grouper.py::528,0.094023
pandas/core/groupby/grouper.py::529,0.094023
pandas/core/groupby/grouper.py::534,0.094023
pandas/core/groupby/grouper.py::535,0.094023
pandas/core/groupby/grouper.py::551,0.094023
pandas/core/groupby/grouper.py::556,0.094023
pandas/core/groupby/grouper.py::558,0.094023
pandas/core/groupby/grouper.py::559,0.094023
pandas/core/groupby/grouper.py::562,0.094023
pandas/core/groupby/grouper.py::563,0.094023
pandas/core/groupby/grouper.py::574,0.094023
pandas/core/groupby/grouper.py::575,0.094023
pandas/core/groupby/grouper.py::582,0.094023
pandas/core/groupby/grouper.py::584,0.094023
pandas/core/groupby/grouper.py::588,0.094023
pandas/core/groupby/grouper.py::605,0.094023
pandas/core/groupby/grouper.py::624,0.094023
pandas/core/groupby/grouper.py::628,0.094023
pandas/core/groupby/grouper.py::630,0.094023
pandas/core/groupby/grouper.py::632,0.094023
pandas/core/groupby/grouper.py::636,0.094023
pandas/core/groupby/grouper.py::637,0.094023
pandas/core/groupby/grouper.py::641,0.094023
pandas/core/groupby/grouper.py::645,0.094023
pandas/core/groupby/grouper.py::647,0.094023
pandas/core/groupby/ops.py::102,0.094023
pandas/core/groupby/ops.py::225,0.094023
pandas/core/groupby/ops.py::264,0.094023
pandas/core/groupby/ops.py::266,0.094023
pandas/core/groupby/ops.py::267,0.094023
pandas/core/groupby/ops.py::268,0.094023
pandas/core/groupby/ops.py::280,0.094023
pandas/core/groupby/ops.py::281,0.094023
pandas/core/groupby/ops.py::90,0.094023
pandas/core/groupby/ops.py::92,0.094023
pandas/core/groupby/ops.py::93,0.094023
pandas/core/groupby/ops.py::94,0.094023
pandas/core/groupby/ops.py::95,0.094023
pandas/core/groupby/ops.py::96,0.094023
pandas/core/groupby/ops.py::97,0.094023
pandas/core/groupby/ops.py::98,0.094023
pandas/core/indexes/range.py::452,0.094023
pandas/core/indexes/range.py::453,0.094023
pandas/core/reshape/pivot.py::100,0.094023
pandas/core/reshape/pivot.py::101,0.094023
pandas/core/reshape/pivot.py::102,0.094023
pandas/core/reshape/pivot.py::119,0.094023
pandas/core/reshape/pivot.py::122,0.094023
pandas/core/dtypes/cast.py::534,0.093607
pandas/core/internals/blocks.py::263,0.093607
pandas/core/internals/blocks.py::264,0.093607
pandas/core/internals/blocks.py::266,0.093607
pandas/core/reshape/pivot.py::39,0.093607
pandas/core/reshape/pivot.py::40,0.093607
pandas/core/reshape/pivot.py::412,0.093607
pandas/core/reshape/pivot.py::415,0.093607
pandas/core/reshape/pivot.py::42,0.093607
pandas/core/reshape/pivot.py::422,0.093607
pandas/core/reshape/pivot.py::63,0.093607
pandas/core/reshape/pivot.py::65,0.093607
pandas/core/reshape/pivot.py::66,0.093607
pandas/core/indexes/frozen.py::67,0.093195
pandas/core/indexes/frozen.py::69,0.093195
pandas/core/algorithms.py::645,0.092790
pandas/core/dtypes/inference.py::287,0.092389
pandas/core/dtypes/inference.py::289,0.092389
pandas/util/_validators.py::210,0.092389
pandas/util/_validators.py::215,0.092389
pandas/core/algorithms.py::1440,0.091994
pandas/core/algorithms.py::2004,0.091994
pandas/core/algorithms.py::624,0.091994
pandas/core/algorithms.py::626,0.091994
pandas/core/algorithms.py::629,0.091994
pandas/core/algorithms.py::631,0.091994
pandas/core/algorithms.py::632,0.091994
pandas/core/internals/blocks.py::271,0.091603
pandas/core/internals/blocks.py::689,0.091603
pandas/core/internals/blocks.py::690,0.091603
pandas/core/internals/blocks.py::691,0.091603
pandas/core/internals/blocks.py::692,0.091603
pandas/core/internals/managers.py::393,0.091603
pandas/core/internals/managers.py::397,0.091603
pandas/core/internals/managers.py::405,0.091603
pandas/core/internals/managers.py::407,0.091603
pandas/core/internals/managers.py::413,0.091603
pandas/core/internals/managers.py::420,0.091603
pandas/core/internals/managers.py::424,0.091603
pandas/core/internals/managers.py::426,0.091603
pandas/core/internals/managers.py::431,0.091603
pandas/core/internals/managers.py::432,0.091603
pandas/core/internals/managers.py::437,0.091603
pandas/core/internals/managers.py::444,0.091603
pandas/core/internals/managers.py::447,0.091603
pandas/core/internals/managers.py::448,0.091603
pandas/core/internals/managers.py::450,0.091603
pandas/core/internals/managers.py::453,0.091603
pandas/core/dtypes/common.py::211,0.091218
pandas/core/indexes/base.py::593,0.091218
pandas/core/algorithms.py::1652,0.090090
pandas/core/indexes/base.py::5565,0.090090
pandas/core/internals/managers.py::237,0.090090
pandas/core/arrays/categorical.py::319,0.089361
pandas/core/arrays/categorical.py::320,0.089361
pandas/core/arrays/categorical.py::326,0.089361
pandas/core/arrays/categorical.py::425,0.089361
pandas/core/arrays/categorical.py::451,0.089361
pandas/core/arrays/categorical.py::671,0.089361
pandas/core/arrays/categorical.py::672,0.089361
pandas/core/arrays/categorical.py::673,0.089361
pandas/core/dtypes/base.py::289,0.089361
pandas/core/dtypes/dtypes.py::233,0.089361
pandas/core/dtypes/dtypes.py::322,0.089361
pandas/core/dtypes/dtypes.py::324,0.089361
pandas/core/dtypes/dtypes.py::337,0.089361
pandas/core/dtypes/dtypes.py::347,0.089361
pandas/core/dtypes/dtypes.py::349,0.089361
pandas/core/dtypes/dtypes.py::384,0.089361
pandas/core/dtypes/dtypes.py::385,0.089361
pandas/core/dtypes/dtypes.py::387,0.089361
pandas/core/dtypes/dtypes.py::388,0.089361
pandas/core/dtypes/dtypes.py::390,0.089361
pandas/core/dtypes/dtypes.py::391,0.089361
pandas/core/dtypes/dtypes.py::531,0.089361
pandas/core/dtypes/dtypes.py::549,0.089361
pandas/core/dtypes/dtypes.py::551,0.089361
pandas/core/dtypes/dtypes.py::555,0.089361
pandas/core/dtypes/dtypes.py::558,0.089361
pandas/core/dtypes/dtypes.py::560,0.089361
pandas/core/dtypes/dtypes.py::563,0.089361
pandas/core/dtypes/dtypes.py::566,0.089361
pandas/core/dtypes/dtypes.py::569,0.089361
pandas/core/dtypes/dtypes.py::586,0.089361
pandas/core/dtypes/dtypes.py::589,0.089361
pandas/core/dtypes/dtypes.py::596,0.089361
pandas/core/dtypes/dtypes.py::600,0.089361
pandas/core/dtypes/dtypes.py::602,0.089361
pandas/core/dtypes/dtypes.py::604,0.089361
pandas/core/dtypes/dtypes.py::611,0.089361
pandas/core/dtypes/dtypes.py::618,0.089361
pandas/core/indexes/base.py::2018,0.089361
pandas/core/dtypes/common.py::1545,0.089003
pandas/core/dtypes/missing.py::437,0.089003
pandas/core/indexes/base.py::3278,0.089003
pandas/core/indexes/base.py::3281,0.089003
pandas/core/indexes/base.py::3283,0.089003
pandas/core/indexes/base.py::3290,0.089003
pandas/core/indexes/base.py::3292,0.089003
pandas/core/indexes/base.py::3299,0.089003
pandas/core/indexes/base.py::3303,0.089003
pandas/core/indexes/base.py::3304,0.089003
pandas/core/indexes/base.py::3305,0.089003
pandas/core/indexes/base.py::3315,0.089003
pandas/core/indexes/base.py::3319,0.089003
pandas/core/indexes/base.py::5577,0.089003
pandas/core/indexes/base.py::5578,0.089003
pandas/core/indexes/base.py::5582,0.089003
pandas/core/indexes/base.py::1689,0.088650
pandas/core/indexes/base.py::2934,0.088650
pandas/core/indexes/base.py::2935,0.088650
pandas/core/indexes/base.py::2936,0.088650
pandas/core/indexes/base.py::2942,0.088650
pandas/core/indexes/base.py::2945,0.088650
pandas/core/indexes/base.py::2946,0.088650
pandas/core/indexes/base.py::2951,0.088650
pandas/core/indexes/base.py::2958,0.088650
pandas/core/indexes/base.py::2963,0.088650
pandas/core/indexes/base.py::2965,0.088650
pandas/core/indexes/base.py::2968,0.088650
pandas/core/indexes/base.py::2973,0.088650
pandas/core/indexes/base.py::2979,0.088650
pandas/core/indexes/base.py::2981,0.088650
pandas/core/indexes/base.py::4253,0.088650
pandas/core/indexes/base.py::4256,0.088650
pandas/core/indexes/base.py::4260,0.088650
pandas/core/indexes/base.py::4264,0.088650
pandas/core/indexes/base.py::4268,0.088650
pandas/core/indexes/base.py::4690,0.088650
pandas/core/indexes/base.py::4692,0.088650
pandas/core/indexes/base.py::4695,0.088650
pandas/core/internals/blocks.py::1287,0.088650
pandas/core/internals/blocks.py::1288,0.088650
pandas/core/internals/managers.py::1387,0.088650
pandas/core/internals/managers.py::1388,0.088650
pandas/core/internals/managers.py::1389,0.088650
pandas/core/internals/managers.py::1390,0.088650
pandas/core/internals/managers.py::1391,0.088650
pandas/core/internals/managers.py::1392,0.088650
pandas/core/missing.py::602,0.088650
pandas/core/missing.py::75,0.088650
pandas/core/missing.py::76,0.088650
pandas/core/internals/blocks.py::1284,0.088300
pandas/core/internals/blocks.py::1286,0.088300
pandas/core/internals/blocks.py::1293,0.088300
pandas/core/internals/blocks.py::1294,0.088300
pandas/core/internals/blocks.py::1299,0.088300
pandas/core/internals/blocks.py::1300,0.088300
pandas/core/internals/blocks.py::1303,0.088300
pandas/core/internals/blocks.py::1306,0.088300
pandas/core/internals/blocks.py::245,0.088300
pandas/core/internals/managers.py::1366,0.088300
pandas/core/internals/managers.py::1374,0.088300
pandas/core/internals/managers.py::1377,0.088300
pandas/core/base.py::1060,0.087955
pandas/core/base.py::1064,0.087955
pandas/core/dtypes/cast.py::767,0.087955
pandas/core/generic.py::348,0.087955
pandas/core/generic.py::349,0.087955
pandas/core/generic.py::350,0.087955
pandas/core/generic.py::351,0.087955
pandas/core/generic.py::379,0.087955
pandas/core/generic.py::380,0.087955
pandas/core/generic.py::381,0.087955
pandas/core/generic.py::382,0.087955
pandas/core/indexes/base.py::5542,0.087955
pandas/core/indexes/base.py::5545,0.087955
pandas/core/indexes/base.py::5550,0.087955
pandas/core/indexes/base.py::5570,0.087955
pandas/core/internals/blocks.py::273,0.087955
pandas/core/internals/managers.py::1276,0.087955
pandas/core/internals/managers.py::1285,0.087955
pandas/core/internals/managers.py::1288,0.087955
pandas/core/internals/managers.py::1291,0.087955
pandas/core/internals/managers.py::1294,0.087955
pandas/core/internals/managers.py::1295,0.087955
pandas/core/internals/managers.py::1308,0.087955
pandas/core/internals/managers.py::1309,0.087955
pandas/core/internals/managers.py::1311,0.087955
pandas/core/internals/managers.py::1323,0.087955
pandas/core/internals/managers.py::1325,0.087955
pandas/core/internals/managers.py::1326,0.087955
pandas/core/internals/managers.py::1329,0.087955
pandas/core/internals/managers.py::1348,0.087955
pandas/core/internals/managers.py::1352,0.087955
pandas/core/internals/managers.py::1353,0.087955
pandas/core/internals/managers.py::1355,0.087955
pandas/core/internals/managers.py::1356,0.087955
pandas/core/internals/managers.py::1364,0.087955
pandas/core/internals/managers.py::1365,0.087955
pandas/core/internals/managers.py::1396,0.087955
pandas/core/internals/managers.py::1974,0.087955
pandas/core/internals/managers.py::1981,0.087955
pandas/core/internals/managers.py::1985,0.087955
pandas/core/internals/managers.py::1986,0.087955
pandas/core/internals/managers.py::1988,0.087955
pandas/core/arrays/sparse/dtype.py::212,0.087614
pandas/core/arrays/sparse/dtype.py::216,0.087614
pandas/core/arrays/sparse/dtype.py::217,0.087614
pandas/core/arrays/sparse/dtype.py::235,0.087614
pandas/core/dtypes/base.py::243,0.087614
pandas/core/dtypes/base.py::249,0.087614
pandas/core/dtypes/base.py::250,0.087614
pandas/core/dtypes/base.py::251,0.087614
pandas/core/dtypes/cast.py::765,0.087614
pandas/core/dtypes/cast.py::766,0.087614
pandas/core/dtypes/dtypes.py::100,0.087614
pandas/core/dtypes/dtypes.py::101,0.087614
pandas/core/dtypes/dtypes.py::102,0.087614
pandas/core/dtypes/dtypes.py::103,0.087614
pandas/core/dtypes/dtypes.py::105,0.087614
pandas/core/dtypes/dtypes.py::1096,0.087614
pandas/core/dtypes/dtypes.py::1101,0.087614
pandas/core/dtypes/dtypes.py::1105,0.087614
pandas/core/dtypes/dtypes.py::1110,0.087614
pandas/core/dtypes/dtypes.py::371,0.087614
pandas/core/dtypes/dtypes.py::375,0.087614
pandas/core/dtypes/dtypes.py::376,0.087614
pandas/core/dtypes/dtypes.py::750,0.087614
pandas/core/dtypes/dtypes.py::755,0.087614
pandas/core/dtypes/dtypes.py::756,0.087614
pandas/core/dtypes/dtypes.py::757,0.087614
pandas/core/dtypes/dtypes.py::767,0.087614
pandas/core/dtypes/dtypes.py::893,0.087614
pandas/core/dtypes/dtypes.py::894,0.087614
pandas/core/dtypes/dtypes.py::895,0.087614
pandas/core/dtypes/dtypes.py::903,0.087614
pandas/core/dtypes/dtypes.py::904,0.087614
pandas/core/dtypes/dtypes.py::907,0.087614
pandas/core/dtypes/dtypes.py::99,0.087614
pandas/core/indexes/base.py::716,0.087614
pandas/core/indexes/base.py::717,0.087614
pandas/core/indexes/base.py::718,0.087614
pandas/core/indexes/base.py::719,0.087614
pandas/core/indexes/base.py::720,0.087614
pandas/core/indexes/base.py::721,0.087614
pandas/core/indexes/base.py::738,0.087614
pandas/core/indexes/base.py::741,0.087614
pandas/core/indexes/base.py::751,0.087614
pandas/core/indexes/base.py::752,0.087614
pandas/core/algorithms.py::1631,0.087277
pandas/core/algorithms.py::1634,0.087277
pandas/core/algorithms.py::1635,0.087277
pandas/core/algorithms.py::1636,0.087277
pandas/core/algorithms.py::1660,0.087277
pandas/core/indexes/base.py::712,0.086943
pandas/core/indexes/base.py::714,0.086943
pandas/core/indexes/base.py::715,0.086943
pandas/core/indexes/base.py::730,0.086943
pandas/core/frame.py::536,0.086614
pandas/compat/numpy/function.py::56,0.086288
pandas/core/algorithms.py::189,0.086288
pandas/core/algorithms.py::191,0.086288
pandas/core/algorithms.py::197,0.086288
pandas/core/algorithms.py::198,0.086288
pandas/core/algorithms.py::1984,0.086288
pandas/core/algorithms.py::1989,0.086288
pandas/core/algorithms.py::1994,0.086288
pandas/core/algorithms.py::200,0.086288
pandas/core/algorithms.py::2001,0.086288
pandas/core/algorithms.py::2003,0.086288
pandas/core/algorithms.py::2009,0.086288
pandas/core/algorithms.py::2010,0.086288
pandas/core/algorithms.py::2011,0.086288
pandas/core/algorithms.py::2018,0.086288
pandas/core/algorithms.py::2021,0.086288
pandas/core/algorithms.py::2026,0.086288
pandas/core/algorithms.py::2028,0.086288
pandas/core/algorithms.py::203,0.086288
pandas/core/algorithms.py::2030,0.086288
pandas/core/algorithms.py::2033,0.086288
pandas/core/algorithms.py::2040,0.086288
pandas/core/algorithms.py::2042,0.086288
pandas/core/algorithms.py::2043,0.086288
pandas/core/algorithms.py::2044,0.086288
pandas/core/algorithms.py::2047,0.086288
pandas/core/algorithms.py::205,0.086288
pandas/core/algorithms.py::2059,0.086288
pandas/core/algorithms.py::2062,0.086288
pandas/core/algorithms.py::212,0.086288
pandas/core/algorithms.py::220,0.086288
pandas/core/algorithms.py::482,0.086288
pandas/core/algorithms.py::484,0.086288
pandas/core/algorithms.py::485,0.086288
pandas/core/algorithms.py::487,0.086288
pandas/core/algorithms.py::488,0.086288
pandas/core/algorithms.py::616,0.086288
pandas/core/algorithms.py::617,0.086288
pandas/core/algorithms.py::619,0.086288
pandas/core/algorithms.py::635,0.086288
pandas/core/algorithms.py::636,0.086288
pandas/core/algorithms.py::637,0.086288
pandas/core/algorithms.py::640,0.086288
pandas/core/algorithms.py::643,0.086288
pandas/core/algorithms.py::650,0.086288
pandas/core/dtypes/cast.py::440,0.086288
pandas/core/dtypes/cast.py::443,0.086288
pandas/util/_decorators.py::269,0.086288
pandas/core/algorithms.py::1438,0.085966
pandas/core/algorithms.py::1439,0.085966
pandas/core/algorithms.py::1608,0.085966
pandas/core/algorithms.py::1609,0.085966
pandas/core/algorithms.py::1630,0.085966
pandas/core/dtypes/common.py::1050,0.085966
pandas/core/dtypes/common.py::1221,0.085966
pandas/core/dtypes/common.py::1224,0.085966
pandas/core/dtypes/common.py::1225,0.085966
pandas/core/dtypes/common.py::1226,0.085966
pandas/core/dtypes/missing.py::433,0.085966
pandas/core/dtypes/missing.py::436,0.085966
pandas/core/frame.py::437,0.085966
pandas/core/frame.py::438,0.085966
pandas/core/generic.py::218,0.085966
pandas/core/generic.py::219,0.085966
pandas/core/generic.py::225,0.085966
pandas/core/generic.py::227,0.085966
pandas/core/generic.py::231,0.085966
pandas/core/generic.py::361,0.085966
pandas/core/generic.py::362,0.085966
pandas/core/generic.py::366,0.085966
pandas/core/generic.py::367,0.085966
pandas/core/generic.py::373,0.085966
pandas/core/generic.py::374,0.085966
pandas/core/indexes/base.py::1185,0.085966
pandas/core/internals/blocks.py::216,0.085966
pandas/core/internals/managers.py::159,0.085966
pandas/core/internals/managers.py::1598,0.085966
pandas/core/series.py::524,0.085966
pandas/core/generic.py::1736,0.085647
pandas/core/generic.py::443,0.085647
pandas/core/indexes/base.py::4092,0.085647
pandas/core/indexes/base.py::4093,0.085647
pandas/core/indexes/base.py::4094,0.085647
pandas/core/algorithms.py::1434,0.085332
pandas/core/algorithms.py::1435,0.085332
pandas/core/algorithms.py::1436,0.085332
pandas/core/algorithms.py::1437,0.085332
pandas/core/algorithms.py::1443,0.085332
pandas/core/algorithms.py::1444,0.085332
pandas/core/algorithms.py::1594,0.085332
pandas/core/algorithms.py::1596,0.085332
pandas/core/algorithms.py::1599,0.085332
pandas/core/algorithms.py::1600,0.085332
pandas/core/algorithms.py::1602,0.085332
pandas/core/algorithms.py::1606,0.085332
pandas/core/algorithms.py::1607,0.085332
pandas/core/algorithms.py::1613,0.085332
pandas/core/algorithms.py::1614,0.085332
pandas/core/algorithms.py::1628,0.085332
pandas/core/algorithms.py::1629,0.085332
pandas/core/algorithms.py::1633,0.085332
pandas/core/algorithms.py::1641,0.085332
pandas/core/algorithms.py::1642,0.085332
pandas/core/algorithms.py::1643,0.085332
pandas/core/algorithms.py::1644,0.085332
pandas/core/algorithms.py::1645,0.085332
pandas/core/algorithms.py::1650,0.085332
pandas/core/algorithms.py::1654,0.085332
pandas/core/algorithms.py::1655,0.085332
pandas/core/algorithms.py::1657,0.085332
pandas/core/algorithms.py::1659,0.085332
pandas/core/algorithms.py::1661,0.085332
pandas/core/algorithms.py::251,0.085332
pandas/core/algorithms.py::254,0.085332
pandas/core/algorithms.py::255,0.085332
pandas/core/algorithms.py::259,0.085332
pandas/core/algorithms.py::261,0.085332
pandas/core/algorithms.py::262,0.085332
pandas/core/algorithms.py::264,0.085332
pandas/core/algorithms.py::280,0.085332
pandas/core/algorithms.py::281,0.085332
pandas/core/algorithms.py::288,0.085332
pandas/core/algorithms.py::94,0.085332
pandas/core/algorithms.py::96,0.085332
pandas/core/dtypes/cast.py::371,0.085332
pandas/core/dtypes/cast.py::377,0.085332
pandas/core/dtypes/cast.py::395,0.085332
pandas/core/dtypes/cast.py::406,0.085332
pandas/core/dtypes/cast.py::425,0.085332
pandas/core/dtypes/cast.py::436,0.085332
pandas/core/dtypes/cast.py::439,0.085332
pandas/core/dtypes/cast.py::456,0.085332
pandas/core/dtypes/cast.py::460,0.085332
pandas/core/dtypes/cast.py::461,0.085332
pandas/core/dtypes/cast.py::464,0.085332
pandas/core/dtypes/cast.py::465,0.085332
pandas/core/dtypes/cast.py::502,0.085332
pandas/core/dtypes/cast.py::504,0.085332
pandas/core/dtypes/cast.py::507,0.085332
pandas/core/dtypes/cast.py::508,0.085332
pandas/core/dtypes/cast.py::528,0.085332
pandas/core/dtypes/cast.py::530,0.085332
pandas/core/dtypes/cast.py::532,0.085332
pandas/core/dtypes/cast.py::536,0.085332
pandas/core/dtypes/common.py::629,0.085332
pandas/core/dtypes/common.py::630,0.085332
pandas/core/dtypes/common.py::631,0.085332
pandas/core/dtypes/common.py::632,0.085332
pandas/core/dtypes/missing.py::232,0.085332
pandas/core/dtypes/missing.py::244,0.085332
pandas/core/dtypes/missing.py::246,0.085332
pandas/core/frame.py::2542,0.085332
pandas/core/frame.py::2841,0.085332
pandas/core/frame.py::2842,0.085332
pandas/core/frame.py::2845,0.085332
pandas/core/frame.py::2851,0.085332
pandas/core/frame.py::2852,0.085332
pandas/core/frame.py::407,0.085332
pandas/core/generic.py::244,0.085332
pandas/core/generic.py::246,0.085332
pandas/core/generic.py::3197,0.085332
pandas/core/generic.py::3548,0.085332
pandas/core/generic.py::3549,0.085332
pandas/core/generic.py::3550,0.085332
pandas/core/generic.py::3551,0.085332
pandas/core/generic.py::3552,0.085332
pandas/core/generic.py::3553,0.085332
pandas/core/generic.py::3554,0.085332
pandas/core/generic.py::3557,0.085332
pandas/core/generic.py::3558,0.085332
pandas/core/generic.py::5143,0.085332
pandas/core/generic.py::5144,0.085332
pandas/core/generic.py::5147,0.085332
pandas/core/generic.py::5150,0.085332
pandas/core/generic.py::5161,0.085332
pandas/core/generic.py::5165,0.085332
pandas/core/generic.py::5183,0.085332
pandas/core/generic.py::5184,0.085332
pandas/core/generic.py::5188,0.085332
pandas/core/generic.py::5189,0.085332
pandas/core/generic.py::5190,0.085332
pandas/core/generic.py::5191,0.085332
pandas/core/generic.py::5232,0.085332
pandas/core/generic.py::5233,0.085332
pandas/core/generic.py::5234,0.085332
pandas/core/generic.py::5236,0.085332
pandas/core/generic.py::5241,0.085332
pandas/core/generic.py::5242,0.085332
pandas/core/generic.py::5244,0.085332
pandas/core/indexes/base.py::1354,0.085332
pandas/core/indexes/base.py::1970,0.085332
pandas/core/indexes/numeric.py::159,0.085332
pandas/core/internals/blocks.py::270,0.085332
pandas/core/internals/blocks.py::272,0.085332
pandas/core/internals/blocks.py::274,0.085332
pandas/core/internals/blocks.py::3051,0.085332
pandas/core/internals/blocks.py::3064,0.085332
pandas/core/internals/blocks.py::3066,0.085332
pandas/core/internals/blocks.py::3073,0.085332
pandas/core/internals/blocks.py::3074,0.085332
pandas/core/internals/blocks.py::3075,0.085332
pandas/core/internals/blocks.py::351,0.085332
pandas/core/internals/managers.py::1000,0.085332
pandas/core/internals/managers.py::1512,0.085332
pandas/core/internals/managers.py::1514,0.085332
pandas/core/internals/managers.py::1522,0.085332
pandas/core/internals/managers.py::1523,0.085332
pandas/core/internals/managers.py::1527,0.085332
pandas/core/internals/managers.py::1553,0.085332
pandas/core/internals/managers.py::1584,0.085332
pandas/core/internals/managers.py::171,0.085332
pandas/core/internals/managers.py::173,0.085332
pandas/core/internals/managers.py::175,0.085332
pandas/core/internals/managers.py::182,0.085332
pandas/core/internals/managers.py::186,0.085332
pandas/core/internals/managers.py::233,0.085332
pandas/core/internals/managers.py::236,0.085332
pandas/core/internals/managers.py::943,0.085332
pandas/core/internals/managers.py::944,0.085332
pandas/core/internals/managers.py::962,0.085332
pandas/core/internals/managers.py::964,0.085332
pandas/core/internals/managers.py::965,0.085332
pandas/core/internals/managers.py::976,0.085332
pandas/core/internals/managers.py::991,0.085332
pandas/core/internals/managers.py::992,0.085332
pandas/core/internals/managers.py::995,0.085332
pandas/core/internals/managers.py::996,0.085332
pandas/core/internals/managers.py::997,0.085332
pandas/core/internals/managers.py::999,0.085332
pandas/core/series.py::204,0.085332
pandas/core/series.py::207,0.085332
pandas/core/series.py::209,0.085332
pandas/core/series.py::211,0.085332
pandas/core/series.py::322,0.085332
pandas/core/series.py::323,0.085332
pandas/core/series.py::324,0.085332
pandas/core/series.py::396,0.085332
pandas/core/series.py::399,0.085332
pandas/core/series.py::400,0.085332
pandas/core/series.py::412,0.085332
pandas/core/series.py::413,0.085332
pandas/core/series.py::427,0.085332
pandas/core/series.py::438,0.085332
pandas/core/series.py::442,0.085332
pandas/core/series.py::444,0.085332
pandas/core/dtypes/cast.py::1140,0.085020
pandas/core/dtypes/common.py::1763,0.085020
pandas/core/dtypes/common.py::1764,0.085020
pandas/core/dtypes/common.py::1769,0.085020
pandas/core/dtypes/common.py::1770,0.085020
pandas/core/dtypes/common.py::1780,0.085020
pandas/core/dtypes/common.py::1783,0.085020
pandas/core/dtypes/missing.py::138,0.085020
pandas/core/dtypes/missing.py::140,0.085020
pandas/core/dtypes/missing.py::142,0.085020
pandas/core/dtypes/missing.py::143,0.085020
pandas/core/dtypes/missing.py::145,0.085020
pandas/core/dtypes/missing.py::146,0.085020
pandas/core/dtypes/missing.py::147,0.085020
pandas/core/dtypes/missing.py::148,0.085020
pandas/core/dtypes/missing.py::149,0.085020
pandas/core/dtypes/missing.py::150,0.085020
pandas/core/dtypes/missing.py::153,0.085020
pandas/core/dtypes/missing.py::227,0.085020
pandas/core/dtypes/missing.py::229,0.085020
pandas/core/dtypes/missing.py::236,0.085020
pandas/core/dtypes/missing.py::238,0.085020
pandas/core/dtypes/missing.py::266,0.085020
pandas/core/dtypes/missing.py::269,0.085020
pandas/core/common.py::335,0.084712
pandas/core/common.py::338,0.084712
pandas/core/dtypes/common.py::1563,0.084712
pandas/core/dtypes/common.py::1565,0.084712
pandas/core/dtypes/common.py::1566,0.084712
pandas/core/dtypes/common.py::1569,0.084712
pandas/core/dtypes/common.py::1596,0.084712
pandas/core/dtypes/common.py::589,0.084712
pandas/core/dtypes/common.py::590,0.084712
pandas/core/dtypes/common.py::592,0.084712
pandas/core/dtypes/common.py::599,0.084712
pandas/core/dtypes/inference.py::214,0.084712
pandas/core/dtypes/missing.py::127,0.084712
pandas/core/dtypes/missing.py::135,0.084712
pandas/core/dtypes/missing.py::136,0.084712
pandas/core/frame.py::2534,0.084712
pandas/core/frame.py::2535,0.084712
pandas/core/frame.py::2537,0.084712
pandas/core/frame.py::2539,0.084712
pandas/core/frame.py::2540,0.084712
pandas/core/generic.py::5180,0.084712
pandas/core/generic.py::5181,0.084712
pandas/core/generic.py::5182,0.084712
pandas/core/indexes/base.py::1151,0.084712
pandas/core/indexes/base.py::1622,0.084712
pandas/core/indexes/base.py::1767,0.084712
pandas/core/indexes/base.py::2858,0.084712
pandas/core/indexes/base.py::2859,0.084712
pandas/core/indexes/base.py::2864,0.084712
pandas/core/indexes/base.py::2865,0.084712
pandas/core/indexes/base.py::2866,0.084712
pandas/core/indexes/base.py::3830,0.084712
pandas/core/indexes/base.py::4929,0.084712
pandas/core/indexes/base.py::4930,0.084712
pandas/core/indexes/base.py::502,0.084712
pandas/core/indexes/base.py::503,0.084712
pandas/core/indexes/base.py::504,0.084712
pandas/core/indexes/base.py::505,0.084712
pandas/core/indexes/base.py::507,0.084712
pandas/core/indexes/base.py::508,0.084712
pandas/core/indexes/base.py::509,0.084712
pandas/core/indexes/base.py::611,0.084712
pandas/core/internals/managers.py::248,0.084712
pandas/core/internals/managers.py::249,0.084712
pandas/core/internals/managers.py::250,0.084712
pandas/core/internals/managers.py::251,0.084712
pandas/core/internals/managers.py::253,0.084712
pandas/core/internals/managers.py::254,0.084712
pandas/core/internals/managers.py::255,0.084712
pandas/core/internals/managers.py::256,0.084712
pandas/core/internals/managers.py::258,0.084712
pandas/core/internals/managers.py::262,0.084712
pandas/core/internals/managers.py::263,0.084712
pandas/core/indexes/base.py::3871,0.084407
pandas/core/indexes/base.py::3921,0.084407
pandas/core/indexes/base.py::576,0.084407
pandas/core/indexes/base.py::577,0.084407
pandas/_config/config.py::101,0.084106
pandas/_config/config.py::103,0.084106
pandas/_config/config.py::105,0.084106
pandas/_config/config.py::106,0.084106
pandas/_config/config.py::108,0.084106
pandas/_config/config.py::110,0.084106
pandas/_config/config.py::123,0.084106
pandas/_config/config.py::124,0.084106
pandas/_config/config.py::128,0.084106
pandas/_config/config.py::130,0.084106
pandas/_config/config.py::134,0.084106
pandas/_config/config.py::135,0.084106
pandas/_config/config.py::137,0.084106
pandas/_config/config.py::138,0.084106
pandas/_config/config.py::139,0.084106
pandas/_config/config.py::142,0.084106
pandas/_config/config.py::143,0.084106
pandas/_config/config.py::145,0.084106
pandas/_config/config.py::242,0.084106
pandas/_config/config.py::555,0.084106
pandas/_config/config.py::559,0.084106
pandas/_config/config.py::560,0.084106
pandas/_config/config.py::563,0.084106
pandas/_config/config.py::567,0.084106
pandas/_config/config.py::568,0.084106
pandas/_config/config.py::569,0.084106
pandas/_config/config.py::570,0.084106
pandas/_config/config.py::571,0.084106
pandas/_config/config.py::588,0.084106
pandas/_config/config.py::589,0.084106
pandas/_config/config.py::590,0.084106
pandas/_config/config.py::591,0.084106
pandas/_config/config.py::604,0.084106
pandas/_config/config.py::612,0.084106
pandas/_config/config.py::613,0.084106
pandas/_config/config.py::616,0.084106
pandas/_config/config.py::627,0.084106
pandas/_config/config.py::628,0.084106
pandas/_config/config.py::643,0.084106
pandas/_config/config.py::817,0.084106
pandas/_config/config.py::96,0.084106
pandas/_config/config.py::97,0.084106
pandas/conftest.py::51,0.084106
pandas/conftest.py::54,0.084106
pandas/conftest.py::57,0.084106
pandas/conftest.py::60,0.084106
pandas/conftest.py::63,0.084106
pandas/conftest.py::74,0.084106
pandas/conftest.py::82,0.084106
pandas/conftest.py::83,0.084106
pandas/core/common.py::158,0.084106
pandas/core/common.py::160,0.084106
pandas/core/common.py::181,0.084106
pandas/core/common.py::215,0.084106
pandas/core/common.py::217,0.084106
pandas/core/common.py::220,0.084106
pandas/core/common.py::221,0.084106
pandas/core/common.py::223,0.084106
pandas/core/common.py::225,0.084106
pandas/core/common.py::228,0.084106
pandas/core/common.py::233,0.084106
pandas/core/common.py::273,0.084106
pandas/core/common.py::275,0.084106
pandas/core/construction.py::380,0.084106
pandas/core/construction.py::383,0.084106
pandas/core/construction.py::386,0.084106
pandas/core/construction.py::396,0.084106
pandas/core/construction.py::399,0.084106
pandas/core/construction.py::409,0.084106
pandas/core/construction.py::412,0.084106
pandas/core/construction.py::414,0.084106
pandas/core/construction.py::425,0.084106
pandas/core/construction.py::427,0.084106
pandas/core/construction.py::437,0.084106
pandas/core/construction.py::438,0.084106
pandas/core/construction.py::441,0.084106
pandas/core/construction.py::443,0.084106
pandas/core/construction.py::453,0.084106
pandas/core/construction.py::472,0.084106
pandas/core/construction.py::473,0.084106
pandas/core/construction.py::476,0.084106
pandas/core/construction.py::487,0.084106
pandas/core/construction.py::490,0.084106
pandas/core/construction.py::499,0.084106
pandas/core/construction.py::500,0.084106
pandas/core/construction.py::501,0.084106
pandas/core/construction.py::504,0.084106
pandas/core/construction.py::528,0.084106
pandas/core/construction.py::529,0.084106
pandas/core/construction.py::530,0.084106
pandas/core/dtypes/base.py::278,0.084106
pandas/core/dtypes/base.py::280,0.084106
pandas/core/dtypes/base.py::285,0.084106
pandas/core/dtypes/base.py::286,0.084106
pandas/core/dtypes/base.py::288,0.084106
pandas/core/dtypes/base.py::290,0.084106
pandas/core/dtypes/base.py::295,0.084106
pandas/core/dtypes/cast.py::1097,0.084106
pandas/core/dtypes/cast.py::1098,0.084106
pandas/core/dtypes/cast.py::1100,0.084106
pandas/core/dtypes/cast.py::1103,0.084106
pandas/core/dtypes/cast.py::1124,0.084106
pandas/core/dtypes/cast.py::1125,0.084106
pandas/core/dtypes/cast.py::1128,0.084106
pandas/core/dtypes/cast.py::1132,0.084106
pandas/core/dtypes/cast.py::1134,0.084106
pandas/core/dtypes/cast.py::1136,0.084106
pandas/core/dtypes/cast.py::1139,0.084106
pandas/core/dtypes/cast.py::1142,0.084106
pandas/core/dtypes/cast.py::1143,0.084106
pandas/core/dtypes/cast.py::1146,0.084106
pandas/core/dtypes/cast.py::1149,0.084106
pandas/core/dtypes/cast.py::1174,0.084106
pandas/core/dtypes/cast.py::1187,0.084106
pandas/core/dtypes/cast.py::1189,0.084106
pandas/core/dtypes/cast.py::1191,0.084106
pandas/core/dtypes/cast.py::1193,0.084106
pandas/core/dtypes/cast.py::1195,0.084106
pandas/core/dtypes/cast.py::1211,0.084106
pandas/core/dtypes/cast.py::1219,0.084106
pandas/core/dtypes/cast.py::1220,0.084106
pandas/core/dtypes/cast.py::1222,0.084106
pandas/core/dtypes/cast.py::1321,0.084106
pandas/core/dtypes/cast.py::1325,0.084106
pandas/core/dtypes/cast.py::1338,0.084106
pandas/core/dtypes/cast.py::1340,0.084106
pandas/core/dtypes/cast.py::1343,0.084106
pandas/core/dtypes/cast.py::1345,0.084106
pandas/core/dtypes/cast.py::1482,0.084106
pandas/core/dtypes/cast.py::1483,0.084106
pandas/core/dtypes/cast.py::1484,0.084106
pandas/core/dtypes/cast.py::81,0.084106
pandas/core/dtypes/cast.py::82,0.084106
pandas/core/dtypes/cast.py::83,0.084106
pandas/core/dtypes/cast.py::84,0.084106
pandas/core/dtypes/cast.py::86,0.084106
pandas/core/dtypes/cast.py::88,0.084106
pandas/core/dtypes/common.py::1334,0.084106
pandas/core/dtypes/common.py::1377,0.084106
pandas/core/dtypes/common.py::1379,0.084106
pandas/core/dtypes/common.py::1380,0.084106
pandas/core/dtypes/common.py::1384,0.084106
pandas/core/dtypes/common.py::1388,0.084106
pandas/core/dtypes/common.py::1395,0.084106
pandas/core/dtypes/common.py::1399,0.084106
pandas/core/dtypes/common.py::1512,0.084106
pandas/core/dtypes/common.py::1513,0.084106
pandas/core/dtypes/common.py::1591,0.084106
pandas/core/dtypes/common.py::1595,0.084106
pandas/core/dtypes/common.py::1597,0.084106
pandas/core/dtypes/common.py::1601,0.084106
pandas/core/dtypes/common.py::1602,0.084106
pandas/core/dtypes/common.py::1604,0.084106
pandas/core/dtypes/common.py::1621,0.084106
pandas/core/dtypes/common.py::1622,0.084106
pandas/core/dtypes/common.py::1625,0.084106
pandas/core/dtypes/common.py::1626,0.084106
pandas/core/dtypes/common.py::1627,0.084106
pandas/core/dtypes/common.py::1633,0.084106
pandas/core/dtypes/common.py::1634,0.084106
pandas/core/dtypes/common.py::1637,0.084106
pandas/core/dtypes/common.py::1638,0.084106
pandas/core/dtypes/common.py::1640,0.084106
pandas/core/dtypes/common.py::1641,0.084106
pandas/core/dtypes/common.py::1648,0.084106
pandas/core/dtypes/common.py::1757,0.084106
pandas/core/dtypes/common.py::1759,0.084106
pandas/core/dtypes/common.py::1760,0.084106
pandas/core/dtypes/common.py::189,0.084106
pandas/core/dtypes/common.py::191,0.084106
pandas/core/dtypes/common.py::192,0.084106
pandas/core/dtypes/common.py::193,0.084106
pandas/core/dtypes/common.py::196,0.084106
pandas/core/dtypes/common.py::201,0.084106
pandas/core/dtypes/common.py::209,0.084106
pandas/core/dtypes/common.py::210,0.084106
pandas/core/dtypes/common.py::242,0.084106
pandas/core/dtypes/common.py::287,0.084106
pandas/core/dtypes/common.py::289,0.084106
pandas/core/dtypes/common.py::290,0.084106
pandas/core/dtypes/common.py::360,0.084106
pandas/core/dtypes/common.py::390,0.084106
pandas/core/dtypes/common.py::425,0.084106
pandas/core/dtypes/common.py::427,0.084106
pandas/core/dtypes/common.py::457,0.084106
pandas/core/dtypes/common.py::488,0.084106
pandas/core/dtypes/common.py::489,0.084106
pandas/core/dtypes/common.py::490,0.084106
pandas/core/dtypes/common.py::523,0.084106
pandas/core/dtypes/common.py::524,0.084106
pandas/core/dtypes/common.py::525,0.084106
pandas/core/dtypes/common.py::555,0.084106
pandas/core/dtypes/common.py::556,0.084106
pandas/core/dtypes/common.py::557,0.084106
pandas/core/dtypes/common.py::741,0.084106
pandas/core/dtypes/common.py::797,0.084106
pandas/core/dtypes/common.py::844,0.084106
pandas/core/dtypes/common.py::845,0.084106
pandas/core/dtypes/common.py::932,0.084106
pandas/core/dtypes/common.py::933,0.084106
pandas/core/dtypes/common.py::934,0.084106
pandas/core/dtypes/dtypes.py::1150,0.084106
pandas/core/dtypes/dtypes.py::1161,0.084106
pandas/core/dtypes/dtypes.py::90,0.084106
pandas/core/dtypes/dtypes.py::91,0.084106
pandas/core/dtypes/dtypes.py::92,0.084106
pandas/core/dtypes/dtypes.py::93,0.084106
pandas/core/dtypes/dtypes.py::94,0.084106
pandas/core/dtypes/dtypes.py::942,0.084106
pandas/core/dtypes/dtypes.py::955,0.084106
pandas/core/dtypes/dtypes.py::97,0.084106
pandas/core/dtypes/generic.py::12,0.084106
pandas/core/dtypes/inference.py::352,0.084106
pandas/core/dtypes/inference.py::353,0.084106
pandas/core/dtypes/inference.py::357,0.084106
pandas/core/frame.py::428,0.084106
pandas/core/frame.py::430,0.084106
pandas/core/frame.py::433,0.084106
pandas/core/frame.py::436,0.084106
pandas/core/frame.py::440,0.084106
pandas/core/frame.py::441,0.084106
pandas/core/frame.py::517,0.084106
pandas/core/generic.py::206,0.084106
pandas/core/generic.py::207,0.084106
pandas/core/generic.py::208,0.084106
pandas/core/generic.py::209,0.084106
pandas/core/generic.py::210,0.084106
pandas/core/generic.py::213,0.084106
pandas/core/indexes/base.py::1155,0.084106
pandas/core/indexes/base.py::1161,0.084106
pandas/core/indexes/base.py::1162,0.084106
pandas/core/indexes/base.py::288,0.084106
pandas/core/indexes/base.py::290,0.084106
pandas/core/indexes/base.py::292,0.084106
pandas/core/indexes/base.py::297,0.084106
pandas/core/indexes/base.py::299,0.084106
pandas/core/indexes/base.py::303,0.084106
pandas/core/indexes/base.py::310,0.084106
pandas/core/indexes/base.py::317,0.084106
pandas/core/indexes/base.py::318,0.084106
pandas/core/indexes/base.py::319,0.084106
pandas/core/indexes/base.py::326,0.084106
pandas/core/indexes/base.py::332,0.084106
pandas/core/indexes/base.py::339,0.084106
pandas/core/indexes/base.py::352,0.084106
pandas/core/indexes/base.py::354,0.084106
pandas/core/indexes/base.py::360,0.084106
pandas/core/indexes/base.py::366,0.084106
pandas/core/indexes/base.py::367,0.084106
pandas/core/indexes/base.py::370,0.084106
pandas/core/indexes/base.py::372,0.084106
pandas/core/indexes/base.py::374,0.084106
pandas/core/indexes/base.py::376,0.084106
pandas/core/indexes/base.py::379,0.084106
pandas/core/indexes/base.py::383,0.084106
pandas/core/indexes/base.py::386,0.084106
pandas/core/indexes/base.py::387,0.084106
pandas/core/indexes/base.py::388,0.084106
pandas/core/indexes/base.py::389,0.084106
pandas/core/indexes/base.py::390,0.084106
pandas/core/indexes/base.py::393,0.084106
pandas/core/indexes/base.py::395,0.084106
pandas/core/indexes/base.py::398,0.084106
pandas/core/indexes/base.py::400,0.084106
pandas/core/indexes/base.py::402,0.084106
pandas/core/indexes/base.py::405,0.084106
pandas/core/indexes/base.py::407,0.084106
pandas/core/indexes/base.py::410,0.084106
pandas/core/indexes/base.py::4117,0.084106
pandas/core/indexes/base.py::4118,0.084106
pandas/core/indexes/base.py::4120,0.084106
pandas/core/indexes/base.py::4121,0.084106
pandas/core/indexes/base.py::4122,0.084106
pandas/core/indexes/base.py::419,0.084106
pandas/core/indexes/base.py::420,0.084106
pandas/core/indexes/base.py::4250,0.084106
pandas/core/indexes/base.py::4251,0.084106
pandas/core/indexes/base.py::461,0.084106
pandas/core/indexes/base.py::463,0.084106
pandas/core/indexes/base.py::464,0.084106
pandas/core/indexes/base.py::470,0.084106
pandas/core/indexes/base.py::471,0.084106
pandas/core/indexes/base.py::472,0.084106
pandas/core/indexes/base.py::474,0.084106
pandas/core/indexes/base.py::5538,0.084106
pandas/core/indexes/base.py::5539,0.084106
pandas/core/indexes/base.py::5541,0.084106
pandas/core/indexes/base.py::558,0.084106
pandas/core/indexes/base.py::5601,0.084106
pandas/core/indexes/base.py::5603,0.084106
pandas/core/indexes/base.py::5610,0.084106
pandas/core/indexes/base.py::5616,0.084106
pandas/core/indexes/base.py::5619,0.084106
pandas/core/indexes/base.py::564,0.084106
pandas/core/indexes/base.py::5642,0.084106
pandas/core/indexes/base.py::565,0.084106
pandas/core/indexes/base.py::5664,0.084106
pandas/core/indexes/base.py::5671,0.084106
pandas/core/indexes/base.py::5673,0.084106
pandas/core/indexes/base.py::5691,0.084106
pandas/core/indexes/base.py::5698,0.084106
pandas/core/indexes/base.py::5700,0.084106
pandas/core/indexes/base.py::5709,0.084106
pandas/core/indexes/base.py::5713,0.084106
pandas/core/indexes/base.py::5720,0.084106
pandas/core/indexes/base.py::5723,0.084106
pandas/core/indexes/base.py::5744,0.084106
pandas/core/indexes/base.py::587,0.084106
pandas/core/indexes/numeric.py::83,0.084106
pandas/core/indexes/numeric.py::84,0.084106
pandas/core/indexes/range.py::101,0.084106
pandas/core/indexes/range.py::104,0.084106
pandas/core/indexes/range.py::106,0.084106
pandas/core/indexes/range.py::109,0.084106
pandas/core/indexes/range.py::111,0.084106
pandas/core/indexes/range.py::112,0.084106
pandas/core/indexes/range.py::115,0.084106
pandas/core/indexes/range.py::116,0.084106
pandas/core/indexes/range.py::138,0.084106
pandas/core/indexes/range.py::140,0.084106
pandas/core/indexes/range.py::142,0.084106
pandas/core/indexes/range.py::143,0.084106
pandas/core/indexes/range.py::144,0.084106
pandas/core/indexes/range.py::145,0.084106
pandas/core/indexes/range.py::146,0.084106
pandas/core/indexes/range.py::683,0.084106
pandas/core/indexes/range.py::92,0.084106
pandas/core/indexes/range.py::93,0.084106
pandas/core/indexes/range.py::96,0.084106
pandas/core/internals/blocks.py::117,0.084106
pandas/core/internals/blocks.py::118,0.084106
pandas/core/internals/blocks.py::119,0.084106
pandas/core/internals/blocks.py::121,0.084106
pandas/core/internals/blocks.py::148,0.084106
pandas/core/internals/blocks.py::149,0.084106
pandas/core/internals/blocks.py::151,0.084106
pandas/core/internals/blocks.py::156,0.084106
pandas/core/internals/blocks.py::249,0.084106
pandas/core/internals/blocks.py::253,0.084106
pandas/core/internals/blocks.py::254,0.084106
pandas/core/internals/blocks.py::256,0.084106
pandas/core/internals/blocks.py::2608,0.084106
pandas/core/internals/blocks.py::2611,0.084106
pandas/core/internals/blocks.py::3003,0.084106
pandas/core/internals/blocks.py::3004,0.084106
pandas/core/internals/blocks.py::3006,0.084106
pandas/core/internals/blocks.py::3009,0.084106
pandas/core/internals/blocks.py::3011,0.084106
pandas/core/internals/blocks.py::3014,0.084106
pandas/core/internals/blocks.py::3016,0.084106
pandas/core/internals/blocks.py::3018,0.084106
pandas/core/internals/blocks.py::3020,0.084106
pandas/core/internals/blocks.py::3021,0.084106
pandas/core/internals/blocks.py::3022,0.084106
pandas/core/internals/blocks.py::3025,0.084106
pandas/core/internals/blocks.py::3027,0.084106
pandas/core/internals/blocks.py::3029,0.084106
pandas/core/internals/blocks.py::3032,0.084106
pandas/core/internals/blocks.py::3033,0.084106
pandas/core/internals/blocks.py::3039,0.084106
pandas/core/internals/blocks.py::3044,0.084106
pandas/core/internals/blocks.py::3047,0.084106
pandas/core/internals/blocks.py::3048,0.084106
pandas/core/internals/blocks.py::3049,0.084106
pandas/core/internals/blocks.py::3056,0.084106
pandas/core/internals/blocks.py::322,0.084106
pandas/core/internals/blocks.py::326,0.084106
pandas/core/internals/blocks.py::330,0.084106
pandas/core/internals/blocks.py::333,0.084106
pandas/core/internals/blocks.py::334,0.084106
pandas/core/internals/construction.py::217,0.084106
pandas/core/internals/construction.py::242,0.084106
pandas/core/internals/construction.py::243,0.084106
pandas/core/internals/construction.py::244,0.084106
pandas/core/internals/construction.py::248,0.084106
pandas/core/internals/construction.py::251,0.084106
pandas/core/internals/construction.py::253,0.084106
pandas/core/internals/construction.py::300,0.084106
pandas/core/internals/construction.py::301,0.084106
pandas/core/internals/construction.py::303,0.084106
pandas/core/internals/construction.py::304,0.084106
pandas/core/internals/construction.py::312,0.084106
pandas/core/internals/construction.py::321,0.084106
pandas/core/internals/construction.py::322,0.084106
pandas/core/internals/construction.py::325,0.084106
pandas/core/internals/construction.py::327,0.084106
pandas/core/internals/construction.py::331,0.084106
pandas/core/internals/construction.py::332,0.084106
pandas/core/internals/construction.py::334,0.084106
pandas/core/internals/construction.py::335,0.084106
pandas/core/internals/construction.py::336,0.084106
pandas/core/internals/construction.py::338,0.084106
pandas/core/internals/construction.py::339,0.084106
pandas/core/internals/construction.py::340,0.084106
pandas/core/internals/construction.py::342,0.084106
pandas/core/internals/construction.py::343,0.084106
pandas/core/internals/construction.py::346,0.084106
pandas/core/internals/construction.py::349,0.084106
pandas/core/internals/construction.py::350,0.084106
pandas/core/internals/construction.py::351,0.084106
pandas/core/internals/construction.py::353,0.084106
pandas/core/internals/construction.py::356,0.084106
pandas/core/internals/construction.py::358,0.084106
pandas/core/internals/construction.py::361,0.084106
pandas/core/internals/construction.py::362,0.084106
pandas/core/internals/construction.py::363,0.084106
pandas/core/internals/construction.py::366,0.084106
pandas/core/internals/construction.py::371,0.084106
pandas/core/internals/construction.py::379,0.084106
pandas/core/internals/construction.py::381,0.084106
pandas/core/internals/construction.py::63,0.084106
pandas/core/internals/construction.py::64,0.084106
pandas/core/internals/construction.py::69,0.084106
pandas/core/internals/construction.py::72,0.084106
pandas/core/internals/construction.py::74,0.084106
pandas/core/internals/managers.py::136,0.084106
pandas/core/internals/managers.py::137,0.084106
pandas/core/internals/managers.py::139,0.084106
pandas/core/internals/managers.py::140,0.084106
pandas/core/internals/managers.py::146,0.084106
pandas/core/internals/managers.py::147,0.084106
pandas/core/internals/managers.py::150,0.084106
pandas/core/internals/managers.py::151,0.084106
pandas/core/internals/managers.py::152,0.084106
pandas/core/internals/managers.py::1696,0.084106
pandas/core/internals/managers.py::1697,0.084106
pandas/core/internals/managers.py::1698,0.084106
pandas/core/internals/managers.py::1699,0.084106
pandas/core/internals/managers.py::1700,0.084106
pandas/core/internals/managers.py::1730,0.084106
pandas/core/internals/managers.py::1731,0.084106
pandas/core/internals/managers.py::1733,0.084106
pandas/core/internals/managers.py::1734,0.084106
pandas/core/internals/managers.py::1735,0.084106
pandas/core/internals/managers.py::1740,0.084106
pandas/core/internals/managers.py::1741,0.084106
pandas/core/internals/managers.py::1745,0.084106
pandas/core/internals/managers.py::1746,0.084106
pandas/core/internals/managers.py::1748,0.084106
pandas/core/internals/managers.py::1749,0.084106
pandas/core/internals/managers.py::1751,0.084106
pandas/core/internals/managers.py::1752,0.084106
pandas/core/internals/managers.py::1753,0.084106
pandas/core/internals/managers.py::1754,0.084106
pandas/core/internals/managers.py::1756,0.084106
pandas/core/internals/managers.py::1760,0.084106
pandas/core/internals/managers.py::1764,0.084106
pandas/core/internals/managers.py::1768,0.084106
pandas/core/internals/managers.py::1772,0.084106
pandas/core/internals/managers.py::1779,0.084106
pandas/core/internals/managers.py::1783,0.084106
pandas/core/internals/managers.py::1784,0.084106
pandas/core/internals/managers.py::1785,0.084106
pandas/core/internals/managers.py::1787,0.084106
pandas/core/internals/managers.py::1794,0.084106
pandas/core/internals/managers.py::1803,0.084106
pandas/core/internals/managers.py::1811,0.084106
pandas/core/internals/managers.py::1821,0.084106
pandas/core/internals/managers.py::1829,0.084106
pandas/core/internals/managers.py::1832,0.084106
pandas/core/internals/managers.py::1835,0.084106
pandas/core/internals/managers.py::1836,0.084106
pandas/core/internals/managers.py::1842,0.084106
pandas/core/internals/managers.py::1844,0.084106
pandas/core/internals/managers.py::1845,0.084106
pandas/core/internals/managers.py::1847,0.084106
pandas/core/internals/managers.py::1849,0.084106
pandas/core/internals/managers.py::1850,0.084106
pandas/core/internals/managers.py::1852,0.084106
pandas/core/internals/managers.py::1858,0.084106
pandas/core/internals/managers.py::1859,0.084106
pandas/core/internals/managers.py::1862,0.084106
pandas/core/internals/managers.py::1864,0.084106
pandas/core/internals/managers.py::1865,0.084106
pandas/core/internals/managers.py::1868,0.084106
pandas/core/internals/managers.py::1870,0.084106
pandas/core/internals/managers.py::1872,0.084106
pandas/core/internals/managers.py::1873,0.084106
pandas/core/internals/managers.py::1875,0.084106
pandas/core/internals/managers.py::1876,0.084106
pandas/core/internals/managers.py::1877,0.084106
pandas/core/internals/managers.py::1879,0.084106
pandas/core/internals/managers.py::212,0.084106
pandas/core/internals/managers.py::216,0.084106
pandas/core/internals/managers.py::267,0.084106
pandas/core/internals/managers.py::340,0.084106
pandas/core/internals/managers.py::341,0.084106
pandas/core/internals/managers.py::342,0.084106
pandas/core/internals/managers.py::343,0.084106
pandas/core/internals/managers.py::345,0.084106
pandas/core/internals/managers.py::674,0.084106
pandas/core/internals/managers.py::675,0.084106
pandas/core/internals/managers.py::676,0.084106
pandas/core/internals/managers.py::679,0.084106
pandas/core/internals/managers.py::680,0.084106
pandas/core/internals/managers.py::681,0.084106
pandas/core/internals/managers.py::952,0.084106
