Entity,Score
pandas/core/frame.py::469,0.909091
pandas/core/internals/construction.py::122,0.909091
pandas/core/internals/construction.py::137,0.909091
pandas/core/internals/construction.py::138,0.909091
pandas/core/internals/construction.py::149,0.909091
pandas/core/internals/construction.py::157,0.909091
pandas/core/internals/construction.py::159,0.909091
pandas/core/internals/construction.py::170,0.909091
pandas/core/internals/construction.py::171,0.909091
pandas/core/internals/construction.py::176,0.909091
pandas/core/internals/construction.py::197,0.909091
pandas/core/internals/construction.py::199,0.909091
pandas/core/internals/construction.py::250,0.909091
pandas/core/internals/construction.py::251,0.909091
pandas/core/internals/construction.py::254,0.909091
pandas/core/internals/construction.py::255,0.909091
pandas/core/internals/construction.py::260,0.909091
pandas/core/internals/construction.py::261,0.909091
pandas/core/internals/construction.py::263,0.909091
pandas/core/internals/construction.py::267,0.909091
pandas/core/internals/construction.py::278,0.909091
pandas/core/internals/construction.py::279,0.909091
pandas/core/internals/construction.py::283,0.909091
pandas/core/internals/construction.py::407,0.909091
pandas/core/internals/construction.py::410,0.909091
pandas/core/internals/construction.py::412,0.909091
pandas/core/internals/construction.py::415,0.909091
pandas/core/internals/construction.py::416,0.909091
pandas/core/internals/managers.py::1630,0.909091
pandas/core/internals/managers.py::1631,0.909091
pandas/core/internals/managers.py::1633,0.909091
pandas/core/internals/managers.py::1640,0.909091
pandas/core/internals/managers.py::1643,0.909091
pandas/core/internals/managers.py::1644,0.909091
pandas/core/internals/managers.py::1645,0.909091
pandas/core/arrays/_ranges.py::114,0.660409
pandas/core/arrays/_ranges.py::116,0.660409
pandas/core/arrays/_ranges.py::118,0.660409
pandas/core/arrays/_ranges.py::119,0.660409
pandas/core/arrays/_ranges.py::122,0.660409
pandas/core/arrays/_ranges.py::125,0.660409
pandas/core/arrays/_ranges.py::126,0.660409
pandas/core/arrays/_ranges.py::130,0.660409
pandas/core/arrays/_ranges.py::132,0.660409
pandas/core/arrays/_ranges.py::163,0.660409
pandas/core/arrays/_ranges.py::164,0.660409
pandas/core/arrays/_ranges.py::167,0.660409
pandas/core/arrays/_ranges.py::168,0.660409
pandas/core/arrays/_ranges.py::169,0.660409
pandas/core/arrays/_ranges.py::171,0.660409
pandas/core/arrays/_ranges.py::37,0.660409
pandas/core/arrays/_ranges.py::38,0.660409
pandas/core/arrays/_ranges.py::39,0.660409
pandas/core/arrays/_ranges.py::46,0.660409
pandas/core/arrays/_ranges.py::47,0.660409
pandas/core/arrays/_ranges.py::48,0.660409
pandas/core/arrays/_ranges.py::49,0.660409
pandas/core/arrays/_ranges.py::60,0.660409
pandas/core/arrays/_ranges.py::63,0.660409
pandas/core/arrays/_ranges.py::64,0.660409
pandas/core/arrays/_ranges.py::83,0.660409
pandas/core/arrays/datetimelike.py::1519,0.660409
pandas/core/arrays/datetimelike.py::1520,0.660409
pandas/core/arrays/datetimelike.py::1522,0.660409
pandas/core/arrays/datetimelike.py::1526,0.660409
pandas/core/arrays/datetimelike.py::1546,0.660409
pandas/core/arrays/datetimelike.py::1547,0.660409
pandas/core/arrays/datetimelike.py::1549,0.660409
pandas/core/arrays/datetimelike.py::1550,0.660409
pandas/core/arrays/datetimelike.py::1551,0.660409
pandas/core/arrays/datetimelike.py::1559,0.660409
pandas/core/arrays/datetimelike.py::1584,0.660409
pandas/core/arrays/datetimelike.py::1590,0.660409
pandas/core/arrays/datetimelike.py::1591,0.660409
pandas/core/arrays/datetimelike.py::1592,0.660409
pandas/core/arrays/datetimes.py::2240,0.660409
pandas/core/arrays/datetimes.py::2241,0.660409
pandas/core/arrays/datetimes.py::2248,0.660409
pandas/core/arrays/datetimes.py::2249,0.660409
pandas/core/arrays/datetimes.py::2251,0.660409
pandas/core/arrays/datetimes.py::2255,0.660409
pandas/core/arrays/datetimes.py::2258,0.660409
pandas/core/arrays/datetimes.py::2262,0.660409
pandas/core/arrays/datetimes.py::2264,0.660409
pandas/core/arrays/datetimes.py::2265,0.660409
pandas/core/arrays/datetimes.py::2269,0.660409
pandas/core/arrays/datetimes.py::2271,0.660409
pandas/core/arrays/datetimes.py::2278,0.660409
pandas/core/arrays/datetimes.py::2303,0.660409
pandas/core/arrays/datetimes.py::2306,0.660409
pandas/core/arrays/datetimes.py::2307,0.660409
pandas/core/arrays/datetimes.py::2308,0.660409
pandas/core/arrays/datetimes.py::2309,0.660409
pandas/core/arrays/datetimes.py::2310,0.660409
pandas/core/arrays/datetimes.py::2311,0.660409
pandas/core/arrays/datetimes.py::385,0.660409
pandas/core/arrays/datetimes.py::470,0.660409
pandas/core/arrays/datetimes.py::471,0.660409
pandas/core/arrays/datetimes.py::474,0.660409
pandas/core/arrays/datetimes.py::479,0.660409
pandas/core/arrays/datetimes.py::481,0.660409
pandas/core/arrays/datetimes.py::482,0.660409
pandas/core/arrays/datetimes.py::484,0.660409
pandas/core/arrays/datetimes.py::487,0.660409
pandas/core/arrays/datetimes.py::492,0.660409
pandas/core/arrays/datetimes.py::495,0.660409
pandas/core/arrays/datetimes.py::497,0.660409
pandas/core/arrays/datetimes.py::499,0.660409
pandas/core/arrays/datetimes.py::501,0.660409
pandas/core/arrays/datetimes.py::503,0.660409
pandas/core/arrays/datetimes.py::504,0.660409
pandas/core/arrays/datetimes.py::505,0.660409
pandas/core/arrays/datetimes.py::506,0.660409
pandas/core/arrays/datetimes.py::507,0.660409
pandas/core/arrays/datetimes.py::508,0.660409
pandas/core/arrays/datetimes.py::509,0.660409
pandas/core/arrays/datetimes.py::510,0.660409
pandas/core/arrays/datetimes.py::512,0.660409
pandas/core/arrays/datetimes.py::513,0.660409
pandas/core/arrays/datetimes.py::515,0.660409
pandas/core/arrays/datetimes.py::519,0.660409
pandas/core/arrays/datetimes.py::525,0.660409
pandas/core/arrays/datetimes.py::526,0.660409
pandas/core/arrays/datetimes.py::528,0.660409
pandas/core/arrays/datetimes.py::555,0.660409
pandas/core/arrays/datetimes.py::557,0.660409
pandas/core/arrays/datetimes.py::560,0.660409
pandas/core/arrays/datetimes.py::561,0.660409
pandas/core/dtypes/dtypes.py::148,0.660409
pandas/core/indexes/datetimes.py::1570,0.660409
pandas/core/indexes/datetimes.py::1573,0.660409
pandas/core/indexes/datetimes.py::1574,0.660409
pandas/core/indexes/datetimes.py::1575,0.660409
pandas/core/indexes/datetimes.py::1576,0.660409
pandas/core/indexes/datetimes.py::1577,0.660409
pandas/core/indexes/datetimes.py::1578,0.660409
pandas/core/indexes/datetimes.py::1579,0.660409
pandas/core/indexes/datetimes.py::1580,0.660409
pandas/core/indexes/datetimes.py::1581,0.660409
pandas/core/indexes/datetimes.py::1583,0.660409
pandas/core/reshape/merge.py::1014,0.660409
pandas/core/reshape/merge.py::1015,0.660409
pandas/core/reshape/merge.py::1016,0.660409
pandas/core/reshape/merge.py::1020,0.660409
pandas/core/reshape/merge.py::1021,0.660409
pandas/core/reshape/merge.py::1022,0.660409
pandas/core/reshape/merge.py::1030,0.660409
pandas/core/reshape/merge.py::997,0.660409
pandas/tseries/frequencies.py::117,0.660409
pandas/tseries/frequencies.py::118,0.660409
pandas/tseries/frequencies.py::120,0.660409
pandas/tseries/frequencies.py::128,0.660409
pandas/tseries/frequencies.py::145,0.660409
pandas/tseries/frequencies.py::146,0.660409
pandas/tseries/frequencies.py::147,0.660409
pandas/tseries/frequencies.py::148,0.660409
pandas/tseries/frequencies.py::149,0.660409
pandas/tseries/frequencies.py::152,0.660409
pandas/tseries/frequencies.py::153,0.660409
pandas/tseries/frequencies.py::155,0.660409
pandas/tseries/frequencies.py::157,0.660409
pandas/tseries/frequencies.py::158,0.660409
pandas/tseries/frequencies.py::159,0.660409
pandas/tseries/frequencies.py::160,0.660409
pandas/tseries/frequencies.py::161,0.660409
pandas/tseries/frequencies.py::162,0.660409
pandas/tseries/frequencies.py::163,0.660409
pandas/tseries/frequencies.py::164,0.660409
pandas/tseries/frequencies.py::166,0.660409
pandas/tseries/frequencies.py::167,0.660409
pandas/tseries/frequencies.py::168,0.660409
pandas/tseries/frequencies.py::169,0.660409
pandas/tseries/frequencies.py::170,0.660409
pandas/tseries/frequencies.py::173,0.660409
pandas/tseries/frequencies.py::174,0.660409
pandas/tseries/frequencies.py::176,0.660409
pandas/tseries/frequencies.py::179,0.660409
pandas/tseries/frequencies.py::190,0.660409
pandas/tseries/frequencies.py::191,0.660409
pandas/tseries/frequencies.py::192,0.660409
pandas/tseries/frequencies.py::193,0.660409
pandas/tseries/frequencies.py::197,0.660409
pandas/tseries/frequencies.py::198,0.660409
pandas/tseries/frequencies.py::199,0.660409
pandas/tseries/frequencies.py::200,0.660409
pandas/tseries/frequencies.py::203,0.660409
pandas/tseries/frequencies.py::204,0.660409
pandas/tseries/frequencies.py::206,0.660409
pandas/tseries/frequencies.py::208,0.660409
pandas/tseries/frequencies.py::210,0.660409
pandas/tseries/offsets.py::2550,0.660409
pandas/tseries/offsets.py::2551,0.660409
pandas/tseries/offsets.py::2580,0.660409
pandas/tseries/offsets.py::2581,0.660409
pandas/tseries/offsets.py::2583,0.660409
pandas/tseries/offsets.py::2586,0.660409
pandas/tseries/offsets.py::2587,0.660409
pandas/tseries/offsets.py::2589,0.660409
pandas/tseries/offsets.py::2620,0.660409
pandas/tseries/offsets.py::2624,0.660409
pandas/tseries/offsets.py::477,0.660409
pandas/tseries/offsets.py::479,0.660409
pandas/core/reshape/merge.py::1217,0.545836
pandas/core/reshape/merge.py::1218,0.545836
pandas/core/reshape/merge.py::1219,0.545836
pandas/core/reshape/merge.py::1220,0.545836
pandas/core/reshape/merge.py::1225,0.545836
pandas/core/arrays/datetimes.py::1909,0.476190
pandas/core/arrays/datetimes.py::1910,0.476190
pandas/core/arrays/datetimes.py::2116,0.476190
pandas/core/arrays/datetimes.py::2117,0.476190
pandas/core/arrays/datetimes.py::2125,0.476190
pandas/core/arrays/datetimes.py::338,0.476190
pandas/core/arrays/datetimes.py::392,0.476190
pandas/core/arrays/datetimes.py::90,0.476190
pandas/core/dtypes/dtypes.py::664,0.476190
pandas/core/dtypes/dtypes.py::667,0.476190
pandas/core/dtypes/dtypes.py::683,0.476190
pandas/core/dtypes/dtypes.py::684,0.476190
pandas/core/dtypes/dtypes.py::685,0.476190
pandas/core/dtypes/dtypes.py::688,0.476190
pandas/core/dtypes/dtypes.py::691,0.476190
pandas/core/dtypes/dtypes.py::692,0.476190
pandas/core/dtypes/dtypes.py::699,0.476190
pandas/core/dtypes/dtypes.py::706,0.476190
pandas/core/dtypes/dtypes.py::756,0.476190
pandas/core/dtypes/dtypes.py::769,0.476190
pandas/core/dtypes/dtypes.py::773,0.476190
pandas/core/indexes/datetimes.py::1217,0.476190
pandas/core/indexes/datetimes.py::1222,0.476190
pandas/core/indexes/datetimes.py::347,0.476190
pandas/core/indexes/datetimes.py::348,0.476190
pandas/core/internals/blocks.py::2243,0.476190
pandas/core/internals/blocks.py::2258,0.476190
pandas/core/internals/blocks.py::2261,0.476190
pandas/core/internals/blocks.py::2264,0.476190
pandas/core/internals/blocks.py::2944,0.476190
pandas/core/internals/managers.py::1735,0.476190
pandas/core/internals/managers.py::1736,0.476190
pandas/core/internals/managers.py::1738,0.476190
pandas/core/reshape/merge.py::1643,0.476190
pandas/core/reshape/merge.py::1645,0.476190
pandas/core/frame.py::417,0.428070
pandas/core/frame.py::435,0.428070
pandas/core/frame.py::448,0.428070
pandas/core/frame.py::449,0.428070
pandas/core/frame.py::451,0.428070
pandas/core/frame.py::452,0.428070
pandas/core/indexes/datetimes.py::1214,0.428070
pandas/core/indexes/datetimes.py::1215,0.428070
pandas/core/reshape/merge.py::1208,0.428070
pandas/core/reshape/merge.py::1626,0.428070
pandas/core/reshape/merge.py::1648,0.428070
pandas/core/internals/blocks.py::1568,0.392235
pandas/core/internals/blocks.py::1569,0.392235
pandas/core/internals/blocks.py::1572,0.392235
pandas/core/internals/blocks.py::1573,0.392235
pandas/core/internals/blocks.py::1576,0.392235
pandas/core/internals/blocks.py::1577,0.392235
pandas/core/internals/blocks.py::1587,0.392235
pandas/core/internals/blocks.py::1597,0.392235
pandas/core/internals/blocks.py::1599,0.392235
pandas/core/internals/blocks.py::1687,0.392235
pandas/core/internals/blocks.py::1688,0.392235
pandas/core/internals/blocks.py::1932,0.392235
pandas/core/arrays/datetimelike.py::405,0.364199
pandas/core/arrays/datetimelike.py::406,0.364199
pandas/core/arrays/datetimelike.py::413,0.364199
pandas/core/arrays/datetimelike.py::414,0.364199
pandas/core/arrays/datetimelike.py::418,0.364199
pandas/core/arrays/datetimelike.py::425,0.364199
pandas/core/arrays/datetimelike.py::426,0.364199
pandas/core/arrays/datetimelike.py::429,0.364199
pandas/core/arrays/datetimelike.py::430,0.364199
pandas/core/arrays/datetimelike.py::431,0.364199
pandas/core/arrays/datetimelike.py::434,0.364199
pandas/core/arrays/datetimelike.py::440,0.364199
pandas/core/arrays/datetimelike.py::441,0.364199
pandas/core/arrays/datetimelike.py::448,0.364199
pandas/core/arrays/datetimes.py::1873,0.364199
pandas/core/dtypes/base.py::282,0.341480
pandas/core/indexes/datetimelike.py::153,0.341480
pandas/core/arrays/base.py::380,0.269865
pandas/core/dtypes/common.py::743,0.171099
pandas/core/dtypes/common.py::747,0.171099
pandas/core/internals/construction.py::232,0.168607
pandas/core/internals/construction.py::233,0.168607
pandas/core/internals/construction.py::234,0.168607
pandas/core/internals/construction.py::238,0.168607
pandas/core/internals/construction.py::241,0.168607
pandas/core/internals/construction.py::60,0.168607
pandas/core/construction.py::419,0.123457
pandas/core/dtypes/cast.py::65,0.123457
pandas/core/dtypes/cast.py::66,0.123457
pandas/core/dtypes/cast.py::67,0.123457
pandas/core/dtypes/cast.py::68,0.123457
pandas/core/dtypes/cast.py::70,0.123457
pandas/core/dtypes/cast.py::72,0.123457
pandas/core/internals/construction.py::318,0.123457
pandas/core/internals/construction.py::319,0.123457
pandas/core/internals/construction.py::321,0.123457
pandas/core/internals/construction.py::322,0.123457
pandas/core/internals/construction.py::323,0.123457
pandas/core/internals/construction.py::325,0.123457
pandas/core/internals/construction.py::326,0.123457
pandas/core/internals/construction.py::327,0.123457
pandas/core/internals/construction.py::329,0.123457
pandas/core/internals/construction.py::330,0.123457
pandas/core/internals/construction.py::333,0.123457
pandas/core/internals/construction.py::336,0.123457
pandas/core/internals/construction.py::337,0.123457
pandas/core/internals/construction.py::338,0.123457
pandas/core/internals/construction.py::340,0.123457
pandas/core/internals/construction.py::343,0.123457
pandas/core/internals/construction.py::345,0.123457
pandas/core/internals/construction.py::348,0.123457
pandas/core/internals/construction.py::349,0.123457
pandas/core/internals/construction.py::350,0.123457
pandas/core/internals/construction.py::353,0.123457
pandas/core/internals/construction.py::358,0.123457
pandas/core/internals/construction.py::366,0.123457
pandas/core/internals/construction.py::368,0.123457
pandas/core/indexes/base.py::4249,0.120695
pandas/core/common.py::122,0.114152
pandas/core/common.py::139,0.114152
pandas/core/common.py::146,0.114152
pandas/core/reshape/merge.py::1201,0.108573
pandas/core/common.py::206,0.107301
pandas/core/common.py::192,0.106682
pandas/core/frame.py::511,0.106682
pandas/core/generic.py::1631,0.106682
pandas/core/generic.py::1632,0.106682
pandas/core/generic.py::1635,0.106682
pandas/core/generic.py::1636,0.106682
pandas/core/generic.py::1637,0.106682
pandas/core/generic.py::1682,0.106682
pandas/core/generic.py::1683,0.106682
pandas/core/generic.py::1686,0.106682
pandas/core/generic.py::1687,0.106682
pandas/core/generic.py::1688,0.106682
pandas/core/generic.py::1747,0.106682
pandas/core/generic.py::1748,0.106682
pandas/core/generic.py::1750,0.106682
pandas/core/generic.py::1751,0.106682
pandas/core/generic.py::1752,0.106682
pandas/core/generic.py::1759,0.106682
pandas/core/generic.py::1783,0.106682
pandas/core/generic.py::3522,0.106682
pandas/core/generic.py::3523,0.106682
pandas/core/generic.py::3524,0.106682
pandas/core/generic.py::3536,0.106682
pandas/core/generic.py::3537,0.106682
pandas/core/indexes/base.py::1247,0.106682
pandas/core/reshape/merge.py::1032,0.106682
pandas/core/reshape/merge.py::1035,0.106682
pandas/core/reshape/merge.py::1038,0.106682
pandas/core/reshape/merge.py::1584,0.106682
pandas/core/reshape/merge.py::1588,0.106682
pandas/core/reshape/merge.py::1590,0.106682
pandas/core/reshape/merge.py::1595,0.106682
pandas/core/reshape/merge.py::1608,0.106682
pandas/core/reshape/merge.py::1621,0.106682
pandas/core/reshape/merge.py::1624,0.106682
pandas/core/reshape/merge.py::1625,0.106682
pandas/core/reshape/merge.py::1991,0.106682
pandas/core/reshape/merge.py::622,0.106682
pandas/core/reshape/merge.py::938,0.106682
pandas/core/reshape/merge.py::939,0.106682
pandas/core/reshape/merge.py::940,0.106682
pandas/core/reshape/merge.py::941,0.106682
pandas/core/reshape/merge.py::942,0.106682
pandas/core/reshape/merge.py::944,0.106682
pandas/core/reshape/merge.py::946,0.106682
pandas/core/reshape/merge.py::947,0.106682
pandas/core/reshape/merge.py::960,0.106682
pandas/_config/config.py::111,0.106074
pandas/_config/config.py::112,0.106074
pandas/_config/config.py::116,0.106074
pandas/_config/config.py::118,0.106074
pandas/_config/config.py::122,0.106074
pandas/_config/config.py::123,0.106074
pandas/_config/config.py::125,0.106074
pandas/_config/config.py::126,0.106074
pandas/_config/config.py::127,0.106074
pandas/_config/config.py::130,0.106074
pandas/_config/config.py::131,0.106074
pandas/_config/config.py::133,0.106074
pandas/_config/config.py::233,0.106074
pandas/_config/config.py::541,0.106074
pandas/_config/config.py::545,0.106074
pandas/_config/config.py::546,0.106074
pandas/_config/config.py::549,0.106074
pandas/_config/config.py::553,0.106074
pandas/_config/config.py::554,0.106074
pandas/_config/config.py::555,0.106074
pandas/_config/config.py::556,0.106074
pandas/_config/config.py::557,0.106074
pandas/_config/config.py::576,0.106074
pandas/_config/config.py::577,0.106074
pandas/_config/config.py::578,0.106074
pandas/_config/config.py::579,0.106074
pandas/_config/config.py::592,0.106074
pandas/_config/config.py::601,0.106074
pandas/_config/config.py::602,0.106074
pandas/_config/config.py::605,0.106074
pandas/_config/config.py::617,0.106074
pandas/_config/config.py::618,0.106074
pandas/_config/config.py::633,0.106074
pandas/_config/config.py::806,0.106074
pandas/_config/config.py::84,0.106074
pandas/_config/config.py::85,0.106074
pandas/_config/config.py::89,0.106074
pandas/_config/config.py::91,0.106074
pandas/_config/config.py::93,0.106074
pandas/_config/config.py::94,0.106074
pandas/_config/config.py::96,0.106074
pandas/_config/config.py::98,0.106074
pandas/compat/numpy/function.py::43,0.106074
pandas/conftest.py::358,0.106074
pandas/conftest.py::380,0.106074
pandas/conftest.py::382,0.106074
pandas/conftest.py::383,0.106074
pandas/conftest.py::384,0.106074
pandas/conftest.py::391,0.106074
pandas/conftest.py::393,0.106074
pandas/conftest.py::49,0.106074
pandas/conftest.py::52,0.106074
pandas/conftest.py::55,0.106074
pandas/conftest.py::58,0.106074
pandas/conftest.py::61,0.106074
pandas/conftest.py::72,0.106074
pandas/conftest.py::80,0.106074
pandas/conftest.py::81,0.106074
pandas/core/algorithms.py::1437,0.106074
pandas/core/algorithms.py::1438,0.106074
pandas/core/algorithms.py::1439,0.106074
pandas/core/algorithms.py::1441,0.106074
pandas/core/algorithms.py::1442,0.106074
pandas/core/algorithms.py::1445,0.106074
pandas/core/algorithms.py::1446,0.106074
pandas/core/algorithms.py::1447,0.106074
pandas/core/algorithms.py::1597,0.106074
pandas/core/algorithms.py::1599,0.106074
pandas/core/algorithms.py::1602,0.106074
pandas/core/algorithms.py::1603,0.106074
pandas/core/algorithms.py::1605,0.106074
pandas/core/algorithms.py::1609,0.106074
pandas/core/algorithms.py::1610,0.106074
pandas/core/algorithms.py::1616,0.106074
pandas/core/algorithms.py::1617,0.106074
pandas/core/algorithms.py::1631,0.106074
pandas/core/algorithms.py::1632,0.106074
pandas/core/algorithms.py::1633,0.106074
pandas/core/algorithms.py::1636,0.106074
pandas/core/algorithms.py::1644,0.106074
pandas/core/algorithms.py::1645,0.106074
pandas/core/algorithms.py::1646,0.106074
pandas/core/algorithms.py::1647,0.106074
pandas/core/algorithms.py::1648,0.106074
pandas/core/algorithms.py::1655,0.106074
pandas/core/algorithms.py::1657,0.106074
pandas/core/algorithms.py::1658,0.106074
pandas/core/algorithms.py::1660,0.106074
pandas/core/algorithms.py::1662,0.106074
pandas/core/algorithms.py::1664,0.106074
pandas/core/algorithms.py::181,0.106074
pandas/core/algorithms.py::183,0.106074
pandas/core/algorithms.py::189,0.106074
pandas/core/algorithms.py::190,0.106074
pandas/core/algorithms.py::192,0.106074
pandas/core/algorithms.py::1961,0.106074
pandas/core/algorithms.py::1966,0.106074
pandas/core/algorithms.py::1971,0.106074
pandas/core/algorithms.py::1978,0.106074
pandas/core/algorithms.py::1980,0.106074
pandas/core/algorithms.py::1981,0.106074
pandas/core/algorithms.py::1986,0.106074
pandas/core/algorithms.py::1987,0.106074
pandas/core/algorithms.py::1988,0.106074
pandas/core/algorithms.py::199,0.106074
pandas/core/algorithms.py::1995,0.106074
pandas/core/algorithms.py::1996,0.106074
pandas/core/algorithms.py::207,0.106074
pandas/core/algorithms.py::238,0.106074
pandas/core/algorithms.py::241,0.106074
pandas/core/algorithms.py::242,0.106074
pandas/core/algorithms.py::246,0.106074
pandas/core/algorithms.py::248,0.106074
pandas/core/algorithms.py::249,0.106074
pandas/core/algorithms.py::251,0.106074
pandas/core/algorithms.py::267,0.106074
pandas/core/algorithms.py::268,0.106074
pandas/core/algorithms.py::273,0.106074
pandas/core/algorithms.py::274,0.106074
pandas/core/algorithms.py::275,0.106074
pandas/core/algorithms.py::476,0.106074
pandas/core/algorithms.py::478,0.106074
pandas/core/algorithms.py::479,0.106074
pandas/core/algorithms.py::481,0.106074
pandas/core/algorithms.py::482,0.106074
pandas/core/algorithms.py::615,0.106074
pandas/core/algorithms.py::616,0.106074
pandas/core/algorithms.py::618,0.106074
pandas/core/algorithms.py::623,0.106074
pandas/core/algorithms.py::625,0.106074
pandas/core/algorithms.py::628,0.106074
pandas/core/algorithms.py::630,0.106074
pandas/core/algorithms.py::631,0.106074
pandas/core/algorithms.py::634,0.106074
pandas/core/algorithms.py::639,0.106074
pandas/core/algorithms.py::642,0.106074
pandas/core/algorithms.py::644,0.106074
pandas/core/algorithms.py::649,0.106074
pandas/core/algorithms.py::85,0.106074
pandas/core/algorithms.py::87,0.106074
pandas/core/algorithms.py::88,0.106074
pandas/core/arrays/boolean.py::89,0.106074
pandas/core/arrays/boolean.py::91,0.106074
pandas/core/arrays/datetimelike.py::1583,0.106074
pandas/core/arrays/datetimelike.py::1594,0.106074
pandas/core/arrays/datetimelike.py::1613,0.106074
pandas/core/arrays/datetimelike.py::1614,0.106074
pandas/core/arrays/datetimelike.py::1616,0.106074
pandas/core/arrays/datetimelike.py::1617,0.106074
pandas/core/arrays/datetimelike.py::1621,0.106074
pandas/core/arrays/datetimelike.py::355,0.106074
pandas/core/arrays/datetimelike.py::397,0.106074
pandas/core/arrays/datetimelike.py::593,0.106074
pandas/core/arrays/datetimelike.py::594,0.106074
pandas/core/arrays/datetimelike.py::803,0.106074
pandas/core/arrays/datetimes.py::1855,0.106074
pandas/core/arrays/datetimes.py::1857,0.106074
pandas/core/arrays/datetimes.py::1859,0.106074
pandas/core/arrays/datetimes.py::1866,0.106074
pandas/core/arrays/datetimes.py::1868,0.106074
pandas/core/arrays/datetimes.py::1871,0.106074
pandas/core/arrays/datetimes.py::1876,0.106074
pandas/core/arrays/datetimes.py::1878,0.106074
pandas/core/arrays/datetimes.py::1885,0.106074
pandas/core/arrays/datetimes.py::1887,0.106074
pandas/core/arrays/datetimes.py::1907,0.106074
pandas/core/arrays/datetimes.py::1912,0.106074
pandas/core/arrays/datetimes.py::1914,0.106074
pandas/core/arrays/datetimes.py::1915,0.106074
pandas/core/arrays/datetimes.py::1918,0.106074
pandas/core/arrays/datetimes.py::1926,0.106074
pandas/core/arrays/datetimes.py::1927,0.106074
pandas/core/arrays/datetimes.py::1945,0.106074
pandas/core/arrays/datetimes.py::1949,0.106074
pandas/core/arrays/datetimes.py::1950,0.106074
pandas/core/arrays/datetimes.py::1953,0.106074
pandas/core/arrays/datetimes.py::1955,0.106074
pandas/core/arrays/datetimes.py::1994,0.106074
pandas/core/arrays/datetimes.py::1997,0.106074
pandas/core/arrays/datetimes.py::1999,0.106074
pandas/core/arrays/datetimes.py::2000,0.106074
pandas/core/arrays/datetimes.py::2001,0.106074
pandas/core/arrays/datetimes.py::2002,0.106074
pandas/core/arrays/datetimes.py::2003,0.106074
pandas/core/arrays/datetimes.py::2004,0.106074
pandas/core/arrays/datetimes.py::2005,0.106074
pandas/core/arrays/datetimes.py::2006,0.106074
pandas/core/arrays/datetimes.py::2017,0.106074
pandas/core/arrays/datetimes.py::2022,0.106074
pandas/core/arrays/datetimes.py::2025,0.106074
pandas/core/arrays/datetimes.py::2060,0.106074
pandas/core/arrays/datetimes.py::2068,0.106074
pandas/core/arrays/datetimes.py::2071,0.106074
pandas/core/arrays/datetimes.py::2078,0.106074
pandas/core/arrays/datetimes.py::2085,0.106074
pandas/core/arrays/datetimes.py::2091,0.106074
pandas/core/arrays/datetimes.py::2150,0.106074
pandas/core/arrays/datetimes.py::2151,0.106074
pandas/core/arrays/datetimes.py::2152,0.106074
pandas/core/arrays/datetimes.py::2163,0.106074
pandas/core/arrays/datetimes.py::2164,0.106074
pandas/core/arrays/datetimes.py::2170,0.106074
pandas/core/arrays/datetimes.py::2192,0.106074
pandas/core/arrays/datetimes.py::2217,0.106074
pandas/core/arrays/datetimes.py::327,0.106074
pandas/core/arrays/datetimes.py::330,0.106074
pandas/core/arrays/datetimes.py::332,0.106074
pandas/core/arrays/datetimes.py::334,0.106074
pandas/core/arrays/datetimes.py::335,0.106074
pandas/core/arrays/datetimes.py::337,0.106074
pandas/core/arrays/datetimes.py::344,0.106074
pandas/core/arrays/datetimes.py::347,0.106074
pandas/core/arrays/datetimes.py::348,0.106074
pandas/core/arrays/datetimes.py::349,0.106074
pandas/core/arrays/datetimes.py::351,0.106074
pandas/core/arrays/datetimes.py::357,0.106074
pandas/core/arrays/datetimes.py::360,0.106074
pandas/core/arrays/datetimes.py::366,0.106074
pandas/core/arrays/datetimes.py::373,0.106074
pandas/core/arrays/datetimes.py::375,0.106074
pandas/core/arrays/datetimes.py::382,0.106074
pandas/core/arrays/datetimes.py::384,0.106074
pandas/core/arrays/datetimes.py::386,0.106074
pandas/core/arrays/datetimes.py::394,0.106074
pandas/core/arrays/datetimes.py::395,0.106074
pandas/core/arrays/datetimes.py::396,0.106074
pandas/core/arrays/datetimes.py::398,0.106074
pandas/core/arrays/datetimes.py::403,0.106074
pandas/core/arrays/datetimes.py::404,0.106074
pandas/core/arrays/datetimes.py::405,0.106074
pandas/core/arrays/datetimes.py::407,0.106074
pandas/core/arrays/datetimes.py::408,0.106074
pandas/core/arrays/datetimes.py::409,0.106074
pandas/core/arrays/datetimes.py::410,0.106074
pandas/core/arrays/datetimes.py::411,0.106074
pandas/core/arrays/datetimes.py::427,0.106074
pandas/core/arrays/datetimes.py::429,0.106074
pandas/core/arrays/datetimes.py::430,0.106074
pandas/core/arrays/datetimes.py::431,0.106074
pandas/core/arrays/datetimes.py::432,0.106074
pandas/core/arrays/datetimes.py::433,0.106074
pandas/core/arrays/datetimes.py::434,0.106074
pandas/core/arrays/datetimes.py::435,0.106074
pandas/core/arrays/datetimes.py::436,0.106074
pandas/core/arrays/datetimes.py::437,0.106074
pandas/core/arrays/datetimes.py::440,0.106074
pandas/core/arrays/datetimes.py::442,0.106074
pandas/core/arrays/datetimes.py::443,0.106074
pandas/core/arrays/datetimes.py::445,0.106074
pandas/core/arrays/datetimes.py::449,0.106074
pandas/core/arrays/datetimes.py::454,0.106074
pandas/core/arrays/datetimes.py::616,0.106074
pandas/core/arrays/datetimes.py::629,0.106074
pandas/core/arrays/datetimes.py::87,0.106074
pandas/core/arrays/datetimes.py::88,0.106074
pandas/core/arrays/numpy_.py::125,0.106074
pandas/core/arrays/numpy_.py::127,0.106074
pandas/core/arrays/numpy_.py::134,0.106074
pandas/core/arrays/numpy_.py::137,0.106074
pandas/core/arrays/numpy_.py::140,0.106074
pandas/core/arrays/numpy_.py::141,0.106074
pandas/core/arrays/numpy_.py::172,0.106074
pandas/core/arrays/numpy_.py::42,0.106074
pandas/core/arrays/numpy_.py::43,0.106074
pandas/core/arrays/numpy_.py::44,0.106074
pandas/core/arrays/numpy_.py::45,0.106074
pandas/core/arrays/sparse/dtype.py::204,0.106074
pandas/core/arrays/sparse/dtype.py::205,0.106074
pandas/core/arrays/sparse/dtype.py::223,0.106074
pandas/core/arrays/string_.py::77,0.106074
pandas/core/arrays/string_.py::79,0.106074
pandas/core/base.py::1083,0.106074
pandas/core/base.py::1085,0.106074
pandas/core/base.py::1088,0.106074
pandas/core/base.py::714,0.106074
pandas/core/base.py::783,0.106074
pandas/core/base.py::785,0.106074
pandas/core/base.py::789,0.106074
pandas/core/base.py::794,0.106074
pandas/core/base.py::795,0.106074
pandas/core/base.py::797,0.106074
pandas/core/base.py::799,0.106074
pandas/core/base.py::907,0.106074
pandas/core/base.py::912,0.106074
pandas/core/base.py::916,0.106074
pandas/core/common.py::120,0.106074
pandas/core/common.py::121,0.106074
pandas/core/common.py::124,0.106074
pandas/core/common.py::132,0.106074
pandas/core/common.py::135,0.106074
pandas/core/common.py::138,0.106074
pandas/core/common.py::162,0.106074
pandas/core/common.py::164,0.106074
pandas/core/common.py::185,0.106074
pandas/core/common.py::219,0.106074
pandas/core/common.py::221,0.106074
pandas/core/common.py::224,0.106074
pandas/core/common.py::225,0.106074
pandas/core/common.py::227,0.106074
pandas/core/common.py::229,0.106074
pandas/core/common.py::232,0.106074
pandas/core/common.py::237,0.106074
pandas/core/common.py::268,0.106074
pandas/core/common.py::270,0.106074
pandas/core/common.py::277,0.106074
pandas/core/common.py::279,0.106074
pandas/core/common.py::340,0.106074
pandas/core/common.py::343,0.106074
pandas/core/construction.py::358,0.106074
pandas/core/construction.py::361,0.106074
pandas/core/construction.py::364,0.106074
pandas/core/construction.py::374,0.106074
pandas/core/construction.py::375,0.106074
pandas/core/construction.py::377,0.106074
pandas/core/construction.py::387,0.106074
pandas/core/construction.py::390,0.106074
pandas/core/construction.py::392,0.106074
pandas/core/construction.py::403,0.106074
pandas/core/construction.py::405,0.106074
pandas/core/construction.py::407,0.106074
pandas/core/construction.py::409,0.106074
pandas/core/construction.py::411,0.106074
pandas/core/construction.py::413,0.106074
pandas/core/construction.py::415,0.106074
pandas/core/construction.py::416,0.106074
pandas/core/construction.py::417,0.106074
pandas/core/construction.py::421,0.106074
pandas/core/construction.py::423,0.106074
pandas/core/construction.py::428,0.106074
pandas/core/construction.py::431,0.106074
pandas/core/construction.py::450,0.106074
pandas/core/construction.py::451,0.106074
pandas/core/construction.py::454,0.106074
pandas/core/construction.py::465,0.106074
pandas/core/construction.py::468,0.106074
pandas/core/construction.py::477,0.106074
pandas/core/construction.py::478,0.106074
pandas/core/construction.py::479,0.106074
pandas/core/construction.py::487,0.106074
pandas/core/construction.py::511,0.106074
pandas/core/construction.py::512,0.106074
pandas/core/construction.py::513,0.106074
pandas/core/construction.py::515,0.106074
pandas/core/construction.py::518,0.106074
pandas/core/construction.py::521,0.106074
pandas/core/construction.py::524,0.106074
pandas/core/construction.py::525,0.106074
pandas/core/construction.py::526,0.106074
pandas/core/construction.py::528,0.106074
pandas/core/construction.py::529,0.106074
pandas/core/construction.py::530,0.106074
pandas/core/construction.py::551,0.106074
pandas/core/dtypes/base.py::237,0.106074
pandas/core/dtypes/base.py::238,0.106074
pandas/core/dtypes/base.py::239,0.106074
pandas/core/dtypes/base.py::240,0.106074
pandas/core/dtypes/base.py::241,0.106074
pandas/core/dtypes/base.py::242,0.106074
pandas/core/dtypes/base.py::271,0.106074
pandas/core/dtypes/base.py::273,0.106074
pandas/core/dtypes/base.py::278,0.106074
pandas/core/dtypes/base.py::279,0.106074
pandas/core/dtypes/base.py::281,0.106074
pandas/core/dtypes/base.py::283,0.106074
pandas/core/dtypes/base.py::284,0.106074
pandas/core/dtypes/base.py::285,0.106074
pandas/core/dtypes/base.py::286,0.106074
pandas/core/dtypes/cast.py::1020,0.106074
pandas/core/dtypes/cast.py::1021,0.106074
pandas/core/dtypes/cast.py::1024,0.106074
pandas/core/dtypes/cast.py::1028,0.106074
pandas/core/dtypes/cast.py::1030,0.106074
pandas/core/dtypes/cast.py::1032,0.106074
pandas/core/dtypes/cast.py::1035,0.106074
pandas/core/dtypes/cast.py::1036,0.106074
pandas/core/dtypes/cast.py::1038,0.106074
pandas/core/dtypes/cast.py::1039,0.106074
pandas/core/dtypes/cast.py::1042,0.106074
pandas/core/dtypes/cast.py::1045,0.106074
pandas/core/dtypes/cast.py::1070,0.106074
pandas/core/dtypes/cast.py::1081,0.106074
pandas/core/dtypes/cast.py::1083,0.106074
pandas/core/dtypes/cast.py::1085,0.106074
pandas/core/dtypes/cast.py::1087,0.106074
pandas/core/dtypes/cast.py::1089,0.106074
pandas/core/dtypes/cast.py::1105,0.106074
pandas/core/dtypes/cast.py::1112,0.106074
pandas/core/dtypes/cast.py::1113,0.106074
pandas/core/dtypes/cast.py::1115,0.106074
pandas/core/dtypes/cast.py::1116,0.106074
pandas/core/dtypes/cast.py::1119,0.106074
pandas/core/dtypes/cast.py::1120,0.106074
pandas/core/dtypes/cast.py::1121,0.106074
pandas/core/dtypes/cast.py::1123,0.106074
pandas/core/dtypes/cast.py::1208,0.106074
pandas/core/dtypes/cast.py::1220,0.106074
pandas/core/dtypes/cast.py::1224,0.106074
pandas/core/dtypes/cast.py::1237,0.106074
pandas/core/dtypes/cast.py::1239,0.106074
pandas/core/dtypes/cast.py::1242,0.106074
pandas/core/dtypes/cast.py::1244,0.106074
pandas/core/dtypes/cast.py::1383,0.106074
pandas/core/dtypes/cast.py::1384,0.106074
pandas/core/dtypes/cast.py::1385,0.106074
pandas/core/dtypes/cast.py::1412,0.106074
pandas/core/dtypes/cast.py::1414,0.106074
pandas/core/dtypes/cast.py::1426,0.106074
pandas/core/dtypes/cast.py::340,0.106074
pandas/core/dtypes/cast.py::346,0.106074
pandas/core/dtypes/cast.py::364,0.106074
pandas/core/dtypes/cast.py::375,0.106074
pandas/core/dtypes/cast.py::394,0.106074
pandas/core/dtypes/cast.py::397,0.106074
pandas/core/dtypes/cast.py::400,0.106074
pandas/core/dtypes/cast.py::401,0.106074
pandas/core/dtypes/cast.py::404,0.106074
pandas/core/dtypes/cast.py::407,0.106074
pandas/core/dtypes/cast.py::408,0.106074
pandas/core/dtypes/cast.py::409,0.106074
pandas/core/dtypes/cast.py::413,0.106074
pandas/core/dtypes/cast.py::463,0.106074
pandas/core/dtypes/cast.py::465,0.106074
pandas/core/dtypes/cast.py::468,0.106074
pandas/core/dtypes/cast.py::469,0.106074
pandas/core/dtypes/cast.py::490,0.106074
pandas/core/dtypes/cast.py::492,0.106074
pandas/core/dtypes/cast.py::493,0.106074
pandas/core/dtypes/cast.py::494,0.106074
pandas/core/dtypes/cast.py::496,0.106074
pandas/core/dtypes/cast.py::992,0.106074
pandas/core/dtypes/cast.py::993,0.106074
pandas/core/dtypes/cast.py::995,0.106074
pandas/core/dtypes/cast.py::998,0.106074
pandas/core/dtypes/common.py::1048,0.106074
pandas/core/dtypes/common.py::1049,0.106074
pandas/core/dtypes/common.py::1050,0.106074
pandas/core/dtypes/common.py::1091,0.106074
pandas/core/dtypes/common.py::1093,0.106074
pandas/core/dtypes/common.py::1094,0.106074
pandas/core/dtypes/common.py::1100,0.106074
pandas/core/dtypes/common.py::1131,0.106074
pandas/core/dtypes/common.py::1170,0.106074
pandas/core/dtypes/common.py::1424,0.106074
pandas/core/dtypes/common.py::1458,0.106074
pandas/core/dtypes/common.py::1501,0.106074
pandas/core/dtypes/common.py::1503,0.106074
pandas/core/dtypes/common.py::1504,0.106074
pandas/core/dtypes/common.py::1508,0.106074
pandas/core/dtypes/common.py::1512,0.106074
pandas/core/dtypes/common.py::1519,0.106074
pandas/core/dtypes/common.py::1523,0.106074
pandas/core/dtypes/common.py::1636,0.106074
pandas/core/dtypes/common.py::1637,0.106074
pandas/core/dtypes/common.py::1689,0.106074
pandas/core/dtypes/common.py::1691,0.106074
pandas/core/dtypes/common.py::1692,0.106074
pandas/core/dtypes/common.py::1695,0.106074
pandas/core/dtypes/common.py::1718,0.106074
pandas/core/dtypes/common.py::1722,0.106074
pandas/core/dtypes/common.py::1723,0.106074
pandas/core/dtypes/common.py::1724,0.106074
pandas/core/dtypes/common.py::1725,0.106074
pandas/core/dtypes/common.py::1728,0.106074
pandas/core/dtypes/common.py::1729,0.106074
pandas/core/dtypes/common.py::1731,0.106074
pandas/core/dtypes/common.py::1749,0.106074
pandas/core/dtypes/common.py::1750,0.106074
pandas/core/dtypes/common.py::1753,0.106074
pandas/core/dtypes/common.py::1754,0.106074
pandas/core/dtypes/common.py::1755,0.106074
pandas/core/dtypes/common.py::1761,0.106074
pandas/core/dtypes/common.py::1762,0.106074
pandas/core/dtypes/common.py::1765,0.106074
pandas/core/dtypes/common.py::1766,0.106074
pandas/core/dtypes/common.py::1768,0.106074
pandas/core/dtypes/common.py::1769,0.106074
pandas/core/dtypes/common.py::1776,0.106074
pandas/core/dtypes/common.py::1885,0.106074
pandas/core/dtypes/common.py::1887,0.106074
pandas/core/dtypes/common.py::1888,0.106074
pandas/core/dtypes/common.py::1891,0.106074
pandas/core/dtypes/common.py::1892,0.106074
pandas/core/dtypes/common.py::1897,0.106074
pandas/core/dtypes/common.py::1898,0.106074
pandas/core/dtypes/common.py::1908,0.106074
pandas/core/dtypes/common.py::1911,0.106074
pandas/core/dtypes/common.py::195,0.106074
pandas/core/dtypes/common.py::199,0.106074
pandas/core/dtypes/common.py::200,0.106074
pandas/core/dtypes/common.py::201,0.106074
pandas/core/dtypes/common.py::202,0.106074
pandas/core/dtypes/common.py::205,0.106074
pandas/core/dtypes/common.py::210,0.106074
pandas/core/dtypes/common.py::218,0.106074
pandas/core/dtypes/common.py::219,0.106074
pandas/core/dtypes/common.py::220,0.106074
pandas/core/dtypes/common.py::251,0.106074
pandas/core/dtypes/common.py::296,0.106074
pandas/core/dtypes/common.py::298,0.106074
pandas/core/dtypes/common.py::299,0.106074
pandas/core/dtypes/common.py::371,0.106074
pandas/core/dtypes/common.py::433,0.106074
pandas/core/dtypes/common.py::469,0.106074
pandas/core/dtypes/common.py::471,0.106074
pandas/core/dtypes/common.py::502,0.106074
pandas/core/dtypes/common.py::534,0.106074
pandas/core/dtypes/common.py::536,0.106074
pandas/core/dtypes/common.py::570,0.106074
pandas/core/dtypes/common.py::571,0.106074
pandas/core/dtypes/common.py::572,0.106074
pandas/core/dtypes/common.py::603,0.106074
pandas/core/dtypes/common.py::604,0.106074
pandas/core/dtypes/common.py::605,0.106074
pandas/core/dtypes/common.py::638,0.106074
pandas/core/dtypes/common.py::639,0.106074
pandas/core/dtypes/common.py::641,0.106074
pandas/core/dtypes/common.py::739,0.106074
pandas/core/dtypes/common.py::740,0.106074
pandas/core/dtypes/common.py::741,0.106074
pandas/core/dtypes/common.py::742,0.106074
pandas/core/dtypes/common.py::853,0.106074
pandas/core/dtypes/common.py::910,0.106074
pandas/core/dtypes/common.py::957,0.106074
pandas/core/dtypes/common.py::958,0.106074
pandas/core/dtypes/dtypes.py::101,0.106074
pandas/core/dtypes/dtypes.py::103,0.106074
pandas/core/dtypes/dtypes.py::104,0.106074
pandas/core/dtypes/dtypes.py::105,0.106074
pandas/core/dtypes/dtypes.py::1053,0.106074
pandas/core/dtypes/dtypes.py::1054,0.106074
pandas/core/dtypes/dtypes.py::1055,0.106074
pandas/core/dtypes/dtypes.py::1057,0.106074
pandas/core/dtypes/dtypes.py::106,0.106074
pandas/core/dtypes/dtypes.py::1061,0.106074
pandas/core/dtypes/dtypes.py::1065,0.106074
pandas/core/dtypes/dtypes.py::107,0.106074
pandas/core/dtypes/dtypes.py::109,0.106074
pandas/core/dtypes/dtypes.py::1106,0.106074
pandas/core/dtypes/dtypes.py::1117,0.106074
pandas/core/dtypes/dtypes.py::738,0.106074
pandas/core/dtypes/dtypes.py::739,0.106074
pandas/core/dtypes/dtypes.py::740,0.106074
pandas/core/dtypes/dtypes.py::741,0.106074
pandas/core/dtypes/dtypes.py::751,0.106074
pandas/core/dtypes/dtypes.py::753,0.106074
pandas/core/dtypes/dtypes.py::880,0.106074
pandas/core/dtypes/dtypes.py::881,0.106074
pandas/core/dtypes/dtypes.py::882,0.106074
pandas/core/dtypes/dtypes.py::890,0.106074
pandas/core/dtypes/dtypes.py::926,0.106074
pandas/core/dtypes/dtypes.py::939,0.106074
pandas/core/dtypes/dtypes.py::94,0.106074
pandas/core/dtypes/dtypes.py::95,0.106074
pandas/core/dtypes/dtypes.py::96,0.106074
pandas/core/dtypes/dtypes.py::97,0.106074
pandas/core/dtypes/dtypes.py::98,0.106074
pandas/core/dtypes/generic.py::9,0.106074
pandas/core/dtypes/inference.py::124,0.106074
pandas/core/dtypes/inference.py::127,0.106074
pandas/core/dtypes/inference.py::159,0.106074
pandas/core/dtypes/inference.py::160,0.106074
pandas/core/dtypes/inference.py::250,0.106074
pandas/core/dtypes/inference.py::387,0.106074
pandas/core/dtypes/inference.py::388,0.106074
pandas/core/dtypes/inference.py::389,0.106074
pandas/core/dtypes/inference.py::390,0.106074
pandas/core/dtypes/inference.py::392,0.106074
pandas/core/dtypes/missing.py::123,0.106074
pandas/core/dtypes/missing.py::131,0.106074
pandas/core/dtypes/missing.py::132,0.106074
pandas/core/dtypes/missing.py::134,0.106074
pandas/core/dtypes/missing.py::136,0.106074
pandas/core/dtypes/missing.py::138,0.106074
pandas/core/dtypes/missing.py::139,0.106074
pandas/core/dtypes/missing.py::141,0.106074
pandas/core/dtypes/missing.py::142,0.106074
pandas/core/dtypes/missing.py::143,0.106074
pandas/core/dtypes/missing.py::144,0.106074
pandas/core/dtypes/missing.py::145,0.106074
pandas/core/dtypes/missing.py::146,0.106074
pandas/core/dtypes/missing.py::149,0.106074
pandas/core/dtypes/missing.py::223,0.106074
pandas/core/dtypes/missing.py::225,0.106074
pandas/core/dtypes/missing.py::228,0.106074
pandas/core/dtypes/missing.py::232,0.106074
pandas/core/dtypes/missing.py::234,0.106074
pandas/core/dtypes/missing.py::240,0.106074
pandas/core/dtypes/missing.py::242,0.106074
pandas/core/dtypes/missing.py::244,0.106074
pandas/core/dtypes/missing.py::246,0.106074
pandas/core/dtypes/missing.py::251,0.106074
pandas/core/dtypes/missing.py::252,0.106074
pandas/core/dtypes/missing.py::253,0.106074
pandas/core/dtypes/missing.py::262,0.106074
pandas/core/dtypes/missing.py::263,0.106074
pandas/core/dtypes/missing.py::265,0.106074
pandas/core/dtypes/missing.py::427,0.106074
pandas/core/dtypes/missing.py::430,0.106074
pandas/core/dtypes/missing.py::431,0.106074
pandas/core/dtypes/missing.py::435,0.106074
pandas/core/dtypes/missing.py::437,0.106074
pandas/core/dtypes/missing.py::439,0.106074
pandas/core/dtypes/missing.py::440,0.106074
pandas/core/frame.py::1021,0.106074
pandas/core/frame.py::2651,0.106074
pandas/core/frame.py::2652,0.106074
pandas/core/frame.py::2654,0.106074
pandas/core/frame.py::2656,0.106074
pandas/core/frame.py::2657,0.106074
pandas/core/frame.py::2659,0.106074
pandas/core/frame.py::2662,0.106074
pandas/core/frame.py::2663,0.106074
pandas/core/frame.py::2669,0.106074
pandas/core/frame.py::2673,0.106074
pandas/core/frame.py::2674,0.106074
pandas/core/frame.py::2713,0.106074
pandas/core/frame.py::2719,0.106074
pandas/core/frame.py::2726,0.106074
pandas/core/frame.py::2727,0.106074
pandas/core/frame.py::2728,0.106074
pandas/core/frame.py::2806,0.106074
pandas/core/frame.py::2809,0.106074
pandas/core/frame.py::2810,0.106074
pandas/core/frame.py::2815,0.106074
pandas/core/frame.py::2817,0.106074
pandas/core/frame.py::2821,0.106074
pandas/core/frame.py::2879,0.106074
pandas/core/frame.py::2880,0.106074
pandas/core/frame.py::2881,0.106074
pandas/core/frame.py::2886,0.106074
pandas/core/frame.py::2887,0.106074
pandas/core/frame.py::2932,0.106074
pandas/core/frame.py::2947,0.106074
pandas/core/frame.py::2948,0.106074
pandas/core/frame.py::2951,0.106074
pandas/core/frame.py::2957,0.106074
pandas/core/frame.py::2958,0.106074
pandas/core/frame.py::3438,0.106074
pandas/core/frame.py::3441,0.106074
pandas/core/frame.py::3442,0.106074
pandas/core/frame.py::3458,0.106074
pandas/core/frame.py::3460,0.106074
pandas/core/frame.py::3461,0.106074
pandas/core/frame.py::3510,0.106074
pandas/core/frame.py::3514,0.106074
pandas/core/frame.py::3515,0.106074
pandas/core/frame.py::3520,0.106074
pandas/core/frame.py::382,0.106074
pandas/core/frame.py::403,0.106074
pandas/core/frame.py::405,0.106074
pandas/core/frame.py::408,0.106074
pandas/core/frame.py::411,0.106074
pandas/core/frame.py::412,0.106074
pandas/core/frame.py::413,0.106074
pandas/core/frame.py::415,0.106074
pandas/core/frame.py::416,0.106074
pandas/core/frame.py::4351,0.106074
pandas/core/frame.py::4352,0.106074
pandas/core/frame.py::4355,0.106074
pandas/core/frame.py::4357,0.106074
pandas/core/frame.py::4394,0.106074
pandas/core/frame.py::4395,0.106074
pandas/core/frame.py::4402,0.106074
pandas/core/frame.py::4439,0.106074
pandas/core/frame.py::4440,0.106074
pandas/core/frame.py::4441,0.106074
pandas/core/frame.py::4635,0.106074
pandas/core/frame.py::4638,0.106074
pandas/core/frame.py::4639,0.106074
pandas/core/frame.py::4641,0.106074
pandas/core/frame.py::4646,0.106074
pandas/core/frame.py::4670,0.106074
pandas/core/frame.py::4671,0.106074
pandas/core/frame.py::4673,0.106074
pandas/core/frame.py::4676,0.106074
pandas/core/frame.py::4677,0.106074
pandas/core/frame.py::4678,0.106074
pandas/core/frame.py::4680,0.106074
pandas/core/frame.py::4682,0.106074
pandas/core/frame.py::4685,0.106074
pandas/core/frame.py::4686,0.106074
pandas/core/frame.py::4687,0.106074
pandas/core/frame.py::4695,0.106074
pandas/core/frame.py::4696,0.106074
pandas/core/frame.py::4699,0.106074
pandas/core/frame.py::4700,0.106074
pandas/core/frame.py::4702,0.106074
pandas/core/frame.py::4703,0.106074
pandas/core/frame.py::492,0.106074
pandas/core/frame.py::874,0.106074
pandas/core/frame.py::875,0.106074
pandas/core/frame.py::876,0.106074
pandas/core/generic.py::11244,0.106074
pandas/core/generic.py::11245,0.106074
pandas/core/generic.py::11251,0.106074
pandas/core/generic.py::11252,0.106074
pandas/core/generic.py::11253,0.106074
pandas/core/generic.py::11254,0.106074
pandas/core/generic.py::11255,0.106074
pandas/core/generic.py::11256,0.106074
pandas/core/generic.py::11257,0.106074
pandas/core/generic.py::1494,0.106074
pandas/core/generic.py::1495,0.106074
pandas/core/generic.py::1496,0.106074
pandas/core/generic.py::1507,0.106074
pandas/core/generic.py::1866,0.106074
pandas/core/generic.py::1867,0.106074
pandas/core/generic.py::1868,0.106074
pandas/core/generic.py::193,0.106074
pandas/core/generic.py::1967,0.106074
pandas/core/generic.py::1980,0.106074
pandas/core/generic.py::1981,0.106074
pandas/core/generic.py::203,0.106074
pandas/core/generic.py::204,0.106074
pandas/core/generic.py::205,0.106074
pandas/core/generic.py::206,0.106074
pandas/core/generic.py::207,0.106074
pandas/core/generic.py::210,0.106074
pandas/core/generic.py::214,0.106074
pandas/core/generic.py::215,0.106074
pandas/core/generic.py::221,0.106074
pandas/core/generic.py::223,0.106074
pandas/core/generic.py::227,0.106074
pandas/core/generic.py::236,0.106074
pandas/core/generic.py::238,0.106074
pandas/core/generic.py::247,0.106074
pandas/core/generic.py::248,0.106074
pandas/core/generic.py::251,0.106074
pandas/core/generic.py::257,0.106074
pandas/core/generic.py::3265,0.106074
pandas/core/generic.py::3327,0.106074
pandas/core/generic.py::3407,0.106074
pandas/core/generic.py::3409,0.106074
pandas/core/generic.py::3411,0.106074
pandas/core/generic.py::3412,0.106074
pandas/core/generic.py::3414,0.106074
pandas/core/generic.py::3417,0.106074
pandas/core/generic.py::3418,0.106074
pandas/core/generic.py::3419,0.106074
pandas/core/generic.py::3421,0.106074
pandas/core/generic.py::353,0.106074
pandas/core/generic.py::354,0.106074
pandas/core/generic.py::355,0.106074
pandas/core/generic.py::3591,0.106074
pandas/core/generic.py::3592,0.106074
pandas/core/generic.py::3593,0.106074
pandas/core/generic.py::3594,0.106074
pandas/core/generic.py::3595,0.106074
pandas/core/generic.py::3596,0.106074
pandas/core/generic.py::3597,0.106074
pandas/core/generic.py::3600,0.106074
pandas/core/generic.py::3601,0.106074
pandas/core/generic.py::3632,0.106074
pandas/core/generic.py::3633,0.106074
pandas/core/generic.py::3636,0.106074
pandas/core/generic.py::3639,0.106074
pandas/core/generic.py::3640,0.106074
pandas/core/generic.py::3696,0.106074
pandas/core/generic.py::3697,0.106074
pandas/core/generic.py::378,0.106074
pandas/core/generic.py::379,0.106074
pandas/core/generic.py::382,0.106074
pandas/core/generic.py::383,0.106074
pandas/core/generic.py::395,0.106074
pandas/core/generic.py::402,0.106074
pandas/core/generic.py::403,0.106074
pandas/core/generic.py::419,0.106074
pandas/core/generic.py::420,0.106074
pandas/core/generic.py::421,0.106074
pandas/core/generic.py::422,0.106074
pandas/core/generic.py::432,0.106074
pandas/core/generic.py::433,0.106074
pandas/core/generic.py::434,0.106074
pandas/core/generic.py::435,0.106074
pandas/core/generic.py::437,0.106074
pandas/core/generic.py::438,0.106074
pandas/core/generic.py::444,0.106074
pandas/core/generic.py::445,0.106074
pandas/core/generic.py::4495,0.106074
pandas/core/generic.py::4496,0.106074
pandas/core/generic.py::4497,0.106074
pandas/core/generic.py::4498,0.106074
pandas/core/generic.py::4499,0.106074
pandas/core/generic.py::450,0.106074
pandas/core/generic.py::4500,0.106074
pandas/core/generic.py::4501,0.106074
pandas/core/generic.py::4506,0.106074
pandas/core/generic.py::4508,0.106074
pandas/core/generic.py::451,0.106074
pandas/core/generic.py::4514,0.106074
pandas/core/generic.py::4518,0.106074
pandas/core/generic.py::4519,0.106074
pandas/core/generic.py::452,0.106074
pandas/core/generic.py::4520,0.106074
pandas/core/generic.py::4521,0.106074
pandas/core/generic.py::4523,0.106074
pandas/core/generic.py::4525,0.106074
pandas/core/generic.py::453,0.106074
pandas/core/generic.py::505,0.106074
pandas/core/generic.py::5196,0.106074
pandas/core/generic.py::5197,0.106074
pandas/core/generic.py::5198,0.106074
pandas/core/generic.py::5200,0.106074
pandas/core/generic.py::5202,0.106074
pandas/core/generic.py::5213,0.106074
pandas/core/generic.py::5214,0.106074
pandas/core/generic.py::5215,0.106074
pandas/core/generic.py::5217,0.106074
pandas/core/generic.py::5219,0.106074
pandas/core/generic.py::5220,0.106074
pandas/core/generic.py::5232,0.106074
pandas/core/generic.py::5233,0.106074
pandas/core/generic.py::5234,0.106074
pandas/core/generic.py::5235,0.106074
pandas/core/generic.py::5236,0.106074
pandas/core/generic.py::5240,0.106074
pandas/core/generic.py::5241,0.106074
pandas/core/generic.py::5242,0.106074
pandas/core/generic.py::5245,0.106074
pandas/core/generic.py::5246,0.106074
pandas/core/generic.py::5247,0.106074
pandas/core/generic.py::5249,0.106074
pandas/core/generic.py::5250,0.106074
pandas/core/generic.py::5282,0.106074
pandas/core/generic.py::5283,0.106074
pandas/core/generic.py::5284,0.106074
pandas/core/generic.py::5286,0.106074
pandas/core/generic.py::5291,0.106074
pandas/core/generic.py::5292,0.106074
pandas/core/generic.py::5294,0.106074
pandas/core/generic.py::5793,0.106074
pandas/core/generic.py::5794,0.106074
pandas/core/generic.py::684,0.106074
pandas/core/generic.py::685,0.106074
pandas/core/generic.py::7100,0.106074
pandas/core/indexers.py::187,0.106074
pandas/core/indexers.py::194,0.106074
pandas/core/indexers.py::195,0.106074
pandas/core/indexers.py::199,0.106074
pandas/core/indexers.py::200,0.106074
pandas/core/indexers.py::202,0.106074
pandas/core/indexes/base.py::1420,0.106074
pandas/core/indexes/base.py::1696,0.106074
pandas/core/indexes/base.py::1703,0.106074
pandas/core/indexes/base.py::1715,0.106074
pandas/core/indexes/base.py::1770,0.106074
pandas/core/indexes/base.py::1774,0.106074
pandas/core/indexes/base.py::2220,0.106074
pandas/core/indexes/base.py::2221,0.106074
pandas/core/indexes/base.py::2339,0.106074
pandas/core/indexes/base.py::2616,0.106074
pandas/core/indexes/base.py::2617,0.106074
pandas/core/indexes/base.py::2619,0.106074
pandas/core/indexes/base.py::2623,0.106074
pandas/core/indexes/base.py::2625,0.106074
pandas/core/indexes/base.py::2627,0.106074
pandas/core/indexes/base.py::2628,0.106074
pandas/core/indexes/base.py::2630,0.106074
pandas/core/indexes/base.py::2631,0.106074
pandas/core/indexes/base.py::2632,0.106074
pandas/core/indexes/base.py::2633,0.106074
pandas/core/indexes/base.py::2634,0.106074
pandas/core/indexes/base.py::2638,0.106074
pandas/core/indexes/base.py::271,0.106074
pandas/core/indexes/base.py::272,0.106074
pandas/core/indexes/base.py::2722,0.106074
pandas/core/indexes/base.py::2724,0.106074
pandas/core/indexes/base.py::2727,0.106074
pandas/core/indexes/base.py::273,0.106074
pandas/core/indexes/base.py::2731,0.106074
pandas/core/indexes/base.py::2732,0.106074
pandas/core/indexes/base.py::274,0.106074
pandas/core/indexes/base.py::275,0.106074
pandas/core/indexes/base.py::277,0.106074
pandas/core/indexes/base.py::2779,0.106074
pandas/core/indexes/base.py::2780,0.106074
pandas/core/indexes/base.py::2785,0.106074
pandas/core/indexes/base.py::2786,0.106074
pandas/core/indexes/base.py::280,0.106074
pandas/core/indexes/base.py::2848,0.106074
pandas/core/indexes/base.py::2849,0.106074
pandas/core/indexes/base.py::285,0.106074
pandas/core/indexes/base.py::2850,0.106074
pandas/core/indexes/base.py::2856,0.106074
pandas/core/indexes/base.py::2859,0.106074
pandas/core/indexes/base.py::2860,0.106074
pandas/core/indexes/base.py::2865,0.106074
pandas/core/indexes/base.py::287,0.106074
pandas/core/indexes/base.py::2872,0.106074
pandas/core/indexes/base.py::2877,0.106074
pandas/core/indexes/base.py::2879,0.106074
pandas/core/indexes/base.py::2882,0.106074
pandas/core/indexes/base.py::2887,0.106074
pandas/core/indexes/base.py::2893,0.106074
pandas/core/indexes/base.py::2895,0.106074
pandas/core/indexes/base.py::291,0.106074
pandas/core/indexes/base.py::296,0.106074
pandas/core/indexes/base.py::302,0.106074
pandas/core/indexes/base.py::303,0.106074
pandas/core/indexes/base.py::304,0.106074
pandas/core/indexes/base.py::319,0.106074
pandas/core/indexes/base.py::329,0.106074
pandas/core/indexes/base.py::333,0.106074
pandas/core/indexes/base.py::345,0.106074
pandas/core/indexes/base.py::346,0.106074
pandas/core/indexes/base.py::3794,0.106074
pandas/core/indexes/base.py::3824,0.106074
pandas/core/indexes/base.py::3880,0.106074
pandas/core/indexes/base.py::389,0.106074
pandas/core/indexes/base.py::390,0.106074
pandas/core/indexes/base.py::391,0.106074
pandas/core/indexes/base.py::393,0.106074
pandas/core/indexes/base.py::395,0.106074
pandas/core/indexes/base.py::398,0.106074
pandas/core/indexes/base.py::402,0.106074
pandas/core/indexes/base.py::405,0.106074
pandas/core/indexes/base.py::406,0.106074
pandas/core/indexes/base.py::407,0.106074
pandas/core/indexes/base.py::4074,0.106074
pandas/core/indexes/base.py::4075,0.106074
pandas/core/indexes/base.py::4076,0.106074
pandas/core/indexes/base.py::4119,0.106074
pandas/core/indexes/base.py::4120,0.106074
pandas/core/indexes/base.py::4122,0.106074
pandas/core/indexes/base.py::4123,0.106074
pandas/core/indexes/base.py::4124,0.106074
pandas/core/indexes/base.py::414,0.106074
pandas/core/indexes/base.py::4150,0.106074
pandas/core/indexes/base.py::4151,0.106074
pandas/core/indexes/base.py::417,0.106074
pandas/core/indexes/base.py::423,0.106074
pandas/core/indexes/base.py::4248,0.106074
pandas/core/indexes/base.py::4251,0.106074
pandas/core/indexes/base.py::4254,0.106074
pandas/core/indexes/base.py::4258,0.106074
pandas/core/indexes/base.py::4259,0.106074
pandas/core/indexes/base.py::426,0.106074
pandas/core/indexes/base.py::427,0.106074
pandas/core/indexes/base.py::4274,0.106074
pandas/core/indexes/base.py::4275,0.106074
pandas/core/indexes/base.py::4277,0.106074
pandas/core/indexes/base.py::4278,0.106074
pandas/core/indexes/base.py::4281,0.106074
pandas/core/indexes/base.py::436,0.106074
pandas/core/indexes/base.py::438,0.106074
pandas/core/indexes/base.py::443,0.106074
pandas/core/indexes/base.py::445,0.106074
pandas/core/indexes/base.py::447,0.106074
pandas/core/indexes/base.py::449,0.106074
pandas/core/indexes/base.py::452,0.106074
pandas/core/indexes/base.py::454,0.106074
pandas/core/indexes/base.py::457,0.106074
pandas/core/indexes/base.py::466,0.106074
pandas/core/indexes/base.py::467,0.106074
pandas/core/indexes/base.py::4690,0.106074
pandas/core/indexes/base.py::4692,0.106074
pandas/core/indexes/base.py::4695,0.106074
pandas/core/indexes/base.py::508,0.106074
pandas/core/indexes/base.py::514,0.106074
pandas/core/indexes/base.py::515,0.106074
pandas/core/indexes/base.py::521,0.106074
pandas/core/indexes/base.py::522,0.106074
pandas/core/indexes/base.py::524,0.106074
pandas/core/indexes/base.py::537,0.106074
pandas/core/indexes/base.py::5507,0.106074
pandas/core/indexes/base.py::5508,0.106074
pandas/core/indexes/base.py::5510,0.106074
pandas/core/indexes/base.py::5511,0.106074
pandas/core/indexes/base.py::5514,0.106074
pandas/core/indexes/base.py::5519,0.106074
pandas/core/indexes/base.py::5520,0.106074
pandas/core/indexes/base.py::5523,0.106074
pandas/core/indexes/base.py::5525,0.106074
pandas/core/indexes/base.py::5530,0.106074
pandas/core/indexes/base.py::5534,0.106074
pandas/core/indexes/base.py::5539,0.106074
pandas/core/indexes/base.py::556,0.106074
pandas/core/indexes/base.py::557,0.106074
pandas/core/indexes/base.py::5570,0.106074
pandas/core/indexes/base.py::5572,0.106074
pandas/core/indexes/base.py::558,0.106074
pandas/core/indexes/base.py::559,0.106074
pandas/core/indexes/base.py::560,0.106074
pandas/core/indexes/base.py::561,0.106074
pandas/core/indexes/base.py::564,0.106074
pandas/core/indexes/base.py::565,0.106074
pandas/core/indexes/base.py::570,0.106074
pandas/core/indexes/base.py::585,0.106074
pandas/core/indexes/base.py::586,0.106074
pandas/core/indexes/base.py::587,0.106074
pandas/core/indexes/base.py::588,0.106074
pandas/core/indexes/base.py::590,0.106074
pandas/core/indexes/base.py::595,0.106074
pandas/core/indexes/base.py::618,0.106074
pandas/core/indexes/base.py::624,0.106074
pandas/core/indexes/base.py::625,0.106074
pandas/core/indexes/base.py::636,0.106074
pandas/core/indexes/base.py::637,0.106074
pandas/core/indexes/base.py::647,0.106074
pandas/core/indexes/base.py::671,0.106074
pandas/core/indexes/base.py::692,0.106074
pandas/core/indexes/base.py::695,0.106074
pandas/core/indexes/base.py::696,0.106074
pandas/core/indexes/base.py::697,0.106074
pandas/core/indexes/base.py::698,0.106074
pandas/core/indexes/base.py::789,0.106074
pandas/core/indexes/base.py::791,0.106074
pandas/core/indexes/base.py::792,0.106074
pandas/core/indexes/base.py::801,0.106074
pandas/core/indexes/base.py::804,0.106074
pandas/core/indexes/base.py::805,0.106074
pandas/core/indexes/datetimes.py::281,0.106074
pandas/core/indexes/datetimes.py::289,0.106074
pandas/core/indexes/datetimes.py::291,0.106074
pandas/core/indexes/datetimes.py::311,0.106074
pandas/core/indexes/datetimes.py::321,0.106074
pandas/core/indexes/datetimes.py::324,0.106074
pandas/core/indexes/datetimes.py::325,0.106074
pandas/core/indexes/datetimes.py::326,0.106074
pandas/core/indexes/datetimes.py::327,0.106074
pandas/core/indexes/datetimes.py::328,0.106074
pandas/core/indexes/datetimes.py::329,0.106074
pandas/core/indexes/datetimes.py::330,0.106074
pandas/core/indexes/datetimes.py::331,0.106074
pandas/core/indexes/datetimes.py::332,0.106074
pandas/core/indexes/datetimes.py::333,0.106074
pandas/core/indexes/datetimes.py::336,0.106074
pandas/core/indexes/datetimes.py::337,0.106074
pandas/core/indexes/datetimes.py::345,0.106074
pandas/core/indexes/datetimes.py::346,0.106074
pandas/core/indexes/datetimes.py::349,0.106074
pandas/core/indexes/datetimes.py::350,0.106074
pandas/core/indexes/datetimes.py::352,0.106074
pandas/core/indexes/datetimes.py::353,0.106074
pandas/core/indexes/datetimes.py::354,0.106074
pandas/core/indexes/datetimes.py::355,0.106074
pandas/core/indexes/datetimes.py::358,0.106074
pandas/core/indexes/datetimes.py::361,0.106074
pandas/core/indexes/datetimes.py::362,0.106074
pandas/core/indexes/datetimes.py::363,0.106074
pandas/core/indexes/datetimes.py::365,0.106074
pandas/core/indexes/datetimes.py::366,0.106074
pandas/core/indexes/datetimes.py::367,0.106074
pandas/core/indexes/datetimes.py::369,0.106074
pandas/core/indexes/datetimes.py::370,0.106074
pandas/core/indexes/datetimes.py::371,0.106074
pandas/core/indexes/numeric.py::100,0.106074
pandas/core/indexes/numeric.py::102,0.106074
pandas/core/indexes/numeric.py::103,0.106074
pandas/core/indexes/numeric.py::158,0.106074
pandas/core/indexes/numeric.py::49,0.106074
pandas/core/indexes/numeric.py::52,0.106074
pandas/core/indexes/numeric.py::62,0.106074
pandas/core/indexes/numeric.py::65,0.106074
pandas/core/indexes/numeric.py::69,0.106074
pandas/core/indexes/numeric.py::71,0.106074
pandas/core/indexes/numeric.py::73,0.106074
pandas/core/indexes/numeric.py::77,0.106074
pandas/core/indexes/numeric.py::78,0.106074
pandas/core/indexes/range.py::101,0.106074
pandas/core/indexes/range.py::104,0.106074
pandas/core/indexes/range.py::106,0.106074
pandas/core/indexes/range.py::107,0.106074
pandas/core/indexes/range.py::110,0.106074
pandas/core/indexes/range.py::111,0.106074
pandas/core/indexes/range.py::133,0.106074
pandas/core/indexes/range.py::136,0.106074
pandas/core/indexes/range.py::139,0.106074
pandas/core/indexes/range.py::142,0.106074
pandas/core/indexes/range.py::143,0.106074
pandas/core/indexes/range.py::145,0.106074
pandas/core/indexes/range.py::146,0.106074
pandas/core/indexes/range.py::164,0.106074
pandas/core/indexes/range.py::165,0.106074
pandas/core/indexes/range.py::166,0.106074
pandas/core/indexes/range.py::168,0.106074
pandas/core/indexes/range.py::172,0.106074
pandas/core/indexes/range.py::216,0.106074
pandas/core/indexes/range.py::238,0.106074
pandas/core/indexes/range.py::262,0.106074
pandas/core/indexes/range.py::389,0.106074
pandas/core/indexes/range.py::393,0.106074
pandas/core/indexes/range.py::394,0.106074
pandas/core/indexes/range.py::448,0.106074
pandas/core/indexes/range.py::449,0.106074
pandas/core/indexes/range.py::679,0.106074
pandas/core/indexes/range.py::87,0.106074
pandas/core/indexes/range.py::90,0.106074
pandas/core/indexes/range.py::96,0.106074
pandas/core/indexes/range.py::99,0.106074
pandas/core/indexing.py::2332,0.106074
pandas/core/indexing.py::2333,0.106074
pandas/core/indexing.py::2336,0.106074
pandas/core/indexing.py::2339,0.106074
pandas/core/indexing.py::2340,0.106074
pandas/core/indexing.py::2350,0.106074
pandas/core/indexing.py::2381,0.106074
pandas/core/indexing.py::2382,0.106074
pandas/core/indexing.py::2393,0.106074
pandas/core/indexing.py::2395,0.106074
pandas/core/indexing.py::2398,0.106074
pandas/core/indexing.py::2403,0.106074
pandas/core/internals/blocks.py::112,0.106074
pandas/core/internals/blocks.py::113,0.106074
pandas/core/internals/blocks.py::114,0.106074
pandas/core/internals/blocks.py::116,0.106074
pandas/core/internals/blocks.py::1245,0.106074
pandas/core/internals/blocks.py::1247,0.106074
pandas/core/internals/blocks.py::1251,0.106074
pandas/core/internals/blocks.py::1252,0.106074
pandas/core/internals/blocks.py::1254,0.106074
pandas/core/internals/blocks.py::1255,0.106074
pandas/core/internals/blocks.py::1260,0.106074
pandas/core/internals/blocks.py::1261,0.106074
pandas/core/internals/blocks.py::1262,0.106074
pandas/core/internals/blocks.py::1264,0.106074
pandas/core/internals/blocks.py::1267,0.106074
pandas/core/internals/blocks.py::143,0.106074
pandas/core/internals/blocks.py::144,0.106074
pandas/core/internals/blocks.py::146,0.106074
pandas/core/internals/blocks.py::150,0.106074
pandas/core/internals/blocks.py::196,0.106074
pandas/core/internals/blocks.py::202,0.106074
pandas/core/internals/blocks.py::2113,0.106074
pandas/core/internals/blocks.py::2114,0.106074
pandas/core/internals/blocks.py::2136,0.106074
pandas/core/internals/blocks.py::2139,0.106074
pandas/core/internals/blocks.py::2140,0.106074
pandas/core/internals/blocks.py::2142,0.106074
pandas/core/internals/blocks.py::2143,0.106074
pandas/core/internals/blocks.py::220,0.106074
pandas/core/internals/blocks.py::224,0.106074
pandas/core/internals/blocks.py::228,0.106074
pandas/core/internals/blocks.py::232,0.106074
pandas/core/internals/blocks.py::233,0.106074
pandas/core/internals/blocks.py::235,0.106074
pandas/core/internals/blocks.py::2530,0.106074
pandas/core/internals/blocks.py::2533,0.106074
pandas/core/internals/blocks.py::256,0.106074
pandas/core/internals/blocks.py::257,0.106074
pandas/core/internals/blocks.py::258,0.106074
pandas/core/internals/blocks.py::259,0.106074
pandas/core/internals/blocks.py::2595,0.106074
pandas/core/internals/blocks.py::2596,0.106074
pandas/core/internals/blocks.py::2597,0.106074
pandas/core/internals/blocks.py::260,0.106074
pandas/core/internals/blocks.py::284,0.106074
pandas/core/internals/blocks.py::2932,0.106074
pandas/core/internals/blocks.py::2933,0.106074
pandas/core/internals/blocks.py::2935,0.106074
pandas/core/internals/blocks.py::2938,0.106074
pandas/core/internals/blocks.py::2940,0.106074
pandas/core/internals/blocks.py::2941,0.106074
pandas/core/internals/blocks.py::2942,0.106074
pandas/core/internals/blocks.py::2943,0.106074
pandas/core/internals/blocks.py::2945,0.106074
pandas/core/internals/blocks.py::2947,0.106074
pandas/core/internals/blocks.py::2949,0.106074
pandas/core/internals/blocks.py::2950,0.106074
pandas/core/internals/blocks.py::2951,0.106074
pandas/core/internals/blocks.py::2954,0.106074
pandas/core/internals/blocks.py::2956,0.106074
pandas/core/internals/blocks.py::2957,0.106074
pandas/core/internals/blocks.py::2958,0.106074
pandas/core/internals/blocks.py::2959,0.106074
pandas/core/internals/blocks.py::2961,0.106074
pandas/core/internals/blocks.py::2962,0.106074
pandas/core/internals/blocks.py::2968,0.106074
pandas/core/internals/blocks.py::2973,0.106074
pandas/core/internals/blocks.py::2976,0.106074
pandas/core/internals/blocks.py::2977,0.106074
pandas/core/internals/blocks.py::2978,0.106074
pandas/core/internals/blocks.py::2980,0.106074
pandas/core/internals/blocks.py::2985,0.106074
pandas/core/internals/blocks.py::2993,0.106074
pandas/core/internals/blocks.py::2995,0.106074
pandas/core/internals/blocks.py::2997,0.106074
pandas/core/internals/blocks.py::3003,0.106074
pandas/core/internals/blocks.py::3006,0.106074
pandas/core/internals/blocks.py::3007,0.106074
pandas/core/internals/blocks.py::320,0.106074
pandas/core/internals/blocks.py::324,0.106074
pandas/core/internals/blocks.py::328,0.106074
pandas/core/internals/blocks.py::331,0.106074
pandas/core/internals/blocks.py::332,0.106074
pandas/core/internals/blocks.py::349,0.106074
pandas/core/internals/blocks.py::365,0.106074
pandas/core/internals/blocks.py::366,0.106074
pandas/core/internals/blocks.py::673,0.106074
pandas/core/internals/blocks.py::674,0.106074
pandas/core/internals/blocks.py::675,0.106074
pandas/core/internals/blocks.py::676,0.106074
pandas/core/internals/construction.py::207,0.106074
pandas/core/internals/construction.py::208,0.106074
pandas/core/internals/construction.py::210,0.106074
pandas/core/internals/construction.py::211,0.106074
pandas/core/internals/construction.py::213,0.106074
pandas/core/internals/construction.py::214,0.106074
pandas/core/internals/construction.py::219,0.106074
pandas/core/internals/construction.py::222,0.106074
pandas/core/internals/construction.py::243,0.106074
pandas/core/internals/construction.py::287,0.106074
pandas/core/internals/construction.py::288,0.106074
pandas/core/internals/construction.py::290,0.106074
pandas/core/internals/construction.py::291,0.106074
pandas/core/internals/construction.py::299,0.106074
pandas/core/internals/construction.py::308,0.106074
pandas/core/internals/construction.py::309,0.106074
pandas/core/internals/construction.py::312,0.106074
pandas/core/internals/construction.py::314,0.106074
pandas/core/internals/construction.py::59,0.106074
pandas/core/internals/construction.py::62,0.106074
pandas/core/internals/construction.py::65,0.106074
pandas/core/internals/construction.py::68,0.106074
pandas/core/internals/construction.py::70,0.106074
pandas/core/internals/managers.py::1027,0.106074
pandas/core/internals/managers.py::1030,0.106074
pandas/core/internals/managers.py::1036,0.106074
pandas/core/internals/managers.py::1044,0.106074
pandas/core/internals/managers.py::1045,0.106074
pandas/core/internals/managers.py::1047,0.106074
pandas/core/internals/managers.py::1052,0.106074
pandas/core/internals/managers.py::1053,0.106074
pandas/core/internals/managers.py::1059,0.106074
pandas/core/internals/managers.py::1060,0.106074
pandas/core/internals/managers.py::1062,0.106074
pandas/core/internals/managers.py::1063,0.106074
pandas/core/internals/managers.py::1065,0.106074
pandas/core/internals/managers.py::1066,0.106074
pandas/core/internals/managers.py::1067,0.106074
pandas/core/internals/managers.py::1068,0.106074
pandas/core/internals/managers.py::1069,0.106074
pandas/core/internals/managers.py::1070,0.106074
pandas/core/internals/managers.py::1071,0.106074
pandas/core/internals/managers.py::1074,0.106074
pandas/core/internals/managers.py::1075,0.106074
pandas/core/internals/managers.py::1078,0.106074
pandas/core/internals/managers.py::1081,0.106074
pandas/core/internals/managers.py::1082,0.106074
pandas/core/internals/managers.py::1083,0.106074
pandas/core/internals/managers.py::1085,0.106074
pandas/core/internals/managers.py::1100,0.106074
pandas/core/internals/managers.py::1101,0.106074
pandas/core/internals/managers.py::1102,0.106074
pandas/core/internals/managers.py::1104,0.106074
pandas/core/internals/managers.py::1105,0.106074
pandas/core/internals/managers.py::1122,0.106074
pandas/core/internals/managers.py::1124,0.106074
pandas/core/internals/managers.py::1125,0.106074
pandas/core/internals/managers.py::1126,0.106074
pandas/core/internals/managers.py::1127,0.106074
pandas/core/internals/managers.py::1128,0.106074
pandas/core/internals/managers.py::1132,0.106074
pandas/core/internals/managers.py::1133,0.106074
pandas/core/internals/managers.py::1135,0.106074
pandas/core/internals/managers.py::1138,0.106074
pandas/core/internals/managers.py::1220,0.106074
pandas/core/internals/managers.py::1229,0.106074
pandas/core/internals/managers.py::1232,0.106074
pandas/core/internals/managers.py::1235,0.106074
pandas/core/internals/managers.py::1238,0.106074
pandas/core/internals/managers.py::1242,0.106074
pandas/core/internals/managers.py::1249,0.106074
pandas/core/internals/managers.py::1252,0.106074
pandas/core/internals/managers.py::1253,0.106074
pandas/core/internals/managers.py::1254,0.106074
pandas/core/internals/managers.py::129,0.106074
pandas/core/internals/managers.py::130,0.106074
pandas/core/internals/managers.py::132,0.106074
pandas/core/internals/managers.py::133,0.106074
pandas/core/internals/managers.py::1359,0.106074
pandas/core/internals/managers.py::1362,0.106074
pandas/core/internals/managers.py::1363,0.106074
pandas/core/internals/managers.py::1366,0.106074
pandas/core/internals/managers.py::1367,0.106074
pandas/core/internals/managers.py::1368,0.106074
pandas/core/internals/managers.py::1370,0.106074
pandas/core/internals/managers.py::1371,0.106074
pandas/core/internals/managers.py::1374,0.106074
pandas/core/internals/managers.py::1375,0.106074
pandas/core/internals/managers.py::1376,0.106074
pandas/core/internals/managers.py::139,0.106074
pandas/core/internals/managers.py::140,0.106074
pandas/core/internals/managers.py::142,0.106074
pandas/core/internals/managers.py::144,0.106074
pandas/core/internals/managers.py::1456,0.106074
pandas/core/internals/managers.py::1464,0.106074
pandas/core/internals/managers.py::1465,0.106074
pandas/core/internals/managers.py::1466,0.106074
pandas/core/internals/managers.py::1477,0.106074
pandas/core/internals/managers.py::1480,0.106074
pandas/core/internals/managers.py::1483,0.106074
pandas/core/internals/managers.py::1488,0.106074
pandas/core/internals/managers.py::1492,0.106074
pandas/core/internals/managers.py::1494,0.106074
pandas/core/internals/managers.py::1495,0.106074
pandas/core/internals/managers.py::1497,0.106074
pandas/core/internals/managers.py::1504,0.106074
pandas/core/internals/managers.py::1536,0.106074
pandas/core/internals/managers.py::1549,0.106074
pandas/core/internals/managers.py::1552,0.106074
pandas/core/internals/managers.py::1556,0.106074
pandas/core/internals/managers.py::1563,0.106074
pandas/core/internals/managers.py::1655,0.106074
pandas/core/internals/managers.py::1656,0.106074
pandas/core/internals/managers.py::1657,0.106074
pandas/core/internals/managers.py::1658,0.106074
pandas/core/internals/managers.py::1659,0.106074
pandas/core/internals/managers.py::166,0.106074
pandas/core/internals/managers.py::1691,0.106074
pandas/core/internals/managers.py::1692,0.106074
pandas/core/internals/managers.py::1694,0.106074
pandas/core/internals/managers.py::1695,0.106074
pandas/core/internals/managers.py::1696,0.106074
pandas/core/internals/managers.py::170,0.106074
pandas/core/internals/managers.py::1701,0.106074
pandas/core/internals/managers.py::1702,0.106074
pandas/core/internals/managers.py::1706,0.106074
pandas/core/internals/managers.py::1707,0.106074
pandas/core/internals/managers.py::1709,0.106074
pandas/core/internals/managers.py::1710,0.106074
pandas/core/internals/managers.py::1712,0.106074
pandas/core/internals/managers.py::1713,0.106074
pandas/core/internals/managers.py::1714,0.106074
pandas/core/internals/managers.py::1715,0.106074
pandas/core/internals/managers.py::1717,0.106074
pandas/core/internals/managers.py::1721,0.106074
pandas/core/internals/managers.py::1725,0.106074
pandas/core/internals/managers.py::1726,0.106074
pandas/core/internals/managers.py::1727,0.106074
pandas/core/internals/managers.py::1729,0.106074
pandas/core/internals/managers.py::173,0.106074
pandas/core/internals/managers.py::1733,0.106074
pandas/core/internals/managers.py::174,0.106074
pandas/core/internals/managers.py::1740,0.106074
pandas/core/internals/managers.py::1744,0.106074
pandas/core/internals/managers.py::1745,0.106074
pandas/core/internals/managers.py::1746,0.106074
pandas/core/internals/managers.py::1748,0.106074
pandas/core/internals/managers.py::175,0.106074
pandas/core/internals/managers.py::1755,0.106074
pandas/core/internals/managers.py::1764,0.106074
pandas/core/internals/managers.py::177,0.106074
pandas/core/internals/managers.py::1772,0.106074
pandas/core/internals/managers.py::1782,0.106074
pandas/core/internals/managers.py::1789,0.106074
pandas/core/internals/managers.py::1792,0.106074
pandas/core/internals/managers.py::1795,0.106074
pandas/core/internals/managers.py::1796,0.106074
pandas/core/internals/managers.py::1803,0.106074
pandas/core/internals/managers.py::1805,0.106074
pandas/core/internals/managers.py::1806,0.106074
pandas/core/internals/managers.py::1808,0.106074
pandas/core/internals/managers.py::1810,0.106074
pandas/core/internals/managers.py::1811,0.106074
pandas/core/internals/managers.py::1813,0.106074
pandas/core/internals/managers.py::1819,0.106074
pandas/core/internals/managers.py::1820,0.106074
pandas/core/internals/managers.py::1823,0.106074
pandas/core/internals/managers.py::1825,0.106074
pandas/core/internals/managers.py::1826,0.106074
pandas/core/internals/managers.py::1829,0.106074
pandas/core/internals/managers.py::183,0.106074
pandas/core/internals/managers.py::1831,0.106074
pandas/core/internals/managers.py::1833,0.106074
pandas/core/internals/managers.py::1834,0.106074
pandas/core/internals/managers.py::1836,0.106074
pandas/core/internals/managers.py::1837,0.106074
pandas/core/internals/managers.py::1838,0.106074
pandas/core/internals/managers.py::1840,0.106074
pandas/core/internals/managers.py::217,0.106074
pandas/core/internals/managers.py::218,0.106074
pandas/core/internals/managers.py::219,0.106074
pandas/core/internals/managers.py::220,0.106074
pandas/core/internals/managers.py::222,0.106074
pandas/core/internals/managers.py::223,0.106074
pandas/core/internals/managers.py::224,0.106074
pandas/core/internals/managers.py::225,0.106074
pandas/core/internals/managers.py::227,0.106074
pandas/core/internals/managers.py::230,0.106074
pandas/core/internals/managers.py::231,0.106074
pandas/core/internals/managers.py::235,0.106074
pandas/core/internals/managers.py::316,0.106074
pandas/core/internals/managers.py::331,0.106074
pandas/core/internals/managers.py::332,0.106074
pandas/core/internals/managers.py::333,0.106074
pandas/core/internals/managers.py::334,0.106074
pandas/core/internals/managers.py::336,0.106074
pandas/core/internals/managers.py::372,0.106074
pandas/core/internals/managers.py::375,0.106074
pandas/core/internals/managers.py::383,0.106074
pandas/core/internals/managers.py::384,0.106074
pandas/core/internals/managers.py::386,0.106074
pandas/core/internals/managers.py::392,0.106074
pandas/core/internals/managers.py::398,0.106074
pandas/core/internals/managers.py::404,0.106074
pandas/core/internals/managers.py::408,0.106074
pandas/core/internals/managers.py::410,0.106074
pandas/core/internals/managers.py::415,0.106074
pandas/core/internals/managers.py::416,0.106074
pandas/core/internals/managers.py::421,0.106074
pandas/core/internals/managers.py::428,0.106074
pandas/core/internals/managers.py::429,0.106074
pandas/core/internals/managers.py::431,0.106074
pandas/core/internals/managers.py::433,0.106074
pandas/core/internals/managers.py::434,0.106074
pandas/core/internals/managers.py::436,0.106074
pandas/core/internals/managers.py::437,0.106074
pandas/core/internals/managers.py::640,0.106074
pandas/core/internals/managers.py::642,0.106074
pandas/core/internals/managers.py::645,0.106074
pandas/core/internals/managers.py::646,0.106074
pandas/core/internals/managers.py::647,0.106074
pandas/core/internals/managers.py::770,0.106074
pandas/core/internals/managers.py::771,0.106074
pandas/core/internals/managers.py::774,0.106074
pandas/core/internals/managers.py::775,0.106074
pandas/core/internals/managers.py::778,0.106074
pandas/core/internals/managers.py::917,0.106074
pandas/core/internals/managers.py::918,0.106074
pandas/core/internals/managers.py::926,0.106074
pandas/core/internals/managers.py::936,0.106074
pandas/core/internals/managers.py::938,0.106074
pandas/core/internals/managers.py::939,0.106074
pandas/core/internals/managers.py::950,0.106074
pandas/core/internals/managers.py::967,0.106074
pandas/core/internals/managers.py::968,0.106074
pandas/core/internals/managers.py::971,0.106074
pandas/core/internals/managers.py::973,0.106074
pandas/core/internals/managers.py::974,0.106074
pandas/core/internals/managers.py::977,0.106074
pandas/core/missing.py::605,0.106074
pandas/core/missing.py::75,0.106074
pandas/core/missing.py::76,0.106074
pandas/core/nanops.py::166,0.106074
pandas/core/nanops.py::167,0.106074
pandas/core/nanops.py::221,0.106074
pandas/core/nanops.py::222,0.106074
pandas/core/nanops.py::224,0.106074
pandas/core/nanops.py::279,0.106074
pandas/core/nanops.py::281,0.106074
pandas/core/nanops.py::283,0.106074
pandas/core/nanops.py::289,0.106074
pandas/core/nanops.py::290,0.106074
pandas/core/nanops.py::292,0.106074
pandas/core/nanops.py::298,0.106074
pandas/core/nanops.py::302,0.106074
pandas/core/nanops.py::303,0.106074
pandas/core/nanops.py::306,0.106074
pandas/core/nanops.py::308,0.106074
pandas/core/nanops.py::318,0.106074
pandas/core/nanops.py::319,0.106074
pandas/core/nanops.py::320,0.106074
pandas/core/nanops.py::324,0.106074
pandas/core/nanops.py::329,0.106074
pandas/core/nanops.py::422,0.106074
pandas/core/nanops.py::423,0.106074
pandas/core/ops/__init__.py::108,0.106074
pandas/core/ops/__init__.py::109,0.106074
pandas/core/ops/__init__.py::110,0.106074
pandas/core/ops/__init__.py::111,0.106074
pandas/core/ops/__init__.py::112,0.106074
pandas/core/ops/__init__.py::81,0.106074
pandas/core/ops/__init__.py::82,0.106074
pandas/core/ops/__init__.py::85,0.106074
pandas/core/reshape/merge.py::1172,0.106074
pandas/core/reshape/merge.py::1226,0.106074
pandas/core/reshape/merge.py::1441,0.106074
pandas/core/reshape/merge.py::1442,0.106074
pandas/core/reshape/merge.py::1443,0.106074
pandas/core/reshape/merge.py::1444,0.106074
pandas/core/reshape/merge.py::1445,0.106074
pandas/core/reshape/merge.py::1446,0.106074
pandas/core/reshape/merge.py::1447,0.106074
pandas/core/reshape/merge.py::1448,0.106074
pandas/core/reshape/merge.py::1449,0.106074
pandas/core/reshape/merge.py::1450,0.106074
pandas/core/reshape/merge.py::1451,0.106074
pandas/core/reshape/merge.py::1452,0.106074
pandas/core/reshape/merge.py::1453,0.106074
pandas/core/reshape/merge.py::1454,0.106074
pandas/core/reshape/merge.py::1545,0.106074
pandas/core/reshape/merge.py::1546,0.106074
pandas/core/reshape/merge.py::1547,0.106074
pandas/core/reshape/merge.py::1548,0.106074
pandas/core/reshape/merge.py::1549,0.106074
pandas/core/reshape/merge.py::1550,0.106074
pandas/core/reshape/merge.py::1552,0.106074
pandas/core/reshape/merge.py::1553,0.106074
pandas/core/reshape/merge.py::1554,0.106074
pandas/core/reshape/merge.py::1555,0.106074
pandas/core/reshape/merge.py::1556,0.106074
pandas/core/reshape/merge.py::1557,0.106074
pandas/core/reshape/merge.py::1558,0.106074
pandas/core/reshape/merge.py::1559,0.106074
pandas/core/reshape/merge.py::1560,0.106074
pandas/core/reshape/merge.py::1561,0.106074
pandas/core/reshape/merge.py::1562,0.106074
pandas/core/reshape/merge.py::1563,0.106074
pandas/core/reshape/merge.py::1564,0.106074
pandas/core/reshape/merge.py::1568,0.106074
pandas/core/reshape/merge.py::1571,0.106074
pandas/core/reshape/merge.py::1574,0.106074
pandas/core/reshape/merge.py::1577,0.106074
pandas/core/reshape/merge.py::1580,0.106074
pandas/core/reshape/merge.py::1995,0.106074
pandas/core/reshape/merge.py::1996,0.106074
pandas/core/reshape/merge.py::519,0.106074
pandas/core/reshape/merge.py::520,0.106074
pandas/core/reshape/merge.py::521,0.106074
pandas/core/reshape/merge.py::522,0.106074
pandas/core/reshape/merge.py::523,0.106074
pandas/core/reshape/merge.py::524,0.106074
pandas/core/reshape/merge.py::525,0.106074
pandas/core/reshape/merge.py::526,0.106074
pandas/core/reshape/merge.py::527,0.106074
pandas/core/reshape/merge.py::528,0.106074
pandas/core/reshape/merge.py::529,0.106074
pandas/core/reshape/merge.py::530,0.106074
pandas/core/reshape/merge.py::531,0.106074
pandas/core/reshape/merge.py::532,0.106074
pandas/core/reshape/merge.py::533,0.106074
pandas/core/reshape/merge.py::534,0.106074
pandas/core/reshape/merge.py::566,0.106074
pandas/core/reshape/merge.py::567,0.106074
pandas/core/reshape/merge.py::568,0.106074
pandas/core/reshape/merge.py::569,0.106074
pandas/core/reshape/merge.py::570,0.106074
pandas/core/reshape/merge.py::571,0.106074
pandas/core/reshape/merge.py::573,0.106074
pandas/core/reshape/merge.py::574,0.106074
pandas/core/reshape/merge.py::575,0.106074
pandas/core/reshape/merge.py::577,0.106074
pandas/core/reshape/merge.py::578,0.106074
pandas/core/reshape/merge.py::579,0.106074
pandas/core/reshape/merge.py::581,0.106074
pandas/core/reshape/merge.py::582,0.106074
pandas/core/reshape/merge.py::584,0.106074
pandas/core/reshape/merge.py::586,0.106074
pandas/core/reshape/merge.py::587,0.106074
pandas/core/reshape/merge.py::589,0.106074
pandas/core/reshape/merge.py::590,0.106074
pandas/core/reshape/merge.py::596,0.106074
pandas/core/reshape/merge.py::601,0.106074
pandas/core/reshape/merge.py::608,0.106074
pandas/core/reshape/merge.py::615,0.106074
pandas/core/series.py::180,0.106074
pandas/core/series.py::183,0.106074
pandas/core/series.py::185,0.106074
pandas/core/series.py::187,0.106074
pandas/core/series.py::192,0.106074
pandas/core/series.py::193,0.106074
pandas/core/series.py::195,0.106074
pandas/core/series.py::196,0.106074
pandas/core/series.py::197,0.106074
pandas/core/series.py::201,0.106074
pandas/core/series.py::207,0.106074
pandas/core/series.py::209,0.106074
pandas/core/series.py::213,0.106074
pandas/core/series.py::214,0.106074
pandas/core/series.py::217,0.106074
pandas/core/series.py::222,0.106074
pandas/core/series.py::223,0.106074
pandas/core/series.py::227,0.106074
pandas/core/series.py::229,0.106074
pandas/core/series.py::230,0.106074
pandas/core/series.py::231,0.106074
pandas/core/series.py::239,0.106074
pandas/core/series.py::240,0.106074
pandas/core/series.py::241,0.106074
pandas/core/series.py::242,0.106074
pandas/core/series.py::243,0.106074
pandas/core/series.py::256,0.106074
pandas/core/series.py::258,0.106074
pandas/core/series.py::260,0.106074
pandas/core/series.py::264,0.106074
pandas/core/series.py::266,0.106074
pandas/core/series.py::270,0.106074
pandas/core/series.py::274,0.106074
pandas/core/series.py::275,0.106074
pandas/core/series.py::284,0.106074
pandas/core/series.py::285,0.106074
pandas/core/series.py::287,0.106074
pandas/core/series.py::290,0.106074
pandas/core/series.py::292,0.106074
pandas/core/series.py::294,0.106074
pandas/core/series.py::295,0.106074
pandas/core/series.py::296,0.106074
pandas/core/series.py::319,0.106074
pandas/core/series.py::320,0.106074
pandas/core/series.py::321,0.106074
pandas/core/series.py::322,0.106074
pandas/core/series.py::328,0.106074
pandas/core/series.py::331,0.106074
pandas/core/series.py::334,0.106074
pandas/core/series.py::335,0.106074
pandas/core/series.py::336,0.106074
pandas/core/series.py::342,0.106074
pandas/core/series.py::362,0.106074
pandas/core/series.py::365,0.106074
pandas/core/series.py::366,0.106074
pandas/core/series.py::378,0.106074
pandas/core/series.py::380,0.106074
pandas/core/series.py::381,0.106074
pandas/core/series.py::385,0.106074
pandas/core/series.py::3866,0.106074
pandas/core/series.py::3868,0.106074
pandas/core/series.py::3869,0.106074
pandas/core/series.py::3871,0.106074
pandas/core/series.py::3875,0.106074
pandas/core/series.py::3878,0.106074
pandas/core/series.py::388,0.106074
pandas/core/series.py::3881,0.106074
pandas/core/series.py::3887,0.106074
pandas/core/series.py::3888,0.106074
pandas/core/series.py::3892,0.106074
pandas/core/series.py::3893,0.106074
pandas/core/series.py::400,0.106074
pandas/core/series.py::4020,0.106074
pandas/core/series.py::411,0.106074
pandas/core/series.py::415,0.106074
pandas/core/series.py::417,0.106074
pandas/core/series.py::4366,0.106074
pandas/core/series.py::459,0.106074
pandas/core/series.py::466,0.106074
pandas/core/series.py::489,0.106074
pandas/core/series.py::601,0.106074
pandas/core/series.py::810,0.106074
pandas/core/series.py::824,0.106074
pandas/core/sorting.py::102,0.106074
pandas/core/sorting.py::49,0.106074
pandas/core/sorting.py::50,0.106074
pandas/core/sorting.py::51,0.106074
pandas/core/sorting.py::52,0.106074
pandas/core/sorting.py::53,0.106074
pandas/core/sorting.py::55,0.106074
pandas/core/sorting.py::57,0.106074
pandas/core/sorting.py::60,0.106074
pandas/core/sorting.py::62,0.106074
pandas/core/sorting.py::63,0.106074
pandas/core/sorting.py::64,0.106074
pandas/core/sorting.py::66,0.106074
pandas/core/sorting.py::67,0.106074
pandas/core/sorting.py::71,0.106074
pandas/core/sorting.py::73,0.106074
pandas/core/sorting.py::76,0.106074
pandas/core/sorting.py::77,0.106074
pandas/core/sorting.py::79,0.106074
pandas/core/sorting.py::80,0.106074
pandas/core/sorting.py::83,0.106074
pandas/core/sorting.py::84,0.106074
pandas/core/sorting.py::86,0.106074
pandas/core/sorting.py::92,0.106074
pandas/core/sorting.py::93,0.106074
pandas/core/tools/datetimes.py::100,0.106074
pandas/core/tools/datetimes.py::103,0.106074
pandas/core/tools/datetimes.py::105,0.106074
pandas/core/tools/datetimes.py::106,0.106074
pandas/core/tools/datetimes.py::146,0.106074
pandas/core/tools/datetimes.py::148,0.106074
pandas/core/tools/datetimes.py::149,0.106074
pandas/core/tools/datetimes.py::151,0.106074
pandas/core/tools/datetimes.py::152,0.106074
pandas/core/tools/datetimes.py::183,0.106074
pandas/core/tools/datetimes.py::185,0.106074
pandas/core/tools/datetimes.py::186,0.106074
pandas/core/tools/datetimes.py::187,0.106074
pandas/core/tools/datetimes.py::313,0.106074
pandas/core/tools/datetimes.py::314,0.106074
pandas/core/tools/datetimes.py::315,0.106074
pandas/core/tools/datetimes.py::320,0.106074
pandas/core/tools/datetimes.py::324,0.106074
pandas/core/tools/datetimes.py::331,0.106074
pandas/core/tools/datetimes.py::343,0.106074
pandas/core/tools/datetimes.py::369,0.106074
pandas/core/tools/datetimes.py::376,0.106074
pandas/core/tools/datetimes.py::377,0.106074
pandas/core/tools/datetimes.py::379,0.106074
pandas/core/tools/datetimes.py::380,0.106074
pandas/core/tools/datetimes.py::382,0.106074
pandas/core/tools/datetimes.py::385,0.106074
pandas/core/tools/datetimes.py::395,0.106074
pandas/core/tools/datetimes.py::396,0.106074
pandas/core/tools/datetimes.py::398,0.106074
pandas/core/tools/datetimes.py::451,0.106074
pandas/core/tools/datetimes.py::452,0.106074
pandas/core/tools/datetimes.py::453,0.106074
pandas/core/tools/datetimes.py::454,0.106074
pandas/core/tools/datetimes.py::455,0.106074
pandas/core/tools/datetimes.py::456,0.106074
pandas/core/tools/datetimes.py::457,0.106074
pandas/core/tools/datetimes.py::458,0.106074
pandas/core/tools/datetimes.py::459,0.106074
pandas/core/tools/datetimes.py::460,0.106074
pandas/core/tools/datetimes.py::461,0.106074
pandas/core/tools/datetimes.py::464,0.106074
pandas/core/tools/datetimes.py::475,0.106074
pandas/core/tools/datetimes.py::476,0.106074
pandas/core/tools/datetimes.py::477,0.106074
pandas/core/tools/datetimes.py::736,0.106074
pandas/core/tools/datetimes.py::739,0.106074
pandas/core/tools/datetimes.py::742,0.106074
pandas/core/tools/datetimes.py::743,0.106074
pandas/core/tools/datetimes.py::744,0.106074
pandas/core/tools/datetimes.py::745,0.106074
pandas/core/tools/datetimes.py::746,0.106074
pandas/core/tools/datetimes.py::747,0.106074
pandas/core/tools/datetimes.py::748,0.106074
pandas/core/tools/datetimes.py::749,0.106074
pandas/core/tools/datetimes.py::750,0.106074
pandas/core/tools/datetimes.py::751,0.106074
pandas/core/tools/datetimes.py::754,0.106074
pandas/core/tools/datetimes.py::761,0.106074
pandas/core/tools/datetimes.py::762,0.106074
pandas/core/tools/datetimes.py::763,0.106074
pandas/core/tools/datetimes.py::766,0.106074
pandas/core/tools/datetimes.py::767,0.106074
pandas/core/tools/datetimes.py::786,0.106074
pandas/io/common.py::106,0.106074
pandas/io/common.py::108,0.106074
pandas/io/common.py::126,0.106074
pandas/io/common.py::127,0.106074
pandas/io/common.py::132,0.106074
pandas/io/common.py::165,0.106074
pandas/io/common.py::168,0.106074
pandas/io/common.py::170,0.106074
pandas/io/common.py::175,0.106074
pandas/io/common.py::177,0.106074
pandas/io/common.py::182,0.106074
pandas/io/common.py::184,0.106074
pandas/io/common.py::222,0.106074
pandas/io/common.py::224,0.106074
pandas/io/common.py::234,0.106074
pandas/io/common.py::241,0.106074
pandas/io/common.py::248,0.106074
pandas/io/common.py::249,0.106074
pandas/io/common.py::340,0.106074
pandas/io/common.py::344,0.106074
pandas/io/common.py::346,0.106074
pandas/io/common.py::347,0.106074
pandas/io/common.py::352,0.106074
pandas/io/common.py::353,0.106074
pandas/io/common.py::355,0.106074
pandas/io/parsers.py::1000,0.106074
pandas/io/parsers.py::1002,0.106074
pandas/io/parsers.py::1003,0.106074
pandas/io/parsers.py::1014,0.106074
pandas/io/parsers.py::1017,0.106074
pandas/io/parsers.py::1018,0.106074
pandas/io/parsers.py::1019,0.106074
pandas/io/parsers.py::1021,0.106074
pandas/io/parsers.py::1033,0.106074
pandas/io/parsers.py::1044,0.106074
pandas/io/parsers.py::1045,0.106074
pandas/io/parsers.py::1046,0.106074
pandas/io/parsers.py::1047,0.106074
pandas/io/parsers.py::1048,0.106074
pandas/io/parsers.py::1050,0.106074
pandas/io/parsers.py::1052,0.106074
pandas/io/parsers.py::1054,0.106074
pandas/io/parsers.py::1068,0.106074
pandas/io/parsers.py::1071,0.106074
pandas/io/parsers.py::1073,0.106074
pandas/io/parsers.py::1076,0.106074
pandas/io/parsers.py::1078,0.106074
pandas/io/parsers.py::1081,0.106074
pandas/io/parsers.py::1089,0.106074
pandas/io/parsers.py::1092,0.106074
pandas/io/parsers.py::1093,0.106074
pandas/io/parsers.py::1097,0.106074
pandas/io/parsers.py::1106,0.106074
pandas/io/parsers.py::1107,0.106074
pandas/io/parsers.py::1108,0.106074
pandas/io/parsers.py::1109,0.106074
pandas/io/parsers.py::1110,0.106074
pandas/io/parsers.py::1112,0.106074
pandas/io/parsers.py::1122,0.106074
pandas/io/parsers.py::1123,0.106074
pandas/io/parsers.py::1141,0.106074
pandas/io/parsers.py::1142,0.106074
pandas/io/parsers.py::1145,0.106074
pandas/io/parsers.py::1147,0.106074
pandas/io/parsers.py::1148,0.106074
pandas/io/parsers.py::1150,0.106074
pandas/io/parsers.py::1151,0.106074
pandas/io/parsers.py::1157,0.106074
pandas/io/parsers.py::1159,0.106074
pandas/io/parsers.py::1161,0.106074
pandas/io/parsers.py::1163,0.106074
pandas/io/parsers.py::1166,0.106074
pandas/io/parsers.py::1167,0.106074
pandas/io/parsers.py::1180,0.106074
pandas/io/parsers.py::1198,0.106074
pandas/io/parsers.py::1199,0.106074
pandas/io/parsers.py::1200,0.106074
pandas/io/parsers.py::1306,0.106074
pandas/io/parsers.py::1309,0.106074
pandas/io/parsers.py::1327,0.106074
pandas/io/parsers.py::1337,0.106074
pandas/io/parsers.py::1342,0.106074
pandas/io/parsers.py::1343,0.106074
pandas/io/parsers.py::1344,0.106074
pandas/io/parsers.py::1350,0.106074
pandas/io/parsers.py::1355,0.106074
pandas/io/parsers.py::1356,0.106074
pandas/io/parsers.py::1357,0.106074
pandas/io/parsers.py::1359,0.106074
pandas/io/parsers.py::1360,0.106074
pandas/io/parsers.py::1361,0.106074
pandas/io/parsers.py::1362,0.106074
pandas/io/parsers.py::1364,0.106074
pandas/io/parsers.py::1365,0.106074
pandas/io/parsers.py::1366,0.106074
pandas/io/parsers.py::1367,0.106074
pandas/io/parsers.py::1369,0.106074
pandas/io/parsers.py::1370,0.106074
pandas/io/parsers.py::1371,0.106074
pandas/io/parsers.py::1372,0.106074
pandas/io/parsers.py::1374,0.106074
pandas/io/parsers.py::1375,0.106074
pandas/io/parsers.py::1376,0.106074
pandas/io/parsers.py::1377,0.106074
pandas/io/parsers.py::1378,0.106074
pandas/io/parsers.py::1380,0.106074
pandas/io/parsers.py::1381,0.106074
pandas/io/parsers.py::1382,0.106074
pandas/io/parsers.py::1383,0.106074
pandas/io/parsers.py::1384,0.106074
pandas/io/parsers.py::1388,0.106074
pandas/io/parsers.py::1389,0.106074
pandas/io/parsers.py::1419,0.106074
pandas/io/parsers.py::1423,0.106074
pandas/io/parsers.py::1429,0.106074
pandas/io/parsers.py::1431,0.106074
pandas/io/parsers.py::1435,0.106074
pandas/io/parsers.py::1443,0.106074
pandas/io/parsers.py::1444,0.106074
pandas/io/parsers.py::1532,0.106074
pandas/io/parsers.py::1533,0.106074
pandas/io/parsers.py::1534,0.106074
pandas/io/parsers.py::1535,0.106074
pandas/io/parsers.py::1537,0.106074
pandas/io/parsers.py::1538,0.106074
pandas/io/parsers.py::1540,0.106074
pandas/io/parsers.py::1551,0.106074
pandas/io/parsers.py::1552,0.106074
pandas/io/parsers.py::1554,0.106074
pandas/io/parsers.py::1558,0.106074
pandas/io/parsers.py::1560,0.106074
pandas/io/parsers.py::1563,0.106074
pandas/io/parsers.py::1564,0.106074
pandas/io/parsers.py::1579,0.106074
pandas/io/parsers.py::1584,0.106074
pandas/io/parsers.py::1586,0.106074
pandas/io/parsers.py::1868,0.106074
pandas/io/parsers.py::1869,0.106074
pandas/io/parsers.py::1870,0.106074
pandas/io/parsers.py::1871,0.106074
pandas/io/parsers.py::1872,0.106074
pandas/io/parsers.py::1873,0.106074
pandas/io/parsers.py::1874,0.106074
pandas/io/parsers.py::1875,0.106074
pandas/io/parsers.py::1876,0.106074
pandas/io/parsers.py::1879,0.106074
pandas/io/parsers.py::1888,0.106074
pandas/io/parsers.py::1889,0.106074
pandas/io/parsers.py::1891,0.106074
pandas/io/parsers.py::1893,0.106074
pandas/io/parsers.py::1902,0.106074
pandas/io/parsers.py::1905,0.106074
pandas/io/parsers.py::1906,0.106074
pandas/io/parsers.py::1908,0.106074
pandas/io/parsers.py::1909,0.106074
pandas/io/parsers.py::1911,0.106074
pandas/io/parsers.py::1913,0.106074
pandas/io/parsers.py::1916,0.106074
pandas/io/parsers.py::1927,0.106074
pandas/io/parsers.py::1929,0.106074
pandas/io/parsers.py::1946,0.106074
pandas/io/parsers.py::1948,0.106074
pandas/io/parsers.py::1967,0.106074
pandas/io/parsers.py::1969,0.106074
pandas/io/parsers.py::1971,0.106074
pandas/io/parsers.py::1972,0.106074
pandas/io/parsers.py::1982,0.106074
pandas/io/parsers.py::1985,0.106074
pandas/io/parsers.py::1988,0.106074
pandas/io/parsers.py::1992,0.106074
pandas/io/parsers.py::1993,0.106074
pandas/io/parsers.py::2004,0.106074
pandas/io/parsers.py::2005,0.106074
pandas/io/parsers.py::2010,0.106074
pandas/io/parsers.py::2016,0.106074
pandas/io/parsers.py::2018,0.106074
pandas/io/parsers.py::2027,0.106074
pandas/io/parsers.py::2035,0.106074
pandas/io/parsers.py::2043,0.106074
pandas/io/parsers.py::2054,0.106074
pandas/io/parsers.py::2055,0.106074
pandas/io/parsers.py::2081,0.106074
pandas/io/parsers.py::2083,0.106074
pandas/io/parsers.py::2085,0.106074
pandas/io/parsers.py::2116,0.106074
pandas/io/parsers.py::2119,0.106074
pandas/io/parsers.py::2120,0.106074
pandas/io/parsers.py::2122,0.106074
pandas/io/parsers.py::2126,0.106074
pandas/io/parsers.py::2128,0.106074
pandas/io/parsers.py::2130,0.106074
pandas/io/parsers.py::2131,0.106074
pandas/io/parsers.py::2134,0.106074
pandas/io/parsers.py::2136,0.106074
pandas/io/parsers.py::3261,0.106074
pandas/io/parsers.py::3300,0.106074
pandas/io/parsers.py::3312,0.106074
pandas/io/parsers.py::3317,0.106074
pandas/io/parsers.py::3318,0.106074
pandas/io/parsers.py::3320,0.106074
pandas/io/parsers.py::3321,0.106074
pandas/io/parsers.py::3323,0.106074
pandas/io/parsers.py::3325,0.106074
pandas/io/parsers.py::3326,0.106074
pandas/io/parsers.py::3397,0.106074
pandas/io/parsers.py::3398,0.106074
pandas/io/parsers.py::3399,0.106074
pandas/io/parsers.py::3402,0.106074
pandas/io/parsers.py::3429,0.106074
pandas/io/parsers.py::381,0.106074
pandas/io/parsers.py::382,0.106074
pandas/io/parsers.py::385,0.106074
pandas/io/parsers.py::393,0.106074
pandas/io/parsers.py::411,0.106074
pandas/io/parsers.py::418,0.106074
pandas/io/parsers.py::419,0.106074
pandas/io/parsers.py::423,0.106074
pandas/io/parsers.py::424,0.106074
pandas/io/parsers.py::430,0.106074
pandas/io/parsers.py::431,0.106074
pandas/io/parsers.py::433,0.106074
pandas/io/parsers.py::435,0.106074
pandas/io/parsers.py::440,0.106074
pandas/io/parsers.py::441,0.106074
pandas/io/parsers.py::442,0.106074
pandas/io/parsers.py::445,0.106074
pandas/io/parsers.py::448,0.106074
pandas/io/parsers.py::450,0.106074
pandas/io/parsers.py::453,0.106074
pandas/io/parsers.py::454,0.106074
pandas/io/parsers.py::456,0.106074
pandas/io/parsers.py::458,0.106074
pandas/io/parsers.py::464,0.106074
pandas/io/parsers.py::602,0.106074
pandas/io/parsers.py::606,0.106074
pandas/io/parsers.py::609,0.106074
pandas/io/parsers.py::610,0.106074
pandas/io/parsers.py::612,0.106074
pandas/io/parsers.py::619,0.106074
pandas/io/parsers.py::622,0.106074
pandas/io/parsers.py::623,0.106074
pandas/io/parsers.py::625,0.106074
pandas/io/parsers.py::626,0.106074
pandas/io/parsers.py::627,0.106074
pandas/io/parsers.py::628,0.106074
pandas/io/parsers.py::629,0.106074
pandas/io/parsers.py::630,0.106074
pandas/io/parsers.py::631,0.106074
pandas/io/parsers.py::632,0.106074
pandas/io/parsers.py::633,0.106074
pandas/io/parsers.py::634,0.106074
pandas/io/parsers.py::635,0.106074
pandas/io/parsers.py::636,0.106074
pandas/io/parsers.py::637,0.106074
pandas/io/parsers.py::638,0.106074
pandas/io/parsers.py::639,0.106074
pandas/io/parsers.py::640,0.106074
pandas/io/parsers.py::641,0.106074
pandas/io/parsers.py::642,0.106074
pandas/io/parsers.py::643,0.106074
pandas/io/parsers.py::644,0.106074
pandas/io/parsers.py::645,0.106074
pandas/io/parsers.py::646,0.106074
pandas/io/parsers.py::647,0.106074
pandas/io/parsers.py::648,0.106074
pandas/io/parsers.py::649,0.106074
pandas/io/parsers.py::650,0.106074
pandas/io/parsers.py::651,0.106074
pandas/io/parsers.py::652,0.106074
pandas/io/parsers.py::653,0.106074
pandas/io/parsers.py::654,0.106074
pandas/io/parsers.py::655,0.106074
pandas/io/parsers.py::656,0.106074
pandas/io/parsers.py::657,0.106074
pandas/io/parsers.py::658,0.106074
pandas/io/parsers.py::659,0.106074
pandas/io/parsers.py::660,0.106074
pandas/io/parsers.py::661,0.106074
pandas/io/parsers.py::662,0.106074
pandas/io/parsers.py::663,0.106074
pandas/io/parsers.py::664,0.106074
pandas/io/parsers.py::665,0.106074
pandas/io/parsers.py::666,0.106074
pandas/io/parsers.py::667,0.106074
pandas/io/parsers.py::668,0.106074
pandas/io/parsers.py::669,0.106074
pandas/io/parsers.py::670,0.106074
pandas/io/parsers.py::671,0.106074
pandas/io/parsers.py::672,0.106074
pandas/io/parsers.py::673,0.106074
pandas/io/parsers.py::676,0.106074
pandas/io/parsers.py::794,0.106074
pandas/io/parsers.py::796,0.106074
pandas/io/parsers.py::797,0.106074
pandas/io/parsers.py::802,0.106074
pandas/io/parsers.py::804,0.106074
pandas/io/parsers.py::857,0.106074
pandas/io/parsers.py::863,0.106074
pandas/io/parsers.py::864,0.106074
pandas/io/parsers.py::866,0.106074
pandas/io/parsers.py::869,0.106074
pandas/io/parsers.py::870,0.106074
pandas/io/parsers.py::871,0.106074
pandas/io/parsers.py::873,0.106074
pandas/io/parsers.py::875,0.106074
pandas/io/parsers.py::876,0.106074
pandas/io/parsers.py::877,0.106074
pandas/io/parsers.py::880,0.106074
pandas/io/parsers.py::881,0.106074
pandas/io/parsers.py::883,0.106074
pandas/io/parsers.py::886,0.106074
pandas/io/parsers.py::889,0.106074
pandas/io/parsers.py::892,0.106074
pandas/io/parsers.py::894,0.106074
pandas/io/parsers.py::896,0.106074
pandas/io/parsers.py::897,0.106074
pandas/io/parsers.py::900,0.106074
pandas/io/parsers.py::903,0.106074
pandas/io/parsers.py::905,0.106074
pandas/io/parsers.py::906,0.106074
pandas/io/parsers.py::907,0.106074
pandas/io/parsers.py::909,0.106074
pandas/io/parsers.py::921,0.106074
pandas/io/parsers.py::923,0.106074
pandas/io/parsers.py::927,0.106074
pandas/io/parsers.py::931,0.106074
pandas/io/parsers.py::943,0.106074
pandas/io/parsers.py::946,0.106074
pandas/io/parsers.py::948,0.106074
pandas/io/parsers.py::949,0.106074
pandas/io/parsers.py::951,0.106074
pandas/io/parsers.py::952,0.106074
pandas/io/parsers.py::955,0.106074
pandas/io/parsers.py::956,0.106074
pandas/io/parsers.py::960,0.106074
pandas/io/parsers.py::961,0.106074
pandas/io/parsers.py::968,0.106074
pandas/io/parsers.py::981,0.106074
pandas/io/parsers.py::984,0.106074
pandas/io/parsers.py::985,0.106074
pandas/io/parsers.py::986,0.106074
pandas/io/parsers.py::987,0.106074
pandas/io/parsers.py::991,0.106074
pandas/io/parsers.py::999,0.106074
pandas/tseries/frequencies.py::114,0.106074
pandas/tseries/frequencies.py::115,0.106074
pandas/util/_decorators.py::180,0.106074
pandas/util/_decorators.py::182,0.106074
pandas/util/_decorators.py::222,0.106074
pandas/util/_validators.py::236,0.106074
pandas/util/_validators.py::241,0.106074
