Entity,Score
pandas/core/dtypes/inference.py::419,0.998686
pandas/core/dtypes/inference.py::420,0.998686
pandas/core/dtypes/inference.py::421,0.998686
pandas/core/dtypes/inference.py::422,0.998686
pandas/core/indexes/base.py::924,0.998686
pandas/core/indexes/base.py::925,0.998686
pandas/core/indexes/base.py::926,0.998686
pandas/core/indexes/base.py::927,0.998686
pandas/core/indexes/base.py::928,0.998686
pandas/core/indexes/base.py::929,0.998686
pandas/core/indexes/base.py::932,0.998686
pandas/core/indexes/base.py::935,0.998686
pandas/core/indexes/base.py::937,0.998686
pandas/core/indexes/base.py::947,0.998686
pandas/core/indexes/base.py::954,0.998686
pandas/core/indexes/base.py::963,0.998686
pandas/core/indexes/base.py::965,0.998686
pandas/core/indexes/base.py::969,0.998686
pandas/core/indexes/base.py::970,0.998686
pandas/core/indexes/category.py::328,0.998686
pandas/core/indexes/category.py::336,0.998686
pandas/core/indexes/category.py::337,0.998686
pandas/core/indexes/category.py::341,0.998686
pandas/core/indexes/category.py::342,0.998686
pandas/core/indexes/category.py::344,0.998686
pandas/core/indexes/category.py::346,0.998686
pandas/core/indexes/category.py::348,0.998686
pandas/core/indexes/category.py::349,0.998686
pandas/core/indexes/category.py::350,0.998686
pandas/core/indexes/category.py::352,0.998686
pandas/core/indexes/category.py::392,0.998686
pandas/io/formats/format.py::395,0.998686
pandas/io/formats/printing.py::105,0.998686
pandas/io/formats/printing.py::108,0.998686
pandas/io/formats/printing.py::110,0.998686
pandas/io/formats/printing.py::113,0.998686
pandas/io/formats/printing.py::115,0.998686
pandas/io/formats/printing.py::118,0.998686
pandas/io/formats/printing.py::119,0.998686
pandas/io/formats/printing.py::121,0.998686
pandas/io/formats/printing.py::123,0.998686
pandas/io/formats/printing.py::125,0.998686
pandas/io/formats/printing.py::128,0.998686
pandas/io/formats/printing.py::195,0.998686
pandas/io/formats/printing.py::196,0.998686
pandas/io/formats/printing.py::197,0.998686
pandas/io/formats/printing.py::198,0.998686
pandas/io/formats/printing.py::205,0.998686
pandas/io/formats/printing.py::207,0.998686
pandas/io/formats/printing.py::208,0.998686
pandas/io/formats/printing.py::209,0.998686
pandas/io/formats/printing.py::210,0.998686
pandas/io/formats/printing.py::212,0.998686
pandas/io/formats/printing.py::214,0.998686
pandas/io/formats/printing.py::220,0.998686
pandas/io/formats/printing.py::221,0.998686
pandas/io/formats/printing.py::222,0.998686
pandas/io/formats/printing.py::223,0.998686
pandas/io/formats/printing.py::224,0.998686
pandas/io/formats/printing.py::225,0.998686
pandas/io/formats/printing.py::226,0.998686
pandas/io/formats/printing.py::228,0.998686
pandas/io/formats/printing.py::233,0.998686
pandas/io/formats/printing.py::276,0.998686
pandas/io/formats/printing.py::277,0.998686
pandas/io/formats/printing.py::327,0.998686
pandas/io/formats/printing.py::328,0.998686
pandas/io/formats/printing.py::329,0.998686
pandas/io/formats/printing.py::351,0.998686
pandas/io/formats/printing.py::354,0.998686
pandas/io/formats/printing.py::355,0.998686
pandas/io/formats/printing.py::376,0.998686
pandas/io/formats/printing.py::381,0.998686
pandas/io/formats/printing.py::382,0.998686
pandas/io/formats/printing.py::385,0.998686
pandas/io/formats/printing.py::402,0.998686
pandas/io/formats/printing.py::416,0.998686
pandas/io/formats/printing.py::417,0.998686
pandas/io/formats/printing.py::419,0.998686
pandas/io/formats/printing.py::423,0.998686
pandas/io/formats/printing.py::428,0.998686
pandas/io/formats/printing.py::429,0.998686
pandas/io/formats/printing.py::430,0.998686
pandas/io/formats/printing.py::433,0.998686
pandas/io/formats/printing.py::434,0.998686
pandas/io/formats/printing.py::438,0.998686
pandas/io/formats/printing.py::439,0.998686
pandas/io/formats/printing.py::441,0.998686
pandas/io/formats/printing.py::444,0.998686
pandas/io/formats/printing.py::447,0.998686
pandas/core/indexes/base.py::3132,0.992188
pandas/core/indexes/base.py::3133,0.992188
pandas/core/dtypes/inference.py::423,0.992085
pandas/core/dtypes/inference.py::424,0.992085
pandas/io/formats/printing.py::231,0.992085
pandas/core/arrays/categorical.py::1875,0.985816
pandas/core/base.py::1078,0.985816
pandas/_config/config.py::102,0.979565
pandas/_config/config.py::105,0.979565
pandas/_config/config.py::106,0.979565
pandas/_config/config.py::542,0.979565
pandas/io/formats/console.py::13,0.979565
pandas/io/formats/console.py::15,0.979565
pandas/io/formats/console.py::17,0.979565
pandas/io/formats/console.py::29,0.979565
pandas/io/formats/console.py::41,0.979565
pandas/io/formats/console.py::46,0.979565
pandas/io/formats/console.py::58,0.979565
pandas/io/formats/console.py::60,0.979565
pandas/io/formats/console.py::61,0.979565
pandas/io/formats/console.py::62,0.979565
pandas/io/formats/console.py::65,0.979565
pandas/io/formats/console.py::67,0.979565
pandas/io/formats/console.py::68,0.979565
pandas/io/formats/console.py::69,0.979565
pandas/io/formats/console.py::70,0.979565
pandas/io/formats/format.py::392,0.979565
pandas/io/formats/format.py::444,0.979565
pandas/io/formats/format.py::445,0.979565
pandas/io/formats/format.py::448,0.979565
pandas/io/formats/printing.py::317,0.979565
pandas/io/formats/printing.py::318,0.979565
pandas/io/formats/printing.py::320,0.979565
pandas/io/formats/printing.py::321,0.979565
pandas/io/formats/printing.py::323,0.979565
pandas/io/formats/printing.py::324,0.979565
pandas/io/formats/printing.py::326,0.979565
pandas/io/formats/printing.py::334,0.979565
pandas/io/formats/printing.py::335,0.979565
pandas/io/formats/printing.py::340,0.979565
pandas/io/formats/printing.py::341,0.979565
pandas/io/formats/printing.py::344,0.979565
pandas/io/formats/printing.py::347,0.979565
pandas/io/formats/printing.py::349,0.979565
pandas/io/formats/printing.py::357,0.979565
pandas/io/formats/printing.py::363,0.979565
pandas/io/formats/printing.py::365,0.979565
pandas/io/formats/printing.py::367,0.979565
pandas/io/formats/printing.py::370,0.979565
pandas/io/formats/printing.py::449,0.979565
pandas/io/formats/printing.py::386,0.972015
pandas/io/formats/printing.py::391,0.972015
pandas/io/formats/printing.py::392,0.972015
pandas/io/formats/printing.py::393,0.972015
pandas/util/testing.py::743,0.972015
pandas/util/testing.py::756,0.972015
pandas/core/arrays/categorical.py::1476,0.967411
pandas/core/arrays/categorical.py::1478,0.967411
pandas/core/arrays/categorical.py::1474,0.961502
pandas/core/util/hashing.py::292,0.922198
pandas/core/arrays/categorical.py::2583,0.900766
pandas/core/indexes/base.py::4583,0.900766
pandas/core/indexes/base.py::4585,0.900766
pandas/core/indexes/base.py::4588,0.900766
pandas/core/indexes/category.py::715,0.900766
pandas/core/indexes/category.py::716,0.900766
pandas/core/indexes/category.py::723,0.900766
pandas/core/indexes/category.py::732,0.900766
pandas/core/arrays/categorical.py::2578,0.895863
pandas/core/arrays/categorical.py::2581,0.895863
pandas/core/indexes/category.py::407,0.895863
pandas/core/indexes/category.py::653,0.895863
pandas/core/indexes/category.py::658,0.895863
pandas/core/indexes/category.py::663,0.895863
pandas/core/indexes/category.py::664,0.895863
pandas/core/indexes/category.py::668,0.895863
pandas/core/indexes/category.py::669,0.895863
pandas/core/indexes/category.py::678,0.895863
pandas/core/indexes/category.py::679,0.895863
pandas/core/indexes/base.py::4864,0.894583
pandas/conftest.py::142,0.891039
pandas/core/dtypes/cast.py::1041,0.891039
pandas/core/frame.py::473,0.891039
pandas/core/internals/construction.py::178,0.891039
pandas/core/internals/construction.py::194,0.891039
pandas/core/internals/construction.py::195,0.891039
pandas/core/internals/construction.py::251,0.891039
pandas/core/internals/construction.py::253,0.891039
pandas/core/internals/construction.py::257,0.891039
pandas/core/internals/construction.py::258,0.891039
pandas/core/internals/construction.py::263,0.891039
pandas/core/internals/construction.py::264,0.891039
pandas/core/internals/construction.py::266,0.891039
pandas/core/internals/construction.py::270,0.891039
pandas/core/internals/construction.py::282,0.891039
pandas/core/indexes/base.py::4851,0.888716
pandas/core/indexes/base.py::4857,0.888716
pandas/core/indexes/category.py::647,0.886292
pandas/core/indexes/category.py::648,0.886292
pandas/core/indexes/category.py::650,0.886292
pandas/core/indexes/base.py::4787,0.884129
pandas/core/indexes/base.py::4900,0.884129
pandas/core/indexes/base.py::4902,0.884129
pandas/core/indexes/base.py::4908,0.884129
pandas/core/indexes/base.py::4912,0.884129
pandas/core/indexes/base.py::4980,0.884129
pandas/core/indexes/base.py::4982,0.884129
pandas/core/indexes/base.py::4988,0.884129
pandas/core/indexes/base.py::4998,0.884129
pandas/core/indexes/base.py::4999,0.884129
pandas/core/indexes/base.py::5000,0.884129
pandas/core/indexing.py::1324,0.884129
pandas/core/indexing.py::1325,0.884129
pandas/core/indexing.py::1328,0.884129
pandas/core/indexing.py::1329,0.884129
pandas/core/indexing.py::1330,0.884129
pandas/core/indexing.py::1680,0.884129
pandas/core/indexing.py::1681,0.884129
pandas/core/frame.py::452,0.881621
pandas/core/frame.py::453,0.881621
pandas/core/frame.py::455,0.881621
pandas/core/frame.py::456,0.881621
pandas/core/indexes/base.py::4012,0.881621
pandas/core/internals/managers.py::1729,0.881621
pandas/core/internals/managers.py::1730,0.881621
pandas/core/internals/managers.py::1773,0.881621
pandas/core/internals/managers.py::1776,0.881621
pandas/core/internals/managers.py::1779,0.881621
pandas/core/internals/managers.py::1780,0.881621
pandas/core/internals/managers.py::865,0.881621
pandas/core/indexing.py::1594,0.879611
pandas/core/generic.py::3640,0.877022
pandas/core/indexes/category.py::447,0.877022
pandas/core/internals/construction.py::413,0.877022
pandas/core/arrays/categorical.py::1277,0.875163
pandas/core/arrays/categorical.py::1282,0.875163
pandas/core/dtypes/inference.py::125,0.875163
pandas/core/indexing.py::2414,0.875163
pandas/core/arrays/categorical.py::2271,0.872495
pandas/core/construction.py::546,0.872495
pandas/core/construction.py::547,0.872495
pandas/core/dtypes/common.py::1893,0.872495
pandas/core/dtypes/common.py::1894,0.872495
pandas/core/dtypes/common.py::1899,0.872495
pandas/core/dtypes/common.py::1900,0.872495
pandas/core/dtypes/common.py::1910,0.872495
pandas/core/generic.py::3571,0.872495
pandas/core/generic.py::3572,0.872495
pandas/core/generic.py::3573,0.872495
pandas/core/generic.py::3574,0.872495
pandas/core/generic.py::3575,0.872495
pandas/core/generic.py::3584,0.872495
pandas/core/generic.py::3585,0.872495
pandas/core/indexes/category.py::279,0.872495
pandas/core/indexes/category.py::280,0.872495
pandas/core/indexes/category.py::281,0.872495
pandas/core/indexes/category.py::700,0.872495
pandas/core/indexes/category.py::701,0.872495
pandas/core/indexes/category.py::711,0.872495
pandas/core/indexes/category.py::727,0.872495
pandas/core/indexes/category.py::729,0.872495
pandas/core/indexing.py::1069,0.872495
pandas/core/indexing.py::1070,0.872495
pandas/core/internals/construction.py::418,0.872495
pandas/core/internals/managers.py::864,0.872495
pandas/core/arrays/categorical.py::2268,0.868038
pandas/core/arrays/categorical.py::2269,0.868038
pandas/core/arrays/categorical.py::2276,0.868038
pandas/core/arrays/categorical.py::2293,0.868038
pandas/core/arrays/categorical.py::2294,0.868038
pandas/core/dtypes/dtypes.py::386,0.868038
pandas/core/dtypes/dtypes.py::392,0.868038
pandas/core/dtypes/dtypes.py::449,0.868038
pandas/core/dtypes/dtypes.py::454,0.868038
pandas/core/dtypes/dtypes.py::456,0.868038
pandas/core/dtypes/dtypes.py::463,0.868038
pandas/core/generic.py::3557,0.868038
pandas/core/generic.py::3560,0.868038
pandas/core/generic.py::3561,0.868038
pandas/core/generic.py::3568,0.868038
pandas/core/generic.py::3803,0.868038
pandas/core/indexes/category.py::278,0.868038
pandas/core/indexes/category.py::295,0.868038
pandas/core/indexes/category.py::307,0.868038
pandas/core/indexes/category.py::310,0.868038
pandas/core/indexes/category.py::313,0.868038
pandas/core/indexes/category.py::314,0.868038
pandas/core/indexes/category.py::315,0.868038
pandas/core/indexes/category.py::317,0.868038
pandas/core/indexes/category.py::507,0.868038
pandas/core/indexes/category.py::508,0.868038
pandas/core/indexes/category.py::509,0.868038
pandas/core/indexes/category.py::510,0.868038
pandas/core/indexes/category.py::699,0.868038
pandas/core/indexing.py::1114,0.868038
pandas/core/indexing.py::1116,0.868038
pandas/core/indexing.py::1118,0.868038
pandas/core/indexing.py::1125,0.868038
pandas/core/indexing.py::1126,0.868038
pandas/core/indexing.py::1127,0.868038
pandas/core/indexing.py::1690,0.868038
pandas/core/indexing.py::1718,0.868038
pandas/core/indexing.py::1720,0.868038
pandas/core/indexing.py::1723,0.868038
pandas/core/internals/blocks.py::172,0.868038
pandas/core/internals/construction.py::122,0.868038
pandas/core/internals/construction.py::137,0.868038
pandas/core/internals/construction.py::138,0.868038
pandas/core/internals/construction.py::149,0.868038
pandas/core/internals/construction.py::157,0.868038
pandas/core/internals/construction.py::159,0.868038
pandas/core/internals/construction.py::170,0.868038
pandas/core/internals/construction.py::171,0.868038
pandas/core/internals/construction.py::176,0.868038
pandas/core/internals/construction.py::199,0.868038
pandas/core/internals/construction.py::250,0.868038
pandas/core/internals/construction.py::281,0.868038
pandas/core/internals/construction.py::286,0.868038
pandas/core/internals/construction.py::410,0.868038
pandas/core/internals/construction.py::415,0.868038
pandas/core/internals/construction.py::419,0.868038
pandas/core/internals/managers.py::1614,0.868038
pandas/core/internals/managers.py::1615,0.868038
pandas/core/internals/managers.py::1617,0.868038
pandas/core/internals/managers.py::1624,0.868038
pandas/core/internals/managers.py::1627,0.868038
pandas/core/internals/managers.py::1628,0.868038
pandas/core/internals/managers.py::1629,0.868038
pandas/core/internals/managers.py::658,0.868038
pandas/core/internals/managers.py::659,0.868038
pandas/core/indexes/base.py::1746,0.865859
pandas/core/indexes/base.py::2945,0.865859
pandas/core/frame.py::421,0.863647
pandas/core/frame.py::439,0.863647
pandas/core/generic.py::3550,0.863647
pandas/core/generic.py::4591,0.863647
pandas/core/generic.py::4592,0.863647
pandas/core/generic.py::4593,0.863647
pandas/core/generic.py::4594,0.863647
pandas/core/generic.py::4596,0.863647
pandas/core/generic.py::4599,0.863647
pandas/core/generic.py::4600,0.863647
pandas/core/generic.py::4601,0.863647
pandas/core/generic.py::4604,0.863647
pandas/core/generic.py::4605,0.863647
pandas/core/generic.py::4606,0.863647
pandas/core/generic.py::4607,0.863647
pandas/core/generic.py::4608,0.863647
pandas/core/generic.py::4609,0.863647
pandas/core/generic.py::4610,0.863647
pandas/core/generic.py::4613,0.863647
pandas/core/generic.py::4616,0.863647
pandas/core/indexes/base.py::3040,0.863647
pandas/core/indexes/category.py::263,0.863647
pandas/core/indexes/category.py::264,0.863647
pandas/core/indexes/category.py::265,0.863647
pandas/core/series.py::215,0.863647
pandas/core/series.py::238,0.863647
pandas/core/algorithms.py::1435,0.859323
pandas/core/construction.py::396,0.859323
pandas/core/dtypes/cast.py::1117,0.859323
pandas/core/dtypes/cast.py::1120,0.859323
pandas/core/dtypes/cast.py::1121,0.859323
pandas/core/dtypes/cast.py::1122,0.859323
pandas/core/dtypes/cast.py::1124,0.859323
pandas/core/dtypes/cast.py::1203,0.859323
pandas/core/generic.py::250,0.859323
pandas/core/generic.py::251,0.859323
pandas/core/generic.py::254,0.859323
pandas/core/generic.py::260,0.859323
pandas/core/generic.py::3542,0.859323
pandas/core/generic.py::3544,0.859323
pandas/core/generic.py::3545,0.859323
pandas/core/generic.py::3548,0.859323
pandas/core/indexes/base.py::3037,0.859323
pandas/core/indexes/base.py::3042,0.859323
pandas/core/indexes/base.py::3043,0.859323
pandas/core/indexing.py::1061,0.859323
pandas/core/indexing.py::1062,0.859323
pandas/core/indexing.py::1066,0.859323
pandas/core/indexing.py::1068,0.859323
pandas/core/indexing.py::1159,0.859323
pandas/core/indexing.py::1161,0.859323
pandas/core/indexing.py::1165,0.859323
pandas/core/indexing.py::1167,0.859323
pandas/core/indexing.py::150,0.859323
pandas/core/indexing.py::153,0.859323
pandas/core/dtypes/cast.py::413,0.858020
pandas/core/dtypes/cast.py::493,0.858020
pandas/core/indexes/category.py::358,0.858020
pandas/core/indexing.py::1593,0.858020
pandas/core/indexing.py::1646,0.858020
pandas/core/indexing.py::1669,0.858020
pandas/core/indexing.py::1672,0.858020
pandas/core/indexing.py::1673,0.858020
pandas/core/indexing.py::1676,0.858020
pandas/core/indexing.py::1677,0.858020
pandas/core/indexing.py::1679,0.858020
pandas/core/generic.py::3525,0.855063
pandas/core/generic.py::3526,0.855063
pandas/core/generic.py::3527,0.855063
pandas/core/generic.py::3539,0.855063
pandas/core/generic.py::3639,0.855063
pandas/core/indexes/category.py::184,0.855063
pandas/core/indexing.py::144,0.855063
pandas/core/indexing.py::1600,0.855063
pandas/core/indexing.py::1733,0.855063
pandas/core/indexing.py::1734,0.855063
pandas/core/indexing.py::267,0.855063
pandas/core/indexing.py::269,0.855063
pandas/core/internals/blocks.py::1249,0.855063
pandas/core/internals/blocks.py::1250,0.855063
pandas/core/internals/blocks.py::1260,0.855063
pandas/core/internals/construction.py::62,0.855063
pandas/core/internals/managers.py::1230,0.855063
pandas/core/internals/managers.py::1237,0.855063
pandas/util/testing.py::691,0.855063
pandas/core/dtypes/cast.py::407,0.853890
pandas/core/indexes/category.py::388,0.853890
pandas/core/algorithms.py::1626,0.850866
pandas/core/algorithms.py::1629,0.850866
pandas/core/algorithms.py::1630,0.850866
pandas/core/algorithms.py::1631,0.850866
pandas/core/algorithms.py::1647,0.850866
pandas/core/algorithms.py::1655,0.850866
pandas/core/arrays/categorical.py::2001,0.850866
pandas/core/arrays/categorical.py::2002,0.850866
pandas/core/dtypes/missing.py::449,0.850866
pandas/core/dtypes/missing.py::450,0.850866
pandas/core/dtypes/missing.py::453,0.850866
pandas/core/dtypes/missing.py::456,0.850866
pandas/core/dtypes/missing.py::460,0.850866
pandas/core/dtypes/missing.py::461,0.850866
pandas/core/dtypes/missing.py::470,0.850866
pandas/core/indexing.py::1596,0.850866
pandas/core/indexing.py::1599,0.850866
pandas/core/indexing.py::1682,0.850866
pandas/core/indexing.py::1684,0.850866
pandas/core/series.py::281,0.850866
pandas/core/series.py::282,0.850866
pandas/core/dtypes/dtypes.py::472,0.850841
pandas/core/dtypes/dtypes.py::476,0.850841
pandas/core/dtypes/dtypes.py::477,0.850841
pandas/core/dtypes/dtypes.py::483,0.850841
pandas/core/dtypes/dtypes.py::484,0.850841
pandas/core/indexes/base.py::653,0.850841
pandas/core/util/hashing.py::268,0.850841
pandas/core/util/hashing.py::270,0.850841
pandas/core/util/hashing.py::275,0.850841
pandas/core/util/hashing.py::277,0.850841
pandas/core/util/hashing.py::283,0.850841
pandas/core/util/hashing.py::288,0.850841
pandas/core/util/hashing.py::290,0.850841
pandas/core/util/hashing.py::314,0.850841
pandas/core/util/hashing.py::315,0.850841
pandas/core/util/hashing.py::316,0.850841
pandas/core/util/hashing.py::317,0.850841
pandas/core/util/hashing.py::318,0.850841
pandas/core/util/hashing.py::319,0.850841
pandas/core/util/hashing.py::38,0.850841
pandas/core/util/hashing.py::39,0.850841
pandas/core/util/hashing.py::43,0.850841
pandas/core/util/hashing.py::45,0.850841
pandas/core/util/hashing.py::46,0.850841
pandas/core/util/hashing.py::47,0.850841
pandas/core/util/hashing.py::48,0.850841
pandas/core/util/hashing.py::49,0.850841
pandas/core/util/hashing.py::50,0.850841
pandas/core/util/hashing.py::51,0.850841
pandas/core/util/hashing.py::52,0.850841
pandas/core/util/hashing.py::53,0.850841
pandas/core/util/hashing.py::54,0.850841
pandas/core/indexing.py::1298,0.849819
pandas/core/indexing.py::1300,0.849819
pandas/core/indexing.py::1301,0.849819
pandas/core/algorithms.py::1433,0.846731
pandas/core/algorithms.py::1434,0.846731
pandas/core/algorithms.py::1625,0.846731
pandas/core/indexes/base.py::5413,0.846731
pandas/core/indexes/base.py::5416,0.846731
pandas/core/indexes/base.py::5418,0.846731
pandas/core/indexes/base.py::5423,0.846731
pandas/core/internals/blocks.py::1243,0.846731
pandas/core/internals/blocks.py::1245,0.846731
pandas/core/internals/blocks.py::1252,0.846731
pandas/core/internals/blocks.py::1253,0.846731
pandas/core/internals/blocks.py::1258,0.846731
pandas/core/internals/blocks.py::1259,0.846731
pandas/core/internals/blocks.py::1262,0.846731
pandas/core/internals/blocks.py::1265,0.846731
pandas/core/internals/blocks.py::224,0.846731
pandas/core/algorithms.py::181,0.842655
pandas/core/algorithms.py::192,0.842655
pandas/core/algorithms.py::1953,0.842655
pandas/core/algorithms.py::1958,0.842655
pandas/core/algorithms.py::1963,0.842655
pandas/core/algorithms.py::1970,0.842655
pandas/core/algorithms.py::1972,0.842655
pandas/core/algorithms.py::1987,0.842655
pandas/core/algorithms.py::199,0.842655
pandas/core/algorithms.py::1990,0.842655
pandas/core/algorithms.py::1995,0.842655
pandas/core/algorithms.py::1997,0.842655
pandas/core/algorithms.py::1999,0.842655
pandas/core/algorithms.py::2002,0.842655
pandas/core/algorithms.py::2009,0.842655
pandas/core/algorithms.py::2011,0.842655
pandas/core/algorithms.py::2012,0.842655
pandas/core/algorithms.py::2013,0.842655
pandas/core/algorithms.py::2016,0.842655
pandas/core/algorithms.py::2028,0.842655
pandas/core/algorithms.py::2031,0.842655
pandas/core/algorithms.py::207,0.842655
pandas/core/algorithms.py::471,0.842655
pandas/core/algorithms.py::473,0.842655
pandas/core/algorithms.py::474,0.842655
pandas/core/algorithms.py::476,0.842655
pandas/core/algorithms.py::477,0.842655
pandas/core/algorithms.py::610,0.842655
pandas/core/algorithms.py::611,0.842655
pandas/core/algorithms.py::613,0.842655
pandas/core/algorithms.py::629,0.842655
pandas/core/algorithms.py::630,0.842655
pandas/core/algorithms.py::631,0.842655
pandas/core/algorithms.py::634,0.842655
pandas/core/algorithms.py::637,0.842655
pandas/core/algorithms.py::639,0.842655
pandas/core/algorithms.py::644,0.842655
pandas/core/arrays/categorical.py::1995,0.842655
pandas/core/arrays/categorical.py::1996,0.842655
pandas/core/arrays/categorical.py::1999,0.842655
pandas/core/arrays/categorical.py::350,0.842655
pandas/core/arrays/categorical.py::351,0.842655
pandas/core/arrays/categorical.py::370,0.842655
pandas/core/generic.py::5304,0.842655
pandas/core/generic.py::5305,0.842655
pandas/core/generic.py::5306,0.842655
pandas/core/generic.py::5308,0.842655
pandas/core/generic.py::5313,0.842655
pandas/core/generic.py::5314,0.842655
pandas/core/generic.py::5316,0.842655
pandas/core/indexes/category.py::239,0.842655
pandas/core/internals/managers.py::1208,0.842655
pandas/core/internals/managers.py::1217,0.842655
pandas/core/internals/managers.py::1220,0.842655
pandas/core/internals/managers.py::1223,0.842655
pandas/core/internals/managers.py::1226,0.842655
pandas/core/internals/managers.py::1240,0.842655
pandas/core/internals/managers.py::1241,0.842655
pandas/core/internals/managers.py::1242,0.842655
pandas/core/internals/managers.py::905,0.842655
pandas/core/internals/managers.py::906,0.842655
pandas/core/series.py::210,0.842655
pandas/util/testing.py::609,0.842655
pandas/core/arrays/categorical.py::1274,0.841848
pandas/core/arrays/categorical.py::1275,0.841848
pandas/core/dtypes/cast.py::401,0.841848
pandas/core/dtypes/cast.py::404,0.841848
pandas/core/common.py::287,0.838637
pandas/core/common.py::288,0.838637
pandas/core/common.py::289,0.838637
pandas/core/common.py::290,0.838637
pandas/core/dtypes/dtypes.py::413,0.838637
pandas/core/dtypes/dtypes.py::420,0.838637
pandas/core/frame.py::2608,0.838637
pandas/core/frame.py::2625,0.838637
pandas/core/frame.py::2631,0.838637
pandas/core/frame.py::2633,0.838637
pandas/core/frame.py::2635,0.838637
pandas/core/frame.py::2638,0.838637
pandas/core/frame.py::2640,0.838637
pandas/core/frame.py::537,0.838637
pandas/core/generic.py::1878,0.838637
pandas/core/generic.py::421,0.838637
pandas/core/generic.py::422,0.838637
pandas/core/generic.py::423,0.838637
pandas/core/generic.py::424,0.838637
pandas/core/indexes/base.py::1686,0.838637
pandas/core/indexes/base.py::2766,0.838637
pandas/core/indexes/base.py::2767,0.838637
pandas/core/indexes/base.py::2768,0.838637
pandas/core/indexes/base.py::2774,0.838637
pandas/core/indexes/base.py::2777,0.838637
pandas/core/indexes/base.py::2778,0.838637
pandas/core/indexes/base.py::2783,0.838637
pandas/core/indexes/base.py::2790,0.838637
pandas/core/indexes/base.py::2795,0.838637
pandas/core/indexes/base.py::2797,0.838637
pandas/core/indexes/base.py::2800,0.838637
pandas/core/indexes/base.py::2805,0.838637
pandas/core/indexes/base.py::2811,0.838637
pandas/core/indexes/base.py::2813,0.838637
pandas/core/indexes/base.py::5427,0.838637
pandas/core/indexes/category.py::363,0.838637
pandas/core/indexing.py::1295,0.838637
pandas/core/indexing.py::1894,0.838637
pandas/core/indexing.py::1895,0.838637
pandas/core/indexing.py::1896,0.838637
pandas/core/indexing.py::1897,0.838637
pandas/core/indexing.py::1934,0.838637
pandas/core/indexing.py::1937,0.838637
pandas/core/indexing.py::1938,0.838637
pandas/core/indexing.py::1939,0.838637
pandas/core/indexing.py::1975,0.838637
pandas/core/indexing.py::1976,0.838637
pandas/core/indexing.py::1977,0.838637
pandas/core/indexing.py::227,0.838637
pandas/core/indexing.py::228,0.838637
pandas/core/indexing.py::230,0.838637
pandas/core/indexing.py::231,0.838637
pandas/core/indexing.py::2404,0.838637
pandas/core/indexing.py::244,0.838637
pandas/core/indexing.py::246,0.838637
pandas/core/indexing.py::897,0.838637
pandas/core/indexing.py::902,0.838637
pandas/core/indexing.py::906,0.838637
pandas/core/indexing.py::909,0.838637
pandas/core/indexing.py::914,0.838637
pandas/core/indexing.py::917,0.838637
pandas/core/indexing.py::918,0.838637
pandas/core/indexing.py::919,0.838637
pandas/core/indexing.py::922,0.838637
pandas/core/indexing.py::925,0.838637
pandas/core/indexing.py::931,0.838637
pandas/core/indexing.py::936,0.838637
pandas/core/indexing.py::943,0.838637
pandas/core/indexing.py::944,0.838637
pandas/core/indexing.py::948,0.838637
pandas/core/indexing.py::949,0.838637
pandas/core/internals/blocks.py::259,0.838637
pandas/util/testing.py::1292,0.838637
pandas/util/testing.py::1295,0.838637
pandas/util/testing.py::1297,0.838637
pandas/util/testing.py::1298,0.838637
pandas/util/testing.py::1302,0.838637
pandas/util/testing.py::1307,0.838637
pandas/util/testing.py::1311,0.838637
pandas/util/testing.py::1312,0.838637
pandas/util/testing.py::1313,0.838637
pandas/util/testing.py::1314,0.838637
pandas/util/testing.py::1315,0.838637
pandas/util/testing.py::1316,0.838637
pandas/util/testing.py::1317,0.838637
pandas/util/testing.py::1318,0.838637
pandas/util/testing.py::1319,0.838637
pandas/util/testing.py::1323,0.838637
pandas/util/testing.py::1324,0.838637
pandas/util/testing.py::1325,0.838637
pandas/util/testing.py::1326,0.838637
pandas/util/testing.py::1327,0.838637
pandas/util/testing.py::1328,0.838637
pandas/util/testing.py::1329,0.838637
pandas/util/testing.py::1330,0.838637
pandas/util/testing.py::1331,0.838637
pandas/util/testing.py::1335,0.838637
pandas/util/testing.py::1347,0.838637
pandas/util/testing.py::1348,0.838637
pandas/util/testing.py::1349,0.838637
pandas/util/testing.py::1350,0.838637
pandas/util/testing.py::1351,0.838637
pandas/util/testing.py::1352,0.838637
pandas/util/testing.py::1353,0.838637
pandas/util/testing.py::1354,0.838637
pandas/util/testing.py::1355,0.838637
pandas/util/testing.py::1356,0.838637
pandas/util/testing.py::1357,0.838637
pandas/util/testing.py::1358,0.838637
pandas/util/testing.py::1359,0.838637
pandas/util/testing.py::1360,0.838637
pandas/util/testing.py::1361,0.838637
pandas/util/testing.py::611,0.838637
pandas/util/testing.py::816,0.838637
pandas/util/testing.py::818,0.838637
pandas/util/testing.py::819,0.838637
pandas/util/testing.py::820,0.838637
pandas/util/testing.py::821,0.838637
pandas/util/testing.py::835,0.838637
pandas/core/arrays/categorical.py::440,0.837946
pandas/core/arrays/categorical.py::1994,0.834676
pandas/core/frame.py::515,0.834676
pandas/core/generic.py::390,0.834676
pandas/core/generic.py::391,0.834676
pandas/core/generic.py::392,0.834676
pandas/core/generic.py::393,0.834676
pandas/core/generic.py::476,0.834676
pandas/core/indexes/base.py::1753,0.834676
pandas/core/indexes/base.py::1757,0.834676
pandas/core/indexing.py::1289,0.834676
pandas/core/indexing.py::1290,0.834676
pandas/core/indexing.py::156,0.834676
pandas/core/indexing.py::1880,0.834676
pandas/core/indexing.py::1969,0.834676
pandas/core/indexing.py::1970,0.834676
pandas/core/indexing.py::2041,0.834676
pandas/core/indexing.py::2042,0.834676
pandas/core/indexing.py::2046,0.834676
pandas/core/indexing.py::2048,0.834676
pandas/core/internals/blocks.py::220,0.834676
pandas/core/internals/blocks.py::349,0.834676
pandas/core/internals/managers.py::316,0.834676
pandas/core/missing.py::609,0.834676
pandas/core/missing.py::75,0.834676
pandas/core/missing.py::76,0.834676
pandas/core/series.py::535,0.834676
pandas/util/testing.py::1086,0.834676
pandas/util/testing.py::1089,0.834676
pandas/util/testing.py::1091,0.834676
pandas/util/testing.py::1094,0.834676
pandas/util/testing.py::1098,0.834676
pandas/util/testing.py::1104,0.834676
pandas/util/testing.py::1105,0.834676
pandas/util/testing.py::1106,0.834676
pandas/util/testing.py::1107,0.834676
pandas/util/testing.py::1108,0.834676
pandas/util/testing.py::1109,0.834676
pandas/util/testing.py::1110,0.834676
pandas/util/testing.py::1111,0.834676
pandas/util/testing.py::1112,0.834676
pandas/util/testing.py::1115,0.834676
pandas/util/testing.py::1120,0.834676
pandas/util/testing.py::1126,0.834676
pandas/util/testing.py::1128,0.834676
pandas/util/testing.py::1135,0.834676
pandas/util/testing.py::1155,0.834676
pandas/util/testing.py::1157,0.834676
pandas/util/testing.py::1163,0.834676
pandas/util/testing.py::1170,0.834676
pandas/util/testing.py::1171,0.834676
pandas/util/testing.py::1172,0.834676
pandas/util/testing.py::1173,0.834676
pandas/util/testing.py::1174,0.834676
pandas/util/testing.py::1175,0.834676
pandas/util/testing.py::1179,0.834676
pandas/util/testing.py::1180,0.834676
pandas/util/testing.py::1182,0.834676
pandas/util/testing.py::1183,0.834676
pandas/util/testing.py::666,0.834676
pandas/util/testing.py::671,0.834676
pandas/util/testing.py::672,0.834676
pandas/util/testing.py::673,0.834676
pandas/util/testing.py::674,0.834676
pandas/util/testing.py::675,0.834676
pandas/util/testing.py::676,0.834676
pandas/util/testing.py::677,0.834676
pandas/util/testing.py::678,0.834676
pandas/core/generic.py::403,0.834097
pandas/core/generic.py::404,0.834097
pandas/core/generic.py::408,0.834097
pandas/core/generic.py::409,0.834097
pandas/core/generic.py::415,0.834097
pandas/core/generic.py::416,0.834097
pandas/core/indexing.py::1288,0.834097
pandas/core/common.py::122,0.830771
pandas/core/common.py::139,0.830771
pandas/core/dtypes/cast.py::417,0.830771
pandas/core/dtypes/cast.py::421,0.830771
pandas/core/dtypes/cast.py::422,0.830771
pandas/core/dtypes/cast.py::425,0.830771
pandas/core/dtypes/cast.py::426,0.830771
pandas/core/dtypes/cast.py::498,0.830771
pandas/core/dtypes/missing.py::443,0.830771
pandas/core/indexing.py::2025,0.830771
pandas/core/indexing.py::2028,0.830771
pandas/core/indexing.py::2031,0.830771
pandas/core/indexing.py::2036,0.830771
pandas/core/internals/managers.py::1540,0.830771
pandas/core/series.py::489,0.830771
pandas/core/base.py::1075,0.830301
pandas/core/base.py::1077,0.830301
pandas/core/base.py::1080,0.830301
pandas/core/common.py::146,0.826920
pandas/core/dtypes/dtypes.py::332,0.826920
pandas/core/dtypes/inference.py::67,0.826920
pandas/core/indexers.py::26,0.826920
pandas/core/indexes/base.py::1235,0.826920
pandas/core/indexes/base.py::5404,0.826920
pandas/core/indexes/base.py::5407,0.826920
pandas/core/indexes/base.py::5412,0.826920
pandas/core/indexes/base.py::5432,0.826920
pandas/core/indexes/frozen.py::77,0.826920
pandas/core/indexes/frozen.py::78,0.826920
pandas/core/indexes/frozen.py::79,0.826920
pandas/util/testing.py::597,0.826920
pandas/util/testing.py::599,0.826920
pandas/util/testing.py::600,0.826920
pandas/util/testing.py::601,0.826920
pandas/util/testing.py::604,0.826920
pandas/util/testing.py::605,0.826920
pandas/util/testing.py::608,0.826920
pandas/util/testing.py::613,0.826920
pandas/util/testing.py::622,0.826920
pandas/util/testing.py::625,0.826920
pandas/util/testing.py::628,0.826920
pandas/util/testing.py::635,0.826920
pandas/util/testing.py::642,0.826920
pandas/util/testing.py::665,0.826920
pandas/util/testing.py::682,0.826920
pandas/util/testing.py::683,0.826920
pandas/util/testing.py::684,0.826920
pandas/util/testing.py::686,0.826920
pandas/util/testing.py::689,0.826920
pandas/util/testing.py::690,0.826920
pandas/util/testing.py::709,0.826920
pandas/util/testing.py::742,0.826920
pandas/util/testing.py::750,0.826920
pandas/util/testing.py::751,0.826920
pandas/util/testing.py::755,0.826920
pandas/util/testing.py::758,0.826920
pandas/util/testing.py::759,0.826920
pandas/core/algorithms.py::1978,0.824950
pandas/core/algorithms.py::1979,0.824950
pandas/core/algorithms.py::1980,0.824950
pandas/core/algorithms.py::1432,0.822863
pandas/core/algorithms.py::1645,0.822863
pandas/core/indexes/base.py::3740,0.822863
pandas/util/testing.py::715,0.819376
pandas/util/testing.py::716,0.819376
pandas/util/testing.py::935,0.819376
pandas/util/testing.py::939,0.819376
pandas/util/testing.py::941,0.819376
pandas/util/testing.py::943,0.819376
pandas/util/testing.py::944,0.819376
pandas/util/testing.py::946,0.819376
pandas/util/testing.py::947,0.819376
pandas/util/testing.py::949,0.819376
pandas/util/testing.py::952,0.819376
pandas/util/testing.py::956,0.819376
pandas/util/testing.py::976,0.819376
pandas/util/testing.py::979,0.819376
pandas/util/testing.py::980,0.819376
pandas/util/testing.py::981,0.819376
pandas/core/algorithms.py::1429,0.819217
pandas/core/algorithms.py::1430,0.819217
pandas/core/algorithms.py::1431,0.819217
pandas/core/algorithms.py::1438,0.819217
pandas/core/algorithms.py::1439,0.819217
pandas/core/algorithms.py::1589,0.819217
pandas/core/algorithms.py::1591,0.819217
pandas/core/algorithms.py::1594,0.819217
pandas/core/algorithms.py::1595,0.819217
pandas/core/algorithms.py::1597,0.819217
pandas/core/algorithms.py::1601,0.819217
pandas/core/algorithms.py::1602,0.819217
pandas/core/algorithms.py::1608,0.819217
pandas/core/algorithms.py::1609,0.819217
pandas/core/algorithms.py::1623,0.819217
pandas/core/algorithms.py::1624,0.819217
pandas/core/algorithms.py::1628,0.819217
pandas/core/algorithms.py::1636,0.819217
pandas/core/algorithms.py::1637,0.819217
pandas/core/algorithms.py::1638,0.819217
pandas/core/algorithms.py::1639,0.819217
pandas/core/algorithms.py::1640,0.819217
pandas/core/algorithms.py::1649,0.819217
pandas/core/algorithms.py::1650,0.819217
pandas/core/algorithms.py::1652,0.819217
pandas/core/algorithms.py::1654,0.819217
pandas/core/algorithms.py::1656,0.819217
pandas/core/dtypes/cast.py::340,0.819217
pandas/core/dtypes/cast.py::346,0.819217
pandas/core/dtypes/cast.py::364,0.819217
pandas/core/dtypes/cast.py::375,0.819217
pandas/core/dtypes/cast.py::394,0.819217
pandas/core/dtypes/cast.py::397,0.819217
pandas/core/dtypes/cast.py::400,0.819217
pandas/core/dtypes/cast.py::463,0.819217
pandas/core/dtypes/cast.py::465,0.819217
pandas/core/dtypes/cast.py::468,0.819217
pandas/core/dtypes/cast.py::469,0.819217
pandas/core/dtypes/cast.py::490,0.819217
pandas/core/dtypes/cast.py::492,0.819217
pandas/core/dtypes/common.py::1347,0.819217
pandas/core/dtypes/common.py::1348,0.819217
pandas/core/dtypes/inference.py::250,0.815681
pandas/core/arrays/categorical.py::421,0.815620
pandas/core/dtypes/common.py::1170,0.815620
pandas/core/dtypes/common.py::1343,0.815620
pandas/core/dtypes/common.py::1346,0.815620
pandas/_config/config.py::111,0.812070
pandas/_config/config.py::112,0.812070
pandas/_config/config.py::116,0.812070
pandas/_config/config.py::118,0.812070
pandas/_config/config.py::122,0.812070
pandas/_config/config.py::123,0.812070
pandas/_config/config.py::125,0.812070
pandas/_config/config.py::126,0.812070
pandas/_config/config.py::127,0.812070
pandas/_config/config.py::130,0.812070
pandas/_config/config.py::131,0.812070
pandas/_config/config.py::133,0.812070
pandas/_config/config.py::233,0.812070
pandas/_config/config.py::541,0.812070
pandas/_config/config.py::545,0.812070
pandas/_config/config.py::546,0.812070
pandas/_config/config.py::549,0.812070
pandas/_config/config.py::553,0.812070
pandas/_config/config.py::554,0.812070
pandas/_config/config.py::555,0.812070
pandas/_config/config.py::556,0.812070
pandas/_config/config.py::557,0.812070
pandas/_config/config.py::576,0.812070
pandas/_config/config.py::577,0.812070
pandas/_config/config.py::578,0.812070
pandas/_config/config.py::579,0.812070
pandas/_config/config.py::592,0.812070
pandas/_config/config.py::601,0.812070
pandas/_config/config.py::602,0.812070
pandas/_config/config.py::605,0.812070
pandas/_config/config.py::617,0.812070
pandas/_config/config.py::618,0.812070
pandas/_config/config.py::633,0.812070
pandas/_config/config.py::806,0.812070
pandas/_config/config.py::84,0.812070
pandas/_config/config.py::85,0.812070
pandas/_config/config.py::89,0.812070
pandas/_config/config.py::91,0.812070
pandas/_config/config.py::93,0.812070
pandas/_config/config.py::94,0.812070
pandas/_config/config.py::96,0.812070
pandas/_config/config.py::98,0.812070
pandas/conftest.py::49,0.812070
pandas/conftest.py::52,0.812070
pandas/conftest.py::55,0.812070
pandas/conftest.py::58,0.812070
pandas/conftest.py::61,0.812070
pandas/conftest.py::72,0.812070
pandas/conftest.py::80,0.812070
pandas/conftest.py::81,0.812070
pandas/core/algorithms.py::238,0.812070
pandas/core/algorithms.py::241,0.812070
pandas/core/algorithms.py::242,0.812070
pandas/core/algorithms.py::246,0.812070
pandas/core/algorithms.py::248,0.812070
pandas/core/algorithms.py::249,0.812070
pandas/core/algorithms.py::251,0.812070
pandas/core/algorithms.py::267,0.812070
pandas/core/algorithms.py::268,0.812070
pandas/core/algorithms.py::273,0.812070
pandas/core/algorithms.py::274,0.812070
pandas/core/algorithms.py::275,0.812070
pandas/core/algorithms.py::85,0.812070
pandas/core/algorithms.py::87,0.812070
pandas/core/algorithms.py::88,0.812070
pandas/core/algorithms.py::90,0.812070
pandas/core/algorithms.py::91,0.812070
pandas/core/algorithms.py::95,0.812070
pandas/core/algorithms.py::96,0.812070
pandas/core/arrays/categorical.py::1869,0.812070
pandas/core/arrays/categorical.py::2529,0.812070
pandas/core/arrays/categorical.py::2531,0.812070
pandas/core/arrays/categorical.py::2534,0.812070
pandas/core/arrays/categorical.py::2535,0.812070
pandas/core/arrays/categorical.py::2550,0.812070
pandas/core/arrays/categorical.py::2551,0.812070
pandas/core/arrays/categorical.py::2552,0.812070
pandas/core/arrays/categorical.py::2553,0.812070
pandas/core/arrays/categorical.py::2554,0.812070
pandas/core/arrays/categorical.py::312,0.812070
pandas/core/arrays/categorical.py::313,0.812070
pandas/core/arrays/categorical.py::319,0.812070
pandas/core/arrays/categorical.py::320,0.812070
pandas/core/arrays/categorical.py::321,0.812070
pandas/core/arrays/categorical.py::322,0.812070
pandas/core/arrays/categorical.py::326,0.812070
pandas/core/arrays/categorical.py::329,0.812070
pandas/core/arrays/categorical.py::332,0.812070
pandas/core/arrays/categorical.py::335,0.812070
pandas/core/arrays/categorical.py::336,0.812070
pandas/core/arrays/categorical.py::349,0.812070
pandas/core/arrays/categorical.py::372,0.812070
pandas/core/arrays/categorical.py::381,0.812070
pandas/core/arrays/categorical.py::383,0.812070
pandas/core/arrays/categorical.py::389,0.812070
pandas/core/arrays/categorical.py::390,0.812070
pandas/core/arrays/categorical.py::447,0.812070
pandas/core/arrays/categorical.py::455,0.812070
pandas/core/arrays/categorical.py::469,0.812070
pandas/core/arrays/categorical.py::470,0.812070
pandas/core/arrays/categorical.py::661,0.812070
pandas/core/arrays/categorical.py::662,0.812070
pandas/core/arrays/categorical.py::663,0.812070
pandas/core/base.py::674,0.812070
pandas/core/base.py::775,0.812070
pandas/core/base.py::777,0.812070
pandas/core/base.py::781,0.812070
pandas/core/base.py::786,0.812070
pandas/core/base.py::791,0.812070
pandas/core/base.py::899,0.812070
pandas/core/base.py::904,0.812070
pandas/core/common.py::120,0.812070
pandas/core/common.py::121,0.812070
pandas/core/common.py::124,0.812070
pandas/core/common.py::132,0.812070
pandas/core/common.py::135,0.812070
pandas/core/common.py::138,0.812070
pandas/core/common.py::162,0.812070
pandas/core/common.py::164,0.812070
pandas/core/common.py::185,0.812070
pandas/core/common.py::219,0.812070
pandas/core/common.py::221,0.812070
pandas/core/common.py::224,0.812070
pandas/core/common.py::225,0.812070
pandas/core/common.py::227,0.812070
pandas/core/common.py::229,0.812070
pandas/core/common.py::232,0.812070
pandas/core/common.py::237,0.812070
pandas/core/common.py::277,0.812070
pandas/core/common.py::279,0.812070
pandas/core/common.py::340,0.812070
pandas/core/common.py::343,0.812070
pandas/core/construction.py::379,0.812070
pandas/core/construction.py::380,0.812070
pandas/core/construction.py::382,0.812070
pandas/core/construction.py::385,0.812070
pandas/core/construction.py::395,0.812070
pandas/core/construction.py::398,0.812070
pandas/core/construction.py::408,0.812070
pandas/core/construction.py::411,0.812070
pandas/core/construction.py::413,0.812070
pandas/core/construction.py::424,0.812070
pandas/core/construction.py::426,0.812070
pandas/core/construction.py::436,0.812070
pandas/core/construction.py::437,0.812070
pandas/core/construction.py::440,0.812070
pandas/core/construction.py::442,0.812070
pandas/core/construction.py::452,0.812070
pandas/core/construction.py::471,0.812070
pandas/core/construction.py::472,0.812070
pandas/core/construction.py::475,0.812070
pandas/core/construction.py::486,0.812070
pandas/core/construction.py::489,0.812070
pandas/core/construction.py::498,0.812070
pandas/core/construction.py::499,0.812070
pandas/core/construction.py::500,0.812070
pandas/core/construction.py::508,0.812070
pandas/core/construction.py::532,0.812070
pandas/core/construction.py::533,0.812070
pandas/core/construction.py::536,0.812070
pandas/core/construction.py::539,0.812070
pandas/core/construction.py::542,0.812070
pandas/core/construction.py::545,0.812070
pandas/core/construction.py::550,0.812070
pandas/core/construction.py::551,0.812070
pandas/core/construction.py::572,0.812070
pandas/core/construction.py::589,0.812070
pandas/core/construction.py::590,0.812070
pandas/core/construction.py::591,0.812070
pandas/core/construction.py::592,0.812070
pandas/core/dtypes/base.py::123,0.812070
pandas/core/dtypes/base.py::267,0.812070
pandas/core/dtypes/base.py::269,0.812070
pandas/core/dtypes/base.py::274,0.812070
pandas/core/dtypes/base.py::275,0.812070
pandas/core/dtypes/base.py::277,0.812070
pandas/core/dtypes/base.py::278,0.812070
pandas/core/dtypes/base.py::279,0.812070
pandas/core/dtypes/base.py::280,0.812070
pandas/core/dtypes/base.py::281,0.812070
pandas/core/dtypes/base.py::282,0.812070
pandas/core/dtypes/cast.py::1021,0.812070
pandas/core/dtypes/cast.py::1022,0.812070
pandas/core/dtypes/cast.py::1025,0.812070
pandas/core/dtypes/cast.py::1029,0.812070
pandas/core/dtypes/cast.py::1031,0.812070
pandas/core/dtypes/cast.py::1033,0.812070
pandas/core/dtypes/cast.py::1036,0.812070
pandas/core/dtypes/cast.py::1037,0.812070
pandas/core/dtypes/cast.py::1039,0.812070
pandas/core/dtypes/cast.py::1040,0.812070
pandas/core/dtypes/cast.py::1043,0.812070
pandas/core/dtypes/cast.py::1046,0.812070
pandas/core/dtypes/cast.py::1071,0.812070
pandas/core/dtypes/cast.py::1082,0.812070
pandas/core/dtypes/cast.py::1084,0.812070
pandas/core/dtypes/cast.py::1086,0.812070
pandas/core/dtypes/cast.py::1088,0.812070
pandas/core/dtypes/cast.py::1090,0.812070
pandas/core/dtypes/cast.py::1106,0.812070
pandas/core/dtypes/cast.py::1113,0.812070
pandas/core/dtypes/cast.py::1114,0.812070
pandas/core/dtypes/cast.py::1116,0.812070
pandas/core/dtypes/cast.py::1215,0.812070
pandas/core/dtypes/cast.py::1219,0.812070
pandas/core/dtypes/cast.py::1232,0.812070
pandas/core/dtypes/cast.py::1234,0.812070
pandas/core/dtypes/cast.py::1237,0.812070
pandas/core/dtypes/cast.py::1239,0.812070
pandas/core/dtypes/cast.py::1378,0.812070
pandas/core/dtypes/cast.py::1379,0.812070
pandas/core/dtypes/cast.py::1380,0.812070
pandas/core/dtypes/cast.py::1407,0.812070
pandas/core/dtypes/cast.py::1409,0.812070
pandas/core/dtypes/cast.py::1421,0.812070
pandas/core/dtypes/cast.py::65,0.812070
pandas/core/dtypes/cast.py::66,0.812070
pandas/core/dtypes/cast.py::67,0.812070
pandas/core/dtypes/cast.py::68,0.812070
pandas/core/dtypes/cast.py::70,0.812070
pandas/core/dtypes/cast.py::72,0.812070
pandas/core/dtypes/cast.py::724,0.812070
pandas/core/dtypes/cast.py::725,0.812070
pandas/core/dtypes/cast.py::726,0.812070
pandas/core/dtypes/cast.py::993,0.812070
pandas/core/dtypes/cast.py::994,0.812070
pandas/core/dtypes/cast.py::996,0.812070
pandas/core/dtypes/cast.py::999,0.812070
pandas/core/dtypes/common.py::1048,0.812070
pandas/core/dtypes/common.py::1049,0.812070
pandas/core/dtypes/common.py::1050,0.812070
pandas/core/dtypes/common.py::1091,0.812070
pandas/core/dtypes/common.py::1093,0.812070
pandas/core/dtypes/common.py::1094,0.812070
pandas/core/dtypes/common.py::1100,0.812070
pandas/core/dtypes/common.py::1131,0.812070
pandas/core/dtypes/common.py::1424,0.812070
pandas/core/dtypes/common.py::1458,0.812070
pandas/core/dtypes/common.py::1501,0.812070
pandas/core/dtypes/common.py::1502,0.812070
pandas/core/dtypes/common.py::1503,0.812070
pandas/core/dtypes/common.py::1504,0.812070
pandas/core/dtypes/common.py::1508,0.812070
pandas/core/dtypes/common.py::1512,0.812070
pandas/core/dtypes/common.py::1519,0.812070
pandas/core/dtypes/common.py::1523,0.812070
pandas/core/dtypes/common.py::1636,0.812070
pandas/core/dtypes/common.py::1637,0.812070
pandas/core/dtypes/common.py::1689,0.812070
pandas/core/dtypes/common.py::1691,0.812070
pandas/core/dtypes/common.py::1692,0.812070
pandas/core/dtypes/common.py::1695,0.812070
pandas/core/dtypes/common.py::1718,0.812070
pandas/core/dtypes/common.py::1722,0.812070
pandas/core/dtypes/common.py::1723,0.812070
pandas/core/dtypes/common.py::1724,0.812070
pandas/core/dtypes/common.py::1725,0.812070
pandas/core/dtypes/common.py::1728,0.812070
pandas/core/dtypes/common.py::1729,0.812070
pandas/core/dtypes/common.py::1731,0.812070
pandas/core/dtypes/common.py::1749,0.812070
pandas/core/dtypes/common.py::1750,0.812070
pandas/core/dtypes/common.py::1753,0.812070
pandas/core/dtypes/common.py::1754,0.812070
pandas/core/dtypes/common.py::1755,0.812070
pandas/core/dtypes/common.py::1761,0.812070
pandas/core/dtypes/common.py::1762,0.812070
pandas/core/dtypes/common.py::1765,0.812070
pandas/core/dtypes/common.py::1766,0.812070
pandas/core/dtypes/common.py::1768,0.812070
pandas/core/dtypes/common.py::1769,0.812070
pandas/core/dtypes/common.py::1776,0.812070
pandas/core/dtypes/common.py::1887,0.812070
pandas/core/dtypes/common.py::1889,0.812070
pandas/core/dtypes/common.py::1890,0.812070
pandas/core/dtypes/common.py::195,0.812070
pandas/core/dtypes/common.py::199,0.812070
pandas/core/dtypes/common.py::200,0.812070
pandas/core/dtypes/common.py::201,0.812070
pandas/core/dtypes/common.py::202,0.812070
pandas/core/dtypes/common.py::205,0.812070
pandas/core/dtypes/common.py::210,0.812070
pandas/core/dtypes/common.py::218,0.812070
pandas/core/dtypes/common.py::219,0.812070
pandas/core/dtypes/common.py::220,0.812070
pandas/core/dtypes/common.py::251,0.812070
pandas/core/dtypes/common.py::296,0.812070
pandas/core/dtypes/common.py::298,0.812070
pandas/core/dtypes/common.py::299,0.812070
pandas/core/dtypes/common.py::371,0.812070
pandas/core/dtypes/common.py::433,0.812070
pandas/core/dtypes/common.py::469,0.812070
pandas/core/dtypes/common.py::471,0.812070
pandas/core/dtypes/common.py::502,0.812070
pandas/core/dtypes/common.py::534,0.812070
pandas/core/dtypes/common.py::536,0.812070
pandas/core/dtypes/common.py::570,0.812070
pandas/core/dtypes/common.py::571,0.812070
pandas/core/dtypes/common.py::572,0.812070
pandas/core/dtypes/common.py::603,0.812070
pandas/core/dtypes/common.py::604,0.812070
pandas/core/dtypes/common.py::605,0.812070
pandas/core/dtypes/common.py::638,0.812070
pandas/core/dtypes/common.py::639,0.812070
pandas/core/dtypes/common.py::641,0.812070
pandas/core/dtypes/common.py::739,0.812070
pandas/core/dtypes/common.py::740,0.812070
pandas/core/dtypes/common.py::741,0.812070
pandas/core/dtypes/common.py::742,0.812070
pandas/core/dtypes/common.py::853,0.812070
pandas/core/dtypes/common.py::910,0.812070
pandas/core/dtypes/common.py::957,0.812070
pandas/core/dtypes/common.py::958,0.812070
pandas/core/dtypes/dtypes.py::1049,0.812070
pandas/core/dtypes/dtypes.py::1050,0.812070
pandas/core/dtypes/dtypes.py::1051,0.812070
pandas/core/dtypes/dtypes.py::1102,0.812070
pandas/core/dtypes/dtypes.py::1113,0.812070
pandas/core/dtypes/dtypes.py::137,0.812070
pandas/core/dtypes/dtypes.py::224,0.812070
pandas/core/dtypes/dtypes.py::238,0.812070
pandas/core/dtypes/dtypes.py::239,0.812070
pandas/core/dtypes/dtypes.py::309,0.812070
pandas/core/dtypes/dtypes.py::311,0.812070
pandas/core/dtypes/dtypes.py::313,0.812070
pandas/core/dtypes/dtypes.py::318,0.812070
pandas/core/dtypes/dtypes.py::322,0.812070
pandas/core/dtypes/dtypes.py::325,0.812070
pandas/core/dtypes/dtypes.py::326,0.812070
pandas/core/dtypes/dtypes.py::334,0.812070
pandas/core/dtypes/dtypes.py::356,0.812070
pandas/core/dtypes/dtypes.py::357,0.812070
pandas/core/dtypes/dtypes.py::367,0.812070
pandas/core/dtypes/dtypes.py::368,0.812070
pandas/core/dtypes/dtypes.py::370,0.812070
pandas/core/dtypes/dtypes.py::371,0.812070
pandas/core/dtypes/dtypes.py::373,0.812070
pandas/core/dtypes/dtypes.py::374,0.812070
pandas/core/dtypes/dtypes.py::407,0.812070
pandas/core/dtypes/dtypes.py::409,0.812070
pandas/core/dtypes/dtypes.py::410,0.812070
pandas/core/dtypes/dtypes.py::411,0.812070
pandas/core/dtypes/dtypes.py::412,0.812070
pandas/core/dtypes/dtypes.py::515,0.812070
pandas/core/dtypes/dtypes.py::533,0.812070
pandas/core/dtypes/dtypes.py::535,0.812070
pandas/core/dtypes/dtypes.py::539,0.812070
pandas/core/dtypes/dtypes.py::540,0.812070
pandas/core/dtypes/dtypes.py::542,0.812070
pandas/core/dtypes/dtypes.py::544,0.812070
pandas/core/dtypes/dtypes.py::547,0.812070
pandas/core/dtypes/dtypes.py::550,0.812070
pandas/core/dtypes/dtypes.py::553,0.812070
pandas/core/dtypes/dtypes.py::570,0.812070
pandas/core/dtypes/dtypes.py::573,0.812070
pandas/core/dtypes/dtypes.py::580,0.812070
pandas/core/dtypes/dtypes.py::584,0.812070
pandas/core/dtypes/dtypes.py::586,0.812070
pandas/core/dtypes/dtypes.py::588,0.812070
pandas/core/dtypes/dtypes.py::595,0.812070
pandas/core/dtypes/dtypes.py::602,0.812070
pandas/core/dtypes/dtypes.py::734,0.812070
pandas/core/dtypes/dtypes.py::749,0.812070
pandas/core/dtypes/dtypes.py::876,0.812070
pandas/core/dtypes/dtypes.py::878,0.812070
pandas/core/dtypes/dtypes.py::886,0.812070
pandas/core/dtypes/dtypes.py::89,0.812070
pandas/core/dtypes/dtypes.py::90,0.812070
pandas/core/dtypes/dtypes.py::91,0.812070
pandas/core/dtypes/dtypes.py::92,0.812070
pandas/core/dtypes/dtypes.py::922,0.812070
pandas/core/dtypes/dtypes.py::93,0.812070
pandas/core/dtypes/dtypes.py::935,0.812070
pandas/core/dtypes/dtypes.py::96,0.812070
pandas/core/dtypes/generic.py::9,0.812070
pandas/core/dtypes/inference.py::124,0.812070
pandas/core/dtypes/inference.py::127,0.812070
pandas/core/dtypes/inference.py::323,0.812070
pandas/core/dtypes/inference.py::325,0.812070
pandas/core/dtypes/inference.py::387,0.812070
pandas/core/dtypes/inference.py::388,0.812070
pandas/core/dtypes/inference.py::392,0.812070
pandas/core/dtypes/missing.py::126,0.812070
pandas/core/dtypes/missing.py::134,0.812070
pandas/core/dtypes/missing.py::135,0.812070
pandas/core/dtypes/missing.py::137,0.812070
pandas/core/dtypes/missing.py::139,0.812070
pandas/core/dtypes/missing.py::141,0.812070
pandas/core/dtypes/missing.py::142,0.812070
pandas/core/dtypes/missing.py::144,0.812070
pandas/core/dtypes/missing.py::145,0.812070
pandas/core/dtypes/missing.py::146,0.812070
pandas/core/dtypes/missing.py::147,0.812070
pandas/core/dtypes/missing.py::148,0.812070
pandas/core/dtypes/missing.py::149,0.812070
pandas/core/dtypes/missing.py::152,0.812070
pandas/core/dtypes/missing.py::226,0.812070
pandas/core/dtypes/missing.py::228,0.812070
pandas/core/dtypes/missing.py::231,0.812070
pandas/core/dtypes/missing.py::235,0.812070
pandas/core/dtypes/missing.py::237,0.812070
pandas/core/dtypes/missing.py::243,0.812070
pandas/core/dtypes/missing.py::245,0.812070
pandas/core/dtypes/missing.py::247,0.812070
pandas/core/dtypes/missing.py::249,0.812070
pandas/core/dtypes/missing.py::254,0.812070
pandas/core/dtypes/missing.py::255,0.812070
pandas/core/dtypes/missing.py::256,0.812070
pandas/core/dtypes/missing.py::265,0.812070
pandas/core/dtypes/missing.py::268,0.812070
pandas/core/frame.py::1024,0.812070
pandas/core/frame.py::2643,0.812070
pandas/core/frame.py::2644,0.812070
pandas/core/frame.py::2646,0.812070
pandas/core/frame.py::2648,0.812070
pandas/core/frame.py::2649,0.812070
pandas/core/frame.py::2651,0.812070
pandas/core/frame.py::2939,0.812070
pandas/core/frame.py::2940,0.812070
pandas/core/frame.py::2943,0.812070
pandas/core/frame.py::2949,0.812070
pandas/core/frame.py::2950,0.812070
pandas/core/frame.py::386,0.812070
pandas/core/frame.py::407,0.812070
pandas/core/frame.py::409,0.812070
pandas/core/frame.py::4095,0.812070
pandas/core/frame.py::4096,0.812070
pandas/core/frame.py::4097,0.812070
pandas/core/frame.py::4100,0.812070
pandas/core/frame.py::4105,0.812070
pandas/core/frame.py::4106,0.812070
pandas/core/frame.py::4107,0.812070
pandas/core/frame.py::4108,0.812070
pandas/core/frame.py::4116,0.812070
pandas/core/frame.py::4117,0.812070
pandas/core/frame.py::412,0.812070
pandas/core/frame.py::4121,0.812070
pandas/core/frame.py::4124,0.812070
pandas/core/frame.py::4127,0.812070
pandas/core/frame.py::4130,0.812070
pandas/core/frame.py::4132,0.812070
pandas/core/frame.py::4133,0.812070
pandas/core/frame.py::4134,0.812070
pandas/core/frame.py::4142,0.812070
pandas/core/frame.py::4143,0.812070
pandas/core/frame.py::4144,0.812070
pandas/core/frame.py::4148,0.812070
pandas/core/frame.py::415,0.812070
pandas/core/frame.py::4152,0.812070
pandas/core/frame.py::4155,0.812070
pandas/core/frame.py::416,0.812070
pandas/core/frame.py::4160,0.812070
pandas/core/frame.py::4161,0.812070
pandas/core/frame.py::4162,0.812070
pandas/core/frame.py::4163,0.812070
pandas/core/frame.py::4165,0.812070
pandas/core/frame.py::417,0.812070
pandas/core/frame.py::4173,0.812070
pandas/core/frame.py::4175,0.812070
pandas/core/frame.py::4180,0.812070
pandas/core/frame.py::4181,0.812070
pandas/core/frame.py::4184,0.812070
pandas/core/frame.py::4186,0.812070
pandas/core/frame.py::4188,0.812070
pandas/core/frame.py::4189,0.812070
pandas/core/frame.py::419,0.812070
pandas/core/frame.py::420,0.812070
pandas/core/frame.py::496,0.812070
pandas/core/generic.py::196,0.812070
pandas/core/generic.py::206,0.812070
pandas/core/generic.py::207,0.812070
pandas/core/generic.py::208,0.812070
pandas/core/generic.py::209,0.812070
pandas/core/generic.py::210,0.812070
pandas/core/generic.py::213,0.812070
pandas/core/generic.py::217,0.812070
pandas/core/generic.py::218,0.812070
pandas/core/generic.py::224,0.812070
pandas/core/generic.py::226,0.812070
pandas/core/generic.py::230,0.812070
pandas/core/generic.py::239,0.812070
pandas/core/generic.py::241,0.812070
pandas/core/generic.py::3266,0.812070
pandas/core/generic.py::3330,0.812070
pandas/core/generic.py::3594,0.812070
pandas/core/generic.py::3595,0.812070
pandas/core/generic.py::3596,0.812070
pandas/core/generic.py::3597,0.812070
pandas/core/generic.py::3598,0.812070
pandas/core/generic.py::3599,0.812070
pandas/core/generic.py::3600,0.812070
pandas/core/generic.py::3603,0.812070
pandas/core/generic.py::3604,0.812070
pandas/core/generic.py::3748,0.812070
pandas/core/generic.py::3750,0.812070
pandas/core/generic.py::3751,0.812070
pandas/core/generic.py::3757,0.812070
pandas/core/generic.py::3766,0.812070
pandas/core/generic.py::3770,0.812070
pandas/core/generic.py::3773,0.812070
pandas/core/generic.py::3774,0.812070
pandas/core/generic.py::519,0.812070
pandas/core/generic.py::5218,0.812070
pandas/core/generic.py::5219,0.812070
pandas/core/generic.py::5220,0.812070
pandas/core/generic.py::5222,0.812070
pandas/core/generic.py::5224,0.812070
pandas/core/generic.py::5254,0.812070
pandas/core/generic.py::5255,0.812070
pandas/core/generic.py::5256,0.812070
pandas/core/generic.py::5257,0.812070
pandas/core/generic.py::5258,0.812070
pandas/core/generic.py::5262,0.812070
pandas/core/generic.py::5263,0.812070
pandas/core/generic.py::5630,0.812070
pandas/core/generic.py::5655,0.812070
pandas/core/generic.py::5665,0.812070
pandas/core/generic.py::5666,0.812070
pandas/core/generic.py::5778,0.812070
pandas/core/generic.py::5779,0.812070
pandas/core/generic.py::644,0.812070
pandas/core/generic.py::645,0.812070
pandas/core/indexes/api.py::168,0.812070
pandas/core/indexes/api.py::170,0.812070
pandas/core/indexes/api.py::171,0.812070
pandas/core/indexes/api.py::172,0.812070
pandas/core/indexes/api.py::174,0.812070
pandas/core/indexes/base.py::1406,0.812070
pandas/core/indexes/base.py::1679,0.812070
pandas/core/indexes/base.py::1807,0.812070
pandas/core/indexes/base.py::1808,0.812070
pandas/core/indexes/base.py::1827,0.812070
pandas/core/indexes/base.py::1828,0.812070
pandas/core/indexes/base.py::1830,0.812070
pandas/core/indexes/base.py::2697,0.812070
pandas/core/indexes/base.py::2698,0.812070
pandas/core/indexes/base.py::2703,0.812070
pandas/core/indexes/base.py::2704,0.812070
pandas/core/indexes/base.py::271,0.812070
pandas/core/indexes/base.py::272,0.812070
pandas/core/indexes/base.py::273,0.812070
pandas/core/indexes/base.py::274,0.812070
pandas/core/indexes/base.py::275,0.812070
pandas/core/indexes/base.py::277,0.812070
pandas/core/indexes/base.py::280,0.812070
pandas/core/indexes/base.py::285,0.812070
pandas/core/indexes/base.py::287,0.812070
pandas/core/indexes/base.py::291,0.812070
pandas/core/indexes/base.py::292,0.812070
pandas/core/indexes/base.py::296,0.812070
pandas/core/indexes/base.py::302,0.812070
pandas/core/indexes/base.py::303,0.812070
pandas/core/indexes/base.py::304,0.812070
pandas/core/indexes/base.py::319,0.812070
pandas/core/indexes/base.py::329,0.812070
pandas/core/indexes/base.py::333,0.812070
pandas/core/indexes/base.py::345,0.812070
pandas/core/indexes/base.py::346,0.812070
pandas/core/indexes/base.py::3710,0.812070
pandas/core/indexes/base.py::3856,0.812070
pandas/core/indexes/base.py::3858,0.812070
pandas/core/indexes/base.py::3861,0.812070
pandas/core/indexes/base.py::3862,0.812070
pandas/core/indexes/base.py::3863,0.812070
pandas/core/indexes/base.py::3864,0.812070
pandas/core/indexes/base.py::389,0.812070
pandas/core/indexes/base.py::391,0.812070
pandas/core/indexes/base.py::393,0.812070
pandas/core/indexes/base.py::395,0.812070
pandas/core/indexes/base.py::3977,0.812070
pandas/core/indexes/base.py::3978,0.812070
pandas/core/indexes/base.py::3979,0.812070
pandas/core/indexes/base.py::398,0.812070
pandas/core/indexes/base.py::4002,0.812070
pandas/core/indexes/base.py::4003,0.812070
pandas/core/indexes/base.py::4005,0.812070
pandas/core/indexes/base.py::4006,0.812070
pandas/core/indexes/base.py::4007,0.812070
pandas/core/indexes/base.py::4009,0.812070
pandas/core/indexes/base.py::4014,0.812070
pandas/core/indexes/base.py::4015,0.812070
pandas/core/indexes/base.py::4017,0.812070
pandas/core/indexes/base.py::4018,0.812070
pandas/core/indexes/base.py::4019,0.812070
pandas/core/indexes/base.py::402,0.812070
pandas/core/indexes/base.py::4020,0.812070
pandas/core/indexes/base.py::405,0.812070
pandas/core/indexes/base.py::406,0.812070
pandas/core/indexes/base.py::407,0.812070
pandas/core/indexes/base.py::408,0.812070
pandas/core/indexes/base.py::409,0.812070
pandas/core/indexes/base.py::4131,0.812070
pandas/core/indexes/base.py::4132,0.812070
pandas/core/indexes/base.py::414,0.812070
pandas/core/indexes/base.py::417,0.812070
pandas/core/indexes/base.py::423,0.812070
pandas/core/indexes/base.py::426,0.812070
pandas/core/indexes/base.py::443,0.812070
pandas/core/indexes/base.py::445,0.812070
pandas/core/indexes/base.py::447,0.812070
pandas/core/indexes/base.py::449,0.812070
pandas/core/indexes/base.py::452,0.812070
pandas/core/indexes/base.py::454,0.812070
pandas/core/indexes/base.py::457,0.812070
pandas/core/indexes/base.py::466,0.812070
pandas/core/indexes/base.py::467,0.812070
pandas/core/indexes/base.py::508,0.812070
pandas/core/indexes/base.py::514,0.812070
pandas/core/indexes/base.py::515,0.812070
pandas/core/indexes/base.py::521,0.812070
pandas/core/indexes/base.py::522,0.812070
pandas/core/indexes/base.py::524,0.812070
pandas/core/indexes/base.py::5358,0.812070
pandas/core/indexes/base.py::5360,0.812070
pandas/core/indexes/base.py::5361,0.812070
pandas/core/indexes/base.py::5362,0.812070
pandas/core/indexes/base.py::5363,0.812070
pandas/core/indexes/base.py::537,0.812070
pandas/core/indexes/base.py::5400,0.812070
pandas/core/indexes/base.py::5401,0.812070
pandas/core/indexes/base.py::5403,0.812070
pandas/core/indexes/base.py::5463,0.812070
pandas/core/indexes/base.py::5465,0.812070
pandas/core/indexes/base.py::556,0.812070
pandas/core/indexes/base.py::557,0.812070
pandas/core/indexes/base.py::558,0.812070
pandas/core/indexes/base.py::559,0.812070
pandas/core/indexes/base.py::560,0.812070
pandas/core/indexes/base.py::564,0.812070
pandas/core/indexes/base.py::565,0.812070
pandas/core/indexes/base.py::570,0.812070
pandas/core/indexes/base.py::618,0.812070
pandas/core/indexes/base.py::624,0.812070
pandas/core/indexes/base.py::625,0.812070
pandas/core/indexes/base.py::628,0.812070
pandas/core/indexes/base.py::636,0.812070
pandas/core/indexes/base.py::637,0.812070
pandas/core/indexes/base.py::647,0.812070
pandas/core/indexes/base.py::671,0.812070
pandas/core/indexes/base.py::692,0.812070
pandas/core/indexes/base.py::695,0.812070
pandas/core/indexes/base.py::696,0.812070
pandas/core/indexes/base.py::697,0.812070
pandas/core/indexes/base.py::698,0.812070
pandas/core/indexes/category.py::155,0.812070
pandas/core/indexes/category.py::156,0.812070
pandas/core/indexes/category.py::157,0.812070
pandas/core/indexes/category.py::158,0.812070
pandas/core/indexes/category.py::159,0.812070
pandas/core/indexes/category.py::176,0.812070
pandas/core/indexes/category.py::178,0.812070
pandas/core/indexes/category.py::181,0.812070
pandas/core/indexes/category.py::189,0.812070
pandas/core/indexes/category.py::191,0.812070
pandas/core/indexes/category.py::193,0.812070
pandas/core/indexes/category.py::235,0.812070
pandas/core/indexes/category.py::238,0.812070
pandas/core/indexes/category.py::241,0.812070
pandas/core/indexes/category.py::244,0.812070
pandas/core/indexes/category.py::248,0.812070
pandas/core/indexes/category.py::250,0.812070
pandas/core/indexes/category.py::251,0.812070
pandas/core/indexes/category.py::252,0.812070
pandas/core/indexes/category.py::253,0.812070
pandas/core/indexes/category.py::256,0.812070
pandas/core/indexes/category.py::257,0.812070
pandas/core/indexes/category.py::384,0.812070
pandas/core/indexes/category.py::441,0.812070
pandas/core/indexes/category.py::442,0.812070
pandas/core/indexes/numeric.py::156,0.812070
pandas/core/indexes/numeric.py::49,0.812070
pandas/core/indexes/numeric.py::52,0.812070
pandas/core/indexes/numeric.py::62,0.812070
pandas/core/indexes/numeric.py::65,0.812070
pandas/core/indexes/numeric.py::69,0.812070
pandas/core/indexes/numeric.py::71,0.812070
pandas/core/indexes/numeric.py::73,0.812070
pandas/core/indexes/numeric.py::77,0.812070
pandas/core/indexes/numeric.py::78,0.812070
pandas/core/indexes/range.py::101,0.812070
pandas/core/indexes/range.py::104,0.812070
pandas/core/indexes/range.py::106,0.812070
pandas/core/indexes/range.py::107,0.812070
pandas/core/indexes/range.py::110,0.812070
pandas/core/indexes/range.py::111,0.812070
pandas/core/indexes/range.py::133,0.812070
pandas/core/indexes/range.py::136,0.812070
pandas/core/indexes/range.py::139,0.812070
pandas/core/indexes/range.py::142,0.812070
pandas/core/indexes/range.py::143,0.812070
pandas/core/indexes/range.py::145,0.812070
pandas/core/indexes/range.py::146,0.812070
pandas/core/indexes/range.py::389,0.812070
pandas/core/indexes/range.py::390,0.812070
pandas/core/indexes/range.py::391,0.812070
pandas/core/indexes/range.py::679,0.812070
pandas/core/indexes/range.py::87,0.812070
pandas/core/indexes/range.py::90,0.812070
pandas/core/indexes/range.py::96,0.812070
pandas/core/indexes/range.py::99,0.812070
pandas/core/internals/blocks.py::112,0.812070
pandas/core/internals/blocks.py::113,0.812070
pandas/core/internals/blocks.py::114,0.812070
pandas/core/internals/blocks.py::116,0.812070
pandas/core/internals/blocks.py::143,0.812070
pandas/core/internals/blocks.py::144,0.812070
pandas/core/internals/blocks.py::146,0.812070
pandas/core/internals/blocks.py::150,0.812070
pandas/core/internals/blocks.py::1566,0.812070
pandas/core/internals/blocks.py::1567,0.812070
pandas/core/internals/blocks.py::1570,0.812070
pandas/core/internals/blocks.py::1571,0.812070
pandas/core/internals/blocks.py::1574,0.812070
pandas/core/internals/blocks.py::1575,0.812070
pandas/core/internals/blocks.py::1579,0.812070
pandas/core/internals/blocks.py::1581,0.812070
pandas/core/internals/blocks.py::1585,0.812070
pandas/core/internals/blocks.py::1595,0.812070
pandas/core/internals/blocks.py::1597,0.812070
pandas/core/internals/blocks.py::1685,0.812070
pandas/core/internals/blocks.py::1686,0.812070
pandas/core/internals/blocks.py::1703,0.812070
pandas/core/internals/blocks.py::184,0.812070
pandas/core/internals/blocks.py::189,0.812070
pandas/core/internals/blocks.py::190,0.812070
pandas/core/internals/blocks.py::1930,0.812070
pandas/core/internals/blocks.py::202,0.812070
pandas/core/internals/blocks.py::228,0.812070
pandas/core/internals/blocks.py::232,0.812070
pandas/core/internals/blocks.py::233,0.812070
pandas/core/internals/blocks.py::235,0.812070
pandas/core/internals/blocks.py::249,0.812070
pandas/core/internals/blocks.py::250,0.812070
pandas/core/internals/blocks.py::252,0.812070
pandas/core/internals/blocks.py::2524,0.812070
pandas/core/internals/blocks.py::2527,0.812070
pandas/core/internals/blocks.py::256,0.812070
pandas/core/internals/blocks.py::257,0.812070
pandas/core/internals/blocks.py::258,0.812070
pandas/core/internals/blocks.py::260,0.812070
pandas/core/internals/blocks.py::2828,0.812070
pandas/core/internals/blocks.py::2829,0.812070
pandas/core/internals/blocks.py::2830,0.812070
pandas/core/internals/blocks.py::2926,0.812070
pandas/core/internals/blocks.py::2927,0.812070
pandas/core/internals/blocks.py::2929,0.812070
pandas/core/internals/blocks.py::2932,0.812070
pandas/core/internals/blocks.py::2933,0.812070
pandas/core/internals/blocks.py::2934,0.812070
pandas/core/internals/blocks.py::2937,0.812070
pandas/core/internals/blocks.py::2939,0.812070
pandas/core/internals/blocks.py::2941,0.812070
pandas/core/internals/blocks.py::2943,0.812070
pandas/core/internals/blocks.py::2945,0.812070
pandas/core/internals/blocks.py::2948,0.812070
pandas/core/internals/blocks.py::2950,0.812070
pandas/core/internals/blocks.py::2951,0.812070
pandas/core/internals/blocks.py::2952,0.812070
pandas/core/internals/blocks.py::2955,0.812070
pandas/core/internals/blocks.py::2956,0.812070
pandas/core/internals/blocks.py::2962,0.812070
pandas/core/internals/blocks.py::2967,0.812070
pandas/core/internals/blocks.py::2970,0.812070
pandas/core/internals/blocks.py::2971,0.812070
pandas/core/internals/blocks.py::2972,0.812070
pandas/core/internals/blocks.py::2974,0.812070
pandas/core/internals/blocks.py::2979,0.812070
pandas/core/internals/blocks.py::2987,0.812070
pandas/core/internals/blocks.py::2989,0.812070
pandas/core/internals/blocks.py::2991,0.812070
pandas/core/internals/blocks.py::2997,0.812070
pandas/core/internals/blocks.py::3000,0.812070
pandas/core/internals/blocks.py::3001,0.812070
pandas/core/internals/blocks.py::320,0.812070
pandas/core/internals/blocks.py::324,0.812070
pandas/core/internals/blocks.py::328,0.812070
pandas/core/internals/blocks.py::331,0.812070
pandas/core/internals/blocks.py::332,0.812070
pandas/core/internals/blocks.py::543,0.812070
pandas/core/internals/blocks.py::545,0.812070
pandas/core/internals/blocks.py::552,0.812070
pandas/core/internals/blocks.py::560,0.812070
pandas/core/internals/blocks.py::562,0.812070
pandas/core/internals/blocks.py::566,0.812070
pandas/core/internals/blocks.py::671,0.812070
pandas/core/internals/blocks.py::672,0.812070
pandas/core/internals/blocks.py::673,0.812070
pandas/core/internals/blocks.py::674,0.812070
pandas/core/internals/construction.py::207,0.812070
pandas/core/internals/construction.py::232,0.812070
pandas/core/internals/construction.py::233,0.812070
pandas/core/internals/construction.py::234,0.812070
pandas/core/internals/construction.py::238,0.812070
pandas/core/internals/construction.py::241,0.812070
pandas/core/internals/construction.py::243,0.812070
pandas/core/internals/construction.py::290,0.812070
pandas/core/internals/construction.py::291,0.812070
pandas/core/internals/construction.py::293,0.812070
pandas/core/internals/construction.py::294,0.812070
pandas/core/internals/construction.py::295,0.812070
pandas/core/internals/construction.py::297,0.812070
pandas/core/internals/construction.py::302,0.812070
pandas/core/internals/construction.py::311,0.812070
pandas/core/internals/construction.py::312,0.812070
pandas/core/internals/construction.py::315,0.812070
pandas/core/internals/construction.py::317,0.812070
pandas/core/internals/construction.py::321,0.812070
pandas/core/internals/construction.py::322,0.812070
pandas/core/internals/construction.py::324,0.812070
pandas/core/internals/construction.py::325,0.812070
pandas/core/internals/construction.py::326,0.812070
pandas/core/internals/construction.py::328,0.812070
pandas/core/internals/construction.py::329,0.812070
pandas/core/internals/construction.py::330,0.812070
pandas/core/internals/construction.py::332,0.812070
pandas/core/internals/construction.py::333,0.812070
pandas/core/internals/construction.py::334,0.812070
pandas/core/internals/construction.py::335,0.812070
pandas/core/internals/construction.py::336,0.812070
pandas/core/internals/construction.py::339,0.812070
pandas/core/internals/construction.py::340,0.812070
pandas/core/internals/construction.py::341,0.812070
pandas/core/internals/construction.py::343,0.812070
pandas/core/internals/construction.py::346,0.812070
pandas/core/internals/construction.py::347,0.812070
pandas/core/internals/construction.py::351,0.812070
pandas/core/internals/construction.py::352,0.812070
pandas/core/internals/construction.py::353,0.812070
pandas/core/internals/construction.py::356,0.812070
pandas/core/internals/construction.py::361,0.812070
pandas/core/internals/construction.py::362,0.812070
pandas/core/internals/construction.py::371,0.812070
pandas/core/internals/construction.py::59,0.812070
pandas/core/internals/construction.py::60,0.812070
pandas/core/internals/construction.py::65,0.812070
pandas/core/internals/construction.py::68,0.812070
pandas/core/internals/construction.py::70,0.812070
pandas/core/internals/managers.py::1000,0.812070
pandas/core/internals/managers.py::1001,0.812070
pandas/core/internals/managers.py::1002,0.812070
pandas/core/internals/managers.py::1004,0.812070
pandas/core/internals/managers.py::1005,0.812070
pandas/core/internals/managers.py::129,0.812070
pandas/core/internals/managers.py::130,0.812070
pandas/core/internals/managers.py::132,0.812070
pandas/core/internals/managers.py::133,0.812070
pandas/core/internals/managers.py::139,0.812070
pandas/core/internals/managers.py::140,0.812070
pandas/core/internals/managers.py::142,0.812070
pandas/core/internals/managers.py::144,0.812070
pandas/core/internals/managers.py::1444,0.812070
pandas/core/internals/managers.py::1445,0.812070
pandas/core/internals/managers.py::1449,0.812070
pandas/core/internals/managers.py::1452,0.812070
pandas/core/internals/managers.py::1453,0.812070
pandas/core/internals/managers.py::1454,0.812070
pandas/core/internals/managers.py::1465,0.812070
pandas/core/internals/managers.py::1468,0.812070
pandas/core/internals/managers.py::1471,0.812070
pandas/core/internals/managers.py::1476,0.812070
pandas/core/internals/managers.py::1480,0.812070
pandas/core/internals/managers.py::1482,0.812070
pandas/core/internals/managers.py::1483,0.812070
pandas/core/internals/managers.py::1485,0.812070
pandas/core/internals/managers.py::1492,0.812070
pandas/core/internals/managers.py::1516,0.812070
pandas/core/internals/managers.py::1520,0.812070
pandas/core/internals/managers.py::1536,0.812070
pandas/core/internals/managers.py::1553,0.812070
pandas/core/internals/managers.py::1639,0.812070
pandas/core/internals/managers.py::1640,0.812070
pandas/core/internals/managers.py::1641,0.812070
pandas/core/internals/managers.py::1642,0.812070
pandas/core/internals/managers.py::1643,0.812070
pandas/core/internals/managers.py::166,0.812070
pandas/core/internals/managers.py::1675,0.812070
pandas/core/internals/managers.py::1676,0.812070
pandas/core/internals/managers.py::1678,0.812070
pandas/core/internals/managers.py::1679,0.812070
pandas/core/internals/managers.py::1680,0.812070
pandas/core/internals/managers.py::1685,0.812070
pandas/core/internals/managers.py::1686,0.812070
pandas/core/internals/managers.py::1690,0.812070
pandas/core/internals/managers.py::1691,0.812070
pandas/core/internals/managers.py::1693,0.812070
pandas/core/internals/managers.py::1694,0.812070
pandas/core/internals/managers.py::1696,0.812070
pandas/core/internals/managers.py::1697,0.812070
pandas/core/internals/managers.py::170,0.812070
pandas/core/internals/managers.py::1701,0.812070
pandas/core/internals/managers.py::1705,0.812070
pandas/core/internals/managers.py::1709,0.812070
pandas/core/internals/managers.py::1710,0.812070
pandas/core/internals/managers.py::1711,0.812070
pandas/core/internals/managers.py::1713,0.812070
pandas/core/internals/managers.py::1717,0.812070
pandas/core/internals/managers.py::1724,0.812070
pandas/core/internals/managers.py::1728,0.812070
pandas/core/internals/managers.py::173,0.812070
pandas/core/internals/managers.py::1732,0.812070
pandas/core/internals/managers.py::1734,0.812070
pandas/core/internals/managers.py::1735,0.812070
pandas/core/internals/managers.py::1737,0.812070
pandas/core/internals/managers.py::1739,0.812070
pandas/core/internals/managers.py::174,0.812070
pandas/core/internals/managers.py::1748,0.812070
pandas/core/internals/managers.py::175,0.812070
pandas/core/internals/managers.py::1756,0.812070
pandas/core/internals/managers.py::1766,0.812070
pandas/core/internals/managers.py::177,0.812070
pandas/core/internals/managers.py::1787,0.812070
pandas/core/internals/managers.py::1789,0.812070
pandas/core/internals/managers.py::1790,0.812070
pandas/core/internals/managers.py::1792,0.812070
pandas/core/internals/managers.py::1794,0.812070
pandas/core/internals/managers.py::1795,0.812070
pandas/core/internals/managers.py::1797,0.812070
pandas/core/internals/managers.py::1803,0.812070
pandas/core/internals/managers.py::1804,0.812070
pandas/core/internals/managers.py::1807,0.812070
pandas/core/internals/managers.py::1809,0.812070
pandas/core/internals/managers.py::1810,0.812070
pandas/core/internals/managers.py::1813,0.812070
pandas/core/internals/managers.py::1815,0.812070
pandas/core/internals/managers.py::1817,0.812070
pandas/core/internals/managers.py::1818,0.812070
pandas/core/internals/managers.py::1820,0.812070
pandas/core/internals/managers.py::1821,0.812070
pandas/core/internals/managers.py::1822,0.812070
pandas/core/internals/managers.py::1824,0.812070
pandas/core/internals/managers.py::183,0.812070
pandas/core/internals/managers.py::1937,0.812070
pandas/core/internals/managers.py::1938,0.812070
pandas/core/internals/managers.py::1939,0.812070
pandas/core/internals/managers.py::217,0.812070
pandas/core/internals/managers.py::218,0.812070
pandas/core/internals/managers.py::219,0.812070
pandas/core/internals/managers.py::220,0.812070
pandas/core/internals/managers.py::222,0.812070
pandas/core/internals/managers.py::223,0.812070
pandas/core/internals/managers.py::224,0.812070
pandas/core/internals/managers.py::225,0.812070
pandas/core/internals/managers.py::227,0.812070
pandas/core/internals/managers.py::230,0.812070
pandas/core/internals/managers.py::231,0.812070
pandas/core/internals/managers.py::235,0.812070
pandas/core/internals/managers.py::331,0.812070
pandas/core/internals/managers.py::332,0.812070
pandas/core/internals/managers.py::333,0.812070
pandas/core/internals/managers.py::334,0.812070
pandas/core/internals/managers.py::336,0.812070
pandas/core/internals/managers.py::359,0.812070
pandas/core/internals/managers.py::362,0.812070
pandas/core/internals/managers.py::370,0.812070
pandas/core/internals/managers.py::372,0.812070
pandas/core/internals/managers.py::378,0.812070
pandas/core/internals/managers.py::384,0.812070
pandas/core/internals/managers.py::390,0.812070
pandas/core/internals/managers.py::394,0.812070
pandas/core/internals/managers.py::396,0.812070
pandas/core/internals/managers.py::401,0.812070
pandas/core/internals/managers.py::402,0.812070
pandas/core/internals/managers.py::407,0.812070
pandas/core/internals/managers.py::414,0.812070
pandas/core/internals/managers.py::415,0.812070
pandas/core/internals/managers.py::417,0.812070
pandas/core/internals/managers.py::419,0.812070
pandas/core/internals/managers.py::420,0.812070
pandas/core/internals/managers.py::554,0.812070
pandas/core/internals/managers.py::623,0.812070
pandas/core/internals/managers.py::625,0.812070
pandas/core/internals/managers.py::628,0.812070
pandas/core/internals/managers.py::629,0.812070
pandas/core/internals/managers.py::630,0.812070
pandas/core/internals/managers.py::753,0.812070
pandas/core/internals/managers.py::755,0.812070
pandas/core/internals/managers.py::756,0.812070
pandas/core/internals/managers.py::759,0.812070
pandas/core/internals/managers.py::761,0.812070
pandas/core/internals/managers.py::764,0.812070
pandas/core/internals/managers.py::765,0.812070
pandas/core/internals/managers.py::766,0.812070
pandas/core/internals/managers.py::914,0.812070
pandas/core/internals/managers.py::924,0.812070
pandas/core/internals/managers.py::926,0.812070
pandas/core/internals/managers.py::927,0.812070
pandas/core/internals/managers.py::938,0.812070
pandas/core/internals/managers.py::955,0.812070
pandas/core/internals/managers.py::956,0.812070
pandas/core/internals/managers.py::959,0.812070
pandas/core/internals/managers.py::961,0.812070
pandas/core/internals/managers.py::962,0.812070
pandas/core/internals/managers.py::965,0.812070
pandas/core/internals/managers.py::972,0.812070
pandas/core/internals/managers.py::974,0.812070
pandas/core/internals/managers.py::975,0.812070
pandas/core/internals/managers.py::976,0.812070
pandas/core/internals/managers.py::978,0.812070
pandas/core/internals/managers.py::980,0.812070
pandas/core/internals/managers.py::981,0.812070
pandas/core/internals/managers.py::985,0.812070
pandas/core/internals/managers.py::986,0.812070
pandas/core/internals/managers.py::987,0.812070
pandas/core/internals/managers.py::988,0.812070
pandas/core/internals/managers.py::990,0.812070
pandas/core/internals/managers.py::991,0.812070
pandas/core/internals/managers.py::992,0.812070
pandas/core/series.py::185,0.812070
pandas/core/series.py::188,0.812070
pandas/core/series.py::190,0.812070
pandas/core/series.py::192,0.812070
pandas/core/series.py::197,0.812070
pandas/core/series.py::209,0.812070
pandas/core/series.py::212,0.812070
pandas/core/series.py::214,0.812070
pandas/core/series.py::217,0.812070
pandas/core/series.py::221,0.812070
pandas/core/series.py::237,0.812070
pandas/core/series.py::239,0.812070
pandas/core/series.py::247,0.812070
pandas/core/series.py::251,0.812070
pandas/core/series.py::252,0.812070
pandas/core/series.py::253,0.812070
pandas/core/series.py::263,0.812070
pandas/core/series.py::265,0.812070
pandas/core/series.py::267,0.812070
pandas/core/series.py::271,0.812070
pandas/core/series.py::273,0.812070
pandas/core/series.py::274,0.812070
pandas/core/series.py::276,0.812070
pandas/core/series.py::277,0.812070
pandas/core/series.py::291,0.812070
pandas/core/series.py::292,0.812070
pandas/core/series.py::294,0.812070
pandas/core/series.py::297,0.812070
pandas/core/series.py::299,0.812070
pandas/core/series.py::301,0.812070
pandas/core/series.py::302,0.812070
pandas/core/series.py::303,0.812070
pandas/core/series.py::353,0.812070
pandas/core/series.py::373,0.812070
pandas/core/series.py::376,0.812070
pandas/core/series.py::377,0.812070
pandas/core/series.py::389,0.812070
pandas/core/series.py::391,0.812070
pandas/core/series.py::392,0.812070
pandas/core/series.py::396,0.812070
pandas/core/series.py::399,0.812070
pandas/core/series.py::411,0.812070
pandas/core/series.py::422,0.812070
pandas/core/series.py::426,0.812070
pandas/core/series.py::428,0.812070
pandas/core/series.py::477,0.812070
pandas/util/_validators.py::236,0.812070
pandas/util/_validators.py::241,0.812070
pandas/core/dtypes/cast.py::494,0.812035
pandas/core/dtypes/common.py::1292,0.812035
pandas/core/dtypes/common.py::1294,0.812035
pandas/core/dtypes/common.py::1297,0.812035
pandas/core/dtypes/common.py::1303,0.812035
pandas/core/dtypes/common.py::1304,0.812035
pandas/core/dtypes/missing.py::433,0.812035
pandas/core/dtypes/missing.py::436,0.812035
pandas/core/dtypes/missing.py::441,0.812035
pandas/core/dtypes/missing.py::473,0.812035
pandas/core/dtypes/missing.py::480,0.812035
pandas/core/dtypes/missing.py::484,0.812035
pandas/core/dtypes/missing.py::493,0.812035
pandas/core/dtypes/missing.py::497,0.812035
pandas/util/testing.py::380,0.812035
pandas/util/testing.py::382,0.812035
pandas/util/testing.py::386,0.812035
pandas/util/testing.py::696,0.812035
pandas/util/testing.py::698,0.812035
pandas/util/testing.py::708,0.812035
pandas/util/testing.py::734,0.812035
pandas/util/testing.py::736,0.812035
pandas/util/testing.py::737,0.812035
pandas/util/testing.py::739,0.812035
pandas/util/testing.py::740,0.812035
pandas/core/dtypes/common.py::1670,0.808438
pandas/core/util/hashing.py::293,0.785281
pandas/core/indexes/base.py::4863,0.776475
pandas/core/indexes/base.py::2913,0.736972
pandas/core/indexes/base.py::2915,0.736972
pandas/core/indexes/base.py::2918,0.736972
pandas/core/indexes/base.py::2925,0.736972
pandas/core/indexes/base.py::2929,0.736972
pandas/core/indexes/base.py::2944,0.736972
pandas/core/indexes/base.py::2948,0.736972
pandas/core/algorithms.py::623,0.735980
pandas/core/dtypes/common.py::1914,0.728178
pandas/core/dtypes/common.py::1917,0.728178
pandas/core/arrays/boolean.py::91,0.703298
pandas/core/arrays/boolean.py::93,0.703298
pandas/core/arrays/sparse/dtype.py::202,0.703298
pandas/core/arrays/sparse/dtype.py::203,0.703298
pandas/core/arrays/sparse/dtype.py::221,0.703298
pandas/core/arrays/string_.py::66,0.703298
pandas/core/arrays/string_.py::68,0.703298
pandas/core/dtypes/base.py::237,0.703298
pandas/core/dtypes/base.py::239,0.703298
pandas/core/dtypes/base.py::240,0.703298
pandas/core/dtypes/dtypes.py::100,0.703298
pandas/core/dtypes/dtypes.py::101,0.703298
pandas/core/dtypes/dtypes.py::102,0.703298
pandas/core/dtypes/dtypes.py::104,0.703298
pandas/core/dtypes/dtypes.py::1053,0.703298
pandas/core/dtypes/dtypes.py::1057,0.703298
pandas/core/dtypes/dtypes.py::1061,0.703298
pandas/core/dtypes/dtypes.py::358,0.703298
pandas/core/dtypes/dtypes.py::359,0.703298
pandas/core/dtypes/dtypes.py::735,0.703298
pandas/core/dtypes/dtypes.py::736,0.703298
pandas/core/dtypes/dtypes.py::737,0.703298
pandas/core/dtypes/dtypes.py::747,0.703298
pandas/core/dtypes/dtypes.py::877,0.703298
pandas/core/dtypes/dtypes.py::98,0.703298
pandas/core/dtypes/dtypes.py::99,0.703298
pandas/core/dtypes/dtypes.py::482,0.676783
pandas/core/indexes/numeric.py::248,0.671014
pandas/core/dtypes/dtypes.py::432,0.670377
pandas/core/dtypes/dtypes.py::433,0.670377
pandas/core/dtypes/dtypes.py::436,0.670377
pandas/core/arrays/categorical.py::1276,0.666770
pandas/core/algorithms.py::183,0.665811
pandas/core/algorithms.py::189,0.665811
pandas/core/algorithms.py::190,0.665811
pandas/core/algorithms.py::1973,0.665811
pandas/core/algorithms.py::618,0.665811
pandas/core/algorithms.py::620,0.665811
pandas/core/algorithms.py::625,0.665811
pandas/core/algorithms.py::626,0.665811
pandas/core/dtypes/cast.py::496,0.622621
pandas/core/arrays/integer.py::138,0.560639
pandas/core/arrays/integer.py::139,0.560639
pandas/core/arrays/integer.py::150,0.560639
pandas/core/arrays/integer.py::151,0.560639
pandas/core/arrays/integer.py::152,0.560639
pandas/core/arrays/integer.py::154,0.560639
pandas/core/arrays/integer.py::155,0.560639
pandas/core/arrays/integer.py::156,0.560639
pandas/core/arrays/integer.py::180,0.560639
pandas/core/arrays/integer.py::181,0.560639
pandas/core/arrays/integer.py::182,0.560639
pandas/core/arrays/integer.py::184,0.560639
pandas/core/arrays/integer.py::185,0.560639
pandas/core/arrays/integer.py::192,0.560639
pandas/core/arrays/integer.py::198,0.560639
pandas/core/arrays/integer.py::199,0.560639
pandas/core/arrays/integer.py::200,0.560639
pandas/core/arrays/integer.py::201,0.560639
pandas/core/arrays/integer.py::203,0.560639
pandas/core/arrays/integer.py::206,0.560639
pandas/core/arrays/integer.py::208,0.560639
pandas/core/arrays/integer.py::209,0.560639
pandas/core/arrays/integer.py::210,0.560639
pandas/core/arrays/integer.py::211,0.560639
pandas/core/arrays/integer.py::214,0.560639
pandas/core/arrays/integer.py::219,0.560639
pandas/core/arrays/integer.py::229,0.560639
pandas/core/arrays/integer.py::230,0.560639
pandas/core/arrays/integer.py::234,0.560639
pandas/core/arrays/integer.py::236,0.560639
pandas/core/arrays/integer.py::240,0.560639
pandas/core/arrays/integer.py::243,0.560639
pandas/core/arrays/integer.py::249,0.560639
pandas/core/arrays/integer.py::254,0.560639
pandas/core/arrays/integer.py::256,0.560639
pandas/core/arrays/integer.py::326,0.560639
pandas/core/arrays/integer.py::329,0.560639
pandas/core/arrays/integer.py::334,0.560639
pandas/core/arrays/integer.py::340,0.560639
pandas/core/arrays/integer.py::344,0.560639
pandas/core/arrays/integer.py::345,0.560639
pandas/core/arrays/integer.py::349,0.560639
pandas/core/arrays/integer.py::358,0.560639
pandas/core/arrays/integer.py::361,0.560639
pandas/core/arrays/integer.py::362,0.560639
pandas/core/arrays/integer.py::364,0.560639
pandas/core/arrays/integer.py::366,0.560639
pandas/core/arrays/integer.py::369,0.560639
pandas/core/arrays/integer.py::370,0.560639
pandas/core/arrays/integer.py::372,0.560639
pandas/core/arrays/integer.py::373,0.560639
pandas/core/arrays/integer.py::381,0.560639
pandas/core/arrays/integer.py::382,0.560639
pandas/core/arrays/integer.py::383,0.560639
pandas/core/arrays/integer.py::392,0.560639
pandas/core/arrays/integer.py::450,0.560639
pandas/core/arrays/integer.py::451,0.560639
pandas/core/arrays/integer.py::454,0.560639
pandas/core/arrays/integer.py::459,0.560639
pandas/core/arrays/integer.py::460,0.560639
pandas/core/arrays/integer.py::461,0.560639
pandas/core/arrays/integer.py::464,0.560639
pandas/core/arrays/integer.py::470,0.560639
pandas/core/arrays/integer.py::475,0.560639
pandas/core/arrays/integer.py::497,0.560639
pandas/core/arrays/integer.py::504,0.560639
pandas/core/arrays/integer.py::508,0.560639
pandas/core/arrays/integer.py::542,0.560639
pandas/core/arrays/integer.py::547,0.560639
pandas/core/arrays/integer.py::548,0.560639
pandas/core/arrays/integer.py::621,0.560639
pandas/core/arrays/integer.py::622,0.560639
pandas/core/arrays/integer.py::623,0.560639
pandas/core/arrays/integer.py::87,0.560639
pandas/core/dtypes/base.py::108,0.560639
pandas/core/dtypes/base.py::113,0.560639
pandas/core/dtypes/base.py::117,0.560639
pandas/core/dtypes/base.py::87,0.560639
pandas/core/dtypes/cast.py::785,0.560639
pandas/core/dtypes/cast.py::788,0.560639
pandas/core/dtypes/cast.py::789,0.560639
pandas/core/dtypes/cast.py::791,0.560639
pandas/core/dtypes/cast.py::794,0.560639
pandas/core/dtypes/cast.py::808,0.560639
pandas/core/dtypes/cast.py::830,0.560639
pandas/core/dtypes/cast.py::835,0.560639
pandas/core/dtypes/cast.py::838,0.560639
pandas/core/dtypes/cast.py::844,0.560639
pandas/core/dtypes/cast.py::848,0.560639
pandas/core/dtypes/cast.py::853,0.560639
pandas/core/dtypes/cast.py::860,0.560639
pandas/core/dtypes/cast.py::862,0.560639
pandas/core/indexes/base.py::334,0.560639
pandas/core/indexes/base.py::335,0.560639
pandas/core/indexes/base.py::341,0.560639
pandas/core/indexes/base.py::342,0.560639
pandas/core/util/hashing.py::307,0.560639
pandas/core/util/hashing.py::309,0.560639
pandas/core/util/hashing.py::310,0.560639
pandas/core/algorithms.py::1611,0.551229
pandas/core/algorithms.py::1612,0.551229
pandas/core/algorithms.py::1613,0.551229
pandas/core/algorithms.py::1614,0.551229
pandas/core/algorithms.py::1621,0.551229
pandas/core/dtypes/cast.py::405,0.551229
pandas/core/indexes/base.py::4803,0.539881
pandas/core/indexes/base.py::4810,0.539881
pandas/core/arrays/categorical.py::2592,0.532326
pandas/core/arrays/categorical.py::337,0.532326
pandas/core/arrays/categorical.py::340,0.532326
pandas/core/arrays/categorical.py::343,0.532326
pandas/core/arrays/categorical.py::344,0.532326
pandas/core/arrays/categorical.py::345,0.532326
pandas/core/arrays/categorical.py::347,0.532326
pandas/compat/numpy/function.py::142,0.528646
pandas/compat/numpy/function.py::146,0.528646
pandas/compat/numpy/function.py::147,0.528646
pandas/core/algorithms.py::182,0.528646
pandas/core/algorithms.py::614,0.528646
pandas/core/algorithms.py::615,0.528646
pandas/core/algorithms.py::616,0.528646
pandas/core/arrays/base.py::484,0.528646
pandas/core/arrays/base.py::486,0.528646
pandas/core/arrays/base.py::487,0.528646
pandas/core/arrays/base.py::686,0.528646
pandas/core/arrays/base.py::727,0.528646
pandas/core/arrays/base.py::729,0.528646
pandas/core/arrays/base.py::730,0.528646
pandas/core/arrays/base.py::733,0.528646
pandas/core/arrays/base.py::734,0.528646
pandas/core/arrays/base.py::919,0.528646
pandas/core/arrays/base.py::924,0.528646
pandas/core/arrays/base.py::925,0.528646
pandas/core/arrays/base.py::926,0.528646
pandas/core/arrays/base.py::927,0.528646
pandas/core/arrays/base.py::928,0.528646
pandas/core/dtypes/base.py::311,0.528646
pandas/core/dtypes/common.py::1520,0.528646
pandas/core/dtypes/common.py::1521,0.528646
pandas/core/dtypes/missing.py::233,0.528646
pandas/core/dtypes/missing.py::238,0.528646
pandas/core/dtypes/missing.py::241,0.528646
pandas/core/dtypes/missing.py::242,0.528646
pandas/core/indexes/base.py::1219,0.528646
pandas/core/indexes/base.py::1221,0.528646
pandas/core/indexes/base.py::1223,0.528646
pandas/core/indexes/base.py::1224,0.528646
pandas/core/indexes/base.py::1253,0.528646
pandas/core/indexes/base.py::1255,0.528646
pandas/core/indexes/base.py::1260,0.528646
pandas/core/indexes/base.py::1261,0.528646
pandas/core/indexes/base.py::1263,0.528646
pandas/core/indexes/base.py::1324,0.528646
pandas/core/indexes/base.py::1327,0.528646
pandas/core/indexes/base.py::1331,0.528646
pandas/core/indexes/base.py::1334,0.528646
pandas/core/indexes/base.py::1336,0.528646
pandas/core/indexes/base.py::1339,0.528646
pandas/core/indexes/base.py::1342,0.528646
pandas/core/indexes/base.py::1343,0.528646
pandas/core/indexes/base.py::1344,0.528646
pandas/core/indexes/base.py::1345,0.528646
pandas/core/indexes/base.py::2784,0.528646
pandas/core/indexes/base.py::2785,0.528646
pandas/core/indexes/base.py::2786,0.528646
pandas/core/indexes/base.py::2787,0.528646
pandas/core/indexes/base.py::727,0.528646
pandas/core/indexes/base.py::728,0.528646
pandas/core/indexes/base.py::730,0.528646
pandas/core/indexes/base.py::735,0.528646
pandas/core/indexes/base.py::738,0.528646
pandas/core/indexes/base.py::739,0.528646
pandas/core/indexes/base.py::740,0.528646
pandas/core/indexes/base.py::890,0.528646
pandas/core/indexes/base.py::893,0.528646
pandas/core/indexes/base.py::895,0.528646
pandas/core/indexes/base.py::896,0.528646
pandas/core/indexes/base.py::897,0.528646
pandas/core/indexes/base.py::899,0.528646
pandas/core/indexes/base.py::901,0.528646
pandas/core/indexes/frozen.py::67,0.528646
pandas/core/indexes/frozen.py::69,0.528646
pandas/core/sorting.py::259,0.528646
pandas/core/sorting.py::260,0.528646
pandas/core/sorting.py::262,0.528646
pandas/core/sorting.py::263,0.528646
pandas/core/sorting.py::267,0.528646
pandas/core/sorting.py::268,0.528646
pandas/core/sorting.py::269,0.528646
pandas/core/sorting.py::270,0.528646
pandas/core/sorting.py::271,0.528646
pandas/core/sorting.py::274,0.528646
pandas/core/sorting.py::275,0.528646
pandas/core/sorting.py::279,0.528646
pandas/core/sorting.py::280,0.528646
pandas/core/sorting.py::285,0.528646
pandas/io/formats/printing.py::331,0.528646
pandas/io/formats/printing.py::332,0.528646
pandas/core/arrays/categorical.py::2536,0.524345
pandas/core/arrays/categorical.py::2547,0.524345
pandas/core/arrays/categorical.py::2548,0.524345
pandas/core/dtypes/dtypes.py::464,0.522494
pandas/core/algorithms.py::1551,0.519141
pandas/core/dtypes/common.py::1756,0.519141
pandas/core/dtypes/common.py::1758,0.519141
pandas/core/indexes/base.py::379,0.510131
pandas/core/indexes/base.py::386,0.510131
pandas/core/dtypes/dtypes.py::478,0.501574
pandas/core/dtypes/dtypes.py::479,0.501574
pandas/core/indexes/base.py::352,0.501574
pandas/core/arrays/base.py::380,0.493435
pandas/core/util/hashing.py::298,0.493435
pandas/core/util/hashing.py::305,0.493435
pandas/core/util/hashing.py::306,0.493435
pandas/core/dtypes/dtypes.py::423,0.490840
pandas/core/dtypes/dtypes.py::424,0.490840
pandas/core/algorithms.py::1538,0.478279
pandas/core/algorithms.py::1541,0.478279
pandas/core/algorithms.py::1543,0.478279
pandas/core/algorithms.py::1552,0.478279
pandas/core/arrays/categorical.py::2593,0.478279
pandas/core/algorithms.py::97,0.477050
pandas/core/dtypes/common.py::1913,0.477050
pandas/core/construction.py::428,0.451737
pandas/core/construction.py::430,0.451737
pandas/core/construction.py::432,0.451737
pandas/core/construction.py::434,0.451737
pandas/core/algorithms.py::100,0.442950
pandas/core/indexes/base.py::1817,0.442950
pandas/core/indexes/base.py::1818,0.442950
pandas/core/indexes/base.py::394,0.442950
pandas/core/indexes/base.py::4858,0.442950
pandas/core/indexes/base.py::4859,0.442950
pandas/core/indexes/numeric.py::378,0.442950
pandas/core/indexes/numeric.py::398,0.442950
pandas/core/indexes/numeric.py::400,0.442950
pandas/core/indexes/numeric.py::403,0.442950
pandas/core/indexes/numeric.py::449,0.442950
pandas/core/indexes/numeric.py::450,0.442950
pandas/core/indexes/numeric.py::488,0.442950
pandas/core/indexes/numeric.py::489,0.442950
pandas/core/indexes/numeric.py::499,0.442950
pandas/core/indexes/numeric.py::503,0.442950
pandas/compat/numpy/function.py::43,0.419094
pandas/core/dtypes/cast.py::408,0.416153
pandas/core/dtypes/cast.py::409,0.416153
pandas/core/indexes/numeric.py::257,0.406385
pandas/core/indexes/numeric.py::260,0.406385
pandas/core/indexes/numeric.py::261,0.406385
pandas/core/indexes/numeric.py::262,0.406385
pandas/core/algorithms.py::98,0.396048
pandas/core/indexes/base.py::392,0.396048
pandas/core/indexes/numeric.py::303,0.396048
pandas/core/indexes/numeric.py::312,0.396048
pandas/core/indexes/numeric.py::315,0.396048
pandas/core/indexes/numeric.py::316,0.396048
pandas/core/indexes/numeric.py::317,0.396048
pandas/core/indexes/base.py::390,0.390044
pandas/core/algorithms.py::1311,0.380560
pandas/core/dtypes/missing.py::262,0.330404
pandas/core/algorithms.py::1443,0.323568
pandas/core/arrays/integer.py::68,0.323132
pandas/core/algorithms.py::1310,0.314961
pandas/core/algorithms.py::1315,0.314961
pandas/core/algorithms.py::1317,0.314961
pandas/core/algorithms.py::1318,0.314961
pandas/core/algorithms.py::1319,0.314961
pandas/core/algorithms.py::1441,0.314961
pandas/core/algorithms.py::1442,0.314961
pandas/core/algorithms.py::1449,0.314961
pandas/core/algorithms.py::1453,0.314961
pandas/core/algorithms.py::1454,0.314961
pandas/core/algorithms.py::1455,0.314961
pandas/core/algorithms.py::1456,0.314961
pandas/core/algorithms.py::1459,0.314961
pandas/core/algorithms.py::99,0.313484
pandas/core/dtypes/missing.py::258,0.308397
pandas/core/arrays/categorical.py::2594,0.264323
pandas/core/arrays/categorical.py::2595,0.264323
pandas/core/dtypes/generic.py::78,0.264323
pandas/core/dtypes/missing.py::153,0.264323
pandas/core/dtypes/missing.py::155,0.264323
pandas/core/dtypes/missing.py::156,0.264323
pandas/core/common.py::140,0.259570
pandas/core/common.py::141,0.259570
pandas/core/common.py::142,0.259570
pandas/io/formats/printing.py::229,0.228107
pandas/core/algorithms.py::1965,0.171081
pandas/core/algorithms.py::1966,0.171081
pandas/core/algorithms.py::1967,0.171081
pandas/core/algorithms.py::1968,0.171081
pandas/core/algorithms.py::1976,0.171081
pandas/core/algorithms.py::2004,0.171081
pandas/core/algorithms.py::2005,0.171081
pandas/core/algorithms.py::2006,0.171081
pandas/core/algorithms.py::2007,0.171081
pandas/core/common.py::125,0.171081
pandas/core/common.py::127,0.171081
pandas/core/common.py::128,0.171081
pandas/core/common.py::130,0.171081
pandas/core/dtypes/dtypes.py::469,0.171081
pandas/core/dtypes/dtypes.py::470,0.171081
pandas/core/indexes/base.py::436,0.139833
pandas/core/indexes/base.py::438,0.139833
pandas/core/indexes/base.py::427,0.129505
pandas/core/indexes/category.py::347,0.113407
