Entity,Score
lib/matplotlib/axes/_axes.py::6494,0.490552
lib/matplotlib/axes/_axes.py::6495,0.490552
lib/matplotlib/axes/_axes.py::6497,0.490552
lib/matplotlib/axes/_axes.py::6500,0.490552
lib/matplotlib/axes/_axes.py::6504,0.490552
lib/matplotlib/axes/_axes.py::6505,0.490552
lib/matplotlib/axes/_axes.py::6506,0.490552
lib/matplotlib/axes/_axes.py::6507,0.490552
lib/matplotlib/axes/_axes.py::6508,0.490552
lib/matplotlib/axes/_axes.py::6510,0.490552
lib/matplotlib/axes/_axes.py::6514,0.490552
lib/matplotlib/axes/_axes.py::6501,0.344844
lib/matplotlib/pyplot.py::2512,0.322015
lib/matplotlib/pyplot.py::2513,0.322015
lib/matplotlib/pyplot.py::2514,0.322015
lib/matplotlib/pyplot.py::2515,0.322015
lib/matplotlib/pyplot.py::2516,0.322015
lib/matplotlib/pyplot.py::2517,0.322015
lib/matplotlib/axes/_axes.py::6511,0.236793
lib/matplotlib/axes/_base.py::320,0.236793
lib/matplotlib/axes/_base.py::358,0.236793
lib/matplotlib/tests/test_axes.py::1988,0.236793
lib/matplotlib/tests/test_axes.py::1989,0.236793
lib/matplotlib/tests/test_axes.py::1990,0.236793
lib/matplotlib/tests/test_axes.py::1991,0.236793
lib/matplotlib/tests/test_axes.py::1992,0.236793
lib/matplotlib/tests/test_axes.py::1993,0.236793
lib/matplotlib/tests/test_axes.py::2817,0.236793
lib/matplotlib/tests/test_axes.py::2818,0.236793
lib/matplotlib/tests/test_axes.py::2819,0.236793
lib/matplotlib/tests/test_axes.py::2820,0.236793
lib/matplotlib/tests/test_axes.py::2821,0.236793
lib/matplotlib/tests/test_axes.py::3290,0.236793
lib/matplotlib/tests/test_axes.py::3291,0.236793
lib/matplotlib/tests/test_axes.py::3292,0.236793
lib/matplotlib/tests/test_axes.py::3293,0.236793
lib/matplotlib/tests/test_axes.py::3294,0.236793
lib/matplotlib/tests/test_axes.py::3328,0.236793
lib/matplotlib/tests/test_axes.py::3329,0.236793
lib/matplotlib/tests/test_axes.py::3330,0.236793
lib/matplotlib/tests/test_axes.py::3331,0.236793
lib/matplotlib/tests/test_axes.py::3332,0.236793
lib/matplotlib/tests/test_axes.py::3338,0.236793
lib/matplotlib/tests/test_axes.py::3339,0.236793
lib/matplotlib/tests/test_axes.py::3340,0.236793
lib/matplotlib/tests/test_axes.py::3341,0.236793
lib/matplotlib/tests/test_axes.py::3342,0.236793
lib/matplotlib/tests/test_axes.py::3343,0.236793
lib/matplotlib/tests/test_axes.py::3344,0.236793
lib/matplotlib/tests/test_axes.py::3394,0.236793
lib/matplotlib/tests/test_axes.py::3395,0.236793
lib/matplotlib/tests/test_axes.py::3396,0.236793
lib/matplotlib/tests/test_axes.py::3397,0.236793
lib/matplotlib/tests/test_axes.py::3398,0.236793
lib/matplotlib/tests/test_axes.py::3404,0.236793
lib/matplotlib/tests/test_axes.py::3405,0.236793
lib/matplotlib/tests/test_axes.py::3406,0.236793
lib/matplotlib/tests/test_axes.py::3407,0.236793
lib/matplotlib/tests/test_axes.py::3408,0.236793
lib/matplotlib/tests/test_axes.py::3414,0.236793
lib/matplotlib/tests/test_axes.py::3415,0.236793
lib/matplotlib/tests/test_axes.py::3416,0.236793
lib/matplotlib/tests/test_axes.py::3417,0.236793
lib/matplotlib/tests/test_axes.py::3474,0.236793
lib/matplotlib/tests/test_axes.py::3475,0.236793
lib/matplotlib/tests/test_axes.py::3476,0.236793
lib/matplotlib/tests/test_axes.py::3477,0.236793
lib/matplotlib/tests/test_axes.py::3478,0.236793
lib/matplotlib/tests/test_axes.py::3479,0.236793
lib/matplotlib/tests/test_axes.py::3480,0.236793
lib/matplotlib/tests/test_axes.py::3496,0.236793
lib/matplotlib/tests/test_axes.py::3497,0.236793
lib/matplotlib/tests/test_axes.py::3498,0.236793
lib/matplotlib/tests/test_axes.py::3499,0.236793
lib/matplotlib/tests/test_axes.py::3500,0.236793
lib/matplotlib/tests/test_axes.py::3501,0.236793
lib/matplotlib/tests/test_axes.py::3502,0.236793
lib/matplotlib/tests/test_axes.py::3516,0.236793
lib/matplotlib/tests/test_axes.py::3517,0.236793
lib/matplotlib/tests/test_axes.py::3518,0.236793
lib/matplotlib/tests/test_axes.py::3519,0.236793
lib/matplotlib/tests/test_axes.py::3520,0.236793
lib/matplotlib/tests/test_axes.py::3521,0.236793
lib/matplotlib/tests/test_axes.py::3522,0.236793
lib/matplotlib/tests/test_axes.py::3523,0.236793
lib/matplotlib/tests/test_axes.py::3539,0.236793
lib/matplotlib/tests/test_axes.py::3540,0.236793
lib/matplotlib/tests/test_axes.py::3541,0.236793
lib/matplotlib/tests/test_axes.py::3542,0.236793
lib/matplotlib/tests/test_axes.py::3543,0.236793
lib/matplotlib/tests/test_axes.py::3544,0.236793
lib/matplotlib/tests/test_axes.py::3545,0.236793
lib/matplotlib/tests/test_axes.py::3546,0.236793
lib/matplotlib/tests/test_axes.py::3562,0.236793
lib/matplotlib/tests/test_axes.py::3563,0.236793
lib/matplotlib/tests/test_axes.py::3564,0.236793
lib/matplotlib/tests/test_axes.py::3565,0.236793
lib/matplotlib/tests/test_axes.py::3566,0.236793
lib/matplotlib/tests/test_axes.py::3567,0.236793
lib/matplotlib/tests/test_axes.py::3568,0.236793
lib/matplotlib/tests/test_axes.py::3569,0.236793
lib/matplotlib/tests/test_axes.py::3570,0.236793
lib/matplotlib/tests/test_axes.py::3571,0.236793
lib/matplotlib/tests/test_axes.py::3572,0.236793
lib/matplotlib/tests/test_axes.py::3573,0.236793
lib/matplotlib/tests/test_axes.py::3574,0.236793
lib/matplotlib/tests/test_axes.py::3579,0.236793
lib/matplotlib/tests/test_axes.py::3580,0.236793
lib/matplotlib/tests/test_axes.py::3581,0.236793
lib/matplotlib/tests/test_axes.py::4919,0.236793
lib/matplotlib/tests/test_axes.py::4920,0.236793
lib/matplotlib/tests/test_axes.py::4921,0.236793
lib/matplotlib/tests/test_axes.py::4922,0.236793
lib/matplotlib/tests/test_axes.py::4923,0.236793
lib/matplotlib/tests/test_axes.py::4924,0.236793
lib/matplotlib/tests/test_axes.py::4925,0.236793
lib/matplotlib/tests/test_axes.py::4926,0.236793
lib/matplotlib/tests/test_axes.py::5501,0.236793
lib/matplotlib/tests/test_axes.py::5502,0.236793
lib/matplotlib/tests/test_axes.py::5503,0.236793
lib/matplotlib/tests/test_axes.py::5504,0.236793
lib/matplotlib/tests/test_axes.py::5505,0.236793
lib/matplotlib/tests/test_axes.py::5506,0.236793
lib/matplotlib/tests/test_axes.py::5507,0.236793
lib/matplotlib/tests/test_axes.py::6228,0.236793
lib/matplotlib/text.py::126,0.236793
lib/matplotlib/gridspec.py::551,0.214421
lib/matplotlib/gridspec.py::552,0.214421
lib/matplotlib/gridspec.py::553,0.214421
lib/matplotlib/gridspec.py::554,0.214421
lib/matplotlib/gridspec.py::555,0.214421
lib/matplotlib/gridspec.py::557,0.214421
lib/matplotlib/gridspec.py::559,0.214421
lib/matplotlib/gridspec.py::563,0.214421
lib/matplotlib/gridspec.py::567,0.214421
lib/matplotlib/gridspec.py::233,0.210264
lib/matplotlib/cbook/__init__.py::1626,0.204377
lib/matplotlib/cbook/__init__.py::1627,0.204377
lib/matplotlib/__init__.py::1382,0.203097
lib/matplotlib/__init__.py::1383,0.203097
lib/matplotlib/figure.py::1362,0.198144
lib/matplotlib/figure.py::1365,0.198144
lib/matplotlib/ticker.py::2742,0.193928
lib/matplotlib/ticker.py::2743,0.193928
lib/matplotlib/ticker.py::2037,0.193500
lib/matplotlib/axes/_base.py::2786,0.192863
lib/matplotlib/axis.py::443,0.192863
lib/matplotlib/axis.py::514,0.192863
lib/matplotlib/lines.py::70,0.192442
lib/matplotlib/patches.py::318,0.192024
lib/matplotlib/lines.py::45,0.191195
lib/matplotlib/lines.py::46,0.191195
lib/matplotlib/lines.py::61,0.191195
lib/matplotlib/lines.py::62,0.191195
lib/matplotlib/lines.py::63,0.191195
lib/matplotlib/lines.py::44,0.190785
lib/matplotlib/_pylab_helpers.py::83,0.190174
lib/matplotlib/_pylab_helpers.py::84,0.190174
lib/matplotlib/pyplot.py::567,0.189570
lib/matplotlib/artist.py::754,0.185118
lib/matplotlib/artist.py::755,0.185118
lib/matplotlib/artist.py::756,0.185118
lib/matplotlib/artist.py::757,0.185118
lib/matplotlib/axes/_base.py::562,0.185118
lib/matplotlib/axes/_base.py::563,0.185118
lib/matplotlib/axes/_base.py::564,0.185118
lib/matplotlib/axes/_base.py::565,0.185118
lib/matplotlib/axes/_base.py::566,0.185118
lib/matplotlib/axes/_base.py::567,0.185118
lib/matplotlib/axes/_base.py::568,0.185118
lib/matplotlib/axes/_base.py::632,0.185118
lib/matplotlib/axes/_base.py::637,0.185118
lib/matplotlib/axes/_base.py::638,0.185118
lib/matplotlib/axes/_base.py::642,0.185118
lib/matplotlib/axes/_base.py::643,0.185118
lib/matplotlib/axes/_base.py::648,0.185118
lib/matplotlib/axes/_base.py::650,0.185118
lib/matplotlib/axes/_base.py::651,0.185118
lib/matplotlib/axes/_base.py::652,0.185118
lib/matplotlib/axes/_base.py::653,0.185118
lib/matplotlib/axes/_base.py::668,0.185118
lib/matplotlib/axes/_base.py::669,0.185118
lib/matplotlib/axes/_base.py::670,0.185118
lib/matplotlib/axes/_base.py::672,0.185118
lib/matplotlib/axes/_base.py::673,0.185118
lib/matplotlib/axes/_base.py::675,0.185118
lib/matplotlib/axes/_base.py::699,0.185118
lib/matplotlib/axes/_base.py::700,0.185118
lib/matplotlib/axes/_base.py::701,0.185118
lib/matplotlib/axes/_base.py::702,0.185118
lib/matplotlib/axes/_base.py::703,0.185118
lib/matplotlib/axes/_base.py::725,0.185118
lib/matplotlib/axes/_base.py::726,0.185118
lib/matplotlib/axes/_base.py::727,0.185118
lib/matplotlib/axes/_base.py::728,0.185118
lib/matplotlib/axes/_base.py::729,0.185118
lib/matplotlib/axes/_base.py::744,0.185118
lib/matplotlib/axes/_base.py::745,0.185118
lib/matplotlib/axes/_base.py::746,0.185118
lib/matplotlib/axes/_base.py::748,0.185118
lib/matplotlib/axes/_base.py::749,0.185118
lib/matplotlib/axes/_base.py::751,0.185118
lib/matplotlib/axes/_base.py::775,0.185118
lib/matplotlib/axes/_base.py::776,0.185118
lib/matplotlib/axes/_base.py::777,0.185118
lib/matplotlib/axes/_base.py::778,0.185118
lib/matplotlib/axes/_base.py::779,0.185118
lib/matplotlib/axes/_base.py::801,0.185118
lib/matplotlib/axes/_base.py::802,0.185118
lib/matplotlib/axes/_base.py::803,0.185118
lib/matplotlib/axes/_base.py::804,0.185118
lib/matplotlib/axes/_base.py::805,0.185118
lib/matplotlib/axes/_base.py::935,0.185118
lib/matplotlib/axes/_base.py::952,0.185118
lib/matplotlib/axes/_base.py::953,0.185118
lib/matplotlib/spines.py::216,0.185118
lib/matplotlib/spines.py::218,0.185118
lib/matplotlib/spines.py::219,0.185118
lib/matplotlib/spines.py::229,0.185118
lib/matplotlib/spines.py::230,0.185118
lib/matplotlib/spines.py::231,0.185118
lib/matplotlib/spines.py::232,0.185118
lib/matplotlib/spines.py::238,0.185118
lib/matplotlib/spines.py::372,0.185118
lib/matplotlib/spines.py::375,0.185118
lib/matplotlib/spines.py::377,0.185118
lib/matplotlib/spines.py::380,0.185118
lib/matplotlib/spines.py::381,0.185118
lib/matplotlib/spines.py::382,0.185118
lib/matplotlib/spines.py::383,0.185118
lib/matplotlib/spines.py::384,0.185118
lib/matplotlib/spines.py::393,0.185118
lib/matplotlib/spines.py::395,0.185118
lib/matplotlib/spines.py::396,0.185118
lib/matplotlib/spines.py::401,0.185118
lib/matplotlib/spines.py::402,0.185118
lib/matplotlib/spines.py::403,0.185118
lib/matplotlib/spines.py::404,0.185118
lib/matplotlib/spines.py::405,0.185118
lib/matplotlib/spines.py::406,0.185118
lib/matplotlib/spines.py::407,0.185118
lib/matplotlib/spines.py::408,0.185118
lib/matplotlib/spines.py::412,0.185118
lib/matplotlib/spines.py::413,0.185118
lib/matplotlib/spines.py::414,0.185118
lib/matplotlib/spines.py::492,0.185118
lib/matplotlib/spines.py::493,0.185118
lib/matplotlib/spines.py::494,0.185118
lib/matplotlib/spines.py::495,0.185118
lib/matplotlib/transforms.py::2042,0.185118
lib/matplotlib/transforms.py::2043,0.185118
lib/matplotlib/transforms.py::2044,0.185118
lib/matplotlib/transforms.py::2045,0.185118
lib/matplotlib/transforms.py::2046,0.185118
lib/matplotlib/transforms.py::2177,0.185118
lib/matplotlib/projections/__init__.py::51,0.184932
lib/matplotlib/axis.py::1852,0.184375
lib/matplotlib/axis.py::1853,0.184375
lib/matplotlib/axis.py::1855,0.184375
lib/matplotlib/axis.py::1856,0.184375
lib/matplotlib/axis.py::2144,0.184375
lib/matplotlib/axis.py::2145,0.184375
lib/matplotlib/axis.py::2147,0.184375
lib/matplotlib/axis.py::2148,0.184375
lib/matplotlib/figure.py::1360,0.182022
lib/matplotlib/axes/_subplots.py::44,0.181141
lib/matplotlib/axes/_subplots.py::45,0.181141
lib/matplotlib/rcsetup.py::200,0.181141
lib/matplotlib/rcsetup.py::201,0.181141
lib/matplotlib/style/core.py::111,0.181141
lib/matplotlib/style/core.py::112,0.181141
lib/matplotlib/style/core.py::99,0.181141
lib/matplotlib/gridspec.py::301,0.180966
lib/matplotlib/gridspec.py::523,0.180966
lib/matplotlib/axes/_subplots.py::43,0.180792
lib/matplotlib/figure.py::1413,0.180792
lib/matplotlib/axes/_subplots.py::35,0.180618
lib/matplotlib/axes/_subplots.py::36,0.180618
lib/matplotlib/axes/_subplots.py::37,0.180618
lib/matplotlib/axes/_subplots.py::39,0.180618
lib/matplotlib/axes/_subplots.py::82,0.180618
lib/matplotlib/axes/_subplots.py::95,0.180618
lib/matplotlib/axes/_subplots.py::96,0.180618
lib/matplotlib/figure.py::1351,0.180618
lib/matplotlib/figure.py::1357,0.180618
lib/matplotlib/figure.py::1358,0.180618
lib/matplotlib/figure.py::1383,0.180618
lib/matplotlib/figure.py::1393,0.180618
lib/matplotlib/figure.py::1396,0.180618
lib/matplotlib/figure.py::1398,0.180618
lib/matplotlib/figure.py::1411,0.180618
lib/matplotlib/gridspec.py::100,0.180618
lib/matplotlib/gridspec.py::103,0.180618
lib/matplotlib/gridspec.py::120,0.180618
lib/matplotlib/gridspec.py::123,0.180618
lib/matplotlib/gridspec.py::154,0.180618
lib/matplotlib/gridspec.py::156,0.180618
lib/matplotlib/gridspec.py::164,0.180618
lib/matplotlib/gridspec.py::165,0.180618
lib/matplotlib/gridspec.py::166,0.180618
lib/matplotlib/gridspec.py::167,0.180618
lib/matplotlib/gridspec.py::168,0.180618
lib/matplotlib/gridspec.py::169,0.180618
lib/matplotlib/gridspec.py::170,0.180618
lib/matplotlib/gridspec.py::171,0.180618
lib/matplotlib/gridspec.py::172,0.180618
lib/matplotlib/gridspec.py::175,0.180618
lib/matplotlib/gridspec.py::176,0.180618
lib/matplotlib/gridspec.py::177,0.180618
lib/matplotlib/gridspec.py::181,0.180618
lib/matplotlib/gridspec.py::182,0.180618
lib/matplotlib/gridspec.py::183,0.180618
lib/matplotlib/gridspec.py::186,0.180618
lib/matplotlib/gridspec.py::187,0.180618
lib/matplotlib/gridspec.py::188,0.180618
lib/matplotlib/gridspec.py::192,0.180618
lib/matplotlib/gridspec.py::193,0.180618
lib/matplotlib/gridspec.py::194,0.180618
lib/matplotlib/gridspec.py::196,0.180618
lib/matplotlib/gridspec.py::197,0.180618
lib/matplotlib/gridspec.py::198,0.180618
lib/matplotlib/gridspec.py::202,0.180618
lib/matplotlib/gridspec.py::204,0.180618
lib/matplotlib/gridspec.py::205,0.180618
lib/matplotlib/gridspec.py::206,0.180618
lib/matplotlib/gridspec.py::213,0.180618
lib/matplotlib/gridspec.py::215,0.180618
lib/matplotlib/gridspec.py::216,0.180618
lib/matplotlib/gridspec.py::224,0.180618
lib/matplotlib/gridspec.py::235,0.180618
lib/matplotlib/gridspec.py::288,0.180618
lib/matplotlib/gridspec.py::289,0.180618
lib/matplotlib/gridspec.py::290,0.180618
lib/matplotlib/gridspec.py::291,0.180618
lib/matplotlib/gridspec.py::292,0.180618
lib/matplotlib/gridspec.py::293,0.180618
lib/matplotlib/gridspec.py::294,0.180618
lib/matplotlib/gridspec.py::296,0.180618
lib/matplotlib/gridspec.py::297,0.180618
lib/matplotlib/gridspec.py::298,0.180618
lib/matplotlib/gridspec.py::300,0.180618
lib/matplotlib/gridspec.py::376,0.180618
lib/matplotlib/gridspec.py::380,0.180618
lib/matplotlib/gridspec.py::382,0.180618
lib/matplotlib/gridspec.py::384,0.180618
lib/matplotlib/gridspec.py::46,0.180618
lib/matplotlib/gridspec.py::47,0.180618
lib/matplotlib/gridspec.py::48,0.180618
lib/matplotlib/gridspec.py::509,0.180618
lib/matplotlib/gridspec.py::510,0.180618
lib/matplotlib/gridspec.py::511,0.180618
lib/matplotlib/gridspec.py::512,0.180618
lib/matplotlib/gridspec.py::538,0.180618
lib/matplotlib/gridspec.py::577,0.180618
lib/matplotlib/gridspec.py::581,0.180618
lib/matplotlib/gridspec.py::597,0.180618
lib/matplotlib/gridspec.py::638,0.180618
lib/matplotlib/gridspec.py::639,0.180618
lib/matplotlib/gridspec.py::640,0.180618
lib/matplotlib/gridspec.py::642,0.180618
lib/matplotlib/gridspec.py::644,0.180618
lib/matplotlib/gridspec.py::645,0.180618
lib/matplotlib/gridspec.py::646,0.180618
lib/matplotlib/gridspec.py::647,0.180618
lib/matplotlib/gridspec.py::648,0.180618
lib/matplotlib/gridspec.py::650,0.180618
lib/matplotlib/gridspec.py::651,0.180618
lib/matplotlib/gridspec.py::71,0.180618
lib/matplotlib/pyplot.py::555,0.180445
lib/matplotlib/axes/_base.py::422,0.180100
lib/matplotlib/patches.py::768,0.180100
lib/matplotlib/patches.py::769,0.180100
lib/matplotlib/patches.py::770,0.180100
lib/matplotlib/patches.py::771,0.180100
lib/matplotlib/patches.py::772,0.180100
lib/matplotlib/patches.py::773,0.180100
lib/matplotlib/patches.py::783,0.180100
lib/matplotlib/patches.py::784,0.180100
lib/matplotlib/patches.py::785,0.180100
lib/matplotlib/patches.py::786,0.180100
lib/matplotlib/patches.py::787,0.180100
lib/matplotlib/patches.py::790,0.180100
lib/matplotlib/patches.py::791,0.180100
lib/matplotlib/transforms.py::1883,0.180100
lib/matplotlib/transforms.py::1884,0.180100
lib/matplotlib/pyplot.py::557,0.179928
lib/matplotlib/transforms.py::1846,0.179757
lib/matplotlib/transforms.py::1847,0.179757
lib/matplotlib/transforms.py::1848,0.179757
lib/matplotlib/transforms.py::1849,0.179757
lib/matplotlib/transforms.py::1850,0.179757
lib/matplotlib/transforms.py::1851,0.179757
lib/matplotlib/transforms.py::1852,0.179757
lib/matplotlib/transforms.py::1862,0.179757
lib/matplotlib/spines.py::488,0.179586
lib/matplotlib/spines.py::489,0.179586
lib/matplotlib/spines.py::490,0.179586
lib/matplotlib/spines.py::491,0.179586
lib/matplotlib/spines.py::498,0.179586
lib/matplotlib/spines.py::499,0.179586
lib/matplotlib/spines.py::501,0.179586
lib/matplotlib/transforms.py::2485,0.179586
lib/matplotlib/transforms.py::2488,0.179586
lib/matplotlib/transforms.py::2489,0.179586
lib/matplotlib/transforms.py::2490,0.179586
lib/matplotlib/transforms.py::2491,0.179586
lib/matplotlib/transforms.py::2492,0.179586
lib/matplotlib/transforms.py::179,0.179246
lib/matplotlib/transforms.py::180,0.179246
lib/matplotlib/transforms.py::181,0.179246
lib/matplotlib/transforms.py::182,0.179246
lib/matplotlib/transforms.py::2226,0.179246
lib/matplotlib/transforms.py::2227,0.179246
lib/matplotlib/transforms.py::2232,0.179246
lib/matplotlib/transforms.py::2233,0.179246
lib/matplotlib/transforms.py::2249,0.179246
lib/matplotlib/__init__.py::1145,0.179077
lib/matplotlib/backend_bases.py::2581,0.179077
lib/matplotlib/cbook/__init__.py::222,0.179077
lib/matplotlib/cbook/__init__.py::223,0.179077
lib/matplotlib/cbook/__init__.py::224,0.179077
lib/matplotlib/cbook/__init__.py::225,0.179077
lib/matplotlib/cbook/__init__.py::94,0.179077
lib/matplotlib/figure.py::505,0.179077
lib/matplotlib/pyplot.py::637,0.179077
lib/matplotlib/__init__.py::1133,0.178908
lib/matplotlib/_pylab_helpers.py::111,0.178908
lib/matplotlib/_pylab_helpers.py::112,0.178908
lib/matplotlib/_pylab_helpers.py::113,0.178908
lib/matplotlib/_pylab_helpers.py::114,0.178908
lib/matplotlib/_pylab_helpers.py::115,0.178908
lib/matplotlib/_pylab_helpers.py::116,0.178908
lib/matplotlib/_pylab_helpers.py::117,0.178908
lib/matplotlib/_pylab_helpers.py::119,0.178908
lib/matplotlib/_pylab_helpers.py::124,0.178908
lib/matplotlib/_pylab_helpers.py::125,0.178908
lib/matplotlib/_pylab_helpers.py::40,0.178908
lib/matplotlib/_pylab_helpers.py::41,0.178908
lib/matplotlib/_pylab_helpers.py::43,0.178908
lib/matplotlib/artist.py::1012,0.178908
lib/matplotlib/artist.py::1013,0.178908
lib/matplotlib/artist.py::1016,0.178908
lib/matplotlib/artist.py::1017,0.178908
lib/matplotlib/artist.py::1032,0.178908
lib/matplotlib/artist.py::1034,0.178908
lib/matplotlib/artist.py::1035,0.178908
lib/matplotlib/artist.py::1036,0.178908
lib/matplotlib/artist.py::1083,0.178908
lib/matplotlib/artist.py::1084,0.178908
lib/matplotlib/artist.py::1085,0.178908
lib/matplotlib/artist.py::1086,0.178908
lib/matplotlib/artist.py::1087,0.178908
lib/matplotlib/artist.py::1196,0.178908
lib/matplotlib/artist.py::174,0.178908
lib/matplotlib/artist.py::175,0.178908
lib/matplotlib/artist.py::176,0.178908
lib/matplotlib/artist.py::177,0.178908
lib/matplotlib/artist.py::186,0.178908
lib/matplotlib/artist.py::187,0.178908
lib/matplotlib/artist.py::188,0.178908
lib/matplotlib/artist.py::189,0.178908
lib/matplotlib/artist.py::194,0.178908
lib/matplotlib/artist.py::205,0.178908
lib/matplotlib/artist.py::354,0.178908
lib/matplotlib/artist.py::371,0.178908
lib/matplotlib/artist.py::373,0.178908
lib/matplotlib/artist.py::376,0.178908
lib/matplotlib/artist.py::53,0.178908
lib/matplotlib/artist.py::54,0.178908
lib/matplotlib/artist.py::720,0.178908
lib/matplotlib/artist.py::721,0.178908
lib/matplotlib/artist.py::722,0.178908
lib/matplotlib/artist.py::749,0.178908
lib/matplotlib/artist.py::751,0.178908
lib/matplotlib/artist.py::752,0.178908
lib/matplotlib/artist.py::753,0.178908
lib/matplotlib/artist.py::764,0.178908
lib/matplotlib/artist.py::767,0.178908
lib/matplotlib/artist.py::770,0.178908
lib/matplotlib/artist.py::773,0.178908
lib/matplotlib/artist.py::777,0.178908
lib/matplotlib/artist.py::783,0.178908
lib/matplotlib/artist.py::784,0.178908
lib/matplotlib/artist.py::795,0.178908
lib/matplotlib/artist.py::929,0.178908
lib/matplotlib/artist.py::931,0.178908
lib/matplotlib/artist.py::932,0.178908
lib/matplotlib/artist.py::933,0.178908
lib/matplotlib/axes/_base.py::1001,0.178908
lib/matplotlib/axes/_base.py::1002,0.178908
lib/matplotlib/axes/_base.py::1003,0.178908
lib/matplotlib/axes/_base.py::1007,0.178908
lib/matplotlib/axes/_base.py::1010,0.178908
lib/matplotlib/axes/_base.py::1013,0.178908
lib/matplotlib/axes/_base.py::1014,0.178908
lib/matplotlib/axes/_base.py::1015,0.178908
lib/matplotlib/axes/_base.py::1016,0.178908
lib/matplotlib/axes/_base.py::1017,0.178908
lib/matplotlib/axes/_base.py::1018,0.178908
lib/matplotlib/axes/_base.py::1019,0.178908
lib/matplotlib/axes/_base.py::1020,0.178908
lib/matplotlib/axes/_base.py::1021,0.178908
lib/matplotlib/axes/_base.py::1023,0.178908
lib/matplotlib/axes/_base.py::1024,0.178908
lib/matplotlib/axes/_base.py::1026,0.178908
lib/matplotlib/axes/_base.py::1027,0.178908
lib/matplotlib/axes/_base.py::1028,0.178908
lib/matplotlib/axes/_base.py::1029,0.178908
lib/matplotlib/axes/_base.py::1030,0.178908
lib/matplotlib/axes/_base.py::1031,0.178908
lib/matplotlib/axes/_base.py::1032,0.178908
lib/matplotlib/axes/_base.py::1033,0.178908
lib/matplotlib/axes/_base.py::1034,0.178908
lib/matplotlib/axes/_base.py::1035,0.178908
lib/matplotlib/axes/_base.py::1036,0.178908
lib/matplotlib/axes/_base.py::1037,0.178908
lib/matplotlib/axes/_base.py::1038,0.178908
lib/matplotlib/axes/_base.py::1040,0.178908
lib/matplotlib/axes/_base.py::1041,0.178908
lib/matplotlib/axes/_base.py::1042,0.178908
lib/matplotlib/axes/_base.py::1043,0.178908
lib/matplotlib/axes/_base.py::1044,0.178908
lib/matplotlib/axes/_base.py::1045,0.178908
lib/matplotlib/axes/_base.py::1047,0.178908
lib/matplotlib/axes/_base.py::1048,0.178908
lib/matplotlib/axes/_base.py::1049,0.178908
lib/matplotlib/axes/_base.py::1050,0.178908
lib/matplotlib/axes/_base.py::1051,0.178908
lib/matplotlib/axes/_base.py::1053,0.178908
lib/matplotlib/axes/_base.py::1054,0.178908
lib/matplotlib/axes/_base.py::1055,0.178908
lib/matplotlib/axes/_base.py::1056,0.178908
lib/matplotlib/axes/_base.py::1057,0.178908
lib/matplotlib/axes/_base.py::1058,0.178908
lib/matplotlib/axes/_base.py::1059,0.178908
lib/matplotlib/axes/_base.py::1060,0.178908
lib/matplotlib/axes/_base.py::1061,0.178908
lib/matplotlib/axes/_base.py::1062,0.178908
lib/matplotlib/axes/_base.py::1064,0.178908
lib/matplotlib/axes/_base.py::1067,0.178908
lib/matplotlib/axes/_base.py::1069,0.178908
lib/matplotlib/axes/_base.py::1071,0.178908
lib/matplotlib/axes/_base.py::1072,0.178908
lib/matplotlib/axes/_base.py::1077,0.178908
lib/matplotlib/axes/_base.py::1078,0.178908
lib/matplotlib/axes/_base.py::1079,0.178908
lib/matplotlib/axes/_base.py::1080,0.178908
lib/matplotlib/axes/_base.py::1081,0.178908
lib/matplotlib/axes/_base.py::1082,0.178908
lib/matplotlib/axes/_base.py::1084,0.178908
lib/matplotlib/axes/_base.py::1086,0.178908
lib/matplotlib/axes/_base.py::1087,0.178908
lib/matplotlib/axes/_base.py::1089,0.178908
lib/matplotlib/axes/_base.py::1090,0.178908
lib/matplotlib/axes/_base.py::1091,0.178908
lib/matplotlib/axes/_base.py::1095,0.178908
lib/matplotlib/axes/_base.py::1099,0.178908
lib/matplotlib/axes/_base.py::1126,0.178908
lib/matplotlib/axes/_base.py::1127,0.178908
lib/matplotlib/axes/_base.py::1128,0.178908
lib/matplotlib/axes/_base.py::1129,0.178908
lib/matplotlib/axes/_base.py::1130,0.178908
lib/matplotlib/axes/_base.py::1131,0.178908
lib/matplotlib/axes/_base.py::130,0.178908
lib/matplotlib/axes/_base.py::131,0.178908
lib/matplotlib/axes/_base.py::132,0.178908
lib/matplotlib/axes/_base.py::1383,0.178908
lib/matplotlib/axes/_base.py::1384,0.178908
lib/matplotlib/axes/_base.py::1386,0.178908
lib/matplotlib/axes/_base.py::1393,0.178908
lib/matplotlib/axes/_base.py::1394,0.178908
lib/matplotlib/axes/_base.py::1395,0.178908
lib/matplotlib/axes/_base.py::144,0.178908
lib/matplotlib/axes/_base.py::145,0.178908
lib/matplotlib/axes/_base.py::149,0.178908
lib/matplotlib/axes/_base.py::151,0.178908
lib/matplotlib/axes/_base.py::2106,0.178908
lib/matplotlib/axes/_base.py::2108,0.178908
lib/matplotlib/axes/_base.py::2111,0.178908
lib/matplotlib/axes/_base.py::2113,0.178908
lib/matplotlib/axes/_base.py::2114,0.178908
lib/matplotlib/axes/_base.py::2117,0.178908
lib/matplotlib/axes/_base.py::2129,0.178908
lib/matplotlib/axes/_base.py::2131,0.178908
lib/matplotlib/axes/_base.py::2132,0.178908
lib/matplotlib/axes/_base.py::2133,0.178908
lib/matplotlib/axes/_base.py::2527,0.178908
lib/matplotlib/axes/_base.py::2782,0.178908
lib/matplotlib/axes/_base.py::2783,0.178908
lib/matplotlib/axes/_base.py::2785,0.178908
lib/matplotlib/axes/_base.py::2791,0.178908
lib/matplotlib/axes/_base.py::2792,0.178908
lib/matplotlib/axes/_base.py::2793,0.178908
lib/matplotlib/axes/_base.py::2832,0.178908
lib/matplotlib/axes/_base.py::2834,0.178908
lib/matplotlib/axes/_base.py::2835,0.178908
lib/matplotlib/axes/_base.py::2836,0.178908
lib/matplotlib/axes/_base.py::2837,0.178908
lib/matplotlib/axes/_base.py::2838,0.178908
lib/matplotlib/axes/_base.py::3020,0.178908
lib/matplotlib/axes/_base.py::3021,0.178908
lib/matplotlib/axes/_base.py::3022,0.178908
lib/matplotlib/axes/_base.py::3023,0.178908
lib/matplotlib/axes/_base.py::3024,0.178908
lib/matplotlib/axes/_base.py::3025,0.178908
lib/matplotlib/axes/_base.py::3026,0.178908
lib/matplotlib/axes/_base.py::3027,0.178908
lib/matplotlib/axes/_base.py::3028,0.178908
lib/matplotlib/axes/_base.py::3029,0.178908
lib/matplotlib/axes/_base.py::3030,0.178908
lib/matplotlib/axes/_base.py::3031,0.178908
lib/matplotlib/axes/_base.py::3032,0.178908
lib/matplotlib/axes/_base.py::3033,0.178908
lib/matplotlib/axes/_base.py::3034,0.178908
lib/matplotlib/axes/_base.py::3051,0.178908
lib/matplotlib/axes/_base.py::3052,0.178908
lib/matplotlib/axes/_base.py::3163,0.178908
lib/matplotlib/axes/_base.py::3164,0.178908
lib/matplotlib/axes/_base.py::3165,0.178908
lib/matplotlib/axes/_base.py::3166,0.178908
lib/matplotlib/axes/_base.py::3168,0.178908
lib/matplotlib/axes/_base.py::3238,0.178908
lib/matplotlib/axes/_base.py::3240,0.178908
lib/matplotlib/axes/_base.py::3244,0.178908
lib/matplotlib/axes/_base.py::3249,0.178908
lib/matplotlib/axes/_base.py::3250,0.178908
lib/matplotlib/axes/_base.py::3251,0.178908
lib/matplotlib/axes/_base.py::3253,0.178908
lib/matplotlib/axes/_base.py::3262,0.178908
lib/matplotlib/axes/_base.py::3278,0.178908
lib/matplotlib/axes/_base.py::3282,0.178908
lib/matplotlib/axes/_base.py::3283,0.178908
lib/matplotlib/axes/_base.py::3284,0.178908
lib/matplotlib/axes/_base.py::3286,0.178908
lib/matplotlib/axes/_base.py::3288,0.178908
lib/matplotlib/axes/_base.py::3289,0.178908
lib/matplotlib/axes/_base.py::3290,0.178908
lib/matplotlib/axes/_base.py::3292,0.178908
lib/matplotlib/axes/_base.py::3293,0.178908
lib/matplotlib/axes/_base.py::3295,0.178908
lib/matplotlib/axes/_base.py::3296,0.178908
lib/matplotlib/axes/_base.py::3301,0.178908
lib/matplotlib/axes/_base.py::3302,0.178908
lib/matplotlib/axes/_base.py::3312,0.178908
lib/matplotlib/axes/_base.py::3631,0.178908
lib/matplotlib/axes/_base.py::3633,0.178908
lib/matplotlib/axes/_base.py::3637,0.178908
lib/matplotlib/axes/_base.py::3642,0.178908
lib/matplotlib/axes/_base.py::3643,0.178908
lib/matplotlib/axes/_base.py::3644,0.178908
lib/matplotlib/axes/_base.py::3646,0.178908
lib/matplotlib/axes/_base.py::3655,0.178908
lib/matplotlib/axes/_base.py::3671,0.178908
lib/matplotlib/axes/_base.py::3676,0.178908
lib/matplotlib/axes/_base.py::3677,0.178908
lib/matplotlib/axes/_base.py::3678,0.178908
lib/matplotlib/axes/_base.py::3680,0.178908
lib/matplotlib/axes/_base.py::3682,0.178908
lib/matplotlib/axes/_base.py::3683,0.178908
lib/matplotlib/axes/_base.py::3684,0.178908
lib/matplotlib/axes/_base.py::3686,0.178908
lib/matplotlib/axes/_base.py::3687,0.178908
lib/matplotlib/axes/_base.py::3689,0.178908
lib/matplotlib/axes/_base.py::3690,0.178908
lib/matplotlib/axes/_base.py::3695,0.178908
lib/matplotlib/axes/_base.py::3696,0.178908
lib/matplotlib/axes/_base.py::3706,0.178908
lib/matplotlib/axes/_base.py::3966,0.178908
lib/matplotlib/axes/_base.py::3982,0.178908
lib/matplotlib/axes/_base.py::444,0.178908
lib/matplotlib/axes/_base.py::445,0.178908
lib/matplotlib/axes/_base.py::446,0.178908
lib/matplotlib/axes/_base.py::447,0.178908
lib/matplotlib/axes/_base.py::449,0.178908
lib/matplotlib/axes/_base.py::452,0.178908
lib/matplotlib/axes/_base.py::453,0.178908
lib/matplotlib/axes/_base.py::454,0.178908
lib/matplotlib/axes/_base.py::455,0.178908
lib/matplotlib/axes/_base.py::456,0.178908
lib/matplotlib/axes/_base.py::457,0.178908
lib/matplotlib/axes/_base.py::459,0.178908
lib/matplotlib/axes/_base.py::460,0.178908
lib/matplotlib/axes/_base.py::463,0.178908
lib/matplotlib/axes/_base.py::464,0.178908
lib/matplotlib/axes/_base.py::466,0.178908
lib/matplotlib/axes/_base.py::467,0.178908
lib/matplotlib/axes/_base.py::469,0.178908
lib/matplotlib/axes/_base.py::471,0.178908
lib/matplotlib/axes/_base.py::474,0.178908
lib/matplotlib/axes/_base.py::476,0.178908
lib/matplotlib/axes/_base.py::477,0.178908
lib/matplotlib/axes/_base.py::478,0.178908
lib/matplotlib/axes/_base.py::480,0.178908
lib/matplotlib/axes/_base.py::481,0.178908
lib/matplotlib/axes/_base.py::482,0.178908
lib/matplotlib/axes/_base.py::484,0.178908
lib/matplotlib/axes/_base.py::485,0.178908
lib/matplotlib/axes/_base.py::486,0.178908
lib/matplotlib/axes/_base.py::487,0.178908
lib/matplotlib/axes/_base.py::488,0.178908
lib/matplotlib/axes/_base.py::490,0.178908
lib/matplotlib/axes/_base.py::491,0.178908
lib/matplotlib/axes/_base.py::492,0.178908
lib/matplotlib/axes/_base.py::493,0.178908
lib/matplotlib/axes/_base.py::494,0.178908
lib/matplotlib/axes/_base.py::495,0.178908
lib/matplotlib/axes/_base.py::496,0.178908
lib/matplotlib/axes/_base.py::498,0.178908
lib/matplotlib/axes/_base.py::500,0.178908
lib/matplotlib/axes/_base.py::501,0.178908
lib/matplotlib/axes/_base.py::502,0.178908
lib/matplotlib/axes/_base.py::503,0.178908
lib/matplotlib/axes/_base.py::505,0.178908
lib/matplotlib/axes/_base.py::506,0.178908
lib/matplotlib/axes/_base.py::507,0.178908
lib/matplotlib/axes/_base.py::508,0.178908
lib/matplotlib/axes/_base.py::509,0.178908
lib/matplotlib/axes/_base.py::510,0.178908
lib/matplotlib/axes/_base.py::511,0.178908
lib/matplotlib/axes/_base.py::513,0.178908
lib/matplotlib/axes/_base.py::515,0.178908
lib/matplotlib/axes/_base.py::516,0.178908
lib/matplotlib/axes/_base.py::578,0.178908
lib/matplotlib/axes/_base.py::580,0.178908
lib/matplotlib/axes/_base.py::581,0.178908
lib/matplotlib/axes/_base.py::583,0.178908
lib/matplotlib/axes/_base.py::584,0.178908
lib/matplotlib/axes/_base.py::585,0.178908
lib/matplotlib/axes/_base.py::586,0.178908
lib/matplotlib/axes/_base.py::588,0.178908
lib/matplotlib/axes/_base.py::808,0.178908
lib/matplotlib/axes/_base.py::809,0.178908
lib/matplotlib/axes/_base.py::810,0.178908
lib/matplotlib/axes/_base.py::811,0.178908
lib/matplotlib/axes/_base.py::912,0.178908
lib/matplotlib/axes/_base.py::913,0.178908
lib/matplotlib/axes/_base.py::916,0.178908
lib/matplotlib/axes/_base.py::917,0.178908
lib/matplotlib/axes/_base.py::960,0.178908
lib/matplotlib/axes/_base.py::963,0.178908
lib/matplotlib/axes/_base.py::965,0.178908
lib/matplotlib/axes/_base.py::966,0.178908
lib/matplotlib/axes/_base.py::968,0.178908
lib/matplotlib/axes/_base.py::969,0.178908
lib/matplotlib/axes/_base.py::971,0.178908
lib/matplotlib/axes/_base.py::972,0.178908
lib/matplotlib/axes/_base.py::974,0.178908
lib/matplotlib/axes/_base.py::975,0.178908
lib/matplotlib/axes/_base.py::977,0.178908
lib/matplotlib/axes/_base.py::987,0.178908
lib/matplotlib/axes/_base.py::988,0.178908
lib/matplotlib/axes/_base.py::989,0.178908
lib/matplotlib/axes/_base.py::993,0.178908
lib/matplotlib/axis.py::101,0.178908
lib/matplotlib/axis.py::102,0.178908
lib/matplotlib/axis.py::104,0.178908
lib/matplotlib/axis.py::106,0.178908
lib/matplotlib/axis.py::107,0.178908
lib/matplotlib/axis.py::108,0.178908
lib/matplotlib/axis.py::110,0.178908
lib/matplotlib/axis.py::111,0.178908
lib/matplotlib/axis.py::112,0.178908
lib/matplotlib/axis.py::114,0.178908
lib/matplotlib/axis.py::115,0.178908
lib/matplotlib/axis.py::117,0.178908
lib/matplotlib/axis.py::118,0.178908
lib/matplotlib/axis.py::119,0.178908
lib/matplotlib/axis.py::121,0.178908
lib/matplotlib/axis.py::122,0.178908
lib/matplotlib/axis.py::124,0.178908
lib/matplotlib/axis.py::125,0.178908
lib/matplotlib/axis.py::127,0.178908
lib/matplotlib/axis.py::129,0.178908
lib/matplotlib/axis.py::130,0.178908
lib/matplotlib/axis.py::1304,0.178908
lib/matplotlib/axis.py::131,0.178908
lib/matplotlib/axis.py::133,0.178908
lib/matplotlib/axis.py::134,0.178908
lib/matplotlib/axis.py::136,0.178908
lib/matplotlib/axis.py::1368,0.178908
lib/matplotlib/axis.py::137,0.178908
lib/matplotlib/axis.py::1374,0.178908
lib/matplotlib/axis.py::1375,0.178908
lib/matplotlib/axis.py::1376,0.178908
lib/matplotlib/axis.py::1378,0.178908
lib/matplotlib/axis.py::138,0.178908
lib/matplotlib/axis.py::1385,0.178908
lib/matplotlib/axis.py::1386,0.178908
lib/matplotlib/axis.py::1389,0.178908
lib/matplotlib/axis.py::139,0.178908
lib/matplotlib/axis.py::1390,0.178908
lib/matplotlib/axis.py::1391,0.178908
lib/matplotlib/axis.py::1392,0.178908
lib/matplotlib/axis.py::140,0.178908
lib/matplotlib/axis.py::1400,0.178908
lib/matplotlib/axis.py::1401,0.178908
lib/matplotlib/axis.py::1402,0.178908
lib/matplotlib/axis.py::141,0.178908
lib/matplotlib/axis.py::142,0.178908
lib/matplotlib/axis.py::143,0.178908
lib/matplotlib/axis.py::144,0.178908
lib/matplotlib/axis.py::1450,0.178908
lib/matplotlib/axis.py::1454,0.178908
lib/matplotlib/axis.py::1455,0.178908
lib/matplotlib/axis.py::146,0.178908
lib/matplotlib/axis.py::1477,0.178908
lib/matplotlib/axis.py::1478,0.178908
lib/matplotlib/axis.py::148,0.178908
lib/matplotlib/axis.py::149,0.178908
lib/matplotlib/axis.py::150,0.178908
lib/matplotlib/axis.py::151,0.178908
lib/matplotlib/axis.py::1518,0.178908
lib/matplotlib/axis.py::1519,0.178908
lib/matplotlib/axis.py::1524,0.178908
lib/matplotlib/axis.py::1525,0.178908
lib/matplotlib/axis.py::1526,0.178908
lib/matplotlib/axis.py::1527,0.178908
lib/matplotlib/axis.py::153,0.178908
lib/matplotlib/axis.py::1537,0.178908
lib/matplotlib/axis.py::1538,0.178908
lib/matplotlib/axis.py::154,0.178908
lib/matplotlib/axis.py::1543,0.178908
lib/matplotlib/axis.py::1544,0.178908
lib/matplotlib/axis.py::1545,0.178908
lib/matplotlib/axis.py::1546,0.178908
lib/matplotlib/axis.py::155,0.178908
lib/matplotlib/axis.py::1556,0.178908
lib/matplotlib/axis.py::1557,0.178908
lib/matplotlib/axis.py::1558,0.178908
lib/matplotlib/axis.py::1559,0.178908
lib/matplotlib/axis.py::156,0.178908
lib/matplotlib/axis.py::1560,0.178908
lib/matplotlib/axis.py::1561,0.178908
lib/matplotlib/axis.py::1562,0.178908
lib/matplotlib/axis.py::1572,0.178908
lib/matplotlib/axis.py::1573,0.178908
lib/matplotlib/axis.py::1574,0.178908
lib/matplotlib/axis.py::1575,0.178908
lib/matplotlib/axis.py::1576,0.178908
lib/matplotlib/axis.py::1577,0.178908
lib/matplotlib/axis.py::1578,0.178908
lib/matplotlib/axis.py::158,0.178908
lib/matplotlib/axis.py::159,0.178908
lib/matplotlib/axis.py::160,0.178908
lib/matplotlib/axis.py::161,0.178908
lib/matplotlib/axis.py::162,0.178908
lib/matplotlib/axis.py::165,0.178908
lib/matplotlib/axis.py::166,0.178908
lib/matplotlib/axis.py::167,0.178908
lib/matplotlib/axis.py::168,0.178908
lib/matplotlib/axis.py::169,0.178908
lib/matplotlib/axis.py::170,0.178908
lib/matplotlib/axis.py::171,0.178908
lib/matplotlib/axis.py::172,0.178908
lib/matplotlib/axis.py::176,0.178908
lib/matplotlib/axis.py::177,0.178908
lib/matplotlib/axis.py::1812,0.178908
lib/matplotlib/axis.py::1815,0.178908
lib/matplotlib/axis.py::1816,0.178908
lib/matplotlib/axis.py::1817,0.178908
lib/matplotlib/axis.py::1818,0.178908
lib/matplotlib/axis.py::1819,0.178908
lib/matplotlib/axis.py::1821,0.178908
lib/matplotlib/axis.py::1822,0.178908
lib/matplotlib/axis.py::1823,0.178908
lib/matplotlib/axis.py::1824,0.178908
lib/matplotlib/axis.py::1825,0.178908
lib/matplotlib/axis.py::1826,0.178908
lib/matplotlib/axis.py::1827,0.178908
lib/matplotlib/axis.py::1828,0.178908
lib/matplotlib/axis.py::1830,0.178908
lib/matplotlib/axis.py::184,0.178908
lib/matplotlib/axis.py::185,0.178908
lib/matplotlib/axis.py::186,0.178908
lib/matplotlib/axis.py::188,0.178908
lib/matplotlib/axis.py::196,0.178908
lib/matplotlib/axis.py::199,0.178908
lib/matplotlib/axis.py::202,0.178908
lib/matplotlib/axis.py::203,0.178908
lib/matplotlib/axis.py::204,0.178908
lib/matplotlib/axis.py::205,0.178908
lib/matplotlib/axis.py::2059,0.178908
lib/matplotlib/axis.py::2103,0.178908
lib/matplotlib/axis.py::2106,0.178908
lib/matplotlib/axis.py::2107,0.178908
lib/matplotlib/axis.py::2108,0.178908
lib/matplotlib/axis.py::2109,0.178908
lib/matplotlib/axis.py::2110,0.178908
lib/matplotlib/axis.py::2111,0.178908
lib/matplotlib/axis.py::2113,0.178908
lib/matplotlib/axis.py::2115,0.178908
lib/matplotlib/axis.py::2116,0.178908
lib/matplotlib/axis.py::2117,0.178908
lib/matplotlib/axis.py::2118,0.178908
lib/matplotlib/axis.py::2119,0.178908
lib/matplotlib/axis.py::2120,0.178908
lib/matplotlib/axis.py::2121,0.178908
lib/matplotlib/axis.py::2123,0.178908
lib/matplotlib/axis.py::216,0.178908
lib/matplotlib/axis.py::217,0.178908
lib/matplotlib/axis.py::218,0.178908
lib/matplotlib/axis.py::220,0.178908
lib/matplotlib/axis.py::229,0.178908
lib/matplotlib/axis.py::230,0.178908
lib/matplotlib/axis.py::231,0.178908
lib/matplotlib/axis.py::2345,0.178908
lib/matplotlib/axis.py::319,0.178908
lib/matplotlib/axis.py::328,0.178908
lib/matplotlib/axis.py::329,0.178908
lib/matplotlib/axis.py::330,0.178908
lib/matplotlib/axis.py::331,0.178908
lib/matplotlib/axis.py::332,0.178908
lib/matplotlib/axis.py::333,0.178908
lib/matplotlib/axis.py::334,0.178908
lib/matplotlib/axis.py::335,0.178908
lib/matplotlib/axis.py::354,0.178908
lib/matplotlib/axis.py::355,0.178908
lib/matplotlib/axis.py::356,0.178908
lib/matplotlib/axis.py::357,0.178908
lib/matplotlib/axis.py::360,0.178908
lib/matplotlib/axis.py::365,0.178908
lib/matplotlib/axis.py::367,0.178908
lib/matplotlib/axis.py::368,0.178908
lib/matplotlib/axis.py::369,0.178908
lib/matplotlib/axis.py::376,0.178908
lib/matplotlib/axis.py::378,0.178908
lib/matplotlib/axis.py::379,0.178908
lib/matplotlib/axis.py::401,0.178908
lib/matplotlib/axis.py::403,0.178908
lib/matplotlib/axis.py::404,0.178908
lib/matplotlib/axis.py::405,0.178908
lib/matplotlib/axis.py::406,0.178908
lib/matplotlib/axis.py::408,0.178908
lib/matplotlib/axis.py::409,0.178908
lib/matplotlib/axis.py::410,0.178908
lib/matplotlib/axis.py::411,0.178908
lib/matplotlib/axis.py::413,0.178908
lib/matplotlib/axis.py::414,0.178908
lib/matplotlib/axis.py::415,0.178908
lib/matplotlib/axis.py::418,0.178908
lib/matplotlib/axis.py::419,0.178908
lib/matplotlib/axis.py::420,0.178908
lib/matplotlib/axis.py::421,0.178908
lib/matplotlib/axis.py::423,0.178908
lib/matplotlib/axis.py::424,0.178908
lib/matplotlib/axis.py::425,0.178908
lib/matplotlib/axis.py::426,0.178908
lib/matplotlib/axis.py::430,0.178908
lib/matplotlib/axis.py::433,0.178908
lib/matplotlib/axis.py::437,0.178908
lib/matplotlib/axis.py::438,0.178908
lib/matplotlib/axis.py::439,0.178908
lib/matplotlib/axis.py::440,0.178908
lib/matplotlib/axis.py::442,0.178908
lib/matplotlib/axis.py::448,0.178908
lib/matplotlib/axis.py::449,0.178908
lib/matplotlib/axis.py::453,0.178908
lib/matplotlib/axis.py::454,0.178908
lib/matplotlib/axis.py::455,0.178908
lib/matplotlib/axis.py::456,0.178908
lib/matplotlib/axis.py::457,0.178908
lib/matplotlib/axis.py::458,0.178908
lib/matplotlib/axis.py::459,0.178908
lib/matplotlib/axis.py::474,0.178908
lib/matplotlib/axis.py::476,0.178908
lib/matplotlib/axis.py::477,0.178908
lib/matplotlib/axis.py::478,0.178908
lib/matplotlib/axis.py::479,0.178908
lib/matplotlib/axis.py::481,0.178908
lib/matplotlib/axis.py::482,0.178908
lib/matplotlib/axis.py::483,0.178908
lib/matplotlib/axis.py::484,0.178908
lib/matplotlib/axis.py::486,0.178908
lib/matplotlib/axis.py::487,0.178908
lib/matplotlib/axis.py::488,0.178908
lib/matplotlib/axis.py::491,0.178908
lib/matplotlib/axis.py::492,0.178908
lib/matplotlib/axis.py::493,0.178908
lib/matplotlib/axis.py::494,0.178908
lib/matplotlib/axis.py::496,0.178908
lib/matplotlib/axis.py::497,0.178908
lib/matplotlib/axis.py::498,0.178908
lib/matplotlib/axis.py::499,0.178908
lib/matplotlib/axis.py::503,0.178908
lib/matplotlib/axis.py::506,0.178908
lib/matplotlib/axis.py::509,0.178908
lib/matplotlib/axis.py::510,0.178908
lib/matplotlib/axis.py::511,0.178908
lib/matplotlib/axis.py::513,0.178908
lib/matplotlib/axis.py::519,0.178908
lib/matplotlib/axis.py::520,0.178908
lib/matplotlib/axis.py::524,0.178908
lib/matplotlib/axis.py::525,0.178908
lib/matplotlib/axis.py::526,0.178908
lib/matplotlib/axis.py::527,0.178908
lib/matplotlib/axis.py::528,0.178908
lib/matplotlib/axis.py::529,0.178908
lib/matplotlib/axis.py::530,0.178908
lib/matplotlib/axis.py::550,0.178908
lib/matplotlib/axis.py::551,0.178908
lib/matplotlib/axis.py::555,0.178908
lib/matplotlib/axis.py::559,0.178908
lib/matplotlib/axis.py::564,0.178908
lib/matplotlib/axis.py::568,0.178908
lib/matplotlib/axis.py::572,0.178908
lib/matplotlib/axis.py::577,0.178908
lib/matplotlib/axis.py::592,0.178908
lib/matplotlib/axis.py::600,0.178908
lib/matplotlib/axis.py::601,0.178908
lib/matplotlib/axis.py::602,0.178908
lib/matplotlib/axis.py::603,0.178908
lib/matplotlib/axis.py::604,0.178908
lib/matplotlib/axis.py::606,0.178908
lib/matplotlib/axis.py::607,0.178908
lib/matplotlib/axis.py::608,0.178908
lib/matplotlib/axis.py::609,0.178908
lib/matplotlib/axis.py::658,0.178908
lib/matplotlib/axis.py::659,0.178908
lib/matplotlib/axis.py::661,0.178908
lib/matplotlib/axis.py::663,0.178908
lib/matplotlib/axis.py::665,0.178908
lib/matplotlib/axis.py::666,0.178908
lib/matplotlib/axis.py::667,0.178908
lib/matplotlib/axis.py::668,0.178908
lib/matplotlib/axis.py::670,0.178908
lib/matplotlib/axis.py::671,0.178908
lib/matplotlib/axis.py::673,0.178908
lib/matplotlib/axis.py::674,0.178908
lib/matplotlib/axis.py::675,0.178908
lib/matplotlib/axis.py::676,0.178908
lib/matplotlib/axis.py::677,0.178908
lib/matplotlib/axis.py::679,0.178908
lib/matplotlib/axis.py::680,0.178908
lib/matplotlib/axis.py::681,0.178908
lib/matplotlib/axis.py::683,0.178908
lib/matplotlib/axis.py::685,0.178908
lib/matplotlib/axis.py::688,0.178908
lib/matplotlib/axis.py::689,0.178908
lib/matplotlib/axis.py::691,0.178908
lib/matplotlib/axis.py::692,0.178908
lib/matplotlib/axis.py::732,0.178908
lib/matplotlib/axis.py::735,0.178908
lib/matplotlib/axis.py::738,0.178908
lib/matplotlib/axis.py::739,0.178908
lib/matplotlib/axis.py::741,0.178908
lib/matplotlib/axis.py::742,0.178908
lib/matplotlib/axis.py::743,0.178908
lib/matplotlib/axis.py::744,0.178908
lib/matplotlib/axis.py::747,0.178908
lib/matplotlib/axis.py::756,0.178908
lib/matplotlib/axis.py::758,0.178908
lib/matplotlib/axis.py::761,0.178908
lib/matplotlib/axis.py::765,0.178908
lib/matplotlib/axis.py::768,0.178908
lib/matplotlib/axis.py::771,0.178908
lib/matplotlib/axis.py::773,0.178908
lib/matplotlib/axis.py::774,0.178908
lib/matplotlib/axis.py::775,0.178908
lib/matplotlib/axis.py::776,0.178908
lib/matplotlib/axis.py::785,0.178908
lib/matplotlib/axis.py::786,0.178908
lib/matplotlib/axis.py::787,0.178908
lib/matplotlib/axis.py::788,0.178908
lib/matplotlib/axis.py::789,0.178908
lib/matplotlib/axis.py::790,0.178908
lib/matplotlib/axis.py::791,0.178908
lib/matplotlib/axis.py::792,0.178908
lib/matplotlib/axis.py::793,0.178908
lib/matplotlib/axis.py::794,0.178908
lib/matplotlib/axis.py::795,0.178908
lib/matplotlib/axis.py::796,0.178908
lib/matplotlib/axis.py::805,0.178908
lib/matplotlib/axis.py::806,0.178908
lib/matplotlib/axis.py::810,0.178908
lib/matplotlib/axis.py::819,0.178908
lib/matplotlib/axis.py::820,0.178908
lib/matplotlib/axis.py::821,0.178908
lib/matplotlib/axis.py::822,0.178908
lib/matplotlib/axis.py::823,0.178908
lib/matplotlib/axis.py::824,0.178908
lib/matplotlib/axis.py::825,0.178908
lib/matplotlib/axis.py::826,0.178908
lib/matplotlib/axis.py::828,0.178908
lib/matplotlib/axis.py::831,0.178908
lib/matplotlib/axis.py::836,0.178908
lib/matplotlib/axis.py::837,0.178908
lib/matplotlib/axis.py::838,0.178908
lib/matplotlib/axis.py::839,0.178908
lib/matplotlib/axis.py::84,0.178908
lib/matplotlib/axis.py::840,0.178908
lib/matplotlib/axis.py::841,0.178908
lib/matplotlib/axis.py::842,0.178908
lib/matplotlib/axis.py::843,0.178908
lib/matplotlib/axis.py::845,0.178908
lib/matplotlib/axis.py::847,0.178908
lib/matplotlib/axis.py::849,0.178908
lib/matplotlib/axis.py::850,0.178908
lib/matplotlib/axis.py::851,0.178908
lib/matplotlib/axis.py::852,0.178908
lib/matplotlib/axis.py::853,0.178908
lib/matplotlib/axis.py::854,0.178908
lib/matplotlib/axis.py::855,0.178908
lib/matplotlib/axis.py::856,0.178908
lib/matplotlib/axis.py::857,0.178908
lib/matplotlib/axis.py::858,0.178908
lib/matplotlib/axis.py::859,0.178908
lib/matplotlib/axis.py::86,0.178908
lib/matplotlib/axis.py::860,0.178908
lib/matplotlib/axis.py::861,0.178908
lib/matplotlib/axis.py::862,0.178908
lib/matplotlib/axis.py::863,0.178908
lib/matplotlib/axis.py::864,0.178908
lib/matplotlib/axis.py::865,0.178908
lib/matplotlib/axis.py::87,0.178908
lib/matplotlib/axis.py::870,0.178908
lib/matplotlib/axis.py::871,0.178908
lib/matplotlib/axis.py::875,0.178908
lib/matplotlib/axis.py::876,0.178908
lib/matplotlib/axis.py::879,0.178908
lib/matplotlib/axis.py::880,0.178908
lib/matplotlib/axis.py::881,0.178908
lib/matplotlib/axis.py::882,0.178908
lib/matplotlib/axis.py::90,0.178908
lib/matplotlib/axis.py::91,0.178908
lib/matplotlib/axis.py::94,0.178908
lib/matplotlib/axis.py::96,0.178908
lib/matplotlib/axis.py::960,0.178908
lib/matplotlib/axis.py::962,0.178908
lib/matplotlib/axis.py::97,0.178908
lib/matplotlib/axis.py::99,0.178908
lib/matplotlib/backend_bases.py::2232,0.178908
lib/matplotlib/backend_bases.py::2561,0.178908
lib/matplotlib/backend_bases.py::2562,0.178908
lib/matplotlib/backend_bases.py::2563,0.178908
lib/matplotlib/backend_bases.py::2565,0.178908
lib/matplotlib/backend_bases.py::2566,0.178908
lib/matplotlib/backend_bases.py::2567,0.178908
lib/matplotlib/backend_bases.py::2568,0.178908
lib/matplotlib/backend_bases.py::2569,0.178908
lib/matplotlib/backend_bases.py::2570,0.178908
lib/matplotlib/backend_bases.py::2571,0.178908
lib/matplotlib/backend_bases.py::2572,0.178908
lib/matplotlib/backend_bases.py::2573,0.178908
lib/matplotlib/backend_bases.py::2575,0.178908
lib/matplotlib/backend_bases.py::2576,0.178908
lib/matplotlib/backend_bases.py::2578,0.178908
lib/matplotlib/backend_bases.py::2598,0.178908
lib/matplotlib/backend_bases.py::3343,0.178908
lib/matplotlib/backend_bases.py::3344,0.178908
lib/matplotlib/backend_bases.py::3345,0.178908
lib/matplotlib/backend_bases.py::3346,0.178908
lib/matplotlib/backend_bases.py::3351,0.178908
lib/matplotlib/backend_bases.py::3352,0.178908
lib/matplotlib/backend_bases.py::3353,0.178908
lib/matplotlib/backend_bases.py::3357,0.178908
lib/matplotlib/cbook/__init__.py::1269,0.178908
lib/matplotlib/cbook/__init__.py::1270,0.178908
lib/matplotlib/cbook/__init__.py::1271,0.178908
lib/matplotlib/cbook/__init__.py::1272,0.178908
lib/matplotlib/cbook/__init__.py::1280,0.178908
lib/matplotlib/cbook/__init__.py::1283,0.178908
lib/matplotlib/cbook/__init__.py::1565,0.178908
lib/matplotlib/cbook/__init__.py::1681,0.178908
lib/matplotlib/cbook/__init__.py::1684,0.178908
lib/matplotlib/cbook/__init__.py::1686,0.178908
lib/matplotlib/cbook/__init__.py::1687,0.178908
lib/matplotlib/cbook/__init__.py::1688,0.178908
lib/matplotlib/cbook/__init__.py::1691,0.178908
lib/matplotlib/cbook/__init__.py::1693,0.178908
lib/matplotlib/cbook/__init__.py::1696,0.178908
lib/matplotlib/cbook/__init__.py::1700,0.178908
lib/matplotlib/cbook/__init__.py::1701,0.178908
lib/matplotlib/cbook/__init__.py::1702,0.178908
lib/matplotlib/cbook/__init__.py::1703,0.178908
lib/matplotlib/cbook/__init__.py::1704,0.178908
lib/matplotlib/cbook/__init__.py::1706,0.178908
lib/matplotlib/cbook/__init__.py::1707,0.178908
lib/matplotlib/cbook/__init__.py::1709,0.178908
lib/matplotlib/cbook/__init__.py::1710,0.178908
lib/matplotlib/cbook/__init__.py::1711,0.178908
lib/matplotlib/cbook/__init__.py::1712,0.178908
lib/matplotlib/cbook/__init__.py::1713,0.178908
lib/matplotlib/cbook/__init__.py::1714,0.178908
lib/matplotlib/cbook/__init__.py::1717,0.178908
lib/matplotlib/cbook/__init__.py::1718,0.178908
lib/matplotlib/cbook/__init__.py::1719,0.178908
lib/matplotlib/cbook/__init__.py::1726,0.178908
lib/matplotlib/cbook/__init__.py::1728,0.178908
lib/matplotlib/cbook/__init__.py::1729,0.178908
lib/matplotlib/cbook/__init__.py::1733,0.178908
lib/matplotlib/cbook/__init__.py::1734,0.178908
lib/matplotlib/cbook/__init__.py::1738,0.178908
lib/matplotlib/cbook/__init__.py::1747,0.178908
lib/matplotlib/cbook/__init__.py::187,0.178908
lib/matplotlib/cbook/__init__.py::190,0.178908
lib/matplotlib/cbook/__init__.py::191,0.178908
lib/matplotlib/cbook/__init__.py::192,0.178908
lib/matplotlib/cbook/__init__.py::193,0.178908
lib/matplotlib/cbook/__init__.py::194,0.178908
lib/matplotlib/cbook/__init__.py::195,0.178908
lib/matplotlib/cbook/__init__.py::196,0.178908
lib/matplotlib/cbook/__init__.py::197,0.178908
lib/matplotlib/cbook/__init__.py::202,0.178908
lib/matplotlib/cbook/__init__.py::203,0.178908
lib/matplotlib/cbook/__init__.py::204,0.178908
lib/matplotlib/cbook/__init__.py::2062,0.178908
lib/matplotlib/cbook/__init__.py::208,0.178908
lib/matplotlib/cbook/__init__.py::209,0.178908
lib/matplotlib/cbook/__init__.py::210,0.178908
lib/matplotlib/cbook/__init__.py::211,0.178908
lib/matplotlib/cbook/__init__.py::212,0.178908
lib/matplotlib/cbook/__init__.py::221,0.178908
lib/matplotlib/cbook/__init__.py::583,0.178908
lib/matplotlib/cbook/__init__.py::584,0.178908
lib/matplotlib/cbook/__init__.py::585,0.178908
lib/matplotlib/cbook/__init__.py::616,0.178908
lib/matplotlib/cbook/__init__.py::618,0.178908
lib/matplotlib/cbook/__init__.py::619,0.178908
lib/matplotlib/cbook/__init__.py::620,0.178908
lib/matplotlib/cbook/__init__.py::621,0.178908
lib/matplotlib/cbook/__init__.py::622,0.178908
lib/matplotlib/cbook/__init__.py::623,0.178908
lib/matplotlib/cbook/__init__.py::626,0.178908
lib/matplotlib/cbook/__init__.py::627,0.178908
lib/matplotlib/cbook/__init__.py::628,0.178908
lib/matplotlib/cbook/__init__.py::805,0.178908
lib/matplotlib/cbook/__init__.py::806,0.178908
lib/matplotlib/cbook/__init__.py::807,0.178908
lib/matplotlib/cbook/__init__.py::854,0.178908
lib/matplotlib/cbook/__init__.py::855,0.178908
lib/matplotlib/cbook/__init__.py::856,0.178908
lib/matplotlib/cbook/deprecation.py::361,0.178908
lib/matplotlib/cbook/deprecation.py::362,0.178908
lib/matplotlib/cbook/deprecation.py::367,0.178908
lib/matplotlib/cbook/deprecation.py::374,0.178908
lib/matplotlib/cbook/deprecation.py::375,0.178908
lib/matplotlib/cbook/deprecation.py::387,0.178908
lib/matplotlib/figure.py::103,0.178908
lib/matplotlib/figure.py::1099,0.178908
lib/matplotlib/figure.py::116,0.178908
lib/matplotlib/figure.py::117,0.178908
lib/matplotlib/figure.py::118,0.178908
lib/matplotlib/figure.py::122,0.178908
lib/matplotlib/figure.py::123,0.178908
lib/matplotlib/figure.py::129,0.178908
lib/matplotlib/figure.py::131,0.178908
lib/matplotlib/figure.py::132,0.178908
lib/matplotlib/figure.py::140,0.178908
lib/matplotlib/figure.py::1417,0.178908
lib/matplotlib/figure.py::1418,0.178908
lib/matplotlib/figure.py::1419,0.178908
lib/matplotlib/figure.py::1420,0.178908
lib/matplotlib/figure.py::1421,0.178908
lib/matplotlib/figure.py::1422,0.178908
lib/matplotlib/figure.py::143,0.178908
lib/matplotlib/figure.py::144,0.178908
lib/matplotlib/figure.py::147,0.178908
lib/matplotlib/figure.py::150,0.178908
lib/matplotlib/figure.py::1931,0.178908
lib/matplotlib/figure.py::1932,0.178908
lib/matplotlib/figure.py::1933,0.178908
lib/matplotlib/figure.py::2027,0.178908
lib/matplotlib/figure.py::91,0.178908
lib/matplotlib/figure.py::92,0.178908
lib/matplotlib/font_manager.py::1036,0.178908
lib/matplotlib/font_manager.py::623,0.178908
lib/matplotlib/font_manager.py::624,0.178908
lib/matplotlib/font_manager.py::625,0.178908
lib/matplotlib/font_manager.py::626,0.178908
lib/matplotlib/font_manager.py::627,0.178908
lib/matplotlib/font_manager.py::628,0.178908
lib/matplotlib/font_manager.py::629,0.178908
lib/matplotlib/font_manager.py::631,0.178908
lib/matplotlib/font_manager.py::643,0.178908
lib/matplotlib/font_manager.py::644,0.178908
lib/matplotlib/font_manager.py::645,0.178908
lib/matplotlib/font_manager.py::646,0.178908
lib/matplotlib/font_manager.py::647,0.178908
lib/matplotlib/font_manager.py::648,0.178908
lib/matplotlib/font_manager.py::649,0.178908
lib/matplotlib/font_manager.py::653,0.178908
lib/matplotlib/font_manager.py::654,0.178908
lib/matplotlib/font_manager.py::753,0.178908
lib/matplotlib/font_manager.py::754,0.178908
lib/matplotlib/font_manager.py::755,0.178908
lib/matplotlib/font_manager.py::762,0.178908
lib/matplotlib/font_manager.py::763,0.178908
lib/matplotlib/font_manager.py::764,0.178908
lib/matplotlib/font_manager.py::765,0.178908
lib/matplotlib/font_manager.py::772,0.178908
lib/matplotlib/font_manager.py::773,0.178908
lib/matplotlib/font_manager.py::774,0.178908
lib/matplotlib/font_manager.py::775,0.178908
lib/matplotlib/font_manager.py::784,0.178908
lib/matplotlib/font_manager.py::785,0.178908
lib/matplotlib/font_manager.py::786,0.178908
lib/matplotlib/font_manager.py::787,0.178908
lib/matplotlib/font_manager.py::790,0.178908
lib/matplotlib/font_manager.py::791,0.178908
lib/matplotlib/font_manager.py::793,0.178908
lib/matplotlib/font_manager.py::802,0.178908
lib/matplotlib/font_manager.py::803,0.178908
lib/matplotlib/font_manager.py::804,0.178908
lib/matplotlib/font_manager.py::805,0.178908
lib/matplotlib/font_manager.py::808,0.178908
lib/matplotlib/font_manager.py::809,0.178908
lib/matplotlib/font_manager.py::811,0.178908
lib/matplotlib/font_manager.py::819,0.178908
lib/matplotlib/font_manager.py::820,0.178908
lib/matplotlib/font_manager.py::821,0.178908
lib/matplotlib/font_manager.py::822,0.178908
lib/matplotlib/font_manager.py::823,0.178908
lib/matplotlib/font_manager.py::824,0.178908
lib/matplotlib/font_manager.py::825,0.178908
lib/matplotlib/font_manager.py::831,0.178908
lib/matplotlib/font_manager.py::832,0.178908
lib/matplotlib/font_manager.py::836,0.178908
lib/matplotlib/font_manager.py::843,0.178908
lib/matplotlib/font_manager.py::860,0.178908
lib/matplotlib/font_manager.py::861,0.178908
lib/matplotlib/font_manager.py::862,0.178908
lib/matplotlib/font_manager.py::940,0.178908
lib/matplotlib/font_manager.py::942,0.178908
lib/matplotlib/lines.py::1017,0.178908
lib/matplotlib/lines.py::1018,0.178908
lib/matplotlib/lines.py::1019,0.178908
lib/matplotlib/lines.py::1037,0.178908
lib/matplotlib/lines.py::1038,0.178908
lib/matplotlib/lines.py::1039,0.178908
lib/matplotlib/lines.py::1049,0.178908
lib/matplotlib/lines.py::1050,0.178908
lib/matplotlib/lines.py::1078,0.178908
lib/matplotlib/lines.py::1080,0.178908
lib/matplotlib/lines.py::1081,0.178908
lib/matplotlib/lines.py::1082,0.178908
lib/matplotlib/lines.py::1084,0.178908
lib/matplotlib/lines.py::1085,0.178908
lib/matplotlib/lines.py::1096,0.178908
lib/matplotlib/lines.py::1098,0.178908
lib/matplotlib/lines.py::1100,0.178908
lib/matplotlib/lines.py::1102,0.178908
lib/matplotlib/lines.py::1103,0.178908
lib/matplotlib/lines.py::1126,0.178908
lib/matplotlib/lines.py::1127,0.178908
lib/matplotlib/lines.py::1136,0.178908
lib/matplotlib/lines.py::1169,0.178908
lib/matplotlib/lines.py::1170,0.178908
lib/matplotlib/lines.py::1171,0.178908
lib/matplotlib/lines.py::1174,0.178908
lib/matplotlib/lines.py::1175,0.178908
lib/matplotlib/lines.py::1177,0.178908
lib/matplotlib/lines.py::1178,0.178908
lib/matplotlib/lines.py::1180,0.178908
lib/matplotlib/lines.py::1185,0.178908
lib/matplotlib/lines.py::1187,0.178908
lib/matplotlib/lines.py::1188,0.178908
lib/matplotlib/lines.py::1201,0.178908
lib/matplotlib/lines.py::1202,0.178908
lib/matplotlib/lines.py::1212,0.178908
lib/matplotlib/lines.py::1214,0.178908
lib/matplotlib/lines.py::1216,0.178908
lib/matplotlib/lines.py::1217,0.178908
lib/matplotlib/lines.py::1228,0.178908
lib/matplotlib/lines.py::1229,0.178908
lib/matplotlib/lines.py::1230,0.178908
lib/matplotlib/lines.py::1231,0.178908
lib/matplotlib/lines.py::1232,0.178908
lib/matplotlib/lines.py::1242,0.178908
lib/matplotlib/lines.py::1244,0.178908
lib/matplotlib/lines.py::1245,0.178908
lib/matplotlib/lines.py::1246,0.178908
lib/matplotlib/lines.py::1256,0.178908
lib/matplotlib/lines.py::1258,0.178908
lib/matplotlib/lines.py::1259,0.178908
lib/matplotlib/lines.py::1260,0.178908
lib/matplotlib/lines.py::1271,0.178908
lib/matplotlib/lines.py::1272,0.178908
lib/matplotlib/lines.py::1273,0.178908
lib/matplotlib/lines.py::1274,0.178908
lib/matplotlib/lines.py::1284,0.178908
lib/matplotlib/lines.py::1285,0.178908
lib/matplotlib/lines.py::1286,0.178908
lib/matplotlib/lines.py::1296,0.178908
lib/matplotlib/lines.py::1297,0.178908
lib/matplotlib/lines.py::1298,0.178908
lib/matplotlib/lines.py::1355,0.178908
lib/matplotlib/lines.py::1356,0.178908
lib/matplotlib/lines.py::1357,0.178908
lib/matplotlib/lines.py::1358,0.178908
lib/matplotlib/lines.py::1369,0.178908
lib/matplotlib/lines.py::1370,0.178908
lib/matplotlib/lines.py::1371,0.178908
lib/matplotlib/lines.py::1372,0.178908
lib/matplotlib/lines.py::1399,0.178908
lib/matplotlib/lines.py::1400,0.178908
lib/matplotlib/lines.py::1401,0.178908
lib/matplotlib/lines.py::1402,0.178908
lib/matplotlib/lines.py::1413,0.178908
lib/matplotlib/lines.py::1414,0.178908
lib/matplotlib/lines.py::1415,0.178908
lib/matplotlib/lines.py::1416,0.178908
lib/matplotlib/lines.py::304,0.178908
lib/matplotlib/lines.py::307,0.178908
lib/matplotlib/lines.py::309,0.178908
lib/matplotlib/lines.py::312,0.178908
lib/matplotlib/lines.py::313,0.178908
lib/matplotlib/lines.py::315,0.178908
lib/matplotlib/lines.py::317,0.178908
lib/matplotlib/lines.py::318,0.178908
lib/matplotlib/lines.py::319,0.178908
lib/matplotlib/lines.py::320,0.178908
lib/matplotlib/lines.py::321,0.178908
lib/matplotlib/lines.py::322,0.178908
lib/matplotlib/lines.py::323,0.178908
lib/matplotlib/lines.py::326,0.178908
lib/matplotlib/lines.py::327,0.178908
lib/matplotlib/lines.py::328,0.178908
lib/matplotlib/lines.py::329,0.178908
lib/matplotlib/lines.py::330,0.178908
lib/matplotlib/lines.py::331,0.178908
lib/matplotlib/lines.py::332,0.178908
lib/matplotlib/lines.py::333,0.178908
lib/matplotlib/lines.py::334,0.178908
lib/matplotlib/lines.py::335,0.178908
lib/matplotlib/lines.py::336,0.178908
lib/matplotlib/lines.py::337,0.178908
lib/matplotlib/lines.py::339,0.178908
lib/matplotlib/lines.py::340,0.178908
lib/matplotlib/lines.py::341,0.178908
lib/matplotlib/lines.py::344,0.178908
lib/matplotlib/lines.py::346,0.178908
lib/matplotlib/lines.py::349,0.178908
lib/matplotlib/lines.py::350,0.178908
lib/matplotlib/lines.py::352,0.178908
lib/matplotlib/lines.py::353,0.178908
lib/matplotlib/lines.py::354,0.178908
lib/matplotlib/lines.py::355,0.178908
lib/matplotlib/lines.py::356,0.178908
lib/matplotlib/lines.py::357,0.178908
lib/matplotlib/lines.py::358,0.178908
lib/matplotlib/lines.py::359,0.178908
lib/matplotlib/lines.py::361,0.178908
lib/matplotlib/lines.py::362,0.178908
lib/matplotlib/lines.py::363,0.178908
lib/matplotlib/lines.py::366,0.178908
lib/matplotlib/lines.py::367,0.178908
lib/matplotlib/lines.py::370,0.178908
lib/matplotlib/lines.py::371,0.178908
lib/matplotlib/lines.py::373,0.178908
lib/matplotlib/lines.py::374,0.178908
lib/matplotlib/lines.py::375,0.178908
lib/matplotlib/lines.py::377,0.178908
lib/matplotlib/lines.py::378,0.178908
lib/matplotlib/lines.py::379,0.178908
lib/matplotlib/lines.py::381,0.178908
lib/matplotlib/lines.py::382,0.178908
lib/matplotlib/lines.py::383,0.178908
lib/matplotlib/lines.py::385,0.178908
lib/matplotlib/lines.py::386,0.178908
lib/matplotlib/lines.py::387,0.178908
lib/matplotlib/lines.py::389,0.178908
lib/matplotlib/lines.py::390,0.178908
lib/matplotlib/lines.py::391,0.178908
lib/matplotlib/lines.py::392,0.178908
lib/matplotlib/lines.py::394,0.178908
lib/matplotlib/lines.py::395,0.178908
lib/matplotlib/lines.py::396,0.178908
lib/matplotlib/lines.py::397,0.178908
lib/matplotlib/lines.py::401,0.178908
lib/matplotlib/lines.py::402,0.178908
lib/matplotlib/lines.py::403,0.178908
lib/matplotlib/lines.py::405,0.178908
lib/matplotlib/lines.py::406,0.178908
lib/matplotlib/lines.py::407,0.178908
lib/matplotlib/lines.py::408,0.178908
lib/matplotlib/lines.py::409,0.178908
lib/matplotlib/lines.py::410,0.178908
lib/matplotlib/lines.py::411,0.178908
lib/matplotlib/lines.py::412,0.178908
lib/matplotlib/lines.py::413,0.178908
lib/matplotlib/lines.py::414,0.178908
lib/matplotlib/lines.py::415,0.178908
lib/matplotlib/lines.py::417,0.178908
lib/matplotlib/lines.py::507,0.178908
lib/matplotlib/lines.py::509,0.178908
lib/matplotlib/lines.py::593,0.178908
lib/matplotlib/lines.py::595,0.178908
lib/matplotlib/lines.py::629,0.178908
lib/matplotlib/lines.py::630,0.178908
lib/matplotlib/lines.py::647,0.178908
lib/matplotlib/lines.py::650,0.178908
lib/matplotlib/lines.py::652,0.178908
lib/matplotlib/lines.py::653,0.178908
lib/matplotlib/lines.py::659,0.178908
lib/matplotlib/lines.py::660,0.178908
lib/matplotlib/lines.py::661,0.178908
lib/matplotlib/lines.py::664,0.178908
lib/matplotlib/lines.py::665,0.178908
lib/matplotlib/lines.py::666,0.178908
lib/matplotlib/lines.py::670,0.178908
lib/matplotlib/lines.py::671,0.178908
lib/matplotlib/lines.py::673,0.178908
lib/matplotlib/lines.py::674,0.178908
lib/matplotlib/lines.py::689,0.178908
lib/matplotlib/lines.py::692,0.178908
lib/matplotlib/lines.py::693,0.178908
lib/matplotlib/lines.py::694,0.178908
lib/matplotlib/lines.py::695,0.178908
lib/matplotlib/lines.py::696,0.178908
lib/matplotlib/lines.py::697,0.178908
lib/matplotlib/lines.py::698,0.178908
lib/matplotlib/lines.py::732,0.178908
lib/matplotlib/lines.py::733,0.178908
lib/matplotlib/lines.py::734,0.178908
lib/matplotlib/lines.py::735,0.178908
lib/matplotlib/markers.py::222,0.178908
lib/matplotlib/markers.py::223,0.178908
lib/matplotlib/markers.py::224,0.178908
lib/matplotlib/markers.py::227,0.178908
lib/matplotlib/markers.py::228,0.178908
lib/matplotlib/markers.py::229,0.178908
lib/matplotlib/markers.py::230,0.178908
lib/matplotlib/markers.py::231,0.178908
lib/matplotlib/markers.py::232,0.178908
lib/matplotlib/markers.py::233,0.178908
lib/matplotlib/markers.py::234,0.178908
lib/matplotlib/markers.py::235,0.178908
lib/matplotlib/markers.py::236,0.178908
lib/matplotlib/markers.py::237,0.178908
lib/matplotlib/markers.py::256,0.178908
lib/matplotlib/markers.py::257,0.178908
lib/matplotlib/markers.py::258,0.178908
lib/matplotlib/markers.py::259,0.178908
lib/matplotlib/markers.py::260,0.178908
lib/matplotlib/markers.py::272,0.178908
lib/matplotlib/markers.py::275,0.178908
lib/matplotlib/markers.py::277,0.178908
lib/matplotlib/markers.py::279,0.178908
lib/matplotlib/markers.py::282,0.178908
lib/matplotlib/markers.py::283,0.178908
lib/matplotlib/markers.py::284,0.178908
lib/matplotlib/markers.py::285,0.178908
lib/matplotlib/markers.py::296,0.178908
lib/matplotlib/markers.py::297,0.178908
lib/matplotlib/markers.py::298,0.178908
lib/matplotlib/markers.py::316,0.178908
lib/matplotlib/markers.py::699,0.178908
lib/matplotlib/markers.py::700,0.178908
lib/matplotlib/markers.py::701,0.178908
lib/matplotlib/markers.py::702,0.178908
lib/matplotlib/markers.py::705,0.178908
lib/matplotlib/markers.py::706,0.178908
lib/matplotlib/markers.py::707,0.178908
lib/matplotlib/markers.py::708,0.178908
lib/matplotlib/markers.py::713,0.178908
lib/matplotlib/markers.py::714,0.178908
lib/matplotlib/markers.py::715,0.178908
lib/matplotlib/markers.py::716,0.178908
lib/matplotlib/markers.py::719,0.178908
lib/matplotlib/markers.py::720,0.178908
lib/matplotlib/markers.py::721,0.178908
lib/matplotlib/markers.py::722,0.178908
lib/matplotlib/patches.py::260,0.178908
lib/matplotlib/patches.py::316,0.178908
lib/matplotlib/patches.py::341,0.178908
lib/matplotlib/patches.py::61,0.178908
lib/matplotlib/path.py::130,0.178908
lib/matplotlib/path.py::131,0.178908
lib/matplotlib/path.py::135,0.178908
lib/matplotlib/path.py::143,0.178908
lib/matplotlib/path.py::149,0.178908
lib/matplotlib/path.py::150,0.178908
lib/matplotlib/path.py::151,0.178908
lib/matplotlib/path.py::152,0.178908
lib/matplotlib/path.py::154,0.178908
lib/matplotlib/path.py::160,0.178908
lib/matplotlib/path.py::192,0.178908
lib/matplotlib/path.py::194,0.178908
lib/matplotlib/path.py::195,0.178908
lib/matplotlib/path.py::196,0.178908
lib/matplotlib/projections/__init__.py::21,0.178908
lib/matplotlib/projections/__init__.py::50,0.178908
lib/matplotlib/projections/__init__.py::53,0.178908
lib/matplotlib/projections/__init__.py::54,0.178908
lib/matplotlib/pyplot.py::212,0.178908
lib/matplotlib/pyplot.py::213,0.178908
lib/matplotlib/pyplot.py::288,0.178908
lib/matplotlib/pyplot.py::298,0.178908
lib/matplotlib/pyplot.py::299,0.178908
lib/matplotlib/pyplot.py::304,0.178908
lib/matplotlib/pyplot.py::554,0.178908
lib/matplotlib/pyplot.py::556,0.178908
lib/matplotlib/pyplot.py::558,0.178908
lib/matplotlib/pyplot.py::559,0.178908
lib/matplotlib/pyplot.py::560,0.178908
lib/matplotlib/pyplot.py::561,0.178908
lib/matplotlib/pyplot.py::563,0.178908
lib/matplotlib/pyplot.py::564,0.178908
lib/matplotlib/pyplot.py::565,0.178908
lib/matplotlib/pyplot.py::566,0.178908
lib/matplotlib/pyplot.py::582,0.178908
lib/matplotlib/pyplot.py::583,0.178908
lib/matplotlib/pyplot.py::584,0.178908
lib/matplotlib/pyplot.py::586,0.178908
lib/matplotlib/pyplot.py::596,0.178908
lib/matplotlib/pyplot.py::599,0.178908
lib/matplotlib/pyplot.py::600,0.178908
lib/matplotlib/pyplot.py::601,0.178908
lib/matplotlib/pyplot.py::602,0.178908
lib/matplotlib/pyplot.py::603,0.178908
lib/matplotlib/pyplot.py::604,0.178908
lib/matplotlib/pyplot.py::605,0.178908
lib/matplotlib/pyplot.py::606,0.178908
lib/matplotlib/pyplot.py::607,0.178908
lib/matplotlib/pyplot.py::610,0.178908
lib/matplotlib/pyplot.py::616,0.178908
lib/matplotlib/pyplot.py::618,0.178908
lib/matplotlib/pyplot.py::619,0.178908
lib/matplotlib/pyplot.py::621,0.178908
lib/matplotlib/pyplot.py::624,0.178908
lib/matplotlib/pyplot.py::669,0.178908
lib/matplotlib/scale.py::104,0.178908
lib/matplotlib/scale.py::108,0.178908
lib/matplotlib/scale.py::109,0.178908
lib/matplotlib/scale.py::110,0.178908
lib/matplotlib/scale.py::112,0.178908
lib/matplotlib/scale.py::113,0.178908
lib/matplotlib/scale.py::116,0.178908
lib/matplotlib/scale.py::123,0.178908
lib/matplotlib/scale.py::57,0.178908
lib/matplotlib/scale.py::648,0.178908
lib/matplotlib/scale.py::649,0.178908
lib/matplotlib/scale.py::650,0.178908
lib/matplotlib/scale.py::88,0.178908
lib/matplotlib/spines.py::236,0.178908
lib/matplotlib/spines.py::237,0.178908
lib/matplotlib/spines.py::50,0.178908
lib/matplotlib/spines.py::51,0.178908
lib/matplotlib/spines.py::52,0.178908
lib/matplotlib/spines.py::53,0.178908
lib/matplotlib/spines.py::54,0.178908
lib/matplotlib/spines.py::55,0.178908
lib/matplotlib/spines.py::56,0.178908
lib/matplotlib/spines.py::57,0.178908
lib/matplotlib/spines.py::58,0.178908
lib/matplotlib/spines.py::60,0.178908
lib/matplotlib/spines.py::61,0.178908
lib/matplotlib/spines.py::63,0.178908
lib/matplotlib/spines.py::64,0.178908
lib/matplotlib/spines.py::69,0.178908
lib/matplotlib/spines.py::70,0.178908
lib/matplotlib/spines.py::71,0.178908
lib/matplotlib/spines.py::79,0.178908
lib/matplotlib/spines.py::83,0.178908
lib/matplotlib/text.py::1061,0.178908
lib/matplotlib/text.py::1062,0.178908
lib/matplotlib/text.py::1078,0.178908
lib/matplotlib/text.py::1079,0.178908
lib/matplotlib/text.py::1117,0.178908
lib/matplotlib/text.py::1118,0.178908
lib/matplotlib/text.py::1128,0.178908
lib/matplotlib/text.py::1129,0.178908
lib/matplotlib/text.py::1141,0.178908
lib/matplotlib/text.py::1142,0.178908
lib/matplotlib/text.py::1152,0.178908
lib/matplotlib/text.py::1153,0.178908
lib/matplotlib/text.py::1154,0.178908
lib/matplotlib/text.py::1155,0.178908
lib/matplotlib/text.py::1156,0.178908
lib/matplotlib/text.py::1170,0.178908
lib/matplotlib/text.py::1172,0.178908
lib/matplotlib/text.py::1208,0.178908
lib/matplotlib/text.py::1209,0.178908
lib/matplotlib/text.py::1219,0.178908
lib/matplotlib/text.py::1220,0.178908
lib/matplotlib/text.py::1223,0.178908
lib/matplotlib/text.py::149,0.178908
lib/matplotlib/text.py::150,0.178908
lib/matplotlib/text.py::152,0.178908
lib/matplotlib/text.py::153,0.178908
lib/matplotlib/text.py::154,0.178908
lib/matplotlib/text.py::155,0.178908
lib/matplotlib/text.py::157,0.178908
lib/matplotlib/text.py::158,0.178908
lib/matplotlib/text.py::159,0.178908
lib/matplotlib/text.py::160,0.178908
lib/matplotlib/text.py::161,0.178908
lib/matplotlib/text.py::162,0.178908
lib/matplotlib/text.py::163,0.178908
lib/matplotlib/text.py::164,0.178908
lib/matplotlib/text.py::165,0.178908
lib/matplotlib/text.py::166,0.178908
lib/matplotlib/text.py::167,0.178908
lib/matplotlib/text.py::168,0.178908
lib/matplotlib/text.py::169,0.178908
lib/matplotlib/text.py::170,0.178908
lib/matplotlib/text.py::171,0.178908
lib/matplotlib/text.py::172,0.178908
lib/matplotlib/text.py::173,0.178908
lib/matplotlib/text.py::177,0.178908
lib/matplotlib/text.py::179,0.178908
lib/matplotlib/text.py::180,0.178908
lib/matplotlib/text.py::183,0.178908
lib/matplotlib/text.py::184,0.178908
lib/matplotlib/text.py::185,0.178908
lib/matplotlib/text.py::253,0.178908
lib/matplotlib/text.py::254,0.178908
lib/matplotlib/text.py::255,0.178908
lib/matplotlib/text.py::532,0.178908
lib/matplotlib/text.py::533,0.178908
lib/matplotlib/text.py::534,0.178908
lib/matplotlib/text.py::535,0.178908
lib/matplotlib/text.py::540,0.178908
lib/matplotlib/text.py::541,0.178908
lib/matplotlib/text.py::565,0.178908
lib/matplotlib/text.py::944,0.178908
lib/matplotlib/text.py::945,0.178908
lib/matplotlib/text.py::948,0.178908
lib/matplotlib/text.py::949,0.178908
lib/matplotlib/text.py::959,0.178908
lib/matplotlib/text.py::960,0.178908
lib/matplotlib/text.py::961,0.178908
lib/matplotlib/ticker.py::1614,0.178908
lib/matplotlib/ticker.py::1979,0.178908
lib/matplotlib/ticker.py::1990,0.178908
lib/matplotlib/ticker.py::1994,0.178908
lib/matplotlib/ticker.py::1997,0.178908
lib/matplotlib/ticker.py::1998,0.178908
lib/matplotlib/ticker.py::2001,0.178908
lib/matplotlib/ticker.py::2003,0.178908
lib/matplotlib/ticker.py::2005,0.178908
lib/matplotlib/ticker.py::2012,0.178908
lib/matplotlib/ticker.py::2013,0.178908
lib/matplotlib/ticker.py::2034,0.178908
lib/matplotlib/ticker.py::2035,0.178908
lib/matplotlib/ticker.py::2036,0.178908
lib/matplotlib/ticker.py::2038,0.178908
lib/matplotlib/ticker.py::2039,0.178908
lib/matplotlib/ticker.py::2040,0.178908
lib/matplotlib/ticker.py::2041,0.178908
lib/matplotlib/ticker.py::2042,0.178908
lib/matplotlib/ticker.py::2043,0.178908
lib/matplotlib/ticker.py::2044,0.178908
lib/matplotlib/ticker.py::2045,0.178908
lib/matplotlib/ticker.py::2046,0.178908
lib/matplotlib/ticker.py::2047,0.178908
lib/matplotlib/ticker.py::2048,0.178908
lib/matplotlib/ticker.py::2051,0.178908
lib/matplotlib/ticker.py::2052,0.178908
lib/matplotlib/ticker.py::2053,0.178908
lib/matplotlib/ticker.py::2054,0.178908
lib/matplotlib/ticker.py::2055,0.178908
lib/matplotlib/ticker.py::223,0.178908
lib/matplotlib/ticker.py::2741,0.178908
lib/matplotlib/ticker.py::2747,0.178908
lib/matplotlib/ticker.py::301,0.178908
lib/matplotlib/ticker.py::484,0.178908
lib/matplotlib/ticker.py::485,0.178908
lib/matplotlib/ticker.py::487,0.178908
lib/matplotlib/ticker.py::488,0.178908
lib/matplotlib/ticker.py::489,0.178908
lib/matplotlib/ticker.py::490,0.178908
lib/matplotlib/ticker.py::491,0.178908
lib/matplotlib/ticker.py::492,0.178908
lib/matplotlib/ticker.py::493,0.178908
lib/matplotlib/ticker.py::494,0.178908
lib/matplotlib/ticker.py::495,0.178908
lib/matplotlib/ticker.py::496,0.178908
lib/matplotlib/ticker.py::497,0.178908
lib/matplotlib/ticker.py::498,0.178908
lib/matplotlib/ticker.py::499,0.178908
lib/matplotlib/ticker.py::505,0.178908
lib/matplotlib/ticker.py::506,0.178908
lib/matplotlib/ticker.py::507,0.178908
lib/matplotlib/ticker.py::529,0.178908
lib/matplotlib/ticker.py::532,0.178908
lib/matplotlib/transforms.py::1199,0.178908
lib/matplotlib/transforms.py::1550,0.178908
lib/matplotlib/transforms.py::1551,0.178908
lib/matplotlib/transforms.py::1552,0.178908
lib/matplotlib/transforms.py::1555,0.178908
lib/matplotlib/transforms.py::1556,0.178908
lib/matplotlib/transforms.py::1557,0.178908
lib/matplotlib/transforms.py::1558,0.178908
lib/matplotlib/transforms.py::1559,0.178908
lib/matplotlib/transforms.py::1571,0.178908
lib/matplotlib/transforms.py::1573,0.178908
lib/matplotlib/transforms.py::1574,0.178908
lib/matplotlib/transforms.py::1575,0.178908
lib/matplotlib/transforms.py::1576,0.178908
lib/matplotlib/transforms.py::1577,0.178908
lib/matplotlib/transforms.py::1578,0.178908
lib/matplotlib/transforms.py::1579,0.178908
lib/matplotlib/transforms.py::1580,0.178908
lib/matplotlib/transforms.py::1581,0.178908
lib/matplotlib/transforms.py::1594,0.178908
lib/matplotlib/transforms.py::1595,0.178908
lib/matplotlib/transforms.py::1600,0.178908
lib/matplotlib/transforms.py::1601,0.178908
lib/matplotlib/transforms.py::1603,0.178908
lib/matplotlib/transforms.py::1604,0.178908
lib/matplotlib/transforms.py::1605,0.178908
lib/matplotlib/transforms.py::1607,0.178908
lib/matplotlib/transforms.py::1688,0.178908
lib/matplotlib/transforms.py::1689,0.178908
lib/matplotlib/transforms.py::1894,0.178908
lib/matplotlib/transforms.py::1895,0.178908
lib/matplotlib/transforms.py::1896,0.178908
lib/matplotlib/transforms.py::1897,0.178908
lib/matplotlib/transforms.py::1898,0.178908
lib/matplotlib/transforms.py::1967,0.178908
lib/matplotlib/transforms.py::2135,0.178908
lib/matplotlib/transforms.py::2136,0.178908
lib/matplotlib/transforms.py::2137,0.178908
lib/matplotlib/transforms.py::2138,0.178908
lib/matplotlib/transforms.py::2142,0.178908
lib/matplotlib/transforms.py::2143,0.178908
lib/matplotlib/transforms.py::2144,0.178908
lib/matplotlib/transforms.py::2145,0.178908
lib/matplotlib/transforms.py::2147,0.178908
lib/matplotlib/transforms.py::2148,0.178908
lib/matplotlib/transforms.py::2174,0.178908
lib/matplotlib/transforms.py::2175,0.178908
lib/matplotlib/transforms.py::2176,0.178908
lib/matplotlib/transforms.py::2199,0.178908
lib/matplotlib/transforms.py::2202,0.178908
lib/matplotlib/transforms.py::2203,0.178908
lib/matplotlib/transforms.py::2205,0.178908
lib/matplotlib/transforms.py::2206,0.178908
lib/matplotlib/transforms.py::2207,0.178908
lib/matplotlib/transforms.py::2208,0.178908
lib/matplotlib/transforms.py::2366,0.178908
lib/matplotlib/transforms.py::2368,0.178908
lib/matplotlib/transforms.py::2370,0.178908
lib/matplotlib/transforms.py::2372,0.178908
lib/matplotlib/transforms.py::2519,0.178908
lib/matplotlib/transforms.py::2520,0.178908
lib/matplotlib/transforms.py::2521,0.178908
lib/matplotlib/transforms.py::2522,0.178908
lib/matplotlib/transforms.py::2523,0.178908
lib/matplotlib/transforms.py::2524,0.178908
lib/matplotlib/transforms.py::2677,0.178908
lib/matplotlib/transforms.py::2680,0.178908
lib/matplotlib/transforms.py::2681,0.178908
lib/matplotlib/transforms.py::2687,0.178908
lib/matplotlib/transforms.py::2689,0.178908
lib/matplotlib/transforms.py::2690,0.178908
lib/matplotlib/transforms.py::2694,0.178908
lib/matplotlib/transforms.py::2702,0.178908
lib/matplotlib/transforms.py::2704,0.178908
lib/matplotlib/transforms.py::726,0.178908
lib/matplotlib/transforms.py::731,0.178908
lib/matplotlib/transforms.py::870,0.178908
lib/matplotlib/transforms.py::871,0.178908
lib/matplotlib/transforms.py::875,0.178908
lib/matplotlib/transforms.py::876,0.178908
lib/matplotlib/transforms.py::892,0.178908
lib/matplotlib/transforms.py::896,0.178908
lib/matplotlib/units.py::198,0.178908
lib/matplotlib/units.py::200,0.178908
lib/matplotlib/units.py::208,0.178908
lib/matplotlib/units.py::209,0.178908
lib/matplotlib/units.py::210,0.178908
lib/matplotlib/units.py::211,0.178908
lib/matplotlib/units.py::212,0.178908
lib/matplotlib/units.py::213,0.178908
lib/matplotlib/units.py::214,0.178908
lib/matplotlib/units.py::215,0.178908
lib/matplotlib/units.py::216,0.178908
lib/matplotlib/units.py::220,0.178908
lib/matplotlib/units.py::221,0.178908
lib/matplotlib/units.py::222,0.178908
lib/matplotlib/units.py::64,0.178908
lib/matplotlib/units.py::71,0.178908
lib/matplotlib/artist.py::100,0.178739
lib/matplotlib/artist.py::1001,0.178739
lib/matplotlib/artist.py::101,0.178739
lib/matplotlib/artist.py::102,0.178739
lib/matplotlib/artist.py::103,0.178739
lib/matplotlib/artist.py::104,0.178739
lib/matplotlib/artist.py::105,0.178739
lib/matplotlib/artist.py::106,0.178739
lib/matplotlib/artist.py::107,0.178739
lib/matplotlib/artist.py::108,0.178739
lib/matplotlib/artist.py::198,0.178739
lib/matplotlib/artist.py::203,0.178739
lib/matplotlib/artist.py::204,0.178739
lib/matplotlib/artist.py::217,0.178739
lib/matplotlib/artist.py::222,0.178739
lib/matplotlib/artist.py::225,0.178739
lib/matplotlib/artist.py::226,0.178739
lib/matplotlib/artist.py::345,0.178739
lib/matplotlib/artist.py::364,0.178739
lib/matplotlib/artist.py::365,0.178739
lib/matplotlib/artist.py::366,0.178739
lib/matplotlib/artist.py::367,0.178739
lib/matplotlib/artist.py::697,0.178739
lib/matplotlib/artist.py::704,0.178739
lib/matplotlib/artist.py::707,0.178739
lib/matplotlib/artist.py::708,0.178739
lib/matplotlib/artist.py::709,0.178739
lib/matplotlib/artist.py::710,0.178739
lib/matplotlib/artist.py::74,0.178739
lib/matplotlib/artist.py::75,0.178739
lib/matplotlib/artist.py::76,0.178739
lib/matplotlib/artist.py::77,0.178739
lib/matplotlib/artist.py::79,0.178739
lib/matplotlib/artist.py::799,0.178739
lib/matplotlib/artist.py::80,0.178739
lib/matplotlib/artist.py::81,0.178739
lib/matplotlib/artist.py::82,0.178739
lib/matplotlib/artist.py::83,0.178739
lib/matplotlib/artist.py::84,0.178739
lib/matplotlib/artist.py::85,0.178739
lib/matplotlib/artist.py::86,0.178739
lib/matplotlib/artist.py::87,0.178739
lib/matplotlib/artist.py::88,0.178739
lib/matplotlib/artist.py::89,0.178739
lib/matplotlib/artist.py::90,0.178739
lib/matplotlib/artist.py::91,0.178739
lib/matplotlib/artist.py::92,0.178739
lib/matplotlib/artist.py::93,0.178739
lib/matplotlib/artist.py::94,0.178739
lib/matplotlib/artist.py::943,0.178739
lib/matplotlib/artist.py::944,0.178739
lib/matplotlib/artist.py::945,0.178739
lib/matplotlib/artist.py::95,0.178739
lib/matplotlib/artist.py::96,0.178739
lib/matplotlib/artist.py::97,0.178739
lib/matplotlib/artist.py::970,0.178739
lib/matplotlib/artist.py::98,0.178739
lib/matplotlib/artist.py::980,0.178739
lib/matplotlib/artist.py::981,0.178739
lib/matplotlib/artist.py::982,0.178739
lib/matplotlib/artist.py::983,0.178739
lib/matplotlib/artist.py::986,0.178739
lib/matplotlib/artist.py::989,0.178739
lib/matplotlib/artist.py::990,0.178739
lib/matplotlib/artist.py::993,0.178739
lib/matplotlib/artist.py::994,0.178739
lib/matplotlib/artist.py::995,0.178739
lib/matplotlib/artist.py::996,0.178739
lib/matplotlib/artist.py::997,0.178739
lib/matplotlib/axes/_base.py::420,0.178739
lib/matplotlib/axes/_base.py::421,0.178739
lib/matplotlib/axes/_base.py::425,0.178739
lib/matplotlib/axes/_base.py::427,0.178739
lib/matplotlib/axes/_base.py::428,0.178739
lib/matplotlib/axes/_base.py::429,0.178739
lib/matplotlib/axes/_base.py::430,0.178739
lib/matplotlib/axes/_base.py::431,0.178739
lib/matplotlib/axes/_base.py::432,0.178739
lib/matplotlib/axes/_base.py::433,0.178739
lib/matplotlib/axes/_base.py::434,0.178739
lib/matplotlib/axes/_base.py::435,0.178739
lib/matplotlib/axes/_base.py::436,0.178739
lib/matplotlib/axes/_base.py::440,0.178739
lib/matplotlib/backend_bases.py::1585,0.178739
lib/matplotlib/backend_bases.py::1586,0.178739
lib/matplotlib/backend_bases.py::1587,0.178739
lib/matplotlib/backend_bases.py::1588,0.178739
lib/matplotlib/backend_bases.py::1589,0.178739
lib/matplotlib/backend_bases.py::1590,0.178739
lib/matplotlib/backend_bases.py::1592,0.178739
lib/matplotlib/backend_bases.py::1593,0.178739
lib/matplotlib/backend_bases.py::1594,0.178739
lib/matplotlib/backend_bases.py::1595,0.178739
lib/matplotlib/backend_bases.py::1596,0.178739
lib/matplotlib/backend_bases.py::1597,0.178739
lib/matplotlib/backend_bases.py::1598,0.178739
lib/matplotlib/backend_bases.py::1599,0.178739
lib/matplotlib/backend_bases.py::1600,0.178739
lib/matplotlib/backend_bases.py::1601,0.178739
lib/matplotlib/backend_bases.py::2218,0.178739
lib/matplotlib/cbook/__init__.py::100,0.178739
lib/matplotlib/cbook/__init__.py::158,0.178739
lib/matplotlib/cbook/__init__.py::159,0.178739
lib/matplotlib/cbook/__init__.py::160,0.178739
lib/matplotlib/cbook/__init__.py::161,0.178739
lib/matplotlib/cbook/__init__.py::170,0.178739
lib/matplotlib/cbook/__init__.py::171,0.178739
lib/matplotlib/cbook/__init__.py::172,0.178739
lib/matplotlib/cbook/__init__.py::173,0.178739
lib/matplotlib/cbook/__init__.py::174,0.178739
lib/matplotlib/cbook/__init__.py::175,0.178739
lib/matplotlib/cbook/__init__.py::178,0.178739
lib/matplotlib/cbook/__init__.py::179,0.178739
lib/matplotlib/cbook/__init__.py::180,0.178739
lib/matplotlib/cbook/__init__.py::181,0.178739
lib/matplotlib/cbook/__init__.py::182,0.178739
lib/matplotlib/cbook/__init__.py::2024,0.178739
lib/matplotlib/cbook/__init__.py::2025,0.178739
lib/matplotlib/cbook/__init__.py::2026,0.178739
lib/matplotlib/cbook/__init__.py::2027,0.178739
lib/matplotlib/cbook/__init__.py::2028,0.178739
lib/matplotlib/cbook/__init__.py::2029,0.178739
lib/matplotlib/cbook/__init__.py::2031,0.178739
lib/matplotlib/cbook/__init__.py::2032,0.178739
lib/matplotlib/cbook/__init__.py::2035,0.178739
lib/matplotlib/cbook/__init__.py::2171,0.178739
lib/matplotlib/cbook/__init__.py::2172,0.178739
lib/matplotlib/cbook/__init__.py::2173,0.178739
lib/matplotlib/cbook/__init__.py::2174,0.178739
lib/matplotlib/cbook/__init__.py::2175,0.178739
lib/matplotlib/cbook/__init__.py::2177,0.178739
lib/matplotlib/cbook/__init__.py::2178,0.178739
lib/matplotlib/cbook/__init__.py::2179,0.178739
lib/matplotlib/cbook/__init__.py::2181,0.178739
lib/matplotlib/cbook/__init__.py::2182,0.178739
lib/matplotlib/cbook/__init__.py::2185,0.178739
lib/matplotlib/cbook/__init__.py::2186,0.178739
lib/matplotlib/cbook/__init__.py::550,0.178739
lib/matplotlib/cbook/__init__.py::551,0.178739
lib/matplotlib/cbook/__init__.py::604,0.178739
lib/matplotlib/cbook/__init__.py::605,0.178739
lib/matplotlib/cbook/__init__.py::798,0.178739
lib/matplotlib/cbook/__init__.py::91,0.178739
lib/matplotlib/figure.py::1054,0.178739
lib/matplotlib/figure.py::1057,0.178739
lib/matplotlib/figure.py::1058,0.178739
lib/matplotlib/figure.py::1068,0.178739
lib/matplotlib/figure.py::1070,0.178739
lib/matplotlib/figure.py::1071,0.178739
lib/matplotlib/figure.py::1072,0.178739
lib/matplotlib/figure.py::1073,0.178739
lib/matplotlib/figure.py::1075,0.178739
lib/matplotlib/figure.py::1076,0.178739
lib/matplotlib/figure.py::1078,0.178739
lib/matplotlib/figure.py::1079,0.178739
lib/matplotlib/figure.py::1090,0.178739
lib/matplotlib/figure.py::1098,0.178739
lib/matplotlib/figure.py::1109,0.178739
lib/matplotlib/figure.py::1111,0.178739
lib/matplotlib/figure.py::1656,0.178739
lib/matplotlib/figure.py::1657,0.178739
lib/matplotlib/figure.py::1659,0.178739
lib/matplotlib/figure.py::1663,0.178739
lib/matplotlib/figure.py::1664,0.178739
lib/matplotlib/figure.py::1666,0.178739
lib/matplotlib/figure.py::1667,0.178739
lib/matplotlib/figure.py::1668,0.178739
lib/matplotlib/figure.py::1669,0.178739
lib/matplotlib/figure.py::1670,0.178739
lib/matplotlib/figure.py::1671,0.178739
lib/matplotlib/figure.py::1672,0.178739
lib/matplotlib/figure.py::1673,0.178739
lib/matplotlib/figure.py::1674,0.178739
lib/matplotlib/figure.py::1675,0.178739
lib/matplotlib/figure.py::1676,0.178739
lib/matplotlib/figure.py::1678,0.178739
lib/matplotlib/figure.py::1878,0.178739
lib/matplotlib/figure.py::1879,0.178739
lib/matplotlib/figure.py::188,0.178739
lib/matplotlib/figure.py::1880,0.178739
lib/matplotlib/figure.py::1881,0.178739
lib/matplotlib/figure.py::189,0.178739
lib/matplotlib/figure.py::190,0.178739
lib/matplotlib/figure.py::191,0.178739
lib/matplotlib/figure.py::198,0.178739
lib/matplotlib/figure.py::199,0.178739
lib/matplotlib/figure.py::200,0.178739
lib/matplotlib/figure.py::202,0.178739
lib/matplotlib/figure.py::203,0.178739
lib/matplotlib/figure.py::205,0.178739
lib/matplotlib/figure.py::207,0.178739
lib/matplotlib/figure.py::209,0.178739
lib/matplotlib/figure.py::211,0.178739
lib/matplotlib/figure.py::213,0.178739
lib/matplotlib/figure.py::215,0.178739
lib/matplotlib/figure.py::301,0.178739
lib/matplotlib/figure.py::306,0.178739
lib/matplotlib/figure.py::307,0.178739
lib/matplotlib/figure.py::309,0.178739
lib/matplotlib/figure.py::311,0.178739
lib/matplotlib/figure.py::313,0.178739
lib/matplotlib/figure.py::315,0.178739
lib/matplotlib/figure.py::317,0.178739
lib/matplotlib/figure.py::320,0.178739
lib/matplotlib/figure.py::323,0.178739
lib/matplotlib/figure.py::325,0.178739
lib/matplotlib/figure.py::327,0.178739
lib/matplotlib/figure.py::328,0.178739
lib/matplotlib/figure.py::330,0.178739
lib/matplotlib/figure.py::332,0.178739
lib/matplotlib/figure.py::333,0.178739
lib/matplotlib/figure.py::334,0.178739
lib/matplotlib/figure.py::336,0.178739
lib/matplotlib/figure.py::337,0.178739
lib/matplotlib/figure.py::338,0.178739
lib/matplotlib/figure.py::340,0.178739
lib/matplotlib/figure.py::341,0.178739
lib/matplotlib/figure.py::343,0.178739
lib/matplotlib/figure.py::344,0.178739
lib/matplotlib/figure.py::346,0.178739
lib/matplotlib/figure.py::348,0.178739
lib/matplotlib/figure.py::350,0.178739
lib/matplotlib/figure.py::352,0.178739
lib/matplotlib/figure.py::354,0.178739
lib/matplotlib/figure.py::355,0.178739
lib/matplotlib/figure.py::356,0.178739
lib/matplotlib/figure.py::361,0.178739
lib/matplotlib/figure.py::362,0.178739
lib/matplotlib/figure.py::365,0.178739
lib/matplotlib/figure.py::42,0.178739
lib/matplotlib/figure.py::423,0.178739
lib/matplotlib/figure.py::43,0.178739
lib/matplotlib/figure.py::469,0.178739
lib/matplotlib/figure.py::470,0.178739
lib/matplotlib/figure.py::471,0.178739
lib/matplotlib/figure.py::472,0.178739
lib/matplotlib/figure.py::473,0.178739
lib/matplotlib/figure.py::481,0.178739
lib/matplotlib/figure.py::499,0.178739
lib/matplotlib/figure.py::500,0.178739
lib/matplotlib/figure.py::501,0.178739
lib/matplotlib/figure.py::502,0.178739
lib/matplotlib/figure.py::503,0.178739
lib/matplotlib/figure.py::504,0.178739
lib/matplotlib/figure.py::506,0.178739
lib/matplotlib/figure.py::507,0.178739
lib/matplotlib/figure.py::510,0.178739
lib/matplotlib/figure.py::512,0.178739
lib/matplotlib/figure.py::541,0.178739
lib/matplotlib/figure.py::542,0.178739
lib/matplotlib/figure.py::543,0.178739
lib/matplotlib/figure.py::547,0.178739
lib/matplotlib/figure.py::61,0.178739
lib/matplotlib/figure.py::62,0.178739
lib/matplotlib/figure.py::68,0.178739
lib/matplotlib/figure.py::69,0.178739
lib/matplotlib/figure.py::70,0.178739
lib/matplotlib/figure.py::755,0.178739
lib/matplotlib/figure.py::77,0.178739
lib/matplotlib/figure.py::78,0.178739
lib/matplotlib/figure.py::79,0.178739
lib/matplotlib/lines.py::37,0.178739
lib/matplotlib/lines.py::38,0.178739
lib/matplotlib/lines.py::40,0.178739
lib/matplotlib/lines.py::41,0.178739
lib/matplotlib/lines.py::42,0.178739
lib/matplotlib/lines.py::60,0.178739
lib/matplotlib/lines.py::65,0.178739
lib/matplotlib/lines.py::69,0.178739
lib/matplotlib/patches.py::308,0.178739
lib/matplotlib/patches.py::310,0.178739
lib/matplotlib/patches.py::311,0.178739
lib/matplotlib/patches.py::314,0.178739
lib/matplotlib/patches.py::315,0.178739
lib/matplotlib/patches.py::323,0.178739
lib/matplotlib/patches.py::324,0.178739
lib/matplotlib/patches.py::325,0.178739
lib/matplotlib/patches.py::326,0.178739
lib/matplotlib/patches.py::336,0.178739
lib/matplotlib/patches.py::337,0.178739
lib/matplotlib/patches.py::340,0.178739
lib/matplotlib/patches.py::342,0.178739
lib/matplotlib/patches.py::343,0.178739
lib/matplotlib/patches.py::344,0.178739
lib/matplotlib/patches.py::354,0.178739
lib/matplotlib/patches.py::355,0.178739
lib/matplotlib/patches.py::388,0.178739
lib/matplotlib/patches.py::393,0.178739
lib/matplotlib/patches.py::395,0.178739
lib/matplotlib/patches.py::396,0.178739
lib/matplotlib/patches.py::397,0.178739
lib/matplotlib/patches.py::398,0.178739
lib/matplotlib/patches.py::424,0.178739
lib/matplotlib/patches.py::426,0.178739
lib/matplotlib/patches.py::428,0.178739
lib/matplotlib/patches.py::430,0.178739
lib/matplotlib/patches.py::431,0.178739
lib/matplotlib/patches.py::432,0.178739
lib/matplotlib/patches.py::442,0.178739
lib/matplotlib/patches.py::443,0.178739
lib/matplotlib/patches.py::444,0.178739
lib/matplotlib/patches.py::445,0.178739
lib/matplotlib/patches.py::464,0.178739
lib/matplotlib/patches.py::465,0.178739
lib/matplotlib/patches.py::466,0.178739
lib/matplotlib/patches.py::479,0.178739
lib/matplotlib/patches.py::480,0.178739
lib/matplotlib/patches.py::481,0.178739
lib/matplotlib/patches.py::515,0.178739
lib/matplotlib/patches.py::516,0.178739
lib/matplotlib/patches.py::58,0.178739
lib/matplotlib/patches.py::60,0.178739
lib/matplotlib/patches.py::62,0.178739
lib/matplotlib/patches.py::63,0.178739
lib/matplotlib/patches.py::64,0.178739
lib/matplotlib/patches.py::65,0.178739
lib/matplotlib/patches.py::66,0.178739
lib/matplotlib/patches.py::67,0.178739
lib/matplotlib/patches.py::68,0.178739
lib/matplotlib/patches.py::69,0.178739
lib/matplotlib/patches.py::71,0.178739
lib/matplotlib/patches.py::72,0.178739
lib/matplotlib/patches.py::73,0.178739
lib/matplotlib/patches.py::740,0.178739
lib/matplotlib/patches.py::742,0.178739
lib/matplotlib/patches.py::743,0.178739
lib/matplotlib/patches.py::745,0.178739
lib/matplotlib/patches.py::746,0.178739
lib/matplotlib/patches.py::748,0.178739
lib/matplotlib/patches.py::749,0.178739
lib/matplotlib/patches.py::751,0.178739
lib/matplotlib/patches.py::753,0.178739
lib/matplotlib/patches.py::80,0.178739
lib/matplotlib/patches.py::81,0.178739
lib/matplotlib/patches.py::83,0.178739
lib/matplotlib/patches.py::84,0.178739
lib/matplotlib/patches.py::86,0.178739
lib/matplotlib/patches.py::87,0.178739
lib/matplotlib/patches.py::88,0.178739
lib/matplotlib/patches.py::89,0.178739
lib/matplotlib/patches.py::90,0.178739
lib/matplotlib/patches.py::91,0.178739
lib/matplotlib/patches.py::92,0.178739
lib/matplotlib/patches.py::94,0.178739
lib/matplotlib/patches.py::95,0.178739
lib/matplotlib/transforms.py::115,0.178739
lib/matplotlib/transforms.py::119,0.178739
lib/matplotlib/transforms.py::120,0.178739
lib/matplotlib/transforms.py::152,0.178739
lib/matplotlib/transforms.py::153,0.178739
lib/matplotlib/transforms.py::154,0.178739
lib/matplotlib/transforms.py::155,0.178739
lib/matplotlib/transforms.py::1620,0.178739
lib/matplotlib/transforms.py::1621,0.178739
lib/matplotlib/transforms.py::172,0.178739
lib/matplotlib/transforms.py::174,0.178739
lib/matplotlib/transforms.py::175,0.178739
lib/matplotlib/transforms.py::1759,0.178739
lib/matplotlib/transforms.py::1760,0.178739
lib/matplotlib/transforms.py::1762,0.178739
lib/matplotlib/transforms.py::1763,0.178739
lib/matplotlib/transforms.py::1764,0.178739
lib/matplotlib/transforms.py::177,0.178739
lib/matplotlib/transforms.py::1911,0.178739
lib/matplotlib/transforms.py::1912,0.178739
lib/matplotlib/transforms.py::1913,0.178739
lib/matplotlib/transforms.py::1914,0.178739
lib/matplotlib/transforms.py::1915,0.178739
lib/matplotlib/transforms.py::1916,0.178739
lib/matplotlib/transforms.py::1917,0.178739
lib/matplotlib/transforms.py::194,0.178739
lib/matplotlib/transforms.py::198,0.178739
lib/matplotlib/transforms.py::199,0.178739
lib/matplotlib/transforms.py::200,0.178739
lib/matplotlib/transforms.py::236,0.178739
lib/matplotlib/transforms.py::2431,0.178739
lib/matplotlib/transforms.py::2434,0.178739
lib/matplotlib/transforms.py::2435,0.178739
lib/matplotlib/transforms.py::2436,0.178739
lib/matplotlib/transforms.py::2437,0.178739
lib/matplotlib/transforms.py::2438,0.178739
lib/matplotlib/transforms.py::358,0.178739
lib/matplotlib/transforms.py::359,0.178739
lib/matplotlib/transforms.py::364,0.178739
lib/matplotlib/transforms.py::365,0.178739
lib/matplotlib/transforms.py::700,0.178739
lib/matplotlib/transforms.py::701,0.178739
lib/matplotlib/transforms.py::702,0.178739
lib/matplotlib/transforms.py::705,0.178739
lib/matplotlib/transforms.py::706,0.178739
lib/matplotlib/transforms.py::707,0.178739
lib/matplotlib/transforms.py::711,0.178739
lib/matplotlib/transforms.py::740,0.178739
lib/matplotlib/transforms.py::749,0.178739
lib/matplotlib/transforms.py::903,0.178739
lib/matplotlib/transforms.py::904,0.178739
lib/matplotlib/transforms.py::953,0.178739
lib/matplotlib/transforms.py::955,0.178739
lib/matplotlib/transforms.py::956,0.178739
lib/matplotlib/transforms.py::960,0.178739
lib/matplotlib/transforms.py::961,0.178739
lib/matplotlib/transforms.py::962,0.178739
lib/matplotlib/transforms.py::963,0.178739
lib/matplotlib/transforms.py::964,0.178739
lib/matplotlib/widgets.py::36,0.178739
lib/matplotlib/cbook/__init__.py::1607,0.174679
lib/matplotlib/cbook/__init__.py::1619,0.174679
lib/matplotlib/__init__.py::1066,0.169720
lib/matplotlib/__init__.py::1067,0.169720
lib/matplotlib/__init__.py::1068,0.169720
lib/matplotlib/__init__.py::1070,0.169720
lib/matplotlib/__init__.py::1072,0.169720
lib/matplotlib/__init__.py::1074,0.169720
lib/matplotlib/__init__.py::1108,0.169720
lib/matplotlib/__init__.py::1109,0.169720
lib/matplotlib/__init__.py::1111,0.169720
lib/matplotlib/__init__.py::653,0.169720
lib/matplotlib/__init__.py::654,0.169720
lib/matplotlib/__init__.py::660,0.169720
lib/matplotlib/__init__.py::661,0.169720
lib/matplotlib/__init__.py::662,0.169720
lib/matplotlib/__init__.py::663,0.169720
lib/matplotlib/__init__.py::664,0.169720
lib/matplotlib/__init__.py::669,0.169720
lib/matplotlib/__init__.py::673,0.169720
lib/matplotlib/__init__.py::674,0.169720
lib/matplotlib/__init__.py::677,0.169720
lib/matplotlib/__init__.py::684,0.169720
lib/matplotlib/__init__.py::690,0.169720
lib/matplotlib/__init__.py::696,0.169720
lib/matplotlib/__init__.py::697,0.169720
lib/matplotlib/__init__.py::698,0.169720
lib/matplotlib/__init__.py::702,0.169720
lib/matplotlib/__init__.py::718,0.169720
lib/matplotlib/__init__.py::719,0.169720
lib/matplotlib/__init__.py::741,0.169720
lib/matplotlib/__init__.py::990,0.169720
lib/matplotlib/__init__.py::991,0.169720
lib/matplotlib/__init__.py::992,0.169720
lib/matplotlib/__init__.py::993,0.169720
lib/matplotlib/__init__.py::994,0.169720
lib/matplotlib/_pylab_helpers.py::81,0.169720
lib/matplotlib/_pylab_helpers.py::82,0.169720
lib/matplotlib/_pylab_helpers.py::85,0.169720
lib/matplotlib/_pylab_helpers.py::86,0.169720
lib/matplotlib/cbook/__init__.py::2047,0.169720
lib/matplotlib/cbook/__init__.py::2048,0.169720
lib/matplotlib/cbook/__init__.py::2049,0.169720
lib/matplotlib/cbook/__init__.py::2052,0.169720
lib/matplotlib/cbook/__init__.py::2054,0.169720
lib/matplotlib/cbook/__init__.py::2055,0.169720
lib/matplotlib/cbook/__init__.py::2056,0.169720
lib/matplotlib/cbook/__init__.py::2057,0.169720
lib/matplotlib/cbook/__init__.py::2204,0.169720
lib/matplotlib/cbook/__init__.py::2205,0.169720
lib/matplotlib/cbook/__init__.py::2206,0.169720
lib/matplotlib/cbook/deprecation.py::105,0.169720
lib/matplotlib/cbook/deprecation.py::106,0.169720
lib/matplotlib/cbook/deprecation.py::107,0.169720
lib/matplotlib/cbook/deprecation.py::108,0.169720
lib/matplotlib/cbook/deprecation.py::109,0.169720
lib/matplotlib/cbook/deprecation.py::27,0.169720
lib/matplotlib/cbook/deprecation.py::32,0.169720
lib/matplotlib/cbook/deprecation.py::35,0.169720
lib/matplotlib/cbook/deprecation.py::36,0.169720
lib/matplotlib/cbook/deprecation.py::37,0.169720
lib/matplotlib/cbook/deprecation.py::434,0.169720
lib/matplotlib/cbook/deprecation.py::435,0.169720
lib/matplotlib/cbook/deprecation.py::436,0.169720
lib/matplotlib/cbook/deprecation.py::48,0.169720
lib/matplotlib/cbook/deprecation.py::49,0.169720
lib/matplotlib/cbook/deprecation.py::50,0.169720
lib/matplotlib/cbook/deprecation.py::51,0.169720
lib/matplotlib/cbook/deprecation.py::52,0.169720
lib/matplotlib/cbook/deprecation.py::53,0.169720
lib/matplotlib/colors.py::126,0.169720
lib/matplotlib/colors.py::132,0.169720
lib/matplotlib/colors.py::133,0.169720
lib/matplotlib/colors.py::134,0.169720
lib/matplotlib/colors.py::135,0.169720
lib/matplotlib/colors.py::139,0.169720
lib/matplotlib/colors.py::165,0.169720
lib/matplotlib/colors.py::170,0.169720
lib/matplotlib/colors.py::171,0.169720
lib/matplotlib/colors.py::174,0.169720
lib/matplotlib/colors.py::180,0.169720
lib/matplotlib/pyplot.py::722,0.169720
lib/matplotlib/pyplot.py::728,0.169720
lib/matplotlib/pyplot.py::729,0.169720
lib/matplotlib/rcsetup.py::100,0.169720
lib/matplotlib/rcsetup.py::101,0.169720
lib/matplotlib/rcsetup.py::115,0.169720
lib/matplotlib/rcsetup.py::132,0.169720
lib/matplotlib/rcsetup.py::133,0.169720
lib/matplotlib/rcsetup.py::134,0.169720
lib/matplotlib/rcsetup.py::135,0.169720
lib/matplotlib/rcsetup.py::136,0.169720
lib/matplotlib/rcsetup.py::137,0.169720
lib/matplotlib/rcsetup.py::139,0.169720
lib/matplotlib/rcsetup.py::159,0.169720
lib/matplotlib/rcsetup.py::163,0.169720
lib/matplotlib/rcsetup.py::166,0.169720
lib/matplotlib/rcsetup.py::167,0.169720
lib/matplotlib/rcsetup.py::168,0.169720
lib/matplotlib/rcsetup.py::179,0.169720
lib/matplotlib/rcsetup.py::180,0.169720
lib/matplotlib/rcsetup.py::181,0.169720
lib/matplotlib/rcsetup.py::182,0.169720
lib/matplotlib/rcsetup.py::183,0.169720
lib/matplotlib/rcsetup.py::184,0.169720
lib/matplotlib/rcsetup.py::198,0.169720
lib/matplotlib/rcsetup.py::199,0.169720
lib/matplotlib/rcsetup.py::214,0.169720
lib/matplotlib/rcsetup.py::215,0.169720
lib/matplotlib/rcsetup.py::216,0.169720
lib/matplotlib/rcsetup.py::217,0.169720
lib/matplotlib/rcsetup.py::218,0.169720
lib/matplotlib/rcsetup.py::247,0.169720
lib/matplotlib/rcsetup.py::248,0.169720
lib/matplotlib/rcsetup.py::249,0.169720
lib/matplotlib/rcsetup.py::250,0.169720
lib/matplotlib/rcsetup.py::258,0.169720
lib/matplotlib/rcsetup.py::262,0.169720
lib/matplotlib/rcsetup.py::272,0.169720
lib/matplotlib/rcsetup.py::273,0.169720
lib/matplotlib/rcsetup.py::274,0.169720
lib/matplotlib/rcsetup.py::284,0.169720
lib/matplotlib/rcsetup.py::286,0.169720
lib/matplotlib/rcsetup.py::293,0.169720
lib/matplotlib/rcsetup.py::297,0.169720
lib/matplotlib/rcsetup.py::298,0.169720
lib/matplotlib/rcsetup.py::299,0.169720
lib/matplotlib/rcsetup.py::304,0.169720
lib/matplotlib/rcsetup.py::313,0.169720
lib/matplotlib/rcsetup.py::314,0.169720
lib/matplotlib/rcsetup.py::315,0.169720
lib/matplotlib/rcsetup.py::319,0.169720
lib/matplotlib/rcsetup.py::320,0.169720
lib/matplotlib/rcsetup.py::321,0.169720
lib/matplotlib/rcsetup.py::326,0.169720
lib/matplotlib/rcsetup.py::328,0.169720
lib/matplotlib/rcsetup.py::333,0.169720
lib/matplotlib/rcsetup.py::334,0.169720
lib/matplotlib/rcsetup.py::335,0.169720
lib/matplotlib/rcsetup.py::336,0.169720
lib/matplotlib/rcsetup.py::341,0.169720
lib/matplotlib/rcsetup.py::342,0.169720
lib/matplotlib/rcsetup.py::363,0.169720
lib/matplotlib/rcsetup.py::364,0.169720
lib/matplotlib/rcsetup.py::372,0.169720
lib/matplotlib/rcsetup.py::373,0.169720
lib/matplotlib/rcsetup.py::379,0.169720
lib/matplotlib/rcsetup.py::380,0.169720
lib/matplotlib/rcsetup.py::381,0.169720
lib/matplotlib/rcsetup.py::382,0.169720
lib/matplotlib/rcsetup.py::383,0.169720
lib/matplotlib/rcsetup.py::384,0.169720
lib/matplotlib/rcsetup.py::397,0.169720
lib/matplotlib/rcsetup.py::398,0.169720
lib/matplotlib/rcsetup.py::400,0.169720
lib/matplotlib/rcsetup.py::401,0.169720
lib/matplotlib/rcsetup.py::409,0.169720
lib/matplotlib/rcsetup.py::410,0.169720
lib/matplotlib/rcsetup.py::418,0.169720
lib/matplotlib/rcsetup.py::420,0.169720
lib/matplotlib/rcsetup.py::421,0.169720
lib/matplotlib/rcsetup.py::431,0.169720
lib/matplotlib/rcsetup.py::432,0.169720
lib/matplotlib/rcsetup.py::433,0.169720
lib/matplotlib/rcsetup.py::434,0.169720
lib/matplotlib/rcsetup.py::436,0.169720
lib/matplotlib/rcsetup.py::437,0.169720
lib/matplotlib/rcsetup.py::458,0.169720
lib/matplotlib/rcsetup.py::465,0.169720
lib/matplotlib/rcsetup.py::466,0.169720
lib/matplotlib/rcsetup.py::468,0.169720
lib/matplotlib/rcsetup.py::469,0.169720
lib/matplotlib/rcsetup.py::470,0.169720
lib/matplotlib/rcsetup.py::471,0.169720
lib/matplotlib/rcsetup.py::495,0.169720
lib/matplotlib/rcsetup.py::496,0.169720
lib/matplotlib/rcsetup.py::502,0.169720
lib/matplotlib/rcsetup.py::514,0.169720
lib/matplotlib/rcsetup.py::516,0.169720
lib/matplotlib/rcsetup.py::517,0.169720
lib/matplotlib/rcsetup.py::535,0.169720
lib/matplotlib/rcsetup.py::536,0.169720
lib/matplotlib/rcsetup.py::537,0.169720
lib/matplotlib/rcsetup.py::573,0.169720
lib/matplotlib/rcsetup.py::574,0.169720
lib/matplotlib/rcsetup.py::586,0.169720
lib/matplotlib/rcsetup.py::590,0.169720
lib/matplotlib/rcsetup.py::591,0.169720
lib/matplotlib/rcsetup.py::592,0.169720
lib/matplotlib/rcsetup.py::596,0.169720
lib/matplotlib/rcsetup.py::597,0.169720
lib/matplotlib/rcsetup.py::598,0.169720
lib/matplotlib/rcsetup.py::67,0.169720
lib/matplotlib/rcsetup.py::674,0.169720
lib/matplotlib/rcsetup.py::680,0.169720
lib/matplotlib/rcsetup.py::681,0.169720
lib/matplotlib/rcsetup.py::71,0.169720
lib/matplotlib/rcsetup.py::711,0.169720
lib/matplotlib/rcsetup.py::718,0.169720
lib/matplotlib/rcsetup.py::72,0.169720
lib/matplotlib/rcsetup.py::721,0.169720
lib/matplotlib/rcsetup.py::725,0.169720
lib/matplotlib/rcsetup.py::727,0.169720
lib/matplotlib/rcsetup.py::728,0.169720
lib/matplotlib/rcsetup.py::73,0.169720
lib/matplotlib/rcsetup.py::736,0.169720
lib/matplotlib/rcsetup.py::737,0.169720
lib/matplotlib/rcsetup.py::738,0.169720
lib/matplotlib/rcsetup.py::74,0.169720
lib/matplotlib/rcsetup.py::744,0.169720
lib/matplotlib/rcsetup.py::745,0.169720
lib/matplotlib/rcsetup.py::746,0.169720
lib/matplotlib/rcsetup.py::81,0.169720
lib/matplotlib/rcsetup.py::82,0.169720
lib/matplotlib/rcsetup.py::83,0.169720
lib/matplotlib/rcsetup.py::84,0.169720
lib/matplotlib/rcsetup.py::900,0.169720
lib/matplotlib/rcsetup.py::925,0.169720
lib/matplotlib/rcsetup.py::926,0.169720
lib/matplotlib/rcsetup.py::930,0.169720
lib/matplotlib/rcsetup.py::931,0.169720
lib/matplotlib/rcsetup.py::936,0.169720
lib/matplotlib/rcsetup.py::937,0.169720
lib/matplotlib/rcsetup.py::938,0.169720
lib/matplotlib/rcsetup.py::939,0.169720
lib/matplotlib/rcsetup.py::942,0.169720
lib/matplotlib/rcsetup.py::946,0.169720
lib/matplotlib/rcsetup.py::95,0.169720
lib/matplotlib/rcsetup.py::950,0.169720
lib/matplotlib/rcsetup.py::953,0.169720
lib/matplotlib/rcsetup.py::954,0.169720
lib/matplotlib/rcsetup.py::955,0.169720
lib/matplotlib/rcsetup.py::957,0.169720
lib/matplotlib/rcsetup.py::958,0.169720
lib/matplotlib/rcsetup.py::960,0.169720
lib/matplotlib/rcsetup.py::964,0.169720
lib/matplotlib/rcsetup.py::965,0.169720
lib/matplotlib/rcsetup.py::967,0.169720
lib/matplotlib/rcsetup.py::968,0.169720
lib/matplotlib/style/core.py::101,0.169720
lib/matplotlib/style/core.py::102,0.169720
lib/matplotlib/style/core.py::103,0.169720
lib/matplotlib/style/core.py::104,0.169720
lib/matplotlib/style/core.py::106,0.169720
lib/matplotlib/style/core.py::46,0.169720
lib/matplotlib/style/core.py::47,0.169720
lib/matplotlib/style/core.py::48,0.169720
lib/matplotlib/style/core.py::54,0.169720
lib/matplotlib/style/core.py::55,0.169720
lib/matplotlib/style/core.py::65,0.169720
lib/matplotlib/style/core.py::93,0.169720
lib/matplotlib/style/core.py::94,0.169720
lib/matplotlib/style/core.py::95,0.169720
lib/matplotlib/testing/__init__.py::21,0.169720
lib/matplotlib/testing/__init__.py::22,0.169720
lib/matplotlib/testing/__init__.py::23,0.169720
lib/matplotlib/testing/__init__.py::27,0.169720
lib/matplotlib/testing/__init__.py::34,0.169720
lib/matplotlib/testing/__init__.py::35,0.169720
lib/matplotlib/testing/__init__.py::36,0.169720
lib/matplotlib/testing/__init__.py::37,0.169720
lib/matplotlib/testing/__init__.py::38,0.169720
lib/matplotlib/testing/__init__.py::39,0.169720
lib/matplotlib/testing/__init__.py::40,0.169720
lib/matplotlib/testing/__init__.py::41,0.169720
lib/matplotlib/testing/__init__.py::44,0.169720
lib/matplotlib/testing/__init__.py::46,0.169720
lib/matplotlib/testing/__init__.py::47,0.169720
lib/matplotlib/testing/__init__.py::51,0.169720
lib/matplotlib/testing/__init__.py::52,0.169720
lib/matplotlib/testing/conftest.py::100,0.169720
lib/matplotlib/testing/conftest.py::34,0.169720
lib/matplotlib/testing/conftest.py::36,0.169720
lib/matplotlib/testing/conftest.py::38,0.169720
lib/matplotlib/testing/conftest.py::39,0.169720
lib/matplotlib/testing/conftest.py::40,0.169720
lib/matplotlib/testing/conftest.py::73,0.169720
lib/matplotlib/testing/conftest.py::74,0.169720
lib/matplotlib/testing/conftest.py::75,0.169720
lib/matplotlib/testing/conftest.py::80,0.169720
lib/matplotlib/testing/conftest.py::81,0.169720
lib/matplotlib/testing/conftest.py::95,0.169720
lib/matplotlib/testing/conftest.py::96,0.169720
lib/matplotlib/testing/conftest.py::97,0.169720
lib/matplotlib/testing/conftest.py::98,0.169720
lib/matplotlib/testing/decorators.py::28,0.169720
lib/matplotlib/testing/decorators.py::29,0.169720
lib/matplotlib/testing/decorators.py::30,0.169720
lib/matplotlib/testing/decorators.py::31,0.169720
lib/matplotlib/testing/decorators.py::33,0.169720
lib/matplotlib/testing/decorators.py::34,0.169720
lib/matplotlib/testing/decorators.py::35,0.169720
lib/matplotlib/axis.py::1159,0.168607
lib/matplotlib/cbook/__init__.py::2033,0.148103
lib/matplotlib/testing/conftest.py::114,0.148103
lib/matplotlib/testing/conftest.py::115,0.148103
lib/matplotlib/testing/conftest.py::120,0.148103
lib/matplotlib/testing/conftest.py::121,0.148103
lib/matplotlib/testing/conftest.py::122,0.148103
lib/matplotlib/testing/conftest.py::123,0.148103
lib/matplotlib/testing/decorators.py::175,0.148103
lib/matplotlib/testing/decorators.py::176,0.148103
lib/matplotlib/testing/decorators.py::177,0.148103
lib/matplotlib/testing/decorators.py::178,0.148103
lib/matplotlib/testing/decorators.py::179,0.148103
lib/matplotlib/testing/decorators.py::249,0.148103
lib/matplotlib/testing/decorators.py::250,0.148103
lib/matplotlib/testing/decorators.py::251,0.148103
lib/matplotlib/testing/decorators.py::252,0.148103
lib/matplotlib/testing/decorators.py::253,0.148103
lib/matplotlib/testing/decorators.py::451,0.148103
lib/matplotlib/testing/decorators.py::452,0.148103
lib/matplotlib/testing/decorators.py::453,0.148103
lib/matplotlib/testing/decorators.py::454,0.148103
lib/matplotlib/testing/decorators.py::455,0.148103
lib/matplotlib/testing/conftest.py::76,0.145988
lib/matplotlib/testing/conftest.py::78,0.145988
lib/matplotlib/axes/_axes.py::3748,0.138094
lib/matplotlib/figure.py::1361,0.129658
lib/matplotlib/figure.py::1371,0.129213
lib/matplotlib/figure.py::1372,0.129213
lib/matplotlib/figure.py::1373,0.129213
lib/matplotlib/figure.py::1378,0.129213
lib/matplotlib/figure.py::141,0.119784
lib/matplotlib/figure.py::1927,0.119784
lib/matplotlib/pyplot.py::2205,0.116285
lib/matplotlib/pyplot.py::659,0.112397
lib/matplotlib/figure.py::1895,0.110434
lib/matplotlib/figure.py::1898,0.110434
lib/matplotlib/pyplot.py::655,0.100974
lib/matplotlib/pyplot.py::656,0.100974
lib/matplotlib/_pylab_helpers.py::106,0.100732
lib/matplotlib/axes/_base.py::332,0.089672
lib/matplotlib/cbook/__init__.py::1593,0.089672
lib/matplotlib/cbook/__init__.py::1594,0.089672
lib/matplotlib/cbook/__init__.py::1595,0.089672
lib/matplotlib/cbook/__init__.py::1596,0.089672
lib/matplotlib/axes/_axes.py::4248,0.085020
lib/matplotlib/axes/_axes.py::4249,0.085020
lib/matplotlib/axes/_axes.py::3665,0.069527
lib/matplotlib/pyplot.py::2667,0.069527
lib/matplotlib/pyplot.py::2668,0.069527
lib/matplotlib/pyplot.py::2669,0.069527
lib/matplotlib/axes/_axes.py::3670,0.066818
lib/matplotlib/axes/_axes.py::3747,0.064403
lib/matplotlib/axes/_axes.py::3678,0.062233
lib/matplotlib/axes/_axes.py::3662,0.060268
lib/matplotlib/axes/_axes.py::3663,0.060268
lib/matplotlib/axes/_axes.py::3664,0.060268
lib/matplotlib/axes/_axes.py::3667,0.060268
lib/matplotlib/axes/_axes.py::3668,0.060268
lib/matplotlib/axes/_axes.py::3669,0.060268
lib/matplotlib/axes/_axes.py::3671,0.060268
lib/matplotlib/axes/_axes.py::3672,0.060268
lib/matplotlib/axes/_axes.py::3673,0.060268
lib/matplotlib/axes/_axes.py::3674,0.060268
lib/matplotlib/axes/_axes.py::3675,0.060268
lib/matplotlib/axes/_axes.py::3676,0.060268
lib/matplotlib/axes/_axes.py::3677,0.060268
lib/matplotlib/axes/_axes.py::3679,0.060268
lib/matplotlib/axes/_axes.py::3680,0.060268
lib/matplotlib/axes/_axes.py::3681,0.060268
lib/matplotlib/axes/_axes.py::3682,0.060268
lib/matplotlib/axes/_axes.py::3683,0.060268
lib/matplotlib/axes/_axes.py::3684,0.060268
lib/matplotlib/axes/_axes.py::3686,0.060268
lib/matplotlib/axes/_axes.py::3687,0.060268
lib/matplotlib/axes/_axes.py::3688,0.060268
lib/matplotlib/axes/_axes.py::3689,0.060268
lib/matplotlib/axes/_axes.py::3690,0.060268
lib/matplotlib/axes/_axes.py::3691,0.060268
lib/matplotlib/axes/_axes.py::3692,0.060268
lib/matplotlib/axes/_axes.py::3693,0.060268
lib/matplotlib/axes/_axes.py::3694,0.060268
lib/matplotlib/axes/_axes.py::3695,0.060268
lib/matplotlib/axes/_axes.py::3696,0.060268
lib/matplotlib/axes/_axes.py::3697,0.060268
lib/matplotlib/axes/_axes.py::3699,0.060268
lib/matplotlib/axes/_axes.py::3709,0.060268
lib/matplotlib/axes/_axes.py::3736,0.060268
lib/matplotlib/colors.py::261,0.058480
lib/matplotlib/axes/_axes.py::4426,0.053940
lib/matplotlib/axes/_axes.py::4432,0.053940
lib/matplotlib/axes/_axes.py::4433,0.053940
lib/matplotlib/axes/_axes.py::4422,0.052647
lib/matplotlib/axes/_axes.py::4423,0.052647
lib/matplotlib/axes/_axes.py::4424,0.052647
lib/matplotlib/axes/_axes.py::4403,0.051443
lib/matplotlib/axes/_axes.py::4404,0.051443
lib/matplotlib/axes/_axes.py::4405,0.051443
lib/matplotlib/axes/_axes.py::4409,0.051443
lib/matplotlib/axes/_axes.py::4410,0.051443
lib/matplotlib/axes/_axes.py::4411,0.051443
lib/matplotlib/axes/_axes.py::4414,0.051443
lib/matplotlib/axes/_axes.py::4417,0.051443
lib/matplotlib/axes/_axes.py::4418,0.051443
lib/matplotlib/cbook/__init__.py::808,0.050318
lib/matplotlib/cbook/__init__.py::809,0.050318
lib/matplotlib/pyplot.py::1198,0.049199
lib/matplotlib/pyplot.py::1199,0.049199
lib/matplotlib/pyplot.py::1200,0.049199
lib/matplotlib/pyplot.py::1201,0.049199
lib/matplotlib/pyplot.py::1202,0.049199
lib/matplotlib/cbook/__init__.py::1292,0.046784
lib/matplotlib/cbook/__init__.py::1597,0.045626
lib/matplotlib/figure.py::1545,0.044799
lib/matplotlib/figure.py::1530,0.044546
lib/matplotlib/figure.py::1532,0.044546
lib/matplotlib/figure.py::1556,0.044463
lib/matplotlib/figure.py::1529,0.044297
lib/matplotlib/figure.py::1531,0.044297
lib/matplotlib/figure.py::1538,0.044297
lib/matplotlib/figure.py::1542,0.044297
lib/matplotlib/figure.py::1543,0.044297
lib/matplotlib/figure.py::1544,0.044297
lib/matplotlib/figure.py::1546,0.044297
lib/matplotlib/figure.py::1547,0.044297
lib/matplotlib/figure.py::1549,0.044297
lib/matplotlib/figure.py::1550,0.044297
lib/matplotlib/figure.py::1552,0.044297
lib/matplotlib/figure.py::1557,0.044297
lib/matplotlib/figure.py::1560,0.044297
lib/matplotlib/figure.py::1561,0.044297
lib/matplotlib/figure.py::1562,0.044297
lib/matplotlib/figure.py::1563,0.044297
lib/matplotlib/figure.py::1564,0.044297
lib/matplotlib/figure.py::1565,0.044297
lib/matplotlib/figure.py::1566,0.044297
lib/matplotlib/figure.py::1567,0.044297
lib/matplotlib/figure.py::1570,0.044297
lib/matplotlib/figure.py::1576,0.044297
lib/matplotlib/figure.py::1583,0.044297
lib/matplotlib/figure.py::1586,0.044297
lib/matplotlib/gridspec.py::225,0.043972
lib/matplotlib/gridspec.py::226,0.043972
lib/matplotlib/gridspec.py::229,0.043972
lib/matplotlib/gridspec.py::230,0.043972
lib/matplotlib/gridspec.py::231,0.043972
lib/matplotlib/figure.py::1366,0.043420
lib/matplotlib/figure.py::1367,0.043420
lib/matplotlib/gridspec.py::539,0.043420
lib/matplotlib/gridspec.py::540,0.043420
lib/matplotlib/gridspec.py::541,0.043420
lib/matplotlib/gridspec.py::677,0.043420
lib/matplotlib/figure.py::1065,0.042593
lib/matplotlib/figure.py::1066,0.042593
lib/matplotlib/figure.py::1063,0.042375
lib/matplotlib/figure.py::1064,0.042375
lib/matplotlib/figure.py::1067,0.042375
lib/matplotlib/axes/_axes.py::4246,0.040260
lib/matplotlib/axes/_axes.py::4247,0.040260
lib/matplotlib/axes/_base.py::312,0.040202
lib/matplotlib/axes/_base.py::315,0.040202
lib/matplotlib/cbook/__init__.py::1121,0.039714
lib/matplotlib/cbook/__init__.py::1122,0.039714
lib/matplotlib/cbook/__init__.py::1123,0.039714
lib/matplotlib/cbook/__init__.py::1188,0.038687
lib/matplotlib/cbook/__init__.py::1189,0.038687
lib/matplotlib/cbook/__init__.py::1190,0.038687
lib/matplotlib/cbook/__init__.py::1209,0.038202
lib/matplotlib/axes/_base.py::351,0.038156
lib/matplotlib/axes/_axes.py::1700,0.038038
lib/matplotlib/axes/_axes.py::1701,0.038038
lib/matplotlib/axes/_axes.py::4278,0.037735
lib/matplotlib/cbook/__init__.py::1100,0.037735
lib/matplotlib/cbook/__init__.py::1112,0.037735
lib/matplotlib/cbook/__init__.py::1113,0.037735
lib/matplotlib/cbook/__init__.py::1125,0.037735
lib/matplotlib/cbook/__init__.py::1128,0.037735
lib/matplotlib/cbook/__init__.py::1131,0.037735
lib/matplotlib/cbook/__init__.py::1133,0.037735
lib/matplotlib/cbook/__init__.py::1134,0.037735
lib/matplotlib/cbook/__init__.py::1135,0.037735
lib/matplotlib/cbook/__init__.py::1139,0.037735
lib/matplotlib/cbook/__init__.py::1140,0.037735
lib/matplotlib/cbook/__init__.py::1143,0.037735
lib/matplotlib/cbook/__init__.py::1144,0.037735
lib/matplotlib/cbook/__init__.py::1148,0.037735
lib/matplotlib/cbook/__init__.py::1151,0.037735
lib/matplotlib/cbook/__init__.py::1154,0.037735
lib/matplotlib/cbook/__init__.py::1168,0.037735
lib/matplotlib/cbook/__init__.py::1171,0.037735
lib/matplotlib/cbook/__init__.py::1174,0.037735
lib/matplotlib/cbook/__init__.py::1177,0.037735
lib/matplotlib/cbook/__init__.py::1178,0.037735
lib/matplotlib/cbook/__init__.py::1182,0.037735
lib/matplotlib/cbook/__init__.py::1183,0.037735
lib/matplotlib/cbook/__init__.py::1187,0.037735
lib/matplotlib/cbook/__init__.py::1205,0.037735
lib/matplotlib/cbook/__init__.py::1206,0.037735
lib/matplotlib/cbook/__init__.py::1212,0.037735
lib/matplotlib/cbook/__init__.py::1213,0.037735
lib/matplotlib/cbook/__init__.py::1216,0.037735
lib/matplotlib/cbook/__init__.py::1219,0.037735
lib/matplotlib/cbook/__init__.py::1220,0.037735
lib/matplotlib/cbook/__init__.py::1221,0.037735
lib/matplotlib/cbook/__init__.py::1225,0.037735
lib/matplotlib/cbook/__init__.py::1227,0.037735
lib/matplotlib/axes/_base.py::164,0.037026
lib/matplotlib/axes/_base.py::209,0.037026
lib/matplotlib/axes/_base.py::210,0.037026
lib/matplotlib/axes/_base.py::211,0.037026
lib/matplotlib/axes/_base.py::214,0.037026
lib/matplotlib/axes/_base.py::309,0.037026
lib/matplotlib/axes/_base.py::319,0.037026
lib/matplotlib/axes/_base.py::322,0.037026
lib/matplotlib/axes/_base.py::323,0.037026
lib/matplotlib/axes/_base.py::324,0.037026
lib/matplotlib/axes/_base.py::325,0.037026
lib/matplotlib/axes/_base.py::328,0.037026
lib/matplotlib/axes/_base.py::334,0.037026
lib/matplotlib/axes/_base.py::335,0.037026
lib/matplotlib/axes/_base.py::336,0.037026
lib/matplotlib/axes/_base.py::337,0.037026
lib/matplotlib/axes/_base.py::339,0.037026
lib/matplotlib/axes/_base.py::342,0.037026
lib/matplotlib/axes/_base.py::345,0.037026
lib/matplotlib/axes/_base.py::347,0.037026
lib/matplotlib/axes/_base.py::350,0.037026
lib/matplotlib/axes/_base.py::356,0.037026
lib/matplotlib/axes/_base.py::357,0.037026
lib/matplotlib/cbook/__init__.py::1291,0.037026
lib/matplotlib/axes/_base.py::154,0.036918
lib/matplotlib/axes/_base.py::156,0.036918
lib/matplotlib/axes/_base.py::157,0.036918
lib/matplotlib/axes/_base.py::161,0.036918
lib/matplotlib/axes/_base.py::2118,0.036246
lib/matplotlib/axes/_base.py::2119,0.036246
lib/matplotlib/axes/_base.py::2123,0.036246
lib/matplotlib/axes/_axes.py::4236,0.036025
lib/matplotlib/axes/_axes.py::4235,0.035633
lib/matplotlib/figure.py::1903,0.034885
lib/matplotlib/figure.py::1902,0.034528
lib/matplotlib/axes/_axes.py::4267,0.034182
lib/matplotlib/axes/_axes.py::4268,0.034182
lib/matplotlib/axes/_axes.py::4284,0.033847
lib/matplotlib/colors.py::329,0.033204
lib/matplotlib/colors.py::332,0.033204
lib/matplotlib/colors.py::309,0.032896
lib/matplotlib/colors.py::310,0.032896
lib/matplotlib/colors.py::313,0.032896
lib/matplotlib/cbook/__init__.py::1348,0.030464
lib/matplotlib/cbook/__init__.py::1350,0.030464
lib/matplotlib/axes/_axes.py::4225,0.029765
lib/matplotlib/axes/_axes.py::4228,0.029765
lib/matplotlib/axes/_axes.py::4229,0.029765
lib/matplotlib/axes/_axes.py::4234,0.029765
lib/matplotlib/axes/_axes.py::4238,0.029765
lib/matplotlib/axes/_axes.py::4243,0.029765
lib/matplotlib/axes/_axes.py::4244,0.029765
lib/matplotlib/axes/_axes.py::4245,0.029765
lib/matplotlib/axes/_axes.py::4266,0.029765
lib/matplotlib/axes/_axes.py::4201,0.029543
lib/matplotlib/axes/_axes.py::4202,0.029543
lib/matplotlib/axes/_axes.py::4203,0.029543
lib/matplotlib/axes/_axes.py::4205,0.029543
lib/matplotlib/axes/_axes.py::4207,0.029543
lib/matplotlib/axes/_axes.py::4212,0.029543
lib/matplotlib/pyplot.py::657,0.029543
lib/matplotlib/gridspec.py::671,0.028905
lib/matplotlib/gridspec.py::672,0.028905
lib/matplotlib/gridspec.py::673,0.028905
lib/matplotlib/gridspec.py::674,0.028905
lib/matplotlib/units.py::204,0.026157
lib/matplotlib/units.py::206,0.026157
lib/matplotlib/cbook/__init__.py::1345,0.026085
lib/matplotlib/cbook/__init__.py::1342,0.025643
lib/matplotlib/cbook/__init__.py::1343,0.025643
lib/matplotlib/units.py::67,0.024501
lib/matplotlib/units.py::69,0.024501
lib/matplotlib/units.py::66,0.024045
lib/matplotlib/cbook/__init__.py::625,0.023957
lib/matplotlib/colors.py::258,0.023392
lib/matplotlib/axes/_base.py::233,0.022664
lib/matplotlib/axes/_base.py::234,0.022664
lib/matplotlib/axes/_base.py::246,0.022664
lib/matplotlib/axes/_base.py::247,0.022664
lib/matplotlib/cbook/__init__.py::1294,0.022468
lib/matplotlib/cbook/__init__.py::1309,0.022468
lib/matplotlib/cbook/__init__.py::1310,0.022468
lib/matplotlib/cbook/__init__.py::1311,0.022468
lib/matplotlib/cbook/__init__.py::1312,0.022468
lib/matplotlib/cbook/__init__.py::1313,0.022468
lib/matplotlib/cbook/__init__.py::1315,0.022468
lib/matplotlib/cbook/__init__.py::1318,0.022468
lib/matplotlib/cbook/__init__.py::1323,0.022468
lib/matplotlib/cbook/__init__.py::1325,0.022468
lib/matplotlib/cbook/__init__.py::1000,0.021309
lib/matplotlib/cbook/__init__.py::1003,0.021309
lib/matplotlib/cbook/__init__.py::1005,0.021309
lib/matplotlib/cbook/__init__.py::1006,0.021309
lib/matplotlib/cbook/__init__.py::1007,0.021309
lib/matplotlib/cbook/__init__.py::1008,0.021309
lib/matplotlib/cbook/__init__.py::1009,0.021309
lib/matplotlib/cbook/__init__.py::1011,0.021309
lib/matplotlib/cbook/__init__.py::991,0.021309
lib/matplotlib/cbook/__init__.py::993,0.021309
lib/matplotlib/cbook/__init__.py::995,0.021309
lib/matplotlib/cbook/__init__.py::996,0.021309
lib/matplotlib/cbook/__init__.py::997,0.021309
lib/matplotlib/cbook/__init__.py::998,0.021309
lib/matplotlib/cbook/__init__.py::999,0.021309
lib/matplotlib/colors.py::254,0.021227
lib/matplotlib/colors.py::256,0.021227
lib/matplotlib/axes/_base.py::329,0.020171
lib/matplotlib/axes/_base.py::330,0.020171
lib/matplotlib/axes/_base.py::1908,0.019506
lib/matplotlib/axes/_axes.py::1703,0.019197
lib/matplotlib/axes/_base.py::254,0.019197
lib/matplotlib/axes/_axes.py::1702,0.019137
lib/matplotlib/axes/_axes.py::1704,0.019137
lib/matplotlib/axes/_axes.py::1705,0.019137
lib/matplotlib/axes/_base.py::250,0.019137
lib/matplotlib/axes/_base.py::251,0.019137
lib/matplotlib/axes/_base.py::252,0.019137
lib/matplotlib/axes/_base.py::253,0.019137
lib/matplotlib/cbook/__init__.py::679,0.018846
lib/matplotlib/cbook/__init__.py::680,0.018846
lib/matplotlib/cbook/__init__.py::684,0.018846
lib/matplotlib/cbook/__init__.py::685,0.018846
lib/matplotlib/cbook/__init__.py::686,0.018846
lib/matplotlib/cbook/__init__.py::689,0.018846
lib/matplotlib/colors.py::212,0.018733
lib/matplotlib/colors.py::172,0.018677
lib/matplotlib/colors.py::173,0.018677
lib/matplotlib/colors.py::175,0.018677
lib/matplotlib/colors.py::190,0.018677
lib/matplotlib/colors.py::191,0.018677
lib/matplotlib/colors.py::193,0.018677
lib/matplotlib/axes/_base.py::229,0.018567
lib/matplotlib/axes/_base.py::230,0.018567
lib/matplotlib/axes/_base.py::238,0.018567
lib/matplotlib/axes/_base.py::245,0.018567
lib/matplotlib/axes/_base.py::346,0.018567
lib/matplotlib/axes/_base.py::348,0.018567
lib/matplotlib/axes/_base.py::359,0.018567
lib/matplotlib/axes/_base.py::360,0.018567
lib/matplotlib/cbook/__init__.py::444,0.018248
lib/matplotlib/lines.py::316,0.017946
lib/matplotlib/axes/_base.py::1935,0.015346
lib/matplotlib/axes/_base.py::1932,0.015316
lib/matplotlib/axes/_base.py::1934,0.015316
lib/matplotlib/axes/_base.py::1959,0.015316
lib/matplotlib/axes/_base.py::1960,0.015316
lib/matplotlib/axes/_base.py::1961,0.015316
lib/matplotlib/axes/_base.py::1962,0.015316
lib/matplotlib/axes/_base.py::1963,0.015316
lib/matplotlib/axes/_base.py::1964,0.015316
lib/matplotlib/axes/_base.py::1965,0.015316
lib/matplotlib/axes/_base.py::1966,0.015316
lib/matplotlib/axes/_base.py::1902,0.015165
lib/matplotlib/axes/_base.py::1903,0.015165
lib/matplotlib/axes/_base.py::1904,0.015165
lib/matplotlib/axes/_base.py::1906,0.015165
lib/matplotlib/axes/_base.py::1907,0.015165
lib/matplotlib/axes/_base.py::1909,0.015165
lib/matplotlib/axes/_base.py::1910,0.015165
lib/matplotlib/axes/_base.py::1911,0.015165
lib/matplotlib/axes/_base.py::1912,0.015165
lib/matplotlib/axes/_base.py::1928,0.015165
lib/matplotlib/axes/_base.py::1929,0.015165
lib/matplotlib/lines.py::632,0.015136
lib/matplotlib/lines.py::633,0.015136
lib/matplotlib/lines.py::634,0.015136
lib/matplotlib/lines.py::635,0.015136
lib/matplotlib/lines.py::636,0.015136
lib/matplotlib/lines.py::637,0.015136
lib/matplotlib/colors.py::307,0.014684
lib/matplotlib/colors.py::308,0.014684
lib/matplotlib/colors.py::305,0.014657
lib/matplotlib/colors.py::285,0.014473
lib/matplotlib/transforms.py::2009,0.013983
lib/matplotlib/transforms.py::1262,0.013891
lib/matplotlib/transforms.py::1267,0.013891
lib/matplotlib/transforms.py::2006,0.013313
lib/matplotlib/transforms.py::2008,0.013313
lib/matplotlib/transforms.py::1562,0.013155
lib/matplotlib/transforms.py::2238,0.013136
lib/matplotlib/transforms.py::1230,0.013098
lib/matplotlib/transforms.py::1242,0.013098
lib/matplotlib/transforms.py::1246,0.013098
lib/matplotlib/transforms.py::1247,0.013098
lib/matplotlib/transforms.py::1248,0.013098
lib/matplotlib/transforms.py::2248,0.013098
lib/matplotlib/transforms.py::1216,0.013079
lib/matplotlib/transforms.py::2237,0.013079
lib/matplotlib/transforms.py::2243,0.013079
lib/matplotlib/transforms.py::2244,0.013079
lib/matplotlib/transforms.py::2154,0.012266
lib/matplotlib/transforms.py::2152,0.012204
lib/matplotlib/transforms.py::2153,0.012204
lib/matplotlib/transforms.py::2161,0.012204
lib/matplotlib/transforms.py::2162,0.012204
lib/matplotlib/transforms.py::2163,0.012204
lib/matplotlib/transforms.py::1629,0.012158
lib/matplotlib/axes/_base.py::615,0.012142
lib/matplotlib/axes/_base.py::617,0.012142
lib/matplotlib/axes/_base.py::612,0.012127
lib/matplotlib/axes/_base.py::614,0.012127
lib/matplotlib/axes/_base.py::616,0.012127
lib/matplotlib/cbook/__init__.py::1821,0.012022
lib/matplotlib/axes/_base.py::914,0.012008
lib/matplotlib/transforms.py::806,0.011906
lib/matplotlib/transforms.py::807,0.011906
lib/matplotlib/transforms.py::809,0.011906
lib/matplotlib/transforms.py::810,0.011906
lib/matplotlib/transforms.py::804,0.011891
lib/matplotlib/transforms.py::805,0.011891
lib/matplotlib/transforms.py::808,0.011891
lib/matplotlib/transforms.py::794,0.011863
lib/matplotlib/transforms.py::797,0.011863
lib/matplotlib/transforms.py::800,0.011863
lib/matplotlib/transforms.py::801,0.011863
lib/matplotlib/transforms.py::803,0.011863
lib/matplotlib/transforms.py::2236,0.011737
lib/matplotlib/transforms.py::1628,0.011710
lib/matplotlib/artist.py::822,0.011682
lib/matplotlib/path.py::239,0.011458
lib/matplotlib/path.py::259,0.011458
lib/matplotlib/path.py::224,0.011420
lib/matplotlib/path.py::205,0.011345
