Entity,Score
lib/matplotlib/axes/_axes.py::6524,0.490552
lib/matplotlib/axes/_axes.py::6525,0.490552
lib/matplotlib/axes/_axes.py::6527,0.490552
lib/matplotlib/axes/_axes.py::6530,0.490552
lib/matplotlib/axes/_axes.py::6534,0.490552
lib/matplotlib/axes/_axes.py::6535,0.490552
lib/matplotlib/axes/_axes.py::6536,0.490552
lib/matplotlib/axes/_axes.py::6537,0.490552
lib/matplotlib/axes/_axes.py::6538,0.490552
lib/matplotlib/axes/_axes.py::6540,0.490552
lib/matplotlib/axes/_axes.py::6544,0.490552
lib/matplotlib/axes/_axes.py::6531,0.344844
lib/matplotlib/pyplot.py::2430,0.322015
lib/matplotlib/pyplot.py::2431,0.322015
lib/matplotlib/pyplot.py::2432,0.322015
lib/matplotlib/pyplot.py::2433,0.322015
lib/matplotlib/pyplot.py::2434,0.322015
lib/matplotlib/pyplot.py::2435,0.322015
lib/matplotlib/axes/_axes.py::6541,0.236793
lib/matplotlib/axes/_base.py::161,0.236793
lib/matplotlib/axes/_base.py::321,0.236793
lib/matplotlib/axes/_base.py::359,0.236793
lib/matplotlib/projections/polar.py::1108,0.236793
lib/matplotlib/tests/test_axes.py::1904,0.236793
lib/matplotlib/tests/test_axes.py::1905,0.236793
lib/matplotlib/tests/test_axes.py::1906,0.236793
lib/matplotlib/tests/test_axes.py::1907,0.236793
lib/matplotlib/tests/test_axes.py::1908,0.236793
lib/matplotlib/tests/test_axes.py::1909,0.236793
lib/matplotlib/tests/test_axes.py::2244,0.236793
lib/matplotlib/tests/test_axes.py::2245,0.236793
lib/matplotlib/tests/test_axes.py::2246,0.236793
lib/matplotlib/tests/test_axes.py::2247,0.236793
lib/matplotlib/tests/test_axes.py::2249,0.236793
lib/matplotlib/tests/test_axes.py::2250,0.236793
lib/matplotlib/tests/test_axes.py::2251,0.236793
lib/matplotlib/tests/test_axes.py::2738,0.236793
lib/matplotlib/tests/test_axes.py::2739,0.236793
lib/matplotlib/tests/test_axes.py::2740,0.236793
lib/matplotlib/tests/test_axes.py::2741,0.236793
lib/matplotlib/tests/test_axes.py::2742,0.236793
lib/matplotlib/tests/test_axes.py::3196,0.236793
lib/matplotlib/tests/test_axes.py::3197,0.236793
lib/matplotlib/tests/test_axes.py::3198,0.236793
lib/matplotlib/tests/test_axes.py::3199,0.236793
lib/matplotlib/tests/test_axes.py::3200,0.236793
lib/matplotlib/tests/test_axes.py::3234,0.236793
lib/matplotlib/tests/test_axes.py::3235,0.236793
lib/matplotlib/tests/test_axes.py::3236,0.236793
lib/matplotlib/tests/test_axes.py::3237,0.236793
lib/matplotlib/tests/test_axes.py::3238,0.236793
lib/matplotlib/tests/test_axes.py::3244,0.236793
lib/matplotlib/tests/test_axes.py::3245,0.236793
lib/matplotlib/tests/test_axes.py::3246,0.236793
lib/matplotlib/tests/test_axes.py::3247,0.236793
lib/matplotlib/tests/test_axes.py::3248,0.236793
lib/matplotlib/tests/test_axes.py::3249,0.236793
lib/matplotlib/tests/test_axes.py::3250,0.236793
lib/matplotlib/tests/test_axes.py::3316,0.236793
lib/matplotlib/tests/test_axes.py::3317,0.236793
lib/matplotlib/tests/test_axes.py::3318,0.236793
lib/matplotlib/tests/test_axes.py::3319,0.236793
lib/matplotlib/tests/test_axes.py::3320,0.236793
lib/matplotlib/tests/test_axes.py::3326,0.236793
lib/matplotlib/tests/test_axes.py::3327,0.236793
lib/matplotlib/tests/test_axes.py::3328,0.236793
lib/matplotlib/tests/test_axes.py::3329,0.236793
lib/matplotlib/tests/test_axes.py::3330,0.236793
lib/matplotlib/tests/test_axes.py::3336,0.236793
lib/matplotlib/tests/test_axes.py::3337,0.236793
lib/matplotlib/tests/test_axes.py::3338,0.236793
lib/matplotlib/tests/test_axes.py::3339,0.236793
lib/matplotlib/tests/test_axes.py::3396,0.236793
lib/matplotlib/tests/test_axes.py::3397,0.236793
lib/matplotlib/tests/test_axes.py::3398,0.236793
lib/matplotlib/tests/test_axes.py::3399,0.236793
lib/matplotlib/tests/test_axes.py::3400,0.236793
lib/matplotlib/tests/test_axes.py::3401,0.236793
lib/matplotlib/tests/test_axes.py::3402,0.236793
lib/matplotlib/tests/test_axes.py::3418,0.236793
lib/matplotlib/tests/test_axes.py::3419,0.236793
lib/matplotlib/tests/test_axes.py::3420,0.236793
lib/matplotlib/tests/test_axes.py::3421,0.236793
lib/matplotlib/tests/test_axes.py::3422,0.236793
lib/matplotlib/tests/test_axes.py::3423,0.236793
lib/matplotlib/tests/test_axes.py::3424,0.236793
lib/matplotlib/tests/test_axes.py::3438,0.236793
lib/matplotlib/tests/test_axes.py::3439,0.236793
lib/matplotlib/tests/test_axes.py::3440,0.236793
lib/matplotlib/tests/test_axes.py::3441,0.236793
lib/matplotlib/tests/test_axes.py::3442,0.236793
lib/matplotlib/tests/test_axes.py::3443,0.236793
lib/matplotlib/tests/test_axes.py::3444,0.236793
lib/matplotlib/tests/test_axes.py::3445,0.236793
lib/matplotlib/tests/test_axes.py::3461,0.236793
lib/matplotlib/tests/test_axes.py::3462,0.236793
lib/matplotlib/tests/test_axes.py::3463,0.236793
lib/matplotlib/tests/test_axes.py::3464,0.236793
lib/matplotlib/tests/test_axes.py::3465,0.236793
lib/matplotlib/tests/test_axes.py::3466,0.236793
lib/matplotlib/tests/test_axes.py::3467,0.236793
lib/matplotlib/tests/test_axes.py::3468,0.236793
lib/matplotlib/tests/test_axes.py::3484,0.236793
lib/matplotlib/tests/test_axes.py::3485,0.236793
lib/matplotlib/tests/test_axes.py::3486,0.236793
lib/matplotlib/tests/test_axes.py::3487,0.236793
lib/matplotlib/tests/test_axes.py::3488,0.236793
lib/matplotlib/tests/test_axes.py::3489,0.236793
lib/matplotlib/tests/test_axes.py::3490,0.236793
lib/matplotlib/tests/test_axes.py::3491,0.236793
lib/matplotlib/tests/test_axes.py::3492,0.236793
lib/matplotlib/tests/test_axes.py::3493,0.236793
lib/matplotlib/tests/test_axes.py::3494,0.236793
lib/matplotlib/tests/test_axes.py::3495,0.236793
lib/matplotlib/tests/test_axes.py::3496,0.236793
lib/matplotlib/tests/test_axes.py::3501,0.236793
lib/matplotlib/tests/test_axes.py::3502,0.236793
lib/matplotlib/tests/test_axes.py::3503,0.236793
lib/matplotlib/tests/test_axes.py::5501,0.236793
lib/matplotlib/tests/test_axes.py::5502,0.236793
lib/matplotlib/tests/test_axes.py::5503,0.236793
lib/matplotlib/tests/test_axes.py::5504,0.236793
lib/matplotlib/tests/test_axes.py::5505,0.236793
lib/matplotlib/tests/test_axes.py::5506,0.236793
lib/matplotlib/tests/test_axes.py::5507,0.236793
lib/matplotlib/tests/test_axes.py::5508,0.236793
lib/matplotlib/tests/test_axes.py::6772,0.236793
lib/matplotlib/gridspec.py::551,0.209861
lib/matplotlib/gridspec.py::552,0.209861
lib/matplotlib/gridspec.py::553,0.209861
lib/matplotlib/gridspec.py::554,0.209861
lib/matplotlib/gridspec.py::555,0.209861
lib/matplotlib/gridspec.py::557,0.209861
lib/matplotlib/gridspec.py::559,0.209861
lib/matplotlib/gridspec.py::563,0.209861
lib/matplotlib/gridspec.py::567,0.209861
lib/matplotlib/gridspec.py::233,0.205958
lib/matplotlib/cbook/__init__.py::1677,0.202781
lib/matplotlib/cbook/__init__.py::1678,0.202781
lib/matplotlib/__init__.py::1383,0.201531
lib/matplotlib/__init__.py::1384,0.201531
lib/matplotlib/figure.py::1358,0.200907
lib/matplotlib/figure.py::1361,0.200907
lib/matplotlib/ticker.py::2801,0.195449
lib/matplotlib/ticker.py::2802,0.195449
lib/matplotlib/ticker.py::2095,0.194793
lib/matplotlib/axes/_base.py::2772,0.194359
lib/matplotlib/axis.py::465,0.194359
lib/matplotlib/axis.py::536,0.194359
lib/matplotlib/lines.py::63,0.194143
lib/matplotlib/patches.py::319,0.193500
lib/matplotlib/lines.py::44,0.192442
lib/matplotlib/lines.py::45,0.192442
lib/matplotlib/lines.py::54,0.192442
lib/matplotlib/lines.py::55,0.192442
lib/matplotlib/lines.py::56,0.192442
lib/matplotlib/lines.py::43,0.191815
lib/matplotlib/_pylab_helpers.py::75,0.187790
lib/matplotlib/_pylab_helpers.py::76,0.187790
lib/matplotlib/pyplot.py::487,0.187208
lib/matplotlib/rcsetup.py::188,0.182917
lib/matplotlib/rcsetup.py::189,0.182917
lib/matplotlib/style/core.py::110,0.182917
lib/matplotlib/style/core.py::111,0.182917
lib/matplotlib/style/core.py::98,0.182917
lib/matplotlib/axes/_subplots.py::44,0.181141
lib/matplotlib/axes/_subplots.py::45,0.181141
lib/matplotlib/gridspec.py::301,0.180966
lib/matplotlib/gridspec.py::523,0.180966
lib/matplotlib/axes/_subplots.py::43,0.180792
lib/matplotlib/figure.py::1400,0.180792
lib/matplotlib/axes/_subplots.py::35,0.180618
lib/matplotlib/axes/_subplots.py::36,0.180618
lib/matplotlib/axes/_subplots.py::37,0.180618
lib/matplotlib/axes/_subplots.py::39,0.180618
lib/matplotlib/axes/_subplots.py::82,0.180618
lib/matplotlib/axes/_subplots.py::95,0.180618
lib/matplotlib/axes/_subplots.py::96,0.180618
lib/matplotlib/figure.py::1354,0.180618
lib/matplotlib/figure.py::1357,0.180618
lib/matplotlib/figure.py::1363,0.180618
lib/matplotlib/figure.py::1369,0.180618
lib/matplotlib/figure.py::1380,0.180618
lib/matplotlib/figure.py::1383,0.180618
lib/matplotlib/figure.py::1385,0.180618
lib/matplotlib/figure.py::1398,0.180618
lib/matplotlib/gridspec.py::100,0.180618
lib/matplotlib/gridspec.py::103,0.180618
lib/matplotlib/gridspec.py::120,0.180618
lib/matplotlib/gridspec.py::123,0.180618
lib/matplotlib/gridspec.py::154,0.180618
lib/matplotlib/gridspec.py::156,0.180618
lib/matplotlib/gridspec.py::164,0.180618
lib/matplotlib/gridspec.py::165,0.180618
lib/matplotlib/gridspec.py::166,0.180618
lib/matplotlib/gridspec.py::167,0.180618
lib/matplotlib/gridspec.py::168,0.180618
lib/matplotlib/gridspec.py::169,0.180618
lib/matplotlib/gridspec.py::170,0.180618
lib/matplotlib/gridspec.py::171,0.180618
lib/matplotlib/gridspec.py::172,0.180618
lib/matplotlib/gridspec.py::175,0.180618
lib/matplotlib/gridspec.py::176,0.180618
lib/matplotlib/gridspec.py::177,0.180618
lib/matplotlib/gridspec.py::181,0.180618
lib/matplotlib/gridspec.py::182,0.180618
lib/matplotlib/gridspec.py::183,0.180618
lib/matplotlib/gridspec.py::186,0.180618
lib/matplotlib/gridspec.py::187,0.180618
lib/matplotlib/gridspec.py::188,0.180618
lib/matplotlib/gridspec.py::192,0.180618
lib/matplotlib/gridspec.py::193,0.180618
lib/matplotlib/gridspec.py::194,0.180618
lib/matplotlib/gridspec.py::196,0.180618
lib/matplotlib/gridspec.py::197,0.180618
lib/matplotlib/gridspec.py::198,0.180618
lib/matplotlib/gridspec.py::202,0.180618
lib/matplotlib/gridspec.py::204,0.180618
lib/matplotlib/gridspec.py::205,0.180618
lib/matplotlib/gridspec.py::206,0.180618
lib/matplotlib/gridspec.py::213,0.180618
lib/matplotlib/gridspec.py::215,0.180618
lib/matplotlib/gridspec.py::216,0.180618
lib/matplotlib/gridspec.py::224,0.180618
lib/matplotlib/gridspec.py::235,0.180618
lib/matplotlib/gridspec.py::288,0.180618
lib/matplotlib/gridspec.py::289,0.180618
lib/matplotlib/gridspec.py::290,0.180618
lib/matplotlib/gridspec.py::291,0.180618
lib/matplotlib/gridspec.py::292,0.180618
lib/matplotlib/gridspec.py::293,0.180618
lib/matplotlib/gridspec.py::294,0.180618
lib/matplotlib/gridspec.py::296,0.180618
lib/matplotlib/gridspec.py::297,0.180618
lib/matplotlib/gridspec.py::298,0.180618
lib/matplotlib/gridspec.py::300,0.180618
lib/matplotlib/gridspec.py::376,0.180618
lib/matplotlib/gridspec.py::380,0.180618
lib/matplotlib/gridspec.py::382,0.180618
lib/matplotlib/gridspec.py::384,0.180618
lib/matplotlib/gridspec.py::46,0.180618
lib/matplotlib/gridspec.py::47,0.180618
lib/matplotlib/gridspec.py::48,0.180618
lib/matplotlib/gridspec.py::509,0.180618
lib/matplotlib/gridspec.py::510,0.180618
lib/matplotlib/gridspec.py::511,0.180618
lib/matplotlib/gridspec.py::512,0.180618
lib/matplotlib/gridspec.py::538,0.180618
lib/matplotlib/gridspec.py::576,0.180618
lib/matplotlib/gridspec.py::580,0.180618
lib/matplotlib/gridspec.py::596,0.180618
lib/matplotlib/gridspec.py::636,0.180618
lib/matplotlib/gridspec.py::637,0.180618
lib/matplotlib/gridspec.py::638,0.180618
lib/matplotlib/gridspec.py::640,0.180618
lib/matplotlib/gridspec.py::642,0.180618
lib/matplotlib/gridspec.py::643,0.180618
lib/matplotlib/gridspec.py::644,0.180618
lib/matplotlib/gridspec.py::645,0.180618
lib/matplotlib/gridspec.py::646,0.180618
lib/matplotlib/gridspec.py::648,0.180618
lib/matplotlib/gridspec.py::649,0.180618
lib/matplotlib/gridspec.py::71,0.180618
lib/matplotlib/pyplot.py::475,0.180445
lib/matplotlib/axes/_base.py::423,0.180100
lib/matplotlib/pyplot.py::477,0.179757
lib/matplotlib/spines.py::516,0.179586
lib/matplotlib/spines.py::517,0.179586
lib/matplotlib/spines.py::518,0.179586
lib/matplotlib/spines.py::519,0.179586
lib/matplotlib/spines.py::526,0.179586
lib/matplotlib/spines.py::527,0.179586
lib/matplotlib/spines.py::529,0.179586
lib/matplotlib/transforms.py::2586,0.179586
lib/matplotlib/transforms.py::2589,0.179586
lib/matplotlib/transforms.py::2590,0.179586
lib/matplotlib/transforms.py::2591,0.179586
lib/matplotlib/transforms.py::2592,0.179586
lib/matplotlib/transforms.py::2593,0.179586
lib/matplotlib/transforms.py::156,0.179246
lib/matplotlib/transforms.py::157,0.179246
lib/matplotlib/transforms.py::158,0.179246
lib/matplotlib/transforms.py::159,0.179246
lib/matplotlib/transforms.py::2307,0.179246
lib/matplotlib/transforms.py::2308,0.179246
lib/matplotlib/transforms.py::2313,0.179246
lib/matplotlib/transforms.py::2314,0.179246
lib/matplotlib/transforms.py::2330,0.179246
lib/matplotlib/backend_bases.py::2552,0.179077
lib/matplotlib/figure.py::1924,0.179077
lib/matplotlib/figure.py::511,0.179077
lib/matplotlib/pyplot.py::568,0.179077
lib/matplotlib/__init__.py::1134,0.178908
lib/matplotlib/__init__.py::1146,0.178908
lib/matplotlib/_pylab_helpers.py::103,0.178908
lib/matplotlib/_pylab_helpers.py::104,0.178908
lib/matplotlib/_pylab_helpers.py::40,0.178908
lib/matplotlib/_pylab_helpers.py::41,0.178908
lib/matplotlib/_pylab_helpers.py::43,0.178908
lib/matplotlib/artist.py::1008,0.178908
lib/matplotlib/artist.py::1009,0.178908
lib/matplotlib/artist.py::1012,0.178908
lib/matplotlib/artist.py::1013,0.178908
lib/matplotlib/artist.py::1028,0.178908
lib/matplotlib/artist.py::1030,0.178908
lib/matplotlib/artist.py::1031,0.178908
lib/matplotlib/artist.py::1032,0.178908
lib/matplotlib/artist.py::1079,0.178908
lib/matplotlib/artist.py::1080,0.178908
lib/matplotlib/artist.py::1081,0.178908
lib/matplotlib/artist.py::1082,0.178908
lib/matplotlib/artist.py::1083,0.178908
lib/matplotlib/artist.py::1192,0.178908
lib/matplotlib/artist.py::171,0.178908
lib/matplotlib/artist.py::172,0.178908
lib/matplotlib/artist.py::173,0.178908
lib/matplotlib/artist.py::174,0.178908
lib/matplotlib/artist.py::183,0.178908
lib/matplotlib/artist.py::184,0.178908
lib/matplotlib/artist.py::185,0.178908
lib/matplotlib/artist.py::186,0.178908
lib/matplotlib/artist.py::191,0.178908
lib/matplotlib/artist.py::202,0.178908
lib/matplotlib/artist.py::351,0.178908
lib/matplotlib/artist.py::368,0.178908
lib/matplotlib/artist.py::370,0.178908
lib/matplotlib/artist.py::373,0.178908
lib/matplotlib/artist.py::50,0.178908
lib/matplotlib/artist.py::51,0.178908
lib/matplotlib/artist.py::718,0.178908
lib/matplotlib/artist.py::719,0.178908
lib/matplotlib/artist.py::720,0.178908
lib/matplotlib/artist.py::747,0.178908
lib/matplotlib/artist.py::749,0.178908
lib/matplotlib/artist.py::750,0.178908
lib/matplotlib/artist.py::751,0.178908
lib/matplotlib/artist.py::762,0.178908
lib/matplotlib/artist.py::765,0.178908
lib/matplotlib/artist.py::768,0.178908
lib/matplotlib/artist.py::771,0.178908
lib/matplotlib/artist.py::775,0.178908
lib/matplotlib/artist.py::781,0.178908
lib/matplotlib/artist.py::782,0.178908
lib/matplotlib/artist.py::793,0.178908
lib/matplotlib/artist.py::925,0.178908
lib/matplotlib/artist.py::927,0.178908
lib/matplotlib/artist.py::928,0.178908
lib/matplotlib/artist.py::929,0.178908
lib/matplotlib/axes/_base.py::1001,0.178908
lib/matplotlib/axes/_base.py::1002,0.178908
lib/matplotlib/axes/_base.py::1003,0.178908
lib/matplotlib/axes/_base.py::1007,0.178908
lib/matplotlib/axes/_base.py::1010,0.178908
lib/matplotlib/axes/_base.py::1013,0.178908
lib/matplotlib/axes/_base.py::1014,0.178908
lib/matplotlib/axes/_base.py::1015,0.178908
lib/matplotlib/axes/_base.py::1016,0.178908
lib/matplotlib/axes/_base.py::1017,0.178908
lib/matplotlib/axes/_base.py::1018,0.178908
lib/matplotlib/axes/_base.py::1019,0.178908
lib/matplotlib/axes/_base.py::1020,0.178908
lib/matplotlib/axes/_base.py::1021,0.178908
lib/matplotlib/axes/_base.py::1023,0.178908
lib/matplotlib/axes/_base.py::1024,0.178908
lib/matplotlib/axes/_base.py::1026,0.178908
lib/matplotlib/axes/_base.py::1027,0.178908
lib/matplotlib/axes/_base.py::1028,0.178908
lib/matplotlib/axes/_base.py::1029,0.178908
lib/matplotlib/axes/_base.py::1030,0.178908
lib/matplotlib/axes/_base.py::1031,0.178908
lib/matplotlib/axes/_base.py::1032,0.178908
lib/matplotlib/axes/_base.py::1033,0.178908
lib/matplotlib/axes/_base.py::1034,0.178908
lib/matplotlib/axes/_base.py::1035,0.178908
lib/matplotlib/axes/_base.py::1036,0.178908
lib/matplotlib/axes/_base.py::1037,0.178908
lib/matplotlib/axes/_base.py::1038,0.178908
lib/matplotlib/axes/_base.py::1040,0.178908
lib/matplotlib/axes/_base.py::1041,0.178908
lib/matplotlib/axes/_base.py::1042,0.178908
lib/matplotlib/axes/_base.py::1043,0.178908
lib/matplotlib/axes/_base.py::1044,0.178908
lib/matplotlib/axes/_base.py::1045,0.178908
lib/matplotlib/axes/_base.py::1047,0.178908
lib/matplotlib/axes/_base.py::1048,0.178908
lib/matplotlib/axes/_base.py::1049,0.178908
lib/matplotlib/axes/_base.py::1050,0.178908
lib/matplotlib/axes/_base.py::1051,0.178908
lib/matplotlib/axes/_base.py::1053,0.178908
lib/matplotlib/axes/_base.py::1054,0.178908
lib/matplotlib/axes/_base.py::1055,0.178908
lib/matplotlib/axes/_base.py::1056,0.178908
lib/matplotlib/axes/_base.py::1057,0.178908
lib/matplotlib/axes/_base.py::1058,0.178908
lib/matplotlib/axes/_base.py::1059,0.178908
lib/matplotlib/axes/_base.py::1060,0.178908
lib/matplotlib/axes/_base.py::1061,0.178908
lib/matplotlib/axes/_base.py::1062,0.178908
lib/matplotlib/axes/_base.py::1064,0.178908
lib/matplotlib/axes/_base.py::1067,0.178908
lib/matplotlib/axes/_base.py::1069,0.178908
lib/matplotlib/axes/_base.py::1071,0.178908
lib/matplotlib/axes/_base.py::1072,0.178908
lib/matplotlib/axes/_base.py::1077,0.178908
lib/matplotlib/axes/_base.py::1078,0.178908
lib/matplotlib/axes/_base.py::1079,0.178908
lib/matplotlib/axes/_base.py::1080,0.178908
lib/matplotlib/axes/_base.py::1081,0.178908
lib/matplotlib/axes/_base.py::1082,0.178908
lib/matplotlib/axes/_base.py::1084,0.178908
lib/matplotlib/axes/_base.py::1086,0.178908
lib/matplotlib/axes/_base.py::1087,0.178908
lib/matplotlib/axes/_base.py::1089,0.178908
lib/matplotlib/axes/_base.py::1090,0.178908
lib/matplotlib/axes/_base.py::1091,0.178908
lib/matplotlib/axes/_base.py::1095,0.178908
lib/matplotlib/axes/_base.py::1099,0.178908
lib/matplotlib/axes/_base.py::1126,0.178908
lib/matplotlib/axes/_base.py::1127,0.178908
lib/matplotlib/axes/_base.py::1128,0.178908
lib/matplotlib/axes/_base.py::1129,0.178908
lib/matplotlib/axes/_base.py::1130,0.178908
lib/matplotlib/axes/_base.py::1131,0.178908
lib/matplotlib/axes/_base.py::129,0.178908
lib/matplotlib/axes/_base.py::130,0.178908
lib/matplotlib/axes/_base.py::131,0.178908
lib/matplotlib/axes/_base.py::1385,0.178908
lib/matplotlib/axes/_base.py::1386,0.178908
lib/matplotlib/axes/_base.py::1388,0.178908
lib/matplotlib/axes/_base.py::1395,0.178908
lib/matplotlib/axes/_base.py::1396,0.178908
lib/matplotlib/axes/_base.py::1397,0.178908
lib/matplotlib/axes/_base.py::143,0.178908
lib/matplotlib/axes/_base.py::144,0.178908
lib/matplotlib/axes/_base.py::148,0.178908
lib/matplotlib/axes/_base.py::150,0.178908
lib/matplotlib/axes/_base.py::2115,0.178908
lib/matplotlib/axes/_base.py::2117,0.178908
lib/matplotlib/axes/_base.py::2120,0.178908
lib/matplotlib/axes/_base.py::2122,0.178908
lib/matplotlib/axes/_base.py::2123,0.178908
lib/matplotlib/axes/_base.py::2126,0.178908
lib/matplotlib/axes/_base.py::2138,0.178908
lib/matplotlib/axes/_base.py::2140,0.178908
lib/matplotlib/axes/_base.py::2141,0.178908
lib/matplotlib/axes/_base.py::2142,0.178908
lib/matplotlib/axes/_base.py::2525,0.178908
lib/matplotlib/axes/_base.py::2768,0.178908
lib/matplotlib/axes/_base.py::2769,0.178908
lib/matplotlib/axes/_base.py::2771,0.178908
lib/matplotlib/axes/_base.py::2777,0.178908
lib/matplotlib/axes/_base.py::2778,0.178908
lib/matplotlib/axes/_base.py::2779,0.178908
lib/matplotlib/axes/_base.py::2818,0.178908
lib/matplotlib/axes/_base.py::2820,0.178908
lib/matplotlib/axes/_base.py::2821,0.178908
lib/matplotlib/axes/_base.py::2822,0.178908
lib/matplotlib/axes/_base.py::2823,0.178908
lib/matplotlib/axes/_base.py::2824,0.178908
lib/matplotlib/axes/_base.py::3005,0.178908
lib/matplotlib/axes/_base.py::3006,0.178908
lib/matplotlib/axes/_base.py::3007,0.178908
lib/matplotlib/axes/_base.py::3008,0.178908
lib/matplotlib/axes/_base.py::3009,0.178908
lib/matplotlib/axes/_base.py::3010,0.178908
lib/matplotlib/axes/_base.py::3011,0.178908
lib/matplotlib/axes/_base.py::3012,0.178908
lib/matplotlib/axes/_base.py::3013,0.178908
lib/matplotlib/axes/_base.py::3014,0.178908
lib/matplotlib/axes/_base.py::3015,0.178908
lib/matplotlib/axes/_base.py::3016,0.178908
lib/matplotlib/axes/_base.py::3017,0.178908
lib/matplotlib/axes/_base.py::3018,0.178908
lib/matplotlib/axes/_base.py::3019,0.178908
lib/matplotlib/axes/_base.py::3036,0.178908
lib/matplotlib/axes/_base.py::3037,0.178908
lib/matplotlib/axes/_base.py::3148,0.178908
lib/matplotlib/axes/_base.py::3149,0.178908
lib/matplotlib/axes/_base.py::3150,0.178908
lib/matplotlib/axes/_base.py::3151,0.178908
lib/matplotlib/axes/_base.py::3153,0.178908
lib/matplotlib/axes/_base.py::3223,0.178908
lib/matplotlib/axes/_base.py::3225,0.178908
lib/matplotlib/axes/_base.py::3229,0.178908
lib/matplotlib/axes/_base.py::3234,0.178908
lib/matplotlib/axes/_base.py::3235,0.178908
lib/matplotlib/axes/_base.py::3236,0.178908
lib/matplotlib/axes/_base.py::3238,0.178908
lib/matplotlib/axes/_base.py::3247,0.178908
lib/matplotlib/axes/_base.py::3263,0.178908
lib/matplotlib/axes/_base.py::3267,0.178908
lib/matplotlib/axes/_base.py::3268,0.178908
lib/matplotlib/axes/_base.py::3269,0.178908
lib/matplotlib/axes/_base.py::3271,0.178908
lib/matplotlib/axes/_base.py::3273,0.178908
lib/matplotlib/axes/_base.py::3274,0.178908
lib/matplotlib/axes/_base.py::3275,0.178908
lib/matplotlib/axes/_base.py::3277,0.178908
lib/matplotlib/axes/_base.py::3278,0.178908
lib/matplotlib/axes/_base.py::3280,0.178908
lib/matplotlib/axes/_base.py::3281,0.178908
lib/matplotlib/axes/_base.py::3286,0.178908
lib/matplotlib/axes/_base.py::3287,0.178908
lib/matplotlib/axes/_base.py::3297,0.178908
lib/matplotlib/axes/_base.py::3616,0.178908
lib/matplotlib/axes/_base.py::3618,0.178908
lib/matplotlib/axes/_base.py::3622,0.178908
lib/matplotlib/axes/_base.py::3627,0.178908
lib/matplotlib/axes/_base.py::3628,0.178908
lib/matplotlib/axes/_base.py::3629,0.178908
lib/matplotlib/axes/_base.py::3631,0.178908
lib/matplotlib/axes/_base.py::3640,0.178908
lib/matplotlib/axes/_base.py::3656,0.178908
lib/matplotlib/axes/_base.py::3661,0.178908
lib/matplotlib/axes/_base.py::3662,0.178908
lib/matplotlib/axes/_base.py::3663,0.178908
lib/matplotlib/axes/_base.py::3665,0.178908
lib/matplotlib/axes/_base.py::3667,0.178908
lib/matplotlib/axes/_base.py::3668,0.178908
lib/matplotlib/axes/_base.py::3669,0.178908
lib/matplotlib/axes/_base.py::3671,0.178908
lib/matplotlib/axes/_base.py::3672,0.178908
lib/matplotlib/axes/_base.py::3674,0.178908
lib/matplotlib/axes/_base.py::3675,0.178908
lib/matplotlib/axes/_base.py::3680,0.178908
lib/matplotlib/axes/_base.py::3681,0.178908
lib/matplotlib/axes/_base.py::3691,0.178908
lib/matplotlib/axes/_base.py::3951,0.178908
lib/matplotlib/axes/_base.py::3967,0.178908
lib/matplotlib/axes/_base.py::445,0.178908
lib/matplotlib/axes/_base.py::446,0.178908
lib/matplotlib/axes/_base.py::447,0.178908
lib/matplotlib/axes/_base.py::448,0.178908
lib/matplotlib/axes/_base.py::450,0.178908
lib/matplotlib/axes/_base.py::453,0.178908
lib/matplotlib/axes/_base.py::454,0.178908
lib/matplotlib/axes/_base.py::455,0.178908
lib/matplotlib/axes/_base.py::456,0.178908
lib/matplotlib/axes/_base.py::457,0.178908
lib/matplotlib/axes/_base.py::458,0.178908
lib/matplotlib/axes/_base.py::460,0.178908
lib/matplotlib/axes/_base.py::461,0.178908
lib/matplotlib/axes/_base.py::464,0.178908
lib/matplotlib/axes/_base.py::465,0.178908
lib/matplotlib/axes/_base.py::467,0.178908
lib/matplotlib/axes/_base.py::468,0.178908
lib/matplotlib/axes/_base.py::470,0.178908
lib/matplotlib/axes/_base.py::472,0.178908
lib/matplotlib/axes/_base.py::475,0.178908
lib/matplotlib/axes/_base.py::477,0.178908
lib/matplotlib/axes/_base.py::478,0.178908
lib/matplotlib/axes/_base.py::479,0.178908
lib/matplotlib/axes/_base.py::481,0.178908
lib/matplotlib/axes/_base.py::482,0.178908
lib/matplotlib/axes/_base.py::483,0.178908
lib/matplotlib/axes/_base.py::485,0.178908
lib/matplotlib/axes/_base.py::486,0.178908
lib/matplotlib/axes/_base.py::487,0.178908
lib/matplotlib/axes/_base.py::488,0.178908
lib/matplotlib/axes/_base.py::490,0.178908
lib/matplotlib/axes/_base.py::491,0.178908
lib/matplotlib/axes/_base.py::492,0.178908
lib/matplotlib/axes/_base.py::493,0.178908
lib/matplotlib/axes/_base.py::494,0.178908
lib/matplotlib/axes/_base.py::495,0.178908
lib/matplotlib/axes/_base.py::496,0.178908
lib/matplotlib/axes/_base.py::498,0.178908
lib/matplotlib/axes/_base.py::500,0.178908
lib/matplotlib/axes/_base.py::501,0.178908
lib/matplotlib/axes/_base.py::502,0.178908
lib/matplotlib/axes/_base.py::503,0.178908
lib/matplotlib/axes/_base.py::505,0.178908
lib/matplotlib/axes/_base.py::506,0.178908
lib/matplotlib/axes/_base.py::507,0.178908
lib/matplotlib/axes/_base.py::508,0.178908
lib/matplotlib/axes/_base.py::509,0.178908
lib/matplotlib/axes/_base.py::510,0.178908
lib/matplotlib/axes/_base.py::511,0.178908
lib/matplotlib/axes/_base.py::513,0.178908
lib/matplotlib/axes/_base.py::515,0.178908
lib/matplotlib/axes/_base.py::516,0.178908
lib/matplotlib/axes/_base.py::578,0.178908
lib/matplotlib/axes/_base.py::580,0.178908
lib/matplotlib/axes/_base.py::581,0.178908
lib/matplotlib/axes/_base.py::583,0.178908
lib/matplotlib/axes/_base.py::584,0.178908
lib/matplotlib/axes/_base.py::585,0.178908
lib/matplotlib/axes/_base.py::586,0.178908
lib/matplotlib/axes/_base.py::588,0.178908
lib/matplotlib/axes/_base.py::808,0.178908
lib/matplotlib/axes/_base.py::809,0.178908
lib/matplotlib/axes/_base.py::810,0.178908
lib/matplotlib/axes/_base.py::811,0.178908
lib/matplotlib/axes/_base.py::901,0.178908
lib/matplotlib/axes/_base.py::902,0.178908
lib/matplotlib/axes/_base.py::912,0.178908
lib/matplotlib/axes/_base.py::913,0.178908
lib/matplotlib/axes/_base.py::916,0.178908
lib/matplotlib/axes/_base.py::917,0.178908
lib/matplotlib/axes/_base.py::960,0.178908
lib/matplotlib/axes/_base.py::963,0.178908
lib/matplotlib/axes/_base.py::965,0.178908
lib/matplotlib/axes/_base.py::966,0.178908
lib/matplotlib/axes/_base.py::968,0.178908
lib/matplotlib/axes/_base.py::969,0.178908
lib/matplotlib/axes/_base.py::971,0.178908
lib/matplotlib/axes/_base.py::972,0.178908
lib/matplotlib/axes/_base.py::974,0.178908
lib/matplotlib/axes/_base.py::975,0.178908
lib/matplotlib/axes/_base.py::977,0.178908
lib/matplotlib/axes/_base.py::987,0.178908
lib/matplotlib/axes/_base.py::988,0.178908
lib/matplotlib/axes/_base.py::989,0.178908
lib/matplotlib/axes/_base.py::993,0.178908
lib/matplotlib/axis.py::101,0.178908
lib/matplotlib/axis.py::103,0.178908
lib/matplotlib/axis.py::105,0.178908
lib/matplotlib/axis.py::106,0.178908
lib/matplotlib/axis.py::107,0.178908
lib/matplotlib/axis.py::109,0.178908
lib/matplotlib/axis.py::110,0.178908
lib/matplotlib/axis.py::111,0.178908
lib/matplotlib/axis.py::113,0.178908
lib/matplotlib/axis.py::114,0.178908
lib/matplotlib/axis.py::116,0.178908
lib/matplotlib/axis.py::117,0.178908
lib/matplotlib/axis.py::118,0.178908
lib/matplotlib/axis.py::120,0.178908
lib/matplotlib/axis.py::121,0.178908
lib/matplotlib/axis.py::123,0.178908
lib/matplotlib/axis.py::124,0.178908
lib/matplotlib/axis.py::126,0.178908
lib/matplotlib/axis.py::128,0.178908
lib/matplotlib/axis.py::129,0.178908
lib/matplotlib/axis.py::130,0.178908
lib/matplotlib/axis.py::132,0.178908
lib/matplotlib/axis.py::1325,0.178908
lib/matplotlib/axis.py::133,0.178908
lib/matplotlib/axis.py::135,0.178908
lib/matplotlib/axis.py::136,0.178908
lib/matplotlib/axis.py::137,0.178908
lib/matplotlib/axis.py::138,0.178908
lib/matplotlib/axis.py::1389,0.178908
lib/matplotlib/axis.py::139,0.178908
lib/matplotlib/axis.py::1395,0.178908
lib/matplotlib/axis.py::1396,0.178908
lib/matplotlib/axis.py::1397,0.178908
lib/matplotlib/axis.py::1399,0.178908
lib/matplotlib/axis.py::140,0.178908
lib/matplotlib/axis.py::1406,0.178908
lib/matplotlib/axis.py::1407,0.178908
lib/matplotlib/axis.py::141,0.178908
lib/matplotlib/axis.py::1410,0.178908
lib/matplotlib/axis.py::1411,0.178908
lib/matplotlib/axis.py::1412,0.178908
lib/matplotlib/axis.py::1413,0.178908
lib/matplotlib/axis.py::142,0.178908
lib/matplotlib/axis.py::1421,0.178908
lib/matplotlib/axis.py::1422,0.178908
lib/matplotlib/axis.py::1423,0.178908
lib/matplotlib/axis.py::143,0.178908
lib/matplotlib/axis.py::145,0.178908
lib/matplotlib/axis.py::147,0.178908
lib/matplotlib/axis.py::1471,0.178908
lib/matplotlib/axis.py::1475,0.178908
lib/matplotlib/axis.py::1476,0.178908
lib/matplotlib/axis.py::148,0.178908
lib/matplotlib/axis.py::149,0.178908
lib/matplotlib/axis.py::1498,0.178908
lib/matplotlib/axis.py::1499,0.178908
lib/matplotlib/axis.py::150,0.178908
lib/matplotlib/axis.py::152,0.178908
lib/matplotlib/axis.py::153,0.178908
lib/matplotlib/axis.py::1539,0.178908
lib/matplotlib/axis.py::154,0.178908
lib/matplotlib/axis.py::1540,0.178908
lib/matplotlib/axis.py::1545,0.178908
lib/matplotlib/axis.py::1546,0.178908
lib/matplotlib/axis.py::1547,0.178908
lib/matplotlib/axis.py::1548,0.178908
lib/matplotlib/axis.py::155,0.178908
lib/matplotlib/axis.py::1558,0.178908
lib/matplotlib/axis.py::1559,0.178908
lib/matplotlib/axis.py::1564,0.178908
lib/matplotlib/axis.py::1565,0.178908
lib/matplotlib/axis.py::1566,0.178908
lib/matplotlib/axis.py::1567,0.178908
lib/matplotlib/axis.py::157,0.178908
lib/matplotlib/axis.py::1577,0.178908
lib/matplotlib/axis.py::1578,0.178908
lib/matplotlib/axis.py::1579,0.178908
lib/matplotlib/axis.py::158,0.178908
lib/matplotlib/axis.py::1580,0.178908
lib/matplotlib/axis.py::1581,0.178908
lib/matplotlib/axis.py::1582,0.178908
lib/matplotlib/axis.py::1583,0.178908
lib/matplotlib/axis.py::159,0.178908
lib/matplotlib/axis.py::1593,0.178908
lib/matplotlib/axis.py::1594,0.178908
lib/matplotlib/axis.py::1595,0.178908
lib/matplotlib/axis.py::1596,0.178908
lib/matplotlib/axis.py::1597,0.178908
lib/matplotlib/axis.py::1598,0.178908
lib/matplotlib/axis.py::1599,0.178908
lib/matplotlib/axis.py::160,0.178908
lib/matplotlib/axis.py::161,0.178908
lib/matplotlib/axis.py::164,0.178908
lib/matplotlib/axis.py::165,0.178908
lib/matplotlib/axis.py::166,0.178908
lib/matplotlib/axis.py::167,0.178908
lib/matplotlib/axis.py::168,0.178908
lib/matplotlib/axis.py::170,0.178908
lib/matplotlib/axis.py::171,0.178908
lib/matplotlib/axis.py::172,0.178908
lib/matplotlib/axis.py::173,0.178908
lib/matplotlib/axis.py::175,0.178908
lib/matplotlib/axis.py::179,0.178908
lib/matplotlib/axis.py::180,0.178908
lib/matplotlib/axis.py::1836,0.178908
lib/matplotlib/axis.py::1839,0.178908
lib/matplotlib/axis.py::1840,0.178908
lib/matplotlib/axis.py::1841,0.178908
lib/matplotlib/axis.py::1842,0.178908
lib/matplotlib/axis.py::1843,0.178908
lib/matplotlib/axis.py::1845,0.178908
lib/matplotlib/axis.py::1846,0.178908
lib/matplotlib/axis.py::1847,0.178908
lib/matplotlib/axis.py::1848,0.178908
lib/matplotlib/axis.py::1849,0.178908
lib/matplotlib/axis.py::1850,0.178908
lib/matplotlib/axis.py::1851,0.178908
lib/matplotlib/axis.py::1852,0.178908
lib/matplotlib/axis.py::1853,0.178908
lib/matplotlib/axis.py::1855,0.178908
lib/matplotlib/axis.py::187,0.178908
lib/matplotlib/axis.py::188,0.178908
lib/matplotlib/axis.py::189,0.178908
lib/matplotlib/axis.py::191,0.178908
lib/matplotlib/axis.py::2084,0.178908
lib/matplotlib/axis.py::2128,0.178908
lib/matplotlib/axis.py::2131,0.178908
lib/matplotlib/axis.py::2132,0.178908
lib/matplotlib/axis.py::2133,0.178908
lib/matplotlib/axis.py::2134,0.178908
lib/matplotlib/axis.py::2135,0.178908
lib/matplotlib/axis.py::2136,0.178908
lib/matplotlib/axis.py::2138,0.178908
lib/matplotlib/axis.py::2140,0.178908
lib/matplotlib/axis.py::2141,0.178908
lib/matplotlib/axis.py::2142,0.178908
lib/matplotlib/axis.py::2143,0.178908
lib/matplotlib/axis.py::2144,0.178908
lib/matplotlib/axis.py::2145,0.178908
lib/matplotlib/axis.py::2146,0.178908
lib/matplotlib/axis.py::2147,0.178908
lib/matplotlib/axis.py::2149,0.178908
lib/matplotlib/axis.py::220,0.178908
lib/matplotlib/axis.py::223,0.178908
lib/matplotlib/axis.py::226,0.178908
lib/matplotlib/axis.py::227,0.178908
lib/matplotlib/axis.py::228,0.178908
lib/matplotlib/axis.py::229,0.178908
lib/matplotlib/axis.py::2374,0.178908
lib/matplotlib/axis.py::240,0.178908
lib/matplotlib/axis.py::241,0.178908
lib/matplotlib/axis.py::242,0.178908
lib/matplotlib/axis.py::244,0.178908
lib/matplotlib/axis.py::253,0.178908
lib/matplotlib/axis.py::254,0.178908
lib/matplotlib/axis.py::255,0.178908
lib/matplotlib/axis.py::343,0.178908
lib/matplotlib/axis.py::352,0.178908
lib/matplotlib/axis.py::353,0.178908
lib/matplotlib/axis.py::354,0.178908
lib/matplotlib/axis.py::355,0.178908
lib/matplotlib/axis.py::356,0.178908
lib/matplotlib/axis.py::357,0.178908
lib/matplotlib/axis.py::358,0.178908
lib/matplotlib/axis.py::359,0.178908
lib/matplotlib/axis.py::378,0.178908
lib/matplotlib/axis.py::379,0.178908
lib/matplotlib/axis.py::380,0.178908
lib/matplotlib/axis.py::381,0.178908
lib/matplotlib/axis.py::384,0.178908
lib/matplotlib/axis.py::389,0.178908
lib/matplotlib/axis.py::391,0.178908
lib/matplotlib/axis.py::392,0.178908
lib/matplotlib/axis.py::393,0.178908
lib/matplotlib/axis.py::400,0.178908
lib/matplotlib/axis.py::402,0.178908
lib/matplotlib/axis.py::403,0.178908
lib/matplotlib/axis.py::425,0.178908
lib/matplotlib/axis.py::427,0.178908
lib/matplotlib/axis.py::428,0.178908
lib/matplotlib/axis.py::429,0.178908
lib/matplotlib/axis.py::430,0.178908
lib/matplotlib/axis.py::432,0.178908
lib/matplotlib/axis.py::433,0.178908
lib/matplotlib/axis.py::434,0.178908
lib/matplotlib/axis.py::435,0.178908
lib/matplotlib/axis.py::437,0.178908
lib/matplotlib/axis.py::438,0.178908
lib/matplotlib/axis.py::439,0.178908
lib/matplotlib/axis.py::442,0.178908
lib/matplotlib/axis.py::443,0.178908
lib/matplotlib/axis.py::444,0.178908
lib/matplotlib/axis.py::445,0.178908
lib/matplotlib/axis.py::447,0.178908
lib/matplotlib/axis.py::448,0.178908
lib/matplotlib/axis.py::449,0.178908
lib/matplotlib/axis.py::450,0.178908
lib/matplotlib/axis.py::454,0.178908
lib/matplotlib/axis.py::457,0.178908
lib/matplotlib/axis.py::460,0.178908
lib/matplotlib/axis.py::461,0.178908
lib/matplotlib/axis.py::462,0.178908
lib/matplotlib/axis.py::464,0.178908
lib/matplotlib/axis.py::470,0.178908
lib/matplotlib/axis.py::471,0.178908
lib/matplotlib/axis.py::475,0.178908
lib/matplotlib/axis.py::476,0.178908
lib/matplotlib/axis.py::477,0.178908
lib/matplotlib/axis.py::478,0.178908
lib/matplotlib/axis.py::479,0.178908
lib/matplotlib/axis.py::480,0.178908
lib/matplotlib/axis.py::481,0.178908
lib/matplotlib/axis.py::496,0.178908
lib/matplotlib/axis.py::498,0.178908
lib/matplotlib/axis.py::499,0.178908
lib/matplotlib/axis.py::500,0.178908
lib/matplotlib/axis.py::501,0.178908
lib/matplotlib/axis.py::503,0.178908
lib/matplotlib/axis.py::504,0.178908
lib/matplotlib/axis.py::505,0.178908
lib/matplotlib/axis.py::506,0.178908
lib/matplotlib/axis.py::508,0.178908
lib/matplotlib/axis.py::509,0.178908
lib/matplotlib/axis.py::510,0.178908
lib/matplotlib/axis.py::513,0.178908
lib/matplotlib/axis.py::514,0.178908
lib/matplotlib/axis.py::515,0.178908
lib/matplotlib/axis.py::516,0.178908
lib/matplotlib/axis.py::518,0.178908
lib/matplotlib/axis.py::519,0.178908
lib/matplotlib/axis.py::520,0.178908
lib/matplotlib/axis.py::521,0.178908
lib/matplotlib/axis.py::525,0.178908
lib/matplotlib/axis.py::528,0.178908
lib/matplotlib/axis.py::531,0.178908
lib/matplotlib/axis.py::532,0.178908
lib/matplotlib/axis.py::533,0.178908
lib/matplotlib/axis.py::535,0.178908
lib/matplotlib/axis.py::541,0.178908
lib/matplotlib/axis.py::542,0.178908
lib/matplotlib/axis.py::546,0.178908
lib/matplotlib/axis.py::547,0.178908
lib/matplotlib/axis.py::548,0.178908
lib/matplotlib/axis.py::549,0.178908
lib/matplotlib/axis.py::550,0.178908
lib/matplotlib/axis.py::551,0.178908
lib/matplotlib/axis.py::552,0.178908
lib/matplotlib/axis.py::572,0.178908
lib/matplotlib/axis.py::573,0.178908
lib/matplotlib/axis.py::577,0.178908
lib/matplotlib/axis.py::581,0.178908
lib/matplotlib/axis.py::586,0.178908
lib/matplotlib/axis.py::590,0.178908
lib/matplotlib/axis.py::594,0.178908
lib/matplotlib/axis.py::599,0.178908
lib/matplotlib/axis.py::614,0.178908
lib/matplotlib/axis.py::622,0.178908
lib/matplotlib/axis.py::623,0.178908
lib/matplotlib/axis.py::624,0.178908
lib/matplotlib/axis.py::625,0.178908
lib/matplotlib/axis.py::626,0.178908
lib/matplotlib/axis.py::628,0.178908
lib/matplotlib/axis.py::629,0.178908
lib/matplotlib/axis.py::630,0.178908
lib/matplotlib/axis.py::631,0.178908
lib/matplotlib/axis.py::680,0.178908
lib/matplotlib/axis.py::681,0.178908
lib/matplotlib/axis.py::683,0.178908
lib/matplotlib/axis.py::685,0.178908
lib/matplotlib/axis.py::687,0.178908
lib/matplotlib/axis.py::688,0.178908
lib/matplotlib/axis.py::689,0.178908
lib/matplotlib/axis.py::690,0.178908
lib/matplotlib/axis.py::692,0.178908
lib/matplotlib/axis.py::693,0.178908
lib/matplotlib/axis.py::695,0.178908
lib/matplotlib/axis.py::696,0.178908
lib/matplotlib/axis.py::697,0.178908
lib/matplotlib/axis.py::698,0.178908
lib/matplotlib/axis.py::699,0.178908
lib/matplotlib/axis.py::700,0.178908
lib/matplotlib/axis.py::702,0.178908
lib/matplotlib/axis.py::703,0.178908
lib/matplotlib/axis.py::704,0.178908
lib/matplotlib/axis.py::706,0.178908
lib/matplotlib/axis.py::708,0.178908
lib/matplotlib/axis.py::711,0.178908
lib/matplotlib/axis.py::712,0.178908
lib/matplotlib/axis.py::714,0.178908
lib/matplotlib/axis.py::715,0.178908
lib/matplotlib/axis.py::755,0.178908
lib/matplotlib/axis.py::758,0.178908
lib/matplotlib/axis.py::761,0.178908
lib/matplotlib/axis.py::762,0.178908
lib/matplotlib/axis.py::764,0.178908
lib/matplotlib/axis.py::765,0.178908
lib/matplotlib/axis.py::766,0.178908
lib/matplotlib/axis.py::767,0.178908
lib/matplotlib/axis.py::770,0.178908
lib/matplotlib/axis.py::779,0.178908
lib/matplotlib/axis.py::781,0.178908
lib/matplotlib/axis.py::784,0.178908
lib/matplotlib/axis.py::787,0.178908
lib/matplotlib/axis.py::789,0.178908
lib/matplotlib/axis.py::792,0.178908
lib/matplotlib/axis.py::794,0.178908
lib/matplotlib/axis.py::795,0.178908
lib/matplotlib/axis.py::796,0.178908
lib/matplotlib/axis.py::797,0.178908
lib/matplotlib/axis.py::806,0.178908
lib/matplotlib/axis.py::807,0.178908
lib/matplotlib/axis.py::808,0.178908
lib/matplotlib/axis.py::809,0.178908
lib/matplotlib/axis.py::810,0.178908
lib/matplotlib/axis.py::811,0.178908
lib/matplotlib/axis.py::812,0.178908
lib/matplotlib/axis.py::813,0.178908
lib/matplotlib/axis.py::814,0.178908
lib/matplotlib/axis.py::815,0.178908
lib/matplotlib/axis.py::816,0.178908
lib/matplotlib/axis.py::817,0.178908
lib/matplotlib/axis.py::826,0.178908
lib/matplotlib/axis.py::827,0.178908
lib/matplotlib/axis.py::831,0.178908
lib/matplotlib/axis.py::840,0.178908
lib/matplotlib/axis.py::841,0.178908
lib/matplotlib/axis.py::842,0.178908
lib/matplotlib/axis.py::843,0.178908
lib/matplotlib/axis.py::844,0.178908
lib/matplotlib/axis.py::845,0.178908
lib/matplotlib/axis.py::846,0.178908
lib/matplotlib/axis.py::847,0.178908
lib/matplotlib/axis.py::849,0.178908
lib/matplotlib/axis.py::85,0.178908
lib/matplotlib/axis.py::852,0.178908
lib/matplotlib/axis.py::857,0.178908
lib/matplotlib/axis.py::858,0.178908
lib/matplotlib/axis.py::859,0.178908
lib/matplotlib/axis.py::860,0.178908
lib/matplotlib/axis.py::861,0.178908
lib/matplotlib/axis.py::862,0.178908
lib/matplotlib/axis.py::863,0.178908
lib/matplotlib/axis.py::864,0.178908
lib/matplotlib/axis.py::866,0.178908
lib/matplotlib/axis.py::868,0.178908
lib/matplotlib/axis.py::87,0.178908
lib/matplotlib/axis.py::870,0.178908
lib/matplotlib/axis.py::871,0.178908
lib/matplotlib/axis.py::872,0.178908
lib/matplotlib/axis.py::873,0.178908
lib/matplotlib/axis.py::874,0.178908
lib/matplotlib/axis.py::875,0.178908
lib/matplotlib/axis.py::876,0.178908
lib/matplotlib/axis.py::877,0.178908
lib/matplotlib/axis.py::878,0.178908
lib/matplotlib/axis.py::879,0.178908
lib/matplotlib/axis.py::88,0.178908
lib/matplotlib/axis.py::880,0.178908
lib/matplotlib/axis.py::881,0.178908
lib/matplotlib/axis.py::882,0.178908
lib/matplotlib/axis.py::883,0.178908
lib/matplotlib/axis.py::884,0.178908
lib/matplotlib/axis.py::885,0.178908
lib/matplotlib/axis.py::886,0.178908
lib/matplotlib/axis.py::891,0.178908
lib/matplotlib/axis.py::892,0.178908
lib/matplotlib/axis.py::896,0.178908
lib/matplotlib/axis.py::897,0.178908
lib/matplotlib/axis.py::90,0.178908
lib/matplotlib/axis.py::900,0.178908
lib/matplotlib/axis.py::901,0.178908
lib/matplotlib/axis.py::902,0.178908
lib/matplotlib/axis.py::903,0.178908
lib/matplotlib/axis.py::91,0.178908
lib/matplotlib/axis.py::94,0.178908
lib/matplotlib/axis.py::96,0.178908
lib/matplotlib/axis.py::97,0.178908
lib/matplotlib/axis.py::981,0.178908
lib/matplotlib/axis.py::983,0.178908
lib/matplotlib/axis.py::99,0.178908
lib/matplotlib/backend_bases.py::2218,0.178908
lib/matplotlib/backend_bases.py::2532,0.178908
lib/matplotlib/backend_bases.py::2533,0.178908
lib/matplotlib/backend_bases.py::2534,0.178908
lib/matplotlib/backend_bases.py::2536,0.178908
lib/matplotlib/backend_bases.py::2537,0.178908
lib/matplotlib/backend_bases.py::2538,0.178908
lib/matplotlib/backend_bases.py::2539,0.178908
lib/matplotlib/backend_bases.py::2540,0.178908
lib/matplotlib/backend_bases.py::2541,0.178908
lib/matplotlib/backend_bases.py::2542,0.178908
lib/matplotlib/backend_bases.py::2543,0.178908
lib/matplotlib/backend_bases.py::2544,0.178908
lib/matplotlib/backend_bases.py::2546,0.178908
lib/matplotlib/backend_bases.py::2547,0.178908
lib/matplotlib/backend_bases.py::2549,0.178908
lib/matplotlib/backend_bases.py::2569,0.178908
lib/matplotlib/backend_bases.py::3342,0.178908
lib/matplotlib/backend_bases.py::3343,0.178908
lib/matplotlib/backend_bases.py::3344,0.178908
lib/matplotlib/backend_bases.py::3345,0.178908
lib/matplotlib/backend_bases.py::3350,0.178908
lib/matplotlib/backend_bases.py::3351,0.178908
lib/matplotlib/backend_bases.py::3352,0.178908
lib/matplotlib/cbook/__init__.py::1344,0.178908
lib/matplotlib/cbook/__init__.py::1345,0.178908
lib/matplotlib/cbook/__init__.py::1346,0.178908
lib/matplotlib/cbook/__init__.py::1347,0.178908
lib/matplotlib/cbook/__init__.py::1355,0.178908
lib/matplotlib/cbook/__init__.py::1358,0.178908
lib/matplotlib/cbook/__init__.py::1616,0.178908
lib/matplotlib/cbook/__init__.py::1732,0.178908
lib/matplotlib/cbook/__init__.py::1735,0.178908
lib/matplotlib/cbook/__init__.py::1737,0.178908
lib/matplotlib/cbook/__init__.py::1738,0.178908
lib/matplotlib/cbook/__init__.py::1739,0.178908
lib/matplotlib/cbook/__init__.py::1742,0.178908
lib/matplotlib/cbook/__init__.py::1744,0.178908
lib/matplotlib/cbook/__init__.py::1747,0.178908
lib/matplotlib/cbook/__init__.py::1751,0.178908
lib/matplotlib/cbook/__init__.py::1752,0.178908
lib/matplotlib/cbook/__init__.py::1753,0.178908
lib/matplotlib/cbook/__init__.py::1754,0.178908
lib/matplotlib/cbook/__init__.py::1755,0.178908
lib/matplotlib/cbook/__init__.py::1757,0.178908
lib/matplotlib/cbook/__init__.py::1758,0.178908
lib/matplotlib/cbook/__init__.py::1760,0.178908
lib/matplotlib/cbook/__init__.py::1761,0.178908
lib/matplotlib/cbook/__init__.py::1762,0.178908
lib/matplotlib/cbook/__init__.py::1763,0.178908
lib/matplotlib/cbook/__init__.py::1764,0.178908
lib/matplotlib/cbook/__init__.py::1765,0.178908
lib/matplotlib/cbook/__init__.py::1768,0.178908
lib/matplotlib/cbook/__init__.py::1769,0.178908
lib/matplotlib/cbook/__init__.py::1770,0.178908
lib/matplotlib/cbook/__init__.py::1777,0.178908
lib/matplotlib/cbook/__init__.py::1779,0.178908
lib/matplotlib/cbook/__init__.py::1780,0.178908
lib/matplotlib/cbook/__init__.py::1784,0.178908
lib/matplotlib/cbook/__init__.py::1785,0.178908
lib/matplotlib/cbook/__init__.py::1789,0.178908
lib/matplotlib/cbook/__init__.py::1798,0.178908
lib/matplotlib/cbook/__init__.py::198,0.178908
lib/matplotlib/cbook/__init__.py::201,0.178908
lib/matplotlib/cbook/__init__.py::2015,0.178908
lib/matplotlib/cbook/__init__.py::202,0.178908
lib/matplotlib/cbook/__init__.py::203,0.178908
lib/matplotlib/cbook/__init__.py::204,0.178908
lib/matplotlib/cbook/__init__.py::205,0.178908
lib/matplotlib/cbook/__init__.py::206,0.178908
lib/matplotlib/cbook/__init__.py::207,0.178908
lib/matplotlib/cbook/__init__.py::208,0.178908
lib/matplotlib/cbook/__init__.py::213,0.178908
lib/matplotlib/cbook/__init__.py::214,0.178908
lib/matplotlib/cbook/__init__.py::215,0.178908
lib/matplotlib/cbook/__init__.py::219,0.178908
lib/matplotlib/cbook/__init__.py::220,0.178908
lib/matplotlib/cbook/__init__.py::221,0.178908
lib/matplotlib/cbook/__init__.py::222,0.178908
lib/matplotlib/cbook/__init__.py::223,0.178908
lib/matplotlib/cbook/__init__.py::232,0.178908
lib/matplotlib/cbook/__init__.py::655,0.178908
lib/matplotlib/cbook/__init__.py::656,0.178908
lib/matplotlib/cbook/__init__.py::657,0.178908
lib/matplotlib/cbook/__init__.py::685,0.178908
lib/matplotlib/cbook/__init__.py::687,0.178908
lib/matplotlib/cbook/__init__.py::688,0.178908
lib/matplotlib/cbook/__init__.py::689,0.178908
lib/matplotlib/cbook/__init__.py::690,0.178908
lib/matplotlib/cbook/__init__.py::691,0.178908
lib/matplotlib/cbook/__init__.py::692,0.178908
lib/matplotlib/cbook/__init__.py::695,0.178908
lib/matplotlib/cbook/__init__.py::696,0.178908
lib/matplotlib/cbook/__init__.py::697,0.178908
lib/matplotlib/cbook/__init__.py::880,0.178908
lib/matplotlib/cbook/__init__.py::881,0.178908
lib/matplotlib/cbook/__init__.py::882,0.178908
lib/matplotlib/cbook/__init__.py::929,0.178908
lib/matplotlib/cbook/__init__.py::930,0.178908
lib/matplotlib/cbook/__init__.py::931,0.178908
lib/matplotlib/cbook/deprecation.py::348,0.178908
lib/matplotlib/cbook/deprecation.py::351,0.178908
lib/matplotlib/cbook/deprecation.py::357,0.178908
lib/matplotlib/figure.py::107,0.178908
lib/matplotlib/figure.py::1102,0.178908
lib/matplotlib/figure.py::120,0.178908
lib/matplotlib/figure.py::121,0.178908
lib/matplotlib/figure.py::122,0.178908
lib/matplotlib/figure.py::126,0.178908
lib/matplotlib/figure.py::127,0.178908
lib/matplotlib/figure.py::133,0.178908
lib/matplotlib/figure.py::135,0.178908
lib/matplotlib/figure.py::136,0.178908
lib/matplotlib/figure.py::1404,0.178908
lib/matplotlib/figure.py::1405,0.178908
lib/matplotlib/figure.py::1406,0.178908
lib/matplotlib/figure.py::1407,0.178908
lib/matplotlib/figure.py::1408,0.178908
lib/matplotlib/figure.py::1409,0.178908
lib/matplotlib/figure.py::144,0.178908
lib/matplotlib/figure.py::147,0.178908
lib/matplotlib/figure.py::148,0.178908
lib/matplotlib/figure.py::151,0.178908
lib/matplotlib/figure.py::154,0.178908
lib/matplotlib/figure.py::1922,0.178908
lib/matplotlib/figure.py::1923,0.178908
lib/matplotlib/figure.py::1925,0.178908
lib/matplotlib/figure.py::2035,0.178908
lib/matplotlib/figure.py::95,0.178908
lib/matplotlib/figure.py::96,0.178908
lib/matplotlib/font_manager.py::1034,0.178908
lib/matplotlib/font_manager.py::632,0.178908
lib/matplotlib/font_manager.py::633,0.178908
lib/matplotlib/font_manager.py::634,0.178908
lib/matplotlib/font_manager.py::635,0.178908
lib/matplotlib/font_manager.py::636,0.178908
lib/matplotlib/font_manager.py::637,0.178908
lib/matplotlib/font_manager.py::638,0.178908
lib/matplotlib/font_manager.py::640,0.178908
lib/matplotlib/font_manager.py::652,0.178908
lib/matplotlib/font_manager.py::653,0.178908
lib/matplotlib/font_manager.py::654,0.178908
lib/matplotlib/font_manager.py::655,0.178908
lib/matplotlib/font_manager.py::656,0.178908
lib/matplotlib/font_manager.py::657,0.178908
lib/matplotlib/font_manager.py::658,0.178908
lib/matplotlib/font_manager.py::751,0.178908
lib/matplotlib/font_manager.py::752,0.178908
lib/matplotlib/font_manager.py::753,0.178908
lib/matplotlib/font_manager.py::760,0.178908
lib/matplotlib/font_manager.py::761,0.178908
lib/matplotlib/font_manager.py::762,0.178908
lib/matplotlib/font_manager.py::763,0.178908
lib/matplotlib/font_manager.py::770,0.178908
lib/matplotlib/font_manager.py::771,0.178908
lib/matplotlib/font_manager.py::772,0.178908
lib/matplotlib/font_manager.py::773,0.178908
lib/matplotlib/font_manager.py::782,0.178908
lib/matplotlib/font_manager.py::783,0.178908
lib/matplotlib/font_manager.py::784,0.178908
lib/matplotlib/font_manager.py::785,0.178908
lib/matplotlib/font_manager.py::788,0.178908
lib/matplotlib/font_manager.py::789,0.178908
lib/matplotlib/font_manager.py::791,0.178908
lib/matplotlib/font_manager.py::800,0.178908
lib/matplotlib/font_manager.py::801,0.178908
lib/matplotlib/font_manager.py::802,0.178908
lib/matplotlib/font_manager.py::803,0.178908
lib/matplotlib/font_manager.py::806,0.178908
lib/matplotlib/font_manager.py::807,0.178908
lib/matplotlib/font_manager.py::809,0.178908
lib/matplotlib/font_manager.py::817,0.178908
lib/matplotlib/font_manager.py::818,0.178908
lib/matplotlib/font_manager.py::819,0.178908
lib/matplotlib/font_manager.py::820,0.178908
lib/matplotlib/font_manager.py::821,0.178908
lib/matplotlib/font_manager.py::822,0.178908
lib/matplotlib/font_manager.py::823,0.178908
lib/matplotlib/font_manager.py::829,0.178908
lib/matplotlib/font_manager.py::830,0.178908
lib/matplotlib/font_manager.py::834,0.178908
lib/matplotlib/font_manager.py::841,0.178908
lib/matplotlib/font_manager.py::858,0.178908
lib/matplotlib/font_manager.py::859,0.178908
lib/matplotlib/font_manager.py::860,0.178908
lib/matplotlib/font_manager.py::938,0.178908
lib/matplotlib/font_manager.py::940,0.178908
lib/matplotlib/lines.py::1015,0.178908
lib/matplotlib/lines.py::1016,0.178908
lib/matplotlib/lines.py::1017,0.178908
lib/matplotlib/lines.py::1035,0.178908
lib/matplotlib/lines.py::1036,0.178908
lib/matplotlib/lines.py::1037,0.178908
lib/matplotlib/lines.py::1047,0.178908
lib/matplotlib/lines.py::1048,0.178908
lib/matplotlib/lines.py::1076,0.178908
lib/matplotlib/lines.py::1078,0.178908
lib/matplotlib/lines.py::1079,0.178908
lib/matplotlib/lines.py::1080,0.178908
lib/matplotlib/lines.py::1082,0.178908
lib/matplotlib/lines.py::1083,0.178908
lib/matplotlib/lines.py::1094,0.178908
lib/matplotlib/lines.py::1096,0.178908
lib/matplotlib/lines.py::1098,0.178908
lib/matplotlib/lines.py::1100,0.178908
lib/matplotlib/lines.py::1101,0.178908
lib/matplotlib/lines.py::1124,0.178908
lib/matplotlib/lines.py::1125,0.178908
lib/matplotlib/lines.py::1134,0.178908
lib/matplotlib/lines.py::1170,0.178908
lib/matplotlib/lines.py::1171,0.178908
lib/matplotlib/lines.py::1172,0.178908
lib/matplotlib/lines.py::1175,0.178908
lib/matplotlib/lines.py::1176,0.178908
lib/matplotlib/lines.py::1178,0.178908
lib/matplotlib/lines.py::1179,0.178908
lib/matplotlib/lines.py::1181,0.178908
lib/matplotlib/lines.py::1186,0.178908
lib/matplotlib/lines.py::1188,0.178908
lib/matplotlib/lines.py::1189,0.178908
lib/matplotlib/lines.py::1202,0.178908
lib/matplotlib/lines.py::1203,0.178908
lib/matplotlib/lines.py::1213,0.178908
lib/matplotlib/lines.py::1215,0.178908
lib/matplotlib/lines.py::1217,0.178908
lib/matplotlib/lines.py::1218,0.178908
lib/matplotlib/lines.py::1229,0.178908
lib/matplotlib/lines.py::1230,0.178908
lib/matplotlib/lines.py::1231,0.178908
lib/matplotlib/lines.py::1232,0.178908
lib/matplotlib/lines.py::1233,0.178908
lib/matplotlib/lines.py::1243,0.178908
lib/matplotlib/lines.py::1245,0.178908
lib/matplotlib/lines.py::1246,0.178908
lib/matplotlib/lines.py::1247,0.178908
lib/matplotlib/lines.py::1257,0.178908
lib/matplotlib/lines.py::1259,0.178908
lib/matplotlib/lines.py::1260,0.178908
lib/matplotlib/lines.py::1261,0.178908
lib/matplotlib/lines.py::1272,0.178908
lib/matplotlib/lines.py::1273,0.178908
lib/matplotlib/lines.py::1274,0.178908
lib/matplotlib/lines.py::1275,0.178908
lib/matplotlib/lines.py::1285,0.178908
lib/matplotlib/lines.py::1286,0.178908
lib/matplotlib/lines.py::1287,0.178908
lib/matplotlib/lines.py::1297,0.178908
lib/matplotlib/lines.py::1298,0.178908
lib/matplotlib/lines.py::1299,0.178908
lib/matplotlib/lines.py::1356,0.178908
lib/matplotlib/lines.py::1357,0.178908
lib/matplotlib/lines.py::1358,0.178908
lib/matplotlib/lines.py::1359,0.178908
lib/matplotlib/lines.py::1360,0.178908
lib/matplotlib/lines.py::1371,0.178908
lib/matplotlib/lines.py::1372,0.178908
lib/matplotlib/lines.py::1373,0.178908
lib/matplotlib/lines.py::1374,0.178908
lib/matplotlib/lines.py::1375,0.178908
lib/matplotlib/lines.py::1402,0.178908
lib/matplotlib/lines.py::1403,0.178908
lib/matplotlib/lines.py::1404,0.178908
lib/matplotlib/lines.py::1405,0.178908
lib/matplotlib/lines.py::1406,0.178908
lib/matplotlib/lines.py::1417,0.178908
lib/matplotlib/lines.py::1418,0.178908
lib/matplotlib/lines.py::1419,0.178908
lib/matplotlib/lines.py::1420,0.178908
lib/matplotlib/lines.py::1421,0.178908
lib/matplotlib/lines.py::302,0.178908
lib/matplotlib/lines.py::305,0.178908
lib/matplotlib/lines.py::307,0.178908
lib/matplotlib/lines.py::310,0.178908
lib/matplotlib/lines.py::311,0.178908
lib/matplotlib/lines.py::313,0.178908
lib/matplotlib/lines.py::315,0.178908
lib/matplotlib/lines.py::316,0.178908
lib/matplotlib/lines.py::317,0.178908
lib/matplotlib/lines.py::318,0.178908
lib/matplotlib/lines.py::319,0.178908
lib/matplotlib/lines.py::320,0.178908
lib/matplotlib/lines.py::321,0.178908
lib/matplotlib/lines.py::324,0.178908
lib/matplotlib/lines.py::325,0.178908
lib/matplotlib/lines.py::326,0.178908
lib/matplotlib/lines.py::327,0.178908
lib/matplotlib/lines.py::328,0.178908
lib/matplotlib/lines.py::329,0.178908
lib/matplotlib/lines.py::330,0.178908
lib/matplotlib/lines.py::331,0.178908
lib/matplotlib/lines.py::332,0.178908
lib/matplotlib/lines.py::333,0.178908
lib/matplotlib/lines.py::334,0.178908
lib/matplotlib/lines.py::335,0.178908
lib/matplotlib/lines.py::337,0.178908
lib/matplotlib/lines.py::338,0.178908
lib/matplotlib/lines.py::339,0.178908
lib/matplotlib/lines.py::342,0.178908
lib/matplotlib/lines.py::344,0.178908
lib/matplotlib/lines.py::347,0.178908
lib/matplotlib/lines.py::348,0.178908
lib/matplotlib/lines.py::350,0.178908
lib/matplotlib/lines.py::351,0.178908
lib/matplotlib/lines.py::352,0.178908
lib/matplotlib/lines.py::353,0.178908
lib/matplotlib/lines.py::354,0.178908
lib/matplotlib/lines.py::355,0.178908
lib/matplotlib/lines.py::356,0.178908
lib/matplotlib/lines.py::357,0.178908
lib/matplotlib/lines.py::359,0.178908
lib/matplotlib/lines.py::360,0.178908
lib/matplotlib/lines.py::361,0.178908
lib/matplotlib/lines.py::364,0.178908
lib/matplotlib/lines.py::365,0.178908
lib/matplotlib/lines.py::368,0.178908
lib/matplotlib/lines.py::369,0.178908
lib/matplotlib/lines.py::371,0.178908
lib/matplotlib/lines.py::372,0.178908
lib/matplotlib/lines.py::373,0.178908
lib/matplotlib/lines.py::375,0.178908
lib/matplotlib/lines.py::376,0.178908
lib/matplotlib/lines.py::377,0.178908
lib/matplotlib/lines.py::379,0.178908
lib/matplotlib/lines.py::380,0.178908
lib/matplotlib/lines.py::381,0.178908
lib/matplotlib/lines.py::383,0.178908
lib/matplotlib/lines.py::384,0.178908
lib/matplotlib/lines.py::385,0.178908
lib/matplotlib/lines.py::387,0.178908
lib/matplotlib/lines.py::388,0.178908
lib/matplotlib/lines.py::389,0.178908
lib/matplotlib/lines.py::390,0.178908
lib/matplotlib/lines.py::392,0.178908
lib/matplotlib/lines.py::393,0.178908
lib/matplotlib/lines.py::394,0.178908
lib/matplotlib/lines.py::395,0.178908
lib/matplotlib/lines.py::399,0.178908
lib/matplotlib/lines.py::400,0.178908
lib/matplotlib/lines.py::401,0.178908
lib/matplotlib/lines.py::403,0.178908
lib/matplotlib/lines.py::404,0.178908
lib/matplotlib/lines.py::405,0.178908
lib/matplotlib/lines.py::406,0.178908
lib/matplotlib/lines.py::407,0.178908
lib/matplotlib/lines.py::408,0.178908
lib/matplotlib/lines.py::409,0.178908
lib/matplotlib/lines.py::410,0.178908
lib/matplotlib/lines.py::411,0.178908
lib/matplotlib/lines.py::412,0.178908
lib/matplotlib/lines.py::413,0.178908
lib/matplotlib/lines.py::415,0.178908
lib/matplotlib/lines.py::505,0.178908
lib/matplotlib/lines.py::507,0.178908
lib/matplotlib/lines.py::591,0.178908
lib/matplotlib/lines.py::593,0.178908
lib/matplotlib/lines.py::627,0.178908
lib/matplotlib/lines.py::628,0.178908
lib/matplotlib/lines.py::645,0.178908
lib/matplotlib/lines.py::648,0.178908
lib/matplotlib/lines.py::650,0.178908
lib/matplotlib/lines.py::651,0.178908
lib/matplotlib/lines.py::657,0.178908
lib/matplotlib/lines.py::658,0.178908
lib/matplotlib/lines.py::659,0.178908
lib/matplotlib/lines.py::662,0.178908
lib/matplotlib/lines.py::663,0.178908
lib/matplotlib/lines.py::664,0.178908
lib/matplotlib/lines.py::668,0.178908
lib/matplotlib/lines.py::669,0.178908
lib/matplotlib/lines.py::671,0.178908
lib/matplotlib/lines.py::672,0.178908
lib/matplotlib/lines.py::687,0.178908
lib/matplotlib/lines.py::690,0.178908
lib/matplotlib/lines.py::691,0.178908
lib/matplotlib/lines.py::692,0.178908
lib/matplotlib/lines.py::693,0.178908
lib/matplotlib/lines.py::694,0.178908
lib/matplotlib/lines.py::695,0.178908
lib/matplotlib/lines.py::696,0.178908
lib/matplotlib/lines.py::730,0.178908
lib/matplotlib/lines.py::731,0.178908
lib/matplotlib/lines.py::732,0.178908
lib/matplotlib/lines.py::733,0.178908
lib/matplotlib/markers.py::222,0.178908
lib/matplotlib/markers.py::223,0.178908
lib/matplotlib/markers.py::224,0.178908
lib/matplotlib/markers.py::227,0.178908
lib/matplotlib/markers.py::228,0.178908
lib/matplotlib/markers.py::229,0.178908
lib/matplotlib/markers.py::230,0.178908
lib/matplotlib/markers.py::231,0.178908
lib/matplotlib/markers.py::232,0.178908
lib/matplotlib/markers.py::233,0.178908
lib/matplotlib/markers.py::234,0.178908
lib/matplotlib/markers.py::235,0.178908
lib/matplotlib/markers.py::236,0.178908
lib/matplotlib/markers.py::237,0.178908
lib/matplotlib/markers.py::256,0.178908
lib/matplotlib/markers.py::257,0.178908
lib/matplotlib/markers.py::258,0.178908
lib/matplotlib/markers.py::259,0.178908
lib/matplotlib/markers.py::260,0.178908
lib/matplotlib/markers.py::272,0.178908
lib/matplotlib/markers.py::275,0.178908
lib/matplotlib/markers.py::277,0.178908
lib/matplotlib/markers.py::279,0.178908
lib/matplotlib/markers.py::282,0.178908
lib/matplotlib/markers.py::283,0.178908
lib/matplotlib/markers.py::284,0.178908
lib/matplotlib/markers.py::285,0.178908
lib/matplotlib/markers.py::294,0.178908
lib/matplotlib/markers.py::295,0.178908
lib/matplotlib/markers.py::313,0.178908
lib/matplotlib/markers.py::707,0.178908
lib/matplotlib/markers.py::708,0.178908
lib/matplotlib/markers.py::709,0.178908
lib/matplotlib/markers.py::710,0.178908
lib/matplotlib/markers.py::713,0.178908
lib/matplotlib/markers.py::714,0.178908
lib/matplotlib/markers.py::715,0.178908
lib/matplotlib/markers.py::716,0.178908
lib/matplotlib/markers.py::721,0.178908
lib/matplotlib/markers.py::722,0.178908
lib/matplotlib/markers.py::723,0.178908
lib/matplotlib/markers.py::724,0.178908
lib/matplotlib/markers.py::727,0.178908
lib/matplotlib/markers.py::728,0.178908
lib/matplotlib/markers.py::729,0.178908
lib/matplotlib/markers.py::730,0.178908
lib/matplotlib/patches.py::261,0.178908
lib/matplotlib/patches.py::317,0.178908
lib/matplotlib/patches.py::342,0.178908
lib/matplotlib/patches.py::62,0.178908
lib/matplotlib/path.py::127,0.178908
lib/matplotlib/path.py::128,0.178908
lib/matplotlib/path.py::132,0.178908
lib/matplotlib/path.py::140,0.178908
lib/matplotlib/path.py::146,0.178908
lib/matplotlib/path.py::147,0.178908
lib/matplotlib/path.py::148,0.178908
lib/matplotlib/path.py::149,0.178908
lib/matplotlib/path.py::151,0.178908
lib/matplotlib/path.py::157,0.178908
lib/matplotlib/path.py::189,0.178908
lib/matplotlib/path.py::191,0.178908
lib/matplotlib/path.py::192,0.178908
lib/matplotlib/path.py::193,0.178908
lib/matplotlib/projections/__init__.py::21,0.178908
lib/matplotlib/projections/__init__.py::50,0.178908
lib/matplotlib/projections/__init__.py::53,0.178908
lib/matplotlib/projections/__init__.py::54,0.178908
lib/matplotlib/pyplot.py::474,0.178908
lib/matplotlib/pyplot.py::476,0.178908
lib/matplotlib/pyplot.py::478,0.178908
lib/matplotlib/pyplot.py::479,0.178908
lib/matplotlib/pyplot.py::480,0.178908
lib/matplotlib/pyplot.py::481,0.178908
lib/matplotlib/pyplot.py::483,0.178908
lib/matplotlib/pyplot.py::484,0.178908
lib/matplotlib/pyplot.py::485,0.178908
lib/matplotlib/pyplot.py::486,0.178908
lib/matplotlib/pyplot.py::502,0.178908
lib/matplotlib/pyplot.py::503,0.178908
lib/matplotlib/pyplot.py::504,0.178908
lib/matplotlib/pyplot.py::506,0.178908
lib/matplotlib/pyplot.py::516,0.178908
lib/matplotlib/pyplot.py::519,0.178908
lib/matplotlib/pyplot.py::520,0.178908
lib/matplotlib/pyplot.py::521,0.178908
lib/matplotlib/pyplot.py::522,0.178908
lib/matplotlib/pyplot.py::523,0.178908
lib/matplotlib/pyplot.py::524,0.178908
lib/matplotlib/pyplot.py::525,0.178908
lib/matplotlib/pyplot.py::527,0.178908
lib/matplotlib/pyplot.py::532,0.178908
lib/matplotlib/pyplot.py::535,0.178908
lib/matplotlib/pyplot.py::536,0.178908
lib/matplotlib/pyplot.py::538,0.178908
lib/matplotlib/pyplot.py::539,0.178908
lib/matplotlib/pyplot.py::540,0.178908
lib/matplotlib/pyplot.py::546,0.178908
lib/matplotlib/pyplot.py::549,0.178908
lib/matplotlib/pyplot.py::550,0.178908
lib/matplotlib/pyplot.py::552,0.178908
lib/matplotlib/pyplot.py::555,0.178908
lib/matplotlib/pyplot.py::593,0.178908
lib/matplotlib/scale.py::103,0.178908
lib/matplotlib/scale.py::107,0.178908
lib/matplotlib/scale.py::108,0.178908
lib/matplotlib/scale.py::109,0.178908
lib/matplotlib/scale.py::111,0.178908
lib/matplotlib/scale.py::112,0.178908
lib/matplotlib/scale.py::115,0.178908
lib/matplotlib/scale.py::122,0.178908
lib/matplotlib/scale.py::56,0.178908
lib/matplotlib/scale.py::742,0.178908
lib/matplotlib/scale.py::743,0.178908
lib/matplotlib/scale.py::744,0.178908
lib/matplotlib/scale.py::87,0.178908
lib/matplotlib/spines.py::240,0.178908
lib/matplotlib/spines.py::241,0.178908
lib/matplotlib/spines.py::55,0.178908
lib/matplotlib/spines.py::56,0.178908
lib/matplotlib/spines.py::57,0.178908
lib/matplotlib/spines.py::58,0.178908
lib/matplotlib/spines.py::59,0.178908
lib/matplotlib/spines.py::60,0.178908
lib/matplotlib/spines.py::61,0.178908
lib/matplotlib/spines.py::62,0.178908
lib/matplotlib/spines.py::63,0.178908
lib/matplotlib/spines.py::65,0.178908
lib/matplotlib/spines.py::66,0.178908
lib/matplotlib/spines.py::68,0.178908
lib/matplotlib/spines.py::69,0.178908
lib/matplotlib/spines.py::74,0.178908
lib/matplotlib/spines.py::75,0.178908
lib/matplotlib/spines.py::76,0.178908
lib/matplotlib/spines.py::84,0.178908
lib/matplotlib/spines.py::88,0.178908
lib/matplotlib/text.py::1113,0.178908
lib/matplotlib/text.py::1114,0.178908
lib/matplotlib/text.py::1124,0.178908
lib/matplotlib/text.py::1125,0.178908
lib/matplotlib/text.py::1137,0.178908
lib/matplotlib/text.py::1138,0.178908
lib/matplotlib/text.py::1148,0.178908
lib/matplotlib/text.py::1149,0.178908
lib/matplotlib/text.py::1150,0.178908
lib/matplotlib/text.py::1151,0.178908
lib/matplotlib/text.py::1152,0.178908
lib/matplotlib/text.py::1166,0.178908
lib/matplotlib/text.py::1168,0.178908
lib/matplotlib/text.py::1225,0.178908
lib/matplotlib/text.py::1227,0.178908
lib/matplotlib/text.py::1228,0.178908
lib/matplotlib/text.py::1238,0.178908
lib/matplotlib/text.py::1239,0.178908
lib/matplotlib/text.py::1242,0.178908
lib/matplotlib/text.py::149,0.178908
lib/matplotlib/text.py::150,0.178908
lib/matplotlib/text.py::152,0.178908
lib/matplotlib/text.py::153,0.178908
lib/matplotlib/text.py::154,0.178908
lib/matplotlib/text.py::155,0.178908
lib/matplotlib/text.py::157,0.178908
lib/matplotlib/text.py::158,0.178908
lib/matplotlib/text.py::159,0.178908
lib/matplotlib/text.py::160,0.178908
lib/matplotlib/text.py::161,0.178908
lib/matplotlib/text.py::162,0.178908
lib/matplotlib/text.py::163,0.178908
lib/matplotlib/text.py::164,0.178908
lib/matplotlib/text.py::165,0.178908
lib/matplotlib/text.py::166,0.178908
lib/matplotlib/text.py::167,0.178908
lib/matplotlib/text.py::168,0.178908
lib/matplotlib/text.py::169,0.178908
lib/matplotlib/text.py::170,0.178908
lib/matplotlib/text.py::171,0.178908
lib/matplotlib/text.py::172,0.178908
lib/matplotlib/text.py::173,0.178908
lib/matplotlib/text.py::178,0.178908
lib/matplotlib/text.py::179,0.178908
lib/matplotlib/text.py::180,0.178908
lib/matplotlib/text.py::181,0.178908
lib/matplotlib/text.py::249,0.178908
lib/matplotlib/text.py::250,0.178908
lib/matplotlib/text.py::251,0.178908
lib/matplotlib/text.py::527,0.178908
lib/matplotlib/text.py::528,0.178908
lib/matplotlib/text.py::529,0.178908
lib/matplotlib/text.py::530,0.178908
lib/matplotlib/text.py::535,0.178908
lib/matplotlib/text.py::536,0.178908
lib/matplotlib/text.py::560,0.178908
lib/matplotlib/text.py::940,0.178908
lib/matplotlib/text.py::941,0.178908
lib/matplotlib/text.py::944,0.178908
lib/matplotlib/text.py::945,0.178908
lib/matplotlib/text.py::955,0.178908
lib/matplotlib/text.py::956,0.178908
lib/matplotlib/text.py::957,0.178908
lib/matplotlib/ticker.py::1675,0.178908
lib/matplotlib/ticker.py::2037,0.178908
lib/matplotlib/ticker.py::2048,0.178908
lib/matplotlib/ticker.py::2052,0.178908
lib/matplotlib/ticker.py::2055,0.178908
lib/matplotlib/ticker.py::2056,0.178908
lib/matplotlib/ticker.py::2059,0.178908
lib/matplotlib/ticker.py::2061,0.178908
lib/matplotlib/ticker.py::2063,0.178908
lib/matplotlib/ticker.py::2070,0.178908
lib/matplotlib/ticker.py::2071,0.178908
lib/matplotlib/ticker.py::2092,0.178908
lib/matplotlib/ticker.py::2093,0.178908
lib/matplotlib/ticker.py::2094,0.178908
lib/matplotlib/ticker.py::2096,0.178908
lib/matplotlib/ticker.py::2097,0.178908
lib/matplotlib/ticker.py::2098,0.178908
lib/matplotlib/ticker.py::2099,0.178908
lib/matplotlib/ticker.py::2100,0.178908
lib/matplotlib/ticker.py::2101,0.178908
lib/matplotlib/ticker.py::2102,0.178908
lib/matplotlib/ticker.py::2103,0.178908
lib/matplotlib/ticker.py::2104,0.178908
lib/matplotlib/ticker.py::2105,0.178908
lib/matplotlib/ticker.py::2106,0.178908
lib/matplotlib/ticker.py::2109,0.178908
lib/matplotlib/ticker.py::2110,0.178908
lib/matplotlib/ticker.py::2111,0.178908
lib/matplotlib/ticker.py::2112,0.178908
lib/matplotlib/ticker.py::2113,0.178908
lib/matplotlib/ticker.py::221,0.178908
lib/matplotlib/ticker.py::2800,0.178908
lib/matplotlib/ticker.py::2806,0.178908
lib/matplotlib/ticker.py::299,0.178908
lib/matplotlib/ticker.py::517,0.178908
lib/matplotlib/ticker.py::518,0.178908
lib/matplotlib/ticker.py::519,0.178908
lib/matplotlib/ticker.py::520,0.178908
lib/matplotlib/ticker.py::521,0.178908
lib/matplotlib/ticker.py::522,0.178908
lib/matplotlib/ticker.py::523,0.178908
lib/matplotlib/ticker.py::524,0.178908
lib/matplotlib/ticker.py::525,0.178908
lib/matplotlib/ticker.py::526,0.178908
lib/matplotlib/ticker.py::527,0.178908
lib/matplotlib/ticker.py::528,0.178908
lib/matplotlib/ticker.py::529,0.178908
lib/matplotlib/ticker.py::530,0.178908
lib/matplotlib/ticker.py::531,0.178908
lib/matplotlib/ticker.py::537,0.178908
lib/matplotlib/ticker.py::538,0.178908
lib/matplotlib/ticker.py::539,0.178908
lib/matplotlib/ticker.py::561,0.178908
lib/matplotlib/ticker.py::564,0.178908
lib/matplotlib/transforms.py::1249,0.178908
lib/matplotlib/transforms.py::1614,0.178908
lib/matplotlib/transforms.py::1615,0.178908
lib/matplotlib/transforms.py::1616,0.178908
lib/matplotlib/transforms.py::1619,0.178908
lib/matplotlib/transforms.py::1620,0.178908
lib/matplotlib/transforms.py::1621,0.178908
lib/matplotlib/transforms.py::1622,0.178908
lib/matplotlib/transforms.py::1623,0.178908
lib/matplotlib/transforms.py::1639,0.178908
lib/matplotlib/transforms.py::1641,0.178908
lib/matplotlib/transforms.py::1642,0.178908
lib/matplotlib/transforms.py::1643,0.178908
lib/matplotlib/transforms.py::1644,0.178908
lib/matplotlib/transforms.py::1645,0.178908
lib/matplotlib/transforms.py::1646,0.178908
lib/matplotlib/transforms.py::1647,0.178908
lib/matplotlib/transforms.py::1648,0.178908
lib/matplotlib/transforms.py::1649,0.178908
lib/matplotlib/transforms.py::1662,0.178908
lib/matplotlib/transforms.py::1663,0.178908
lib/matplotlib/transforms.py::1668,0.178908
lib/matplotlib/transforms.py::1669,0.178908
lib/matplotlib/transforms.py::1671,0.178908
lib/matplotlib/transforms.py::1672,0.178908
lib/matplotlib/transforms.py::1673,0.178908
lib/matplotlib/transforms.py::1675,0.178908
lib/matplotlib/transforms.py::1756,0.178908
lib/matplotlib/transforms.py::1757,0.178908
lib/matplotlib/transforms.py::1966,0.178908
lib/matplotlib/transforms.py::1967,0.178908
lib/matplotlib/transforms.py::1968,0.178908
lib/matplotlib/transforms.py::1969,0.178908
lib/matplotlib/transforms.py::1970,0.178908
lib/matplotlib/transforms.py::2041,0.178908
lib/matplotlib/transforms.py::2215,0.178908
lib/matplotlib/transforms.py::2216,0.178908
lib/matplotlib/transforms.py::2217,0.178908
lib/matplotlib/transforms.py::2218,0.178908
lib/matplotlib/transforms.py::2222,0.178908
lib/matplotlib/transforms.py::2223,0.178908
lib/matplotlib/transforms.py::2224,0.178908
lib/matplotlib/transforms.py::2225,0.178908
lib/matplotlib/transforms.py::2227,0.178908
lib/matplotlib/transforms.py::2228,0.178908
lib/matplotlib/transforms.py::2255,0.178908
lib/matplotlib/transforms.py::2256,0.178908
lib/matplotlib/transforms.py::2257,0.178908
lib/matplotlib/transforms.py::2280,0.178908
lib/matplotlib/transforms.py::2283,0.178908
lib/matplotlib/transforms.py::2284,0.178908
lib/matplotlib/transforms.py::2286,0.178908
lib/matplotlib/transforms.py::2287,0.178908
lib/matplotlib/transforms.py::2288,0.178908
lib/matplotlib/transforms.py::2289,0.178908
lib/matplotlib/transforms.py::2459,0.178908
lib/matplotlib/transforms.py::2461,0.178908
lib/matplotlib/transforms.py::2463,0.178908
lib/matplotlib/transforms.py::2465,0.178908
lib/matplotlib/transforms.py::2624,0.178908
lib/matplotlib/transforms.py::2625,0.178908
lib/matplotlib/transforms.py::2626,0.178908
lib/matplotlib/transforms.py::2627,0.178908
lib/matplotlib/transforms.py::2628,0.178908
lib/matplotlib/transforms.py::2629,0.178908
lib/matplotlib/transforms.py::2786,0.178908
lib/matplotlib/transforms.py::2789,0.178908
lib/matplotlib/transforms.py::2790,0.178908
lib/matplotlib/transforms.py::2794,0.178908
lib/matplotlib/transforms.py::2795,0.178908
lib/matplotlib/transforms.py::2799,0.178908
lib/matplotlib/transforms.py::2807,0.178908
lib/matplotlib/transforms.py::2809,0.178908
lib/matplotlib/transforms.py::764,0.178908
lib/matplotlib/transforms.py::769,0.178908
lib/matplotlib/transforms.py::908,0.178908
lib/matplotlib/transforms.py::909,0.178908
lib/matplotlib/transforms.py::913,0.178908
lib/matplotlib/transforms.py::914,0.178908
lib/matplotlib/transforms.py::930,0.178908
lib/matplotlib/transforms.py::934,0.178908
lib/matplotlib/units.py::198,0.178908
lib/matplotlib/units.py::200,0.178908
lib/matplotlib/units.py::208,0.178908
lib/matplotlib/units.py::209,0.178908
lib/matplotlib/units.py::210,0.178908
lib/matplotlib/units.py::211,0.178908
lib/matplotlib/units.py::212,0.178908
lib/matplotlib/units.py::213,0.178908
lib/matplotlib/units.py::214,0.178908
lib/matplotlib/units.py::215,0.178908
lib/matplotlib/units.py::216,0.178908
lib/matplotlib/units.py::220,0.178908
lib/matplotlib/units.py::221,0.178908
lib/matplotlib/units.py::222,0.178908
lib/matplotlib/units.py::64,0.178908
lib/matplotlib/units.py::71,0.178908
lib/matplotlib/artist.py::100,0.178739
lib/matplotlib/artist.py::101,0.178739
lib/matplotlib/artist.py::102,0.178739
lib/matplotlib/artist.py::103,0.178739
lib/matplotlib/artist.py::104,0.178739
lib/matplotlib/artist.py::105,0.178739
lib/matplotlib/artist.py::195,0.178739
lib/matplotlib/artist.py::200,0.178739
lib/matplotlib/artist.py::201,0.178739
lib/matplotlib/artist.py::214,0.178739
lib/matplotlib/artist.py::219,0.178739
lib/matplotlib/artist.py::222,0.178739
lib/matplotlib/artist.py::223,0.178739
lib/matplotlib/artist.py::342,0.178739
lib/matplotlib/artist.py::361,0.178739
lib/matplotlib/artist.py::362,0.178739
lib/matplotlib/artist.py::363,0.178739
lib/matplotlib/artist.py::364,0.178739
lib/matplotlib/artist.py::695,0.178739
lib/matplotlib/artist.py::702,0.178739
lib/matplotlib/artist.py::705,0.178739
lib/matplotlib/artist.py::706,0.178739
lib/matplotlib/artist.py::707,0.178739
lib/matplotlib/artist.py::708,0.178739
lib/matplotlib/artist.py::71,0.178739
lib/matplotlib/artist.py::72,0.178739
lib/matplotlib/artist.py::73,0.178739
lib/matplotlib/artist.py::74,0.178739
lib/matplotlib/artist.py::76,0.178739
lib/matplotlib/artist.py::77,0.178739
lib/matplotlib/artist.py::78,0.178739
lib/matplotlib/artist.py::79,0.178739
lib/matplotlib/artist.py::797,0.178739
lib/matplotlib/artist.py::80,0.178739
lib/matplotlib/artist.py::81,0.178739
lib/matplotlib/artist.py::82,0.178739
lib/matplotlib/artist.py::83,0.178739
lib/matplotlib/artist.py::84,0.178739
lib/matplotlib/artist.py::85,0.178739
lib/matplotlib/artist.py::86,0.178739
lib/matplotlib/artist.py::87,0.178739
lib/matplotlib/artist.py::88,0.178739
lib/matplotlib/artist.py::89,0.178739
lib/matplotlib/artist.py::90,0.178739
lib/matplotlib/artist.py::91,0.178739
lib/matplotlib/artist.py::92,0.178739
lib/matplotlib/artist.py::93,0.178739
lib/matplotlib/artist.py::939,0.178739
lib/matplotlib/artist.py::94,0.178739
lib/matplotlib/artist.py::940,0.178739
lib/matplotlib/artist.py::941,0.178739
lib/matplotlib/artist.py::95,0.178739
lib/matplotlib/artist.py::966,0.178739
lib/matplotlib/artist.py::97,0.178739
lib/matplotlib/artist.py::976,0.178739
lib/matplotlib/artist.py::977,0.178739
lib/matplotlib/artist.py::978,0.178739
lib/matplotlib/artist.py::979,0.178739
lib/matplotlib/artist.py::98,0.178739
lib/matplotlib/artist.py::982,0.178739
lib/matplotlib/artist.py::985,0.178739
lib/matplotlib/artist.py::986,0.178739
lib/matplotlib/artist.py::989,0.178739
lib/matplotlib/artist.py::99,0.178739
lib/matplotlib/artist.py::990,0.178739
lib/matplotlib/artist.py::991,0.178739
lib/matplotlib/artist.py::992,0.178739
lib/matplotlib/artist.py::993,0.178739
lib/matplotlib/axes/_base.py::421,0.178739
lib/matplotlib/axes/_base.py::422,0.178739
lib/matplotlib/axes/_base.py::426,0.178739
lib/matplotlib/axes/_base.py::428,0.178739
lib/matplotlib/axes/_base.py::429,0.178739
lib/matplotlib/axes/_base.py::430,0.178739
lib/matplotlib/axes/_base.py::431,0.178739
lib/matplotlib/axes/_base.py::432,0.178739
lib/matplotlib/axes/_base.py::433,0.178739
lib/matplotlib/axes/_base.py::434,0.178739
lib/matplotlib/axes/_base.py::435,0.178739
lib/matplotlib/axes/_base.py::436,0.178739
lib/matplotlib/axes/_base.py::437,0.178739
lib/matplotlib/axes/_base.py::441,0.178739
lib/matplotlib/backend_bases.py::1573,0.178739
lib/matplotlib/backend_bases.py::1574,0.178739
lib/matplotlib/backend_bases.py::1575,0.178739
lib/matplotlib/backend_bases.py::1576,0.178739
lib/matplotlib/backend_bases.py::1577,0.178739
lib/matplotlib/backend_bases.py::1578,0.178739
lib/matplotlib/backend_bases.py::1580,0.178739
lib/matplotlib/backend_bases.py::1581,0.178739
lib/matplotlib/backend_bases.py::1582,0.178739
lib/matplotlib/backend_bases.py::1583,0.178739
lib/matplotlib/backend_bases.py::1584,0.178739
lib/matplotlib/backend_bases.py::1585,0.178739
lib/matplotlib/backend_bases.py::1586,0.178739
lib/matplotlib/backend_bases.py::1587,0.178739
lib/matplotlib/backend_bases.py::1588,0.178739
lib/matplotlib/backend_bases.py::1589,0.178739
lib/matplotlib/backend_bases.py::2204,0.178739
lib/matplotlib/cbook/__init__.py::101,0.178739
lib/matplotlib/cbook/__init__.py::159,0.178739
lib/matplotlib/cbook/__init__.py::160,0.178739
lib/matplotlib/cbook/__init__.py::161,0.178739
lib/matplotlib/cbook/__init__.py::162,0.178739
lib/matplotlib/cbook/__init__.py::181,0.178739
lib/matplotlib/cbook/__init__.py::182,0.178739
lib/matplotlib/cbook/__init__.py::183,0.178739
lib/matplotlib/cbook/__init__.py::184,0.178739
lib/matplotlib/cbook/__init__.py::185,0.178739
lib/matplotlib/cbook/__init__.py::186,0.178739
lib/matplotlib/cbook/__init__.py::189,0.178739
lib/matplotlib/cbook/__init__.py::190,0.178739
lib/matplotlib/cbook/__init__.py::191,0.178739
lib/matplotlib/cbook/__init__.py::192,0.178739
lib/matplotlib/cbook/__init__.py::193,0.178739
lib/matplotlib/cbook/__init__.py::1977,0.178739
lib/matplotlib/cbook/__init__.py::1978,0.178739
lib/matplotlib/cbook/__init__.py::1979,0.178739
lib/matplotlib/cbook/__init__.py::1980,0.178739
lib/matplotlib/cbook/__init__.py::1981,0.178739
lib/matplotlib/cbook/__init__.py::1982,0.178739
lib/matplotlib/cbook/__init__.py::1984,0.178739
lib/matplotlib/cbook/__init__.py::1985,0.178739
lib/matplotlib/cbook/__init__.py::1988,0.178739
lib/matplotlib/cbook/__init__.py::2124,0.178739
lib/matplotlib/cbook/__init__.py::2125,0.178739
lib/matplotlib/cbook/__init__.py::2126,0.178739
lib/matplotlib/cbook/__init__.py::2127,0.178739
lib/matplotlib/cbook/__init__.py::2128,0.178739
lib/matplotlib/cbook/__init__.py::2130,0.178739
lib/matplotlib/cbook/__init__.py::2131,0.178739
lib/matplotlib/cbook/__init__.py::2132,0.178739
lib/matplotlib/cbook/__init__.py::2134,0.178739
lib/matplotlib/cbook/__init__.py::2135,0.178739
lib/matplotlib/cbook/__init__.py::2138,0.178739
lib/matplotlib/cbook/__init__.py::2139,0.178739
lib/matplotlib/cbook/__init__.py::622,0.178739
lib/matplotlib/cbook/__init__.py::623,0.178739
lib/matplotlib/cbook/__init__.py::676,0.178739
lib/matplotlib/cbook/__init__.py::677,0.178739
lib/matplotlib/cbook/__init__.py::873,0.178739
lib/matplotlib/cbook/__init__.py::92,0.178739
lib/matplotlib/figure.py::1057,0.178739
lib/matplotlib/figure.py::1060,0.178739
lib/matplotlib/figure.py::1061,0.178739
lib/matplotlib/figure.py::1071,0.178739
lib/matplotlib/figure.py::1073,0.178739
lib/matplotlib/figure.py::1074,0.178739
lib/matplotlib/figure.py::1075,0.178739
lib/matplotlib/figure.py::1076,0.178739
lib/matplotlib/figure.py::1078,0.178739
lib/matplotlib/figure.py::1079,0.178739
lib/matplotlib/figure.py::1081,0.178739
lib/matplotlib/figure.py::1082,0.178739
lib/matplotlib/figure.py::1093,0.178739
lib/matplotlib/figure.py::1101,0.178739
lib/matplotlib/figure.py::1112,0.178739
lib/matplotlib/figure.py::1114,0.178739
lib/matplotlib/figure.py::1645,0.178739
lib/matplotlib/figure.py::1646,0.178739
lib/matplotlib/figure.py::1648,0.178739
lib/matplotlib/figure.py::1652,0.178739
lib/matplotlib/figure.py::1653,0.178739
lib/matplotlib/figure.py::1655,0.178739
lib/matplotlib/figure.py::1656,0.178739
lib/matplotlib/figure.py::1657,0.178739
lib/matplotlib/figure.py::1658,0.178739
lib/matplotlib/figure.py::1659,0.178739
lib/matplotlib/figure.py::1660,0.178739
lib/matplotlib/figure.py::1661,0.178739
lib/matplotlib/figure.py::1662,0.178739
lib/matplotlib/figure.py::1663,0.178739
lib/matplotlib/figure.py::1664,0.178739
lib/matplotlib/figure.py::1665,0.178739
lib/matplotlib/figure.py::1667,0.178739
lib/matplotlib/figure.py::1869,0.178739
lib/matplotlib/figure.py::1870,0.178739
lib/matplotlib/figure.py::1871,0.178739
lib/matplotlib/figure.py::1872,0.178739
lib/matplotlib/figure.py::192,0.178739
lib/matplotlib/figure.py::193,0.178739
lib/matplotlib/figure.py::194,0.178739
lib/matplotlib/figure.py::195,0.178739
lib/matplotlib/figure.py::202,0.178739
lib/matplotlib/figure.py::203,0.178739
lib/matplotlib/figure.py::204,0.178739
lib/matplotlib/figure.py::206,0.178739
lib/matplotlib/figure.py::207,0.178739
lib/matplotlib/figure.py::209,0.178739
lib/matplotlib/figure.py::211,0.178739
lib/matplotlib/figure.py::213,0.178739
lib/matplotlib/figure.py::215,0.178739
lib/matplotlib/figure.py::217,0.178739
lib/matplotlib/figure.py::219,0.178739
lib/matplotlib/figure.py::306,0.178739
lib/matplotlib/figure.py::311,0.178739
lib/matplotlib/figure.py::312,0.178739
lib/matplotlib/figure.py::314,0.178739
lib/matplotlib/figure.py::316,0.178739
lib/matplotlib/figure.py::318,0.178739
lib/matplotlib/figure.py::320,0.178739
lib/matplotlib/figure.py::322,0.178739
lib/matplotlib/figure.py::325,0.178739
lib/matplotlib/figure.py::328,0.178739
lib/matplotlib/figure.py::330,0.178739
lib/matplotlib/figure.py::332,0.178739
lib/matplotlib/figure.py::333,0.178739
lib/matplotlib/figure.py::335,0.178739
lib/matplotlib/figure.py::337,0.178739
lib/matplotlib/figure.py::338,0.178739
lib/matplotlib/figure.py::339,0.178739
lib/matplotlib/figure.py::341,0.178739
lib/matplotlib/figure.py::342,0.178739
lib/matplotlib/figure.py::343,0.178739
lib/matplotlib/figure.py::345,0.178739
lib/matplotlib/figure.py::346,0.178739
lib/matplotlib/figure.py::348,0.178739
lib/matplotlib/figure.py::349,0.178739
lib/matplotlib/figure.py::351,0.178739
lib/matplotlib/figure.py::353,0.178739
lib/matplotlib/figure.py::355,0.178739
lib/matplotlib/figure.py::357,0.178739
lib/matplotlib/figure.py::359,0.178739
lib/matplotlib/figure.py::360,0.178739
lib/matplotlib/figure.py::361,0.178739
lib/matplotlib/figure.py::366,0.178739
lib/matplotlib/figure.py::367,0.178739
lib/matplotlib/figure.py::370,0.178739
lib/matplotlib/figure.py::429,0.178739
lib/matplotlib/figure.py::44,0.178739
lib/matplotlib/figure.py::45,0.178739
lib/matplotlib/figure.py::475,0.178739
lib/matplotlib/figure.py::476,0.178739
lib/matplotlib/figure.py::477,0.178739
lib/matplotlib/figure.py::478,0.178739
lib/matplotlib/figure.py::479,0.178739
lib/matplotlib/figure.py::487,0.178739
lib/matplotlib/figure.py::505,0.178739
lib/matplotlib/figure.py::506,0.178739
lib/matplotlib/figure.py::507,0.178739
lib/matplotlib/figure.py::508,0.178739
lib/matplotlib/figure.py::509,0.178739
lib/matplotlib/figure.py::510,0.178739
lib/matplotlib/figure.py::512,0.178739
lib/matplotlib/figure.py::513,0.178739
lib/matplotlib/figure.py::516,0.178739
lib/matplotlib/figure.py::518,0.178739
lib/matplotlib/figure.py::547,0.178739
lib/matplotlib/figure.py::548,0.178739
lib/matplotlib/figure.py::549,0.178739
lib/matplotlib/figure.py::553,0.178739
lib/matplotlib/figure.py::65,0.178739
lib/matplotlib/figure.py::66,0.178739
lib/matplotlib/figure.py::72,0.178739
lib/matplotlib/figure.py::73,0.178739
lib/matplotlib/figure.py::74,0.178739
lib/matplotlib/figure.py::759,0.178739
lib/matplotlib/figure.py::81,0.178739
lib/matplotlib/figure.py::82,0.178739
lib/matplotlib/figure.py::83,0.178739
lib/matplotlib/lines.py::37,0.178739
lib/matplotlib/lines.py::38,0.178739
lib/matplotlib/lines.py::40,0.178739
lib/matplotlib/lines.py::41,0.178739
lib/matplotlib/lines.py::53,0.178739
lib/matplotlib/lines.py::58,0.178739
lib/matplotlib/lines.py::62,0.178739
lib/matplotlib/patches.py::309,0.178739
lib/matplotlib/patches.py::311,0.178739
lib/matplotlib/patches.py::312,0.178739
lib/matplotlib/patches.py::315,0.178739
lib/matplotlib/patches.py::316,0.178739
lib/matplotlib/patches.py::324,0.178739
lib/matplotlib/patches.py::325,0.178739
lib/matplotlib/patches.py::326,0.178739
lib/matplotlib/patches.py::327,0.178739
lib/matplotlib/patches.py::337,0.178739
lib/matplotlib/patches.py::338,0.178739
lib/matplotlib/patches.py::341,0.178739
lib/matplotlib/patches.py::343,0.178739
lib/matplotlib/patches.py::344,0.178739
lib/matplotlib/patches.py::345,0.178739
lib/matplotlib/patches.py::355,0.178739
lib/matplotlib/patches.py::356,0.178739
lib/matplotlib/patches.py::389,0.178739
lib/matplotlib/patches.py::394,0.178739
lib/matplotlib/patches.py::396,0.178739
lib/matplotlib/patches.py::397,0.178739
lib/matplotlib/patches.py::398,0.178739
lib/matplotlib/patches.py::399,0.178739
lib/matplotlib/patches.py::425,0.178739
lib/matplotlib/patches.py::427,0.178739
lib/matplotlib/patches.py::429,0.178739
lib/matplotlib/patches.py::431,0.178739
lib/matplotlib/patches.py::432,0.178739
lib/matplotlib/patches.py::433,0.178739
lib/matplotlib/patches.py::443,0.178739
lib/matplotlib/patches.py::444,0.178739
lib/matplotlib/patches.py::445,0.178739
lib/matplotlib/patches.py::446,0.178739
lib/matplotlib/patches.py::465,0.178739
lib/matplotlib/patches.py::466,0.178739
lib/matplotlib/patches.py::467,0.178739
lib/matplotlib/patches.py::468,0.178739
lib/matplotlib/patches.py::481,0.178739
lib/matplotlib/patches.py::482,0.178739
lib/matplotlib/patches.py::483,0.178739
lib/matplotlib/patches.py::484,0.178739
lib/matplotlib/patches.py::518,0.178739
lib/matplotlib/patches.py::519,0.178739
lib/matplotlib/patches.py::59,0.178739
lib/matplotlib/patches.py::61,0.178739
lib/matplotlib/patches.py::63,0.178739
lib/matplotlib/patches.py::64,0.178739
lib/matplotlib/patches.py::65,0.178739
lib/matplotlib/patches.py::66,0.178739
lib/matplotlib/patches.py::67,0.178739
lib/matplotlib/patches.py::68,0.178739
lib/matplotlib/patches.py::69,0.178739
lib/matplotlib/patches.py::70,0.178739
lib/matplotlib/patches.py::72,0.178739
lib/matplotlib/patches.py::725,0.178739
lib/matplotlib/patches.py::727,0.178739
lib/matplotlib/patches.py::728,0.178739
lib/matplotlib/patches.py::73,0.178739
lib/matplotlib/patches.py::730,0.178739
lib/matplotlib/patches.py::731,0.178739
lib/matplotlib/patches.py::733,0.178739
lib/matplotlib/patches.py::734,0.178739
lib/matplotlib/patches.py::736,0.178739
lib/matplotlib/patches.py::738,0.178739
lib/matplotlib/patches.py::74,0.178739
lib/matplotlib/patches.py::81,0.178739
lib/matplotlib/patches.py::82,0.178739
lib/matplotlib/patches.py::84,0.178739
lib/matplotlib/patches.py::85,0.178739
lib/matplotlib/patches.py::87,0.178739
lib/matplotlib/patches.py::88,0.178739
lib/matplotlib/patches.py::89,0.178739
lib/matplotlib/patches.py::90,0.178739
lib/matplotlib/patches.py::91,0.178739
lib/matplotlib/patches.py::92,0.178739
lib/matplotlib/patches.py::93,0.178739
lib/matplotlib/patches.py::95,0.178739
lib/matplotlib/patches.py::96,0.178739
lib/matplotlib/transforms.py::1000,0.178739
lib/matplotlib/transforms.py::1001,0.178739
lib/matplotlib/transforms.py::1002,0.178739
lib/matplotlib/transforms.py::129,0.178739
lib/matplotlib/transforms.py::130,0.178739
lib/matplotlib/transforms.py::131,0.178739
lib/matplotlib/transforms.py::132,0.178739
lib/matplotlib/transforms.py::149,0.178739
lib/matplotlib/transforms.py::151,0.178739
lib/matplotlib/transforms.py::152,0.178739
lib/matplotlib/transforms.py::154,0.178739
lib/matplotlib/transforms.py::1688,0.178739
lib/matplotlib/transforms.py::1689,0.178739
lib/matplotlib/transforms.py::171,0.178739
lib/matplotlib/transforms.py::175,0.178739
lib/matplotlib/transforms.py::176,0.178739
lib/matplotlib/transforms.py::177,0.178739
lib/matplotlib/transforms.py::1827,0.178739
lib/matplotlib/transforms.py::1828,0.178739
lib/matplotlib/transforms.py::1830,0.178739
lib/matplotlib/transforms.py::1831,0.178739
lib/matplotlib/transforms.py::1832,0.178739
lib/matplotlib/transforms.py::1983,0.178739
lib/matplotlib/transforms.py::1984,0.178739
lib/matplotlib/transforms.py::1985,0.178739
lib/matplotlib/transforms.py::1986,0.178739
lib/matplotlib/transforms.py::1987,0.178739
lib/matplotlib/transforms.py::1988,0.178739
lib/matplotlib/transforms.py::1989,0.178739
lib/matplotlib/transforms.py::2528,0.178739
lib/matplotlib/transforms.py::2531,0.178739
lib/matplotlib/transforms.py::2532,0.178739
lib/matplotlib/transforms.py::2533,0.178739
lib/matplotlib/transforms.py::2534,0.178739
lib/matplotlib/transforms.py::2535,0.178739
lib/matplotlib/transforms.py::273,0.178739
lib/matplotlib/transforms.py::395,0.178739
lib/matplotlib/transforms.py::396,0.178739
lib/matplotlib/transforms.py::401,0.178739
lib/matplotlib/transforms.py::402,0.178739
lib/matplotlib/transforms.py::738,0.178739
lib/matplotlib/transforms.py::739,0.178739
lib/matplotlib/transforms.py::740,0.178739
lib/matplotlib/transforms.py::743,0.178739
lib/matplotlib/transforms.py::744,0.178739
lib/matplotlib/transforms.py::745,0.178739
lib/matplotlib/transforms.py::749,0.178739
lib/matplotlib/transforms.py::778,0.178739
lib/matplotlib/transforms.py::787,0.178739
lib/matplotlib/transforms.py::91,0.178739
lib/matplotlib/transforms.py::941,0.178739
lib/matplotlib/transforms.py::942,0.178739
lib/matplotlib/transforms.py::95,0.178739
lib/matplotlib/transforms.py::96,0.178739
lib/matplotlib/transforms.py::991,0.178739
lib/matplotlib/transforms.py::993,0.178739
lib/matplotlib/transforms.py::994,0.178739
lib/matplotlib/transforms.py::998,0.178739
lib/matplotlib/transforms.py::999,0.178739
lib/matplotlib/widgets.py::36,0.178739
lib/matplotlib/cbook/__init__.py::1658,0.174679
lib/matplotlib/cbook/__init__.py::1670,0.174679
lib/matplotlib/artist.py::752,0.173878
lib/matplotlib/artist.py::753,0.173878
lib/matplotlib/artist.py::754,0.173878
lib/matplotlib/artist.py::755,0.173878
lib/matplotlib/axes/_base.py::562,0.173878
lib/matplotlib/axes/_base.py::563,0.173878
lib/matplotlib/axes/_base.py::564,0.173878
lib/matplotlib/axes/_base.py::565,0.173878
lib/matplotlib/axes/_base.py::566,0.173878
lib/matplotlib/axes/_base.py::567,0.173878
lib/matplotlib/axes/_base.py::568,0.173878
lib/matplotlib/axes/_base.py::632,0.173878
lib/matplotlib/axes/_base.py::637,0.173878
lib/matplotlib/axes/_base.py::638,0.173878
lib/matplotlib/axes/_base.py::642,0.173878
lib/matplotlib/axes/_base.py::643,0.173878
lib/matplotlib/axes/_base.py::648,0.173878
lib/matplotlib/axes/_base.py::650,0.173878
lib/matplotlib/axes/_base.py::651,0.173878
lib/matplotlib/axes/_base.py::652,0.173878
lib/matplotlib/axes/_base.py::653,0.173878
lib/matplotlib/axes/_base.py::668,0.173878
lib/matplotlib/axes/_base.py::669,0.173878
lib/matplotlib/axes/_base.py::670,0.173878
lib/matplotlib/axes/_base.py::672,0.173878
lib/matplotlib/axes/_base.py::673,0.173878
lib/matplotlib/axes/_base.py::675,0.173878
lib/matplotlib/axes/_base.py::699,0.173878
lib/matplotlib/axes/_base.py::700,0.173878
lib/matplotlib/axes/_base.py::701,0.173878
lib/matplotlib/axes/_base.py::702,0.173878
lib/matplotlib/axes/_base.py::703,0.173878
lib/matplotlib/axes/_base.py::725,0.173878
lib/matplotlib/axes/_base.py::726,0.173878
lib/matplotlib/axes/_base.py::727,0.173878
lib/matplotlib/axes/_base.py::728,0.173878
lib/matplotlib/axes/_base.py::729,0.173878
lib/matplotlib/axes/_base.py::744,0.173878
lib/matplotlib/axes/_base.py::745,0.173878
lib/matplotlib/axes/_base.py::746,0.173878
lib/matplotlib/axes/_base.py::748,0.173878
lib/matplotlib/axes/_base.py::749,0.173878
lib/matplotlib/axes/_base.py::751,0.173878
lib/matplotlib/axes/_base.py::775,0.173878
lib/matplotlib/axes/_base.py::776,0.173878
lib/matplotlib/axes/_base.py::777,0.173878
lib/matplotlib/axes/_base.py::778,0.173878
lib/matplotlib/axes/_base.py::779,0.173878
lib/matplotlib/axes/_base.py::801,0.173878
lib/matplotlib/axes/_base.py::802,0.173878
lib/matplotlib/axes/_base.py::803,0.173878
lib/matplotlib/axes/_base.py::804,0.173878
lib/matplotlib/axes/_base.py::805,0.173878
lib/matplotlib/axes/_base.py::935,0.173878
lib/matplotlib/axes/_base.py::952,0.173878
lib/matplotlib/axes/_base.py::953,0.173878
lib/matplotlib/spines.py::221,0.173878
lib/matplotlib/spines.py::223,0.173878
lib/matplotlib/spines.py::224,0.173878
lib/matplotlib/spines.py::233,0.173878
lib/matplotlib/spines.py::234,0.173878
lib/matplotlib/spines.py::235,0.173878
lib/matplotlib/spines.py::236,0.173878
lib/matplotlib/spines.py::242,0.173878
lib/matplotlib/spines.py::398,0.173878
lib/matplotlib/spines.py::401,0.173878
lib/matplotlib/spines.py::403,0.173878
lib/matplotlib/spines.py::406,0.173878
lib/matplotlib/spines.py::407,0.173878
lib/matplotlib/spines.py::408,0.173878
lib/matplotlib/spines.py::409,0.173878
lib/matplotlib/spines.py::410,0.173878
lib/matplotlib/spines.py::419,0.173878
lib/matplotlib/spines.py::421,0.173878
lib/matplotlib/spines.py::422,0.173878
lib/matplotlib/spines.py::427,0.173878
lib/matplotlib/spines.py::428,0.173878
lib/matplotlib/spines.py::429,0.173878
lib/matplotlib/spines.py::430,0.173878
lib/matplotlib/spines.py::431,0.173878
lib/matplotlib/spines.py::432,0.173878
lib/matplotlib/spines.py::433,0.173878
lib/matplotlib/spines.py::434,0.173878
lib/matplotlib/spines.py::438,0.173878
lib/matplotlib/spines.py::439,0.173878
lib/matplotlib/spines.py::440,0.173878
lib/matplotlib/spines.py::520,0.173878
lib/matplotlib/spines.py::521,0.173878
lib/matplotlib/spines.py::522,0.173878
lib/matplotlib/spines.py::523,0.173878
lib/matplotlib/transforms.py::2122,0.173878
lib/matplotlib/transforms.py::2123,0.173878
lib/matplotlib/transforms.py::2124,0.173878
lib/matplotlib/transforms.py::2125,0.173878
lib/matplotlib/transforms.py::2126,0.173878
lib/matplotlib/transforms.py::2258,0.173878
lib/matplotlib/projections/__init__.py::51,0.173704
lib/matplotlib/axis.py::1877,0.173183
lib/matplotlib/axis.py::1878,0.173183
lib/matplotlib/axis.py::1880,0.173183
lib/matplotlib/axis.py::1881,0.173183
lib/matplotlib/axis.py::2173,0.173183
lib/matplotlib/axis.py::2174,0.173183
lib/matplotlib/axis.py::2176,0.173183
lib/matplotlib/axis.py::2177,0.173183
lib/matplotlib/__init__.py::1052,0.169864
lib/matplotlib/__init__.py::1053,0.169864
lib/matplotlib/__init__.py::1054,0.169864
lib/matplotlib/__init__.py::1056,0.169864
lib/matplotlib/__init__.py::1064,0.169864
lib/matplotlib/__init__.py::1065,0.169864
lib/matplotlib/__init__.py::1068,0.169864
lib/matplotlib/__init__.py::1072,0.169864
lib/matplotlib/__init__.py::1075,0.169864
lib/matplotlib/__init__.py::1109,0.169864
lib/matplotlib/__init__.py::1110,0.169864
lib/matplotlib/__init__.py::1112,0.169864
lib/matplotlib/__init__.py::634,0.169864
lib/matplotlib/__init__.py::635,0.169864
lib/matplotlib/__init__.py::641,0.169864
lib/matplotlib/__init__.py::645,0.169864
lib/matplotlib/__init__.py::650,0.169864
lib/matplotlib/__init__.py::654,0.169864
lib/matplotlib/__init__.py::655,0.169864
lib/matplotlib/__init__.py::658,0.169864
lib/matplotlib/__init__.py::665,0.169864
lib/matplotlib/__init__.py::671,0.169864
lib/matplotlib/__init__.py::677,0.169864
lib/matplotlib/__init__.py::678,0.169864
lib/matplotlib/__init__.py::679,0.169864
lib/matplotlib/__init__.py::683,0.169864
lib/matplotlib/__init__.py::699,0.169864
lib/matplotlib/__init__.py::700,0.169864
lib/matplotlib/__init__.py::722,0.169864
lib/matplotlib/__init__.py::967,0.169864
lib/matplotlib/__init__.py::968,0.169864
lib/matplotlib/__init__.py::969,0.169864
lib/matplotlib/__init__.py::970,0.169864
lib/matplotlib/__init__.py::971,0.169864
lib/matplotlib/_pylab_helpers.py::73,0.169864
lib/matplotlib/_pylab_helpers.py::74,0.169864
lib/matplotlib/_pylab_helpers.py::77,0.169864
lib/matplotlib/_pylab_helpers.py::78,0.169864
lib/matplotlib/cbook/__init__.py::2157,0.169864
lib/matplotlib/cbook/__init__.py::2158,0.169864
lib/matplotlib/cbook/__init__.py::2159,0.169864
lib/matplotlib/cbook/deprecation.py::406,0.169864
lib/matplotlib/cbook/deprecation.py::407,0.169864
lib/matplotlib/cbook/deprecation.py::408,0.169864
lib/matplotlib/colors.py::126,0.169864
lib/matplotlib/colors.py::132,0.169864
lib/matplotlib/colors.py::133,0.169864
lib/matplotlib/colors.py::134,0.169864
lib/matplotlib/colors.py::135,0.169864
lib/matplotlib/colors.py::139,0.169864
lib/matplotlib/colors.py::176,0.169864
lib/matplotlib/colors.py::181,0.169864
lib/matplotlib/colors.py::182,0.169864
lib/matplotlib/colors.py::185,0.169864
lib/matplotlib/colors.py::191,0.169864
lib/matplotlib/pyplot.py::646,0.169864
lib/matplotlib/pyplot.py::652,0.169864
lib/matplotlib/pyplot.py::653,0.169864
lib/matplotlib/rcsetup.py::110,0.169864
lib/matplotlib/rcsetup.py::127,0.169864
lib/matplotlib/rcsetup.py::128,0.169864
lib/matplotlib/rcsetup.py::129,0.169864
lib/matplotlib/rcsetup.py::130,0.169864
lib/matplotlib/rcsetup.py::131,0.169864
lib/matplotlib/rcsetup.py::132,0.169864
lib/matplotlib/rcsetup.py::134,0.169864
lib/matplotlib/rcsetup.py::153,0.169864
lib/matplotlib/rcsetup.py::157,0.169864
lib/matplotlib/rcsetup.py::160,0.169864
lib/matplotlib/rcsetup.py::161,0.169864
lib/matplotlib/rcsetup.py::162,0.169864
lib/matplotlib/rcsetup.py::173,0.169864
lib/matplotlib/rcsetup.py::174,0.169864
lib/matplotlib/rcsetup.py::175,0.169864
lib/matplotlib/rcsetup.py::176,0.169864
lib/matplotlib/rcsetup.py::177,0.169864
lib/matplotlib/rcsetup.py::178,0.169864
lib/matplotlib/rcsetup.py::179,0.169864
lib/matplotlib/rcsetup.py::186,0.169864
lib/matplotlib/rcsetup.py::187,0.169864
lib/matplotlib/rcsetup.py::202,0.169864
lib/matplotlib/rcsetup.py::203,0.169864
lib/matplotlib/rcsetup.py::204,0.169864
lib/matplotlib/rcsetup.py::205,0.169864
lib/matplotlib/rcsetup.py::206,0.169864
lib/matplotlib/rcsetup.py::235,0.169864
lib/matplotlib/rcsetup.py::236,0.169864
lib/matplotlib/rcsetup.py::237,0.169864
lib/matplotlib/rcsetup.py::238,0.169864
lib/matplotlib/rcsetup.py::246,0.169864
lib/matplotlib/rcsetup.py::250,0.169864
lib/matplotlib/rcsetup.py::260,0.169864
lib/matplotlib/rcsetup.py::261,0.169864
lib/matplotlib/rcsetup.py::262,0.169864
lib/matplotlib/rcsetup.py::271,0.169864
lib/matplotlib/rcsetup.py::273,0.169864
lib/matplotlib/rcsetup.py::280,0.169864
lib/matplotlib/rcsetup.py::284,0.169864
lib/matplotlib/rcsetup.py::285,0.169864
lib/matplotlib/rcsetup.py::286,0.169864
lib/matplotlib/rcsetup.py::291,0.169864
lib/matplotlib/rcsetup.py::300,0.169864
lib/matplotlib/rcsetup.py::301,0.169864
lib/matplotlib/rcsetup.py::302,0.169864
lib/matplotlib/rcsetup.py::306,0.169864
lib/matplotlib/rcsetup.py::307,0.169864
lib/matplotlib/rcsetup.py::308,0.169864
lib/matplotlib/rcsetup.py::314,0.169864
lib/matplotlib/rcsetup.py::319,0.169864
lib/matplotlib/rcsetup.py::320,0.169864
lib/matplotlib/rcsetup.py::321,0.169864
lib/matplotlib/rcsetup.py::324,0.169864
lib/matplotlib/rcsetup.py::329,0.169864
lib/matplotlib/rcsetup.py::330,0.169864
lib/matplotlib/rcsetup.py::331,0.169864
lib/matplotlib/rcsetup.py::335,0.169864
lib/matplotlib/rcsetup.py::336,0.169864
lib/matplotlib/rcsetup.py::341,0.169864
lib/matplotlib/rcsetup.py::342,0.169864
lib/matplotlib/rcsetup.py::372,0.169864
lib/matplotlib/rcsetup.py::373,0.169864
lib/matplotlib/rcsetup.py::381,0.169864
lib/matplotlib/rcsetup.py::382,0.169864
lib/matplotlib/rcsetup.py::388,0.169864
lib/matplotlib/rcsetup.py::389,0.169864
lib/matplotlib/rcsetup.py::390,0.169864
lib/matplotlib/rcsetup.py::391,0.169864
lib/matplotlib/rcsetup.py::392,0.169864
lib/matplotlib/rcsetup.py::393,0.169864
lib/matplotlib/rcsetup.py::406,0.169864
lib/matplotlib/rcsetup.py::407,0.169864
lib/matplotlib/rcsetup.py::409,0.169864
lib/matplotlib/rcsetup.py::410,0.169864
lib/matplotlib/rcsetup.py::418,0.169864
lib/matplotlib/rcsetup.py::419,0.169864
lib/matplotlib/rcsetup.py::428,0.169864
lib/matplotlib/rcsetup.py::433,0.169864
lib/matplotlib/rcsetup.py::434,0.169864
lib/matplotlib/rcsetup.py::435,0.169864
lib/matplotlib/rcsetup.py::445,0.169864
lib/matplotlib/rcsetup.py::452,0.169864
lib/matplotlib/rcsetup.py::453,0.169864
lib/matplotlib/rcsetup.py::455,0.169864
lib/matplotlib/rcsetup.py::456,0.169864
lib/matplotlib/rcsetup.py::457,0.169864
lib/matplotlib/rcsetup.py::458,0.169864
lib/matplotlib/rcsetup.py::482,0.169864
lib/matplotlib/rcsetup.py::483,0.169864
lib/matplotlib/rcsetup.py::489,0.169864
lib/matplotlib/rcsetup.py::501,0.169864
lib/matplotlib/rcsetup.py::503,0.169864
lib/matplotlib/rcsetup.py::504,0.169864
lib/matplotlib/rcsetup.py::538,0.169864
lib/matplotlib/rcsetup.py::539,0.169864
lib/matplotlib/rcsetup.py::540,0.169864
lib/matplotlib/rcsetup.py::55,0.169864
lib/matplotlib/rcsetup.py::56,0.169864
lib/matplotlib/rcsetup.py::570,0.169864
lib/matplotlib/rcsetup.py::571,0.169864
lib/matplotlib/rcsetup.py::58,0.169864
lib/matplotlib/rcsetup.py::583,0.169864
lib/matplotlib/rcsetup.py::587,0.169864
lib/matplotlib/rcsetup.py::588,0.169864
lib/matplotlib/rcsetup.py::589,0.169864
lib/matplotlib/rcsetup.py::59,0.169864
lib/matplotlib/rcsetup.py::593,0.169864
lib/matplotlib/rcsetup.py::594,0.169864
lib/matplotlib/rcsetup.py::595,0.169864
lib/matplotlib/rcsetup.py::62,0.169864
lib/matplotlib/rcsetup.py::63,0.169864
lib/matplotlib/rcsetup.py::66,0.169864
lib/matplotlib/rcsetup.py::664,0.169864
lib/matplotlib/rcsetup.py::67,0.169864
lib/matplotlib/rcsetup.py::670,0.169864
lib/matplotlib/rcsetup.py::671,0.169864
lib/matplotlib/rcsetup.py::68,0.169864
lib/matplotlib/rcsetup.py::682,0.169864
lib/matplotlib/rcsetup.py::683,0.169864
lib/matplotlib/rcsetup.py::69,0.169864
lib/matplotlib/rcsetup.py::699,0.169864
lib/matplotlib/rcsetup.py::706,0.169864
lib/matplotlib/rcsetup.py::709,0.169864
lib/matplotlib/rcsetup.py::713,0.169864
lib/matplotlib/rcsetup.py::715,0.169864
lib/matplotlib/rcsetup.py::716,0.169864
lib/matplotlib/rcsetup.py::727,0.169864
lib/matplotlib/rcsetup.py::728,0.169864
lib/matplotlib/rcsetup.py::729,0.169864
lib/matplotlib/rcsetup.py::735,0.169864
lib/matplotlib/rcsetup.py::736,0.169864
lib/matplotlib/rcsetup.py::737,0.169864
lib/matplotlib/rcsetup.py::76,0.169864
lib/matplotlib/rcsetup.py::77,0.169864
lib/matplotlib/rcsetup.py::78,0.169864
lib/matplotlib/rcsetup.py::79,0.169864
lib/matplotlib/rcsetup.py::890,0.169864
lib/matplotlib/rcsetup.py::90,0.169864
lib/matplotlib/rcsetup.py::915,0.169864
lib/matplotlib/rcsetup.py::916,0.169864
lib/matplotlib/rcsetup.py::920,0.169864
lib/matplotlib/rcsetup.py::921,0.169864
lib/matplotlib/rcsetup.py::926,0.169864
lib/matplotlib/rcsetup.py::927,0.169864
lib/matplotlib/rcsetup.py::928,0.169864
lib/matplotlib/rcsetup.py::929,0.169864
lib/matplotlib/rcsetup.py::932,0.169864
lib/matplotlib/rcsetup.py::936,0.169864
lib/matplotlib/rcsetup.py::940,0.169864
lib/matplotlib/rcsetup.py::943,0.169864
lib/matplotlib/rcsetup.py::944,0.169864
lib/matplotlib/rcsetup.py::945,0.169864
lib/matplotlib/rcsetup.py::947,0.169864
lib/matplotlib/rcsetup.py::948,0.169864
lib/matplotlib/rcsetup.py::95,0.169864
lib/matplotlib/rcsetup.py::950,0.169864
lib/matplotlib/rcsetup.py::954,0.169864
lib/matplotlib/rcsetup.py::955,0.169864
lib/matplotlib/rcsetup.py::957,0.169864
lib/matplotlib/rcsetup.py::958,0.169864
lib/matplotlib/rcsetup.py::96,0.169864
lib/matplotlib/style/core.py::100,0.169864
lib/matplotlib/style/core.py::101,0.169864
lib/matplotlib/style/core.py::102,0.169864
lib/matplotlib/style/core.py::103,0.169864
lib/matplotlib/style/core.py::105,0.169864
lib/matplotlib/style/core.py::45,0.169864
lib/matplotlib/style/core.py::46,0.169864
lib/matplotlib/style/core.py::47,0.169864
lib/matplotlib/style/core.py::53,0.169864
lib/matplotlib/style/core.py::54,0.169864
lib/matplotlib/style/core.py::64,0.169864
lib/matplotlib/style/core.py::92,0.169864
lib/matplotlib/style/core.py::93,0.169864
lib/matplotlib/style/core.py::94,0.169864
lib/matplotlib/testing/__init__.py::21,0.169864
lib/matplotlib/testing/__init__.py::22,0.169864
lib/matplotlib/testing/__init__.py::23,0.169864
lib/matplotlib/testing/__init__.py::27,0.169864
lib/matplotlib/testing/__init__.py::34,0.169864
lib/matplotlib/testing/__init__.py::35,0.169864
lib/matplotlib/testing/__init__.py::36,0.169864
lib/matplotlib/testing/__init__.py::37,0.169864
lib/matplotlib/testing/__init__.py::38,0.169864
lib/matplotlib/testing/__init__.py::39,0.169864
lib/matplotlib/testing/__init__.py::40,0.169864
lib/matplotlib/testing/__init__.py::41,0.169864
lib/matplotlib/testing/__init__.py::44,0.169864
lib/matplotlib/testing/__init__.py::46,0.169864
lib/matplotlib/testing/__init__.py::47,0.169864
lib/matplotlib/testing/__init__.py::51,0.169864
lib/matplotlib/testing/__init__.py::52,0.169864
lib/matplotlib/testing/conftest.py::34,0.169864
lib/matplotlib/testing/conftest.py::36,0.169864
lib/matplotlib/testing/conftest.py::38,0.169864
lib/matplotlib/testing/conftest.py::39,0.169864
lib/matplotlib/testing/conftest.py::40,0.169864
lib/matplotlib/testing/conftest.py::49,0.169864
lib/matplotlib/testing/conftest.py::50,0.169864
lib/matplotlib/testing/conftest.py::51,0.169864
lib/matplotlib/testing/conftest.py::56,0.169864
lib/matplotlib/testing/conftest.py::57,0.169864
lib/matplotlib/testing/conftest.py::71,0.169864
lib/matplotlib/testing/conftest.py::72,0.169864
lib/matplotlib/testing/conftest.py::73,0.169864
lib/matplotlib/testing/conftest.py::74,0.169864
lib/matplotlib/testing/conftest.py::76,0.169864
lib/matplotlib/testing/decorators.py::27,0.169864
lib/matplotlib/testing/decorators.py::28,0.169864
lib/matplotlib/testing/decorators.py::29,0.169864
lib/matplotlib/testing/decorators.py::30,0.169864
lib/matplotlib/testing/decorators.py::32,0.169864
lib/matplotlib/testing/decorators.py::33,0.169864
lib/matplotlib/testing/decorators.py::34,0.169864
lib/matplotlib/patches.py::753,0.169506
lib/matplotlib/patches.py::754,0.169506
lib/matplotlib/patches.py::755,0.169506
lib/matplotlib/patches.py::756,0.169506
lib/matplotlib/patches.py::757,0.169506
lib/matplotlib/patches.py::758,0.169506
lib/matplotlib/patches.py::768,0.169506
lib/matplotlib/patches.py::769,0.169506
lib/matplotlib/patches.py::770,0.169506
lib/matplotlib/patches.py::771,0.169506
lib/matplotlib/patches.py::772,0.169506
lib/matplotlib/patches.py::775,0.169506
lib/matplotlib/patches.py::776,0.169506
lib/matplotlib/transforms.py::1955,0.169506
lib/matplotlib/transforms.py::1956,0.169506
lib/matplotlib/transforms.py::1918,0.169183
lib/matplotlib/transforms.py::1919,0.169183
lib/matplotlib/transforms.py::1920,0.169183
lib/matplotlib/transforms.py::1921,0.169183
lib/matplotlib/transforms.py::1922,0.169183
lib/matplotlib/transforms.py::1923,0.169183
lib/matplotlib/transforms.py::1924,0.169183
lib/matplotlib/transforms.py::1934,0.169183
lib/matplotlib/cbook/__init__.py::1986,0.141260
lib/matplotlib/testing/conftest.py::90,0.141260
lib/matplotlib/testing/conftest.py::91,0.141260
lib/matplotlib/testing/conftest.py::96,0.141260
lib/matplotlib/testing/conftest.py::97,0.141260
lib/matplotlib/testing/conftest.py::98,0.141260
lib/matplotlib/testing/conftest.py::99,0.141260
lib/matplotlib/testing/decorators.py::174,0.141260
lib/matplotlib/testing/decorators.py::175,0.141260
lib/matplotlib/testing/decorators.py::176,0.141260
lib/matplotlib/testing/decorators.py::177,0.141260
lib/matplotlib/testing/decorators.py::178,0.141260
lib/matplotlib/testing/decorators.py::247,0.141260
lib/matplotlib/testing/decorators.py::248,0.141260
lib/matplotlib/testing/decorators.py::249,0.141260
lib/matplotlib/testing/decorators.py::250,0.141260
lib/matplotlib/testing/decorators.py::251,0.141260
lib/matplotlib/testing/decorators.py::437,0.141260
lib/matplotlib/testing/decorators.py::438,0.141260
lib/matplotlib/testing/decorators.py::439,0.141260
lib/matplotlib/testing/decorators.py::440,0.141260
lib/matplotlib/testing/decorators.py::441,0.141260
lib/matplotlib/figure.py::145,0.139748
lib/matplotlib/figure.py::1918,0.139748
lib/matplotlib/testing/conftest.py::52,0.139421
lib/matplotlib/testing/conftest.py::54,0.139421
lib/matplotlib/axes/_axes.py::3727,0.138094
lib/matplotlib/pyplot.py::2123,0.135665
lib/matplotlib/pyplot.py::583,0.131130
lib/matplotlib/figure.py::1886,0.128840
lib/matplotlib/figure.py::1889,0.128840
lib/matplotlib/pyplot.py::579,0.117803
lib/matplotlib/pyplot.py::580,0.117803
lib/matplotlib/_pylab_helpers.py::98,0.117520
lib/matplotlib/pyplot.py::960,0.098044
lib/matplotlib/axes/_axes.py::4234,0.085020
lib/matplotlib/axes/_axes.py::4235,0.085020
lib/matplotlib/pyplot.py::2073,0.085020
lib/matplotlib/pyplot.py::2077,0.085020
lib/matplotlib/pyplot.py::2078,0.085020
lib/matplotlib/pyplot.py::2079,0.085020
lib/matplotlib/figure.py::1894,0.069770
lib/matplotlib/axes/_axes.py::3645,0.069527
lib/matplotlib/pyplot.py::2585,0.069527
lib/matplotlib/pyplot.py::2586,0.069527
lib/matplotlib/pyplot.py::2587,0.069527
lib/matplotlib/figure.py::1893,0.069057
lib/matplotlib/axes/_axes.py::3650,0.066818
lib/matplotlib/axes/_axes.py::3726,0.064403
lib/matplotlib/axes/_axes.py::3658,0.062233
lib/matplotlib/colors.py::271,0.062233
lib/matplotlib/axes/_axes.py::3642,0.060268
lib/matplotlib/axes/_axes.py::3643,0.060268
lib/matplotlib/axes/_axes.py::3644,0.060268
lib/matplotlib/axes/_axes.py::3647,0.060268
lib/matplotlib/axes/_axes.py::3648,0.060268
lib/matplotlib/axes/_axes.py::3649,0.060268
lib/matplotlib/axes/_axes.py::3651,0.060268
lib/matplotlib/axes/_axes.py::3652,0.060268
lib/matplotlib/axes/_axes.py::3653,0.060268
lib/matplotlib/axes/_axes.py::3654,0.060268
lib/matplotlib/axes/_axes.py::3655,0.060268
lib/matplotlib/axes/_axes.py::3656,0.060268
lib/matplotlib/axes/_axes.py::3657,0.060268
lib/matplotlib/axes/_axes.py::3659,0.060268
lib/matplotlib/axes/_axes.py::3660,0.060268
lib/matplotlib/axes/_axes.py::3661,0.060268
lib/matplotlib/axes/_axes.py::3662,0.060268
lib/matplotlib/axes/_axes.py::3663,0.060268
lib/matplotlib/axes/_axes.py::3664,0.060268
lib/matplotlib/axes/_axes.py::3666,0.060268
lib/matplotlib/axes/_axes.py::3667,0.060268
lib/matplotlib/axes/_axes.py::3668,0.060268
lib/matplotlib/axes/_axes.py::3669,0.060268
lib/matplotlib/axes/_axes.py::3670,0.060268
lib/matplotlib/axes/_axes.py::3671,0.060268
lib/matplotlib/axes/_axes.py::3672,0.060268
lib/matplotlib/axes/_axes.py::3673,0.060268
lib/matplotlib/axes/_axes.py::3674,0.060268
lib/matplotlib/axes/_axes.py::3675,0.060268
lib/matplotlib/axes/_axes.py::3676,0.060268
lib/matplotlib/axes/_axes.py::3677,0.060268
lib/matplotlib/axes/_axes.py::3679,0.060268
lib/matplotlib/axes/_axes.py::3689,0.060268
lib/matplotlib/axes/_axes.py::3716,0.060268
lib/matplotlib/pyplot.py::581,0.059086
lib/matplotlib/projections/polar.py::420,0.056841
lib/matplotlib/projections/polar.py::421,0.056841
lib/matplotlib/projections/polar.py::423,0.056841
lib/matplotlib/projections/polar.py::424,0.056841
lib/matplotlib/axes/_base.py::2129,0.055334
lib/matplotlib/axes/_base.py::2130,0.055334
lib/matplotlib/projections/polar.py::1218,0.055334
lib/matplotlib/axes/_axes.py::4411,0.053940
lib/matplotlib/axes/_axes.py::4417,0.053940
lib/matplotlib/axes/_axes.py::4418,0.053940
lib/matplotlib/cbook/__init__.py::1066,0.053940
lib/matplotlib/cbook/__init__.py::1068,0.053940
lib/matplotlib/cbook/__init__.py::1070,0.053940
lib/matplotlib/cbook/__init__.py::1071,0.053940
lib/matplotlib/cbook/__init__.py::1072,0.053940
lib/matplotlib/cbook/__init__.py::1073,0.053940
lib/matplotlib/cbook/__init__.py::1074,0.053940
lib/matplotlib/cbook/__init__.py::1075,0.053940
lib/matplotlib/cbook/__init__.py::1078,0.053940
lib/matplotlib/cbook/__init__.py::1080,0.053940
lib/matplotlib/cbook/__init__.py::1081,0.053940
lib/matplotlib/cbook/__init__.py::1082,0.053940
lib/matplotlib/cbook/__init__.py::1083,0.053940
lib/matplotlib/cbook/__init__.py::1084,0.053940
lib/matplotlib/cbook/__init__.py::1086,0.053940
lib/matplotlib/axes/_axes.py::4407,0.052647
lib/matplotlib/axes/_axes.py::4408,0.052647
lib/matplotlib/axes/_axes.py::4409,0.052647
lib/matplotlib/figure.py::1094,0.052647
lib/matplotlib/figure.py::1099,0.052647
lib/matplotlib/axes/_axes.py::4388,0.051443
lib/matplotlib/axes/_axes.py::4389,0.051443
lib/matplotlib/axes/_axes.py::4390,0.051443
lib/matplotlib/axes/_axes.py::4394,0.051443
lib/matplotlib/axes/_axes.py::4395,0.051443
lib/matplotlib/axes/_axes.py::4396,0.051443
lib/matplotlib/axes/_axes.py::4399,0.051443
lib/matplotlib/axes/_axes.py::4402,0.051443
lib/matplotlib/axes/_axes.py::4403,0.051443
lib/matplotlib/projections/polar.py::1127,0.050318
lib/matplotlib/pyplot.py::1122,0.049199
lib/matplotlib/pyplot.py::1123,0.049199
lib/matplotlib/pyplot.py::1124,0.049199
lib/matplotlib/pyplot.py::1125,0.049199
lib/matplotlib/pyplot.py::1126,0.049199
lib/matplotlib/figure.py::1533,0.045765
lib/matplotlib/axes/_base.py::333,0.045626
lib/matplotlib/cbook/__init__.py::1644,0.045626
lib/matplotlib/cbook/__init__.py::1645,0.045626
lib/matplotlib/cbook/__init__.py::1646,0.045626
lib/matplotlib/cbook/__init__.py::1647,0.045626
lib/matplotlib/figure.py::1518,0.045495
lib/matplotlib/figure.py::1520,0.045495
lib/matplotlib/figure.py::1544,0.045407
lib/matplotlib/figure.py::1517,0.045231
lib/matplotlib/figure.py::1519,0.045231
lib/matplotlib/figure.py::1526,0.045231
lib/matplotlib/figure.py::1530,0.045231
lib/matplotlib/figure.py::1531,0.045231
lib/matplotlib/figure.py::1532,0.045231
lib/matplotlib/figure.py::1534,0.045231
lib/matplotlib/figure.py::1535,0.045231
lib/matplotlib/figure.py::1537,0.045231
lib/matplotlib/figure.py::1538,0.045231
lib/matplotlib/figure.py::1540,0.045231
lib/matplotlib/figure.py::1545,0.045231
lib/matplotlib/figure.py::1548,0.045231
lib/matplotlib/figure.py::1549,0.045231
lib/matplotlib/figure.py::1550,0.045231
lib/matplotlib/figure.py::1551,0.045231
lib/matplotlib/figure.py::1552,0.045231
lib/matplotlib/figure.py::1553,0.045231
lib/matplotlib/figure.py::1554,0.045231
lib/matplotlib/figure.py::1555,0.045231
lib/matplotlib/figure.py::1558,0.045231
lib/matplotlib/figure.py::1564,0.045231
lib/matplotlib/figure.py::1571,0.045231
lib/matplotlib/figure.py::1574,0.045231
lib/matplotlib/gridspec.py::225,0.044884
lib/matplotlib/gridspec.py::226,0.044884
lib/matplotlib/gridspec.py::229,0.044884
lib/matplotlib/gridspec.py::230,0.044884
lib/matplotlib/gridspec.py::231,0.044884
lib/matplotlib/axis.py::89,0.044836
lib/matplotlib/patches.py::1115,0.044836
lib/matplotlib/patches.py::1116,0.044836
lib/matplotlib/path.py::861,0.044836
lib/matplotlib/projections/polar.py::1001,0.044836
lib/matplotlib/projections/polar.py::1024,0.044836
lib/matplotlib/projections/polar.py::1025,0.044836
lib/matplotlib/projections/polar.py::1026,0.044836
lib/matplotlib/projections/polar.py::1032,0.044836
lib/matplotlib/projections/polar.py::1068,0.044836
lib/matplotlib/projections/polar.py::1069,0.044836
lib/matplotlib/projections/polar.py::1071,0.044836
lib/matplotlib/projections/polar.py::1072,0.044836
lib/matplotlib/projections/polar.py::1077,0.044836
lib/matplotlib/projections/polar.py::1089,0.044836
lib/matplotlib/projections/polar.py::1137,0.044836
lib/matplotlib/projections/polar.py::1205,0.044836
lib/matplotlib/projections/polar.py::1211,0.044836
lib/matplotlib/projections/polar.py::1217,0.044836
lib/matplotlib/projections/polar.py::1219,0.044836
lib/matplotlib/projections/polar.py::1228,0.044836
lib/matplotlib/projections/polar.py::178,0.044836
lib/matplotlib/projections/polar.py::208,0.044836
lib/matplotlib/projections/polar.py::209,0.044836
lib/matplotlib/projections/polar.py::212,0.044836
lib/matplotlib/projections/polar.py::213,0.044836
lib/matplotlib/projections/polar.py::256,0.044836
lib/matplotlib/projections/polar.py::257,0.044836
lib/matplotlib/projections/polar.py::258,0.044836
lib/matplotlib/projections/polar.py::259,0.044836
lib/matplotlib/projections/polar.py::260,0.044836
lib/matplotlib/projections/polar.py::261,0.044836
lib/matplotlib/projections/polar.py::262,0.044836
lib/matplotlib/projections/polar.py::263,0.044836
lib/matplotlib/projections/polar.py::264,0.044836
lib/matplotlib/projections/polar.py::265,0.044836
lib/matplotlib/projections/polar.py::266,0.044836
lib/matplotlib/projections/polar.py::269,0.044836
lib/matplotlib/projections/polar.py::272,0.044836
lib/matplotlib/projections/polar.py::273,0.044836
lib/matplotlib/projections/polar.py::275,0.044836
lib/matplotlib/projections/polar.py::276,0.044836
lib/matplotlib/projections/polar.py::280,0.044836
lib/matplotlib/projections/polar.py::281,0.044836
lib/matplotlib/projections/polar.py::282,0.044836
lib/matplotlib/projections/polar.py::283,0.044836
lib/matplotlib/projections/polar.py::284,0.044836
lib/matplotlib/projections/polar.py::285,0.044836
lib/matplotlib/projections/polar.py::288,0.044836
lib/matplotlib/projections/polar.py::289,0.044836
lib/matplotlib/projections/polar.py::290,0.044836
lib/matplotlib/projections/polar.py::291,0.044836
lib/matplotlib/projections/polar.py::292,0.044836
lib/matplotlib/projections/polar.py::294,0.044836
lib/matplotlib/projections/polar.py::295,0.044836
lib/matplotlib/projections/polar.py::297,0.044836
lib/matplotlib/projections/polar.py::301,0.044836
lib/matplotlib/projections/polar.py::302,0.044836
lib/matplotlib/projections/polar.py::304,0.044836
lib/matplotlib/projections/polar.py::305,0.044836
lib/matplotlib/projections/polar.py::307,0.044836
lib/matplotlib/projections/polar.py::311,0.044836
lib/matplotlib/projections/polar.py::312,0.044836
lib/matplotlib/projections/polar.py::314,0.044836
lib/matplotlib/projections/polar.py::315,0.044836
lib/matplotlib/projections/polar.py::316,0.044836
lib/matplotlib/projections/polar.py::323,0.044836
lib/matplotlib/projections/polar.py::324,0.044836
lib/matplotlib/projections/polar.py::328,0.044836
lib/matplotlib/projections/polar.py::329,0.044836
lib/matplotlib/projections/polar.py::330,0.044836
lib/matplotlib/projections/polar.py::331,0.044836
lib/matplotlib/projections/polar.py::345,0.044836
lib/matplotlib/projections/polar.py::346,0.044836
lib/matplotlib/projections/polar.py::348,0.044836
lib/matplotlib/projections/polar.py::349,0.044836
lib/matplotlib/projections/polar.py::352,0.044836
lib/matplotlib/projections/polar.py::353,0.044836
lib/matplotlib/projections/polar.py::354,0.044836
lib/matplotlib/projections/polar.py::355,0.044836
lib/matplotlib/projections/polar.py::358,0.044836
lib/matplotlib/projections/polar.py::359,0.044836
lib/matplotlib/projections/polar.py::360,0.044836
lib/matplotlib/projections/polar.py::363,0.044836
lib/matplotlib/projections/polar.py::364,0.044836
lib/matplotlib/projections/polar.py::389,0.044836
lib/matplotlib/projections/polar.py::390,0.044836
lib/matplotlib/projections/polar.py::444,0.044836
lib/matplotlib/projections/polar.py::445,0.044836
lib/matplotlib/projections/polar.py::446,0.044836
lib/matplotlib/projections/polar.py::447,0.044836
lib/matplotlib/projections/polar.py::448,0.044836
lib/matplotlib/projections/polar.py::449,0.044836
lib/matplotlib/projections/polar.py::498,0.044836
lib/matplotlib/projections/polar.py::499,0.044836
lib/matplotlib/projections/polar.py::500,0.044836
lib/matplotlib/projections/polar.py::505,0.044836
lib/matplotlib/projections/polar.py::517,0.044836
lib/matplotlib/projections/polar.py::518,0.044836
lib/matplotlib/projections/polar.py::519,0.044836
lib/matplotlib/projections/polar.py::537,0.044836
lib/matplotlib/projections/polar.py::538,0.044836
lib/matplotlib/projections/polar.py::539,0.044836
lib/matplotlib/projections/polar.py::540,0.044836
lib/matplotlib/projections/polar.py::557,0.044836
lib/matplotlib/projections/polar.py::558,0.044836
lib/matplotlib/projections/polar.py::559,0.044836
lib/matplotlib/projections/polar.py::560,0.044836
lib/matplotlib/projections/polar.py::561,0.044836
lib/matplotlib/projections/polar.py::562,0.044836
lib/matplotlib/projections/polar.py::563,0.044836
lib/matplotlib/projections/polar.py::564,0.044836
lib/matplotlib/projections/polar.py::566,0.044836
lib/matplotlib/projections/polar.py::567,0.044836
lib/matplotlib/projections/polar.py::568,0.044836
lib/matplotlib/projections/polar.py::569,0.044836
lib/matplotlib/projections/polar.py::571,0.044836
lib/matplotlib/projections/polar.py::572,0.044836
lib/matplotlib/projections/polar.py::573,0.044836
lib/matplotlib/projections/polar.py::576,0.044836
lib/matplotlib/projections/polar.py::577,0.044836
lib/matplotlib/projections/polar.py::578,0.044836
lib/matplotlib/projections/polar.py::581,0.044836
lib/matplotlib/projections/polar.py::583,0.044836
lib/matplotlib/projections/polar.py::584,0.044836
lib/matplotlib/projections/polar.py::585,0.044836
lib/matplotlib/projections/polar.py::587,0.044836
lib/matplotlib/projections/polar.py::588,0.044836
lib/matplotlib/projections/polar.py::589,0.044836
lib/matplotlib/projections/polar.py::590,0.044836
lib/matplotlib/projections/polar.py::592,0.044836
lib/matplotlib/projections/polar.py::593,0.044836
lib/matplotlib/projections/polar.py::595,0.044836
lib/matplotlib/projections/polar.py::597,0.044836
lib/matplotlib/projections/polar.py::601,0.044836
lib/matplotlib/projections/polar.py::602,0.044836
lib/matplotlib/projections/polar.py::604,0.044836
lib/matplotlib/projections/polar.py::605,0.044836
lib/matplotlib/projections/polar.py::606,0.044836
lib/matplotlib/projections/polar.py::607,0.044836
lib/matplotlib/projections/polar.py::608,0.044836
lib/matplotlib/projections/polar.py::609,0.044836
lib/matplotlib/projections/polar.py::612,0.044836
lib/matplotlib/projections/polar.py::613,0.044836
lib/matplotlib/projections/polar.py::614,0.044836
lib/matplotlib/projections/polar.py::617,0.044836
lib/matplotlib/projections/polar.py::619,0.044836
lib/matplotlib/projections/polar.py::620,0.044836
lib/matplotlib/projections/polar.py::621,0.044836
lib/matplotlib/projections/polar.py::622,0.044836
lib/matplotlib/projections/polar.py::624,0.044836
lib/matplotlib/projections/polar.py::625,0.044836
lib/matplotlib/projections/polar.py::627,0.044836
lib/matplotlib/projections/polar.py::629,0.044836
lib/matplotlib/projections/polar.py::633,0.044836
lib/matplotlib/projections/polar.py::634,0.044836
lib/matplotlib/projections/polar.py::648,0.044836
lib/matplotlib/projections/polar.py::649,0.044836
lib/matplotlib/projections/polar.py::652,0.044836
lib/matplotlib/projections/polar.py::653,0.044836
lib/matplotlib/projections/polar.py::655,0.044836
lib/matplotlib/projections/polar.py::656,0.044836
lib/matplotlib/projections/polar.py::659,0.044836
lib/matplotlib/projections/polar.py::660,0.044836
lib/matplotlib/projections/polar.py::661,0.044836
lib/matplotlib/projections/polar.py::664,0.044836
lib/matplotlib/projections/polar.py::665,0.044836
lib/matplotlib/projections/polar.py::666,0.044836
lib/matplotlib/projections/polar.py::669,0.044836
lib/matplotlib/projections/polar.py::670,0.044836
lib/matplotlib/projections/polar.py::679,0.044836
lib/matplotlib/projections/polar.py::688,0.044836
lib/matplotlib/projections/polar.py::705,0.044836
lib/matplotlib/projections/polar.py::706,0.044836
lib/matplotlib/projections/polar.py::707,0.044836
lib/matplotlib/projections/polar.py::708,0.044836
lib/matplotlib/projections/polar.py::709,0.044836
lib/matplotlib/projections/polar.py::767,0.044836
lib/matplotlib/projections/polar.py::768,0.044836
lib/matplotlib/projections/polar.py::769,0.044836
lib/matplotlib/projections/polar.py::770,0.044836
lib/matplotlib/projections/polar.py::771,0.044836
lib/matplotlib/projections/polar.py::772,0.044836
lib/matplotlib/projections/polar.py::773,0.044836
lib/matplotlib/projections/polar.py::776,0.044836
lib/matplotlib/projections/polar.py::778,0.044836
lib/matplotlib/projections/polar.py::780,0.044836
lib/matplotlib/projections/polar.py::781,0.044836
lib/matplotlib/projections/polar.py::782,0.044836
lib/matplotlib/projections/polar.py::783,0.044836
lib/matplotlib/projections/polar.py::784,0.044836
lib/matplotlib/projections/polar.py::785,0.044836
lib/matplotlib/projections/polar.py::786,0.044836
lib/matplotlib/projections/polar.py::788,0.044836
lib/matplotlib/projections/polar.py::789,0.044836
lib/matplotlib/projections/polar.py::790,0.044836
lib/matplotlib/projections/polar.py::791,0.044836
lib/matplotlib/projections/polar.py::793,0.044836
lib/matplotlib/projections/polar.py::794,0.044836
lib/matplotlib/projections/polar.py::795,0.044836
lib/matplotlib/projections/polar.py::799,0.044836
lib/matplotlib/projections/polar.py::800,0.044836
lib/matplotlib/projections/polar.py::805,0.044836
lib/matplotlib/projections/polar.py::810,0.044836
lib/matplotlib/projections/polar.py::813,0.044836
lib/matplotlib/projections/polar.py::814,0.044836
lib/matplotlib/projections/polar.py::815,0.044836
lib/matplotlib/projections/polar.py::816,0.044836
lib/matplotlib/projections/polar.py::817,0.044836
lib/matplotlib/projections/polar.py::820,0.044836
lib/matplotlib/projections/polar.py::821,0.044836
lib/matplotlib/projections/polar.py::825,0.044836
lib/matplotlib/projections/polar.py::826,0.044836
lib/matplotlib/projections/polar.py::83,0.044836
lib/matplotlib/projections/polar.py::831,0.044836
lib/matplotlib/projections/polar.py::832,0.044836
lib/matplotlib/projections/polar.py::835,0.044836
lib/matplotlib/projections/polar.py::838,0.044836
lib/matplotlib/projections/polar.py::84,0.044836
lib/matplotlib/projections/polar.py::842,0.044836
lib/matplotlib/projections/polar.py::843,0.044836
lib/matplotlib/projections/polar.py::844,0.044836
lib/matplotlib/projections/polar.py::846,0.044836
lib/matplotlib/projections/polar.py::85,0.044836
lib/matplotlib/projections/polar.py::850,0.044836
lib/matplotlib/projections/polar.py::851,0.044836
lib/matplotlib/projections/polar.py::856,0.044836
lib/matplotlib/projections/polar.py::857,0.044836
lib/matplotlib/projections/polar.py::86,0.044836
lib/matplotlib/projections/polar.py::863,0.044836
lib/matplotlib/projections/polar.py::864,0.044836
lib/matplotlib/projections/polar.py::865,0.044836
lib/matplotlib/projections/polar.py::866,0.044836
lib/matplotlib/projections/polar.py::869,0.044836
lib/matplotlib/projections/polar.py::87,0.044836
lib/matplotlib/projections/polar.py::870,0.044836
lib/matplotlib/projections/polar.py::871,0.044836
lib/matplotlib/projections/polar.py::872,0.044836
lib/matplotlib/projections/polar.py::873,0.044836
lib/matplotlib/projections/polar.py::879,0.044836
lib/matplotlib/projections/polar.py::880,0.044836
lib/matplotlib/projections/polar.py::881,0.044836
lib/matplotlib/projections/polar.py::882,0.044836
lib/matplotlib/projections/polar.py::884,0.044836
lib/matplotlib/projections/polar.py::885,0.044836
lib/matplotlib/projections/polar.py::886,0.044836
lib/matplotlib/projections/polar.py::887,0.044836
lib/matplotlib/projections/polar.py::890,0.044836
lib/matplotlib/projections/polar.py::891,0.044836
lib/matplotlib/projections/polar.py::894,0.044836
lib/matplotlib/projections/polar.py::897,0.044836
lib/matplotlib/projections/polar.py::900,0.044836
lib/matplotlib/projections/polar.py::901,0.044836
lib/matplotlib/projections/polar.py::902,0.044836
lib/matplotlib/projections/polar.py::903,0.044836
lib/matplotlib/projections/polar.py::908,0.044836
lib/matplotlib/projections/polar.py::909,0.044836
lib/matplotlib/projections/polar.py::910,0.044836
lib/matplotlib/projections/polar.py::911,0.044836
lib/matplotlib/projections/polar.py::912,0.044836
lib/matplotlib/projections/polar.py::913,0.044836
lib/matplotlib/projections/polar.py::917,0.044836
lib/matplotlib/projections/polar.py::920,0.044836
lib/matplotlib/projections/polar.py::921,0.044836
lib/matplotlib/projections/polar.py::922,0.044836
lib/matplotlib/projections/polar.py::926,0.044836
lib/matplotlib/projections/polar.py::974,0.044836
lib/matplotlib/projections/polar.py::977,0.044836
lib/matplotlib/projections/polar.py::978,0.044836
lib/matplotlib/projections/polar.py::979,0.044836
lib/matplotlib/projections/polar.py::980,0.044836
lib/matplotlib/projections/polar.py::981,0.044836
lib/matplotlib/projections/polar.py::982,0.044836
lib/matplotlib/projections/polar.py::983,0.044836
lib/matplotlib/projections/polar.py::985,0.044836
lib/matplotlib/projections/polar.py::986,0.044836
lib/matplotlib/projections/polar.py::987,0.044836
lib/matplotlib/projections/polar.py::988,0.044836
lib/matplotlib/projections/polar.py::989,0.044836
lib/matplotlib/projections/polar.py::995,0.044836
lib/matplotlib/spines.py::109,0.044836
lib/matplotlib/spines.py::110,0.044836
lib/matplotlib/spines.py::111,0.044836
lib/matplotlib/spines.py::112,0.044836
lib/matplotlib/spines.py::113,0.044836
lib/matplotlib/spines.py::114,0.044836
lib/matplotlib/spines.py::115,0.044836
lib/matplotlib/spines.py::117,0.044836
lib/matplotlib/spines.py::118,0.044836
lib/matplotlib/spines.py::537,0.044836
lib/matplotlib/spines.py::538,0.044836
lib/matplotlib/spines.py::539,0.044836
lib/matplotlib/spines.py::540,0.044836
lib/matplotlib/transforms.py::1078,0.044836
lib/matplotlib/transforms.py::1081,0.044836
lib/matplotlib/transforms.py::1082,0.044836
lib/matplotlib/transforms.py::1083,0.044836
lib/matplotlib/transforms.py::1084,0.044836
lib/matplotlib/transforms.py::1085,0.044836
lib/matplotlib/transforms.py::1086,0.044836
lib/matplotlib/transforms.py::1087,0.044836
lib/matplotlib/transforms.py::1143,0.044836
lib/matplotlib/transforms.py::1144,0.044836
lib/matplotlib/transforms.py::1145,0.044836
lib/matplotlib/transforms.py::2311,0.044836
lib/matplotlib/transforms.py::2414,0.044836
lib/matplotlib/transforms.py::2417,0.044836
lib/matplotlib/transforms.py::2418,0.044836
lib/matplotlib/transforms.py::2419,0.044836
lib/matplotlib/transforms.py::2420,0.044836
lib/matplotlib/gridspec.py::539,0.044297
lib/matplotlib/gridspec.py::540,0.044297
lib/matplotlib/gridspec.py::541,0.044297
lib/matplotlib/gridspec.py::675,0.044297
lib/matplotlib/axes/_base.py::2219,0.044086
lib/matplotlib/lines.py::915,0.044086
lib/matplotlib/projections/polar.py::30,0.044086
lib/matplotlib/projections/polar.py::31,0.044086
lib/matplotlib/projections/polar.py::32,0.044086
lib/matplotlib/projections/polar.py::33,0.044086
lib/matplotlib/text.py::820,0.044086
lib/matplotlib/text.py::863,0.044086
lib/matplotlib/figure.py::1068,0.043498
lib/matplotlib/figure.py::1069,0.043498
lib/matplotlib/transforms.py::2309,0.043372
lib/matplotlib/figure.py::1066,0.043266
lib/matplotlib/figure.py::1067,0.043266
lib/matplotlib/figure.py::1070,0.043266
lib/matplotlib/artist.py::757,0.042043
lib/matplotlib/artist.py::758,0.042043
lib/matplotlib/transforms.py::2731,0.042043
lib/matplotlib/transforms.py::2733,0.042043
lib/matplotlib/transforms.py::2734,0.042043
lib/matplotlib/transforms.py::2735,0.042043
lib/matplotlib/transforms.py::2736,0.042043
lib/matplotlib/transforms.py::2737,0.042043
lib/matplotlib/transforms.py::2738,0.042043
lib/matplotlib/transforms.py::2739,0.042043
lib/matplotlib/axis.py::2035,0.041422
lib/matplotlib/axis.py::2036,0.041422
lib/matplotlib/axis.py::2037,0.041422
lib/matplotlib/axes/_base.py::961,0.040829
lib/matplotlib/axes/_axes.py::4232,0.040260
lib/matplotlib/axes/_axes.py::4233,0.040260
lib/matplotlib/axis.py::2032,0.040260
lib/matplotlib/axis.py::2321,0.040260
lib/matplotlib/axis.py::2324,0.040260
lib/matplotlib/axis.py::2325,0.040260
lib/matplotlib/axis.py::2326,0.040260
lib/matplotlib/cbook/__init__.py::1196,0.039714
lib/matplotlib/cbook/__init__.py::1197,0.039714
lib/matplotlib/cbook/__init__.py::1198,0.039714
lib/matplotlib/patches.py::1105,0.039190
lib/matplotlib/patches.py::1106,0.039190
lib/matplotlib/patches.py::1107,0.039190
lib/matplotlib/patches.py::1108,0.039190
lib/matplotlib/patches.py::1109,0.039190
lib/matplotlib/patches.py::1110,0.039190
lib/matplotlib/patches.py::1114,0.039190
lib/matplotlib/patches.py::1122,0.039190
lib/matplotlib/patches.py::1124,0.039190
lib/matplotlib/patches.py::1134,0.039190
lib/matplotlib/patches.py::1135,0.039190
lib/matplotlib/patches.py::1138,0.039190
lib/matplotlib/patches.py::1139,0.039190
lib/matplotlib/patches.py::1140,0.039190
lib/matplotlib/patches.py::1168,0.039190
lib/matplotlib/patches.py::1170,0.039190
lib/matplotlib/cbook/__init__.py::1263,0.038687
lib/matplotlib/cbook/__init__.py::1264,0.038687
lib/matplotlib/cbook/__init__.py::1265,0.038687
lib/matplotlib/cbook/__init__.py::1284,0.038202
lib/matplotlib/path.py::854,0.038202
lib/matplotlib/path.py::856,0.038202
lib/matplotlib/path.py::857,0.038202
lib/matplotlib/path.py::860,0.038202
lib/matplotlib/path.py::862,0.038202
lib/matplotlib/path.py::865,0.038202
lib/matplotlib/path.py::866,0.038202
lib/matplotlib/path.py::867,0.038202
lib/matplotlib/path.py::870,0.038202
lib/matplotlib/path.py::871,0.038202
lib/matplotlib/path.py::872,0.038202
lib/matplotlib/path.py::874,0.038202
lib/matplotlib/path.py::875,0.038202
lib/matplotlib/path.py::876,0.038202
lib/matplotlib/path.py::878,0.038202
lib/matplotlib/path.py::879,0.038202
lib/matplotlib/path.py::880,0.038202
lib/matplotlib/path.py::881,0.038202
lib/matplotlib/path.py::883,0.038202
lib/matplotlib/path.py::884,0.038202
lib/matplotlib/path.py::885,0.038202
lib/matplotlib/path.py::886,0.038202
lib/matplotlib/path.py::888,0.038202
lib/matplotlib/path.py::898,0.038202
lib/matplotlib/path.py::899,0.038202
lib/matplotlib/path.py::900,0.038202
lib/matplotlib/path.py::901,0.038202
lib/matplotlib/path.py::902,0.038202
lib/matplotlib/path.py::903,0.038202
lib/matplotlib/path.py::904,0.038202
lib/matplotlib/path.py::906,0.038202
lib/matplotlib/path.py::907,0.038202
lib/matplotlib/path.py::908,0.038202
lib/matplotlib/path.py::909,0.038202
lib/matplotlib/path.py::910,0.038202
lib/matplotlib/path.py::911,0.038202
lib/matplotlib/path.py::913,0.038202
lib/matplotlib/axes/_axes.py::4264,0.037735
lib/matplotlib/cbook/__init__.py::1175,0.037735
lib/matplotlib/cbook/__init__.py::1187,0.037735
lib/matplotlib/cbook/__init__.py::1188,0.037735
lib/matplotlib/cbook/__init__.py::1200,0.037735
lib/matplotlib/cbook/__init__.py::1203,0.037735
lib/matplotlib/cbook/__init__.py::1206,0.037735
lib/matplotlib/cbook/__init__.py::1208,0.037735
lib/matplotlib/cbook/__init__.py::1209,0.037735
lib/matplotlib/cbook/__init__.py::1210,0.037735
lib/matplotlib/cbook/__init__.py::1214,0.037735
lib/matplotlib/cbook/__init__.py::1215,0.037735
lib/matplotlib/cbook/__init__.py::1218,0.037735
lib/matplotlib/cbook/__init__.py::1219,0.037735
lib/matplotlib/cbook/__init__.py::1223,0.037735
lib/matplotlib/cbook/__init__.py::1226,0.037735
lib/matplotlib/cbook/__init__.py::1229,0.037735
lib/matplotlib/cbook/__init__.py::1243,0.037735
lib/matplotlib/cbook/__init__.py::1246,0.037735
lib/matplotlib/cbook/__init__.py::1249,0.037735
lib/matplotlib/cbook/__init__.py::1252,0.037735
lib/matplotlib/cbook/__init__.py::1253,0.037735
lib/matplotlib/cbook/__init__.py::1257,0.037735
lib/matplotlib/cbook/__init__.py::1258,0.037735
lib/matplotlib/cbook/__init__.py::1262,0.037735
lib/matplotlib/cbook/__init__.py::1280,0.037735
lib/matplotlib/cbook/__init__.py::1281,0.037735
lib/matplotlib/cbook/__init__.py::1287,0.037735
lib/matplotlib/cbook/__init__.py::1288,0.037735
lib/matplotlib/cbook/__init__.py::1291,0.037735
lib/matplotlib/cbook/__init__.py::1294,0.037735
lib/matplotlib/cbook/__init__.py::1295,0.037735
lib/matplotlib/cbook/__init__.py::1296,0.037735
lib/matplotlib/cbook/__init__.py::1300,0.037735
lib/matplotlib/cbook/__init__.py::1302,0.037735
lib/matplotlib/axes/_axes.py::1676,0.037354
lib/matplotlib/axes/_axes.py::1677,0.037354
lib/matplotlib/pyplot.py::979,0.036850
lib/matplotlib/pyplot.py::980,0.036850
lib/matplotlib/pyplot.py::981,0.036850
lib/matplotlib/pyplot.py::982,0.036850
lib/matplotlib/pyplot.py::983,0.036850
lib/matplotlib/pyplot.py::986,0.036850
lib/matplotlib/pyplot.py::989,0.036850
lib/matplotlib/pyplot.py::959,0.036430
lib/matplotlib/pyplot.py::968,0.036430
lib/matplotlib/pyplot.py::973,0.036430
lib/matplotlib/pyplot.py::977,0.036430
lib/matplotlib/pyplot.py::978,0.036430
lib/matplotlib/axes/_base.py::2127,0.036427
lib/matplotlib/axes/_base.py::2128,0.036427
lib/matplotlib/axes/_base.py::2132,0.036427
lib/matplotlib/axes/_base.py::153,0.036292
lib/matplotlib/axes/_base.py::155,0.036292
lib/matplotlib/axes/_base.py::156,0.036292
lib/matplotlib/axes/_base.py::160,0.036292
lib/matplotlib/axes/_axes.py::4222,0.036025
lib/matplotlib/axes/_base.py::1284,0.036025
lib/matplotlib/axes/_base.py::1454,0.036025
lib/matplotlib/axes/_base.py::1457,0.036025
lib/matplotlib/axes/_base.py::1461,0.036025
lib/matplotlib/axes/_base.py::1462,0.036025
lib/matplotlib/axes/_base.py::1463,0.036025
lib/matplotlib/axes/_base.py::1465,0.036025
lib/matplotlib/axes/_axes.py::4221,0.035633
lib/matplotlib/path.py::152,0.035633
lib/matplotlib/path.py::153,0.035633
lib/matplotlib/path.py::154,0.035633
lib/matplotlib/path.py::155,0.035633
lib/matplotlib/axes/_axes.py::4253,0.034182
lib/matplotlib/axes/_axes.py::4254,0.034182
lib/matplotlib/axis.py::2317,0.034182
lib/matplotlib/cbook/deprecation.py::289,0.034182
lib/matplotlib/cbook/deprecation.py::295,0.034182
lib/matplotlib/axes/_axes.py::4270,0.033847
lib/matplotlib/colors.py::338,0.033847
lib/matplotlib/colors.py::341,0.033847
lib/matplotlib/axis.py::2028,0.033521
lib/matplotlib/colors.py::318,0.033521
lib/matplotlib/colors.py::319,0.033521
lib/matplotlib/colors.py::322,0.033521
lib/matplotlib/artist.py::756,0.032597
lib/matplotlib/axis.py::2022,0.032305
lib/matplotlib/axis.py::2023,0.032305
lib/matplotlib/axis.py::2024,0.032305
lib/matplotlib/axis.py::2044,0.032305
lib/matplotlib/axis.py::2311,0.032305
lib/matplotlib/axis.py::2312,0.032305
lib/matplotlib/axis.py::2313,0.032305
lib/matplotlib/axis.py::2332,0.032305
lib/matplotlib/cbook/__init__.py::754,0.032022
lib/matplotlib/cbook/__init__.py::755,0.032022
lib/matplotlib/cbook/__init__.py::759,0.032022
lib/matplotlib/cbook/__init__.py::760,0.032022
lib/matplotlib/cbook/__init__.py::761,0.032022
lib/matplotlib/cbook/__init__.py::764,0.032022
lib/matplotlib/axes/_base.py::1262,0.031213
lib/matplotlib/cbook/__init__.py::1400,0.030464
lib/matplotlib/cbook/__init__.py::1402,0.030464
lib/matplotlib/gridspec.py::669,0.030464
lib/matplotlib/gridspec.py::670,0.030464
lib/matplotlib/gridspec.py::671,0.030464
lib/matplotlib/gridspec.py::672,0.030464
lib/matplotlib/axes/_axes.py::4211,0.029765
lib/matplotlib/axes/_axes.py::4214,0.029765
lib/matplotlib/axes/_axes.py::4215,0.029765
lib/matplotlib/axes/_axes.py::4220,0.029765
lib/matplotlib/axes/_axes.py::4224,0.029765
lib/matplotlib/axes/_axes.py::4229,0.029765
lib/matplotlib/axes/_axes.py::4230,0.029765
lib/matplotlib/axes/_axes.py::4231,0.029765
lib/matplotlib/axes/_axes.py::4252,0.029765
lib/matplotlib/transforms.py::2787,0.029765
lib/matplotlib/axes/_axes.py::4187,0.029543
lib/matplotlib/axes/_axes.py::4188,0.029543
lib/matplotlib/axes/_axes.py::4189,0.029543
lib/matplotlib/axes/_axes.py::4191,0.029543
lib/matplotlib/axes/_axes.py::4193,0.029543
lib/matplotlib/axes/_axes.py::4198,0.029543
lib/matplotlib/axes/_base.py::1274,0.026238
lib/matplotlib/axes/_base.py::1261,0.026085
lib/matplotlib/axes/_base.py::1263,0.026085
lib/matplotlib/axes/_base.py::1264,0.026085
lib/matplotlib/axes/_base.py::1268,0.026085
lib/matplotlib/axes/_base.py::1270,0.026085
lib/matplotlib/axes/_base.py::1276,0.026085
lib/matplotlib/axes/_base.py::1277,0.026085
lib/matplotlib/axes/_base.py::1279,0.026085
lib/matplotlib/axes/_base.py::1281,0.026085
lib/matplotlib/axes/_base.py::1283,0.026085
lib/matplotlib/axes/_base.py::1285,0.026085
lib/matplotlib/cbook/__init__.py::1397,0.026085
lib/matplotlib/cbook/__init__.py::1394,0.025643
lib/matplotlib/cbook/__init__.py::1395,0.025643
lib/matplotlib/transforms.py::2326,0.025360
lib/matplotlib/transforms.py::2327,0.025360
lib/matplotlib/transforms.py::2462,0.023957
lib/matplotlib/colors.py::268,0.023726
lib/matplotlib/axes/_base.py::1337,0.023613
lib/matplotlib/axes/_base.py::1332,0.023502
lib/matplotlib/axes/_base.py::1333,0.023502
lib/matplotlib/axes/_base.py::1338,0.023502
lib/matplotlib/axes/_base.py::1346,0.023502
lib/matplotlib/axes/_base.py::1347,0.023502
lib/matplotlib/axes/_base.py::1348,0.023502
lib/matplotlib/cbook/__init__.py::1367,0.023392
lib/matplotlib/cbook/__init__.py::694,0.023177
lib/matplotlib/axes/_base.py::2456,0.022468
lib/matplotlib/path.py::133,0.022372
lib/matplotlib/path.py::134,0.022372
lib/matplotlib/path.py::137,0.022372
lib/matplotlib/cbook/__init__.py::1369,0.021821
lib/matplotlib/cbook/__init__.py::1370,0.021821
lib/matplotlib/cbook/__init__.py::1375,0.021821
lib/matplotlib/cbook/__init__.py::1377,0.021821
lib/matplotlib/colors.py::264,0.021475
lib/matplotlib/colors.py::266,0.021475
lib/matplotlib/transforms.py::2432,0.021391
lib/matplotlib/transforms.py::2433,0.021391
lib/matplotlib/transforms.py::2434,0.021391
lib/matplotlib/transforms.py::2435,0.021391
lib/matplotlib/transforms.py::2436,0.021391
lib/matplotlib/transforms.py::2437,0.021391
lib/matplotlib/transforms.py::2438,0.021391
lib/matplotlib/transforms.py::2398,0.020908
lib/matplotlib/transforms.py::2400,0.020908
lib/matplotlib/transforms.py::2403,0.020908
lib/matplotlib/transforms.py::2404,0.020908
lib/matplotlib/transforms.py::2406,0.020908
lib/matplotlib/transforms.py::2407,0.020908
lib/matplotlib/transforms.py::2408,0.020908
lib/matplotlib/transforms.py::2409,0.020908
lib/matplotlib/transforms.py::2410,0.020908
lib/matplotlib/transforms.py::2464,0.020908
lib/matplotlib/axes/_base.py::330,0.019698
lib/matplotlib/axes/_base.py::331,0.019698
lib/matplotlib/axes/_base.py::313,0.019634
lib/matplotlib/axes/_base.py::316,0.019634
lib/matplotlib/ticker.py::2209,0.019319
lib/matplotlib/colors.py::222,0.018846
lib/matplotlib/axes/_axes.py::1678,0.018789
lib/matplotlib/axes/_axes.py::1680,0.018789
lib/matplotlib/axes/_axes.py::1681,0.018789
lib/matplotlib/colors.py::183,0.018789
lib/matplotlib/colors.py::184,0.018789
lib/matplotlib/colors.py::186,0.018789
lib/matplotlib/colors.py::200,0.018789
lib/matplotlib/colors.py::201,0.018789
lib/matplotlib/colors.py::203,0.018789
lib/matplotlib/axes/_base.py::352,0.018733
lib/matplotlib/cbook/__init__.py::475,0.018567
lib/matplotlib/axes/_base.py::164,0.018197
lib/matplotlib/axes/_base.py::165,0.018197
lib/matplotlib/axes/_base.py::210,0.018197
lib/matplotlib/axes/_base.py::211,0.018197
lib/matplotlib/axes/_base.py::212,0.018197
lib/matplotlib/axes/_base.py::215,0.018197
lib/matplotlib/axes/_base.py::310,0.018197
lib/matplotlib/axes/_base.py::320,0.018197
lib/matplotlib/axes/_base.py::323,0.018197
lib/matplotlib/axes/_base.py::324,0.018197
lib/matplotlib/axes/_base.py::325,0.018197
lib/matplotlib/axes/_base.py::326,0.018197
lib/matplotlib/axes/_base.py::329,0.018197
lib/matplotlib/axes/_base.py::335,0.018197
lib/matplotlib/axes/_base.py::336,0.018197
lib/matplotlib/axes/_base.py::337,0.018197
lib/matplotlib/axes/_base.py::338,0.018197
lib/matplotlib/axes/_base.py::340,0.018197
lib/matplotlib/axes/_base.py::343,0.018197
lib/matplotlib/axes/_base.py::346,0.018197
lib/matplotlib/axes/_base.py::348,0.018197
lib/matplotlib/axes/_base.py::351,0.018197
lib/matplotlib/axes/_base.py::357,0.018197
lib/matplotlib/axes/_base.py::358,0.018197
lib/matplotlib/cbook/__init__.py::1366,0.018197
lib/matplotlib/ticker.py::2201,0.017705
lib/matplotlib/ticker.py::2205,0.017705
lib/matplotlib/ticker.py::2206,0.017705
lib/matplotlib/ticker.py::2208,0.017705
lib/matplotlib/axes/_base.py::2444,0.017473
lib/matplotlib/cbook/__init__.py::1903,0.017036
lib/matplotlib/ticker.py::1986,0.016911
lib/matplotlib/ticker.py::2133,0.016591
lib/matplotlib/ticker.py::2149,0.016513
lib/matplotlib/ticker.py::2150,0.016513
lib/matplotlib/ticker.py::2151,0.016513
lib/matplotlib/ticker.py::2152,0.016513
lib/matplotlib/ticker.py::2153,0.016513
lib/matplotlib/ticker.py::2154,0.016513
lib/matplotlib/axes/_base.py::2441,0.016251
lib/matplotlib/axes/_base.py::2513,0.015697
lib/matplotlib/transforms.py::2073,0.015631
lib/matplotlib/axes/_base.py::3476,0.015534
lib/matplotlib/axes/_base.py::3513,0.015534
lib/matplotlib/axes/_base.py::3516,0.015534
lib/matplotlib/axes/_base.py::3517,0.015534
lib/matplotlib/axes/_base.py::3519,0.015534
lib/matplotlib/axes/_base.py::3522,0.015534
lib/matplotlib/axes/_base.py::3523,0.015534
lib/matplotlib/axes/_base.py::3524,0.015534
lib/matplotlib/axes/_base.py::598,0.015471
lib/matplotlib/axes/_base.py::599,0.015471
lib/matplotlib/axes/_base.py::600,0.015471
lib/matplotlib/axes/_base.py::601,0.015471
lib/matplotlib/axes/_base.py::602,0.015471
lib/matplotlib/axes/_base.py::2458,0.015346
lib/matplotlib/axes/_base.py::2459,0.015346
lib/matplotlib/axes/_base.py::2461,0.015346
lib/matplotlib/axes/_base.py::2462,0.015346
lib/matplotlib/axes/_base.py::2476,0.015346
lib/matplotlib/axes/_base.py::2477,0.015346
lib/matplotlib/axes/_base.py::2480,0.015346
lib/matplotlib/axes/_base.py::2481,0.015346
lib/matplotlib/axes/_base.py::2486,0.015346
lib/matplotlib/axes/_base.py::2488,0.015346
lib/matplotlib/axes/_base.py::2489,0.015346
lib/matplotlib/axes/_base.py::2491,0.015346
lib/matplotlib/axes/_base.py::2492,0.015346
lib/matplotlib/axes/_base.py::2496,0.015346
lib/matplotlib/axes/_base.py::2497,0.015346
lib/matplotlib/axes/_base.py::2498,0.015346
lib/matplotlib/axes/_base.py::2499,0.015346
lib/matplotlib/axes/_base.py::2500,0.015346
lib/matplotlib/axes/_base.py::2501,0.015346
lib/matplotlib/axes/_base.py::2502,0.015346
lib/matplotlib/axes/_base.py::2504,0.015346
lib/matplotlib/axes/_base.py::2507,0.015346
lib/matplotlib/axes/_base.py::2509,0.015346
lib/matplotlib/axes/_base.py::2512,0.015346
lib/matplotlib/axes/_base.py::2514,0.015346
lib/matplotlib/axes/_base.py::3490,0.015316
lib/matplotlib/axis.py::950,0.015285
lib/matplotlib/axis.py::951,0.015285
lib/matplotlib/axes/_base.py::3488,0.015195
lib/matplotlib/axes/_base.py::3489,0.015195
lib/matplotlib/colors.py::316,0.014933
lib/matplotlib/colors.py::317,0.014933
lib/matplotlib/ticker.py::1979,0.014933
lib/matplotlib/colors.py::314,0.014905
lib/matplotlib/axes/_base.py::2215,0.014877
lib/matplotlib/axes/_base.py::2436,0.014877
lib/matplotlib/axes/_base.py::2439,0.014877
lib/matplotlib/axes/_base.py::2440,0.014877
lib/matplotlib/axes/_base.py::2445,0.014877
lib/matplotlib/axes/_base.py::2446,0.014877
lib/matplotlib/axes/_base.py::2447,0.014877
lib/matplotlib/axes/_base.py::2449,0.014877
lib/matplotlib/axes/_base.py::2452,0.014877
lib/matplotlib/axes/_base.py::2455,0.014877
lib/matplotlib/axes/_base.py::2517,0.014877
lib/matplotlib/axes/_base.py::2518,0.014877
lib/matplotlib/axes/_base.py::2519,0.014877
lib/matplotlib/axes/_base.py::2520,0.014877
lib/matplotlib/axes/_base.py::2521,0.014877
lib/matplotlib/axes/_base.py::2522,0.014877
lib/matplotlib/ticker.py::1936,0.014877
lib/matplotlib/ticker.py::1937,0.014877
lib/matplotlib/ticker.py::1938,0.014877
lib/matplotlib/ticker.py::1939,0.014877
lib/matplotlib/ticker.py::1942,0.014877
lib/matplotlib/ticker.py::1943,0.014877
lib/matplotlib/ticker.py::1966,0.014877
lib/matplotlib/ticker.py::1971,0.014877
lib/matplotlib/ticker.py::1972,0.014877
lib/matplotlib/ticker.py::1976,0.014877
lib/matplotlib/ticker.py::1977,0.014877
lib/matplotlib/ticker.py::1983,0.014877
lib/matplotlib/ticker.py::1984,0.014877
lib/matplotlib/ticker.py::2126,0.014877
lib/matplotlib/ticker.py::2135,0.014877
lib/matplotlib/ticker.py::2136,0.014877
lib/matplotlib/ticker.py::2137,0.014877
lib/matplotlib/ticker.py::2138,0.014877
lib/matplotlib/ticker.py::2139,0.014877
lib/matplotlib/ticker.py::2140,0.014877
lib/matplotlib/ticker.py::2145,0.014877
lib/matplotlib/ticker.py::2148,0.014877
lib/matplotlib/ticker.py::2157,0.014877
lib/matplotlib/ticker.py::2158,0.014877
lib/matplotlib/ticker.py::2160,0.014877
lib/matplotlib/ticker.py::2163,0.014877
lib/matplotlib/ticker.py::2169,0.014877
lib/matplotlib/ticker.py::2170,0.014877
lib/matplotlib/ticker.py::2171,0.014877
lib/matplotlib/ticker.py::2172,0.014877
lib/matplotlib/ticker.py::2174,0.014877
lib/matplotlib/ticker.py::2175,0.014877
lib/matplotlib/ticker.py::2176,0.014877
lib/matplotlib/ticker.py::2177,0.014877
lib/matplotlib/colors.py::294,0.014711
lib/matplotlib/axes/_base.py::3547,0.014684
lib/matplotlib/markers.py::269,0.014684
lib/matplotlib/ticker.py::1959,0.014578
lib/matplotlib/ticker.py::1961,0.014578
lib/matplotlib/ticker.py::1962,0.014578
lib/matplotlib/transforms.py::2639,0.014551
lib/matplotlib/transforms.py::2641,0.014551
lib/matplotlib/transforms.py::2642,0.014551
lib/matplotlib/transforms.py::2643,0.014551
lib/matplotlib/transforms.py::2644,0.014551
lib/matplotlib/transforms.py::2645,0.014551
lib/matplotlib/patches.py::279,0.014346
lib/matplotlib/transforms.py::277,0.014346
lib/matplotlib/transforms.py::2460,0.014321
lib/matplotlib/cbook/__init__.py::1867,0.014222
lib/matplotlib/transforms.py::2321,0.013937
lib/matplotlib/transforms.py::352,0.013801
lib/matplotlib/transforms.py::362,0.013801
lib/matplotlib/transforms.py::696,0.013801
lib/matplotlib/transforms.py::700,0.013801
lib/matplotlib/transforms.py::701,0.013801
lib/matplotlib/transforms.py::702,0.013801
lib/matplotlib/transforms.py::703,0.013801
lib/matplotlib/transforms.py::704,0.013801
lib/matplotlib/transforms.py::705,0.013801
lib/matplotlib/transforms.py::347,0.013734
lib/matplotlib/transforms.py::357,0.013734
lib/matplotlib/axis.py::1809,0.013625
lib/matplotlib/transforms.py::2045,0.013625
lib/matplotlib/transforms.py::1014,0.013561
lib/matplotlib/transforms.py::1015,0.013561
lib/matplotlib/transforms.py::1019,0.013561
lib/matplotlib/transforms.py::1020,0.013561
lib/matplotlib/transforms.py::1021,0.013561
lib/matplotlib/transforms.py::1022,0.013561
lib/matplotlib/transforms.py::1023,0.013561
lib/matplotlib/transforms.py::1024,0.013561
lib/matplotlib/transforms.py::1026,0.013561
lib/matplotlib/transforms.py::1027,0.013561
lib/matplotlib/transforms.py::1030,0.013561
lib/matplotlib/transforms.py::1031,0.013561
lib/matplotlib/transforms.py::1034,0.013561
lib/matplotlib/transforms.py::1035,0.013561
lib/matplotlib/transforms.py::1036,0.013561
lib/matplotlib/transforms.py::1039,0.013561
lib/matplotlib/transforms.py::1040,0.013561
lib/matplotlib/transforms.py::390,0.013540
lib/matplotlib/transforms.py::1702,0.013519
lib/matplotlib/transforms.py::1780,0.013519
lib/matplotlib/transforms.py::1781,0.013519
lib/matplotlib/transforms.py::1784,0.013519
lib/matplotlib/transforms.py::1864,0.013519
lib/matplotlib/transforms.py::1865,0.013519
lib/matplotlib/transforms.py::1866,0.013519
lib/matplotlib/transforms.py::1867,0.013519
lib/matplotlib/artist.py::1054,0.013435
lib/matplotlib/transforms.py::381,0.013435
lib/matplotlib/axes/_base.py::606,0.013175
lib/matplotlib/axes/_base.py::607,0.013175
lib/matplotlib/axes/_base.py::593,0.013155
lib/matplotlib/axes/_base.py::594,0.013155
lib/matplotlib/axes/_base.py::595,0.013155
lib/matplotlib/axes/_base.py::596,0.013155
lib/matplotlib/axes/_base.py::597,0.013155
lib/matplotlib/units.py::204,0.013117
lib/matplotlib/units.py::206,0.013117
lib/matplotlib/transforms.py::1281,0.013098
lib/matplotlib/transforms.py::1294,0.013098
lib/matplotlib/transforms.py::1298,0.013098
lib/matplotlib/transforms.py::1299,0.013098
lib/matplotlib/transforms.py::1300,0.013098
lib/matplotlib/transforms.py::2329,0.013098
lib/matplotlib/transforms.py::1267,0.013079
lib/matplotlib/transforms.py::2324,0.013079
lib/matplotlib/transforms.py::2325,0.013079
lib/matplotlib/units.py::67,0.012314
lib/matplotlib/units.py::69,0.012314
lib/matplotlib/axes/_base.py::615,0.012251
lib/matplotlib/axes/_base.py::617,0.012251
lib/matplotlib/axes/_base.py::612,0.012235
lib/matplotlib/axes/_base.py::614,0.012235
lib/matplotlib/axes/_base.py::616,0.012235
lib/matplotlib/transforms.py::1697,0.012142
lib/matplotlib/units.py::66,0.012082
lib/matplotlib/cbook/__init__.py::1877,0.011978
lib/matplotlib/transforms.py::2317,0.011737
lib/matplotlib/transforms.py::1696,0.011710
lib/matplotlib/path.py::221,0.011420
lib/matplotlib/path.py::202,0.011357
