Entity,Score
lib/matplotlib/axes/_axes.py::6485,0.476782
lib/matplotlib/axes/_axes.py::6486,0.476782
lib/matplotlib/axes/_axes.py::6488,0.476782
lib/matplotlib/axes/_axes.py::6491,0.476782
lib/matplotlib/axes/_axes.py::6495,0.476782
lib/matplotlib/axes/_axes.py::6496,0.476782
lib/matplotlib/axes/_axes.py::6497,0.476782
lib/matplotlib/axes/_axes.py::6498,0.476782
lib/matplotlib/axes/_axes.py::6499,0.476782
lib/matplotlib/axes/_axes.py::6501,0.476782
lib/matplotlib/axes/_axes.py::6505,0.476782
lib/matplotlib/axes/_axes.py::6492,0.335175
lib/matplotlib/axes/_axes.py::1124,0.327869
lib/matplotlib/axes/_axes.py::1202,0.327869
lib/matplotlib/figure.py::243,0.327869
lib/matplotlib/figure.py::244,0.327869
lib/matplotlib/figure.py::245,0.327869
lib/matplotlib/figure.py::246,0.327869
lib/matplotlib/testing/compare.py::401,0.327869
lib/matplotlib/testing/compare.py::403,0.327869
lib/matplotlib/testing/compare.py::404,0.327869
lib/matplotlib/testing/compare.py::406,0.327869
lib/matplotlib/testing/compare.py::415,0.327869
lib/matplotlib/testing/compare.py::430,0.327869
lib/matplotlib/testing/compare.py::431,0.327869
lib/matplotlib/testing/compare.py::432,0.327869
lib/matplotlib/testing/compare.py::433,0.327869
lib/matplotlib/testing/compare.py::434,0.327869
lib/matplotlib/testing/compare.py::435,0.327869
lib/matplotlib/testing/compare.py::436,0.327869
lib/matplotlib/testing/compare.py::440,0.327869
lib/matplotlib/testing/compare.py::443,0.327869
lib/matplotlib/testing/compare.py::444,0.327869
lib/matplotlib/testing/compare.py::445,0.327869
lib/matplotlib/testing/compare.py::449,0.327869
lib/matplotlib/testing/compare.py::450,0.327869
lib/matplotlib/testing/compare.py::451,0.327869
lib/matplotlib/testing/compare.py::452,0.327869
lib/matplotlib/testing/compare.py::455,0.327869
lib/matplotlib/testing/compare.py::457,0.327869
lib/matplotlib/testing/decorators.py::133,0.327869
lib/matplotlib/testing/decorators.py::134,0.327869
lib/matplotlib/testing/decorators.py::135,0.327869
lib/matplotlib/testing/decorators.py::136,0.327869
lib/matplotlib/testing/decorators.py::137,0.327869
lib/matplotlib/tests/test_axes.py::4004,0.327869
lib/matplotlib/tests/test_axes.py::4005,0.327869
lib/matplotlib/tests/test_axes.py::4006,0.327869
lib/matplotlib/tests/test_axes.py::4007,0.327869
lib/matplotlib/tests/test_axes.py::4008,0.327869
lib/matplotlib/tests/test_axes.py::4010,0.327869
lib/matplotlib/tests/test_axes.py::4011,0.327869
lib/matplotlib/tests/test_axes.py::4012,0.327869
lib/matplotlib/tests/test_axes.py::4013,0.327869
lib/matplotlib/tests/test_axes.py::4014,0.327869
lib/matplotlib/tests/test_axes.py::4015,0.327869
lib/matplotlib/pyplot.py::2508,0.312999
lib/matplotlib/pyplot.py::2509,0.312999
lib/matplotlib/pyplot.py::2510,0.312999
lib/matplotlib/pyplot.py::2511,0.312999
lib/matplotlib/pyplot.py::2512,0.312999
lib/matplotlib/pyplot.py::2513,0.312999
lib/matplotlib/axes/_axes.py::1122,0.268512
lib/matplotlib/axes/_axes.py::1200,0.268512
lib/matplotlib/cbook/__init__.py::1025,0.232957
lib/matplotlib/cbook/__init__.py::1026,0.232957
lib/matplotlib/cbook/__init__.py::1027,0.232957
lib/matplotlib/axes/_axes.py::6502,0.230275
lib/matplotlib/axes/_base.py::322,0.230275
lib/matplotlib/axes/_base.py::360,0.230275
lib/matplotlib/tests/test_axes.py::1985,0.230275
lib/matplotlib/tests/test_axes.py::1986,0.230275
lib/matplotlib/tests/test_axes.py::1987,0.230275
lib/matplotlib/tests/test_axes.py::1988,0.230275
lib/matplotlib/tests/test_axes.py::1989,0.230275
lib/matplotlib/tests/test_axes.py::1990,0.230275
lib/matplotlib/tests/test_axes.py::2815,0.230275
lib/matplotlib/tests/test_axes.py::2816,0.230275
lib/matplotlib/tests/test_axes.py::2817,0.230275
lib/matplotlib/tests/test_axes.py::2818,0.230275
lib/matplotlib/tests/test_axes.py::2819,0.230275
lib/matplotlib/tests/test_axes.py::3288,0.230275
lib/matplotlib/tests/test_axes.py::3289,0.230275
lib/matplotlib/tests/test_axes.py::3290,0.230275
lib/matplotlib/tests/test_axes.py::3291,0.230275
lib/matplotlib/tests/test_axes.py::3292,0.230275
lib/matplotlib/tests/test_axes.py::3326,0.230275
lib/matplotlib/tests/test_axes.py::3327,0.230275
lib/matplotlib/tests/test_axes.py::3328,0.230275
lib/matplotlib/tests/test_axes.py::3329,0.230275
lib/matplotlib/tests/test_axes.py::3330,0.230275
lib/matplotlib/tests/test_axes.py::3336,0.230275
lib/matplotlib/tests/test_axes.py::3337,0.230275
lib/matplotlib/tests/test_axes.py::3338,0.230275
lib/matplotlib/tests/test_axes.py::3339,0.230275
lib/matplotlib/tests/test_axes.py::3340,0.230275
lib/matplotlib/tests/test_axes.py::3341,0.230275
lib/matplotlib/tests/test_axes.py::3342,0.230275
lib/matplotlib/tests/test_axes.py::3392,0.230275
lib/matplotlib/tests/test_axes.py::3393,0.230275
lib/matplotlib/tests/test_axes.py::3394,0.230275
lib/matplotlib/tests/test_axes.py::3395,0.230275
lib/matplotlib/tests/test_axes.py::3396,0.230275
lib/matplotlib/tests/test_axes.py::3402,0.230275
lib/matplotlib/tests/test_axes.py::3403,0.230275
lib/matplotlib/tests/test_axes.py::3404,0.230275
lib/matplotlib/tests/test_axes.py::3405,0.230275
lib/matplotlib/tests/test_axes.py::3406,0.230275
lib/matplotlib/tests/test_axes.py::3412,0.230275
lib/matplotlib/tests/test_axes.py::3413,0.230275
lib/matplotlib/tests/test_axes.py::3414,0.230275
lib/matplotlib/tests/test_axes.py::3415,0.230275
lib/matplotlib/tests/test_axes.py::3472,0.230275
lib/matplotlib/tests/test_axes.py::3473,0.230275
lib/matplotlib/tests/test_axes.py::3474,0.230275
lib/matplotlib/tests/test_axes.py::3475,0.230275
lib/matplotlib/tests/test_axes.py::3476,0.230275
lib/matplotlib/tests/test_axes.py::3477,0.230275
lib/matplotlib/tests/test_axes.py::3478,0.230275
lib/matplotlib/tests/test_axes.py::3494,0.230275
lib/matplotlib/tests/test_axes.py::3495,0.230275
lib/matplotlib/tests/test_axes.py::3496,0.230275
lib/matplotlib/tests/test_axes.py::3497,0.230275
lib/matplotlib/tests/test_axes.py::3498,0.230275
lib/matplotlib/tests/test_axes.py::3499,0.230275
lib/matplotlib/tests/test_axes.py::3500,0.230275
lib/matplotlib/tests/test_axes.py::3514,0.230275
lib/matplotlib/tests/test_axes.py::3515,0.230275
lib/matplotlib/tests/test_axes.py::3516,0.230275
lib/matplotlib/tests/test_axes.py::3517,0.230275
lib/matplotlib/tests/test_axes.py::3518,0.230275
lib/matplotlib/tests/test_axes.py::3519,0.230275
lib/matplotlib/tests/test_axes.py::3520,0.230275
lib/matplotlib/tests/test_axes.py::3521,0.230275
lib/matplotlib/tests/test_axes.py::3537,0.230275
lib/matplotlib/tests/test_axes.py::3538,0.230275
lib/matplotlib/tests/test_axes.py::3539,0.230275
lib/matplotlib/tests/test_axes.py::3540,0.230275
lib/matplotlib/tests/test_axes.py::3541,0.230275
lib/matplotlib/tests/test_axes.py::3542,0.230275
lib/matplotlib/tests/test_axes.py::3543,0.230275
lib/matplotlib/tests/test_axes.py::3544,0.230275
lib/matplotlib/tests/test_axes.py::3560,0.230275
lib/matplotlib/tests/test_axes.py::3561,0.230275
lib/matplotlib/tests/test_axes.py::3562,0.230275
lib/matplotlib/tests/test_axes.py::3563,0.230275
lib/matplotlib/tests/test_axes.py::3564,0.230275
lib/matplotlib/tests/test_axes.py::3565,0.230275
lib/matplotlib/tests/test_axes.py::3566,0.230275
lib/matplotlib/tests/test_axes.py::3567,0.230275
lib/matplotlib/tests/test_axes.py::3568,0.230275
lib/matplotlib/tests/test_axes.py::3569,0.230275
lib/matplotlib/tests/test_axes.py::3570,0.230275
lib/matplotlib/tests/test_axes.py::3571,0.230275
lib/matplotlib/tests/test_axes.py::3572,0.230275
lib/matplotlib/tests/test_axes.py::3577,0.230275
lib/matplotlib/tests/test_axes.py::3578,0.230275
lib/matplotlib/tests/test_axes.py::3579,0.230275
lib/matplotlib/tests/test_axes.py::4917,0.230275
lib/matplotlib/tests/test_axes.py::4918,0.230275
lib/matplotlib/tests/test_axes.py::4919,0.230275
lib/matplotlib/tests/test_axes.py::4920,0.230275
lib/matplotlib/tests/test_axes.py::4921,0.230275
lib/matplotlib/tests/test_axes.py::4922,0.230275
lib/matplotlib/tests/test_axes.py::4923,0.230275
lib/matplotlib/tests/test_axes.py::4924,0.230275
lib/matplotlib/tests/test_axes.py::6216,0.230275
lib/matplotlib/cbook/__init__.py::1699,0.225109
lib/matplotlib/cbook/__init__.py::1700,0.225109
lib/matplotlib/gridspec.py::551,0.223721
lib/matplotlib/gridspec.py::552,0.223721
lib/matplotlib/gridspec.py::553,0.223721
lib/matplotlib/gridspec.py::554,0.223721
lib/matplotlib/gridspec.py::555,0.223721
lib/matplotlib/gridspec.py::557,0.223721
lib/matplotlib/gridspec.py::559,0.223721
lib/matplotlib/gridspec.py::563,0.223721
lib/matplotlib/gridspec.py::567,0.223721
lib/matplotlib/__init__.py::1406,0.223700
lib/matplotlib/__init__.py::1407,0.223700
lib/matplotlib/gridspec.py::233,0.219366
lib/matplotlib/ticker.py::2745,0.200000
lib/matplotlib/ticker.py::2746,0.200000
lib/matplotlib/ticker.py::2040,0.199557
lib/matplotlib/axes/_base.py::2797,0.198897
lib/matplotlib/axis.py::461,0.198897
lib/matplotlib/axis.py::532,0.198897
lib/matplotlib/lines.py::70,0.198461
lib/matplotlib/patches.py::318,0.198027
lib/matplotlib/lines.py::45,0.197169
lib/matplotlib/lines.py::46,0.197169
lib/matplotlib/lines.py::61,0.197169
lib/matplotlib/lines.py::62,0.197169
lib/matplotlib/lines.py::63,0.197169
lib/matplotlib/lines.py::44,0.196744
lib/matplotlib/figure.py::1362,0.192577
lib/matplotlib/figure.py::1365,0.192577
lib/matplotlib/artist.py::754,0.190876
lib/matplotlib/artist.py::755,0.190876
lib/matplotlib/artist.py::756,0.190876
lib/matplotlib/artist.py::757,0.190876
lib/matplotlib/axes/_base.py::564,0.190876
lib/matplotlib/axes/_base.py::565,0.190876
lib/matplotlib/axes/_base.py::566,0.190876
lib/matplotlib/axes/_base.py::567,0.190876
lib/matplotlib/axes/_base.py::568,0.190876
lib/matplotlib/axes/_base.py::569,0.190876
lib/matplotlib/axes/_base.py::570,0.190876
lib/matplotlib/axes/_base.py::634,0.190876
lib/matplotlib/axes/_base.py::639,0.190876
lib/matplotlib/axes/_base.py::640,0.190876
lib/matplotlib/axes/_base.py::644,0.190876
lib/matplotlib/axes/_base.py::645,0.190876
lib/matplotlib/axes/_base.py::650,0.190876
lib/matplotlib/axes/_base.py::652,0.190876
lib/matplotlib/axes/_base.py::653,0.190876
lib/matplotlib/axes/_base.py::654,0.190876
lib/matplotlib/axes/_base.py::655,0.190876
lib/matplotlib/axes/_base.py::670,0.190876
lib/matplotlib/axes/_base.py::671,0.190876
lib/matplotlib/axes/_base.py::672,0.190876
lib/matplotlib/axes/_base.py::674,0.190876
lib/matplotlib/axes/_base.py::675,0.190876
lib/matplotlib/axes/_base.py::677,0.190876
lib/matplotlib/axes/_base.py::701,0.190876
lib/matplotlib/axes/_base.py::702,0.190876
lib/matplotlib/axes/_base.py::703,0.190876
lib/matplotlib/axes/_base.py::704,0.190876
lib/matplotlib/axes/_base.py::705,0.190876
lib/matplotlib/axes/_base.py::727,0.190876
lib/matplotlib/axes/_base.py::728,0.190876
lib/matplotlib/axes/_base.py::729,0.190876
lib/matplotlib/axes/_base.py::730,0.190876
lib/matplotlib/axes/_base.py::731,0.190876
lib/matplotlib/axes/_base.py::746,0.190876
lib/matplotlib/axes/_base.py::747,0.190876
lib/matplotlib/axes/_base.py::748,0.190876
lib/matplotlib/axes/_base.py::750,0.190876
lib/matplotlib/axes/_base.py::751,0.190876
lib/matplotlib/axes/_base.py::753,0.190876
lib/matplotlib/axes/_base.py::777,0.190876
lib/matplotlib/axes/_base.py::778,0.190876
lib/matplotlib/axes/_base.py::779,0.190876
lib/matplotlib/axes/_base.py::780,0.190876
lib/matplotlib/axes/_base.py::781,0.190876
lib/matplotlib/axes/_base.py::803,0.190876
lib/matplotlib/axes/_base.py::804,0.190876
lib/matplotlib/axes/_base.py::805,0.190876
lib/matplotlib/axes/_base.py::806,0.190876
lib/matplotlib/axes/_base.py::807,0.190876
lib/matplotlib/axes/_base.py::937,0.190876
lib/matplotlib/axes/_base.py::954,0.190876
lib/matplotlib/axes/_base.py::955,0.190876
lib/matplotlib/spines.py::216,0.190876
lib/matplotlib/spines.py::218,0.190876
lib/matplotlib/spines.py::219,0.190876
lib/matplotlib/spines.py::229,0.190876
lib/matplotlib/spines.py::230,0.190876
lib/matplotlib/spines.py::231,0.190876
lib/matplotlib/spines.py::232,0.190876
lib/matplotlib/spines.py::238,0.190876
lib/matplotlib/spines.py::372,0.190876
lib/matplotlib/spines.py::375,0.190876
lib/matplotlib/spines.py::377,0.190876
lib/matplotlib/spines.py::380,0.190876
lib/matplotlib/spines.py::381,0.190876
lib/matplotlib/spines.py::382,0.190876
lib/matplotlib/spines.py::383,0.190876
lib/matplotlib/spines.py::384,0.190876
lib/matplotlib/spines.py::393,0.190876
lib/matplotlib/spines.py::395,0.190876
lib/matplotlib/spines.py::396,0.190876
lib/matplotlib/spines.py::401,0.190876
lib/matplotlib/spines.py::402,0.190876
lib/matplotlib/spines.py::403,0.190876
lib/matplotlib/spines.py::404,0.190876
lib/matplotlib/spines.py::405,0.190876
lib/matplotlib/spines.py::406,0.190876
lib/matplotlib/spines.py::407,0.190876
lib/matplotlib/spines.py::408,0.190876
lib/matplotlib/spines.py::412,0.190876
lib/matplotlib/spines.py::413,0.190876
lib/matplotlib/spines.py::414,0.190876
lib/matplotlib/spines.py::492,0.190876
lib/matplotlib/spines.py::493,0.190876
lib/matplotlib/spines.py::494,0.190876
lib/matplotlib/spines.py::495,0.190876
lib/matplotlib/transforms.py::2116,0.190876
lib/matplotlib/transforms.py::2117,0.190876
lib/matplotlib/transforms.py::2118,0.190876
lib/matplotlib/transforms.py::2119,0.190876
lib/matplotlib/transforms.py::2120,0.190876
lib/matplotlib/transforms.py::2250,0.190876
lib/matplotlib/projections/__init__.py::51,0.190683
lib/matplotlib/axis.py::1875,0.190107
lib/matplotlib/axis.py::1876,0.190107
lib/matplotlib/axis.py::1878,0.190107
lib/matplotlib/axis.py::1879,0.190107
lib/matplotlib/axis.py::2170,0.190107
lib/matplotlib/axis.py::2171,0.190107
lib/matplotlib/axis.py::2173,0.190107
lib/matplotlib/axis.py::2174,0.190107
lib/matplotlib/figure.py::1360,0.187671
lib/matplotlib/axes/_subplots.py::44,0.186759
lib/matplotlib/axes/_subplots.py::45,0.186759
lib/matplotlib/rcsetup.py::200,0.186759
lib/matplotlib/rcsetup.py::201,0.186759
lib/matplotlib/style/core.py::111,0.186759
lib/matplotlib/style/core.py::112,0.186759
lib/matplotlib/style/core.py::99,0.186759
lib/matplotlib/gridspec.py::301,0.186578
lib/matplotlib/gridspec.py::523,0.186578
lib/matplotlib/axes/_subplots.py::43,0.186398
lib/matplotlib/figure.py::1413,0.186398
lib/matplotlib/axes/_subplots.py::35,0.186218
lib/matplotlib/axes/_subplots.py::36,0.186218
lib/matplotlib/axes/_subplots.py::37,0.186218
lib/matplotlib/axes/_subplots.py::39,0.186218
lib/matplotlib/axes/_subplots.py::82,0.186218
lib/matplotlib/axes/_subplots.py::95,0.186218
lib/matplotlib/axes/_subplots.py::96,0.186218
lib/matplotlib/figure.py::1351,0.186218
lib/matplotlib/figure.py::1357,0.186218
lib/matplotlib/figure.py::1358,0.186218
lib/matplotlib/figure.py::1383,0.186218
lib/matplotlib/figure.py::1393,0.186218
lib/matplotlib/figure.py::1396,0.186218
lib/matplotlib/figure.py::1398,0.186218
lib/matplotlib/figure.py::1411,0.186218
lib/matplotlib/gridspec.py::100,0.186218
lib/matplotlib/gridspec.py::103,0.186218
lib/matplotlib/gridspec.py::120,0.186218
lib/matplotlib/gridspec.py::123,0.186218
lib/matplotlib/gridspec.py::154,0.186218
lib/matplotlib/gridspec.py::156,0.186218
lib/matplotlib/gridspec.py::164,0.186218
lib/matplotlib/gridspec.py::165,0.186218
lib/matplotlib/gridspec.py::166,0.186218
lib/matplotlib/gridspec.py::167,0.186218
lib/matplotlib/gridspec.py::168,0.186218
lib/matplotlib/gridspec.py::169,0.186218
lib/matplotlib/gridspec.py::170,0.186218
lib/matplotlib/gridspec.py::171,0.186218
lib/matplotlib/gridspec.py::172,0.186218
lib/matplotlib/gridspec.py::175,0.186218
lib/matplotlib/gridspec.py::176,0.186218
lib/matplotlib/gridspec.py::177,0.186218
lib/matplotlib/gridspec.py::181,0.186218
lib/matplotlib/gridspec.py::182,0.186218
lib/matplotlib/gridspec.py::183,0.186218
lib/matplotlib/gridspec.py::186,0.186218
lib/matplotlib/gridspec.py::187,0.186218
lib/matplotlib/gridspec.py::188,0.186218
lib/matplotlib/gridspec.py::192,0.186218
lib/matplotlib/gridspec.py::193,0.186218
lib/matplotlib/gridspec.py::194,0.186218
lib/matplotlib/gridspec.py::196,0.186218
lib/matplotlib/gridspec.py::197,0.186218
lib/matplotlib/gridspec.py::198,0.186218
lib/matplotlib/gridspec.py::202,0.186218
lib/matplotlib/gridspec.py::204,0.186218
lib/matplotlib/gridspec.py::205,0.186218
lib/matplotlib/gridspec.py::206,0.186218
lib/matplotlib/gridspec.py::213,0.186218
lib/matplotlib/gridspec.py::215,0.186218
lib/matplotlib/gridspec.py::216,0.186218
lib/matplotlib/gridspec.py::224,0.186218
lib/matplotlib/gridspec.py::235,0.186218
lib/matplotlib/gridspec.py::288,0.186218
lib/matplotlib/gridspec.py::289,0.186218
lib/matplotlib/gridspec.py::290,0.186218
lib/matplotlib/gridspec.py::291,0.186218
lib/matplotlib/gridspec.py::292,0.186218
lib/matplotlib/gridspec.py::293,0.186218
lib/matplotlib/gridspec.py::294,0.186218
lib/matplotlib/gridspec.py::296,0.186218
lib/matplotlib/gridspec.py::297,0.186218
lib/matplotlib/gridspec.py::298,0.186218
lib/matplotlib/gridspec.py::300,0.186218
lib/matplotlib/gridspec.py::376,0.186218
lib/matplotlib/gridspec.py::380,0.186218
lib/matplotlib/gridspec.py::382,0.186218
lib/matplotlib/gridspec.py::384,0.186218
lib/matplotlib/gridspec.py::46,0.186218
lib/matplotlib/gridspec.py::47,0.186218
lib/matplotlib/gridspec.py::48,0.186218
lib/matplotlib/gridspec.py::509,0.186218
lib/matplotlib/gridspec.py::510,0.186218
lib/matplotlib/gridspec.py::511,0.186218
lib/matplotlib/gridspec.py::512,0.186218
lib/matplotlib/gridspec.py::538,0.186218
lib/matplotlib/gridspec.py::577,0.186218
lib/matplotlib/gridspec.py::581,0.186218
lib/matplotlib/gridspec.py::597,0.186218
lib/matplotlib/gridspec.py::637,0.186218
lib/matplotlib/gridspec.py::638,0.186218
lib/matplotlib/gridspec.py::639,0.186218
lib/matplotlib/gridspec.py::641,0.186218
lib/matplotlib/gridspec.py::643,0.186218
lib/matplotlib/gridspec.py::644,0.186218
lib/matplotlib/gridspec.py::645,0.186218
lib/matplotlib/gridspec.py::646,0.186218
lib/matplotlib/gridspec.py::647,0.186218
lib/matplotlib/gridspec.py::649,0.186218
lib/matplotlib/gridspec.py::650,0.186218
lib/matplotlib/gridspec.py::71,0.186218
lib/matplotlib/pyplot.py::540,0.186039
lib/matplotlib/axes/_base.py::424,0.185682
lib/matplotlib/patches.py::750,0.185682
lib/matplotlib/patches.py::751,0.185682
lib/matplotlib/patches.py::752,0.185682
lib/matplotlib/patches.py::753,0.185682
lib/matplotlib/patches.py::754,0.185682
lib/matplotlib/patches.py::755,0.185682
lib/matplotlib/patches.py::765,0.185682
lib/matplotlib/patches.py::766,0.185682
lib/matplotlib/patches.py::767,0.185682
lib/matplotlib/patches.py::768,0.185682
lib/matplotlib/patches.py::769,0.185682
lib/matplotlib/patches.py::772,0.185682
lib/matplotlib/patches.py::773,0.185682
lib/matplotlib/transforms.py::1957,0.185682
lib/matplotlib/transforms.py::1958,0.185682
lib/matplotlib/pyplot.py::542,0.185504
lib/matplotlib/transforms.py::1920,0.185327
lib/matplotlib/transforms.py::1921,0.185327
lib/matplotlib/transforms.py::1922,0.185327
lib/matplotlib/transforms.py::1923,0.185327
lib/matplotlib/transforms.py::1924,0.185327
lib/matplotlib/transforms.py::1925,0.185327
lib/matplotlib/transforms.py::1926,0.185327
lib/matplotlib/transforms.py::1936,0.185327
lib/matplotlib/spines.py::488,0.185150
lib/matplotlib/spines.py::489,0.185150
lib/matplotlib/spines.py::490,0.185150
lib/matplotlib/spines.py::491,0.185150
lib/matplotlib/spines.py::498,0.185150
lib/matplotlib/spines.py::499,0.185150
lib/matplotlib/spines.py::501,0.185150
lib/matplotlib/transforms.py::2556,0.185150
lib/matplotlib/transforms.py::2559,0.185150
lib/matplotlib/transforms.py::2560,0.185150
lib/matplotlib/transforms.py::2561,0.185150
lib/matplotlib/transforms.py::2562,0.185150
lib/matplotlib/transforms.py::2563,0.185150
lib/matplotlib/transforms.py::180,0.184798
lib/matplotlib/transforms.py::181,0.184798
lib/matplotlib/transforms.py::182,0.184798
lib/matplotlib/transforms.py::183,0.184798
lib/matplotlib/transforms.py::2299,0.184798
lib/matplotlib/transforms.py::2300,0.184798
lib/matplotlib/transforms.py::2305,0.184798
lib/matplotlib/transforms.py::2306,0.184798
lib/matplotlib/transforms.py::2322,0.184798
lib/matplotlib/backend_bases.py::2574,0.184623
lib/matplotlib/cbook/__init__.py::222,0.184623
lib/matplotlib/cbook/__init__.py::223,0.184623
lib/matplotlib/cbook/__init__.py::224,0.184623
lib/matplotlib/cbook/__init__.py::225,0.184623
lib/matplotlib/cbook/__init__.py::94,0.184623
lib/matplotlib/figure.py::505,0.184623
lib/matplotlib/pyplot.py::633,0.184623
lib/matplotlib/__init__.py::1157,0.184448
lib/matplotlib/__init__.py::1169,0.184448
lib/matplotlib/_pylab_helpers.py::111,0.184448
lib/matplotlib/_pylab_helpers.py::112,0.184448
lib/matplotlib/_pylab_helpers.py::40,0.184448
lib/matplotlib/_pylab_helpers.py::41,0.184448
lib/matplotlib/_pylab_helpers.py::43,0.184448
lib/matplotlib/artist.py::1012,0.184448
lib/matplotlib/artist.py::1013,0.184448
lib/matplotlib/artist.py::1016,0.184448
lib/matplotlib/artist.py::1017,0.184448
lib/matplotlib/artist.py::1032,0.184448
lib/matplotlib/artist.py::1034,0.184448
lib/matplotlib/artist.py::1035,0.184448
lib/matplotlib/artist.py::1036,0.184448
lib/matplotlib/artist.py::1083,0.184448
lib/matplotlib/artist.py::1084,0.184448
lib/matplotlib/artist.py::1085,0.184448
lib/matplotlib/artist.py::1086,0.184448
lib/matplotlib/artist.py::1087,0.184448
lib/matplotlib/artist.py::1196,0.184448
lib/matplotlib/artist.py::174,0.184448
lib/matplotlib/artist.py::175,0.184448
lib/matplotlib/artist.py::176,0.184448
lib/matplotlib/artist.py::177,0.184448
lib/matplotlib/artist.py::186,0.184448
lib/matplotlib/artist.py::187,0.184448
lib/matplotlib/artist.py::188,0.184448
lib/matplotlib/artist.py::189,0.184448
lib/matplotlib/artist.py::194,0.184448
lib/matplotlib/artist.py::205,0.184448
lib/matplotlib/artist.py::354,0.184448
lib/matplotlib/artist.py::371,0.184448
lib/matplotlib/artist.py::373,0.184448
lib/matplotlib/artist.py::376,0.184448
lib/matplotlib/artist.py::53,0.184448
lib/matplotlib/artist.py::54,0.184448
lib/matplotlib/artist.py::720,0.184448
lib/matplotlib/artist.py::721,0.184448
lib/matplotlib/artist.py::722,0.184448
lib/matplotlib/artist.py::749,0.184448
lib/matplotlib/artist.py::751,0.184448
lib/matplotlib/artist.py::752,0.184448
lib/matplotlib/artist.py::753,0.184448
lib/matplotlib/artist.py::764,0.184448
lib/matplotlib/artist.py::767,0.184448
lib/matplotlib/artist.py::770,0.184448
lib/matplotlib/artist.py::773,0.184448
lib/matplotlib/artist.py::777,0.184448
lib/matplotlib/artist.py::783,0.184448
lib/matplotlib/artist.py::784,0.184448
lib/matplotlib/artist.py::795,0.184448
lib/matplotlib/artist.py::929,0.184448
lib/matplotlib/artist.py::931,0.184448
lib/matplotlib/artist.py::932,0.184448
lib/matplotlib/artist.py::933,0.184448
lib/matplotlib/axes/_base.py::1003,0.184448
lib/matplotlib/axes/_base.py::1004,0.184448
lib/matplotlib/axes/_base.py::1005,0.184448
lib/matplotlib/axes/_base.py::1009,0.184448
lib/matplotlib/axes/_base.py::1012,0.184448
lib/matplotlib/axes/_base.py::1015,0.184448
lib/matplotlib/axes/_base.py::1016,0.184448
lib/matplotlib/axes/_base.py::1017,0.184448
lib/matplotlib/axes/_base.py::1018,0.184448
lib/matplotlib/axes/_base.py::1019,0.184448
lib/matplotlib/axes/_base.py::1020,0.184448
lib/matplotlib/axes/_base.py::1021,0.184448
lib/matplotlib/axes/_base.py::1022,0.184448
lib/matplotlib/axes/_base.py::1023,0.184448
lib/matplotlib/axes/_base.py::1025,0.184448
lib/matplotlib/axes/_base.py::1026,0.184448
lib/matplotlib/axes/_base.py::1028,0.184448
lib/matplotlib/axes/_base.py::1029,0.184448
lib/matplotlib/axes/_base.py::1030,0.184448
lib/matplotlib/axes/_base.py::1031,0.184448
lib/matplotlib/axes/_base.py::1032,0.184448
lib/matplotlib/axes/_base.py::1033,0.184448
lib/matplotlib/axes/_base.py::1034,0.184448
lib/matplotlib/axes/_base.py::1035,0.184448
lib/matplotlib/axes/_base.py::1036,0.184448
lib/matplotlib/axes/_base.py::1037,0.184448
lib/matplotlib/axes/_base.py::1038,0.184448
lib/matplotlib/axes/_base.py::1039,0.184448
lib/matplotlib/axes/_base.py::1040,0.184448
lib/matplotlib/axes/_base.py::1042,0.184448
lib/matplotlib/axes/_base.py::1043,0.184448
lib/matplotlib/axes/_base.py::1044,0.184448
lib/matplotlib/axes/_base.py::1045,0.184448
lib/matplotlib/axes/_base.py::1046,0.184448
lib/matplotlib/axes/_base.py::1047,0.184448
lib/matplotlib/axes/_base.py::1049,0.184448
lib/matplotlib/axes/_base.py::1050,0.184448
lib/matplotlib/axes/_base.py::1051,0.184448
lib/matplotlib/axes/_base.py::1052,0.184448
lib/matplotlib/axes/_base.py::1053,0.184448
lib/matplotlib/axes/_base.py::1055,0.184448
lib/matplotlib/axes/_base.py::1056,0.184448
lib/matplotlib/axes/_base.py::1057,0.184448
lib/matplotlib/axes/_base.py::1058,0.184448
lib/matplotlib/axes/_base.py::1059,0.184448
lib/matplotlib/axes/_base.py::1060,0.184448
lib/matplotlib/axes/_base.py::1061,0.184448
lib/matplotlib/axes/_base.py::1062,0.184448
lib/matplotlib/axes/_base.py::1063,0.184448
lib/matplotlib/axes/_base.py::1064,0.184448
lib/matplotlib/axes/_base.py::1066,0.184448
lib/matplotlib/axes/_base.py::1069,0.184448
lib/matplotlib/axes/_base.py::1071,0.184448
lib/matplotlib/axes/_base.py::1073,0.184448
lib/matplotlib/axes/_base.py::1074,0.184448
lib/matplotlib/axes/_base.py::1079,0.184448
lib/matplotlib/axes/_base.py::1080,0.184448
lib/matplotlib/axes/_base.py::1081,0.184448
lib/matplotlib/axes/_base.py::1082,0.184448
lib/matplotlib/axes/_base.py::1083,0.184448
lib/matplotlib/axes/_base.py::1084,0.184448
lib/matplotlib/axes/_base.py::1086,0.184448
lib/matplotlib/axes/_base.py::1088,0.184448
lib/matplotlib/axes/_base.py::1089,0.184448
lib/matplotlib/axes/_base.py::1091,0.184448
lib/matplotlib/axes/_base.py::1092,0.184448
lib/matplotlib/axes/_base.py::1093,0.184448
lib/matplotlib/axes/_base.py::1097,0.184448
lib/matplotlib/axes/_base.py::1101,0.184448
lib/matplotlib/axes/_base.py::1128,0.184448
lib/matplotlib/axes/_base.py::1129,0.184448
lib/matplotlib/axes/_base.py::1130,0.184448
lib/matplotlib/axes/_base.py::1131,0.184448
lib/matplotlib/axes/_base.py::1132,0.184448
lib/matplotlib/axes/_base.py::1133,0.184448
lib/matplotlib/axes/_base.py::130,0.184448
lib/matplotlib/axes/_base.py::131,0.184448
lib/matplotlib/axes/_base.py::132,0.184448
lib/matplotlib/axes/_base.py::1387,0.184448
lib/matplotlib/axes/_base.py::1388,0.184448
lib/matplotlib/axes/_base.py::1390,0.184448
lib/matplotlib/axes/_base.py::1397,0.184448
lib/matplotlib/axes/_base.py::1398,0.184448
lib/matplotlib/axes/_base.py::1399,0.184448
lib/matplotlib/axes/_base.py::144,0.184448
lib/matplotlib/axes/_base.py::145,0.184448
lib/matplotlib/axes/_base.py::149,0.184448
lib/matplotlib/axes/_base.py::151,0.184448
lib/matplotlib/axes/_base.py::2117,0.184448
lib/matplotlib/axes/_base.py::2119,0.184448
lib/matplotlib/axes/_base.py::2122,0.184448
lib/matplotlib/axes/_base.py::2124,0.184448
lib/matplotlib/axes/_base.py::2125,0.184448
lib/matplotlib/axes/_base.py::2128,0.184448
lib/matplotlib/axes/_base.py::2140,0.184448
lib/matplotlib/axes/_base.py::2142,0.184448
lib/matplotlib/axes/_base.py::2143,0.184448
lib/matplotlib/axes/_base.py::2144,0.184448
lib/matplotlib/axes/_base.py::2538,0.184448
lib/matplotlib/axes/_base.py::2793,0.184448
lib/matplotlib/axes/_base.py::2794,0.184448
lib/matplotlib/axes/_base.py::2796,0.184448
lib/matplotlib/axes/_base.py::2802,0.184448
lib/matplotlib/axes/_base.py::2803,0.184448
lib/matplotlib/axes/_base.py::2804,0.184448
lib/matplotlib/axes/_base.py::2843,0.184448
lib/matplotlib/axes/_base.py::2845,0.184448
lib/matplotlib/axes/_base.py::2846,0.184448
lib/matplotlib/axes/_base.py::2847,0.184448
lib/matplotlib/axes/_base.py::2848,0.184448
lib/matplotlib/axes/_base.py::2849,0.184448
lib/matplotlib/axes/_base.py::3031,0.184448
lib/matplotlib/axes/_base.py::3032,0.184448
lib/matplotlib/axes/_base.py::3033,0.184448
lib/matplotlib/axes/_base.py::3034,0.184448
lib/matplotlib/axes/_base.py::3035,0.184448
lib/matplotlib/axes/_base.py::3036,0.184448
lib/matplotlib/axes/_base.py::3037,0.184448
lib/matplotlib/axes/_base.py::3038,0.184448
lib/matplotlib/axes/_base.py::3039,0.184448
lib/matplotlib/axes/_base.py::3040,0.184448
lib/matplotlib/axes/_base.py::3041,0.184448
lib/matplotlib/axes/_base.py::3042,0.184448
lib/matplotlib/axes/_base.py::3043,0.184448
lib/matplotlib/axes/_base.py::3044,0.184448
lib/matplotlib/axes/_base.py::3045,0.184448
lib/matplotlib/axes/_base.py::3062,0.184448
lib/matplotlib/axes/_base.py::3063,0.184448
lib/matplotlib/axes/_base.py::3174,0.184448
lib/matplotlib/axes/_base.py::3175,0.184448
lib/matplotlib/axes/_base.py::3176,0.184448
lib/matplotlib/axes/_base.py::3177,0.184448
lib/matplotlib/axes/_base.py::3179,0.184448
lib/matplotlib/axes/_base.py::3249,0.184448
lib/matplotlib/axes/_base.py::3251,0.184448
lib/matplotlib/axes/_base.py::3255,0.184448
lib/matplotlib/axes/_base.py::3260,0.184448
lib/matplotlib/axes/_base.py::3261,0.184448
lib/matplotlib/axes/_base.py::3262,0.184448
lib/matplotlib/axes/_base.py::3264,0.184448
lib/matplotlib/axes/_base.py::3273,0.184448
lib/matplotlib/axes/_base.py::3289,0.184448
lib/matplotlib/axes/_base.py::3293,0.184448
lib/matplotlib/axes/_base.py::3294,0.184448
lib/matplotlib/axes/_base.py::3295,0.184448
lib/matplotlib/axes/_base.py::3297,0.184448
lib/matplotlib/axes/_base.py::3299,0.184448
lib/matplotlib/axes/_base.py::3300,0.184448
lib/matplotlib/axes/_base.py::3301,0.184448
lib/matplotlib/axes/_base.py::3303,0.184448
lib/matplotlib/axes/_base.py::3304,0.184448
lib/matplotlib/axes/_base.py::3306,0.184448
lib/matplotlib/axes/_base.py::3307,0.184448
lib/matplotlib/axes/_base.py::3312,0.184448
lib/matplotlib/axes/_base.py::3313,0.184448
lib/matplotlib/axes/_base.py::3323,0.184448
lib/matplotlib/axes/_base.py::3642,0.184448
lib/matplotlib/axes/_base.py::3644,0.184448
lib/matplotlib/axes/_base.py::3648,0.184448
lib/matplotlib/axes/_base.py::3653,0.184448
lib/matplotlib/axes/_base.py::3654,0.184448
lib/matplotlib/axes/_base.py::3655,0.184448
lib/matplotlib/axes/_base.py::3657,0.184448
lib/matplotlib/axes/_base.py::3666,0.184448
lib/matplotlib/axes/_base.py::3682,0.184448
lib/matplotlib/axes/_base.py::3687,0.184448
lib/matplotlib/axes/_base.py::3688,0.184448
lib/matplotlib/axes/_base.py::3689,0.184448
lib/matplotlib/axes/_base.py::3691,0.184448
lib/matplotlib/axes/_base.py::3693,0.184448
lib/matplotlib/axes/_base.py::3694,0.184448
lib/matplotlib/axes/_base.py::3695,0.184448
lib/matplotlib/axes/_base.py::3697,0.184448
lib/matplotlib/axes/_base.py::3698,0.184448
lib/matplotlib/axes/_base.py::3700,0.184448
lib/matplotlib/axes/_base.py::3701,0.184448
lib/matplotlib/axes/_base.py::3706,0.184448
lib/matplotlib/axes/_base.py::3707,0.184448
lib/matplotlib/axes/_base.py::3717,0.184448
lib/matplotlib/axes/_base.py::3977,0.184448
lib/matplotlib/axes/_base.py::3993,0.184448
lib/matplotlib/axes/_base.py::446,0.184448
lib/matplotlib/axes/_base.py::447,0.184448
lib/matplotlib/axes/_base.py::448,0.184448
lib/matplotlib/axes/_base.py::449,0.184448
lib/matplotlib/axes/_base.py::451,0.184448
lib/matplotlib/axes/_base.py::454,0.184448
lib/matplotlib/axes/_base.py::455,0.184448
lib/matplotlib/axes/_base.py::456,0.184448
lib/matplotlib/axes/_base.py::457,0.184448
lib/matplotlib/axes/_base.py::458,0.184448
lib/matplotlib/axes/_base.py::459,0.184448
lib/matplotlib/axes/_base.py::461,0.184448
lib/matplotlib/axes/_base.py::462,0.184448
lib/matplotlib/axes/_base.py::465,0.184448
lib/matplotlib/axes/_base.py::466,0.184448
lib/matplotlib/axes/_base.py::468,0.184448
lib/matplotlib/axes/_base.py::469,0.184448
lib/matplotlib/axes/_base.py::471,0.184448
lib/matplotlib/axes/_base.py::473,0.184448
lib/matplotlib/axes/_base.py::476,0.184448
lib/matplotlib/axes/_base.py::478,0.184448
lib/matplotlib/axes/_base.py::479,0.184448
lib/matplotlib/axes/_base.py::480,0.184448
lib/matplotlib/axes/_base.py::482,0.184448
lib/matplotlib/axes/_base.py::483,0.184448
lib/matplotlib/axes/_base.py::484,0.184448
lib/matplotlib/axes/_base.py::486,0.184448
lib/matplotlib/axes/_base.py::487,0.184448
lib/matplotlib/axes/_base.py::488,0.184448
lib/matplotlib/axes/_base.py::489,0.184448
lib/matplotlib/axes/_base.py::490,0.184448
lib/matplotlib/axes/_base.py::492,0.184448
lib/matplotlib/axes/_base.py::493,0.184448
lib/matplotlib/axes/_base.py::494,0.184448
lib/matplotlib/axes/_base.py::495,0.184448
lib/matplotlib/axes/_base.py::496,0.184448
lib/matplotlib/axes/_base.py::497,0.184448
lib/matplotlib/axes/_base.py::498,0.184448
lib/matplotlib/axes/_base.py::500,0.184448
lib/matplotlib/axes/_base.py::502,0.184448
lib/matplotlib/axes/_base.py::503,0.184448
lib/matplotlib/axes/_base.py::504,0.184448
lib/matplotlib/axes/_base.py::505,0.184448
lib/matplotlib/axes/_base.py::507,0.184448
lib/matplotlib/axes/_base.py::508,0.184448
lib/matplotlib/axes/_base.py::509,0.184448
lib/matplotlib/axes/_base.py::510,0.184448
lib/matplotlib/axes/_base.py::511,0.184448
lib/matplotlib/axes/_base.py::512,0.184448
lib/matplotlib/axes/_base.py::513,0.184448
lib/matplotlib/axes/_base.py::515,0.184448
lib/matplotlib/axes/_base.py::517,0.184448
lib/matplotlib/axes/_base.py::518,0.184448
lib/matplotlib/axes/_base.py::580,0.184448
lib/matplotlib/axes/_base.py::582,0.184448
lib/matplotlib/axes/_base.py::583,0.184448
lib/matplotlib/axes/_base.py::585,0.184448
lib/matplotlib/axes/_base.py::586,0.184448
lib/matplotlib/axes/_base.py::587,0.184448
lib/matplotlib/axes/_base.py::588,0.184448
lib/matplotlib/axes/_base.py::590,0.184448
lib/matplotlib/axes/_base.py::810,0.184448
lib/matplotlib/axes/_base.py::811,0.184448
lib/matplotlib/axes/_base.py::812,0.184448
lib/matplotlib/axes/_base.py::813,0.184448
lib/matplotlib/axes/_base.py::903,0.184448
lib/matplotlib/axes/_base.py::904,0.184448
lib/matplotlib/axes/_base.py::914,0.184448
lib/matplotlib/axes/_base.py::915,0.184448
lib/matplotlib/axes/_base.py::918,0.184448
lib/matplotlib/axes/_base.py::919,0.184448
lib/matplotlib/axes/_base.py::962,0.184448
lib/matplotlib/axes/_base.py::965,0.184448
lib/matplotlib/axes/_base.py::967,0.184448
lib/matplotlib/axes/_base.py::968,0.184448
lib/matplotlib/axes/_base.py::970,0.184448
lib/matplotlib/axes/_base.py::971,0.184448
lib/matplotlib/axes/_base.py::973,0.184448
lib/matplotlib/axes/_base.py::974,0.184448
lib/matplotlib/axes/_base.py::976,0.184448
lib/matplotlib/axes/_base.py::977,0.184448
lib/matplotlib/axes/_base.py::979,0.184448
lib/matplotlib/axes/_base.py::989,0.184448
lib/matplotlib/axes/_base.py::990,0.184448
lib/matplotlib/axes/_base.py::991,0.184448
lib/matplotlib/axes/_base.py::995,0.184448
lib/matplotlib/axis.py::101,0.184448
lib/matplotlib/axis.py::103,0.184448
lib/matplotlib/axis.py::105,0.184448
lib/matplotlib/axis.py::106,0.184448
lib/matplotlib/axis.py::107,0.184448
lib/matplotlib/axis.py::109,0.184448
lib/matplotlib/axis.py::110,0.184448
lib/matplotlib/axis.py::111,0.184448
lib/matplotlib/axis.py::113,0.184448
lib/matplotlib/axis.py::114,0.184448
lib/matplotlib/axis.py::116,0.184448
lib/matplotlib/axis.py::117,0.184448
lib/matplotlib/axis.py::118,0.184448
lib/matplotlib/axis.py::120,0.184448
lib/matplotlib/axis.py::121,0.184448
lib/matplotlib/axis.py::123,0.184448
lib/matplotlib/axis.py::124,0.184448
lib/matplotlib/axis.py::126,0.184448
lib/matplotlib/axis.py::128,0.184448
lib/matplotlib/axis.py::129,0.184448
lib/matplotlib/axis.py::130,0.184448
lib/matplotlib/axis.py::132,0.184448
lib/matplotlib/axis.py::1322,0.184448
lib/matplotlib/axis.py::133,0.184448
lib/matplotlib/axis.py::135,0.184448
lib/matplotlib/axis.py::136,0.184448
lib/matplotlib/axis.py::137,0.184448
lib/matplotlib/axis.py::138,0.184448
lib/matplotlib/axis.py::1386,0.184448
lib/matplotlib/axis.py::139,0.184448
lib/matplotlib/axis.py::1392,0.184448
lib/matplotlib/axis.py::1393,0.184448
lib/matplotlib/axis.py::1394,0.184448
lib/matplotlib/axis.py::1396,0.184448
lib/matplotlib/axis.py::140,0.184448
lib/matplotlib/axis.py::1403,0.184448
lib/matplotlib/axis.py::1404,0.184448
lib/matplotlib/axis.py::1407,0.184448
lib/matplotlib/axis.py::1408,0.184448
lib/matplotlib/axis.py::1409,0.184448
lib/matplotlib/axis.py::141,0.184448
lib/matplotlib/axis.py::1410,0.184448
lib/matplotlib/axis.py::1418,0.184448
lib/matplotlib/axis.py::1419,0.184448
lib/matplotlib/axis.py::142,0.184448
lib/matplotlib/axis.py::1420,0.184448
lib/matplotlib/axis.py::143,0.184448
lib/matplotlib/axis.py::145,0.184448
lib/matplotlib/axis.py::1468,0.184448
lib/matplotlib/axis.py::147,0.184448
lib/matplotlib/axis.py::1472,0.184448
lib/matplotlib/axis.py::1473,0.184448
lib/matplotlib/axis.py::148,0.184448
lib/matplotlib/axis.py::149,0.184448
lib/matplotlib/axis.py::1495,0.184448
lib/matplotlib/axis.py::1496,0.184448
lib/matplotlib/axis.py::150,0.184448
lib/matplotlib/axis.py::152,0.184448
lib/matplotlib/axis.py::153,0.184448
lib/matplotlib/axis.py::1536,0.184448
lib/matplotlib/axis.py::1537,0.184448
lib/matplotlib/axis.py::154,0.184448
lib/matplotlib/axis.py::1542,0.184448
lib/matplotlib/axis.py::1543,0.184448
lib/matplotlib/axis.py::1544,0.184448
lib/matplotlib/axis.py::1545,0.184448
lib/matplotlib/axis.py::155,0.184448
lib/matplotlib/axis.py::1555,0.184448
lib/matplotlib/axis.py::1556,0.184448
lib/matplotlib/axis.py::1561,0.184448
lib/matplotlib/axis.py::1562,0.184448
lib/matplotlib/axis.py::1563,0.184448
lib/matplotlib/axis.py::1564,0.184448
lib/matplotlib/axis.py::157,0.184448
lib/matplotlib/axis.py::1574,0.184448
lib/matplotlib/axis.py::1575,0.184448
lib/matplotlib/axis.py::1576,0.184448
lib/matplotlib/axis.py::1577,0.184448
lib/matplotlib/axis.py::1578,0.184448
lib/matplotlib/axis.py::1579,0.184448
lib/matplotlib/axis.py::158,0.184448
lib/matplotlib/axis.py::1580,0.184448
lib/matplotlib/axis.py::159,0.184448
lib/matplotlib/axis.py::1590,0.184448
lib/matplotlib/axis.py::1591,0.184448
lib/matplotlib/axis.py::1592,0.184448
lib/matplotlib/axis.py::1593,0.184448
lib/matplotlib/axis.py::1594,0.184448
lib/matplotlib/axis.py::1595,0.184448
lib/matplotlib/axis.py::1596,0.184448
lib/matplotlib/axis.py::160,0.184448
lib/matplotlib/axis.py::161,0.184448
lib/matplotlib/axis.py::164,0.184448
lib/matplotlib/axis.py::165,0.184448
lib/matplotlib/axis.py::166,0.184448
lib/matplotlib/axis.py::167,0.184448
lib/matplotlib/axis.py::168,0.184448
lib/matplotlib/axis.py::169,0.184448
lib/matplotlib/axis.py::170,0.184448
lib/matplotlib/axis.py::171,0.184448
lib/matplotlib/axis.py::175,0.184448
lib/matplotlib/axis.py::176,0.184448
lib/matplotlib/axis.py::183,0.184448
lib/matplotlib/axis.py::1835,0.184448
lib/matplotlib/axis.py::1838,0.184448
lib/matplotlib/axis.py::1839,0.184448
lib/matplotlib/axis.py::184,0.184448
lib/matplotlib/axis.py::1840,0.184448
lib/matplotlib/axis.py::1841,0.184448
lib/matplotlib/axis.py::1842,0.184448
lib/matplotlib/axis.py::1844,0.184448
lib/matplotlib/axis.py::1845,0.184448
lib/matplotlib/axis.py::1846,0.184448
lib/matplotlib/axis.py::1847,0.184448
lib/matplotlib/axis.py::1848,0.184448
lib/matplotlib/axis.py::1849,0.184448
lib/matplotlib/axis.py::185,0.184448
lib/matplotlib/axis.py::1850,0.184448
lib/matplotlib/axis.py::1851,0.184448
lib/matplotlib/axis.py::1853,0.184448
lib/matplotlib/axis.py::187,0.184448
lib/matplotlib/axis.py::2082,0.184448
lib/matplotlib/axis.py::2126,0.184448
lib/matplotlib/axis.py::2129,0.184448
lib/matplotlib/axis.py::2130,0.184448
lib/matplotlib/axis.py::2131,0.184448
lib/matplotlib/axis.py::2132,0.184448
lib/matplotlib/axis.py::2133,0.184448
lib/matplotlib/axis.py::2134,0.184448
lib/matplotlib/axis.py::2136,0.184448
lib/matplotlib/axis.py::2138,0.184448
lib/matplotlib/axis.py::2139,0.184448
lib/matplotlib/axis.py::2140,0.184448
lib/matplotlib/axis.py::2141,0.184448
lib/matplotlib/axis.py::2142,0.184448
lib/matplotlib/axis.py::2143,0.184448
lib/matplotlib/axis.py::2144,0.184448
lib/matplotlib/axis.py::2146,0.184448
lib/matplotlib/axis.py::216,0.184448
lib/matplotlib/axis.py::219,0.184448
lib/matplotlib/axis.py::222,0.184448
lib/matplotlib/axis.py::223,0.184448
lib/matplotlib/axis.py::224,0.184448
lib/matplotlib/axis.py::225,0.184448
lib/matplotlib/axis.py::236,0.184448
lib/matplotlib/axis.py::237,0.184448
lib/matplotlib/axis.py::2371,0.184448
lib/matplotlib/axis.py::238,0.184448
lib/matplotlib/axis.py::240,0.184448
lib/matplotlib/axis.py::249,0.184448
lib/matplotlib/axis.py::250,0.184448
lib/matplotlib/axis.py::251,0.184448
lib/matplotlib/axis.py::339,0.184448
lib/matplotlib/axis.py::348,0.184448
lib/matplotlib/axis.py::349,0.184448
lib/matplotlib/axis.py::350,0.184448
lib/matplotlib/axis.py::351,0.184448
lib/matplotlib/axis.py::352,0.184448
lib/matplotlib/axis.py::353,0.184448
lib/matplotlib/axis.py::354,0.184448
lib/matplotlib/axis.py::355,0.184448
lib/matplotlib/axis.py::374,0.184448
lib/matplotlib/axis.py::375,0.184448
lib/matplotlib/axis.py::376,0.184448
lib/matplotlib/axis.py::377,0.184448
lib/matplotlib/axis.py::380,0.184448
lib/matplotlib/axis.py::385,0.184448
lib/matplotlib/axis.py::387,0.184448
lib/matplotlib/axis.py::388,0.184448
lib/matplotlib/axis.py::389,0.184448
lib/matplotlib/axis.py::396,0.184448
lib/matplotlib/axis.py::398,0.184448
lib/matplotlib/axis.py::399,0.184448
lib/matplotlib/axis.py::421,0.184448
lib/matplotlib/axis.py::423,0.184448
lib/matplotlib/axis.py::424,0.184448
lib/matplotlib/axis.py::425,0.184448
lib/matplotlib/axis.py::426,0.184448
lib/matplotlib/axis.py::428,0.184448
lib/matplotlib/axis.py::429,0.184448
lib/matplotlib/axis.py::430,0.184448
lib/matplotlib/axis.py::431,0.184448
lib/matplotlib/axis.py::433,0.184448
lib/matplotlib/axis.py::434,0.184448
lib/matplotlib/axis.py::435,0.184448
lib/matplotlib/axis.py::438,0.184448
lib/matplotlib/axis.py::439,0.184448
lib/matplotlib/axis.py::440,0.184448
lib/matplotlib/axis.py::441,0.184448
lib/matplotlib/axis.py::443,0.184448
lib/matplotlib/axis.py::444,0.184448
lib/matplotlib/axis.py::445,0.184448
lib/matplotlib/axis.py::446,0.184448
lib/matplotlib/axis.py::450,0.184448
lib/matplotlib/axis.py::453,0.184448
lib/matplotlib/axis.py::456,0.184448
lib/matplotlib/axis.py::457,0.184448
lib/matplotlib/axis.py::458,0.184448
lib/matplotlib/axis.py::460,0.184448
lib/matplotlib/axis.py::466,0.184448
lib/matplotlib/axis.py::467,0.184448
lib/matplotlib/axis.py::471,0.184448
lib/matplotlib/axis.py::472,0.184448
lib/matplotlib/axis.py::473,0.184448
lib/matplotlib/axis.py::474,0.184448
lib/matplotlib/axis.py::475,0.184448
lib/matplotlib/axis.py::476,0.184448
lib/matplotlib/axis.py::477,0.184448
lib/matplotlib/axis.py::492,0.184448
lib/matplotlib/axis.py::494,0.184448
lib/matplotlib/axis.py::495,0.184448
lib/matplotlib/axis.py::496,0.184448
lib/matplotlib/axis.py::497,0.184448
lib/matplotlib/axis.py::499,0.184448
lib/matplotlib/axis.py::500,0.184448
lib/matplotlib/axis.py::501,0.184448
lib/matplotlib/axis.py::502,0.184448
lib/matplotlib/axis.py::504,0.184448
lib/matplotlib/axis.py::505,0.184448
lib/matplotlib/axis.py::506,0.184448
lib/matplotlib/axis.py::509,0.184448
lib/matplotlib/axis.py::510,0.184448
lib/matplotlib/axis.py::511,0.184448
lib/matplotlib/axis.py::512,0.184448
lib/matplotlib/axis.py::514,0.184448
lib/matplotlib/axis.py::515,0.184448
lib/matplotlib/axis.py::516,0.184448
lib/matplotlib/axis.py::517,0.184448
lib/matplotlib/axis.py::521,0.184448
lib/matplotlib/axis.py::524,0.184448
lib/matplotlib/axis.py::527,0.184448
lib/matplotlib/axis.py::528,0.184448
lib/matplotlib/axis.py::529,0.184448
lib/matplotlib/axis.py::531,0.184448
lib/matplotlib/axis.py::537,0.184448
lib/matplotlib/axis.py::538,0.184448
lib/matplotlib/axis.py::542,0.184448
lib/matplotlib/axis.py::543,0.184448
lib/matplotlib/axis.py::544,0.184448
lib/matplotlib/axis.py::545,0.184448
lib/matplotlib/axis.py::546,0.184448
lib/matplotlib/axis.py::547,0.184448
lib/matplotlib/axis.py::548,0.184448
lib/matplotlib/axis.py::568,0.184448
lib/matplotlib/axis.py::569,0.184448
lib/matplotlib/axis.py::573,0.184448
lib/matplotlib/axis.py::577,0.184448
lib/matplotlib/axis.py::582,0.184448
lib/matplotlib/axis.py::586,0.184448
lib/matplotlib/axis.py::590,0.184448
lib/matplotlib/axis.py::595,0.184448
lib/matplotlib/axis.py::610,0.184448
lib/matplotlib/axis.py::618,0.184448
lib/matplotlib/axis.py::619,0.184448
lib/matplotlib/axis.py::620,0.184448
lib/matplotlib/axis.py::621,0.184448
lib/matplotlib/axis.py::622,0.184448
lib/matplotlib/axis.py::624,0.184448
lib/matplotlib/axis.py::625,0.184448
lib/matplotlib/axis.py::626,0.184448
lib/matplotlib/axis.py::627,0.184448
lib/matplotlib/axis.py::676,0.184448
lib/matplotlib/axis.py::677,0.184448
lib/matplotlib/axis.py::679,0.184448
lib/matplotlib/axis.py::681,0.184448
lib/matplotlib/axis.py::683,0.184448
lib/matplotlib/axis.py::684,0.184448
lib/matplotlib/axis.py::685,0.184448
lib/matplotlib/axis.py::686,0.184448
lib/matplotlib/axis.py::688,0.184448
lib/matplotlib/axis.py::689,0.184448
lib/matplotlib/axis.py::691,0.184448
lib/matplotlib/axis.py::692,0.184448
lib/matplotlib/axis.py::693,0.184448
lib/matplotlib/axis.py::694,0.184448
lib/matplotlib/axis.py::695,0.184448
lib/matplotlib/axis.py::697,0.184448
lib/matplotlib/axis.py::698,0.184448
lib/matplotlib/axis.py::699,0.184448
lib/matplotlib/axis.py::701,0.184448
lib/matplotlib/axis.py::703,0.184448
lib/matplotlib/axis.py::706,0.184448
lib/matplotlib/axis.py::707,0.184448
lib/matplotlib/axis.py::709,0.184448
lib/matplotlib/axis.py::710,0.184448
lib/matplotlib/axis.py::750,0.184448
lib/matplotlib/axis.py::753,0.184448
lib/matplotlib/axis.py::756,0.184448
lib/matplotlib/axis.py::757,0.184448
lib/matplotlib/axis.py::759,0.184448
lib/matplotlib/axis.py::760,0.184448
lib/matplotlib/axis.py::761,0.184448
lib/matplotlib/axis.py::762,0.184448
lib/matplotlib/axis.py::765,0.184448
lib/matplotlib/axis.py::774,0.184448
lib/matplotlib/axis.py::776,0.184448
lib/matplotlib/axis.py::779,0.184448
lib/matplotlib/axis.py::783,0.184448
lib/matplotlib/axis.py::786,0.184448
lib/matplotlib/axis.py::789,0.184448
lib/matplotlib/axis.py::791,0.184448
lib/matplotlib/axis.py::792,0.184448
lib/matplotlib/axis.py::793,0.184448
lib/matplotlib/axis.py::794,0.184448
lib/matplotlib/axis.py::803,0.184448
lib/matplotlib/axis.py::804,0.184448
lib/matplotlib/axis.py::805,0.184448
lib/matplotlib/axis.py::806,0.184448
lib/matplotlib/axis.py::807,0.184448
lib/matplotlib/axis.py::808,0.184448
lib/matplotlib/axis.py::809,0.184448
lib/matplotlib/axis.py::810,0.184448
lib/matplotlib/axis.py::811,0.184448
lib/matplotlib/axis.py::812,0.184448
lib/matplotlib/axis.py::813,0.184448
lib/matplotlib/axis.py::814,0.184448
lib/matplotlib/axis.py::823,0.184448
lib/matplotlib/axis.py::824,0.184448
lib/matplotlib/axis.py::828,0.184448
lib/matplotlib/axis.py::837,0.184448
lib/matplotlib/axis.py::838,0.184448
lib/matplotlib/axis.py::839,0.184448
lib/matplotlib/axis.py::84,0.184448
lib/matplotlib/axis.py::840,0.184448
lib/matplotlib/axis.py::841,0.184448
lib/matplotlib/axis.py::842,0.184448
lib/matplotlib/axis.py::843,0.184448
lib/matplotlib/axis.py::844,0.184448
lib/matplotlib/axis.py::846,0.184448
lib/matplotlib/axis.py::849,0.184448
lib/matplotlib/axis.py::854,0.184448
lib/matplotlib/axis.py::855,0.184448
lib/matplotlib/axis.py::856,0.184448
lib/matplotlib/axis.py::857,0.184448
lib/matplotlib/axis.py::858,0.184448
lib/matplotlib/axis.py::859,0.184448
lib/matplotlib/axis.py::86,0.184448
lib/matplotlib/axis.py::860,0.184448
lib/matplotlib/axis.py::861,0.184448
lib/matplotlib/axis.py::863,0.184448
lib/matplotlib/axis.py::865,0.184448
lib/matplotlib/axis.py::867,0.184448
lib/matplotlib/axis.py::868,0.184448
lib/matplotlib/axis.py::869,0.184448
lib/matplotlib/axis.py::87,0.184448
lib/matplotlib/axis.py::870,0.184448
lib/matplotlib/axis.py::871,0.184448
lib/matplotlib/axis.py::872,0.184448
lib/matplotlib/axis.py::873,0.184448
lib/matplotlib/axis.py::874,0.184448
lib/matplotlib/axis.py::875,0.184448
lib/matplotlib/axis.py::876,0.184448
lib/matplotlib/axis.py::877,0.184448
lib/matplotlib/axis.py::878,0.184448
lib/matplotlib/axis.py::879,0.184448
lib/matplotlib/axis.py::880,0.184448
lib/matplotlib/axis.py::881,0.184448
lib/matplotlib/axis.py::882,0.184448
lib/matplotlib/axis.py::883,0.184448
lib/matplotlib/axis.py::888,0.184448
lib/matplotlib/axis.py::889,0.184448
lib/matplotlib/axis.py::893,0.184448
lib/matplotlib/axis.py::894,0.184448
lib/matplotlib/axis.py::897,0.184448
lib/matplotlib/axis.py::898,0.184448
lib/matplotlib/axis.py::899,0.184448
lib/matplotlib/axis.py::90,0.184448
lib/matplotlib/axis.py::900,0.184448
lib/matplotlib/axis.py::91,0.184448
lib/matplotlib/axis.py::94,0.184448
lib/matplotlib/axis.py::96,0.184448
lib/matplotlib/axis.py::97,0.184448
lib/matplotlib/axis.py::978,0.184448
lib/matplotlib/axis.py::980,0.184448
lib/matplotlib/axis.py::99,0.184448
lib/matplotlib/backend_bases.py::2228,0.184448
lib/matplotlib/backend_bases.py::2554,0.184448
lib/matplotlib/backend_bases.py::2555,0.184448
lib/matplotlib/backend_bases.py::2556,0.184448
lib/matplotlib/backend_bases.py::2558,0.184448
lib/matplotlib/backend_bases.py::2559,0.184448
lib/matplotlib/backend_bases.py::2560,0.184448
lib/matplotlib/backend_bases.py::2561,0.184448
lib/matplotlib/backend_bases.py::2562,0.184448
lib/matplotlib/backend_bases.py::2563,0.184448
lib/matplotlib/backend_bases.py::2564,0.184448
lib/matplotlib/backend_bases.py::2565,0.184448
lib/matplotlib/backend_bases.py::2566,0.184448
lib/matplotlib/backend_bases.py::2568,0.184448
lib/matplotlib/backend_bases.py::2569,0.184448
lib/matplotlib/backend_bases.py::2571,0.184448
lib/matplotlib/backend_bases.py::2591,0.184448
lib/matplotlib/backend_bases.py::3336,0.184448
lib/matplotlib/backend_bases.py::3337,0.184448
lib/matplotlib/backend_bases.py::3338,0.184448
lib/matplotlib/backend_bases.py::3339,0.184448
lib/matplotlib/backend_bases.py::3344,0.184448
lib/matplotlib/backend_bases.py::3345,0.184448
lib/matplotlib/backend_bases.py::3346,0.184448
lib/matplotlib/cbook/__init__.py::1343,0.184448
lib/matplotlib/cbook/__init__.py::1344,0.184448
lib/matplotlib/cbook/__init__.py::1345,0.184448
lib/matplotlib/cbook/__init__.py::1346,0.184448
lib/matplotlib/cbook/__init__.py::1354,0.184448
lib/matplotlib/cbook/__init__.py::1357,0.184448
lib/matplotlib/cbook/__init__.py::1638,0.184448
lib/matplotlib/cbook/__init__.py::1754,0.184448
lib/matplotlib/cbook/__init__.py::1757,0.184448
lib/matplotlib/cbook/__init__.py::1759,0.184448
lib/matplotlib/cbook/__init__.py::1760,0.184448
lib/matplotlib/cbook/__init__.py::1761,0.184448
lib/matplotlib/cbook/__init__.py::1764,0.184448
lib/matplotlib/cbook/__init__.py::1766,0.184448
lib/matplotlib/cbook/__init__.py::1769,0.184448
lib/matplotlib/cbook/__init__.py::1773,0.184448
lib/matplotlib/cbook/__init__.py::1774,0.184448
lib/matplotlib/cbook/__init__.py::1775,0.184448
lib/matplotlib/cbook/__init__.py::1776,0.184448
lib/matplotlib/cbook/__init__.py::1777,0.184448
lib/matplotlib/cbook/__init__.py::1779,0.184448
lib/matplotlib/cbook/__init__.py::1780,0.184448
lib/matplotlib/cbook/__init__.py::1782,0.184448
lib/matplotlib/cbook/__init__.py::1783,0.184448
lib/matplotlib/cbook/__init__.py::1784,0.184448
lib/matplotlib/cbook/__init__.py::1785,0.184448
lib/matplotlib/cbook/__init__.py::1786,0.184448
lib/matplotlib/cbook/__init__.py::1787,0.184448
lib/matplotlib/cbook/__init__.py::1790,0.184448
lib/matplotlib/cbook/__init__.py::1791,0.184448
lib/matplotlib/cbook/__init__.py::1792,0.184448
lib/matplotlib/cbook/__init__.py::1799,0.184448
lib/matplotlib/cbook/__init__.py::1801,0.184448
lib/matplotlib/cbook/__init__.py::1802,0.184448
lib/matplotlib/cbook/__init__.py::1806,0.184448
lib/matplotlib/cbook/__init__.py::1807,0.184448
lib/matplotlib/cbook/__init__.py::1811,0.184448
lib/matplotlib/cbook/__init__.py::1820,0.184448
lib/matplotlib/cbook/__init__.py::187,0.184448
lib/matplotlib/cbook/__init__.py::190,0.184448
lib/matplotlib/cbook/__init__.py::191,0.184448
lib/matplotlib/cbook/__init__.py::192,0.184448
lib/matplotlib/cbook/__init__.py::193,0.184448
lib/matplotlib/cbook/__init__.py::194,0.184448
lib/matplotlib/cbook/__init__.py::195,0.184448
lib/matplotlib/cbook/__init__.py::196,0.184448
lib/matplotlib/cbook/__init__.py::197,0.184448
lib/matplotlib/cbook/__init__.py::202,0.184448
lib/matplotlib/cbook/__init__.py::203,0.184448
lib/matplotlib/cbook/__init__.py::204,0.184448
lib/matplotlib/cbook/__init__.py::208,0.184448
lib/matplotlib/cbook/__init__.py::209,0.184448
lib/matplotlib/cbook/__init__.py::210,0.184448
lib/matplotlib/cbook/__init__.py::211,0.184448
lib/matplotlib/cbook/__init__.py::212,0.184448
lib/matplotlib/cbook/__init__.py::2143,0.184448
lib/matplotlib/cbook/__init__.py::221,0.184448
lib/matplotlib/cbook/__init__.py::644,0.184448
lib/matplotlib/cbook/__init__.py::645,0.184448
lib/matplotlib/cbook/__init__.py::646,0.184448
lib/matplotlib/cbook/__init__.py::677,0.184448
lib/matplotlib/cbook/__init__.py::679,0.184448
lib/matplotlib/cbook/__init__.py::680,0.184448
lib/matplotlib/cbook/__init__.py::681,0.184448
lib/matplotlib/cbook/__init__.py::682,0.184448
lib/matplotlib/cbook/__init__.py::683,0.184448
lib/matplotlib/cbook/__init__.py::684,0.184448
lib/matplotlib/cbook/__init__.py::687,0.184448
lib/matplotlib/cbook/__init__.py::688,0.184448
lib/matplotlib/cbook/__init__.py::689,0.184448
lib/matplotlib/cbook/__init__.py::879,0.184448
lib/matplotlib/cbook/__init__.py::880,0.184448
lib/matplotlib/cbook/__init__.py::881,0.184448
lib/matplotlib/cbook/__init__.py::928,0.184448
lib/matplotlib/cbook/__init__.py::929,0.184448
lib/matplotlib/cbook/__init__.py::930,0.184448
lib/matplotlib/cbook/deprecation.py::361,0.184448
lib/matplotlib/cbook/deprecation.py::362,0.184448
lib/matplotlib/cbook/deprecation.py::367,0.184448
lib/matplotlib/cbook/deprecation.py::374,0.184448
lib/matplotlib/cbook/deprecation.py::375,0.184448
lib/matplotlib/cbook/deprecation.py::387,0.184448
lib/matplotlib/figure.py::103,0.184448
lib/matplotlib/figure.py::1099,0.184448
lib/matplotlib/figure.py::116,0.184448
lib/matplotlib/figure.py::117,0.184448
lib/matplotlib/figure.py::118,0.184448
lib/matplotlib/figure.py::122,0.184448
lib/matplotlib/figure.py::123,0.184448
lib/matplotlib/figure.py::129,0.184448
lib/matplotlib/figure.py::131,0.184448
lib/matplotlib/figure.py::132,0.184448
lib/matplotlib/figure.py::140,0.184448
lib/matplotlib/figure.py::1417,0.184448
lib/matplotlib/figure.py::1418,0.184448
lib/matplotlib/figure.py::1419,0.184448
lib/matplotlib/figure.py::1420,0.184448
lib/matplotlib/figure.py::1421,0.184448
lib/matplotlib/figure.py::1422,0.184448
lib/matplotlib/figure.py::143,0.184448
lib/matplotlib/figure.py::144,0.184448
lib/matplotlib/figure.py::147,0.184448
lib/matplotlib/figure.py::150,0.184448
lib/matplotlib/figure.py::1931,0.184448
lib/matplotlib/figure.py::1932,0.184448
lib/matplotlib/figure.py::1933,0.184448
lib/matplotlib/figure.py::2042,0.184448
lib/matplotlib/figure.py::91,0.184448
lib/matplotlib/figure.py::92,0.184448
lib/matplotlib/font_manager.py::1036,0.184448
lib/matplotlib/font_manager.py::623,0.184448
lib/matplotlib/font_manager.py::624,0.184448
lib/matplotlib/font_manager.py::625,0.184448
lib/matplotlib/font_manager.py::626,0.184448
lib/matplotlib/font_manager.py::627,0.184448
lib/matplotlib/font_manager.py::628,0.184448
lib/matplotlib/font_manager.py::629,0.184448
lib/matplotlib/font_manager.py::631,0.184448
lib/matplotlib/font_manager.py::643,0.184448
lib/matplotlib/font_manager.py::644,0.184448
lib/matplotlib/font_manager.py::645,0.184448
lib/matplotlib/font_manager.py::646,0.184448
lib/matplotlib/font_manager.py::647,0.184448
lib/matplotlib/font_manager.py::648,0.184448
lib/matplotlib/font_manager.py::649,0.184448
lib/matplotlib/font_manager.py::653,0.184448
lib/matplotlib/font_manager.py::654,0.184448
lib/matplotlib/font_manager.py::753,0.184448
lib/matplotlib/font_manager.py::754,0.184448
lib/matplotlib/font_manager.py::755,0.184448
lib/matplotlib/font_manager.py::762,0.184448
lib/matplotlib/font_manager.py::763,0.184448
lib/matplotlib/font_manager.py::764,0.184448
lib/matplotlib/font_manager.py::765,0.184448
lib/matplotlib/font_manager.py::772,0.184448
lib/matplotlib/font_manager.py::773,0.184448
lib/matplotlib/font_manager.py::774,0.184448
lib/matplotlib/font_manager.py::775,0.184448
lib/matplotlib/font_manager.py::784,0.184448
lib/matplotlib/font_manager.py::785,0.184448
lib/matplotlib/font_manager.py::786,0.184448
lib/matplotlib/font_manager.py::787,0.184448
lib/matplotlib/font_manager.py::790,0.184448
lib/matplotlib/font_manager.py::791,0.184448
lib/matplotlib/font_manager.py::793,0.184448
lib/matplotlib/font_manager.py::802,0.184448
lib/matplotlib/font_manager.py::803,0.184448
lib/matplotlib/font_manager.py::804,0.184448
lib/matplotlib/font_manager.py::805,0.184448
lib/matplotlib/font_manager.py::808,0.184448
lib/matplotlib/font_manager.py::809,0.184448
lib/matplotlib/font_manager.py::811,0.184448
lib/matplotlib/font_manager.py::819,0.184448
lib/matplotlib/font_manager.py::820,0.184448
lib/matplotlib/font_manager.py::821,0.184448
lib/matplotlib/font_manager.py::822,0.184448
lib/matplotlib/font_manager.py::823,0.184448
lib/matplotlib/font_manager.py::824,0.184448
lib/matplotlib/font_manager.py::825,0.184448
lib/matplotlib/font_manager.py::831,0.184448
lib/matplotlib/font_manager.py::832,0.184448
lib/matplotlib/font_manager.py::836,0.184448
lib/matplotlib/font_manager.py::843,0.184448
lib/matplotlib/font_manager.py::860,0.184448
lib/matplotlib/font_manager.py::861,0.184448
lib/matplotlib/font_manager.py::862,0.184448
lib/matplotlib/font_manager.py::940,0.184448
lib/matplotlib/font_manager.py::942,0.184448
lib/matplotlib/lines.py::1017,0.184448
lib/matplotlib/lines.py::1018,0.184448
lib/matplotlib/lines.py::1019,0.184448
lib/matplotlib/lines.py::1037,0.184448
lib/matplotlib/lines.py::1038,0.184448
lib/matplotlib/lines.py::1039,0.184448
lib/matplotlib/lines.py::1049,0.184448
lib/matplotlib/lines.py::1050,0.184448
lib/matplotlib/lines.py::1078,0.184448
lib/matplotlib/lines.py::1080,0.184448
lib/matplotlib/lines.py::1081,0.184448
lib/matplotlib/lines.py::1082,0.184448
lib/matplotlib/lines.py::1084,0.184448
lib/matplotlib/lines.py::1085,0.184448
lib/matplotlib/lines.py::1096,0.184448
lib/matplotlib/lines.py::1098,0.184448
lib/matplotlib/lines.py::1100,0.184448
lib/matplotlib/lines.py::1102,0.184448
lib/matplotlib/lines.py::1103,0.184448
lib/matplotlib/lines.py::1126,0.184448
lib/matplotlib/lines.py::1127,0.184448
lib/matplotlib/lines.py::1136,0.184448
lib/matplotlib/lines.py::1169,0.184448
lib/matplotlib/lines.py::1170,0.184448
lib/matplotlib/lines.py::1171,0.184448
lib/matplotlib/lines.py::1174,0.184448
lib/matplotlib/lines.py::1175,0.184448
lib/matplotlib/lines.py::1177,0.184448
lib/matplotlib/lines.py::1178,0.184448
lib/matplotlib/lines.py::1180,0.184448
lib/matplotlib/lines.py::1185,0.184448
lib/matplotlib/lines.py::1187,0.184448
lib/matplotlib/lines.py::1188,0.184448
lib/matplotlib/lines.py::1201,0.184448
lib/matplotlib/lines.py::1202,0.184448
lib/matplotlib/lines.py::1212,0.184448
lib/matplotlib/lines.py::1214,0.184448
lib/matplotlib/lines.py::1216,0.184448
lib/matplotlib/lines.py::1217,0.184448
lib/matplotlib/lines.py::1228,0.184448
lib/matplotlib/lines.py::1229,0.184448
lib/matplotlib/lines.py::1230,0.184448
lib/matplotlib/lines.py::1231,0.184448
lib/matplotlib/lines.py::1232,0.184448
lib/matplotlib/lines.py::1242,0.184448
lib/matplotlib/lines.py::1244,0.184448
lib/matplotlib/lines.py::1245,0.184448
lib/matplotlib/lines.py::1246,0.184448
lib/matplotlib/lines.py::1256,0.184448
lib/matplotlib/lines.py::1258,0.184448
lib/matplotlib/lines.py::1259,0.184448
lib/matplotlib/lines.py::1260,0.184448
lib/matplotlib/lines.py::1271,0.184448
lib/matplotlib/lines.py::1272,0.184448
lib/matplotlib/lines.py::1273,0.184448
lib/matplotlib/lines.py::1274,0.184448
lib/matplotlib/lines.py::1284,0.184448
lib/matplotlib/lines.py::1285,0.184448
lib/matplotlib/lines.py::1286,0.184448
lib/matplotlib/lines.py::1296,0.184448
lib/matplotlib/lines.py::1297,0.184448
lib/matplotlib/lines.py::1298,0.184448
lib/matplotlib/lines.py::1355,0.184448
lib/matplotlib/lines.py::1356,0.184448
lib/matplotlib/lines.py::1357,0.184448
lib/matplotlib/lines.py::1358,0.184448
lib/matplotlib/lines.py::1369,0.184448
lib/matplotlib/lines.py::1370,0.184448
lib/matplotlib/lines.py::1371,0.184448
lib/matplotlib/lines.py::1372,0.184448
lib/matplotlib/lines.py::1399,0.184448
lib/matplotlib/lines.py::1400,0.184448
lib/matplotlib/lines.py::1401,0.184448
lib/matplotlib/lines.py::1402,0.184448
lib/matplotlib/lines.py::1413,0.184448
lib/matplotlib/lines.py::1414,0.184448
lib/matplotlib/lines.py::1415,0.184448
lib/matplotlib/lines.py::1416,0.184448
lib/matplotlib/lines.py::304,0.184448
lib/matplotlib/lines.py::307,0.184448
lib/matplotlib/lines.py::309,0.184448
lib/matplotlib/lines.py::312,0.184448
lib/matplotlib/lines.py::313,0.184448
lib/matplotlib/lines.py::315,0.184448
lib/matplotlib/lines.py::317,0.184448
lib/matplotlib/lines.py::318,0.184448
lib/matplotlib/lines.py::319,0.184448
lib/matplotlib/lines.py::320,0.184448
lib/matplotlib/lines.py::321,0.184448
lib/matplotlib/lines.py::322,0.184448
lib/matplotlib/lines.py::323,0.184448
lib/matplotlib/lines.py::326,0.184448
lib/matplotlib/lines.py::327,0.184448
lib/matplotlib/lines.py::328,0.184448
lib/matplotlib/lines.py::329,0.184448
lib/matplotlib/lines.py::330,0.184448
lib/matplotlib/lines.py::331,0.184448
lib/matplotlib/lines.py::332,0.184448
lib/matplotlib/lines.py::333,0.184448
lib/matplotlib/lines.py::334,0.184448
lib/matplotlib/lines.py::335,0.184448
lib/matplotlib/lines.py::336,0.184448
lib/matplotlib/lines.py::337,0.184448
lib/matplotlib/lines.py::339,0.184448
lib/matplotlib/lines.py::340,0.184448
lib/matplotlib/lines.py::341,0.184448
lib/matplotlib/lines.py::344,0.184448
lib/matplotlib/lines.py::346,0.184448
lib/matplotlib/lines.py::349,0.184448
lib/matplotlib/lines.py::350,0.184448
lib/matplotlib/lines.py::352,0.184448
lib/matplotlib/lines.py::353,0.184448
lib/matplotlib/lines.py::354,0.184448
lib/matplotlib/lines.py::355,0.184448
lib/matplotlib/lines.py::356,0.184448
lib/matplotlib/lines.py::357,0.184448
lib/matplotlib/lines.py::358,0.184448
lib/matplotlib/lines.py::359,0.184448
lib/matplotlib/lines.py::361,0.184448
lib/matplotlib/lines.py::362,0.184448
lib/matplotlib/lines.py::363,0.184448
lib/matplotlib/lines.py::366,0.184448
lib/matplotlib/lines.py::367,0.184448
lib/matplotlib/lines.py::370,0.184448
lib/matplotlib/lines.py::371,0.184448
lib/matplotlib/lines.py::373,0.184448
lib/matplotlib/lines.py::374,0.184448
lib/matplotlib/lines.py::375,0.184448
lib/matplotlib/lines.py::377,0.184448
lib/matplotlib/lines.py::378,0.184448
lib/matplotlib/lines.py::379,0.184448
lib/matplotlib/lines.py::381,0.184448
lib/matplotlib/lines.py::382,0.184448
lib/matplotlib/lines.py::383,0.184448
lib/matplotlib/lines.py::385,0.184448
lib/matplotlib/lines.py::386,0.184448
lib/matplotlib/lines.py::387,0.184448
lib/matplotlib/lines.py::389,0.184448
lib/matplotlib/lines.py::390,0.184448
lib/matplotlib/lines.py::391,0.184448
lib/matplotlib/lines.py::392,0.184448
lib/matplotlib/lines.py::394,0.184448
lib/matplotlib/lines.py::395,0.184448
lib/matplotlib/lines.py::396,0.184448
lib/matplotlib/lines.py::397,0.184448
lib/matplotlib/lines.py::401,0.184448
lib/matplotlib/lines.py::402,0.184448
lib/matplotlib/lines.py::403,0.184448
lib/matplotlib/lines.py::405,0.184448
lib/matplotlib/lines.py::406,0.184448
lib/matplotlib/lines.py::407,0.184448
lib/matplotlib/lines.py::408,0.184448
lib/matplotlib/lines.py::409,0.184448
lib/matplotlib/lines.py::410,0.184448
lib/matplotlib/lines.py::411,0.184448
lib/matplotlib/lines.py::412,0.184448
lib/matplotlib/lines.py::413,0.184448
lib/matplotlib/lines.py::414,0.184448
lib/matplotlib/lines.py::415,0.184448
lib/matplotlib/lines.py::417,0.184448
lib/matplotlib/lines.py::507,0.184448
lib/matplotlib/lines.py::509,0.184448
lib/matplotlib/lines.py::593,0.184448
lib/matplotlib/lines.py::595,0.184448
lib/matplotlib/lines.py::629,0.184448
lib/matplotlib/lines.py::630,0.184448
lib/matplotlib/lines.py::647,0.184448
lib/matplotlib/lines.py::650,0.184448
lib/matplotlib/lines.py::652,0.184448
lib/matplotlib/lines.py::653,0.184448
lib/matplotlib/lines.py::659,0.184448
lib/matplotlib/lines.py::660,0.184448
lib/matplotlib/lines.py::661,0.184448
lib/matplotlib/lines.py::664,0.184448
lib/matplotlib/lines.py::665,0.184448
lib/matplotlib/lines.py::666,0.184448
lib/matplotlib/lines.py::670,0.184448
lib/matplotlib/lines.py::671,0.184448
lib/matplotlib/lines.py::673,0.184448
lib/matplotlib/lines.py::674,0.184448
lib/matplotlib/lines.py::689,0.184448
lib/matplotlib/lines.py::692,0.184448
lib/matplotlib/lines.py::693,0.184448
lib/matplotlib/lines.py::694,0.184448
lib/matplotlib/lines.py::695,0.184448
lib/matplotlib/lines.py::696,0.184448
lib/matplotlib/lines.py::697,0.184448
lib/matplotlib/lines.py::698,0.184448
lib/matplotlib/lines.py::732,0.184448
lib/matplotlib/lines.py::733,0.184448
lib/matplotlib/lines.py::734,0.184448
lib/matplotlib/lines.py::735,0.184448
lib/matplotlib/markers.py::222,0.184448
lib/matplotlib/markers.py::223,0.184448
lib/matplotlib/markers.py::224,0.184448
lib/matplotlib/markers.py::227,0.184448
lib/matplotlib/markers.py::228,0.184448
lib/matplotlib/markers.py::229,0.184448
lib/matplotlib/markers.py::230,0.184448
lib/matplotlib/markers.py::231,0.184448
lib/matplotlib/markers.py::232,0.184448
lib/matplotlib/markers.py::233,0.184448
lib/matplotlib/markers.py::234,0.184448
lib/matplotlib/markers.py::235,0.184448
lib/matplotlib/markers.py::236,0.184448
lib/matplotlib/markers.py::237,0.184448
lib/matplotlib/markers.py::256,0.184448
lib/matplotlib/markers.py::257,0.184448
lib/matplotlib/markers.py::258,0.184448
lib/matplotlib/markers.py::259,0.184448
lib/matplotlib/markers.py::260,0.184448
lib/matplotlib/markers.py::272,0.184448
lib/matplotlib/markers.py::275,0.184448
lib/matplotlib/markers.py::277,0.184448
lib/matplotlib/markers.py::279,0.184448
lib/matplotlib/markers.py::282,0.184448
lib/matplotlib/markers.py::283,0.184448
lib/matplotlib/markers.py::284,0.184448
lib/matplotlib/markers.py::285,0.184448
lib/matplotlib/markers.py::296,0.184448
lib/matplotlib/markers.py::297,0.184448
lib/matplotlib/markers.py::298,0.184448
lib/matplotlib/markers.py::316,0.184448
lib/matplotlib/markers.py::699,0.184448
lib/matplotlib/markers.py::700,0.184448
lib/matplotlib/markers.py::701,0.184448
lib/matplotlib/markers.py::702,0.184448
lib/matplotlib/markers.py::705,0.184448
lib/matplotlib/markers.py::706,0.184448
lib/matplotlib/markers.py::707,0.184448
lib/matplotlib/markers.py::708,0.184448
lib/matplotlib/markers.py::713,0.184448
lib/matplotlib/markers.py::714,0.184448
lib/matplotlib/markers.py::715,0.184448
lib/matplotlib/markers.py::716,0.184448
lib/matplotlib/markers.py::719,0.184448
lib/matplotlib/markers.py::720,0.184448
lib/matplotlib/markers.py::721,0.184448
lib/matplotlib/markers.py::722,0.184448
lib/matplotlib/patches.py::260,0.184448
lib/matplotlib/patches.py::316,0.184448
lib/matplotlib/patches.py::341,0.184448
lib/matplotlib/patches.py::61,0.184448
lib/matplotlib/path.py::130,0.184448
lib/matplotlib/path.py::131,0.184448
lib/matplotlib/path.py::135,0.184448
lib/matplotlib/path.py::143,0.184448
lib/matplotlib/path.py::149,0.184448
lib/matplotlib/path.py::150,0.184448
lib/matplotlib/path.py::151,0.184448
lib/matplotlib/path.py::152,0.184448
lib/matplotlib/path.py::154,0.184448
lib/matplotlib/path.py::160,0.184448
lib/matplotlib/path.py::192,0.184448
lib/matplotlib/path.py::194,0.184448
lib/matplotlib/path.py::195,0.184448
lib/matplotlib/path.py::196,0.184448
lib/matplotlib/projections/__init__.py::21,0.184448
lib/matplotlib/projections/__init__.py::50,0.184448
lib/matplotlib/projections/__init__.py::53,0.184448
lib/matplotlib/projections/__init__.py::54,0.184448
lib/matplotlib/pyplot.py::213,0.184448
lib/matplotlib/pyplot.py::214,0.184448
lib/matplotlib/pyplot.py::289,0.184448
lib/matplotlib/pyplot.py::299,0.184448
lib/matplotlib/pyplot.py::300,0.184448
lib/matplotlib/pyplot.py::539,0.184448
lib/matplotlib/pyplot.py::541,0.184448
lib/matplotlib/pyplot.py::543,0.184448
lib/matplotlib/pyplot.py::544,0.184448
lib/matplotlib/pyplot.py::545,0.184448
lib/matplotlib/pyplot.py::546,0.184448
lib/matplotlib/pyplot.py::548,0.184448
lib/matplotlib/pyplot.py::549,0.184448
lib/matplotlib/pyplot.py::550,0.184448
lib/matplotlib/pyplot.py::551,0.184448
lib/matplotlib/pyplot.py::567,0.184448
lib/matplotlib/pyplot.py::568,0.184448
lib/matplotlib/pyplot.py::569,0.184448
lib/matplotlib/pyplot.py::571,0.184448
lib/matplotlib/pyplot.py::581,0.184448
lib/matplotlib/pyplot.py::584,0.184448
lib/matplotlib/pyplot.py::585,0.184448
lib/matplotlib/pyplot.py::586,0.184448
lib/matplotlib/pyplot.py::587,0.184448
lib/matplotlib/pyplot.py::588,0.184448
lib/matplotlib/pyplot.py::589,0.184448
lib/matplotlib/pyplot.py::590,0.184448
lib/matplotlib/pyplot.py::592,0.184448
lib/matplotlib/pyplot.py::597,0.184448
lib/matplotlib/pyplot.py::600,0.184448
lib/matplotlib/pyplot.py::601,0.184448
lib/matplotlib/pyplot.py::603,0.184448
lib/matplotlib/pyplot.py::604,0.184448
lib/matplotlib/pyplot.py::605,0.184448
lib/matplotlib/pyplot.py::611,0.184448
lib/matplotlib/pyplot.py::614,0.184448
lib/matplotlib/pyplot.py::615,0.184448
lib/matplotlib/pyplot.py::617,0.184448
lib/matplotlib/pyplot.py::620,0.184448
lib/matplotlib/pyplot.py::665,0.184448
lib/matplotlib/scale.py::104,0.184448
lib/matplotlib/scale.py::108,0.184448
lib/matplotlib/scale.py::109,0.184448
lib/matplotlib/scale.py::110,0.184448
lib/matplotlib/scale.py::112,0.184448
lib/matplotlib/scale.py::113,0.184448
lib/matplotlib/scale.py::116,0.184448
lib/matplotlib/scale.py::123,0.184448
lib/matplotlib/scale.py::57,0.184448
lib/matplotlib/scale.py::648,0.184448
lib/matplotlib/scale.py::649,0.184448
lib/matplotlib/scale.py::650,0.184448
lib/matplotlib/scale.py::88,0.184448
lib/matplotlib/spines.py::236,0.184448
lib/matplotlib/spines.py::237,0.184448
lib/matplotlib/spines.py::50,0.184448
lib/matplotlib/spines.py::51,0.184448
lib/matplotlib/spines.py::52,0.184448
lib/matplotlib/spines.py::53,0.184448
lib/matplotlib/spines.py::54,0.184448
lib/matplotlib/spines.py::55,0.184448
lib/matplotlib/spines.py::56,0.184448
lib/matplotlib/spines.py::57,0.184448
lib/matplotlib/spines.py::58,0.184448
lib/matplotlib/spines.py::60,0.184448
lib/matplotlib/spines.py::61,0.184448
lib/matplotlib/spines.py::63,0.184448
lib/matplotlib/spines.py::64,0.184448
lib/matplotlib/spines.py::69,0.184448
lib/matplotlib/spines.py::70,0.184448
lib/matplotlib/spines.py::71,0.184448
lib/matplotlib/spines.py::79,0.184448
lib/matplotlib/spines.py::83,0.184448
lib/matplotlib/text.py::1062,0.184448
lib/matplotlib/text.py::1063,0.184448
lib/matplotlib/text.py::1079,0.184448
lib/matplotlib/text.py::1080,0.184448
lib/matplotlib/text.py::1118,0.184448
lib/matplotlib/text.py::1119,0.184448
lib/matplotlib/text.py::1129,0.184448
lib/matplotlib/text.py::1130,0.184448
lib/matplotlib/text.py::1142,0.184448
lib/matplotlib/text.py::1143,0.184448
lib/matplotlib/text.py::1153,0.184448
lib/matplotlib/text.py::1154,0.184448
lib/matplotlib/text.py::1155,0.184448
lib/matplotlib/text.py::1156,0.184448
lib/matplotlib/text.py::1157,0.184448
lib/matplotlib/text.py::1171,0.184448
lib/matplotlib/text.py::1173,0.184448
lib/matplotlib/text.py::1209,0.184448
lib/matplotlib/text.py::1210,0.184448
lib/matplotlib/text.py::1220,0.184448
lib/matplotlib/text.py::1221,0.184448
lib/matplotlib/text.py::1224,0.184448
lib/matplotlib/text.py::149,0.184448
lib/matplotlib/text.py::150,0.184448
lib/matplotlib/text.py::152,0.184448
lib/matplotlib/text.py::153,0.184448
lib/matplotlib/text.py::154,0.184448
lib/matplotlib/text.py::155,0.184448
lib/matplotlib/text.py::157,0.184448
lib/matplotlib/text.py::158,0.184448
lib/matplotlib/text.py::159,0.184448
lib/matplotlib/text.py::160,0.184448
lib/matplotlib/text.py::161,0.184448
lib/matplotlib/text.py::162,0.184448
lib/matplotlib/text.py::163,0.184448
lib/matplotlib/text.py::164,0.184448
lib/matplotlib/text.py::165,0.184448
lib/matplotlib/text.py::166,0.184448
lib/matplotlib/text.py::167,0.184448
lib/matplotlib/text.py::168,0.184448
lib/matplotlib/text.py::169,0.184448
lib/matplotlib/text.py::170,0.184448
lib/matplotlib/text.py::171,0.184448
lib/matplotlib/text.py::172,0.184448
lib/matplotlib/text.py::173,0.184448
lib/matplotlib/text.py::177,0.184448
lib/matplotlib/text.py::179,0.184448
lib/matplotlib/text.py::180,0.184448
lib/matplotlib/text.py::183,0.184448
lib/matplotlib/text.py::184,0.184448
lib/matplotlib/text.py::185,0.184448
lib/matplotlib/text.py::253,0.184448
lib/matplotlib/text.py::254,0.184448
lib/matplotlib/text.py::255,0.184448
lib/matplotlib/text.py::532,0.184448
lib/matplotlib/text.py::533,0.184448
lib/matplotlib/text.py::534,0.184448
lib/matplotlib/text.py::535,0.184448
lib/matplotlib/text.py::540,0.184448
lib/matplotlib/text.py::541,0.184448
lib/matplotlib/text.py::565,0.184448
lib/matplotlib/text.py::945,0.184448
lib/matplotlib/text.py::946,0.184448
lib/matplotlib/text.py::949,0.184448
lib/matplotlib/text.py::950,0.184448
lib/matplotlib/text.py::960,0.184448
lib/matplotlib/text.py::961,0.184448
lib/matplotlib/text.py::962,0.184448
lib/matplotlib/ticker.py::1617,0.184448
lib/matplotlib/ticker.py::1982,0.184448
lib/matplotlib/ticker.py::1993,0.184448
lib/matplotlib/ticker.py::1997,0.184448
lib/matplotlib/ticker.py::2000,0.184448
lib/matplotlib/ticker.py::2001,0.184448
lib/matplotlib/ticker.py::2004,0.184448
lib/matplotlib/ticker.py::2006,0.184448
lib/matplotlib/ticker.py::2008,0.184448
lib/matplotlib/ticker.py::2015,0.184448
lib/matplotlib/ticker.py::2016,0.184448
lib/matplotlib/ticker.py::2037,0.184448
lib/matplotlib/ticker.py::2038,0.184448
lib/matplotlib/ticker.py::2039,0.184448
lib/matplotlib/ticker.py::2041,0.184448
lib/matplotlib/ticker.py::2042,0.184448
lib/matplotlib/ticker.py::2043,0.184448
lib/matplotlib/ticker.py::2044,0.184448
lib/matplotlib/ticker.py::2045,0.184448
lib/matplotlib/ticker.py::2046,0.184448
lib/matplotlib/ticker.py::2047,0.184448
lib/matplotlib/ticker.py::2048,0.184448
lib/matplotlib/ticker.py::2049,0.184448
lib/matplotlib/ticker.py::2050,0.184448
lib/matplotlib/ticker.py::2051,0.184448
lib/matplotlib/ticker.py::2054,0.184448
lib/matplotlib/ticker.py::2055,0.184448
lib/matplotlib/ticker.py::2056,0.184448
lib/matplotlib/ticker.py::2057,0.184448
lib/matplotlib/ticker.py::2058,0.184448
lib/matplotlib/ticker.py::223,0.184448
lib/matplotlib/ticker.py::2744,0.184448
lib/matplotlib/ticker.py::2750,0.184448
lib/matplotlib/ticker.py::301,0.184448
lib/matplotlib/ticker.py::487,0.184448
lib/matplotlib/ticker.py::488,0.184448
lib/matplotlib/ticker.py::490,0.184448
lib/matplotlib/ticker.py::491,0.184448
lib/matplotlib/ticker.py::492,0.184448
lib/matplotlib/ticker.py::493,0.184448
lib/matplotlib/ticker.py::494,0.184448
lib/matplotlib/ticker.py::495,0.184448
lib/matplotlib/ticker.py::496,0.184448
lib/matplotlib/ticker.py::497,0.184448
lib/matplotlib/ticker.py::498,0.184448
lib/matplotlib/ticker.py::499,0.184448
lib/matplotlib/ticker.py::500,0.184448
lib/matplotlib/ticker.py::501,0.184448
lib/matplotlib/ticker.py::502,0.184448
lib/matplotlib/ticker.py::508,0.184448
lib/matplotlib/ticker.py::509,0.184448
lib/matplotlib/ticker.py::510,0.184448
lib/matplotlib/ticker.py::532,0.184448
lib/matplotlib/ticker.py::535,0.184448
lib/matplotlib/transforms.py::1259,0.184448
lib/matplotlib/transforms.py::1624,0.184448
lib/matplotlib/transforms.py::1625,0.184448
lib/matplotlib/transforms.py::1626,0.184448
lib/matplotlib/transforms.py::1629,0.184448
lib/matplotlib/transforms.py::1630,0.184448
lib/matplotlib/transforms.py::1631,0.184448
lib/matplotlib/transforms.py::1632,0.184448
lib/matplotlib/transforms.py::1633,0.184448
lib/matplotlib/transforms.py::1645,0.184448
lib/matplotlib/transforms.py::1647,0.184448
lib/matplotlib/transforms.py::1648,0.184448
lib/matplotlib/transforms.py::1649,0.184448
lib/matplotlib/transforms.py::1650,0.184448
lib/matplotlib/transforms.py::1651,0.184448
lib/matplotlib/transforms.py::1652,0.184448
lib/matplotlib/transforms.py::1653,0.184448
lib/matplotlib/transforms.py::1654,0.184448
lib/matplotlib/transforms.py::1655,0.184448
lib/matplotlib/transforms.py::1668,0.184448
lib/matplotlib/transforms.py::1669,0.184448
lib/matplotlib/transforms.py::1674,0.184448
lib/matplotlib/transforms.py::1675,0.184448
lib/matplotlib/transforms.py::1677,0.184448
lib/matplotlib/transforms.py::1678,0.184448
lib/matplotlib/transforms.py::1679,0.184448
lib/matplotlib/transforms.py::1681,0.184448
lib/matplotlib/transforms.py::1762,0.184448
lib/matplotlib/transforms.py::1763,0.184448
lib/matplotlib/transforms.py::1968,0.184448
lib/matplotlib/transforms.py::1969,0.184448
lib/matplotlib/transforms.py::1970,0.184448
lib/matplotlib/transforms.py::1971,0.184448
lib/matplotlib/transforms.py::1972,0.184448
lib/matplotlib/transforms.py::2041,0.184448
lib/matplotlib/transforms.py::2208,0.184448
lib/matplotlib/transforms.py::2209,0.184448
lib/matplotlib/transforms.py::2210,0.184448
lib/matplotlib/transforms.py::2211,0.184448
lib/matplotlib/transforms.py::2215,0.184448
lib/matplotlib/transforms.py::2216,0.184448
lib/matplotlib/transforms.py::2217,0.184448
lib/matplotlib/transforms.py::2218,0.184448
lib/matplotlib/transforms.py::2220,0.184448
lib/matplotlib/transforms.py::2221,0.184448
lib/matplotlib/transforms.py::2247,0.184448
lib/matplotlib/transforms.py::2248,0.184448
lib/matplotlib/transforms.py::2249,0.184448
lib/matplotlib/transforms.py::2272,0.184448
lib/matplotlib/transforms.py::2275,0.184448
lib/matplotlib/transforms.py::2276,0.184448
lib/matplotlib/transforms.py::2278,0.184448
lib/matplotlib/transforms.py::2279,0.184448
lib/matplotlib/transforms.py::2280,0.184448
lib/matplotlib/transforms.py::2281,0.184448
lib/matplotlib/transforms.py::2439,0.184448
lib/matplotlib/transforms.py::2441,0.184448
lib/matplotlib/transforms.py::2443,0.184448
lib/matplotlib/transforms.py::2445,0.184448
lib/matplotlib/transforms.py::2590,0.184448
lib/matplotlib/transforms.py::2591,0.184448
lib/matplotlib/transforms.py::2592,0.184448
lib/matplotlib/transforms.py::2593,0.184448
lib/matplotlib/transforms.py::2594,0.184448
lib/matplotlib/transforms.py::2595,0.184448
lib/matplotlib/transforms.py::2748,0.184448
lib/matplotlib/transforms.py::2751,0.184448
lib/matplotlib/transforms.py::2752,0.184448
lib/matplotlib/transforms.py::2758,0.184448
lib/matplotlib/transforms.py::2760,0.184448
lib/matplotlib/transforms.py::2761,0.184448
lib/matplotlib/transforms.py::2765,0.184448
lib/matplotlib/transforms.py::2773,0.184448
lib/matplotlib/transforms.py::2775,0.184448
lib/matplotlib/transforms.py::786,0.184448
lib/matplotlib/transforms.py::791,0.184448
lib/matplotlib/transforms.py::930,0.184448
lib/matplotlib/transforms.py::931,0.184448
lib/matplotlib/transforms.py::935,0.184448
lib/matplotlib/transforms.py::936,0.184448
lib/matplotlib/transforms.py::952,0.184448
lib/matplotlib/transforms.py::956,0.184448
lib/matplotlib/units.py::198,0.184448
lib/matplotlib/units.py::200,0.184448
lib/matplotlib/units.py::208,0.184448
lib/matplotlib/units.py::209,0.184448
lib/matplotlib/units.py::210,0.184448
lib/matplotlib/units.py::211,0.184448
lib/matplotlib/units.py::212,0.184448
lib/matplotlib/units.py::213,0.184448
lib/matplotlib/units.py::214,0.184448
lib/matplotlib/units.py::215,0.184448
lib/matplotlib/units.py::216,0.184448
lib/matplotlib/units.py::220,0.184448
lib/matplotlib/units.py::221,0.184448
lib/matplotlib/units.py::222,0.184448
lib/matplotlib/units.py::64,0.184448
lib/matplotlib/units.py::71,0.184448
lib/matplotlib/artist.py::100,0.184274
lib/matplotlib/artist.py::101,0.184274
lib/matplotlib/artist.py::102,0.184274
lib/matplotlib/artist.py::103,0.184274
lib/matplotlib/artist.py::104,0.184274
lib/matplotlib/artist.py::105,0.184274
lib/matplotlib/artist.py::106,0.184274
lib/matplotlib/artist.py::107,0.184274
lib/matplotlib/artist.py::108,0.184274
lib/matplotlib/artist.py::198,0.184274
lib/matplotlib/artist.py::203,0.184274
lib/matplotlib/artist.py::204,0.184274
lib/matplotlib/artist.py::217,0.184274
lib/matplotlib/artist.py::222,0.184274
lib/matplotlib/artist.py::225,0.184274
lib/matplotlib/artist.py::226,0.184274
lib/matplotlib/artist.py::345,0.184274
lib/matplotlib/artist.py::364,0.184274
lib/matplotlib/artist.py::365,0.184274
lib/matplotlib/artist.py::366,0.184274
lib/matplotlib/artist.py::367,0.184274
lib/matplotlib/artist.py::697,0.184274
lib/matplotlib/artist.py::704,0.184274
lib/matplotlib/artist.py::707,0.184274
lib/matplotlib/artist.py::708,0.184274
lib/matplotlib/artist.py::709,0.184274
lib/matplotlib/artist.py::710,0.184274
lib/matplotlib/artist.py::74,0.184274
lib/matplotlib/artist.py::75,0.184274
lib/matplotlib/artist.py::76,0.184274
lib/matplotlib/artist.py::77,0.184274
lib/matplotlib/artist.py::79,0.184274
lib/matplotlib/artist.py::799,0.184274
lib/matplotlib/artist.py::80,0.184274
lib/matplotlib/artist.py::81,0.184274
lib/matplotlib/artist.py::82,0.184274
lib/matplotlib/artist.py::83,0.184274
lib/matplotlib/artist.py::84,0.184274
lib/matplotlib/artist.py::85,0.184274
lib/matplotlib/artist.py::86,0.184274
lib/matplotlib/artist.py::87,0.184274
lib/matplotlib/artist.py::88,0.184274
lib/matplotlib/artist.py::89,0.184274
lib/matplotlib/artist.py::90,0.184274
lib/matplotlib/artist.py::91,0.184274
lib/matplotlib/artist.py::92,0.184274
lib/matplotlib/artist.py::93,0.184274
lib/matplotlib/artist.py::94,0.184274
lib/matplotlib/artist.py::943,0.184274
lib/matplotlib/artist.py::944,0.184274
lib/matplotlib/artist.py::945,0.184274
lib/matplotlib/artist.py::95,0.184274
lib/matplotlib/artist.py::96,0.184274
lib/matplotlib/artist.py::97,0.184274
lib/matplotlib/artist.py::970,0.184274
lib/matplotlib/artist.py::98,0.184274
lib/matplotlib/artist.py::980,0.184274
lib/matplotlib/artist.py::981,0.184274
lib/matplotlib/artist.py::982,0.184274
lib/matplotlib/artist.py::983,0.184274
lib/matplotlib/artist.py::986,0.184274
lib/matplotlib/artist.py::989,0.184274
lib/matplotlib/artist.py::990,0.184274
lib/matplotlib/artist.py::993,0.184274
lib/matplotlib/artist.py::994,0.184274
lib/matplotlib/artist.py::995,0.184274
lib/matplotlib/artist.py::996,0.184274
lib/matplotlib/artist.py::997,0.184274
lib/matplotlib/axes/_base.py::422,0.184274
lib/matplotlib/axes/_base.py::423,0.184274
lib/matplotlib/axes/_base.py::427,0.184274
lib/matplotlib/axes/_base.py::429,0.184274
lib/matplotlib/axes/_base.py::430,0.184274
lib/matplotlib/axes/_base.py::431,0.184274
lib/matplotlib/axes/_base.py::432,0.184274
lib/matplotlib/axes/_base.py::433,0.184274
lib/matplotlib/axes/_base.py::434,0.184274
lib/matplotlib/axes/_base.py::435,0.184274
lib/matplotlib/axes/_base.py::436,0.184274
lib/matplotlib/axes/_base.py::437,0.184274
lib/matplotlib/axes/_base.py::438,0.184274
lib/matplotlib/axes/_base.py::442,0.184274
lib/matplotlib/backend_bases.py::1580,0.184274
lib/matplotlib/backend_bases.py::1581,0.184274
lib/matplotlib/backend_bases.py::1582,0.184274
lib/matplotlib/backend_bases.py::1583,0.184274
lib/matplotlib/backend_bases.py::1584,0.184274
lib/matplotlib/backend_bases.py::1585,0.184274
lib/matplotlib/backend_bases.py::1587,0.184274
lib/matplotlib/backend_bases.py::1588,0.184274
lib/matplotlib/backend_bases.py::1589,0.184274
lib/matplotlib/backend_bases.py::1590,0.184274
lib/matplotlib/backend_bases.py::1591,0.184274
lib/matplotlib/backend_bases.py::1592,0.184274
lib/matplotlib/backend_bases.py::1593,0.184274
lib/matplotlib/backend_bases.py::1594,0.184274
lib/matplotlib/backend_bases.py::1595,0.184274
lib/matplotlib/backend_bases.py::1596,0.184274
lib/matplotlib/backend_bases.py::2214,0.184274
lib/matplotlib/cbook/__init__.py::100,0.184274
lib/matplotlib/cbook/__init__.py::158,0.184274
lib/matplotlib/cbook/__init__.py::159,0.184274
lib/matplotlib/cbook/__init__.py::160,0.184274
lib/matplotlib/cbook/__init__.py::161,0.184274
lib/matplotlib/cbook/__init__.py::170,0.184274
lib/matplotlib/cbook/__init__.py::171,0.184274
lib/matplotlib/cbook/__init__.py::172,0.184274
lib/matplotlib/cbook/__init__.py::173,0.184274
lib/matplotlib/cbook/__init__.py::174,0.184274
lib/matplotlib/cbook/__init__.py::175,0.184274
lib/matplotlib/cbook/__init__.py::178,0.184274
lib/matplotlib/cbook/__init__.py::179,0.184274
lib/matplotlib/cbook/__init__.py::180,0.184274
lib/matplotlib/cbook/__init__.py::181,0.184274
lib/matplotlib/cbook/__init__.py::182,0.184274
lib/matplotlib/cbook/__init__.py::2105,0.184274
lib/matplotlib/cbook/__init__.py::2106,0.184274
lib/matplotlib/cbook/__init__.py::2107,0.184274
lib/matplotlib/cbook/__init__.py::2108,0.184274
lib/matplotlib/cbook/__init__.py::2109,0.184274
lib/matplotlib/cbook/__init__.py::2110,0.184274
lib/matplotlib/cbook/__init__.py::2112,0.184274
lib/matplotlib/cbook/__init__.py::2113,0.184274
lib/matplotlib/cbook/__init__.py::2116,0.184274
lib/matplotlib/cbook/__init__.py::2252,0.184274
lib/matplotlib/cbook/__init__.py::2253,0.184274
lib/matplotlib/cbook/__init__.py::2254,0.184274
lib/matplotlib/cbook/__init__.py::2255,0.184274
lib/matplotlib/cbook/__init__.py::2256,0.184274
lib/matplotlib/cbook/__init__.py::2258,0.184274
lib/matplotlib/cbook/__init__.py::2259,0.184274
lib/matplotlib/cbook/__init__.py::2260,0.184274
lib/matplotlib/cbook/__init__.py::2262,0.184274
lib/matplotlib/cbook/__init__.py::2263,0.184274
lib/matplotlib/cbook/__init__.py::2266,0.184274
lib/matplotlib/cbook/__init__.py::2267,0.184274
lib/matplotlib/cbook/__init__.py::611,0.184274
lib/matplotlib/cbook/__init__.py::612,0.184274
lib/matplotlib/cbook/__init__.py::665,0.184274
lib/matplotlib/cbook/__init__.py::666,0.184274
lib/matplotlib/cbook/__init__.py::872,0.184274
lib/matplotlib/cbook/__init__.py::91,0.184274
lib/matplotlib/figure.py::1054,0.184274
lib/matplotlib/figure.py::1057,0.184274
lib/matplotlib/figure.py::1058,0.184274
lib/matplotlib/figure.py::1068,0.184274
lib/matplotlib/figure.py::1070,0.184274
lib/matplotlib/figure.py::1071,0.184274
lib/matplotlib/figure.py::1072,0.184274
lib/matplotlib/figure.py::1073,0.184274
lib/matplotlib/figure.py::1075,0.184274
lib/matplotlib/figure.py::1076,0.184274
lib/matplotlib/figure.py::1078,0.184274
lib/matplotlib/figure.py::1079,0.184274
lib/matplotlib/figure.py::1090,0.184274
lib/matplotlib/figure.py::1098,0.184274
lib/matplotlib/figure.py::1109,0.184274
lib/matplotlib/figure.py::1111,0.184274
lib/matplotlib/figure.py::1656,0.184274
lib/matplotlib/figure.py::1657,0.184274
lib/matplotlib/figure.py::1659,0.184274
lib/matplotlib/figure.py::1663,0.184274
lib/matplotlib/figure.py::1664,0.184274
lib/matplotlib/figure.py::1666,0.184274
lib/matplotlib/figure.py::1667,0.184274
lib/matplotlib/figure.py::1668,0.184274
lib/matplotlib/figure.py::1669,0.184274
lib/matplotlib/figure.py::1670,0.184274
lib/matplotlib/figure.py::1671,0.184274
lib/matplotlib/figure.py::1672,0.184274
lib/matplotlib/figure.py::1673,0.184274
lib/matplotlib/figure.py::1674,0.184274
lib/matplotlib/figure.py::1675,0.184274
lib/matplotlib/figure.py::1676,0.184274
lib/matplotlib/figure.py::1678,0.184274
lib/matplotlib/figure.py::1878,0.184274
lib/matplotlib/figure.py::1879,0.184274
lib/matplotlib/figure.py::188,0.184274
lib/matplotlib/figure.py::1880,0.184274
lib/matplotlib/figure.py::1881,0.184274
lib/matplotlib/figure.py::189,0.184274
lib/matplotlib/figure.py::190,0.184274
lib/matplotlib/figure.py::191,0.184274
lib/matplotlib/figure.py::198,0.184274
lib/matplotlib/figure.py::199,0.184274
lib/matplotlib/figure.py::200,0.184274
lib/matplotlib/figure.py::202,0.184274
lib/matplotlib/figure.py::203,0.184274
lib/matplotlib/figure.py::205,0.184274
lib/matplotlib/figure.py::207,0.184274
lib/matplotlib/figure.py::209,0.184274
lib/matplotlib/figure.py::211,0.184274
lib/matplotlib/figure.py::213,0.184274
lib/matplotlib/figure.py::215,0.184274
lib/matplotlib/figure.py::301,0.184274
lib/matplotlib/figure.py::306,0.184274
lib/matplotlib/figure.py::307,0.184274
lib/matplotlib/figure.py::309,0.184274
lib/matplotlib/figure.py::311,0.184274
lib/matplotlib/figure.py::313,0.184274
lib/matplotlib/figure.py::315,0.184274
lib/matplotlib/figure.py::317,0.184274
lib/matplotlib/figure.py::320,0.184274
lib/matplotlib/figure.py::323,0.184274
lib/matplotlib/figure.py::325,0.184274
lib/matplotlib/figure.py::327,0.184274
lib/matplotlib/figure.py::328,0.184274
lib/matplotlib/figure.py::330,0.184274
lib/matplotlib/figure.py::332,0.184274
lib/matplotlib/figure.py::333,0.184274
lib/matplotlib/figure.py::334,0.184274
lib/matplotlib/figure.py::336,0.184274
lib/matplotlib/figure.py::337,0.184274
lib/matplotlib/figure.py::338,0.184274
lib/matplotlib/figure.py::340,0.184274
lib/matplotlib/figure.py::341,0.184274
lib/matplotlib/figure.py::343,0.184274
lib/matplotlib/figure.py::344,0.184274
lib/matplotlib/figure.py::346,0.184274
lib/matplotlib/figure.py::348,0.184274
lib/matplotlib/figure.py::350,0.184274
lib/matplotlib/figure.py::352,0.184274
lib/matplotlib/figure.py::354,0.184274
lib/matplotlib/figure.py::355,0.184274
lib/matplotlib/figure.py::356,0.184274
lib/matplotlib/figure.py::361,0.184274
lib/matplotlib/figure.py::362,0.184274
lib/matplotlib/figure.py::365,0.184274
lib/matplotlib/figure.py::42,0.184274
lib/matplotlib/figure.py::423,0.184274
lib/matplotlib/figure.py::43,0.184274
lib/matplotlib/figure.py::469,0.184274
lib/matplotlib/figure.py::470,0.184274
lib/matplotlib/figure.py::471,0.184274
lib/matplotlib/figure.py::472,0.184274
lib/matplotlib/figure.py::473,0.184274
lib/matplotlib/figure.py::481,0.184274
lib/matplotlib/figure.py::499,0.184274
lib/matplotlib/figure.py::500,0.184274
lib/matplotlib/figure.py::501,0.184274
lib/matplotlib/figure.py::502,0.184274
lib/matplotlib/figure.py::503,0.184274
lib/matplotlib/figure.py::504,0.184274
lib/matplotlib/figure.py::506,0.184274
lib/matplotlib/figure.py::507,0.184274
lib/matplotlib/figure.py::510,0.184274
lib/matplotlib/figure.py::512,0.184274
lib/matplotlib/figure.py::541,0.184274
lib/matplotlib/figure.py::542,0.184274
lib/matplotlib/figure.py::543,0.184274
lib/matplotlib/figure.py::547,0.184274
lib/matplotlib/figure.py::61,0.184274
lib/matplotlib/figure.py::62,0.184274
lib/matplotlib/figure.py::68,0.184274
lib/matplotlib/figure.py::69,0.184274
lib/matplotlib/figure.py::70,0.184274
lib/matplotlib/figure.py::755,0.184274
lib/matplotlib/figure.py::77,0.184274
lib/matplotlib/figure.py::78,0.184274
lib/matplotlib/figure.py::79,0.184274
lib/matplotlib/lines.py::37,0.184274
lib/matplotlib/lines.py::38,0.184274
lib/matplotlib/lines.py::40,0.184274
lib/matplotlib/lines.py::41,0.184274
lib/matplotlib/lines.py::42,0.184274
lib/matplotlib/lines.py::60,0.184274
lib/matplotlib/lines.py::65,0.184274
lib/matplotlib/lines.py::69,0.184274
lib/matplotlib/patches.py::308,0.184274
lib/matplotlib/patches.py::310,0.184274
lib/matplotlib/patches.py::311,0.184274
lib/matplotlib/patches.py::314,0.184274
lib/matplotlib/patches.py::315,0.184274
lib/matplotlib/patches.py::323,0.184274
lib/matplotlib/patches.py::324,0.184274
lib/matplotlib/patches.py::325,0.184274
lib/matplotlib/patches.py::326,0.184274
lib/matplotlib/patches.py::336,0.184274
lib/matplotlib/patches.py::337,0.184274
lib/matplotlib/patches.py::340,0.184274
lib/matplotlib/patches.py::342,0.184274
lib/matplotlib/patches.py::343,0.184274
lib/matplotlib/patches.py::344,0.184274
lib/matplotlib/patches.py::354,0.184274
lib/matplotlib/patches.py::355,0.184274
lib/matplotlib/patches.py::388,0.184274
lib/matplotlib/patches.py::393,0.184274
lib/matplotlib/patches.py::395,0.184274
lib/matplotlib/patches.py::396,0.184274
lib/matplotlib/patches.py::397,0.184274
lib/matplotlib/patches.py::398,0.184274
lib/matplotlib/patches.py::424,0.184274
lib/matplotlib/patches.py::426,0.184274
lib/matplotlib/patches.py::428,0.184274
lib/matplotlib/patches.py::430,0.184274
lib/matplotlib/patches.py::431,0.184274
lib/matplotlib/patches.py::432,0.184274
lib/matplotlib/patches.py::442,0.184274
lib/matplotlib/patches.py::443,0.184274
lib/matplotlib/patches.py::444,0.184274
lib/matplotlib/patches.py::445,0.184274
lib/matplotlib/patches.py::464,0.184274
lib/matplotlib/patches.py::465,0.184274
lib/matplotlib/patches.py::466,0.184274
lib/matplotlib/patches.py::479,0.184274
lib/matplotlib/patches.py::480,0.184274
lib/matplotlib/patches.py::481,0.184274
lib/matplotlib/patches.py::515,0.184274
lib/matplotlib/patches.py::516,0.184274
lib/matplotlib/patches.py::58,0.184274
lib/matplotlib/patches.py::60,0.184274
lib/matplotlib/patches.py::62,0.184274
lib/matplotlib/patches.py::63,0.184274
lib/matplotlib/patches.py::64,0.184274
lib/matplotlib/patches.py::65,0.184274
lib/matplotlib/patches.py::66,0.184274
lib/matplotlib/patches.py::67,0.184274
lib/matplotlib/patches.py::68,0.184274
lib/matplotlib/patches.py::69,0.184274
lib/matplotlib/patches.py::71,0.184274
lib/matplotlib/patches.py::72,0.184274
lib/matplotlib/patches.py::722,0.184274
lib/matplotlib/patches.py::724,0.184274
lib/matplotlib/patches.py::725,0.184274
lib/matplotlib/patches.py::727,0.184274
lib/matplotlib/patches.py::728,0.184274
lib/matplotlib/patches.py::73,0.184274
lib/matplotlib/patches.py::730,0.184274
lib/matplotlib/patches.py::731,0.184274
lib/matplotlib/patches.py::733,0.184274
lib/matplotlib/patches.py::735,0.184274
lib/matplotlib/patches.py::80,0.184274
lib/matplotlib/patches.py::81,0.184274
lib/matplotlib/patches.py::83,0.184274
lib/matplotlib/patches.py::84,0.184274
lib/matplotlib/patches.py::86,0.184274
lib/matplotlib/patches.py::87,0.184274
lib/matplotlib/patches.py::88,0.184274
lib/matplotlib/patches.py::89,0.184274
lib/matplotlib/patches.py::90,0.184274
lib/matplotlib/patches.py::91,0.184274
lib/matplotlib/patches.py::92,0.184274
lib/matplotlib/patches.py::94,0.184274
lib/matplotlib/patches.py::95,0.184274
lib/matplotlib/transforms.py::1013,0.184274
lib/matplotlib/transforms.py::1015,0.184274
lib/matplotlib/transforms.py::1016,0.184274
lib/matplotlib/transforms.py::1020,0.184274
lib/matplotlib/transforms.py::1021,0.184274
lib/matplotlib/transforms.py::1022,0.184274
lib/matplotlib/transforms.py::1023,0.184274
lib/matplotlib/transforms.py::1024,0.184274
lib/matplotlib/transforms.py::116,0.184274
lib/matplotlib/transforms.py::120,0.184274
lib/matplotlib/transforms.py::121,0.184274
lib/matplotlib/transforms.py::153,0.184274
lib/matplotlib/transforms.py::154,0.184274
lib/matplotlib/transforms.py::155,0.184274
lib/matplotlib/transforms.py::156,0.184274
lib/matplotlib/transforms.py::1694,0.184274
lib/matplotlib/transforms.py::1695,0.184274
lib/matplotlib/transforms.py::173,0.184274
lib/matplotlib/transforms.py::175,0.184274
lib/matplotlib/transforms.py::176,0.184274
lib/matplotlib/transforms.py::178,0.184274
lib/matplotlib/transforms.py::1833,0.184274
lib/matplotlib/transforms.py::1834,0.184274
lib/matplotlib/transforms.py::1836,0.184274
lib/matplotlib/transforms.py::1837,0.184274
lib/matplotlib/transforms.py::1838,0.184274
lib/matplotlib/transforms.py::195,0.184274
lib/matplotlib/transforms.py::1985,0.184274
lib/matplotlib/transforms.py::1986,0.184274
lib/matplotlib/transforms.py::1987,0.184274
lib/matplotlib/transforms.py::1988,0.184274
lib/matplotlib/transforms.py::1989,0.184274
lib/matplotlib/transforms.py::199,0.184274
lib/matplotlib/transforms.py::1990,0.184274
lib/matplotlib/transforms.py::1991,0.184274
lib/matplotlib/transforms.py::200,0.184274
lib/matplotlib/transforms.py::201,0.184274
lib/matplotlib/transforms.py::2502,0.184274
lib/matplotlib/transforms.py::2505,0.184274
lib/matplotlib/transforms.py::2506,0.184274
lib/matplotlib/transforms.py::2507,0.184274
lib/matplotlib/transforms.py::2508,0.184274
lib/matplotlib/transforms.py::2509,0.184274
lib/matplotlib/transforms.py::295,0.184274
lib/matplotlib/transforms.py::417,0.184274
lib/matplotlib/transforms.py::418,0.184274
lib/matplotlib/transforms.py::423,0.184274
lib/matplotlib/transforms.py::424,0.184274
lib/matplotlib/transforms.py::760,0.184274
lib/matplotlib/transforms.py::761,0.184274
lib/matplotlib/transforms.py::762,0.184274
lib/matplotlib/transforms.py::765,0.184274
lib/matplotlib/transforms.py::766,0.184274
lib/matplotlib/transforms.py::767,0.184274
lib/matplotlib/transforms.py::771,0.184274
lib/matplotlib/transforms.py::800,0.184274
lib/matplotlib/transforms.py::809,0.184274
lib/matplotlib/transforms.py::963,0.184274
lib/matplotlib/transforms.py::964,0.184274
lib/matplotlib/widgets.py::36,0.184274
lib/matplotlib/cbook/__init__.py::1680,0.180072
lib/matplotlib/cbook/__init__.py::1692,0.180072
lib/matplotlib/__init__.py::1075,0.174942
lib/matplotlib/__init__.py::1076,0.174942
lib/matplotlib/__init__.py::1077,0.174942
lib/matplotlib/__init__.py::1079,0.174942
lib/matplotlib/__init__.py::1087,0.174942
lib/matplotlib/__init__.py::1088,0.174942
lib/matplotlib/__init__.py::1091,0.174942
lib/matplotlib/__init__.py::1095,0.174942
lib/matplotlib/__init__.py::1098,0.174942
lib/matplotlib/__init__.py::1132,0.174942
lib/matplotlib/__init__.py::1133,0.174942
lib/matplotlib/__init__.py::1135,0.174942
lib/matplotlib/__init__.py::653,0.174942
lib/matplotlib/__init__.py::654,0.174942
lib/matplotlib/__init__.py::660,0.174942
lib/matplotlib/__init__.py::661,0.174942
lib/matplotlib/__init__.py::662,0.174942
lib/matplotlib/__init__.py::663,0.174942
lib/matplotlib/__init__.py::664,0.174942
lib/matplotlib/__init__.py::669,0.174942
lib/matplotlib/__init__.py::673,0.174942
lib/matplotlib/__init__.py::674,0.174942
lib/matplotlib/__init__.py::677,0.174942
lib/matplotlib/__init__.py::684,0.174942
lib/matplotlib/__init__.py::690,0.174942
lib/matplotlib/__init__.py::696,0.174942
lib/matplotlib/__init__.py::697,0.174942
lib/matplotlib/__init__.py::698,0.174942
lib/matplotlib/__init__.py::702,0.174942
lib/matplotlib/__init__.py::718,0.174942
lib/matplotlib/__init__.py::719,0.174942
lib/matplotlib/__init__.py::741,0.174942
lib/matplotlib/__init__.py::990,0.174942
lib/matplotlib/__init__.py::991,0.174942
lib/matplotlib/__init__.py::992,0.174942
lib/matplotlib/__init__.py::993,0.174942
lib/matplotlib/__init__.py::994,0.174942
lib/matplotlib/_pylab_helpers.py::81,0.174942
lib/matplotlib/_pylab_helpers.py::82,0.174942
lib/matplotlib/_pylab_helpers.py::85,0.174942
lib/matplotlib/_pylab_helpers.py::86,0.174942
lib/matplotlib/cbook/__init__.py::2128,0.174942
lib/matplotlib/cbook/__init__.py::2129,0.174942
lib/matplotlib/cbook/__init__.py::2130,0.174942
lib/matplotlib/cbook/__init__.py::2133,0.174942
lib/matplotlib/cbook/__init__.py::2135,0.174942
lib/matplotlib/cbook/__init__.py::2136,0.174942
lib/matplotlib/cbook/__init__.py::2137,0.174942
lib/matplotlib/cbook/__init__.py::2138,0.174942
lib/matplotlib/cbook/__init__.py::2285,0.174942
lib/matplotlib/cbook/__init__.py::2286,0.174942
lib/matplotlib/cbook/__init__.py::2287,0.174942
lib/matplotlib/cbook/deprecation.py::105,0.174942
lib/matplotlib/cbook/deprecation.py::106,0.174942
lib/matplotlib/cbook/deprecation.py::107,0.174942
lib/matplotlib/cbook/deprecation.py::108,0.174942
lib/matplotlib/cbook/deprecation.py::109,0.174942
lib/matplotlib/cbook/deprecation.py::27,0.174942
lib/matplotlib/cbook/deprecation.py::32,0.174942
lib/matplotlib/cbook/deprecation.py::35,0.174942
lib/matplotlib/cbook/deprecation.py::36,0.174942
lib/matplotlib/cbook/deprecation.py::37,0.174942
lib/matplotlib/cbook/deprecation.py::434,0.174942
lib/matplotlib/cbook/deprecation.py::435,0.174942
lib/matplotlib/cbook/deprecation.py::436,0.174942
lib/matplotlib/cbook/deprecation.py::48,0.174942
lib/matplotlib/cbook/deprecation.py::49,0.174942
lib/matplotlib/cbook/deprecation.py::50,0.174942
lib/matplotlib/cbook/deprecation.py::51,0.174942
lib/matplotlib/cbook/deprecation.py::52,0.174942
lib/matplotlib/cbook/deprecation.py::53,0.174942
lib/matplotlib/colors.py::126,0.174942
lib/matplotlib/colors.py::132,0.174942
lib/matplotlib/colors.py::133,0.174942
lib/matplotlib/colors.py::134,0.174942
lib/matplotlib/colors.py::135,0.174942
lib/matplotlib/colors.py::139,0.174942
lib/matplotlib/colors.py::165,0.174942
lib/matplotlib/colors.py::170,0.174942
lib/matplotlib/colors.py::171,0.174942
lib/matplotlib/colors.py::174,0.174942
lib/matplotlib/colors.py::180,0.174942
lib/matplotlib/pyplot.py::718,0.174942
lib/matplotlib/pyplot.py::724,0.174942
lib/matplotlib/pyplot.py::725,0.174942
lib/matplotlib/rcsetup.py::100,0.174942
lib/matplotlib/rcsetup.py::101,0.174942
lib/matplotlib/rcsetup.py::115,0.174942
lib/matplotlib/rcsetup.py::132,0.174942
lib/matplotlib/rcsetup.py::133,0.174942
lib/matplotlib/rcsetup.py::134,0.174942
lib/matplotlib/rcsetup.py::135,0.174942
lib/matplotlib/rcsetup.py::136,0.174942
lib/matplotlib/rcsetup.py::137,0.174942
lib/matplotlib/rcsetup.py::139,0.174942
lib/matplotlib/rcsetup.py::159,0.174942
lib/matplotlib/rcsetup.py::163,0.174942
lib/matplotlib/rcsetup.py::166,0.174942
lib/matplotlib/rcsetup.py::167,0.174942
lib/matplotlib/rcsetup.py::168,0.174942
lib/matplotlib/rcsetup.py::179,0.174942
lib/matplotlib/rcsetup.py::180,0.174942
lib/matplotlib/rcsetup.py::181,0.174942
lib/matplotlib/rcsetup.py::182,0.174942
lib/matplotlib/rcsetup.py::183,0.174942
lib/matplotlib/rcsetup.py::184,0.174942
lib/matplotlib/rcsetup.py::198,0.174942
lib/matplotlib/rcsetup.py::199,0.174942
lib/matplotlib/rcsetup.py::214,0.174942
lib/matplotlib/rcsetup.py::215,0.174942
lib/matplotlib/rcsetup.py::216,0.174942
lib/matplotlib/rcsetup.py::217,0.174942
lib/matplotlib/rcsetup.py::218,0.174942
lib/matplotlib/rcsetup.py::247,0.174942
lib/matplotlib/rcsetup.py::248,0.174942
lib/matplotlib/rcsetup.py::249,0.174942
lib/matplotlib/rcsetup.py::250,0.174942
lib/matplotlib/rcsetup.py::258,0.174942
lib/matplotlib/rcsetup.py::262,0.174942
lib/matplotlib/rcsetup.py::272,0.174942
lib/matplotlib/rcsetup.py::273,0.174942
lib/matplotlib/rcsetup.py::274,0.174942
lib/matplotlib/rcsetup.py::284,0.174942
lib/matplotlib/rcsetup.py::286,0.174942
lib/matplotlib/rcsetup.py::293,0.174942
lib/matplotlib/rcsetup.py::297,0.174942
lib/matplotlib/rcsetup.py::298,0.174942
lib/matplotlib/rcsetup.py::299,0.174942
lib/matplotlib/rcsetup.py::304,0.174942
lib/matplotlib/rcsetup.py::313,0.174942
lib/matplotlib/rcsetup.py::314,0.174942
lib/matplotlib/rcsetup.py::315,0.174942
lib/matplotlib/rcsetup.py::319,0.174942
lib/matplotlib/rcsetup.py::320,0.174942
lib/matplotlib/rcsetup.py::321,0.174942
lib/matplotlib/rcsetup.py::326,0.174942
lib/matplotlib/rcsetup.py::328,0.174942
lib/matplotlib/rcsetup.py::333,0.174942
lib/matplotlib/rcsetup.py::334,0.174942
lib/matplotlib/rcsetup.py::335,0.174942
lib/matplotlib/rcsetup.py::336,0.174942
lib/matplotlib/rcsetup.py::341,0.174942
lib/matplotlib/rcsetup.py::342,0.174942
lib/matplotlib/rcsetup.py::363,0.174942
lib/matplotlib/rcsetup.py::364,0.174942
lib/matplotlib/rcsetup.py::372,0.174942
lib/matplotlib/rcsetup.py::373,0.174942
lib/matplotlib/rcsetup.py::379,0.174942
lib/matplotlib/rcsetup.py::380,0.174942
lib/matplotlib/rcsetup.py::381,0.174942
lib/matplotlib/rcsetup.py::382,0.174942
lib/matplotlib/rcsetup.py::383,0.174942
lib/matplotlib/rcsetup.py::384,0.174942
lib/matplotlib/rcsetup.py::397,0.174942
lib/matplotlib/rcsetup.py::398,0.174942
lib/matplotlib/rcsetup.py::400,0.174942
lib/matplotlib/rcsetup.py::401,0.174942
lib/matplotlib/rcsetup.py::409,0.174942
lib/matplotlib/rcsetup.py::410,0.174942
lib/matplotlib/rcsetup.py::418,0.174942
lib/matplotlib/rcsetup.py::420,0.174942
lib/matplotlib/rcsetup.py::421,0.174942
lib/matplotlib/rcsetup.py::431,0.174942
lib/matplotlib/rcsetup.py::432,0.174942
lib/matplotlib/rcsetup.py::433,0.174942
lib/matplotlib/rcsetup.py::434,0.174942
lib/matplotlib/rcsetup.py::436,0.174942
lib/matplotlib/rcsetup.py::437,0.174942
lib/matplotlib/rcsetup.py::458,0.174942
lib/matplotlib/rcsetup.py::465,0.174942
lib/matplotlib/rcsetup.py::466,0.174942
lib/matplotlib/rcsetup.py::468,0.174942
lib/matplotlib/rcsetup.py::469,0.174942
lib/matplotlib/rcsetup.py::470,0.174942
lib/matplotlib/rcsetup.py::471,0.174942
lib/matplotlib/rcsetup.py::495,0.174942
lib/matplotlib/rcsetup.py::496,0.174942
lib/matplotlib/rcsetup.py::502,0.174942
lib/matplotlib/rcsetup.py::514,0.174942
lib/matplotlib/rcsetup.py::516,0.174942
lib/matplotlib/rcsetup.py::517,0.174942
lib/matplotlib/rcsetup.py::535,0.174942
lib/matplotlib/rcsetup.py::536,0.174942
lib/matplotlib/rcsetup.py::537,0.174942
lib/matplotlib/rcsetup.py::573,0.174942
lib/matplotlib/rcsetup.py::574,0.174942
lib/matplotlib/rcsetup.py::586,0.174942
lib/matplotlib/rcsetup.py::590,0.174942
lib/matplotlib/rcsetup.py::591,0.174942
lib/matplotlib/rcsetup.py::592,0.174942
lib/matplotlib/rcsetup.py::596,0.174942
lib/matplotlib/rcsetup.py::597,0.174942
lib/matplotlib/rcsetup.py::598,0.174942
lib/matplotlib/rcsetup.py::67,0.174942
lib/matplotlib/rcsetup.py::674,0.174942
lib/matplotlib/rcsetup.py::680,0.174942
lib/matplotlib/rcsetup.py::681,0.174942
lib/matplotlib/rcsetup.py::71,0.174942
lib/matplotlib/rcsetup.py::711,0.174942
lib/matplotlib/rcsetup.py::718,0.174942
lib/matplotlib/rcsetup.py::72,0.174942
lib/matplotlib/rcsetup.py::721,0.174942
lib/matplotlib/rcsetup.py::725,0.174942
lib/matplotlib/rcsetup.py::727,0.174942
lib/matplotlib/rcsetup.py::728,0.174942
lib/matplotlib/rcsetup.py::73,0.174942
lib/matplotlib/rcsetup.py::736,0.174942
lib/matplotlib/rcsetup.py::737,0.174942
lib/matplotlib/rcsetup.py::738,0.174942
lib/matplotlib/rcsetup.py::74,0.174942
lib/matplotlib/rcsetup.py::744,0.174942
lib/matplotlib/rcsetup.py::745,0.174942
lib/matplotlib/rcsetup.py::746,0.174942
lib/matplotlib/rcsetup.py::81,0.174942
lib/matplotlib/rcsetup.py::82,0.174942
lib/matplotlib/rcsetup.py::83,0.174942
lib/matplotlib/rcsetup.py::84,0.174942
lib/matplotlib/rcsetup.py::900,0.174942
lib/matplotlib/rcsetup.py::925,0.174942
lib/matplotlib/rcsetup.py::926,0.174942
lib/matplotlib/rcsetup.py::930,0.174942
lib/matplotlib/rcsetup.py::931,0.174942
lib/matplotlib/rcsetup.py::936,0.174942
lib/matplotlib/rcsetup.py::937,0.174942
lib/matplotlib/rcsetup.py::938,0.174942
lib/matplotlib/rcsetup.py::939,0.174942
lib/matplotlib/rcsetup.py::942,0.174942
lib/matplotlib/rcsetup.py::946,0.174942
lib/matplotlib/rcsetup.py::95,0.174942
lib/matplotlib/rcsetup.py::950,0.174942
lib/matplotlib/rcsetup.py::953,0.174942
lib/matplotlib/rcsetup.py::954,0.174942
lib/matplotlib/rcsetup.py::955,0.174942
lib/matplotlib/rcsetup.py::957,0.174942
lib/matplotlib/rcsetup.py::958,0.174942
lib/matplotlib/rcsetup.py::960,0.174942
lib/matplotlib/rcsetup.py::964,0.174942
lib/matplotlib/rcsetup.py::965,0.174942
lib/matplotlib/rcsetup.py::967,0.174942
lib/matplotlib/rcsetup.py::968,0.174942
lib/matplotlib/style/core.py::101,0.174942
lib/matplotlib/style/core.py::102,0.174942
lib/matplotlib/style/core.py::103,0.174942
lib/matplotlib/style/core.py::104,0.174942
lib/matplotlib/style/core.py::106,0.174942
lib/matplotlib/style/core.py::46,0.174942
lib/matplotlib/style/core.py::47,0.174942
lib/matplotlib/style/core.py::48,0.174942
lib/matplotlib/style/core.py::54,0.174942
lib/matplotlib/style/core.py::55,0.174942
lib/matplotlib/style/core.py::65,0.174942
lib/matplotlib/style/core.py::93,0.174942
lib/matplotlib/style/core.py::94,0.174942
lib/matplotlib/style/core.py::95,0.174942
lib/matplotlib/testing/__init__.py::21,0.174942
lib/matplotlib/testing/__init__.py::22,0.174942
lib/matplotlib/testing/__init__.py::23,0.174942
lib/matplotlib/testing/__init__.py::27,0.174942
lib/matplotlib/testing/__init__.py::34,0.174942
lib/matplotlib/testing/__init__.py::35,0.174942
lib/matplotlib/testing/__init__.py::36,0.174942
lib/matplotlib/testing/__init__.py::37,0.174942
lib/matplotlib/testing/__init__.py::38,0.174942
lib/matplotlib/testing/__init__.py::39,0.174942
lib/matplotlib/testing/__init__.py::40,0.174942
lib/matplotlib/testing/__init__.py::41,0.174942
lib/matplotlib/testing/__init__.py::44,0.174942
lib/matplotlib/testing/__init__.py::46,0.174942
lib/matplotlib/testing/__init__.py::47,0.174942
lib/matplotlib/testing/__init__.py::51,0.174942
lib/matplotlib/testing/__init__.py::52,0.174942
lib/matplotlib/testing/conftest.py::100,0.174942
lib/matplotlib/testing/conftest.py::34,0.174942
lib/matplotlib/testing/conftest.py::36,0.174942
lib/matplotlib/testing/conftest.py::38,0.174942
lib/matplotlib/testing/conftest.py::39,0.174942
lib/matplotlib/testing/conftest.py::40,0.174942
lib/matplotlib/testing/conftest.py::73,0.174942
lib/matplotlib/testing/conftest.py::74,0.174942
lib/matplotlib/testing/conftest.py::75,0.174942
lib/matplotlib/testing/conftest.py::80,0.174942
lib/matplotlib/testing/conftest.py::81,0.174942
lib/matplotlib/testing/conftest.py::95,0.174942
lib/matplotlib/testing/conftest.py::96,0.174942
lib/matplotlib/testing/conftest.py::97,0.174942
lib/matplotlib/testing/conftest.py::98,0.174942
lib/matplotlib/testing/decorators.py::28,0.174942
lib/matplotlib/testing/decorators.py::29,0.174942
lib/matplotlib/testing/decorators.py::30,0.174942
lib/matplotlib/testing/decorators.py::31,0.174942
lib/matplotlib/testing/decorators.py::33,0.174942
lib/matplotlib/testing/decorators.py::34,0.174942
lib/matplotlib/testing/decorators.py::35,0.174942
lib/matplotlib/_pylab_helpers.py::83,0.174322
lib/matplotlib/_pylab_helpers.py::84,0.174322
lib/matplotlib/pyplot.py::552,0.173765
lib/matplotlib/colors.py::261,0.170524
lib/matplotlib/cbook/__init__.py::2114,0.143937
lib/matplotlib/figure.py::1371,0.143937
lib/matplotlib/figure.py::1372,0.143937
lib/matplotlib/figure.py::1373,0.143937
lib/matplotlib/figure.py::1378,0.143937
lib/matplotlib/testing/conftest.py::114,0.143937
lib/matplotlib/testing/conftest.py::115,0.143937
lib/matplotlib/testing/conftest.py::120,0.143937
lib/matplotlib/testing/conftest.py::121,0.143937
lib/matplotlib/testing/conftest.py::122,0.143937
lib/matplotlib/testing/conftest.py::123,0.143937
lib/matplotlib/testing/decorators.py::175,0.143937
lib/matplotlib/testing/decorators.py::176,0.143937
lib/matplotlib/testing/decorators.py::177,0.143937
lib/matplotlib/testing/decorators.py::178,0.143937
lib/matplotlib/testing/decorators.py::179,0.143937
lib/matplotlib/testing/decorators.py::249,0.143937
lib/matplotlib/testing/decorators.py::250,0.143937
lib/matplotlib/testing/decorators.py::251,0.143937
lib/matplotlib/testing/decorators.py::252,0.143937
lib/matplotlib/testing/decorators.py::253,0.143937
lib/matplotlib/testing/decorators.py::451,0.143937
lib/matplotlib/testing/decorators.py::452,0.143937
lib/matplotlib/testing/decorators.py::453,0.143937
lib/matplotlib/testing/decorators.py::454,0.143937
lib/matplotlib/testing/decorators.py::455,0.143937
lib/matplotlib/testing/conftest.py::76,0.141882
lib/matplotlib/testing/conftest.py::78,0.141882
lib/matplotlib/testing/compare.py::302,0.141131
lib/matplotlib/testing/compare.py::307,0.141131
lib/matplotlib/testing/compare.py::393,0.141131
lib/matplotlib/testing/compare.py::394,0.141131
lib/matplotlib/testing/compare.py::396,0.141131
lib/matplotlib/testing/compare.py::398,0.141131
lib/matplotlib/axes/_axes.py::3740,0.134256
lib/matplotlib/figure.py::1361,0.126190
lib/matplotlib/cbook/__init__.py::1000,0.116478
lib/matplotlib/cbook/__init__.py::1011,0.116478
lib/matplotlib/cbook/__init__.py::1012,0.116478
lib/matplotlib/cbook/__init__.py::1030,0.116478
lib/matplotlib/figure.py::141,0.116416
lib/matplotlib/figure.py::1927,0.116416
lib/matplotlib/pyplot.py::2201,0.113014
lib/matplotlib/pyplot.py::655,0.109236
lib/matplotlib/figure.py::1895,0.107328
lib/matplotlib/figure.py::1898,0.107328
lib/matplotlib/pyplot.py::651,0.098134
lib/matplotlib/pyplot.py::652,0.098134
lib/matplotlib/_pylab_helpers.py::106,0.097898
lib/matplotlib/colors.py::329,0.096815
lib/matplotlib/colors.py::332,0.096815
lib/matplotlib/colors.py::309,0.095917
lib/matplotlib/colors.py::310,0.095917
lib/matplotlib/colors.py::313,0.095917
lib/matplotlib/axes/_axes.py::4240,0.082645
lib/matplotlib/axes/_axes.py::4241,0.082645
lib/matplotlib/colors.py::257,0.076181
lib/matplotlib/cbook/__init__.py::686,0.069851
lib/matplotlib/colors.py::258,0.068203
lib/matplotlib/axes/_axes.py::3657,0.067582
lib/matplotlib/pyplot.py::2663,0.067582
lib/matplotlib/pyplot.py::2664,0.067582
lib/matplotlib/pyplot.py::2665,0.067582
lib/matplotlib/axes/_axes.py::3662,0.064947
lib/matplotlib/axes/_axes.py::3739,0.062600
lib/matplotlib/colors.py::254,0.061889
lib/matplotlib/colors.py::256,0.061889
lib/matplotlib/_pylab_helpers.py::96,0.061707
lib/matplotlib/backend_bases.py::2619,0.061707
lib/matplotlib/pyplot.py::554,0.061707
lib/matplotlib/pyplot.py::555,0.061707
lib/matplotlib/pyplot.py::556,0.061707
lib/matplotlib/pyplot.py::557,0.061707
lib/matplotlib/pyplot.py::560,0.061707
lib/matplotlib/pyplot.py::593,0.061707
lib/matplotlib/pyplot.py::594,0.061707
lib/matplotlib/pyplot.py::670,0.061707
lib/matplotlib/pyplot.py::671,0.061707
lib/matplotlib/pyplot.py::672,0.061707
lib/matplotlib/testing/decorators.py::396,0.061707
lib/matplotlib/testing/decorators.py::397,0.061707
lib/matplotlib/testing/decorators.py::398,0.061707
lib/matplotlib/testing/decorators.py::399,0.061707
lib/matplotlib/testing/decorators.py::400,0.061707
lib/matplotlib/testing/decorators.py::401,0.061707
lib/matplotlib/testing/decorators.py::403,0.061707
lib/matplotlib/testing/decorators.py::404,0.061707
lib/matplotlib/testing/decorators.py::405,0.061707
lib/matplotlib/testing/decorators.py::406,0.061707
lib/matplotlib/testing/decorators.py::407,0.061707
lib/matplotlib/testing/decorators.py::408,0.061707
lib/matplotlib/testing/decorators.py::409,0.061707
lib/matplotlib/testing/decorators.py::410,0.061707
lib/matplotlib/testing/decorators.py::411,0.061707
lib/matplotlib/testing/decorators.py::412,0.061707
lib/matplotlib/testing/decorators.py::413,0.061707
lib/matplotlib/testing/decorators.py::414,0.061707
lib/matplotlib/testing/decorators.py::417,0.061707
lib/matplotlib/testing/decorators.py::418,0.061707
lib/matplotlib/ticker.py::679,0.061184
lib/matplotlib/ticker.py::659,0.060673
lib/matplotlib/ticker.py::660,0.060673
lib/matplotlib/ticker.py::665,0.060673
lib/matplotlib/ticker.py::666,0.060673
lib/matplotlib/ticker.py::667,0.060673
lib/matplotlib/ticker.py::668,0.060673
lib/matplotlib/ticker.py::676,0.060673
lib/matplotlib/ticker.py::678,0.060673
lib/matplotlib/axes/_axes.py::3670,0.060490
lib/matplotlib/_pylab_helpers.py::72,0.060176
lib/matplotlib/_pylab_helpers.py::73,0.060176
lib/matplotlib/_pylab_helpers.py::74,0.060176
lib/matplotlib/pyplot.py::726,0.060176
lib/matplotlib/pyplot.py::728,0.060176
lib/matplotlib/pyplot.py::732,0.060176
lib/matplotlib/pyplot.py::737,0.060176
lib/matplotlib/pyplot.py::738,0.060176
lib/matplotlib/transforms.py::429,0.060176
lib/matplotlib/transforms.py::430,0.060176
lib/matplotlib/collections.py::784,0.059690
lib/matplotlib/_pylab_helpers.py::56,0.059216
lib/matplotlib/_pylab_helpers.py::57,0.059216
lib/matplotlib/_pylab_helpers.py::58,0.059216
lib/matplotlib/_pylab_helpers.py::59,0.059216
lib/matplotlib/_pylab_helpers.py::65,0.059216
lib/matplotlib/_pylab_helpers.py::66,0.059216
lib/matplotlib/_pylab_helpers.py::67,0.059216
lib/matplotlib/axes/_axes.py::3654,0.058580
lib/matplotlib/axes/_axes.py::3655,0.058580
lib/matplotlib/axes/_axes.py::3656,0.058580
lib/matplotlib/axes/_axes.py::3659,0.058580
lib/matplotlib/axes/_axes.py::3660,0.058580
lib/matplotlib/axes/_axes.py::3661,0.058580
lib/matplotlib/axes/_axes.py::3663,0.058580
lib/matplotlib/axes/_axes.py::3664,0.058580
lib/matplotlib/axes/_axes.py::3665,0.058580
lib/matplotlib/axes/_axes.py::3666,0.058580
lib/matplotlib/axes/_axes.py::3667,0.058580
lib/matplotlib/axes/_axes.py::3668,0.058580
lib/matplotlib/axes/_axes.py::3669,0.058580
lib/matplotlib/axes/_axes.py::3671,0.058580
lib/matplotlib/axes/_axes.py::3672,0.058580
lib/matplotlib/axes/_axes.py::3673,0.058580
lib/matplotlib/axes/_axes.py::3674,0.058580
lib/matplotlib/axes/_axes.py::3675,0.058580
lib/matplotlib/axes/_axes.py::3676,0.058580
lib/matplotlib/axes/_axes.py::3678,0.058580
lib/matplotlib/axes/_axes.py::3679,0.058580
lib/matplotlib/axes/_axes.py::3680,0.058580
lib/matplotlib/axes/_axes.py::3681,0.058580
lib/matplotlib/axes/_axes.py::3682,0.058580
lib/matplotlib/axes/_axes.py::3683,0.058580
lib/matplotlib/axes/_axes.py::3684,0.058580
lib/matplotlib/axes/_axes.py::3685,0.058580
lib/matplotlib/axes/_axes.py::3686,0.058580
lib/matplotlib/axes/_axes.py::3687,0.058580
lib/matplotlib/axes/_axes.py::3688,0.058580
lib/matplotlib/axes/_axes.py::3689,0.058580
lib/matplotlib/axes/_axes.py::3691,0.058580
lib/matplotlib/axes/_axes.py::3701,0.058580
lib/matplotlib/axes/_axes.py::3728,0.058580
lib/matplotlib/colors.py::216,0.058580
lib/matplotlib/colors.py::217,0.058580
lib/matplotlib/colors.py::218,0.058580
lib/matplotlib/collections.py::166,0.056185
lib/matplotlib/collections.py::362,0.056185
lib/matplotlib/collections.py::363,0.056185
lib/matplotlib/collections.py::364,0.056185
lib/matplotlib/collections.py::365,0.056185
lib/matplotlib/collections.py::366,0.056185
lib/matplotlib/collections.py::367,0.056185
lib/matplotlib/collections.py::368,0.056185
lib/matplotlib/colors.py::212,0.054618
lib/matplotlib/colors.py::172,0.054455
lib/matplotlib/colors.py::173,0.054455
lib/matplotlib/colors.py::175,0.054455
lib/matplotlib/colors.py::190,0.054455
lib/matplotlib/colors.py::191,0.054455
lib/matplotlib/colors.py::193,0.054455
lib/matplotlib/axes/_axes.py::1140,0.053234
lib/matplotlib/axes/_axes.py::1141,0.053234
lib/matplotlib/axes/_axes.py::1142,0.053234
lib/matplotlib/axes/_axes.py::1143,0.053234
lib/matplotlib/axes/_axes.py::1145,0.053234
lib/matplotlib/axes/_axes.py::1147,0.053234
lib/matplotlib/axes/_axes.py::1148,0.053234
lib/matplotlib/cbook/__init__.py::464,0.053206
lib/matplotlib/axes/_axes.py::4418,0.052428
lib/matplotlib/axes/_axes.py::4424,0.052428
lib/matplotlib/axes/_axes.py::4425,0.052428
lib/matplotlib/cbook/__init__.py::1065,0.052428
lib/matplotlib/cbook/__init__.py::1067,0.052428
lib/matplotlib/cbook/__init__.py::1069,0.052428
lib/matplotlib/cbook/__init__.py::1070,0.052428
lib/matplotlib/cbook/__init__.py::1071,0.052428
lib/matplotlib/cbook/__init__.py::1072,0.052428
lib/matplotlib/cbook/__init__.py::1073,0.052428
lib/matplotlib/cbook/__init__.py::1074,0.052428
lib/matplotlib/cbook/__init__.py::1077,0.052428
lib/matplotlib/cbook/__init__.py::1079,0.052428
lib/matplotlib/cbook/__init__.py::1080,0.052428
lib/matplotlib/cbook/__init__.py::1081,0.052428
lib/matplotlib/cbook/__init__.py::1082,0.052428
lib/matplotlib/cbook/__init__.py::1083,0.052428
lib/matplotlib/cbook/__init__.py::1085,0.052428
lib/matplotlib/axes/_axes.py::1114,0.052241
lib/matplotlib/axes/_axes.py::1115,0.052241
lib/matplotlib/axes/_axes.py::1116,0.052241
lib/matplotlib/axes/_axes.py::1117,0.052241
lib/matplotlib/axes/_axes.py::1119,0.052241
lib/matplotlib/axes/_axes.py::1121,0.052241
lib/matplotlib/axes/_axes.py::1123,0.052241
lib/matplotlib/axes/_axes.py::1126,0.052241
lib/matplotlib/axes/_axes.py::1128,0.052241
lib/matplotlib/axes/_axes.py::1129,0.052241
lib/matplotlib/axes/_axes.py::1130,0.052241
lib/matplotlib/axes/_axes.py::1132,0.052241
lib/matplotlib/axes/_axes.py::1133,0.052241
lib/matplotlib/axes/_axes.py::1134,0.052241
lib/matplotlib/axes/_axes.py::1135,0.052241
lib/matplotlib/axes/_axes.py::1136,0.052241
lib/matplotlib/axes/_axes.py::1137,0.052241
lib/matplotlib/axes/_axes.py::1139,0.052241
lib/matplotlib/axes/_axes.py::1150,0.052241
lib/matplotlib/collections.py::291,0.052241
lib/matplotlib/collections.py::293,0.052241
lib/matplotlib/collections.py::295,0.052241
lib/matplotlib/collections.py::297,0.052241
lib/matplotlib/collections.py::299,0.052241
lib/matplotlib/collections.py::300,0.052241
lib/matplotlib/collections.py::301,0.052241
lib/matplotlib/collections.py::303,0.052241
lib/matplotlib/collections.py::314,0.052241
lib/matplotlib/collections.py::317,0.052241
lib/matplotlib/collections.py::327,0.052241
lib/matplotlib/collections.py::328,0.052241
lib/matplotlib/collections.py::329,0.052241
lib/matplotlib/collections.py::330,0.052241
lib/matplotlib/collections.py::331,0.052241
lib/matplotlib/collections.py::346,0.052241
lib/matplotlib/collections.py::349,0.052241
lib/matplotlib/collections.py::352,0.052241
lib/matplotlib/collections.py::370,0.052241
lib/matplotlib/collections.py::371,0.052241
lib/matplotlib/collections.py::372,0.052241
lib/matplotlib/collections.py::255,0.051923
lib/matplotlib/collections.py::256,0.051923
lib/matplotlib/collections.py::257,0.051923
lib/matplotlib/collections.py::258,0.051923
lib/matplotlib/collections.py::260,0.051923
lib/matplotlib/collections.py::273,0.051923
lib/matplotlib/collections.py::277,0.051923
lib/matplotlib/collections.py::282,0.051923
lib/matplotlib/collections.py::287,0.051923
lib/matplotlib/axes/_axes.py::4414,0.051171
lib/matplotlib/axes/_axes.py::4415,0.051171
lib/matplotlib/axes/_axes.py::4416,0.051171
lib/matplotlib/collections.py::172,0.050704
lib/matplotlib/axes/_axes.py::1218,0.050126
lib/matplotlib/axes/_axes.py::1219,0.050126
lib/matplotlib/axes/_axes.py::1220,0.050126
lib/matplotlib/axes/_axes.py::1221,0.050126
lib/matplotlib/axes/_axes.py::1223,0.050126
lib/matplotlib/axes/_axes.py::1224,0.050126
lib/matplotlib/axes/_axes.py::1225,0.050126
lib/matplotlib/collections.py::725,0.050126
lib/matplotlib/axes/_axes.py::4395,0.050001
lib/matplotlib/axes/_axes.py::4396,0.050001
lib/matplotlib/axes/_axes.py::4397,0.050001
lib/matplotlib/axes/_axes.py::4401,0.050001
lib/matplotlib/axes/_axes.py::4402,0.050001
lib/matplotlib/axes/_axes.py::4403,0.050001
lib/matplotlib/axes/_axes.py::4406,0.050001
lib/matplotlib/axes/_axes.py::4409,0.050001
lib/matplotlib/axes/_axes.py::4410,0.050001
lib/matplotlib/axes/_axes.py::1190,0.049295
lib/matplotlib/axes/_axes.py::1193,0.049295
lib/matplotlib/axes/_axes.py::1194,0.049295
lib/matplotlib/axes/_axes.py::1195,0.049295
lib/matplotlib/axes/_axes.py::1197,0.049295
lib/matplotlib/axes/_axes.py::1199,0.049295
lib/matplotlib/axes/_axes.py::1201,0.049295
lib/matplotlib/axes/_axes.py::1204,0.049295
lib/matplotlib/axes/_axes.py::1206,0.049295
lib/matplotlib/axes/_axes.py::1207,0.049295
lib/matplotlib/axes/_axes.py::1208,0.049295
lib/matplotlib/axes/_axes.py::1210,0.049295
lib/matplotlib/axes/_axes.py::1211,0.049295
lib/matplotlib/axes/_axes.py::1212,0.049295
lib/matplotlib/axes/_axes.py::1213,0.049295
lib/matplotlib/axes/_axes.py::1214,0.049295
lib/matplotlib/axes/_axes.py::1215,0.049295
lib/matplotlib/axes/_axes.py::1217,0.049295
lib/matplotlib/axes/_axes.py::1227,0.049295
lib/matplotlib/collections.py::783,0.049027
lib/matplotlib/artist.py::164,0.048763
lib/matplotlib/artist.py::165,0.048763
lib/matplotlib/collections.py::719,0.048763
lib/matplotlib/collections.py::722,0.048763
lib/matplotlib/transforms.py::1642,0.048504
lib/matplotlib/pyplot.py::1194,0.047925
lib/matplotlib/pyplot.py::1195,0.047925
lib/matplotlib/pyplot.py::1196,0.047925
lib/matplotlib/pyplot.py::1197,0.047925
lib/matplotlib/pyplot.py::1198,0.047925
lib/matplotlib/axes/_base.py::1876,0.047030
lib/matplotlib/transforms.py::2285,0.047030
lib/matplotlib/transforms.py::2286,0.047030
lib/matplotlib/transforms.py::2287,0.047030
lib/matplotlib/transforms.py::2288,0.047030
lib/matplotlib/transforms.py::2289,0.047030
lib/matplotlib/axes/_base.py::2129,0.047026
lib/matplotlib/axes/_base.py::2130,0.047026
lib/matplotlib/axes/_base.py::2134,0.047026
lib/matplotlib/collections.py::175,0.046567
lib/matplotlib/collections.py::176,0.046567
lib/matplotlib/collections.py::179,0.046567
lib/matplotlib/axes/_base.py::334,0.044346
lib/matplotlib/cbook/__init__.py::1666,0.044346
lib/matplotlib/cbook/__init__.py::1667,0.044346
lib/matplotlib/cbook/__init__.py::1668,0.044346
lib/matplotlib/cbook/__init__.py::1669,0.044346
lib/matplotlib/cbook/__init__.py::1003,0.043862
lib/matplotlib/cbook/__init__.py::1004,0.043862
lib/matplotlib/cbook/__init__.py::1005,0.043862
lib/matplotlib/cbook/__init__.py::1006,0.043862
lib/matplotlib/cbook/__init__.py::1007,0.043862
lib/matplotlib/cbook/__init__.py::1008,0.043862
lib/matplotlib/cbook/__init__.py::1010,0.043862
lib/matplotlib/cbook/__init__.py::1014,0.043862
lib/matplotlib/cbook/__init__.py::1015,0.043862
lib/matplotlib/cbook/__init__.py::1016,0.043862
lib/matplotlib/cbook/__init__.py::1017,0.043862
lib/matplotlib/cbook/__init__.py::1018,0.043862
lib/matplotlib/cbook/__init__.py::1021,0.043862
lib/matplotlib/cbook/__init__.py::1022,0.043862
lib/matplotlib/cbook/__init__.py::1023,0.043862
lib/matplotlib/cbook/__init__.py::1024,0.043862
lib/matplotlib/cbook/__init__.py::1028,0.043862
lib/matplotlib/cbook/__init__.py::1029,0.043862
lib/matplotlib/cbook/__init__.py::1031,0.043862
lib/matplotlib/cbook/__init__.py::989,0.043862
lib/matplotlib/cbook/__init__.py::991,0.043862
lib/matplotlib/cbook/__init__.py::993,0.043862
lib/matplotlib/cbook/__init__.py::994,0.043862
lib/matplotlib/cbook/__init__.py::995,0.043862
lib/matplotlib/cbook/__init__.py::996,0.043862
lib/matplotlib/cbook/__init__.py::997,0.043862
lib/matplotlib/cbook/__init__.py::998,0.043862
lib/matplotlib/cbook/__init__.py::999,0.043862
lib/matplotlib/figure.py::1545,0.043622
lib/matplotlib/figure.py::1530,0.043374
lib/matplotlib/figure.py::1532,0.043374
lib/matplotlib/figure.py::1556,0.043293
lib/matplotlib/figure.py::1529,0.043131
lib/matplotlib/figure.py::1531,0.043131
lib/matplotlib/figure.py::1538,0.043131
lib/matplotlib/figure.py::1542,0.043131
lib/matplotlib/figure.py::1543,0.043131
lib/matplotlib/figure.py::1544,0.043131
lib/matplotlib/figure.py::1546,0.043131
lib/matplotlib/figure.py::1547,0.043131
lib/matplotlib/figure.py::1549,0.043131
lib/matplotlib/figure.py::1550,0.043131
lib/matplotlib/figure.py::1552,0.043131
lib/matplotlib/figure.py::1557,0.043131
lib/matplotlib/figure.py::1560,0.043131
lib/matplotlib/figure.py::1561,0.043131
lib/matplotlib/figure.py::1562,0.043131
lib/matplotlib/figure.py::1563,0.043131
lib/matplotlib/figure.py::1564,0.043131
lib/matplotlib/figure.py::1565,0.043131
lib/matplotlib/figure.py::1566,0.043131
lib/matplotlib/figure.py::1567,0.043131
lib/matplotlib/figure.py::1570,0.043131
lib/matplotlib/figure.py::1576,0.043131
lib/matplotlib/figure.py::1583,0.043131
lib/matplotlib/figure.py::1586,0.043131
lib/matplotlib/colors.py::307,0.042813
lib/matplotlib/colors.py::308,0.042813
lib/matplotlib/gridspec.py::225,0.042813
lib/matplotlib/gridspec.py::226,0.042813
lib/matplotlib/gridspec.py::229,0.042813
lib/matplotlib/gridspec.py::230,0.042813
lib/matplotlib/gridspec.py::231,0.042813
lib/matplotlib/ticker.py::655,0.042763
lib/matplotlib/ticker.py::656,0.042763
lib/matplotlib/colors.py::305,0.042735
lib/matplotlib/ticker.py::548,0.042415
lib/matplotlib/figure.py::1366,0.042274
lib/matplotlib/figure.py::1367,0.042274
lib/matplotlib/gridspec.py::539,0.042274
lib/matplotlib/gridspec.py::540,0.042274
lib/matplotlib/gridspec.py::541,0.042274
lib/matplotlib/gridspec.py::676,0.042274
lib/matplotlib/colors.py::285,0.042198
lib/matplotlib/figure.py::1065,0.041465
lib/matplotlib/figure.py::1066,0.041465
lib/matplotlib/collections.py::1384,0.041419
lib/matplotlib/collections.py::1385,0.041419
lib/matplotlib/collections.py::1386,0.041419
lib/matplotlib/figure.py::1063,0.041253
lib/matplotlib/figure.py::1064,0.041253
lib/matplotlib/figure.py::1067,0.041253
lib/matplotlib/collections.py::1356,0.040640
lib/matplotlib/transforms.py::2412,0.040341
lib/matplotlib/transforms.py::2413,0.040341
lib/matplotlib/transforms.py::2414,0.040341
lib/matplotlib/transforms.py::2415,0.040341
lib/matplotlib/transforms.py::2416,0.040341
lib/matplotlib/transforms.py::2417,0.040341
lib/matplotlib/transforms.py::2418,0.040341
lib/matplotlib/collections.py::1353,0.040048
lib/matplotlib/collections.py::1355,0.040048
lib/matplotlib/collections.py::1357,0.040048
lib/matplotlib/collections.py::1358,0.040048
lib/matplotlib/collections.py::1360,0.040048
lib/matplotlib/collections.py::1361,0.040048
lib/matplotlib/collections.py::1362,0.040048
lib/matplotlib/collections.py::1363,0.040048
lib/matplotlib/collections.py::1364,0.040048
lib/matplotlib/collections.py::1365,0.040048
lib/matplotlib/collections.py::1366,0.040048
lib/matplotlib/collections.py::1367,0.040048
lib/matplotlib/collections.py::1368,0.040048
lib/matplotlib/collections.py::1369,0.040048
lib/matplotlib/collections.py::1370,0.040048
lib/matplotlib/collections.py::1371,0.040048
lib/matplotlib/collections.py::1372,0.040048
lib/matplotlib/collections.py::1373,0.040048
lib/matplotlib/collections.py::1374,0.040048
lib/matplotlib/collections.py::1376,0.040048
lib/matplotlib/collections.py::1379,0.040048
lib/matplotlib/collections.py::1381,0.040048
lib/matplotlib/collections.py::1383,0.040048
lib/matplotlib/collections.py::1388,0.040048
lib/matplotlib/collections.py::1391,0.040048
lib/matplotlib/collections.py::1392,0.040048
lib/matplotlib/collections.py::697,0.040048
lib/matplotlib/collections.py::741,0.039621
lib/matplotlib/collections.py::742,0.039621
lib/matplotlib/collections.py::748,0.039621
lib/matplotlib/collections.py::749,0.039621
lib/matplotlib/ticker.py::745,0.039621
lib/matplotlib/transforms.py::2384,0.039481
lib/matplotlib/transforms.py::2386,0.039481
lib/matplotlib/transforms.py::2389,0.039481
lib/matplotlib/transforms.py::2390,0.039481
lib/matplotlib/transforms.py::2392,0.039481
lib/matplotlib/transforms.py::2393,0.039481
lib/matplotlib/transforms.py::2394,0.039481
lib/matplotlib/transforms.py::2395,0.039481
lib/matplotlib/transforms.py::2396,0.039481
lib/matplotlib/transforms.py::2444,0.039481
lib/matplotlib/axes/_axes.py::4238,0.039130
lib/matplotlib/axes/_axes.py::4239,0.039130
lib/matplotlib/colors.py::292,0.038674
lib/matplotlib/colors.py::293,0.038674
lib/matplotlib/colors.py::294,0.038674
lib/matplotlib/text.py::393,0.038674
lib/matplotlib/cbook/__init__.py::1195,0.038600
lib/matplotlib/cbook/__init__.py::1196,0.038600
lib/matplotlib/cbook/__init__.py::1197,0.038600
lib/matplotlib/text.py::392,0.038545
lib/matplotlib/colors.py::287,0.038038
lib/matplotlib/colors.py::288,0.038038
lib/matplotlib/colors.py::289,0.038038
lib/matplotlib/colors.py::296,0.038038
lib/matplotlib/colors.py::298,0.038038
lib/matplotlib/colors.py::300,0.038038
lib/matplotlib/colors.py::286,0.037793
lib/matplotlib/text.py::382,0.037793
lib/matplotlib/text.py::389,0.037793
lib/matplotlib/text.py::352,0.037671
lib/matplotlib/text.py::353,0.037671
lib/matplotlib/text.py::354,0.037671
lib/matplotlib/cbook/__init__.py::1262,0.037601
lib/matplotlib/cbook/__init__.py::1263,0.037601
lib/matplotlib/cbook/__init__.py::1264,0.037601
lib/matplotlib/text.py::390,0.037433
lib/matplotlib/ticker.py::2154,0.037198
lib/matplotlib/cbook/__init__.py::1283,0.037129
lib/matplotlib/text.py::380,0.037083
lib/matplotlib/text.py::381,0.036855
lib/matplotlib/axes/_axes.py::4270,0.036676
lib/matplotlib/cbook/__init__.py::1174,0.036676
lib/matplotlib/cbook/__init__.py::1186,0.036676
lib/matplotlib/cbook/__init__.py::1187,0.036676
lib/matplotlib/cbook/__init__.py::1199,0.036676
lib/matplotlib/cbook/__init__.py::1202,0.036676
lib/matplotlib/cbook/__init__.py::1205,0.036676
lib/matplotlib/cbook/__init__.py::1207,0.036676
lib/matplotlib/cbook/__init__.py::1208,0.036676
lib/matplotlib/cbook/__init__.py::1209,0.036676
lib/matplotlib/cbook/__init__.py::1213,0.036676
lib/matplotlib/cbook/__init__.py::1214,0.036676
lib/matplotlib/cbook/__init__.py::1217,0.036676
lib/matplotlib/cbook/__init__.py::1218,0.036676
lib/matplotlib/cbook/__init__.py::1222,0.036676
lib/matplotlib/cbook/__init__.py::1225,0.036676
lib/matplotlib/cbook/__init__.py::1228,0.036676
lib/matplotlib/cbook/__init__.py::1242,0.036676
lib/matplotlib/cbook/__init__.py::1245,0.036676
lib/matplotlib/cbook/__init__.py::1248,0.036676
lib/matplotlib/cbook/__init__.py::1251,0.036676
lib/matplotlib/cbook/__init__.py::1252,0.036676
lib/matplotlib/cbook/__init__.py::1256,0.036676
lib/matplotlib/cbook/__init__.py::1257,0.036676
lib/matplotlib/cbook/__init__.py::1261,0.036676
lib/matplotlib/cbook/__init__.py::1279,0.036676
lib/matplotlib/cbook/__init__.py::1280,0.036676
lib/matplotlib/cbook/__init__.py::1286,0.036676
lib/matplotlib/cbook/__init__.py::1287,0.036676
lib/matplotlib/cbook/__init__.py::1290,0.036676
lib/matplotlib/cbook/__init__.py::1293,0.036676
lib/matplotlib/cbook/__init__.py::1294,0.036676
lib/matplotlib/cbook/__init__.py::1295,0.036676
lib/matplotlib/cbook/__init__.py::1299,0.036676
lib/matplotlib/cbook/__init__.py::1301,0.036676
lib/matplotlib/ticker.py::543,0.036632
lib/matplotlib/ticker.py::546,0.036632
lib/matplotlib/ticker.py::547,0.036632
lib/matplotlib/ticker.py::549,0.036632
lib/matplotlib/ticker.py::552,0.036632
lib/matplotlib/ticker.py::553,0.036632
lib/matplotlib/ticker.py::638,0.036632
lib/matplotlib/ticker.py::643,0.036632
lib/matplotlib/ticker.py::645,0.036632
lib/matplotlib/ticker.py::646,0.036632
lib/matplotlib/ticker.py::647,0.036632
lib/matplotlib/ticker.py::648,0.036632
lib/matplotlib/ticker.py::651,0.036632
lib/matplotlib/ticker.py::654,0.036632
lib/matplotlib/ticker.py::706,0.036632
lib/matplotlib/backends/backend_agg.py::174,0.036521
lib/matplotlib/backends/backend_agg.py::175,0.036521
lib/matplotlib/backends/backend_agg.py::177,0.036521
lib/matplotlib/backends/backend_agg.py::181,0.036521
lib/matplotlib/backends/backend_agg.py::182,0.036521
lib/matplotlib/backends/backend_agg.py::183,0.036521
lib/matplotlib/backends/backend_agg.py::184,0.036521
lib/matplotlib/backends/backend_agg.py::186,0.036521
lib/matplotlib/backends/backend_agg.py::187,0.036521
lib/matplotlib/backends/backend_agg.py::188,0.036521
lib/matplotlib/backends/backend_agg.py::189,0.036521
lib/matplotlib/backends/backend_agg.py::190,0.036521
lib/matplotlib/backends/backend_agg.py::191,0.036521
lib/matplotlib/backends/backend_agg.py::192,0.036521
lib/matplotlib/backends/backend_agg.py::193,0.036521
lib/matplotlib/lines.py::928,0.036521
lib/matplotlib/lines.py::930,0.036521
lib/matplotlib/text.py::388,0.036521
lib/matplotlib/ticker.py::296,0.036521
lib/matplotlib/ticker.py::611,0.036521
lib/matplotlib/ticker.py::612,0.036521
lib/matplotlib/ticker.py::631,0.036521
lib/matplotlib/ticker.py::637,0.036521
lib/matplotlib/ticker.py::639,0.036521
lib/matplotlib/ticker.py::640,0.036521
lib/matplotlib/ticker.py::685,0.036521
lib/matplotlib/ticker.py::688,0.036521
lib/matplotlib/ticker.py::693,0.036521
lib/matplotlib/ticker.py::694,0.036521
lib/matplotlib/ticker.py::695,0.036521
lib/matplotlib/ticker.py::696,0.036521
lib/matplotlib/ticker.py::697,0.036521
lib/matplotlib/ticker.py::700,0.036521
lib/matplotlib/ticker.py::703,0.036521
lib/matplotlib/ticker.py::707,0.036521
lib/matplotlib/ticker.py::710,0.036521
lib/matplotlib/ticker.py::711,0.036521
lib/matplotlib/ticker.py::713,0.036521
lib/matplotlib/ticker.py::716,0.036521
lib/matplotlib/ticker.py::720,0.036521
lib/matplotlib/ticker.py::724,0.036521
lib/matplotlib/ticker.py::725,0.036521
lib/matplotlib/ticker.py::726,0.036521
lib/matplotlib/ticker.py::728,0.036521
lib/matplotlib/ticker.py::731,0.036521
lib/matplotlib/ticker.py::733,0.036521
lib/matplotlib/ticker.py::736,0.036521
lib/matplotlib/ticker.py::738,0.036521
lib/matplotlib/ticker.py::740,0.036521
lib/matplotlib/ticker.py::741,0.036521
lib/matplotlib/ticker.py::742,0.036521
lib/matplotlib/ticker.py::743,0.036521
lib/matplotlib/ticker.py::746,0.036521
lib/matplotlib/ticker.py::747,0.036521
lib/matplotlib/ticker.py::748,0.036521
lib/matplotlib/backend_bases.py::634,0.036304
lib/matplotlib/backends/backend_agg.py::171,0.036304
lib/matplotlib/backends/backend_agg.py::240,0.036304
lib/matplotlib/markers.py::243,0.036196
lib/matplotlib/backends/backend_agg.py::198,0.036090
lib/matplotlib/backends/backend_agg.py::206,0.036090
lib/matplotlib/backends/backend_agg.py::211,0.036090
lib/matplotlib/backends/backend_agg.py::212,0.036090
lib/matplotlib/backends/backend_agg.py::213,0.036090
lib/matplotlib/backends/backend_agg.py::214,0.036090
lib/matplotlib/backends/backend_agg.py::215,0.036090
lib/matplotlib/backends/backend_agg.py::216,0.036090
lib/matplotlib/backends/backend_agg.py::217,0.036090
lib/matplotlib/backends/backend_agg.py::218,0.036090
lib/matplotlib/backends/backend_agg.py::219,0.036090
lib/matplotlib/backends/backend_agg.py::246,0.036090
lib/matplotlib/backends/backend_agg.py::247,0.036090
lib/matplotlib/backends/backend_agg.py::249,0.036090
lib/matplotlib/backends/backend_agg.py::250,0.036090
lib/matplotlib/backends/backend_agg.py::251,0.036090
lib/matplotlib/backends/backend_agg.py::253,0.036090
lib/matplotlib/backends/backend_agg.py::56,0.036090
lib/matplotlib/backends/backend_agg.py::57,0.036090
lib/matplotlib/backends/backend_agg.py::58,0.036090
lib/matplotlib/backends/backend_agg.py::59,0.036090
lib/matplotlib/backends/backend_agg.py::60,0.036090
lib/matplotlib/backends/backend_agg.py::61,0.036090
lib/matplotlib/backends/backend_agg.py::63,0.036090
lib/matplotlib/text.py::379,0.036090
lib/matplotlib/text.py::386,0.036090
lib/matplotlib/text.py::56,0.036090
lib/matplotlib/text.py::57,0.036090
lib/matplotlib/text.py::58,0.036090
lib/matplotlib/colors.py::306,0.035880
lib/matplotlib/collections.py::574,0.035776
lib/matplotlib/collections.py::575,0.035776
lib/matplotlib/collections.py::752,0.035776
lib/matplotlib/ticker.py::609,0.035776
lib/matplotlib/ticker.py::635,0.035776
lib/matplotlib/ticker.py::636,0.035776
lib/matplotlib/units.py::67,0.035763
lib/matplotlib/units.py::69,0.035763
lib/matplotlib/ticker.py::1929,0.035673
lib/matplotlib/text.py::719,0.035370
lib/matplotlib/axis.py::1776,0.035271
lib/matplotlib/text.py::901,0.035271
lib/matplotlib/text.py::902,0.035271
lib/matplotlib/text.py::903,0.035271
lib/matplotlib/text.py::905,0.035271
lib/matplotlib/text.py::908,0.035271
lib/matplotlib/text.py::909,0.035271
lib/matplotlib/text.py::910,0.035271
lib/matplotlib/text.py::911,0.035271
lib/matplotlib/text.py::912,0.035271
lib/matplotlib/text.py::914,0.035271
lib/matplotlib/transforms.py::691,0.035271
lib/matplotlib/units.py::66,0.035095
lib/matplotlib/text.py::350,0.035075
lib/matplotlib/text.py::351,0.035075
lib/matplotlib/cbook/__init__.py::1902,0.035052
lib/matplotlib/axes/_axes.py::4228,0.035013
lib/matplotlib/text.py::283,0.034978
lib/matplotlib/text.py::349,0.034882
lib/matplotlib/ticker.py::2146,0.034787
lib/matplotlib/ticker.py::2150,0.034787
lib/matplotlib/ticker.py::2151,0.034787
lib/matplotlib/ticker.py::2153,0.034787
lib/matplotlib/collections.py::646,0.034692
lib/matplotlib/axes/_axes.py::4227,0.034632
lib/matplotlib/axis.py::1771,0.034598
lib/matplotlib/axis.py::1775,0.034598
lib/matplotlib/text.py::1196,0.034505
lib/matplotlib/text.py::28,0.034505
lib/matplotlib/text.py::36,0.034505
lib/matplotlib/text.py::555,0.034505
lib/matplotlib/text.py::685,0.034505
lib/matplotlib/text.py::687,0.034505
lib/matplotlib/text.py::688,0.034505
lib/matplotlib/text.py::689,0.034505
lib/matplotlib/text.py::693,0.034505
lib/matplotlib/text.py::694,0.034505
lib/matplotlib/text.py::695,0.034505
lib/matplotlib/text.py::696,0.034505
lib/matplotlib/text.py::699,0.034505
lib/matplotlib/text.py::702,0.034505
lib/matplotlib/text.py::705,0.034505
lib/matplotlib/text.py::706,0.034505
lib/matplotlib/text.py::707,0.034505
lib/matplotlib/text.py::708,0.034505
lib/matplotlib/text.py::709,0.034505
lib/matplotlib/text.py::711,0.034505
lib/matplotlib/text.py::713,0.034505
lib/matplotlib/text.py::715,0.034505
lib/matplotlib/text.py::716,0.034505
lib/matplotlib/text.py::717,0.034505
lib/matplotlib/text.py::718,0.034505
lib/matplotlib/text.py::720,0.034505
lib/matplotlib/text.py::722,0.034505
lib/matplotlib/text.py::727,0.034505
lib/matplotlib/text.py::729,0.034505
lib/matplotlib/text.py::734,0.034505
lib/matplotlib/text.py::735,0.034505
lib/matplotlib/text.py::736,0.034505
lib/matplotlib/text.py::738,0.034505
lib/matplotlib/text.py::739,0.034505
lib/matplotlib/text.py::740,0.034505
lib/matplotlib/axis.py::1765,0.034413
lib/matplotlib/axis.py::1769,0.034413
lib/matplotlib/cbook/__init__.py::595,0.034322
lib/matplotlib/cbook/__init__.py::596,0.034322
lib/matplotlib/cbook/__init__.py::597,0.034322
lib/matplotlib/cbook/__init__.py::598,0.034322
lib/matplotlib/cbook/__init__.py::599,0.034322
lib/matplotlib/cbook/__init__.py::600,0.034322
lib/matplotlib/font_manager.py::1223,0.034322
lib/matplotlib/font_manager.py::1225,0.034322
lib/matplotlib/font_manager.py::1226,0.034322
lib/matplotlib/font_manager.py::1227,0.034322
lib/matplotlib/font_manager.py::1228,0.034322
lib/matplotlib/font_manager.py::1229,0.034322
lib/matplotlib/font_manager.py::1329,0.034322
lib/matplotlib/font_manager.py::1330,0.034322
lib/matplotlib/font_manager.py::1331,0.034322
lib/matplotlib/font_manager.py::1332,0.034322
lib/matplotlib/font_manager.py::1333,0.034322
lib/matplotlib/font_manager.py::663,0.034322
lib/matplotlib/font_manager.py::664,0.034322
lib/matplotlib/font_manager.py::665,0.034322
lib/matplotlib/font_manager.py::666,0.034322
lib/matplotlib/font_manager.py::667,0.034322
lib/matplotlib/font_manager.py::668,0.034322
lib/matplotlib/font_manager.py::669,0.034322
lib/matplotlib/font_manager.py::670,0.034322
lib/matplotlib/font_manager.py::673,0.034322
lib/matplotlib/font_manager.py::682,0.034322
lib/matplotlib/font_manager.py::694,0.034322
lib/matplotlib/font_manager.py::701,0.034322
lib/matplotlib/font_manager.py::710,0.034322
lib/matplotlib/font_manager.py::718,0.034322
lib/matplotlib/font_manager.py::733,0.034322
lib/matplotlib/text.py::1189,0.034322
lib/matplotlib/text.py::1193,0.034322
lib/matplotlib/text.py::1228,0.034322
lib/matplotlib/text.py::233,0.034322
lib/matplotlib/text.py::236,0.034322
lib/matplotlib/text.py::281,0.034322
lib/matplotlib/text.py::282,0.034322
lib/matplotlib/text.py::285,0.034322
lib/matplotlib/text.py::286,0.034322
lib/matplotlib/text.py::288,0.034322
lib/matplotlib/text.py::289,0.034322
lib/matplotlib/text.py::290,0.034322
lib/matplotlib/text.py::291,0.034322
lib/matplotlib/text.py::294,0.034322
lib/matplotlib/text.py::295,0.034322
lib/matplotlib/text.py::296,0.034322
lib/matplotlib/text.py::297,0.034322
lib/matplotlib/text.py::299,0.034322
lib/matplotlib/text.py::300,0.034322
lib/matplotlib/text.py::301,0.034322
lib/matplotlib/text.py::302,0.034322
lib/matplotlib/text.py::303,0.034322
lib/matplotlib/text.py::310,0.034322
lib/matplotlib/text.py::311,0.034322
lib/matplotlib/text.py::313,0.034322
lib/matplotlib/text.py::314,0.034322
lib/matplotlib/text.py::317,0.034322
lib/matplotlib/text.py::319,0.034322
lib/matplotlib/text.py::321,0.034322
lib/matplotlib/text.py::326,0.034322
lib/matplotlib/text.py::327,0.034322
lib/matplotlib/text.py::329,0.034322
lib/matplotlib/text.py::332,0.034322
lib/matplotlib/text.py::335,0.034322
lib/matplotlib/text.py::336,0.034322
lib/matplotlib/text.py::337,0.034322
lib/matplotlib/text.py::338,0.034322
lib/matplotlib/text.py::339,0.034322
lib/matplotlib/text.py::340,0.034322
lib/matplotlib/text.py::343,0.034322
lib/matplotlib/text.py::346,0.034322
lib/matplotlib/text.py::347,0.034322
lib/matplotlib/text.py::357,0.034322
lib/matplotlib/text.py::358,0.034322
lib/matplotlib/text.py::361,0.034322
lib/matplotlib/text.py::363,0.034322
lib/matplotlib/text.py::364,0.034322
lib/matplotlib/text.py::365,0.034322
lib/matplotlib/text.py::366,0.034322
lib/matplotlib/text.py::367,0.034322
lib/matplotlib/text.py::368,0.034322
lib/matplotlib/text.py::372,0.034322
lib/matplotlib/text.py::373,0.034322
lib/matplotlib/text.py::375,0.034322
lib/matplotlib/text.py::376,0.034322
lib/matplotlib/text.py::420,0.034322
lib/matplotlib/text.py::421,0.034322
lib/matplotlib/text.py::423,0.034322
lib/matplotlib/text.py::426,0.034322
lib/matplotlib/text.py::428,0.034322
lib/matplotlib/text.py::429,0.034322
lib/matplotlib/text.py::430,0.034322
lib/matplotlib/text.py::849,0.034322
lib/matplotlib/text.py::850,0.034322
lib/matplotlib/text.py::851,0.034322
lib/matplotlib/text.py::852,0.034322
lib/matplotlib/text.py::853,0.034322
lib/matplotlib/text.py::854,0.034322
lib/matplotlib/text.py::855,0.034322
lib/matplotlib/text.py::856,0.034322
lib/matplotlib/backend_bases.py::926,0.034231
lib/matplotlib/text.py::259,0.034231
lib/matplotlib/text.py::240,0.034141
lib/matplotlib/text.py::54,0.034141
lib/matplotlib/text.py::55,0.034141
lib/matplotlib/text.py::744,0.034141
lib/matplotlib/artist.py::791,0.034052
lib/matplotlib/collections.py::750,0.034052
lib/matplotlib/collections.py::751,0.034052
lib/matplotlib/collections.py::753,0.034052
lib/matplotlib/figure.py::1903,0.033905
lib/matplotlib/testing/compare.py::388,0.033788
lib/matplotlib/figure.py::1902,0.033559
lib/matplotlib/axes/_base.py::1874,0.033445
lib/matplotlib/axes/_base.py::1875,0.033445
lib/matplotlib/axes/_base.py::1877,0.033445
lib/matplotlib/axes/_base.py::1878,0.033445
lib/matplotlib/axes/_base.py::1879,0.033445
lib/matplotlib/axes/_base.py::1881,0.033445
lib/matplotlib/axes/_base.py::1882,0.033445
lib/matplotlib/axes/_base.py::1884,0.033445
lib/matplotlib/axes/_base.py::1890,0.033445
lib/matplotlib/axes/_base.py::1891,0.033445
lib/matplotlib/collections.py::112,0.033445
lib/matplotlib/collections.py::113,0.033445
lib/matplotlib/collections.py::116,0.033445
lib/matplotlib/collections.py::118,0.033445
lib/matplotlib/collections.py::120,0.033445
lib/matplotlib/collections.py::121,0.033445
lib/matplotlib/collections.py::122,0.033445
lib/matplotlib/collections.py::124,0.033445
lib/matplotlib/collections.py::125,0.033445
lib/matplotlib/collections.py::126,0.033445
lib/matplotlib/collections.py::127,0.033445
lib/matplotlib/collections.py::128,0.033445
lib/matplotlib/collections.py::129,0.033445
lib/matplotlib/collections.py::130,0.033445
lib/matplotlib/collections.py::131,0.033445
lib/matplotlib/collections.py::132,0.033445
lib/matplotlib/collections.py::133,0.033445
lib/matplotlib/collections.py::134,0.033445
lib/matplotlib/collections.py::136,0.033445
lib/matplotlib/collections.py::139,0.033445
lib/matplotlib/collections.py::141,0.033445
lib/matplotlib/collections.py::144,0.033445
lib/matplotlib/collections.py::146,0.033445
lib/matplotlib/collections.py::148,0.033445
lib/matplotlib/collections.py::149,0.033445
lib/matplotlib/collections.py::150,0.033445
lib/matplotlib/collections.py::161,0.033445
lib/matplotlib/collections.py::162,0.033445
lib/matplotlib/collections.py::163,0.033445
lib/matplotlib/collections.py::383,0.033445
lib/matplotlib/collections.py::427,0.033445
lib/matplotlib/collections.py::428,0.033445
lib/matplotlib/collections.py::465,0.033445
lib/matplotlib/collections.py::466,0.033445
lib/matplotlib/collections.py::510,0.033445
lib/matplotlib/collections.py::511,0.033445
lib/matplotlib/collections.py::512,0.033445
lib/matplotlib/collections.py::513,0.033445
lib/matplotlib/collections.py::536,0.033445
lib/matplotlib/collections.py::541,0.033445
lib/matplotlib/collections.py::544,0.033445
lib/matplotlib/collections.py::545,0.033445
lib/matplotlib/collections.py::546,0.033445
lib/matplotlib/collections.py::572,0.033445
lib/matplotlib/collections.py::573,0.033445
lib/matplotlib/collections.py::587,0.033445
lib/matplotlib/collections.py::590,0.033445
lib/matplotlib/collections.py::591,0.033445
lib/matplotlib/collections.py::645,0.033445
lib/matplotlib/collections.py::669,0.033445
lib/matplotlib/collections.py::671,0.033445
lib/matplotlib/collections.py::672,0.033445
lib/matplotlib/collections.py::691,0.033445
lib/matplotlib/collections.py::694,0.033445
lib/matplotlib/collections.py::695,0.033445
lib/matplotlib/collections.py::696,0.033445
lib/matplotlib/collections.py::700,0.033445
lib/matplotlib/collections.py::701,0.033445
lib/matplotlib/collections.py::715,0.033445
lib/matplotlib/collections.py::716,0.033445
lib/matplotlib/collections.py::728,0.033445
lib/matplotlib/collections.py::729,0.033445
lib/matplotlib/collections.py::737,0.033445
lib/matplotlib/collections.py::738,0.033445
lib/matplotlib/collections.py::739,0.033445
lib/matplotlib/collections.py::744,0.033445
lib/matplotlib/collections.py::745,0.033445
lib/matplotlib/collections.py::765,0.033445
lib/matplotlib/collections.py::766,0.033445
lib/matplotlib/ticker.py::1930,0.033361
lib/matplotlib/axes/_axes.py::4259,0.033223
lib/matplotlib/axes/_axes.py::4260,0.033223
lib/matplotlib/testing/compare.py::29,0.033031
lib/matplotlib/testing/compare.py::290,0.033031
lib/matplotlib/testing/compare.py::295,0.033031
lib/matplotlib/testing/compare.py::30,0.033031
lib/matplotlib/testing/compare.py::379,0.033031
lib/matplotlib/testing/compare.py::380,0.033031
lib/matplotlib/testing/compare.py::382,0.033031
lib/matplotlib/testing/compare.py::383,0.033031
lib/matplotlib/testing/compare.py::385,0.033031
lib/matplotlib/testing/compare.py::387,0.033031
lib/matplotlib/testing/decorators.py::132,0.033031
lib/matplotlib/backends/backend_agg.py::423,0.032951
lib/matplotlib/backends/backend_agg.py::483,0.032951
lib/matplotlib/backends/backend_agg.py::484,0.032951
lib/matplotlib/backends/backend_agg.py::485,0.032951
lib/matplotlib/backends/backend_agg.py::486,0.032951
lib/matplotlib/backends/backend_agg.py::488,0.032951
lib/matplotlib/backends/backend_agg.py::489,0.032951
lib/matplotlib/backends/backend_agg.py::490,0.032951
lib/matplotlib/backends/backend_agg.py::492,0.032951
lib/matplotlib/backends/backend_agg.py::495,0.032951
lib/matplotlib/backends/backend_agg.py::496,0.032951
lib/matplotlib/backends/backend_agg.py::497,0.032951
lib/matplotlib/backends/backend_agg.py::498,0.032951
lib/matplotlib/backends/backend_agg.py::499,0.032951
lib/matplotlib/backends/backend_agg.py::500,0.032951
lib/matplotlib/backends/backend_agg.py::501,0.032951
lib/matplotlib/backends/backend_agg.py::502,0.032951
lib/matplotlib/axes/_axes.py::4276,0.032896
lib/matplotlib/backend_bases.py::1964,0.032870
lib/matplotlib/backends/backend_agg.py::260,0.032870
lib/matplotlib/text.py::1174,0.032870
lib/matplotlib/text.py::1175,0.032870
lib/matplotlib/transforms.py::2142,0.032711
lib/matplotlib/transforms.py::1486,0.032555
lib/matplotlib/artist.py::855,0.032248
lib/matplotlib/cm.py::141,0.032173
lib/matplotlib/cm.py::140,0.032098
lib/matplotlib/cm.py::142,0.032098
lib/matplotlib/cm.py::144,0.032098
lib/matplotlib/cm.py::145,0.032098
lib/matplotlib/cm.py::146,0.032098
lib/matplotlib/cm.py::171,0.032098
lib/matplotlib/cm.py::172,0.032098
lib/matplotlib/cm.py::173,0.032098
lib/matplotlib/cm.py::174,0.032098
lib/matplotlib/cm.py::175,0.032098
lib/matplotlib/cm.py::177,0.032098
lib/matplotlib/cm.py::178,0.032098
lib/matplotlib/cm.py::179,0.032098
lib/matplotlib/cm.py::339,0.032098
lib/matplotlib/cm.py::340,0.032098
lib/matplotlib/cm.py::341,0.032098
lib/matplotlib/cm.py::342,0.032098
lib/matplotlib/cm.py::359,0.032098
lib/matplotlib/cm.py::360,0.032098
lib/matplotlib/cm.py::361,0.032098
lib/matplotlib/cm.py::362,0.032098
lib/matplotlib/cm.py::363,0.032098
lib/matplotlib/cm.py::364,0.032098
lib/matplotlib/colors.py::115,0.032098
lib/matplotlib/colors.py::116,0.032098
lib/matplotlib/colors.py::940,0.032098
lib/matplotlib/colors.py::941,0.032098
lib/matplotlib/colors.py::942,0.032098
lib/matplotlib/ticker.py::2078,0.031950
lib/matplotlib/ticker.py::2094,0.031732
lib/matplotlib/ticker.py::2095,0.031732
lib/matplotlib/ticker.py::2096,0.031732
lib/matplotlib/ticker.py::2097,0.031732
lib/matplotlib/ticker.py::2098,0.031732
lib/matplotlib/ticker.py::2099,0.031732
lib/matplotlib/axes/_base.py::3091,0.031660
lib/matplotlib/axes/_base.py::3128,0.031660
lib/matplotlib/axes/_base.py::3131,0.031660
lib/matplotlib/axes/_base.py::3132,0.031660
lib/matplotlib/axes/_base.py::3134,0.031660
lib/matplotlib/axes/_base.py::3137,0.031660
lib/matplotlib/axes/_base.py::3138,0.031660
lib/matplotlib/axes/_base.py::3139,0.031660
lib/matplotlib/backend_bases.py::2028,0.031660
lib/matplotlib/backend_bases.py::2030,0.031660
lib/matplotlib/backend_bases.py::869,0.031660
lib/matplotlib/testing/compare.py::363,0.031660
lib/matplotlib/testing/compare.py::364,0.031660
lib/matplotlib/testing/compare.py::366,0.031660
lib/matplotlib/testing/compare.py::370,0.031660
lib/matplotlib/testing/compare.py::371,0.031660
lib/matplotlib/testing/compare.py::373,0.031660
lib/matplotlib/testing/compare.py::374,0.031660
lib/matplotlib/testing/decorators.py::129,0.031660
lib/matplotlib/testing/decorators.py::131,0.031660
lib/matplotlib/backend_bases.py::2027,0.031589
lib/matplotlib/backend_bases.py::2029,0.031589
lib/matplotlib/backend_bases.py::2031,0.031589
lib/matplotlib/pyplot.py::553,0.031589
lib/matplotlib/axes/_base.py::1530,0.031518
lib/matplotlib/axes/_base.py::1531,0.031518
lib/matplotlib/backend_bases.py::1954,0.031518
lib/matplotlib/backend_bases.py::1962,0.031518
lib/matplotlib/backend_bases.py::2025,0.031518
lib/matplotlib/backend_bases.py::2035,0.031518
lib/matplotlib/backend_bases.py::2038,0.031518
lib/matplotlib/backend_bases.py::2039,0.031518
lib/matplotlib/backend_bases.py::2041,0.031518
lib/matplotlib/backend_bases.py::2043,0.031518
lib/matplotlib/backend_bases.py::2050,0.031518
lib/matplotlib/backend_bases.py::2051,0.031518
lib/matplotlib/backend_bases.py::2053,0.031518
lib/matplotlib/backend_bases.py::2055,0.031518
lib/matplotlib/backend_bases.py::2058,0.031518
lib/matplotlib/backend_bases.py::2059,0.031518
lib/matplotlib/backend_bases.py::2061,0.031518
lib/matplotlib/backend_bases.py::2062,0.031518
lib/matplotlib/backend_bases.py::2064,0.031518
lib/matplotlib/backend_bases.py::2065,0.031518
lib/matplotlib/backend_bases.py::2067,0.031518
lib/matplotlib/backend_bases.py::2090,0.031518
lib/matplotlib/backend_bases.py::2092,0.031518
lib/matplotlib/backend_bases.py::2093,0.031518
lib/matplotlib/backend_bases.py::2094,0.031518
lib/matplotlib/backend_bases.py::2095,0.031518
lib/matplotlib/backend_bases.py::2096,0.031518
lib/matplotlib/backend_bases.py::2097,0.031518
lib/matplotlib/backend_bases.py::2098,0.031518
lib/matplotlib/backend_bases.py::2099,0.031518
lib/matplotlib/backend_bases.py::2100,0.031518
lib/matplotlib/backend_bases.py::2102,0.031518
lib/matplotlib/backend_bases.py::2105,0.031518
lib/matplotlib/backend_bases.py::2106,0.031518
lib/matplotlib/backend_bases.py::2107,0.031518
lib/matplotlib/backend_bases.py::2108,0.031518
lib/matplotlib/figure.py::2168,0.031518
lib/matplotlib/figure.py::2169,0.031518
lib/matplotlib/figure.py::2170,0.031518
lib/matplotlib/figure.py::2172,0.031518
lib/matplotlib/figure.py::2183,0.031518
lib/matplotlib/figure.py::2184,0.031518
lib/matplotlib/figure.py::2186,0.031518
lib/matplotlib/figure.py::2188,0.031518
lib/matplotlib/figure.py::445,0.031518
lib/matplotlib/figure.py::446,0.031518
lib/matplotlib/figure.py::447,0.031518
lib/matplotlib/figure.py::448,0.031518
lib/matplotlib/figure.py::449,0.031518
lib/matplotlib/figure.py::910,0.031518
lib/matplotlib/figure.py::914,0.031518
lib/matplotlib/figure.py::944,0.031518
lib/matplotlib/figure.py::954,0.031518
lib/matplotlib/figure.py::872,0.031448
lib/matplotlib/figure.py::874,0.031448
lib/matplotlib/figure.py::875,0.031448
lib/matplotlib/figure.py::877,0.031448
lib/matplotlib/figure.py::878,0.031448
lib/matplotlib/figure.py::879,0.031448
lib/matplotlib/figure.py::880,0.031448
lib/matplotlib/figure.py::881,0.031448
lib/matplotlib/figure.py::882,0.031448
lib/matplotlib/figure.py::883,0.031448
lib/matplotlib/figure.py::885,0.031448
lib/matplotlib/transforms.py::925,0.031448
lib/matplotlib/transforms.py::926,0.031448
lib/matplotlib/cbook/__init__.py::753,0.031398
lib/matplotlib/cbook/__init__.py::754,0.031398
lib/matplotlib/cbook/__init__.py::758,0.031398
lib/matplotlib/cbook/__init__.py::759,0.031398
lib/matplotlib/cbook/__init__.py::760,0.031398
lib/matplotlib/cbook/__init__.py::763,0.031398
lib/matplotlib/patches.py::290,0.031308
lib/matplotlib/transforms.py::1908,0.031308
lib/matplotlib/transforms.py::1909,0.031308
lib/matplotlib/transforms.py::1910,0.031308
lib/matplotlib/patches.py::286,0.031239
lib/matplotlib/axes/_base.py::3103,0.031103
lib/matplotlib/axes/_base.py::3104,0.031103
lib/matplotlib/axes/_base.py::3105,0.031103
lib/matplotlib/backends/backend_agg.py::257,0.031103
lib/matplotlib/lines.py::519,0.030769
lib/matplotlib/lines.py::603,0.030769
lib/matplotlib/lines.py::797,0.030769
lib/matplotlib/lines.py::798,0.030769
lib/matplotlib/lines.py::799,0.030769
lib/matplotlib/lines.py::800,0.030769
lib/matplotlib/lines.py::802,0.030769
lib/matplotlib/lines.py::803,0.030769
lib/matplotlib/lines.py::804,0.030769
lib/matplotlib/lines.py::805,0.030769
lib/matplotlib/lines.py::806,0.030769
lib/matplotlib/lines.py::807,0.030769
lib/matplotlib/lines.py::810,0.030769
lib/matplotlib/lines.py::811,0.030769
lib/matplotlib/lines.py::812,0.030769
lib/matplotlib/lines.py::813,0.030769
lib/matplotlib/lines.py::814,0.030769
lib/matplotlib/lines.py::815,0.030769
lib/matplotlib/lines.py::819,0.030769
lib/matplotlib/lines.py::823,0.030769
lib/matplotlib/lines.py::831,0.030769
lib/matplotlib/lines.py::834,0.030769
lib/matplotlib/lines.py::836,0.030769
lib/matplotlib/lines.py::837,0.030769
lib/matplotlib/lines.py::841,0.030769
lib/matplotlib/lines.py::843,0.030769
lib/matplotlib/lines.py::844,0.030769
lib/matplotlib/lines.py::845,0.030769
lib/matplotlib/lines.py::846,0.030769
lib/matplotlib/lines.py::847,0.030769
lib/matplotlib/lines.py::848,0.030769
lib/matplotlib/lines.py::849,0.030769
lib/matplotlib/lines.py::850,0.030769
lib/matplotlib/lines.py::851,0.030769
lib/matplotlib/lines.py::853,0.030769
lib/matplotlib/lines.py::857,0.030769
lib/matplotlib/lines.py::858,0.030769
lib/matplotlib/lines.py::859,0.030769
lib/matplotlib/lines.py::860,0.030769
lib/matplotlib/lines.py::862,0.030769
lib/matplotlib/lines.py::863,0.030769
lib/matplotlib/lines.py::870,0.030769
lib/matplotlib/lines.py::893,0.030769
lib/matplotlib/lines.py::925,0.030769
lib/matplotlib/lines.py::926,0.030769
lib/matplotlib/lines.py::927,0.030769
lib/matplotlib/lines.py::932,0.030769
lib/matplotlib/lines.py::945,0.030769
lib/matplotlib/lines.py::946,0.030769
lib/matplotlib/lines.py::947,0.030769
lib/matplotlib/lines.py::950,0.030769
lib/matplotlib/lines.py::952,0.030769
lib/matplotlib/lines.py::960,0.030769
lib/matplotlib/markers.py::263,0.030769
lib/matplotlib/markers.py::266,0.030769
lib/matplotlib/markers.py::307,0.030769
lib/matplotlib/markers.py::313,0.030769
lib/matplotlib/spines.py::341,0.030769
lib/matplotlib/spines.py::342,0.030769
lib/matplotlib/spines.py::343,0.030769
lib/matplotlib/transforms.py::2658,0.030769
lib/matplotlib/transforms.py::2659,0.030769
lib/matplotlib/ticker.py::2125,0.030704
lib/matplotlib/ticker.py::2126,0.030704
lib/matplotlib/axes/_base.py::2478,0.030639
lib/matplotlib/axes/_base.py::2479,0.030639
lib/matplotlib/axes/_base.py::2480,0.030639
lib/matplotlib/axes/_base.py::2481,0.030639
lib/matplotlib/axes/_base.py::2482,0.030639
lib/matplotlib/axes/_base.py::2483,0.030639
lib/matplotlib/axes/_base.py::2485,0.030639
lib/matplotlib/axes/_base.py::2486,0.030639
lib/matplotlib/axes/_base.py::2487,0.030639
lib/matplotlib/axes/_base.py::2526,0.030639
lib/matplotlib/axes/_base.py::2599,0.030639
lib/matplotlib/axes/_base.py::2602,0.030639
lib/matplotlib/axis.py::1784,0.030639
lib/matplotlib/markers.py::301,0.030639
lib/matplotlib/markers.py::304,0.030639
lib/matplotlib/ticker.py::2129,0.030639
lib/matplotlib/ticker.py::2132,0.030639
lib/matplotlib/ticker.py::2133,0.030639
lib/matplotlib/ticker.py::2134,0.030639
lib/matplotlib/ticker.py::2136,0.030639
lib/matplotlib/ticker.py::2137,0.030639
lib/matplotlib/ticker.py::2139,0.030639
lib/matplotlib/ticker.py::2141,0.030639
lib/matplotlib/ticker.py::2143,0.030639
lib/matplotlib/transforms.py::2073,0.030639
lib/matplotlib/axes/_base.py::560,0.030574
lib/matplotlib/figure.py::906,0.030574
lib/matplotlib/font_manager.py::727,0.030574
lib/matplotlib/transforms.py::364,0.030574
lib/matplotlib/axes/_base.py::2604,0.030446
lib/matplotlib/axes/_base.py::3502,0.030383
lib/matplotlib/axes/_base.py::3539,0.030383
lib/matplotlib/axes/_base.py::3542,0.030383
lib/matplotlib/axes/_base.py::3543,0.030383
lib/matplotlib/axes/_base.py::3545,0.030383
lib/matplotlib/axes/_base.py::3548,0.030383
lib/matplotlib/axes/_base.py::3549,0.030383
lib/matplotlib/axes/_base.py::3550,0.030383
lib/matplotlib/axis.py::1930,0.030383
lib/matplotlib/axis.py::1931,0.030383
lib/matplotlib/axis.py::2227,0.030383
lib/matplotlib/axis.py::2228,0.030383
lib/matplotlib/axes/_base.py::3250,0.030320
lib/matplotlib/axes/_base.py::2578,0.030257
lib/matplotlib/axes/_base.py::2580,0.030257
lib/matplotlib/axes/_base.py::2581,0.030257
lib/matplotlib/axes/_base.py::2583,0.030257
lib/matplotlib/axes/_base.py::2585,0.030257
lib/matplotlib/axes/_base.py::2587,0.030257
lib/matplotlib/axes/_base.py::2596,0.030257
lib/matplotlib/axes/_base.py::2597,0.030257
lib/matplotlib/axes/_base.py::2598,0.030257
lib/matplotlib/axes/_base.py::2603,0.030257
lib/matplotlib/axes/_base.py::2605,0.030257
lib/matplotlib/axes/_base.py::2615,0.030257
lib/matplotlib/axes/_base.py::2616,0.030257
lib/matplotlib/axes/_base.py::2618,0.030257
lib/matplotlib/axes/_base.py::2619,0.030257
lib/matplotlib/axis.py::1757,0.030257
lib/matplotlib/axis.py::1758,0.030257
lib/matplotlib/axis.py::1759,0.030257
lib/matplotlib/axis.py::1763,0.030257
lib/matplotlib/axis.py::2072,0.030257
lib/matplotlib/axis.py::2073,0.030257
lib/matplotlib/axis.py::2074,0.030257
lib/matplotlib/path.py::539,0.030257
lib/matplotlib/path.py::540,0.030257
lib/matplotlib/path.py::541,0.030257
lib/matplotlib/path.py::546,0.030257
lib/matplotlib/spines.py::154,0.030257
lib/matplotlib/transforms.py::1537,0.030257
lib/matplotlib/transforms.py::1538,0.030257
lib/matplotlib/transforms.py::2141,0.030257
lib/matplotlib/transforms.py::2173,0.030195
lib/matplotlib/transforms.py::2174,0.030195
lib/matplotlib/transforms.py::2177,0.030195
lib/matplotlib/transforms.py::2178,0.030195
lib/matplotlib/transforms.py::2181,0.030195
lib/matplotlib/transforms.py::2182,0.030195
lib/matplotlib/transforms.py::2183,0.030195
lib/matplotlib/transforms.py::2184,0.030195
lib/matplotlib/axes/_base.py::3643,0.030133
lib/matplotlib/text.py::898,0.030133
lib/matplotlib/text.py::899,0.030133
lib/matplotlib/colors.py::214,0.030088
lib/matplotlib/colors.py::215,0.030088
lib/matplotlib/text.py::229,0.030072
lib/matplotlib/text.py::230,0.030072
lib/matplotlib/axes/_base.py::2471,0.029950
lib/matplotlib/axes/_base.py::2472,0.029950
lib/matplotlib/axes/_base.py::2474,0.029950
lib/matplotlib/axes/_base.py::2475,0.029950
lib/matplotlib/axes/_base.py::2489,0.029950
lib/matplotlib/axes/_base.py::2490,0.029950
lib/matplotlib/axes/_base.py::2493,0.029950
lib/matplotlib/axes/_base.py::2494,0.029950
lib/matplotlib/axes/_base.py::2499,0.029950
lib/matplotlib/axes/_base.py::2501,0.029950
lib/matplotlib/axes/_base.py::2502,0.029950
lib/matplotlib/axes/_base.py::2504,0.029950
lib/matplotlib/axes/_base.py::2505,0.029950
lib/matplotlib/axes/_base.py::2509,0.029950
lib/matplotlib/axes/_base.py::2510,0.029950
lib/matplotlib/axes/_base.py::2511,0.029950
lib/matplotlib/axes/_base.py::2512,0.029950
lib/matplotlib/axes/_base.py::2513,0.029950
lib/matplotlib/axes/_base.py::2514,0.029950
lib/matplotlib/axes/_base.py::2515,0.029950
lib/matplotlib/axes/_base.py::2517,0.029950
lib/matplotlib/axes/_base.py::2520,0.029950
lib/matplotlib/axes/_base.py::2522,0.029950
lib/matplotlib/axes/_base.py::2525,0.029950
lib/matplotlib/axes/_base.py::2527,0.029950
lib/matplotlib/axes/_base.py::3516,0.029889
lib/matplotlib/axes/_base.py::600,0.029889
lib/matplotlib/axes/_base.py::601,0.029889
lib/matplotlib/axes/_base.py::602,0.029889
lib/matplotlib/axes/_base.py::603,0.029889
lib/matplotlib/axes/_base.py::604,0.029889
lib/matplotlib/axis.py::947,0.029829
lib/matplotlib/axis.py::948,0.029829
lib/matplotlib/backend_bases.py::1886,0.029829
lib/matplotlib/backends/backend_agg.py::126,0.029829
lib/matplotlib/backends/backend_agg.py::127,0.029829
lib/matplotlib/backends/backend_agg.py::129,0.029829
lib/matplotlib/backends/backend_agg.py::151,0.029829
lib/matplotlib/backends/backend_agg.py::152,0.029829
lib/matplotlib/backends/backend_agg.py::277,0.029829
lib/matplotlib/backends/backend_agg.py::376,0.029829
lib/matplotlib/backends/backend_agg.py::378,0.029829
lib/matplotlib/backends/backend_agg.py::379,0.029829
lib/matplotlib/backends/backend_agg.py::380,0.029829
lib/matplotlib/backends/backend_agg.py::381,0.029829
lib/matplotlib/backends/backend_agg.py::384,0.029829
lib/matplotlib/transforms.py::2131,0.029829
lib/matplotlib/axes/_base.py::3162,0.029770
lib/matplotlib/axes/_base.py::3514,0.029711
lib/matplotlib/axes/_base.py::3515,0.029711
lib/matplotlib/cbook/__init__.py::1422,0.029608
lib/matplotlib/cbook/__init__.py::1424,0.029608
lib/matplotlib/backends/backend_agg.py::387,0.029593
lib/matplotlib/backends/backend_agg.py::388,0.029593
lib/matplotlib/backends/backend_agg.py::389,0.029593
lib/matplotlib/backends/backend_agg.py::391,0.029593
lib/matplotlib/backends/backend_agg.py::392,0.029593
lib/matplotlib/backends/backend_agg.py::393,0.029593
lib/matplotlib/backends/backend_agg.py::396,0.029593
lib/matplotlib/backend_bases.py::836,0.029477
lib/matplotlib/backend_bases.py::973,0.029477
lib/matplotlib/backend_bases.py::981,0.029477
lib/matplotlib/lines.py::747,0.029419
lib/matplotlib/axes/_base.py::2094,0.029362
lib/matplotlib/axes/_base.py::2095,0.029362
lib/matplotlib/axes/_base.py::2097,0.029362
lib/matplotlib/axes/_base.py::2098,0.029362
lib/matplotlib/axes/_base.py::2099,0.029362
lib/matplotlib/patches.py::540,0.029305
lib/matplotlib/axes/_base.py::2697,0.029249
lib/matplotlib/axis.py::1147,0.029249
lib/matplotlib/axis.py::1969,0.029249
lib/matplotlib/axis.py::1970,0.029249
lib/matplotlib/axis.py::304,0.029249
lib/matplotlib/axis.py::307,0.029249
lib/matplotlib/axis.py::308,0.029249
lib/matplotlib/axis.py::309,0.029249
lib/matplotlib/axis.py::310,0.029249
lib/matplotlib/axis.py::311,0.029249
lib/matplotlib/axis.py::312,0.029249
lib/matplotlib/backends/backend_agg.py::108,0.029249
lib/matplotlib/backends/backend_agg.py::109,0.029249
lib/matplotlib/backends/backend_agg.py::110,0.029249
lib/matplotlib/backends/backend_agg.py::111,0.029249
lib/matplotlib/backends/backend_agg.py::112,0.029249
lib/matplotlib/backends/backend_agg.py::113,0.029249
lib/matplotlib/backends/backend_agg.py::114,0.029249
lib/matplotlib/backends/backend_agg.py::115,0.029249
lib/matplotlib/backends/backend_agg.py::86,0.029249
lib/matplotlib/backends/backend_agg.py::88,0.029249
lib/matplotlib/backends/backend_agg.py::89,0.029249
lib/matplotlib/backends/backend_agg.py::90,0.029249
lib/matplotlib/backends/backend_agg.py::91,0.029249
lib/matplotlib/backends/backend_agg.py::92,0.029249
lib/matplotlib/backends/backend_agg.py::94,0.029249
lib/matplotlib/backends/backend_agg.py::95,0.029249
lib/matplotlib/backends/backend_agg.py::97,0.029249
lib/matplotlib/lines.py::746,0.029249
lib/matplotlib/lines.py::749,0.029249
lib/matplotlib/lines.py::750,0.029249
lib/matplotlib/lines.py::751,0.029249
lib/matplotlib/lines.py::752,0.029249
lib/matplotlib/lines.py::760,0.029249
lib/matplotlib/lines.py::762,0.029249
lib/matplotlib/lines.py::766,0.029249
lib/matplotlib/lines.py::767,0.029249
lib/matplotlib/lines.py::796,0.029249
lib/matplotlib/lines.py::872,0.029249
lib/matplotlib/lines.py::873,0.029249
lib/matplotlib/markers.py::240,0.029249
lib/matplotlib/spines.py::248,0.029249
lib/matplotlib/spines.py::339,0.029249
lib/matplotlib/spines.py::340,0.029249
lib/matplotlib/spines.py::350,0.029249
lib/matplotlib/spines.py::351,0.029249
lib/matplotlib/spines.py::352,0.029249
lib/matplotlib/spines.py::353,0.029249
lib/matplotlib/text.py::681,0.029249
lib/matplotlib/spines.py::246,0.029193
lib/matplotlib/spines.py::247,0.029193
lib/matplotlib/spines.py::249,0.029193
lib/matplotlib/spines.py::250,0.029193
lib/matplotlib/spines.py::255,0.029193
lib/matplotlib/spines.py::305,0.029193
lib/matplotlib/spines.py::336,0.029193
lib/matplotlib/spines.py::337,0.029193
lib/matplotlib/spines.py::338,0.029193
lib/matplotlib/ticker.py::1923,0.029193
lib/matplotlib/axis.py::1023,0.029137
lib/matplotlib/axis.py::1024,0.029137
lib/matplotlib/axis.py::1025,0.029137
lib/matplotlib/axis.py::1074,0.029137
lib/matplotlib/axis.py::1075,0.029137
lib/matplotlib/axis.py::1081,0.029137
lib/matplotlib/axis.py::1082,0.029137
lib/matplotlib/axis.py::300,0.029137
lib/matplotlib/axis.py::322,0.029137
lib/matplotlib/axis.py::323,0.029137
lib/matplotlib/axis.py::335,0.029137
lib/matplotlib/axis.py::336,0.029137
lib/matplotlib/backend_bases.py::143,0.029137
lib/matplotlib/backend_bases.py::150,0.029137
lib/matplotlib/backend_bases.py::649,0.029137
lib/matplotlib/backend_bases.py::783,0.029137
lib/matplotlib/backend_bases.py::785,0.029137
lib/matplotlib/backend_bases.py::798,0.029137
lib/matplotlib/lines.py::707,0.029137
lib/matplotlib/lines.py::712,0.029137
lib/matplotlib/lines.py::713,0.029137
lib/matplotlib/lines.py::720,0.029137
lib/matplotlib/lines.py::721,0.029137
lib/matplotlib/lines.py::722,0.029137
lib/matplotlib/transforms.py::2640,0.029137
lib/matplotlib/transforms.py::2643,0.029137
lib/matplotlib/transforms.py::2645,0.029137
lib/matplotlib/transforms.py::2646,0.029137
lib/matplotlib/transforms.py::2647,0.029137
lib/matplotlib/transforms.py::2648,0.029137
lib/matplotlib/transforms.py::2678,0.029137
lib/matplotlib/transforms.py::2820,0.029137
lib/matplotlib/transforms.py::2821,0.029137
lib/matplotlib/transforms.py::2823,0.029137
lib/matplotlib/transforms.py::2824,0.029137
lib/matplotlib/axis.py::1308,0.029081
lib/matplotlib/axis.py::1310,0.029081
lib/matplotlib/axis.py::1311,0.029081
lib/matplotlib/axis.py::1312,0.029081
lib/matplotlib/axis.py::1313,0.029081
lib/matplotlib/axis.py::1314,0.029081
lib/matplotlib/axis.py::1343,0.029081
lib/matplotlib/axis.py::1344,0.029081
lib/matplotlib/axis.py::1345,0.029081
lib/matplotlib/axis.py::1346,0.029081
lib/matplotlib/spines.py::243,0.029081
lib/matplotlib/text.py::263,0.029081
lib/matplotlib/text.py::264,0.029081
lib/matplotlib/text.py::265,0.029081
lib/matplotlib/text.py::266,0.029081
lib/matplotlib/text.py::267,0.029081
lib/matplotlib/text.py::268,0.029081
lib/matplotlib/text.py::269,0.029081
lib/matplotlib/text.py::270,0.029081
lib/matplotlib/text.py::271,0.029081
lib/matplotlib/text.py::272,0.029081
lib/matplotlib/text.py::273,0.029081
lib/matplotlib/ticker.py::1744,0.029081
lib/matplotlib/ticker.py::1755,0.029081
lib/matplotlib/ticker.py::1880,0.029081
lib/matplotlib/ticker.py::1881,0.029081
lib/matplotlib/ticker.py::1882,0.029081
lib/matplotlib/ticker.py::1883,0.029081
lib/matplotlib/ticker.py::1886,0.029081
lib/matplotlib/ticker.py::1887,0.029081
lib/matplotlib/ticker.py::1910,0.029081
lib/matplotlib/ticker.py::1915,0.029081
lib/matplotlib/ticker.py::1916,0.029081
lib/matplotlib/ticker.py::1920,0.029081
lib/matplotlib/ticker.py::1921,0.029081
lib/matplotlib/ticker.py::1927,0.029081
lib/matplotlib/ticker.py::1928,0.029081
lib/matplotlib/ticker.py::2071,0.029081
lib/matplotlib/ticker.py::2080,0.029081
lib/matplotlib/ticker.py::2081,0.029081
lib/matplotlib/ticker.py::2082,0.029081
lib/matplotlib/ticker.py::2083,0.029081
lib/matplotlib/ticker.py::2084,0.029081
lib/matplotlib/ticker.py::2085,0.029081
lib/matplotlib/ticker.py::2090,0.029081
lib/matplotlib/ticker.py::2093,0.029081
lib/matplotlib/ticker.py::2102,0.029081
lib/matplotlib/ticker.py::2103,0.029081
lib/matplotlib/ticker.py::2105,0.029081
lib/matplotlib/ticker.py::2108,0.029081
lib/matplotlib/ticker.py::2114,0.029081
lib/matplotlib/ticker.py::2115,0.029081
lib/matplotlib/ticker.py::2116,0.029081
lib/matplotlib/ticker.py::2117,0.029081
lib/matplotlib/ticker.py::2119,0.029081
lib/matplotlib/ticker.py::2120,0.029081
lib/matplotlib/ticker.py::2121,0.029081
lib/matplotlib/ticker.py::2122,0.029081
lib/matplotlib/transforms.py::2629,0.029081
lib/matplotlib/transforms.py::2630,0.029081
lib/matplotlib/transforms.py::2631,0.029081
lib/matplotlib/transforms.py::2632,0.029081
lib/matplotlib/transforms.py::2633,0.029081
lib/matplotlib/transforms.py::2634,0.029081
lib/matplotlib/transforms.py::2635,0.029081
lib/matplotlib/lines.py::1323,0.029026
lib/matplotlib/lines.py::1324,0.029026
lib/matplotlib/lines.py::1325,0.029026
lib/matplotlib/lines.py::1326,0.029026
lib/matplotlib/lines.py::1327,0.029026
lib/matplotlib/lines.py::1328,0.029026
lib/matplotlib/lines.py::1329,0.029026
lib/matplotlib/lines.py::1330,0.029026
lib/matplotlib/lines.py::1331,0.029026
lib/matplotlib/lines.py::1332,0.029026
lib/matplotlib/lines.py::1333,0.029026
lib/matplotlib/lines.py::1334,0.029026
lib/matplotlib/lines.py::1335,0.029026
lib/matplotlib/lines.py::1336,0.029026
lib/matplotlib/lines.py::1337,0.029026
lib/matplotlib/lines.py::1338,0.029026
lib/matplotlib/lines.py::1339,0.029026
lib/matplotlib/lines.py::1341,0.029026
lib/matplotlib/lines.py::1342,0.029026
lib/matplotlib/lines.py::1343,0.029026
lib/matplotlib/lines.py::1344,0.029026
lib/matplotlib/axes/_base.py::2217,0.028971
lib/matplotlib/axes/_base.py::2438,0.028971
lib/matplotlib/axes/_base.py::2441,0.028971
lib/matplotlib/axes/_base.py::2442,0.028971
lib/matplotlib/axes/_base.py::2448,0.028971
lib/matplotlib/axes/_base.py::2454,0.028971
lib/matplotlib/axes/_base.py::2460,0.028971
lib/matplotlib/axes/_base.py::2462,0.028971
lib/matplotlib/axes/_base.py::2465,0.028971
lib/matplotlib/axes/_base.py::2468,0.028971
lib/matplotlib/axes/_base.py::2530,0.028971
lib/matplotlib/axes/_base.py::2531,0.028971
lib/matplotlib/axes/_base.py::2532,0.028971
lib/matplotlib/axes/_base.py::2533,0.028971
lib/matplotlib/axes/_base.py::2534,0.028971
lib/matplotlib/axes/_base.py::2535,0.028971
lib/matplotlib/axis.py::1964,0.028971
lib/matplotlib/axes/_axes.py::4217,0.028929
lib/matplotlib/axes/_axes.py::4220,0.028929
lib/matplotlib/axes/_axes.py::4221,0.028929
lib/matplotlib/axes/_axes.py::4226,0.028929
lib/matplotlib/axes/_axes.py::4230,0.028929
lib/matplotlib/axes/_axes.py::4235,0.028929
lib/matplotlib/axes/_axes.py::4236,0.028929
lib/matplotlib/axes/_axes.py::4237,0.028929
lib/matplotlib/axes/_axes.py::4258,0.028929
lib/matplotlib/axes/_base.py::2627,0.028862
lib/matplotlib/axes/_base.py::2634,0.028862
lib/matplotlib/axes/_base.py::2636,0.028862
lib/matplotlib/axes/_base.py::2638,0.028862
lib/matplotlib/axes/_base.py::2640,0.028862
lib/matplotlib/axes/_base.py::2643,0.028862
lib/matplotlib/axes/_base.py::2646,0.028862
lib/matplotlib/axes/_base.py::2647,0.028862
lib/matplotlib/axes/_base.py::2651,0.028862
lib/matplotlib/axes/_base.py::2653,0.028862
lib/matplotlib/axes/_base.py::2654,0.028862
lib/matplotlib/axes/_base.py::2660,0.028862
lib/matplotlib/axes/_base.py::2664,0.028862
lib/matplotlib/axes/_base.py::2666,0.028862
lib/matplotlib/axes/_base.py::2670,0.028862
lib/matplotlib/axes/_base.py::2675,0.028862
lib/matplotlib/axes/_base.py::2678,0.028862
lib/matplotlib/axes/_base.py::2682,0.028862
lib/matplotlib/axes/_base.py::2684,0.028862
lib/matplotlib/axes/_base.py::2692,0.028862
lib/matplotlib/axes/_base.py::2696,0.028862
lib/matplotlib/axes/_base.py::2699,0.028862
lib/matplotlib/axes/_base.py::2704,0.028862
lib/matplotlib/axes/_base.py::2706,0.028862
lib/matplotlib/axes/_base.py::2707,0.028862
lib/matplotlib/axis.py::1138,0.028862
lib/matplotlib/axis.py::1140,0.028862
lib/matplotlib/axis.py::1142,0.028862
lib/matplotlib/axis.py::1143,0.028862
lib/matplotlib/axis.py::1144,0.028862
lib/matplotlib/axis.py::1146,0.028862
lib/matplotlib/axis.py::1154,0.028862
lib/matplotlib/axis.py::1156,0.028862
lib/matplotlib/axis.py::1158,0.028862
lib/matplotlib/axis.py::1159,0.028862
lib/matplotlib/axis.py::1160,0.028862
lib/matplotlib/axis.py::1162,0.028862
lib/matplotlib/axis.py::1163,0.028862
lib/matplotlib/axis.py::1966,0.028862
lib/matplotlib/axis.py::1971,0.028862
lib/matplotlib/axis.py::1972,0.028862
lib/matplotlib/backend_bases.py::1637,0.028862
lib/matplotlib/figure.py::1700,0.028862
lib/matplotlib/figure.py::1701,0.028862
lib/matplotlib/figure.py::1705,0.028862
lib/matplotlib/figure.py::1707,0.028862
lib/matplotlib/figure.py::1708,0.028862
lib/matplotlib/image.py::132,0.028862
lib/matplotlib/text.py::678,0.028862
lib/matplotlib/text.py::679,0.028862
lib/matplotlib/text.py::680,0.028862
lib/matplotlib/text.py::682,0.028862
lib/matplotlib/text.py::683,0.028862
lib/matplotlib/ticker.py::285,0.028862
lib/matplotlib/artist.py::1021,0.028808
lib/matplotlib/artist.py::35,0.028808
lib/matplotlib/artist.py::36,0.028808
lib/matplotlib/artist.py::38,0.028808
lib/matplotlib/artist.py::41,0.028808
lib/matplotlib/artist.py::43,0.028808
lib/matplotlib/artist.py::45,0.028808
lib/matplotlib/artist.py::575,0.028808
lib/matplotlib/artist.py::593,0.028808
lib/matplotlib/artist.py::594,0.028808
lib/matplotlib/artist.py::644,0.028808
lib/matplotlib/artist.py::682,0.028808
lib/matplotlib/artist.py::853,0.028808
lib/matplotlib/artist.py::854,0.028808
lib/matplotlib/artist.py::856,0.028808
lib/matplotlib/artist.py::863,0.028808
lib/matplotlib/artist.py::883,0.028808
lib/matplotlib/backend_bases.py::1001,0.028808
lib/matplotlib/backend_bases.py::1195,0.028808
lib/matplotlib/backend_bases.py::1196,0.028808
lib/matplotlib/backend_bases.py::1197,0.028808
lib/matplotlib/backend_bases.py::1223,0.028808
lib/matplotlib/backend_bases.py::1224,0.028808
lib/matplotlib/backend_bases.py::1651,0.028808
lib/matplotlib/backend_bases.py::1652,0.028808
lib/matplotlib/backend_bases.py::1653,0.028808
lib/matplotlib/backend_bases.py::708,0.028808
lib/matplotlib/backend_bases.py::709,0.028808
lib/matplotlib/backend_bases.py::710,0.028808
lib/matplotlib/backend_bases.py::711,0.028808
lib/matplotlib/backend_bases.py::712,0.028808
lib/matplotlib/backend_bases.py::713,0.028808
lib/matplotlib/backend_bases.py::714,0.028808
lib/matplotlib/backend_bases.py::715,0.028808
lib/matplotlib/backend_bases.py::716,0.028808
lib/matplotlib/backend_bases.py::717,0.028808
lib/matplotlib/backend_bases.py::718,0.028808
lib/matplotlib/backend_bases.py::719,0.028808
lib/matplotlib/backend_bases.py::720,0.028808
lib/matplotlib/backend_bases.py::721,0.028808
lib/matplotlib/backend_bases.py::722,0.028808
lib/matplotlib/backend_bases.py::723,0.028808
lib/matplotlib/backend_bases.py::724,0.028808
lib/matplotlib/backend_bases.py::725,0.028808
lib/matplotlib/backend_bases.py::748,0.028808
lib/matplotlib/backend_bases.py::847,0.028808
lib/matplotlib/backend_bases.py::851,0.028808
lib/matplotlib/backend_bases.py::852,0.028808
lib/matplotlib/backend_bases.py::853,0.028808
lib/matplotlib/backend_bases.py::858,0.028808
lib/matplotlib/backend_bases.py::862,0.028808
lib/matplotlib/backend_bases.py::863,0.028808
lib/matplotlib/backend_bases.py::879,0.028808
lib/matplotlib/backend_bases.py::880,0.028808
lib/matplotlib/backend_bases.py::901,0.028808
lib/matplotlib/backend_bases.py::906,0.028808
lib/matplotlib/backend_bases.py::919,0.028808
lib/matplotlib/backend_bases.py::921,0.028808
lib/matplotlib/backend_bases.py::923,0.028808
lib/matplotlib/backend_bases.py::924,0.028808
lib/matplotlib/backend_bases.py::930,0.028808
lib/matplotlib/backend_bases.py::931,0.028808
lib/matplotlib/backend_bases.py::935,0.028808
lib/matplotlib/backend_bases.py::939,0.028808
lib/matplotlib/backend_bases.py::954,0.028808
lib/matplotlib/backend_bases.py::962,0.028808
lib/matplotlib/backend_bases.py::966,0.028808
lib/matplotlib/backend_bases.py::967,0.028808
lib/matplotlib/backend_bases.py::968,0.028808
lib/matplotlib/figure.py::1687,0.028808
lib/matplotlib/figure.py::1690,0.028808
lib/matplotlib/figure.py::1693,0.028808
lib/matplotlib/figure.py::1694,0.028808
lib/matplotlib/figure.py::1695,0.028808
lib/matplotlib/figure.py::1696,0.028808
lib/matplotlib/figure.py::1697,0.028808
lib/matplotlib/figure.py::1699,0.028808
lib/matplotlib/figure.py::1716,0.028808
lib/matplotlib/figure.py::1717,0.028808
lib/matplotlib/figure.py::1718,0.028808
lib/matplotlib/figure.py::1720,0.028808
lib/matplotlib/figure.py::1727,0.028808
lib/matplotlib/figure.py::1728,0.028808
lib/matplotlib/figure.py::1729,0.028808
lib/matplotlib/figure.py::1731,0.028808
lib/matplotlib/figure.py::1733,0.028808
lib/matplotlib/figure.py::1735,0.028808
lib/matplotlib/figure.py::455,0.028808
lib/matplotlib/figure.py::625,0.028808
lib/matplotlib/figure.py::626,0.028808
lib/matplotlib/figure.py::627,0.028808
lib/matplotlib/figure.py::628,0.028808
lib/matplotlib/figure.py::629,0.028808
lib/matplotlib/figure.py::630,0.028808
lib/matplotlib/figure.py::631,0.028808
lib/matplotlib/figure.py::632,0.028808
lib/matplotlib/image.py::124,0.028808
lib/matplotlib/image.py::127,0.028808
lib/matplotlib/image.py::128,0.028808
lib/matplotlib/image.py::130,0.028808
lib/matplotlib/image.py::131,0.028808
lib/matplotlib/patches.py::533,0.028808
lib/matplotlib/patches.py::534,0.028808
lib/matplotlib/patches.py::536,0.028808
lib/matplotlib/patches.py::538,0.028808
lib/matplotlib/patches.py::539,0.028808
lib/matplotlib/patches.py::541,0.028808
lib/matplotlib/patches.py::542,0.028808
lib/matplotlib/patches.py::543,0.028808
lib/matplotlib/patches.py::544,0.028808
lib/matplotlib/patches.py::546,0.028808
lib/matplotlib/patches.py::547,0.028808
lib/matplotlib/patches.py::548,0.028808
lib/matplotlib/patches.py::549,0.028808
lib/matplotlib/patches.py::551,0.028808
lib/matplotlib/patches.py::553,0.028808
lib/matplotlib/patches.py::564,0.028808
lib/matplotlib/patches.py::567,0.028808
lib/matplotlib/patches.py::575,0.028808
lib/matplotlib/patches.py::577,0.028808
lib/matplotlib/patches.py::578,0.028808
lib/matplotlib/patches.py::579,0.028808
lib/matplotlib/patches.py::584,0.028808
lib/matplotlib/patches.py::587,0.028808
lib/matplotlib/patches.py::588,0.028808
lib/matplotlib/patches.py::589,0.028808
lib/matplotlib/patches.py::590,0.028808
lib/matplotlib/patches.py::591,0.028808
lib/matplotlib/patches.py::592,0.028808
lib/matplotlib/patches.py::593,0.028808
lib/matplotlib/patches.py::597,0.028808
lib/matplotlib/ticker.py::1596,0.028808
lib/matplotlib/ticker.py::1601,0.028808
lib/matplotlib/axis.py::1018,0.028754
lib/matplotlib/axis.py::1019,0.028754
lib/matplotlib/axis.py::1020,0.028754
lib/matplotlib/axis.py::1021,0.028754
lib/matplotlib/axis.py::1022,0.028754
lib/matplotlib/axis.py::1026,0.028754
lib/matplotlib/axis.py::1027,0.028754
lib/matplotlib/axis.py::1028,0.028754
lib/matplotlib/axis.py::1029,0.028754
lib/matplotlib/axis.py::1030,0.028754
lib/matplotlib/axis.py::1034,0.028754
lib/matplotlib/axis.py::1036,0.028754
lib/matplotlib/axis.py::1037,0.028754
lib/matplotlib/axis.py::1040,0.028754
lib/matplotlib/axis.py::1070,0.028754
lib/matplotlib/axis.py::1072,0.028754
lib/matplotlib/axis.py::1073,0.028754
lib/matplotlib/axis.py::1084,0.028754
lib/matplotlib/axis.py::1088,0.028754
lib/matplotlib/axis.py::1089,0.028754
lib/matplotlib/axis.py::1090,0.028754
lib/matplotlib/axis.py::1091,0.028754
lib/matplotlib/axis.py::1902,0.028754
lib/matplotlib/axis.py::1903,0.028754
lib/matplotlib/axis.py::1905,0.028754
lib/matplotlib/axis.py::1907,0.028754
lib/matplotlib/axis.py::1908,0.028754
lib/matplotlib/axis.py::1909,0.028754
lib/matplotlib/axis.py::1910,0.028754
lib/matplotlib/axis.py::1911,0.028754
lib/matplotlib/axis.py::1912,0.028754
lib/matplotlib/axis.py::1919,0.028754
lib/matplotlib/axis.py::1924,0.028754
lib/matplotlib/axis.py::1926,0.028754
lib/matplotlib/axis.py::1927,0.028754
lib/matplotlib/axis.py::1928,0.028754
lib/matplotlib/axis.py::1929,0.028754
lib/matplotlib/axis.py::1935,0.028754
lib/matplotlib/axis.py::1936,0.028754
lib/matplotlib/axis.py::1938,0.028754
lib/matplotlib/axis.py::1939,0.028754
lib/matplotlib/axis.py::1962,0.028754
lib/matplotlib/axis.py::1963,0.028754
lib/matplotlib/axis.py::1965,0.028754
lib/matplotlib/axis.py::2199,0.028754
lib/matplotlib/axis.py::2200,0.028754
lib/matplotlib/axis.py::2202,0.028754
lib/matplotlib/axis.py::2204,0.028754
lib/matplotlib/axis.py::2205,0.028754
lib/matplotlib/axis.py::2206,0.028754
lib/matplotlib/axis.py::2207,0.028754
lib/matplotlib/axis.py::2208,0.028754
lib/matplotlib/axis.py::2209,0.028754
lib/matplotlib/axis.py::2216,0.028754
lib/matplotlib/axis.py::2221,0.028754
lib/matplotlib/axis.py::2223,0.028754
lib/matplotlib/axis.py::2224,0.028754
lib/matplotlib/axis.py::2225,0.028754
lib/matplotlib/axis.py::2226,0.028754
lib/matplotlib/axis.py::2232,0.028754
lib/matplotlib/axis.py::2233,0.028754
lib/matplotlib/axis.py::2234,0.028754
lib/matplotlib/axis.py::2235,0.028754
lib/matplotlib/axis.py::2258,0.028754
lib/matplotlib/axis.py::2259,0.028754
lib/matplotlib/axis.py::2260,0.028754
lib/matplotlib/axis.py::2261,0.028754
lib/matplotlib/text.py::831,0.028754
lib/matplotlib/text.py::832,0.028754
lib/matplotlib/text.py::833,0.028754
lib/matplotlib/text.py::892,0.028754
lib/matplotlib/text.py::894,0.028754
lib/matplotlib/text.py::897,0.028754
lib/matplotlib/ticker.py::257,0.028754
lib/matplotlib/ticker.py::258,0.028754
lib/matplotlib/transforms.py::1758,0.028754
lib/matplotlib/axes/_axes.py::4193,0.028713
lib/matplotlib/axes/_axes.py::4194,0.028713
lib/matplotlib/axes/_axes.py::4195,0.028713
lib/matplotlib/axes/_axes.py::4197,0.028713
lib/matplotlib/axes/_axes.py::4199,0.028713
lib/matplotlib/axes/_axes.py::4204,0.028713
lib/matplotlib/pyplot.py::653,0.028713
lib/matplotlib/axes/_base.py::2564,0.028701
lib/matplotlib/axes/_base.py::2568,0.028701
lib/matplotlib/axes/_base.py::2570,0.028701
lib/matplotlib/axes/_base.py::2571,0.028701
lib/matplotlib/axes/_base.py::2572,0.028701
lib/matplotlib/axes/_base.py::2573,0.028701
lib/matplotlib/axes/_base.py::3573,0.028701
lib/matplotlib/axis.py::1257,0.028701
lib/matplotlib/axis.py::1262,0.028701
lib/matplotlib/axis.py::1263,0.028701
lib/matplotlib/axis.py::1264,0.028701
lib/matplotlib/axis.py::1265,0.028701
lib/matplotlib/axis.py::1266,0.028701
lib/matplotlib/axis.py::1267,0.028701
lib/matplotlib/axis.py::1270,0.028701
lib/matplotlib/axis.py::1271,0.028701
lib/matplotlib/axis.py::1273,0.028701
lib/matplotlib/axis.py::1275,0.028701
lib/matplotlib/axis.py::1352,0.028701
lib/matplotlib/axis.py::1355,0.028701
lib/matplotlib/axis.py::1362,0.028701
lib/matplotlib/axis.py::719,0.028701
lib/matplotlib/markers.py::269,0.028701
lib/matplotlib/spines.py::150,0.028701
lib/matplotlib/spines.py::213,0.028701
lib/matplotlib/transforms.py::891,0.028701
lib/matplotlib/transforms.py::894,0.028701
lib/matplotlib/transforms.py::895,0.028701
lib/matplotlib/transforms.py::896,0.028701
lib/matplotlib/path.py::177,0.028648
lib/matplotlib/path.py::178,0.028648
lib/matplotlib/path.py::179,0.028648
lib/matplotlib/path.py::180,0.028648
lib/matplotlib/path.py::181,0.028648
lib/matplotlib/path.py::182,0.028648
lib/matplotlib/path.py::183,0.028648
lib/matplotlib/path.py::184,0.028648
lib/matplotlib/path.py::189,0.028648
lib/matplotlib/text.py::861,0.028648
lib/matplotlib/transforms.py::1513,0.028648
lib/matplotlib/axis.py::1338,0.028595
lib/matplotlib/axis.py::1341,0.028595
lib/matplotlib/axis.py::1348,0.028595
lib/matplotlib/backend_bases.py::139,0.028595
lib/matplotlib/backend_bases.py::140,0.028595
lib/matplotlib/backend_bases.py::141,0.028595
lib/matplotlib/mathtext.py::3329,0.028595
lib/matplotlib/textpath.py::25,0.028595
lib/matplotlib/textpath.py::26,0.028595
lib/matplotlib/transforms.py::2346,0.028595
lib/matplotlib/transforms.py::2347,0.028595
lib/matplotlib/artist.py::1062,0.028542
lib/matplotlib/artist.py::1063,0.028542
lib/matplotlib/artist.py::1064,0.028542
lib/matplotlib/artist.py::1065,0.028542
lib/matplotlib/artist.py::1066,0.028542
lib/matplotlib/artist.py::1067,0.028542
lib/matplotlib/artist.py::1068,0.028542
lib/matplotlib/artist.py::1069,0.028542
lib/matplotlib/artist.py::1070,0.028542
lib/matplotlib/artist.py::1071,0.028542
lib/matplotlib/artist.py::1072,0.028542
lib/matplotlib/artist.py::1073,0.028542
lib/matplotlib/artist.py::1074,0.028542
lib/matplotlib/artist.py::1075,0.028542
lib/matplotlib/transforms.py::1525,0.028542
lib/matplotlib/transforms.py::314,0.028542
lib/matplotlib/ticker.py::1903,0.028490
lib/matplotlib/ticker.py::1905,0.028490
lib/matplotlib/ticker.py::1906,0.028490
lib/matplotlib/transforms.py::324,0.028490
lib/matplotlib/axes/_base.py::4298,0.028438
lib/matplotlib/axes/_base.py::4299,0.028438
lib/matplotlib/axes/_base.py::4300,0.028438
lib/matplotlib/axes/_base.py::4301,0.028438
lib/matplotlib/axes/_base.py::4302,0.028438
lib/matplotlib/axes/_base.py::4303,0.028438
lib/matplotlib/axes/_base.py::4304,0.028438
lib/matplotlib/axes/_base.py::4305,0.028438
lib/matplotlib/axes/_base.py::4306,0.028438
lib/matplotlib/axes/_base.py::4307,0.028438
lib/matplotlib/axes/_base.py::4308,0.028438
lib/matplotlib/axes/_base.py::4309,0.028438
lib/matplotlib/axes/_base.py::4310,0.028438
lib/matplotlib/figure.py::434,0.028438
lib/matplotlib/markers.py::246,0.028438
lib/matplotlib/transforms.py::1725,0.028438
lib/matplotlib/transforms.py::1726,0.028438
lib/matplotlib/transforms.py::2601,0.028438
lib/matplotlib/transforms.py::2603,0.028438
lib/matplotlib/transforms.py::2604,0.028438
lib/matplotlib/transforms.py::2605,0.028438
lib/matplotlib/transforms.py::2606,0.028438
lib/matplotlib/transforms.py::2607,0.028438
lib/matplotlib/axes/_base.py::910,0.028386
lib/matplotlib/axes/_base.py::1524,0.028335
lib/matplotlib/axes/_base.py::1525,0.028335
lib/matplotlib/axes/_base.py::1527,0.028335
lib/matplotlib/axes/_base.py::1529,0.028335
lib/matplotlib/axes/_base.py::1210,0.028284
lib/matplotlib/axes/_base.py::875,0.028284
lib/matplotlib/axes/_base.py::877,0.028284
lib/matplotlib/axes/_base.py::878,0.028284
lib/matplotlib/axes/_base.py::879,0.028284
lib/matplotlib/axes/_base.py::880,0.028284
lib/matplotlib/axes/_base.py::882,0.028284
lib/matplotlib/text.py::1107,0.028284
lib/matplotlib/text.py::1108,0.028284
lib/matplotlib/text.py::839,0.028284
lib/matplotlib/transforms.py::1699,0.028284
lib/matplotlib/transforms.py::980,0.028284
lib/matplotlib/axes/_base.py::835,0.028233
lib/matplotlib/axes/_base.py::836,0.028233
lib/matplotlib/colors.py::197,0.028093
lib/matplotlib/colors.py::199,0.028093
lib/matplotlib/gridspec.py::670,0.028093
lib/matplotlib/gridspec.py::671,0.028093
lib/matplotlib/gridspec.py::672,0.028093
lib/matplotlib/gridspec.py::673,0.028093
lib/matplotlib/patches.py::278,0.028032
lib/matplotlib/transforms.py::2440,0.027983
lib/matplotlib/transforms.py::299,0.027983
lib/matplotlib/colors.py::194,0.027895
lib/matplotlib/transforms.py::1408,0.027885
lib/matplotlib/transforms.py::1409,0.027885
lib/matplotlib/transforms.py::1407,0.027836
lib/matplotlib/cbook/__init__.py::1891,0.027787
lib/matplotlib/patches.py::739,0.027362
lib/matplotlib/path.py::640,0.027316
lib/matplotlib/path.py::643,0.027316
lib/matplotlib/transforms.py::2313,0.027180
lib/matplotlib/transforms.py::2332,0.027134
lib/matplotlib/transforms.py::2336,0.027134
lib/matplotlib/transforms.py::2337,0.027134
lib/matplotlib/transforms.py::2569,0.027090
lib/matplotlib/transforms.py::2570,0.027090
lib/matplotlib/transforms.py::2571,0.027090
lib/matplotlib/transforms.py::2573,0.027090
lib/matplotlib/transforms.py::2574,0.027090
lib/matplotlib/transforms.py::2575,0.027090
lib/matplotlib/transforms.py::2576,0.027090
lib/matplotlib/transforms.py::2577,0.027090
lib/matplotlib/transforms.py::2578,0.027090
lib/matplotlib/transforms.py::2579,0.027090
lib/matplotlib/transforms.py::2580,0.027090
lib/matplotlib/transforms.py::2581,0.027090
lib/matplotlib/transforms.py::1734,0.027045
lib/matplotlib/transforms.py::2356,0.027045
lib/matplotlib/transforms.py::2359,0.027045
lib/matplotlib/transforms.py::2360,0.027045
lib/matplotlib/transforms.py::374,0.026912
lib/matplotlib/transforms.py::384,0.026912
lib/matplotlib/transforms.py::718,0.026912
lib/matplotlib/transforms.py::722,0.026912
lib/matplotlib/transforms.py::723,0.026912
lib/matplotlib/transforms.py::724,0.026912
lib/matplotlib/transforms.py::725,0.026912
lib/matplotlib/transforms.py::726,0.026912
lib/matplotlib/transforms.py::727,0.026912
lib/matplotlib/transforms.py::369,0.026781
lib/matplotlib/transforms.py::379,0.026781
lib/matplotlib/transforms.py::2515,0.026695
lib/matplotlib/transforms.py::2516,0.026695
lib/matplotlib/transforms.py::2517,0.026695
lib/matplotlib/transforms.py::2519,0.026695
lib/matplotlib/transforms.py::2520,0.026695
lib/matplotlib/transforms.py::2521,0.026695
lib/matplotlib/transforms.py::2522,0.026695
lib/matplotlib/transforms.py::2523,0.026695
lib/matplotlib/transforms.py::2524,0.026695
lib/matplotlib/transforms.py::2525,0.026695
lib/matplotlib/axis.py::1808,0.026568
lib/matplotlib/transforms.py::2045,0.026568
lib/matplotlib/transforms.py::435,0.026568
lib/matplotlib/transforms.py::436,0.026568
lib/matplotlib/transforms.py::1395,0.026525
lib/matplotlib/transforms.py::1396,0.026525
lib/matplotlib/transforms.py::1397,0.026525
lib/matplotlib/transforms.py::1400,0.026525
lib/matplotlib/transforms.py::1403,0.026525
lib/matplotlib/transforms.py::1406,0.026525
lib/matplotlib/transforms.py::1030,0.026442
lib/matplotlib/transforms.py::1031,0.026442
lib/matplotlib/transforms.py::1035,0.026442
lib/matplotlib/transforms.py::1036,0.026442
lib/matplotlib/transforms.py::1037,0.026442
lib/matplotlib/transforms.py::1038,0.026442
lib/matplotlib/transforms.py::1039,0.026442
lib/matplotlib/transforms.py::1040,0.026442
lib/matplotlib/transforms.py::1042,0.026442
lib/matplotlib/transforms.py::1043,0.026442
lib/matplotlib/transforms.py::1046,0.026442
lib/matplotlib/transforms.py::1047,0.026442
lib/matplotlib/transforms.py::1050,0.026442
lib/matplotlib/transforms.py::1051,0.026442
lib/matplotlib/transforms.py::1052,0.026442
lib/matplotlib/transforms.py::1055,0.026442
lib/matplotlib/transforms.py::1056,0.026442
lib/matplotlib/transforms.py::412,0.026400
lib/matplotlib/transforms.py::1708,0.026359
lib/matplotlib/transforms.py::1786,0.026359
lib/matplotlib/transforms.py::1787,0.026359
lib/matplotlib/transforms.py::1790,0.026359
lib/matplotlib/transforms.py::1866,0.026359
lib/matplotlib/transforms.py::1867,0.026359
lib/matplotlib/transforms.py::1868,0.026359
lib/matplotlib/transforms.py::1869,0.026359
lib/matplotlib/artist.py::1058,0.026236
lib/matplotlib/transforms.py::403,0.026195
lib/matplotlib/axes/_base.py::608,0.025684
lib/matplotlib/axes/_base.py::609,0.025684
lib/matplotlib/axes/_base.py::595,0.025646
lib/matplotlib/axes/_base.py::596,0.025646
lib/matplotlib/axes/_base.py::597,0.025646
lib/matplotlib/axes/_base.py::598,0.025646
lib/matplotlib/axes/_base.py::599,0.025646
lib/matplotlib/units.py::204,0.025458
lib/matplotlib/units.py::206,0.025458
lib/matplotlib/cbook/__init__.py::1419,0.025352
lib/matplotlib/cbook/__init__.py::1416,0.024922
lib/matplotlib/cbook/__init__.py::1417,0.024922
lib/matplotlib/cbook/__init__.py::2264,0.024090
lib/matplotlib/cbook/__init__.py::2265,0.024090
lib/matplotlib/transforms.py::2227,0.023903
lib/matplotlib/transforms.py::2225,0.023781
lib/matplotlib/transforms.py::2226,0.023781
lib/matplotlib/transforms.py::2234,0.023781
lib/matplotlib/transforms.py::2235,0.023781
lib/matplotlib/transforms.py::2236,0.023781
lib/matplotlib/axes/_base.py::617,0.023721
lib/matplotlib/axes/_base.py::619,0.023721
lib/matplotlib/axes/_base.py::614,0.023691
lib/matplotlib/axes/_base.py::616,0.023691
lib/matplotlib/axes/_base.py::618,0.023691
lib/matplotlib/transforms.py::1703,0.023691
lib/matplotlib/artist.py::1001,0.023484
lib/matplotlib/axes/_base.py::916,0.023397
lib/matplotlib/transforms.py::866,0.023226
lib/matplotlib/transforms.py::867,0.023226
lib/matplotlib/transforms.py::869,0.023226
lib/matplotlib/transforms.py::870,0.023226
lib/matplotlib/transforms.py::864,0.023197
lib/matplotlib/transforms.py::865,0.023197
lib/matplotlib/transforms.py::868,0.023197
lib/matplotlib/transforms.py::854,0.023141
lib/matplotlib/transforms.py::857,0.023141
lib/matplotlib/transforms.py::860,0.023141
lib/matplotlib/transforms.py::861,0.023141
lib/matplotlib/transforms.py::863,0.023141
lib/matplotlib/transforms.py::2309,0.022867
lib/matplotlib/cbook/__init__.py::1366,0.022841
lib/matplotlib/colors.py::176,0.022841
lib/matplotlib/colors.py::177,0.022841
lib/matplotlib/artist.py::822,0.022814
lib/matplotlib/transforms.py::1702,0.022814
lib/matplotlib/path.py::239,0.022322
lib/matplotlib/path.py::259,0.022322
lib/matplotlib/path.py::224,0.022247
lib/matplotlib/path.py::205,0.022124
lib/matplotlib/cbook/__init__.py::1368,0.021837
lib/matplotlib/cbook/__init__.py::1383,0.021837
lib/matplotlib/cbook/__init__.py::1384,0.021837
lib/matplotlib/cbook/__init__.py::1385,0.021837
lib/matplotlib/cbook/__init__.py::1386,0.021837
lib/matplotlib/cbook/__init__.py::1387,0.021837
lib/matplotlib/cbook/__init__.py::1389,0.021837
lib/matplotlib/cbook/__init__.py::1392,0.021837
lib/matplotlib/cbook/__init__.py::1397,0.021837
lib/matplotlib/cbook/__init__.py::1399,0.021837
lib/matplotlib/axes/_base.py::314,0.019603
lib/matplotlib/axes/_base.py::317,0.019603
lib/matplotlib/axes/_base.py::331,0.019603
lib/matplotlib/axes/_base.py::332,0.019603
lib/matplotlib/axes/_base.py::353,0.018599
lib/matplotlib/axes/_axes.py::1692,0.018541
lib/matplotlib/axes/_axes.py::1693,0.018541
lib/matplotlib/axes/_base.py::165,0.018045
lib/matplotlib/axes/_base.py::166,0.018045
lib/matplotlib/axes/_base.py::211,0.018045
lib/matplotlib/axes/_base.py::212,0.018045
lib/matplotlib/axes/_base.py::213,0.018045
lib/matplotlib/axes/_base.py::216,0.018045
lib/matplotlib/axes/_base.py::311,0.018045
lib/matplotlib/axes/_base.py::321,0.018045
lib/matplotlib/axes/_base.py::324,0.018045
lib/matplotlib/axes/_base.py::325,0.018045
lib/matplotlib/axes/_base.py::326,0.018045
lib/matplotlib/axes/_base.py::327,0.018045
lib/matplotlib/axes/_base.py::330,0.018045
lib/matplotlib/axes/_base.py::336,0.018045
lib/matplotlib/axes/_base.py::337,0.018045
lib/matplotlib/axes/_base.py::338,0.018045
lib/matplotlib/axes/_base.py::339,0.018045
lib/matplotlib/axes/_base.py::341,0.018045
lib/matplotlib/axes/_base.py::344,0.018045
lib/matplotlib/axes/_base.py::347,0.018045
lib/matplotlib/axes/_base.py::349,0.018045
lib/matplotlib/axes/_base.py::352,0.018045
lib/matplotlib/axes/_base.py::358,0.018045
lib/matplotlib/axes/_base.py::359,0.018045
lib/matplotlib/cbook/__init__.py::1365,0.018045
lib/matplotlib/axes/_base.py::154,0.017992
lib/matplotlib/axes/_base.py::156,0.017992
lib/matplotlib/axes/_base.py::157,0.017992
lib/matplotlib/axes/_base.py::161,0.017992
