Entity,Score
pandas/core/dtypes/cast.py::781,0.985915
pandas/core/dtypes/cast.py::784,0.985915
pandas/core/dtypes/cast.py::787,0.985915
pandas/core/dtypes/cast.py::790,0.985915
pandas/core/dtypes/cast.py::805,0.985915
pandas/core/dtypes/cast.py::828,0.985915
pandas/core/dtypes/cast.py::833,0.985915
pandas/core/dtypes/cast.py::851,0.985915
pandas/core/dtypes/cast.py::855,0.985915
pandas/core/dtypes/cast.py::857,0.985915
pandas/core/internals/blocks.py::592,0.985915
pandas/core/internals/blocks.py::596,0.985915
pandas/core/internals/blocks.py::607,0.985915
pandas/core/internals/blocks.py::610,0.985915
pandas/core/internals/blocks.py::611,0.985915
pandas/core/internals/blocks.py::612,0.985915
pandas/core/internals/blocks.py::623,0.985915
pandas/core/internals/blocks.py::624,0.985915
pandas/core/internals/blocks.py::626,0.985915
pandas/core/internals/blocks.py::628,0.985915
pandas/core/internals/blocks.py::629,0.985915
pandas/core/internals/blocks.py::641,0.985915
pandas/core/reshape/merge.py::1657,0.985915
pandas/core/reshape/merge.py::1650,0.923079
pandas/conftest.py::640,0.870944
pandas/core/internals/blocks.py::194,0.870944
pandas/core/internals/blocks.py::583,0.870944
pandas/core/internals/blocks.py::586,0.870944
pandas/core/dtypes/common.py::2051,0.826778
pandas/core/dtypes/common.py::2054,0.826778
pandas/core/dtypes/inference.py::351,0.826778
pandas/core/dtypes/inference.py::353,0.826778
pandas/core/generic.py::5879,0.826778
pandas/core/generic.py::5904,0.826778
pandas/core/generic.py::5914,0.826778
pandas/core/generic.py::5915,0.826778
pandas/core/internals/blocks.py::186,0.826778
pandas/core/internals/blocks.py::191,0.826778
pandas/core/internals/blocks.py::540,0.826778
pandas/core/internals/blocks.py::558,0.826778
pandas/core/internals/blocks.py::560,0.826778
pandas/core/internals/blocks.py::567,0.826778
pandas/core/internals/blocks.py::575,0.826778
pandas/core/internals/managers.py::581,0.826778
pandas/core/dtypes/common.py::1150,0.676528
pandas/core/reshape/merge.py::1644,0.676528
pandas/core/reshape/merge.py::1629,0.547363
pandas/core/reshape/merge.py::1626,0.535927
pandas/core/reshape/merge.py::1632,0.535927
pandas/core/reshape/merge.py::1634,0.535927
pandas/core/reshape/merge.py::1638,0.535927
pandas/core/common.py::221,0.457556
pandas/core/common.py::222,0.457556
pandas/core/common.py::225,0.457556
pandas/core/internals/construction.py::235,0.457556
pandas/core/internals/construction.py::236,0.457556
pandas/core/internals/construction.py::237,0.457556
pandas/core/internals/construction.py::241,0.457556
pandas/core/internals/construction.py::244,0.457556
pandas/core/internals/construction.py::66,0.457556
pandas/core/internals/blocks.py::2081,0.450820
pandas/core/internals/managers.py::1476,0.438198
pandas/core/internals/managers.py::1480,0.438198
pandas/core/internals/managers.py::1600,0.438198
pandas/core/series.py::263,0.438198
pandas/core/series.py::264,0.438198
pandas/core/internals/managers.py::1549,0.405881
pandas/core/internals/managers.py::651,0.375935
pandas/core/construction.py::420,0.331754
pandas/core/dtypes/cast.py::68,0.331754
pandas/core/dtypes/cast.py::69,0.331754
pandas/core/dtypes/cast.py::70,0.331754
pandas/core/dtypes/cast.py::71,0.331754
pandas/core/dtypes/cast.py::73,0.331754
pandas/core/dtypes/cast.py::75,0.331754
pandas/core/internals/construction.py::321,0.331754
pandas/core/internals/construction.py::322,0.331754
pandas/core/internals/construction.py::324,0.331754
pandas/core/internals/construction.py::325,0.331754
pandas/core/internals/construction.py::326,0.331754
pandas/core/internals/construction.py::328,0.331754
pandas/core/internals/construction.py::329,0.331754
pandas/core/internals/construction.py::330,0.331754
pandas/core/internals/construction.py::331,0.331754
pandas/core/internals/construction.py::333,0.331754
pandas/core/internals/construction.py::334,0.331754
pandas/core/internals/construction.py::337,0.331754
pandas/core/internals/construction.py::342,0.331754
pandas/core/internals/construction.py::343,0.331754
pandas/core/internals/construction.py::344,0.331754
pandas/core/internals/construction.py::346,0.331754
pandas/core/internals/construction.py::349,0.331754
pandas/core/internals/construction.py::351,0.331754
pandas/core/internals/construction.py::354,0.331754
pandas/core/internals/construction.py::355,0.331754
pandas/core/internals/construction.py::356,0.331754
pandas/core/internals/construction.py::359,0.331754
pandas/core/internals/construction.py::364,0.331754
pandas/core/internals/construction.py::372,0.331754
pandas/core/internals/construction.py::374,0.331754
pandas/core/indexes/base.py::4321,0.324161
pandas/core/internals/blocks.py::211,0.302178
pandas/core/internals/blocks.py::213,0.302178
pandas/core/reshape/merge.py::1184,0.296410
pandas/core/reshape/merge.py::1189,0.296410
pandas/core/internals/managers.py::209,0.294559
pandas/core/reshape/merge.py::1624,0.292743
pandas/core/algorithms.py::1679,0.290960
pandas/core/algorithms.py::1682,0.290960
pandas/core/algorithms.py::1683,0.290960
pandas/core/algorithms.py::1684,0.290960
pandas/core/algorithms.py::1708,0.290960
pandas/core/common.py::280,0.290960
pandas/core/reshape/merge.py::1183,0.290960
pandas/core/algorithms.py::1653,0.287490
pandas/core/algorithms.py::1654,0.287490
pandas/core/common.py::207,0.287490
pandas/core/common.py::264,0.287490
pandas/core/common.py::267,0.287490
pandas/core/common.py::273,0.287490
pandas/core/common.py::275,0.287490
pandas/core/frame.py::3744,0.287490
pandas/core/frame.py::3746,0.287490
pandas/core/frame.py::3747,0.287490
pandas/core/frame.py::3748,0.287490
pandas/core/frame.py::3749,0.287490
pandas/core/frame.py::3752,0.287490
pandas/core/frame.py::3753,0.287490
pandas/core/frame.py::3758,0.287490
pandas/core/frame.py::3790,0.287490
pandas/core/frame.py::3791,0.287490
pandas/core/frame.py::3793,0.287490
pandas/core/frame.py::3794,0.287490
pandas/core/frame.py::3795,0.287490
pandas/core/frame.py::3796,0.287490
pandas/core/frame.py::3797,0.287490
pandas/core/frame.py::3862,0.287490
pandas/core/frame.py::3863,0.287490
pandas/core/frame.py::3865,0.287490
pandas/core/frame.py::3866,0.287490
pandas/core/frame.py::3867,0.287490
pandas/core/frame.py::4001,0.287490
pandas/core/frame.py::4002,0.287490
pandas/core/frame.py::4003,0.287490
pandas/core/frame.py::4004,0.287490
pandas/core/frame.py::4005,0.287490
pandas/core/frame.py::4006,0.287490
pandas/core/frame.py::4007,0.287490
pandas/core/frame.py::4008,0.287490
pandas/core/generic.py::1606,0.287490
pandas/core/generic.py::1609,0.287490
pandas/core/generic.py::1610,0.287490
pandas/core/generic.py::1611,0.287490
pandas/core/generic.py::1664,0.287490
pandas/core/generic.py::1665,0.287490
pandas/core/generic.py::1815,0.287490
pandas/core/generic.py::1818,0.287490
pandas/core/generic.py::1820,0.287490
pandas/core/generic.py::1823,0.287490
pandas/core/generic.py::1832,0.287490
pandas/core/generic.py::1834,0.287490
pandas/core/generic.py::1839,0.287490
pandas/core/generic.py::1841,0.287490
pandas/core/generic.py::1843,0.287490
pandas/core/generic.py::1847,0.287490
pandas/core/generic.py::1848,0.287490
pandas/core/generic.py::1864,0.287490
pandas/core/generic.py::3336,0.287490
pandas/core/generic.py::3337,0.287490
pandas/core/generic.py::3350,0.287490
pandas/core/generic.py::3351,0.287490
pandas/core/generic.py::3353,0.287490
pandas/core/generic.py::3948,0.287490
pandas/core/generic.py::3950,0.287490
pandas/core/generic.py::3951,0.287490
pandas/core/generic.py::3953,0.287490
pandas/core/generic.py::3954,0.287490
pandas/core/generic.py::3962,0.287490
pandas/core/generic.py::3964,0.287490
pandas/core/generic.py::3965,0.287490
pandas/core/generic.py::3966,0.287490
pandas/core/generic.py::3968,0.287490
pandas/core/generic.py::3969,0.287490
pandas/core/generic.py::3988,0.287490
pandas/core/generic.py::3989,0.287490
pandas/core/generic.py::3990,0.287490
pandas/core/generic.py::3992,0.287490
pandas/core/generic.py::3993,0.287490
pandas/core/generic.py::3998,0.287490
pandas/core/generic.py::3999,0.287490
pandas/core/generic.py::400,0.287490
pandas/core/generic.py::401,0.287490
pandas/core/generic.py::402,0.287490
pandas/core/generic.py::4024,0.287490
pandas/core/generic.py::403,0.287490
pandas/core/generic.py::4038,0.287490
pandas/core/generic.py::4039,0.287490
pandas/core/generic.py::4040,0.287490
pandas/core/generic.py::4041,0.287490
pandas/core/generic.py::428,0.287490
pandas/core/generic.py::429,0.287490
pandas/core/generic.py::4557,0.287490
pandas/core/generic.py::4564,0.287490
pandas/core/generic.py::4565,0.287490
pandas/core/generic.py::4566,0.287490
pandas/core/generic.py::4594,0.287490
pandas/core/generic.py::4609,0.287490
pandas/core/generic.py::4610,0.287490
pandas/core/generic.py::4611,0.287490
pandas/core/generic.py::4612,0.287490
pandas/core/generic.py::4614,0.287490
pandas/core/generic.py::4617,0.287490
pandas/core/generic.py::4618,0.287490
pandas/core/generic.py::4619,0.287490
pandas/core/generic.py::4622,0.287490
pandas/core/generic.py::4623,0.287490
pandas/core/generic.py::4624,0.287490
pandas/core/generic.py::4625,0.287490
pandas/core/generic.py::4626,0.287490
pandas/core/generic.py::4627,0.287490
pandas/core/generic.py::4628,0.287490
pandas/core/generic.py::4631,0.287490
pandas/core/generic.py::4634,0.287490
pandas/core/indexes/base.py::3285,0.287490
pandas/core/indexes/base.py::3306,0.287490
pandas/core/indexes/base.py::3309,0.287490
pandas/core/indexes/base.py::3311,0.287490
pandas/core/indexes/base.py::3317,0.287490
pandas/core/indexes/base.py::3319,0.287490
pandas/core/indexes/base.py::3326,0.287490
pandas/core/indexes/base.py::3330,0.287490
pandas/core/indexes/base.py::3331,0.287490
pandas/core/indexes/base.py::3332,0.287490
pandas/core/indexes/base.py::3342,0.287490
pandas/core/indexes/base.py::3346,0.287490
pandas/core/indexes/base.py::5226,0.287490
pandas/core/indexes/base.py::5267,0.287490
pandas/core/indexes/base.py::5268,0.287490
pandas/core/indexes/base.py::5269,0.287490
pandas/core/indexes/base.py::5270,0.287490
pandas/core/indexes/base.py::5271,0.287490
pandas/core/indexes/base.py::5275,0.287490
pandas/core/indexes/base.py::5620,0.287490
pandas/core/indexes/base.py::5621,0.287490
pandas/core/indexes/base.py::5625,0.287490
pandas/core/internals/blocks.py::1265,0.287490
pandas/core/internals/blocks.py::1266,0.287490
pandas/core/internals/managers.py::1249,0.287490
pandas/core/internals/managers.py::1255,0.287490
pandas/core/internals/managers.py::1284,0.287490
pandas/core/internals/managers.py::1286,0.287490
pandas/core/internals/managers.py::1287,0.287490
pandas/core/internals/managers.py::1290,0.287490
pandas/core/internals/managers.py::1309,0.287490
pandas/core/internals/managers.py::1313,0.287490
pandas/core/internals/managers.py::1314,0.287490
pandas/core/internals/managers.py::1316,0.287490
pandas/core/internals/managers.py::1317,0.287490
pandas/core/internals/managers.py::1325,0.287490
pandas/core/internals/managers.py::1326,0.287490
pandas/core/internals/managers.py::1327,0.287490
pandas/core/internals/managers.py::1329,0.287490
pandas/core/internals/managers.py::1337,0.287490
pandas/core/internals/managers.py::1340,0.287490
pandas/core/internals/managers.py::1350,0.287490
pandas/core/internals/managers.py::1351,0.287490
pandas/core/internals/managers.py::1352,0.287490
pandas/core/internals/managers.py::1353,0.287490
pandas/core/internals/managers.py::1354,0.287490
pandas/core/internals/managers.py::1355,0.287490
pandas/core/internals/managers.py::1359,0.287490
pandas/core/internals/managers.py::1996,0.287490
pandas/core/internals/managers.py::2003,0.287490
pandas/core/internals/managers.py::2007,0.287490
pandas/core/internals/managers.py::2008,0.287490
pandas/core/internals/managers.py::2010,0.287490
pandas/core/internals/managers.py::205,0.287490
pandas/core/internals/managers.py::208,0.287490
pandas/core/reshape/merge.py::1018,0.287490
pandas/core/reshape/merge.py::943,0.287490
pandas/core/reshape/merge.py::944,0.287490
pandas/core/reshape/merge.py::958,0.287490
pandas/core/reshape/merge.py::959,0.287490
pandas/core/reshape/merge.py::960,0.287490
pandas/core/reshape/merge.py::964,0.287490
pandas/core/reshape/merge.py::966,0.287490
pandas/core/reshape/merge.py::967,0.287490
pandas/core/reshape/merge.py::972,0.287490
pandas/core/reshape/merge.py::973,0.287490
pandas/core/reshape/merge.py::974,0.287490
pandas/util/_decorators.py::235,0.287490
pandas/util/_validators.py::280,0.287490
pandas/util/_validators.py::285,0.287490
pandas/util/_validators.py::290,0.287490
pandas/util/_validators.py::301,0.287490
pandas/util/_validators.py::302,0.287490
pandas/util/_validators.py::303,0.287490
pandas/util/_validators.py::307,0.287490
pandas/util/_validators.py::313,0.287490
pandas/util/_validators.py::314,0.287490
pandas/util/_validators.py::337,0.287490
pandas/core/algorithms.py::1477,0.285800
pandas/core/algorithms.py::1698,0.285800
pandas/core/base.py::68,0.285800
pandas/core/base.py::69,0.285800
pandas/core/common.py::193,0.285800
pandas/core/dtypes/cast.py::414,0.285800
pandas/core/dtypes/cast.py::419,0.285800
pandas/core/dtypes/cast.py::420,0.285800
pandas/core/dtypes/cast.py::422,0.285800
pandas/core/dtypes/cast.py::423,0.285800
pandas/core/dtypes/cast.py::431,0.285800
pandas/core/dtypes/cast.py::438,0.285800
pandas/core/frame.py::509,0.285800
pandas/core/generic.py::1635,0.285800
pandas/core/generic.py::1636,0.285800
pandas/core/generic.py::1639,0.285800
pandas/core/generic.py::1640,0.285800
pandas/core/generic.py::1641,0.285800
pandas/core/generic.py::1686,0.285800
pandas/core/generic.py::1687,0.285800
pandas/core/generic.py::1690,0.285800
pandas/core/generic.py::1691,0.285800
pandas/core/generic.py::1692,0.285800
pandas/core/generic.py::1751,0.285800
pandas/core/generic.py::1752,0.285800
pandas/core/generic.py::1754,0.285800
pandas/core/generic.py::1755,0.285800
pandas/core/generic.py::1756,0.285800
pandas/core/generic.py::1763,0.285800
pandas/core/generic.py::1787,0.285800
pandas/core/generic.py::3552,0.285800
pandas/core/generic.py::3553,0.285800
pandas/core/generic.py::3554,0.285800
pandas/core/generic.py::3566,0.285800
pandas/core/generic.py::3567,0.285800
pandas/core/indexes/base.py::1281,0.285800
pandas/core/reshape/merge.py::1014,0.285800
pandas/core/reshape/merge.py::1017,0.285800
pandas/core/reshape/merge.py::1020,0.285800
pandas/core/reshape/merge.py::1557,0.285800
pandas/core/reshape/merge.py::1561,0.285800
pandas/core/reshape/merge.py::1563,0.285800
pandas/core/reshape/merge.py::1568,0.285800
pandas/core/reshape/merge.py::1581,0.285800
pandas/core/reshape/merge.py::1594,0.285800
pandas/core/reshape/merge.py::1597,0.285800
pandas/core/reshape/merge.py::1598,0.285800
pandas/core/reshape/merge.py::1962,0.285800
pandas/core/reshape/merge.py::611,0.285800
pandas/core/reshape/merge.py::920,0.285800
pandas/core/reshape/merge.py::921,0.285800
pandas/core/reshape/merge.py::922,0.285800
pandas/core/reshape/merge.py::923,0.285800
pandas/core/reshape/merge.py::924,0.285800
pandas/core/reshape/merge.py::926,0.285800
pandas/core/reshape/merge.py::928,0.285800
pandas/core/reshape/merge.py::929,0.285800
pandas/core/reshape/merge.py::942,0.285800
pandas/_config/config.py::111,0.284141
pandas/_config/config.py::112,0.284141
pandas/_config/config.py::116,0.284141
pandas/_config/config.py::118,0.284141
pandas/_config/config.py::122,0.284141
pandas/_config/config.py::123,0.284141
pandas/_config/config.py::125,0.284141
pandas/_config/config.py::126,0.284141
pandas/_config/config.py::127,0.284141
pandas/_config/config.py::130,0.284141
pandas/_config/config.py::131,0.284141
pandas/_config/config.py::133,0.284141
pandas/_config/config.py::233,0.284141
pandas/_config/config.py::542,0.284141
pandas/_config/config.py::546,0.284141
pandas/_config/config.py::547,0.284141
pandas/_config/config.py::550,0.284141
pandas/_config/config.py::554,0.284141
pandas/_config/config.py::555,0.284141
pandas/_config/config.py::556,0.284141
pandas/_config/config.py::557,0.284141
pandas/_config/config.py::558,0.284141
pandas/_config/config.py::577,0.284141
pandas/_config/config.py::578,0.284141
pandas/_config/config.py::579,0.284141
pandas/_config/config.py::580,0.284141
pandas/_config/config.py::593,0.284141
pandas/_config/config.py::602,0.284141
pandas/_config/config.py::603,0.284141
pandas/_config/config.py::606,0.284141
pandas/_config/config.py::618,0.284141
pandas/_config/config.py::619,0.284141
pandas/_config/config.py::634,0.284141
pandas/_config/config.py::811,0.284141
pandas/_config/config.py::84,0.284141
pandas/_config/config.py::85,0.284141
pandas/_config/config.py::89,0.284141
pandas/_config/config.py::91,0.284141
pandas/_config/config.py::93,0.284141
pandas/_config/config.py::94,0.284141
pandas/_config/config.py::96,0.284141
pandas/_config/config.py::98,0.284141
pandas/compat/numpy/function.py::43,0.284141
pandas/conftest.py::344,0.284141
pandas/conftest.py::366,0.284141
pandas/conftest.py::368,0.284141
pandas/conftest.py::369,0.284141
pandas/conftest.py::370,0.284141
pandas/conftest.py::377,0.284141
pandas/conftest.py::379,0.284141
pandas/conftest.py::49,0.284141
pandas/conftest.py::52,0.284141
pandas/conftest.py::55,0.284141
pandas/conftest.py::58,0.284141
pandas/conftest.py::61,0.284141
pandas/conftest.py::72,0.284141
pandas/conftest.py::80,0.284141
pandas/conftest.py::81,0.284141
pandas/core/algorithms.py::1474,0.284141
pandas/core/algorithms.py::1475,0.284141
pandas/core/algorithms.py::1476,0.284141
pandas/core/algorithms.py::1478,0.284141
pandas/core/algorithms.py::1479,0.284141
pandas/core/algorithms.py::1482,0.284141
pandas/core/algorithms.py::1483,0.284141
pandas/core/algorithms.py::1484,0.284141
pandas/core/algorithms.py::1639,0.284141
pandas/core/algorithms.py::1642,0.284141
pandas/core/algorithms.py::1645,0.284141
pandas/core/algorithms.py::1647,0.284141
pandas/core/algorithms.py::1651,0.284141
pandas/core/algorithms.py::1652,0.284141
pandas/core/algorithms.py::1658,0.284141
pandas/core/algorithms.py::1659,0.284141
pandas/core/algorithms.py::1676,0.284141
pandas/core/algorithms.py::1677,0.284141
pandas/core/algorithms.py::1678,0.284141
pandas/core/algorithms.py::1681,0.284141
pandas/core/algorithms.py::1689,0.284141
pandas/core/algorithms.py::1690,0.284141
pandas/core/algorithms.py::1691,0.284141
pandas/core/algorithms.py::1692,0.284141
pandas/core/algorithms.py::1693,0.284141
pandas/core/algorithms.py::1700,0.284141
pandas/core/algorithms.py::1702,0.284141
pandas/core/algorithms.py::1703,0.284141
pandas/core/algorithms.py::1705,0.284141
pandas/core/algorithms.py::1707,0.284141
pandas/core/algorithms.py::1709,0.284141
pandas/core/algorithms.py::180,0.284141
pandas/core/algorithms.py::182,0.284141
pandas/core/algorithms.py::188,0.284141
pandas/core/algorithms.py::189,0.284141
pandas/core/algorithms.py::191,0.284141
pandas/core/algorithms.py::198,0.284141
pandas/core/algorithms.py::206,0.284141
pandas/core/algorithms.py::249,0.284141
pandas/core/algorithms.py::252,0.284141
pandas/core/algorithms.py::253,0.284141
pandas/core/algorithms.py::258,0.284141
pandas/core/algorithms.py::259,0.284141
pandas/core/algorithms.py::261,0.284141
pandas/core/algorithms.py::263,0.284141
pandas/core/algorithms.py::497,0.284141
pandas/core/algorithms.py::499,0.284141
pandas/core/algorithms.py::500,0.284141
pandas/core/algorithms.py::501,0.284141
pandas/core/algorithms.py::504,0.284141
pandas/core/algorithms.py::505,0.284141
pandas/core/algorithms.py::645,0.284141
pandas/core/algorithms.py::646,0.284141
pandas/core/algorithms.py::648,0.284141
pandas/core/algorithms.py::653,0.284141
pandas/core/algorithms.py::656,0.284141
pandas/core/algorithms.py::657,0.284141
pandas/core/algorithms.py::658,0.284141
pandas/core/algorithms.py::662,0.284141
pandas/core/algorithms.py::664,0.284141
pandas/core/algorithms.py::665,0.284141
pandas/core/algorithms.py::668,0.284141
pandas/core/algorithms.py::675,0.284141
pandas/core/algorithms.py::678,0.284141
pandas/core/algorithms.py::680,0.284141
pandas/core/algorithms.py::685,0.284141
pandas/core/algorithms.py::85,0.284141
pandas/core/algorithms.py::86,0.284141
pandas/core/algorithms.py::88,0.284141
pandas/core/algorithms.py::92,0.284141
pandas/core/algorithms.py::94,0.284141
pandas/core/algorithms.py::96,0.284141
pandas/core/algorithms.py::98,0.284141
pandas/core/algorithms.py::99,0.284141
pandas/core/arrays/datetimelike.py::1586,0.284141
pandas/core/arrays/datetimelike.py::1597,0.284141
pandas/core/arrays/datetimelike.py::1616,0.284141
pandas/core/arrays/datetimelike.py::1617,0.284141
pandas/core/arrays/datetimelike.py::1619,0.284141
pandas/core/arrays/datetimelike.py::1620,0.284141
pandas/core/arrays/datetimelike.py::1624,0.284141
pandas/core/arrays/datetimelike.py::358,0.284141
pandas/core/arrays/datetimelike.py::400,0.284141
pandas/core/arrays/datetimelike.py::596,0.284141
pandas/core/arrays/datetimelike.py::597,0.284141
pandas/core/arrays/datetimelike.py::806,0.284141
pandas/core/arrays/datetimes.py::1897,0.284141
pandas/core/arrays/datetimes.py::1899,0.284141
pandas/core/arrays/datetimes.py::1901,0.284141
pandas/core/arrays/datetimes.py::1908,0.284141
pandas/core/arrays/datetimes.py::1910,0.284141
pandas/core/arrays/datetimes.py::1913,0.284141
pandas/core/arrays/datetimes.py::1918,0.284141
pandas/core/arrays/datetimes.py::1920,0.284141
pandas/core/arrays/datetimes.py::1927,0.284141
pandas/core/arrays/datetimes.py::1929,0.284141
pandas/core/arrays/datetimes.py::1949,0.284141
pandas/core/arrays/datetimes.py::1954,0.284141
pandas/core/arrays/datetimes.py::1956,0.284141
pandas/core/arrays/datetimes.py::1957,0.284141
pandas/core/arrays/datetimes.py::1960,0.284141
pandas/core/arrays/datetimes.py::1968,0.284141
pandas/core/arrays/datetimes.py::1969,0.284141
pandas/core/arrays/datetimes.py::1987,0.284141
pandas/core/arrays/datetimes.py::1991,0.284141
pandas/core/arrays/datetimes.py::1992,0.284141
pandas/core/arrays/datetimes.py::1995,0.284141
pandas/core/arrays/datetimes.py::1997,0.284141
pandas/core/arrays/datetimes.py::2036,0.284141
pandas/core/arrays/datetimes.py::2039,0.284141
pandas/core/arrays/datetimes.py::2041,0.284141
pandas/core/arrays/datetimes.py::2042,0.284141
pandas/core/arrays/datetimes.py::2043,0.284141
pandas/core/arrays/datetimes.py::2044,0.284141
pandas/core/arrays/datetimes.py::2045,0.284141
pandas/core/arrays/datetimes.py::2046,0.284141
pandas/core/arrays/datetimes.py::2047,0.284141
pandas/core/arrays/datetimes.py::2048,0.284141
pandas/core/arrays/datetimes.py::2059,0.284141
pandas/core/arrays/datetimes.py::2064,0.284141
pandas/core/arrays/datetimes.py::2067,0.284141
pandas/core/arrays/datetimes.py::2102,0.284141
pandas/core/arrays/datetimes.py::2110,0.284141
pandas/core/arrays/datetimes.py::2119,0.284141
pandas/core/arrays/datetimes.py::2126,0.284141
pandas/core/arrays/datetimes.py::2133,0.284141
pandas/core/arrays/datetimes.py::2139,0.284141
pandas/core/arrays/datetimes.py::2198,0.284141
pandas/core/arrays/datetimes.py::2199,0.284141
pandas/core/arrays/datetimes.py::2200,0.284141
pandas/core/arrays/datetimes.py::2211,0.284141
pandas/core/arrays/datetimes.py::2212,0.284141
pandas/core/arrays/datetimes.py::2218,0.284141
pandas/core/arrays/datetimes.py::2240,0.284141
pandas/core/arrays/datetimes.py::2265,0.284141
pandas/core/arrays/datetimes.py::334,0.284141
pandas/core/arrays/datetimes.py::337,0.284141
pandas/core/arrays/datetimes.py::339,0.284141
pandas/core/arrays/datetimes.py::341,0.284141
pandas/core/arrays/datetimes.py::342,0.284141
pandas/core/arrays/datetimes.py::344,0.284141
pandas/core/arrays/datetimes.py::351,0.284141
pandas/core/arrays/datetimes.py::354,0.284141
pandas/core/arrays/datetimes.py::355,0.284141
pandas/core/arrays/datetimes.py::356,0.284141
pandas/core/arrays/datetimes.py::358,0.284141
pandas/core/arrays/datetimes.py::364,0.284141
pandas/core/arrays/datetimes.py::367,0.284141
pandas/core/arrays/datetimes.py::373,0.284141
pandas/core/arrays/datetimes.py::380,0.284141
pandas/core/arrays/datetimes.py::382,0.284141
pandas/core/arrays/datetimes.py::389,0.284141
pandas/core/arrays/datetimes.py::391,0.284141
pandas/core/arrays/datetimes.py::393,0.284141
pandas/core/arrays/datetimes.py::401,0.284141
pandas/core/arrays/datetimes.py::402,0.284141
pandas/core/arrays/datetimes.py::403,0.284141
pandas/core/arrays/datetimes.py::405,0.284141
pandas/core/arrays/datetimes.py::410,0.284141
pandas/core/arrays/datetimes.py::411,0.284141
pandas/core/arrays/datetimes.py::412,0.284141
pandas/core/arrays/datetimes.py::414,0.284141
pandas/core/arrays/datetimes.py::415,0.284141
pandas/core/arrays/datetimes.py::416,0.284141
pandas/core/arrays/datetimes.py::417,0.284141
pandas/core/arrays/datetimes.py::418,0.284141
pandas/core/arrays/datetimes.py::434,0.284141
pandas/core/arrays/datetimes.py::436,0.284141
pandas/core/arrays/datetimes.py::437,0.284141
pandas/core/arrays/datetimes.py::438,0.284141
pandas/core/arrays/datetimes.py::439,0.284141
pandas/core/arrays/datetimes.py::440,0.284141
pandas/core/arrays/datetimes.py::441,0.284141
pandas/core/arrays/datetimes.py::442,0.284141
pandas/core/arrays/datetimes.py::443,0.284141
pandas/core/arrays/datetimes.py::444,0.284141
pandas/core/arrays/datetimes.py::447,0.284141
pandas/core/arrays/datetimes.py::449,0.284141
pandas/core/arrays/datetimes.py::450,0.284141
pandas/core/arrays/datetimes.py::452,0.284141
pandas/core/arrays/datetimes.py::456,0.284141
pandas/core/arrays/datetimes.py::461,0.284141
pandas/core/arrays/datetimes.py::623,0.284141
pandas/core/arrays/datetimes.py::636,0.284141
pandas/core/arrays/datetimes.py::91,0.284141
pandas/core/arrays/datetimes.py::92,0.284141
pandas/core/arrays/numpy_.py::125,0.284141
pandas/core/arrays/numpy_.py::127,0.284141
pandas/core/arrays/numpy_.py::134,0.284141
pandas/core/arrays/numpy_.py::137,0.284141
pandas/core/arrays/numpy_.py::140,0.284141
pandas/core/arrays/numpy_.py::141,0.284141
pandas/core/arrays/numpy_.py::172,0.284141
pandas/core/arrays/numpy_.py::42,0.284141
pandas/core/arrays/numpy_.py::43,0.284141
pandas/core/arrays/numpy_.py::44,0.284141
pandas/core/arrays/numpy_.py::45,0.284141
pandas/core/arrays/sparse/dtype.py::204,0.284141
pandas/core/arrays/sparse/dtype.py::205,0.284141
pandas/core/arrays/sparse/dtype.py::223,0.284141
pandas/core/arrays/string_.py::77,0.284141
pandas/core/arrays/string_.py::79,0.284141
pandas/core/base.py::1000,0.284141
pandas/core/base.py::1005,0.284141
pandas/core/base.py::1009,0.284141
pandas/core/base.py::1176,0.284141
pandas/core/base.py::1178,0.284141
pandas/core/base.py::1181,0.284141
pandas/core/base.py::777,0.284141
pandas/core/base.py::876,0.284141
pandas/core/base.py::878,0.284141
pandas/core/base.py::882,0.284141
pandas/core/base.py::887,0.284141
pandas/core/base.py::888,0.284141
pandas/core/base.py::890,0.284141
pandas/core/base.py::892,0.284141
pandas/core/common.py::121,0.284141
pandas/core/common.py::122,0.284141
pandas/core/common.py::125,0.284141
pandas/core/common.py::133,0.284141
pandas/core/common.py::136,0.284141
pandas/core/common.py::139,0.284141
pandas/core/common.py::163,0.284141
pandas/core/common.py::165,0.284141
pandas/core/common.py::186,0.284141
pandas/core/common.py::230,0.284141
pandas/core/common.py::232,0.284141
pandas/core/common.py::235,0.284141
pandas/core/common.py::236,0.284141
pandas/core/common.py::238,0.284141
pandas/core/common.py::240,0.284141
pandas/core/common.py::243,0.284141
pandas/core/common.py::248,0.284141
pandas/core/common.py::279,0.284141
pandas/core/common.py::281,0.284141
pandas/core/common.py::288,0.284141
pandas/core/common.py::290,0.284141
pandas/core/common.py::351,0.284141
pandas/core/common.py::354,0.284141
pandas/core/construction.py::359,0.284141
pandas/core/construction.py::362,0.284141
pandas/core/construction.py::365,0.284141
pandas/core/construction.py::375,0.284141
pandas/core/construction.py::376,0.284141
pandas/core/construction.py::378,0.284141
pandas/core/construction.py::388,0.284141
pandas/core/construction.py::391,0.284141
pandas/core/construction.py::393,0.284141
pandas/core/construction.py::404,0.284141
pandas/core/construction.py::406,0.284141
pandas/core/construction.py::408,0.284141
pandas/core/construction.py::410,0.284141
pandas/core/construction.py::412,0.284141
pandas/core/construction.py::414,0.284141
pandas/core/construction.py::416,0.284141
pandas/core/construction.py::417,0.284141
pandas/core/construction.py::418,0.284141
pandas/core/construction.py::422,0.284141
pandas/core/construction.py::424,0.284141
pandas/core/construction.py::429,0.284141
pandas/core/construction.py::432,0.284141
pandas/core/construction.py::451,0.284141
pandas/core/construction.py::452,0.284141
pandas/core/construction.py::455,0.284141
pandas/core/construction.py::466,0.284141
pandas/core/construction.py::469,0.284141
pandas/core/construction.py::478,0.284141
pandas/core/construction.py::479,0.284141
pandas/core/construction.py::480,0.284141
pandas/core/construction.py::488,0.284141
pandas/core/construction.py::512,0.284141
pandas/core/construction.py::513,0.284141
pandas/core/construction.py::514,0.284141
pandas/core/construction.py::516,0.284141
pandas/core/construction.py::519,0.284141
pandas/core/construction.py::522,0.284141
pandas/core/construction.py::525,0.284141
pandas/core/construction.py::526,0.284141
pandas/core/construction.py::527,0.284141
pandas/core/construction.py::529,0.284141
pandas/core/construction.py::530,0.284141
pandas/core/construction.py::531,0.284141
pandas/core/construction.py::552,0.284141
pandas/core/dtypes/base.py::223,0.284141
pandas/core/dtypes/base.py::224,0.284141
pandas/core/dtypes/base.py::225,0.284141
pandas/core/dtypes/base.py::226,0.284141
pandas/core/dtypes/base.py::227,0.284141
pandas/core/dtypes/base.py::254,0.284141
pandas/core/dtypes/base.py::256,0.284141
pandas/core/dtypes/base.py::261,0.284141
pandas/core/dtypes/base.py::262,0.284141
pandas/core/dtypes/base.py::264,0.284141
pandas/core/dtypes/base.py::266,0.284141
pandas/core/dtypes/base.py::267,0.284141
pandas/core/dtypes/base.py::268,0.284141
pandas/core/dtypes/base.py::269,0.284141
pandas/core/dtypes/cast.py::1016,0.284141
pandas/core/dtypes/cast.py::1017,0.284141
pandas/core/dtypes/cast.py::1020,0.284141
pandas/core/dtypes/cast.py::1024,0.284141
pandas/core/dtypes/cast.py::1026,0.284141
pandas/core/dtypes/cast.py::1028,0.284141
pandas/core/dtypes/cast.py::1031,0.284141
pandas/core/dtypes/cast.py::1032,0.284141
pandas/core/dtypes/cast.py::1034,0.284141
pandas/core/dtypes/cast.py::1035,0.284141
pandas/core/dtypes/cast.py::1038,0.284141
pandas/core/dtypes/cast.py::1041,0.284141
pandas/core/dtypes/cast.py::1066,0.284141
pandas/core/dtypes/cast.py::1077,0.284141
pandas/core/dtypes/cast.py::1079,0.284141
pandas/core/dtypes/cast.py::1081,0.284141
pandas/core/dtypes/cast.py::1083,0.284141
pandas/core/dtypes/cast.py::1085,0.284141
pandas/core/dtypes/cast.py::1101,0.284141
pandas/core/dtypes/cast.py::1108,0.284141
pandas/core/dtypes/cast.py::1109,0.284141
pandas/core/dtypes/cast.py::1111,0.284141
pandas/core/dtypes/cast.py::1112,0.284141
pandas/core/dtypes/cast.py::1115,0.284141
pandas/core/dtypes/cast.py::1116,0.284141
pandas/core/dtypes/cast.py::1117,0.284141
pandas/core/dtypes/cast.py::1119,0.284141
pandas/core/dtypes/cast.py::1204,0.284141
pandas/core/dtypes/cast.py::1216,0.284141
pandas/core/dtypes/cast.py::1220,0.284141
pandas/core/dtypes/cast.py::1233,0.284141
pandas/core/dtypes/cast.py::1235,0.284141
pandas/core/dtypes/cast.py::1238,0.284141
pandas/core/dtypes/cast.py::1240,0.284141
pandas/core/dtypes/cast.py::1383,0.284141
pandas/core/dtypes/cast.py::1384,0.284141
pandas/core/dtypes/cast.py::1385,0.284141
pandas/core/dtypes/cast.py::1412,0.284141
pandas/core/dtypes/cast.py::1414,0.284141
pandas/core/dtypes/cast.py::1426,0.284141
pandas/core/dtypes/cast.py::340,0.284141
pandas/core/dtypes/cast.py::358,0.284141
pandas/core/dtypes/cast.py::369,0.284141
pandas/core/dtypes/cast.py::388,0.284141
pandas/core/dtypes/cast.py::391,0.284141
pandas/core/dtypes/cast.py::394,0.284141
pandas/core/dtypes/cast.py::395,0.284141
pandas/core/dtypes/cast.py::397,0.284141
pandas/core/dtypes/cast.py::402,0.284141
pandas/core/dtypes/cast.py::403,0.284141
pandas/core/dtypes/cast.py::407,0.284141
pandas/core/dtypes/cast.py::475,0.284141
pandas/core/dtypes/cast.py::477,0.284141
pandas/core/dtypes/cast.py::480,0.284141
pandas/core/dtypes/cast.py::988,0.284141
pandas/core/dtypes/cast.py::989,0.284141
pandas/core/dtypes/cast.py::991,0.284141
pandas/core/dtypes/cast.py::994,0.284141
pandas/core/dtypes/common.py::1050,0.284141
pandas/core/dtypes/common.py::1097,0.284141
pandas/core/dtypes/common.py::1098,0.284141
pandas/core/dtypes/common.py::1188,0.284141
pandas/core/dtypes/common.py::1189,0.284141
pandas/core/dtypes/common.py::1190,0.284141
pandas/core/dtypes/common.py::1231,0.284141
pandas/core/dtypes/common.py::1233,0.284141
pandas/core/dtypes/common.py::1234,0.284141
pandas/core/dtypes/common.py::1240,0.284141
pandas/core/dtypes/common.py::1271,0.284141
pandas/core/dtypes/common.py::1310,0.284141
pandas/core/dtypes/common.py::1572,0.284141
pandas/core/dtypes/common.py::1606,0.284141
pandas/core/dtypes/common.py::1649,0.284141
pandas/core/dtypes/common.py::1650,0.284141
pandas/core/dtypes/common.py::1651,0.284141
pandas/core/dtypes/common.py::1652,0.284141
pandas/core/dtypes/common.py::1656,0.284141
pandas/core/dtypes/common.py::1660,0.284141
pandas/core/dtypes/common.py::1667,0.284141
pandas/core/dtypes/common.py::1671,0.284141
pandas/core/dtypes/common.py::1721,0.284141
pandas/core/dtypes/common.py::1723,0.284141
pandas/core/dtypes/common.py::1725,0.284141
pandas/core/dtypes/common.py::1727,0.284141
pandas/core/dtypes/common.py::1775,0.284141
pandas/core/dtypes/common.py::1776,0.284141
pandas/core/dtypes/common.py::1828,0.284141
pandas/core/dtypes/common.py::1830,0.284141
pandas/core/dtypes/common.py::1831,0.284141
pandas/core/dtypes/common.py::1834,0.284141
pandas/core/dtypes/common.py::1857,0.284141
pandas/core/dtypes/common.py::1861,0.284141
pandas/core/dtypes/common.py::1862,0.284141
pandas/core/dtypes/common.py::1863,0.284141
pandas/core/dtypes/common.py::1864,0.284141
pandas/core/dtypes/common.py::1867,0.284141
pandas/core/dtypes/common.py::1868,0.284141
pandas/core/dtypes/common.py::1870,0.284141
pandas/core/dtypes/common.py::1888,0.284141
pandas/core/dtypes/common.py::1889,0.284141
pandas/core/dtypes/common.py::1892,0.284141
pandas/core/dtypes/common.py::1893,0.284141
pandas/core/dtypes/common.py::1894,0.284141
pandas/core/dtypes/common.py::1900,0.284141
pandas/core/dtypes/common.py::1901,0.284141
pandas/core/dtypes/common.py::1904,0.284141
pandas/core/dtypes/common.py::1905,0.284141
pandas/core/dtypes/common.py::1907,0.284141
pandas/core/dtypes/common.py::1908,0.284141
pandas/core/dtypes/common.py::1915,0.284141
pandas/core/dtypes/common.py::197,0.284141
pandas/core/dtypes/common.py::201,0.284141
pandas/core/dtypes/common.py::202,0.284141
pandas/core/dtypes/common.py::2024,0.284141
pandas/core/dtypes/common.py::2026,0.284141
pandas/core/dtypes/common.py::2027,0.284141
pandas/core/dtypes/common.py::203,0.284141
pandas/core/dtypes/common.py::2030,0.284141
pandas/core/dtypes/common.py::2031,0.284141
pandas/core/dtypes/common.py::2036,0.284141
pandas/core/dtypes/common.py::2037,0.284141
pandas/core/dtypes/common.py::204,0.284141
pandas/core/dtypes/common.py::2047,0.284141
pandas/core/dtypes/common.py::2050,0.284141
pandas/core/dtypes/common.py::207,0.284141
pandas/core/dtypes/common.py::212,0.284141
pandas/core/dtypes/common.py::220,0.284141
pandas/core/dtypes/common.py::221,0.284141
pandas/core/dtypes/common.py::222,0.284141
pandas/core/dtypes/common.py::253,0.284141
pandas/core/dtypes/common.py::302,0.284141
pandas/core/dtypes/common.py::304,0.284141
pandas/core/dtypes/common.py::305,0.284141
pandas/core/dtypes/common.py::376,0.284141
pandas/core/dtypes/common.py::525,0.284141
pandas/core/dtypes/common.py::561,0.284141
pandas/core/dtypes/common.py::563,0.284141
pandas/core/dtypes/common.py::594,0.284141
pandas/core/dtypes/common.py::626,0.284141
pandas/core/dtypes/common.py::628,0.284141
pandas/core/dtypes/common.py::662,0.284141
pandas/core/dtypes/common.py::663,0.284141
pandas/core/dtypes/common.py::664,0.284141
pandas/core/dtypes/common.py::695,0.284141
pandas/core/dtypes/common.py::696,0.284141
pandas/core/dtypes/common.py::697,0.284141
pandas/core/dtypes/common.py::730,0.284141
pandas/core/dtypes/common.py::731,0.284141
pandas/core/dtypes/common.py::733,0.284141
pandas/core/dtypes/common.py::844,0.284141
pandas/core/dtypes/common.py::845,0.284141
pandas/core/dtypes/common.py::846,0.284141
pandas/core/dtypes/common.py::847,0.284141
pandas/core/dtypes/common.py::879,0.284141
pandas/core/dtypes/common.py::880,0.284141
pandas/core/dtypes/common.py::881,0.284141
pandas/core/dtypes/common.py::882,0.284141
pandas/core/dtypes/common.py::993,0.284141
pandas/core/dtypes/dtypes.py::101,0.284141
pandas/core/dtypes/dtypes.py::103,0.284141
pandas/core/dtypes/dtypes.py::104,0.284141
pandas/core/dtypes/dtypes.py::105,0.284141
pandas/core/dtypes/dtypes.py::1053,0.284141
pandas/core/dtypes/dtypes.py::1054,0.284141
pandas/core/dtypes/dtypes.py::1055,0.284141
pandas/core/dtypes/dtypes.py::1057,0.284141
pandas/core/dtypes/dtypes.py::106,0.284141
pandas/core/dtypes/dtypes.py::1061,0.284141
pandas/core/dtypes/dtypes.py::1065,0.284141
pandas/core/dtypes/dtypes.py::107,0.284141
pandas/core/dtypes/dtypes.py::109,0.284141
pandas/core/dtypes/dtypes.py::1106,0.284141
pandas/core/dtypes/dtypes.py::1117,0.284141
pandas/core/dtypes/dtypes.py::738,0.284141
pandas/core/dtypes/dtypes.py::739,0.284141
pandas/core/dtypes/dtypes.py::740,0.284141
pandas/core/dtypes/dtypes.py::741,0.284141
pandas/core/dtypes/dtypes.py::751,0.284141
pandas/core/dtypes/dtypes.py::753,0.284141
pandas/core/dtypes/dtypes.py::880,0.284141
pandas/core/dtypes/dtypes.py::881,0.284141
pandas/core/dtypes/dtypes.py::882,0.284141
pandas/core/dtypes/dtypes.py::890,0.284141
pandas/core/dtypes/dtypes.py::926,0.284141
pandas/core/dtypes/dtypes.py::939,0.284141
pandas/core/dtypes/dtypes.py::94,0.284141
pandas/core/dtypes/dtypes.py::95,0.284141
pandas/core/dtypes/dtypes.py::96,0.284141
pandas/core/dtypes/dtypes.py::97,0.284141
pandas/core/dtypes/dtypes.py::98,0.284141
pandas/core/dtypes/generic.py::9,0.284141
pandas/core/dtypes/inference.py::148,0.284141
pandas/core/dtypes/inference.py::151,0.284141
pandas/core/dtypes/inference.py::185,0.284141
pandas/core/dtypes/inference.py::186,0.284141
pandas/core/dtypes/inference.py::276,0.284141
pandas/core/dtypes/inference.py::415,0.284141
pandas/core/dtypes/inference.py::416,0.284141
pandas/core/dtypes/inference.py::417,0.284141
pandas/core/dtypes/inference.py::418,0.284141
pandas/core/dtypes/inference.py::420,0.284141
pandas/core/dtypes/missing.py::124,0.284141
pandas/core/dtypes/missing.py::132,0.284141
pandas/core/dtypes/missing.py::133,0.284141
pandas/core/dtypes/missing.py::135,0.284141
pandas/core/dtypes/missing.py::137,0.284141
pandas/core/dtypes/missing.py::139,0.284141
pandas/core/dtypes/missing.py::140,0.284141
pandas/core/dtypes/missing.py::142,0.284141
pandas/core/dtypes/missing.py::143,0.284141
pandas/core/dtypes/missing.py::144,0.284141
pandas/core/dtypes/missing.py::145,0.284141
pandas/core/dtypes/missing.py::146,0.284141
pandas/core/dtypes/missing.py::147,0.284141
pandas/core/dtypes/missing.py::150,0.284141
pandas/core/dtypes/missing.py::221,0.284141
pandas/core/dtypes/missing.py::223,0.284141
pandas/core/dtypes/missing.py::226,0.284141
pandas/core/dtypes/missing.py::230,0.284141
pandas/core/dtypes/missing.py::232,0.284141
pandas/core/dtypes/missing.py::238,0.284141
pandas/core/dtypes/missing.py::240,0.284141
pandas/core/dtypes/missing.py::242,0.284141
pandas/core/dtypes/missing.py::244,0.284141
pandas/core/dtypes/missing.py::249,0.284141
pandas/core/dtypes/missing.py::250,0.284141
pandas/core/dtypes/missing.py::251,0.284141
pandas/core/dtypes/missing.py::260,0.284141
pandas/core/dtypes/missing.py::261,0.284141
pandas/core/dtypes/missing.py::263,0.284141
pandas/core/dtypes/missing.py::425,0.284141
pandas/core/dtypes/missing.py::428,0.284141
pandas/core/dtypes/missing.py::429,0.284141
pandas/core/dtypes/missing.py::433,0.284141
pandas/core/dtypes/missing.py::435,0.284141
pandas/core/dtypes/missing.py::437,0.284141
pandas/core/dtypes/missing.py::438,0.284141
pandas/core/frame.py::1012,0.284141
pandas/core/frame.py::2789,0.284141
pandas/core/frame.py::2790,0.284141
pandas/core/frame.py::2792,0.284141
pandas/core/frame.py::2794,0.284141
pandas/core/frame.py::2795,0.284141
pandas/core/frame.py::2797,0.284141
pandas/core/frame.py::2800,0.284141
pandas/core/frame.py::2801,0.284141
pandas/core/frame.py::2807,0.284141
pandas/core/frame.py::2811,0.284141
pandas/core/frame.py::2812,0.284141
pandas/core/frame.py::2851,0.284141
pandas/core/frame.py::2857,0.284141
pandas/core/frame.py::2864,0.284141
pandas/core/frame.py::2865,0.284141
pandas/core/frame.py::2866,0.284141
pandas/core/frame.py::2944,0.284141
pandas/core/frame.py::2947,0.284141
pandas/core/frame.py::2948,0.284141
pandas/core/frame.py::2953,0.284141
pandas/core/frame.py::2955,0.284141
pandas/core/frame.py::2959,0.284141
pandas/core/frame.py::3017,0.284141
pandas/core/frame.py::3018,0.284141
pandas/core/frame.py::3019,0.284141
pandas/core/frame.py::3024,0.284141
pandas/core/frame.py::3025,0.284141
pandas/core/frame.py::3070,0.284141
pandas/core/frame.py::3085,0.284141
pandas/core/frame.py::3086,0.284141
pandas/core/frame.py::3089,0.284141
pandas/core/frame.py::3095,0.284141
pandas/core/frame.py::3096,0.284141
pandas/core/frame.py::3594,0.284141
pandas/core/frame.py::3597,0.284141
pandas/core/frame.py::3598,0.284141
pandas/core/frame.py::3614,0.284141
pandas/core/frame.py::3616,0.284141
pandas/core/frame.py::3617,0.284141
pandas/core/frame.py::3666,0.284141
pandas/core/frame.py::3670,0.284141
pandas/core/frame.py::3671,0.284141
pandas/core/frame.py::3676,0.284141
pandas/core/frame.py::378,0.284141
pandas/core/frame.py::401,0.284141
pandas/core/frame.py::403,0.284141
pandas/core/frame.py::406,0.284141
pandas/core/frame.py::409,0.284141
pandas/core/frame.py::410,0.284141
pandas/core/frame.py::411,0.284141
pandas/core/frame.py::413,0.284141
pandas/core/frame.py::414,0.284141
pandas/core/frame.py::4514,0.284141
pandas/core/frame.py::4515,0.284141
pandas/core/frame.py::4518,0.284141
pandas/core/frame.py::4520,0.284141
pandas/core/frame.py::4557,0.284141
pandas/core/frame.py::4558,0.284141
pandas/core/frame.py::4565,0.284141
pandas/core/frame.py::4602,0.284141
pandas/core/frame.py::4603,0.284141
pandas/core/frame.py::4604,0.284141
pandas/core/frame.py::4797,0.284141
pandas/core/frame.py::4800,0.284141
pandas/core/frame.py::4801,0.284141
pandas/core/frame.py::4803,0.284141
pandas/core/frame.py::4808,0.284141
pandas/core/frame.py::4831,0.284141
pandas/core/frame.py::4832,0.284141
pandas/core/frame.py::4834,0.284141
pandas/core/frame.py::4837,0.284141
pandas/core/frame.py::4838,0.284141
pandas/core/frame.py::4839,0.284141
pandas/core/frame.py::4841,0.284141
pandas/core/frame.py::4843,0.284141
pandas/core/frame.py::4846,0.284141
pandas/core/frame.py::4847,0.284141
pandas/core/frame.py::4848,0.284141
pandas/core/frame.py::4856,0.284141
pandas/core/frame.py::4857,0.284141
pandas/core/frame.py::4860,0.284141
pandas/core/frame.py::4861,0.284141
pandas/core/frame.py::4863,0.284141
pandas/core/frame.py::4864,0.284141
pandas/core/frame.py::490,0.284141
pandas/core/frame.py::865,0.284141
pandas/core/frame.py::866,0.284141
pandas/core/frame.py::867,0.284141
pandas/core/generic.py::11696,0.284141
pandas/core/generic.py::11697,0.284141
pandas/core/generic.py::11703,0.284141
pandas/core/generic.py::11704,0.284141
pandas/core/generic.py::11705,0.284141
pandas/core/generic.py::11706,0.284141
pandas/core/generic.py::11707,0.284141
pandas/core/generic.py::11708,0.284141
pandas/core/generic.py::11709,0.284141
pandas/core/generic.py::1498,0.284141
pandas/core/generic.py::1499,0.284141
pandas/core/generic.py::1500,0.284141
pandas/core/generic.py::1511,0.284141
pandas/core/generic.py::1870,0.284141
pandas/core/generic.py::1871,0.284141
pandas/core/generic.py::1872,0.284141
pandas/core/generic.py::191,0.284141
pandas/core/generic.py::1971,0.284141
pandas/core/generic.py::1984,0.284141
pandas/core/generic.py::1985,0.284141
pandas/core/generic.py::201,0.284141
pandas/core/generic.py::202,0.284141
pandas/core/generic.py::203,0.284141
pandas/core/generic.py::207,0.284141
pandas/core/generic.py::208,0.284141
pandas/core/generic.py::214,0.284141
pandas/core/generic.py::216,0.284141
pandas/core/generic.py::220,0.284141
pandas/core/generic.py::250,0.284141
pandas/core/generic.py::251,0.284141
pandas/core/generic.py::254,0.284141
pandas/core/generic.py::260,0.284141
pandas/core/generic.py::3299,0.284141
pandas/core/generic.py::3357,0.284141
pandas/core/generic.py::3437,0.284141
pandas/core/generic.py::3439,0.284141
pandas/core/generic.py::3441,0.284141
pandas/core/generic.py::3442,0.284141
pandas/core/generic.py::3444,0.284141
pandas/core/generic.py::3447,0.284141
pandas/core/generic.py::3448,0.284141
pandas/core/generic.py::3449,0.284141
pandas/core/generic.py::3451,0.284141
pandas/core/generic.py::356,0.284141
pandas/core/generic.py::357,0.284141
pandas/core/generic.py::358,0.284141
pandas/core/generic.py::3621,0.284141
pandas/core/generic.py::3622,0.284141
pandas/core/generic.py::3623,0.284141
pandas/core/generic.py::3624,0.284141
pandas/core/generic.py::3625,0.284141
pandas/core/generic.py::3626,0.284141
pandas/core/generic.py::3627,0.284141
pandas/core/generic.py::3630,0.284141
pandas/core/generic.py::3631,0.284141
pandas/core/generic.py::3662,0.284141
pandas/core/generic.py::3663,0.284141
pandas/core/generic.py::3666,0.284141
pandas/core/generic.py::3669,0.284141
pandas/core/generic.py::3670,0.284141
pandas/core/generic.py::3726,0.284141
pandas/core/generic.py::3727,0.284141
pandas/core/generic.py::381,0.284141
pandas/core/generic.py::382,0.284141
pandas/core/generic.py::385,0.284141
pandas/core/generic.py::386,0.284141
pandas/core/generic.py::399,0.284141
pandas/core/generic.py::406,0.284141
pandas/core/generic.py::407,0.284141
pandas/core/generic.py::423,0.284141
pandas/core/generic.py::424,0.284141
pandas/core/generic.py::425,0.284141
pandas/core/generic.py::426,0.284141
pandas/core/generic.py::436,0.284141
pandas/core/generic.py::437,0.284141
pandas/core/generic.py::438,0.284141
pandas/core/generic.py::439,0.284141
pandas/core/generic.py::441,0.284141
pandas/core/generic.py::442,0.284141
pandas/core/generic.py::448,0.284141
pandas/core/generic.py::449,0.284141
pandas/core/generic.py::4524,0.284141
pandas/core/generic.py::4525,0.284141
pandas/core/generic.py::4526,0.284141
pandas/core/generic.py::4527,0.284141
pandas/core/generic.py::4528,0.284141
pandas/core/generic.py::4529,0.284141
pandas/core/generic.py::4530,0.284141
pandas/core/generic.py::4535,0.284141
pandas/core/generic.py::4537,0.284141
pandas/core/generic.py::454,0.284141
pandas/core/generic.py::4543,0.284141
pandas/core/generic.py::4547,0.284141
pandas/core/generic.py::4548,0.284141
pandas/core/generic.py::4549,0.284141
pandas/core/generic.py::455,0.284141
pandas/core/generic.py::4550,0.284141
pandas/core/generic.py::4552,0.284141
pandas/core/generic.py::4554,0.284141
pandas/core/generic.py::456,0.284141
pandas/core/generic.py::457,0.284141
pandas/core/generic.py::509,0.284141
pandas/core/generic.py::5207,0.284141
pandas/core/generic.py::5208,0.284141
pandas/core/generic.py::5209,0.284141
pandas/core/generic.py::5210,0.284141
pandas/core/generic.py::5221,0.284141
pandas/core/generic.py::5222,0.284141
pandas/core/generic.py::5223,0.284141
pandas/core/generic.py::5225,0.284141
pandas/core/generic.py::5227,0.284141
pandas/core/generic.py::5228,0.284141
pandas/core/generic.py::5240,0.284141
pandas/core/generic.py::5241,0.284141
pandas/core/generic.py::5242,0.284141
pandas/core/generic.py::5243,0.284141
pandas/core/generic.py::5244,0.284141
pandas/core/generic.py::5248,0.284141
pandas/core/generic.py::5249,0.284141
pandas/core/generic.py::5250,0.284141
pandas/core/generic.py::5251,0.284141
pandas/core/generic.py::5253,0.284141
pandas/core/generic.py::5254,0.284141
pandas/core/generic.py::5255,0.284141
pandas/core/generic.py::5257,0.284141
pandas/core/generic.py::5258,0.284141
pandas/core/generic.py::5290,0.284141
pandas/core/generic.py::5291,0.284141
pandas/core/generic.py::5292,0.284141
pandas/core/generic.py::5294,0.284141
pandas/core/generic.py::5299,0.284141
pandas/core/generic.py::5300,0.284141
pandas/core/generic.py::5302,0.284141
pandas/core/generic.py::6027,0.284141
pandas/core/generic.py::6028,0.284141
pandas/core/generic.py::688,0.284141
pandas/core/generic.py::689,0.284141
pandas/core/generic.py::7334,0.284141
pandas/core/indexers.py::187,0.284141
pandas/core/indexers.py::194,0.284141
pandas/core/indexers.py::195,0.284141
pandas/core/indexers.py::199,0.284141
pandas/core/indexers.py::200,0.284141
pandas/core/indexers.py::202,0.284141
pandas/core/indexes/base.py::1454,0.284141
pandas/core/indexes/base.py::1733,0.284141
pandas/core/indexes/base.py::1740,0.284141
pandas/core/indexes/base.py::1752,0.284141
pandas/core/indexes/base.py::1807,0.284141
pandas/core/indexes/base.py::1811,0.284141
pandas/core/indexes/base.py::2262,0.284141
pandas/core/indexes/base.py::2263,0.284141
pandas/core/indexes/base.py::2381,0.284141
pandas/core/indexes/base.py::2654,0.284141
pandas/core/indexes/base.py::2655,0.284141
pandas/core/indexes/base.py::2657,0.284141
pandas/core/indexes/base.py::2661,0.284141
pandas/core/indexes/base.py::2663,0.284141
pandas/core/indexes/base.py::2665,0.284141
pandas/core/indexes/base.py::2666,0.284141
pandas/core/indexes/base.py::2668,0.284141
pandas/core/indexes/base.py::2669,0.284141
pandas/core/indexes/base.py::2670,0.284141
pandas/core/indexes/base.py::2671,0.284141
pandas/core/indexes/base.py::2672,0.284141
pandas/core/indexes/base.py::2676,0.284141
pandas/core/indexes/base.py::270,0.284141
pandas/core/indexes/base.py::271,0.284141
pandas/core/indexes/base.py::272,0.284141
pandas/core/indexes/base.py::273,0.284141
pandas/core/indexes/base.py::274,0.284141
pandas/core/indexes/base.py::276,0.284141
pandas/core/indexes/base.py::2760,0.284141
pandas/core/indexes/base.py::2762,0.284141
pandas/core/indexes/base.py::2765,0.284141
pandas/core/indexes/base.py::2769,0.284141
pandas/core/indexes/base.py::2770,0.284141
pandas/core/indexes/base.py::279,0.284141
pandas/core/indexes/base.py::2817,0.284141
pandas/core/indexes/base.py::2818,0.284141
pandas/core/indexes/base.py::2823,0.284141
pandas/core/indexes/base.py::2824,0.284141
pandas/core/indexes/base.py::2886,0.284141
pandas/core/indexes/base.py::2887,0.284141
pandas/core/indexes/base.py::2888,0.284141
pandas/core/indexes/base.py::289,0.284141
pandas/core/indexes/base.py::2894,0.284141
pandas/core/indexes/base.py::2897,0.284141
pandas/core/indexes/base.py::2898,0.284141
pandas/core/indexes/base.py::2903,0.284141
pandas/core/indexes/base.py::2910,0.284141
pandas/core/indexes/base.py::2915,0.284141
pandas/core/indexes/base.py::2917,0.284141
pandas/core/indexes/base.py::2920,0.284141
pandas/core/indexes/base.py::2925,0.284141
pandas/core/indexes/base.py::2931,0.284141
pandas/core/indexes/base.py::2933,0.284141
pandas/core/indexes/base.py::294,0.284141
pandas/core/indexes/base.py::296,0.284141
pandas/core/indexes/base.py::300,0.284141
pandas/core/indexes/base.py::305,0.284141
pandas/core/indexes/base.py::311,0.284141
pandas/core/indexes/base.py::312,0.284141
pandas/core/indexes/base.py::313,0.284141
pandas/core/indexes/base.py::329,0.284141
pandas/core/indexes/base.py::338,0.284141
pandas/core/indexes/base.py::342,0.284141
pandas/core/indexes/base.py::354,0.284141
pandas/core/indexes/base.py::355,0.284141
pandas/core/indexes/base.py::3843,0.284141
pandas/core/indexes/base.py::3873,0.284141
pandas/core/indexes/base.py::3929,0.284141
pandas/core/indexes/base.py::398,0.284141
pandas/core/indexes/base.py::399,0.284141
pandas/core/indexes/base.py::400,0.284141
pandas/core/indexes/base.py::402,0.284141
pandas/core/indexes/base.py::404,0.284141
pandas/core/indexes/base.py::4054,0.284141
pandas/core/indexes/base.py::4062,0.284141
pandas/core/indexes/base.py::407,0.284141
pandas/core/indexes/base.py::411,0.284141
pandas/core/indexes/base.py::414,0.284141
pandas/core/indexes/base.py::415,0.284141
pandas/core/indexes/base.py::4152,0.284141
pandas/core/indexes/base.py::4153,0.284141
pandas/core/indexes/base.py::4154,0.284141
pandas/core/indexes/base.py::416,0.284141
pandas/core/indexes/base.py::4197,0.284141
pandas/core/indexes/base.py::4198,0.284141
pandas/core/indexes/base.py::4200,0.284141
pandas/core/indexes/base.py::4201,0.284141
pandas/core/indexes/base.py::4202,0.284141
pandas/core/indexes/base.py::4228,0.284141
pandas/core/indexes/base.py::4229,0.284141
pandas/core/indexes/base.py::423,0.284141
pandas/core/indexes/base.py::426,0.284141
pandas/core/indexes/base.py::432,0.284141
pandas/core/indexes/base.py::4320,0.284141
pandas/core/indexes/base.py::4323,0.284141
pandas/core/indexes/base.py::4326,0.284141
pandas/core/indexes/base.py::4330,0.284141
pandas/core/indexes/base.py::4331,0.284141
pandas/core/indexes/base.py::4346,0.284141
pandas/core/indexes/base.py::4347,0.284141
pandas/core/indexes/base.py::4349,0.284141
pandas/core/indexes/base.py::435,0.284141
pandas/core/indexes/base.py::4350,0.284141
pandas/core/indexes/base.py::4353,0.284141
pandas/core/indexes/base.py::436,0.284141
pandas/core/indexes/base.py::445,0.284141
pandas/core/indexes/base.py::447,0.284141
pandas/core/indexes/base.py::452,0.284141
pandas/core/indexes/base.py::454,0.284141
pandas/core/indexes/base.py::456,0.284141
pandas/core/indexes/base.py::459,0.284141
pandas/core/indexes/base.py::461,0.284141
pandas/core/indexes/base.py::464,0.284141
pandas/core/indexes/base.py::473,0.284141
pandas/core/indexes/base.py::474,0.284141
pandas/core/indexes/base.py::4761,0.284141
pandas/core/indexes/base.py::4763,0.284141
pandas/core/indexes/base.py::4765,0.284141
pandas/core/indexes/base.py::4768,0.284141
pandas/core/indexes/base.py::515,0.284141
pandas/core/indexes/base.py::521,0.284141
pandas/core/indexes/base.py::522,0.284141
pandas/core/indexes/base.py::528,0.284141
pandas/core/indexes/base.py::529,0.284141
pandas/core/indexes/base.py::530,0.284141
pandas/core/indexes/base.py::531,0.284141
pandas/core/indexes/base.py::532,0.284141
pandas/core/indexes/base.py::545,0.284141
pandas/core/indexes/base.py::5581,0.284141
pandas/core/indexes/base.py::5582,0.284141
pandas/core/indexes/base.py::5584,0.284141
pandas/core/indexes/base.py::5585,0.284141
pandas/core/indexes/base.py::5588,0.284141
pandas/core/indexes/base.py::5593,0.284141
pandas/core/indexes/base.py::5594,0.284141
pandas/core/indexes/base.py::5597,0.284141
pandas/core/indexes/base.py::5599,0.284141
pandas/core/indexes/base.py::5604,0.284141
pandas/core/indexes/base.py::5608,0.284141
pandas/core/indexes/base.py::5613,0.284141
pandas/core/indexes/base.py::564,0.284141
pandas/core/indexes/base.py::5644,0.284141
pandas/core/indexes/base.py::5646,0.284141
pandas/core/indexes/base.py::565,0.284141
pandas/core/indexes/base.py::566,0.284141
pandas/core/indexes/base.py::567,0.284141
pandas/core/indexes/base.py::568,0.284141
pandas/core/indexes/base.py::569,0.284141
pandas/core/indexes/base.py::572,0.284141
pandas/core/indexes/base.py::573,0.284141
pandas/core/indexes/base.py::578,0.284141
pandas/core/indexes/base.py::593,0.284141
pandas/core/indexes/base.py::594,0.284141
pandas/core/indexes/base.py::595,0.284141
pandas/core/indexes/base.py::596,0.284141
pandas/core/indexes/base.py::598,0.284141
pandas/core/indexes/base.py::603,0.284141
pandas/core/indexes/base.py::626,0.284141
pandas/core/indexes/base.py::632,0.284141
pandas/core/indexes/base.py::633,0.284141
pandas/core/indexes/base.py::644,0.284141
pandas/core/indexes/base.py::645,0.284141
pandas/core/indexes/base.py::655,0.284141
pandas/core/indexes/base.py::679,0.284141
pandas/core/indexes/base.py::715,0.284141
pandas/core/indexes/base.py::718,0.284141
pandas/core/indexes/base.py::719,0.284141
pandas/core/indexes/base.py::720,0.284141
pandas/core/indexes/base.py::721,0.284141
pandas/core/indexes/base.py::812,0.284141
pandas/core/indexes/base.py::814,0.284141
pandas/core/indexes/base.py::815,0.284141
pandas/core/indexes/base.py::824,0.284141
pandas/core/indexes/base.py::827,0.284141
pandas/core/indexes/base.py::828,0.284141
pandas/core/indexes/datetimes.py::282,0.284141
pandas/core/indexes/datetimes.py::290,0.284141
pandas/core/indexes/datetimes.py::292,0.284141
pandas/core/indexes/datetimes.py::312,0.284141
pandas/core/indexes/datetimes.py::322,0.284141
pandas/core/indexes/datetimes.py::325,0.284141
pandas/core/indexes/datetimes.py::326,0.284141
pandas/core/indexes/datetimes.py::327,0.284141
pandas/core/indexes/datetimes.py::328,0.284141
pandas/core/indexes/datetimes.py::329,0.284141
pandas/core/indexes/datetimes.py::330,0.284141
pandas/core/indexes/datetimes.py::331,0.284141
pandas/core/indexes/datetimes.py::332,0.284141
pandas/core/indexes/datetimes.py::333,0.284141
pandas/core/indexes/datetimes.py::334,0.284141
pandas/core/indexes/datetimes.py::337,0.284141
pandas/core/indexes/datetimes.py::338,0.284141
pandas/core/indexes/datetimes.py::346,0.284141
pandas/core/indexes/datetimes.py::347,0.284141
pandas/core/indexes/datetimes.py::350,0.284141
pandas/core/indexes/datetimes.py::351,0.284141
pandas/core/indexes/datetimes.py::353,0.284141
pandas/core/indexes/datetimes.py::354,0.284141
pandas/core/indexes/datetimes.py::355,0.284141
pandas/core/indexes/datetimes.py::356,0.284141
pandas/core/indexes/datetimes.py::359,0.284141
pandas/core/indexes/datetimes.py::362,0.284141
pandas/core/indexes/datetimes.py::363,0.284141
pandas/core/indexes/datetimes.py::364,0.284141
pandas/core/indexes/datetimes.py::366,0.284141
pandas/core/indexes/datetimes.py::367,0.284141
pandas/core/indexes/datetimes.py::368,0.284141
pandas/core/indexes/datetimes.py::370,0.284141
pandas/core/indexes/datetimes.py::371,0.284141
pandas/core/indexes/datetimes.py::372,0.284141
pandas/core/indexes/numeric.py::140,0.284141
pandas/core/indexes/numeric.py::49,0.284141
pandas/core/indexes/numeric.py::60,0.284141
pandas/core/indexes/numeric.py::62,0.284141
pandas/core/indexes/numeric.py::65,0.284141
pandas/core/indexes/numeric.py::69,0.284141
pandas/core/indexes/numeric.py::71,0.284141
pandas/core/indexes/numeric.py::73,0.284141
pandas/core/indexes/numeric.py::84,0.284141
pandas/core/indexes/numeric.py::86,0.284141
pandas/core/indexes/numeric.py::87,0.284141
pandas/core/indexes/range.py::104,0.284141
pandas/core/indexes/range.py::107,0.284141
pandas/core/indexes/range.py::113,0.284141
pandas/core/indexes/range.py::116,0.284141
pandas/core/indexes/range.py::118,0.284141
pandas/core/indexes/range.py::121,0.284141
pandas/core/indexes/range.py::123,0.284141
pandas/core/indexes/range.py::124,0.284141
pandas/core/indexes/range.py::127,0.284141
pandas/core/indexes/range.py::128,0.284141
pandas/core/indexes/range.py::150,0.284141
pandas/core/indexes/range.py::153,0.284141
pandas/core/indexes/range.py::156,0.284141
pandas/core/indexes/range.py::159,0.284141
pandas/core/indexes/range.py::161,0.284141
pandas/core/indexes/range.py::162,0.284141
pandas/core/indexes/range.py::165,0.284141
pandas/core/indexes/range.py::166,0.284141
pandas/core/indexes/range.py::173,0.284141
pandas/core/indexes/range.py::190,0.284141
pandas/core/indexes/range.py::191,0.284141
pandas/core/indexes/range.py::192,0.284141
pandas/core/indexes/range.py::194,0.284141
pandas/core/indexes/range.py::198,0.284141
pandas/core/indexes/range.py::242,0.284141
pandas/core/indexes/range.py::264,0.284141
pandas/core/indexes/range.py::288,0.284141
pandas/core/indexes/range.py::415,0.284141
pandas/core/indexes/range.py::416,0.284141
pandas/core/indexes/range.py::417,0.284141
pandas/core/indexes/range.py::419,0.284141
pandas/core/indexes/range.py::420,0.284141
pandas/core/indexes/range.py::474,0.284141
pandas/core/indexes/range.py::475,0.284141
pandas/core/indexes/range.py::705,0.284141
pandas/core/indexes/range.py::94,0.284141
pandas/core/indexing.py::2353,0.284141
pandas/core/indexing.py::2354,0.284141
pandas/core/indexing.py::2357,0.284141
pandas/core/indexing.py::2360,0.284141
pandas/core/indexing.py::2361,0.284141
pandas/core/indexing.py::2371,0.284141
pandas/core/indexing.py::2402,0.284141
pandas/core/indexing.py::2403,0.284141
pandas/core/indexing.py::2414,0.284141
pandas/core/indexing.py::2416,0.284141
pandas/core/indexing.py::2419,0.284141
pandas/core/indexing.py::2424,0.284141
pandas/core/internals/blocks.py::114,0.284141
pandas/core/internals/blocks.py::115,0.284141
pandas/core/internals/blocks.py::116,0.284141
pandas/core/internals/blocks.py::118,0.284141
pandas/core/internals/blocks.py::1262,0.284141
pandas/core/internals/blocks.py::1264,0.284141
pandas/core/internals/blocks.py::1268,0.284141
pandas/core/internals/blocks.py::1269,0.284141
pandas/core/internals/blocks.py::1271,0.284141
pandas/core/internals/blocks.py::1272,0.284141
pandas/core/internals/blocks.py::1277,0.284141
pandas/core/internals/blocks.py::1278,0.284141
pandas/core/internals/blocks.py::1279,0.284141
pandas/core/internals/blocks.py::1281,0.284141
pandas/core/internals/blocks.py::1284,0.284141
pandas/core/internals/blocks.py::145,0.284141
pandas/core/internals/blocks.py::146,0.284141
pandas/core/internals/blocks.py::148,0.284141
pandas/core/internals/blocks.py::152,0.284141
pandas/core/internals/blocks.py::198,0.284141
pandas/core/internals/blocks.py::204,0.284141
pandas/core/internals/blocks.py::2111,0.284141
pandas/core/internals/blocks.py::2112,0.284141
pandas/core/internals/blocks.py::2134,0.284141
pandas/core/internals/blocks.py::2137,0.284141
pandas/core/internals/blocks.py::2138,0.284141
pandas/core/internals/blocks.py::2140,0.284141
pandas/core/internals/blocks.py::2141,0.284141
pandas/core/internals/blocks.py::222,0.284141
pandas/core/internals/blocks.py::226,0.284141
pandas/core/internals/blocks.py::230,0.284141
pandas/core/internals/blocks.py::234,0.284141
pandas/core/internals/blocks.py::235,0.284141
pandas/core/internals/blocks.py::237,0.284141
pandas/core/internals/blocks.py::258,0.284141
pandas/core/internals/blocks.py::2591,0.284141
pandas/core/internals/blocks.py::2594,0.284141
pandas/core/internals/blocks.py::264,0.284141
pandas/core/internals/blocks.py::265,0.284141
pandas/core/internals/blocks.py::266,0.284141
pandas/core/internals/blocks.py::267,0.284141
pandas/core/internals/blocks.py::2671,0.284141
pandas/core/internals/blocks.py::2672,0.284141
pandas/core/internals/blocks.py::2673,0.284141
pandas/core/internals/blocks.py::268,0.284141
pandas/core/internals/blocks.py::269,0.284141
pandas/core/internals/blocks.py::294,0.284141
pandas/core/internals/blocks.py::3017,0.284141
pandas/core/internals/blocks.py::3018,0.284141
pandas/core/internals/blocks.py::3020,0.284141
pandas/core/internals/blocks.py::3023,0.284141
pandas/core/internals/blocks.py::3025,0.284141
pandas/core/internals/blocks.py::3026,0.284141
pandas/core/internals/blocks.py::3027,0.284141
pandas/core/internals/blocks.py::3028,0.284141
pandas/core/internals/blocks.py::3030,0.284141
pandas/core/internals/blocks.py::3032,0.284141
pandas/core/internals/blocks.py::3034,0.284141
pandas/core/internals/blocks.py::3035,0.284141
pandas/core/internals/blocks.py::3036,0.284141
pandas/core/internals/blocks.py::3039,0.284141
pandas/core/internals/blocks.py::3041,0.284141
pandas/core/internals/blocks.py::3042,0.284141
pandas/core/internals/blocks.py::3043,0.284141
pandas/core/internals/blocks.py::3044,0.284141
pandas/core/internals/blocks.py::3046,0.284141
pandas/core/internals/blocks.py::3047,0.284141
pandas/core/internals/blocks.py::3053,0.284141
pandas/core/internals/blocks.py::3058,0.284141
pandas/core/internals/blocks.py::3061,0.284141
pandas/core/internals/blocks.py::3067,0.284141
pandas/core/internals/blocks.py::3068,0.284141
pandas/core/internals/blocks.py::3069,0.284141
pandas/core/internals/blocks.py::3071,0.284141
pandas/core/internals/blocks.py::3076,0.284141
pandas/core/internals/blocks.py::3084,0.284141
pandas/core/internals/blocks.py::3086,0.284141
pandas/core/internals/blocks.py::3088,0.284141
pandas/core/internals/blocks.py::3094,0.284141
pandas/core/internals/blocks.py::3097,0.284141
pandas/core/internals/blocks.py::3098,0.284141
pandas/core/internals/blocks.py::330,0.284141
pandas/core/internals/blocks.py::334,0.284141
pandas/core/internals/blocks.py::338,0.284141
pandas/core/internals/blocks.py::341,0.284141
pandas/core/internals/blocks.py::342,0.284141
pandas/core/internals/blocks.py::359,0.284141
pandas/core/internals/blocks.py::375,0.284141
pandas/core/internals/blocks.py::376,0.284141
pandas/core/internals/blocks.py::709,0.284141
pandas/core/internals/blocks.py::710,0.284141
pandas/core/internals/blocks.py::711,0.284141
pandas/core/internals/blocks.py::712,0.284141
pandas/core/internals/construction.py::210,0.284141
pandas/core/internals/construction.py::211,0.284141
pandas/core/internals/construction.py::213,0.284141
pandas/core/internals/construction.py::214,0.284141
pandas/core/internals/construction.py::216,0.284141
pandas/core/internals/construction.py::217,0.284141
pandas/core/internals/construction.py::222,0.284141
pandas/core/internals/construction.py::225,0.284141
pandas/core/internals/construction.py::246,0.284141
pandas/core/internals/construction.py::290,0.284141
pandas/core/internals/construction.py::291,0.284141
pandas/core/internals/construction.py::293,0.284141
pandas/core/internals/construction.py::294,0.284141
pandas/core/internals/construction.py::302,0.284141
pandas/core/internals/construction.py::311,0.284141
pandas/core/internals/construction.py::312,0.284141
pandas/core/internals/construction.py::315,0.284141
pandas/core/internals/construction.py::317,0.284141
pandas/core/internals/construction.py::65,0.284141
pandas/core/internals/construction.py::68,0.284141
pandas/core/internals/construction.py::71,0.284141
pandas/core/internals/construction.py::74,0.284141
pandas/core/internals/construction.py::76,0.284141
pandas/core/internals/managers.py::1039,0.284141
pandas/core/internals/managers.py::1040,0.284141
pandas/core/internals/managers.py::1044,0.284141
pandas/core/internals/managers.py::1050,0.284141
pandas/core/internals/managers.py::1058,0.284141
pandas/core/internals/managers.py::1059,0.284141
pandas/core/internals/managers.py::1061,0.284141
pandas/core/internals/managers.py::1066,0.284141
pandas/core/internals/managers.py::1067,0.284141
pandas/core/internals/managers.py::1073,0.284141
pandas/core/internals/managers.py::1074,0.284141
pandas/core/internals/managers.py::1076,0.284141
pandas/core/internals/managers.py::1077,0.284141
pandas/core/internals/managers.py::1079,0.284141
pandas/core/internals/managers.py::1080,0.284141
pandas/core/internals/managers.py::1081,0.284141
pandas/core/internals/managers.py::1082,0.284141
pandas/core/internals/managers.py::1083,0.284141
pandas/core/internals/managers.py::1085,0.284141
pandas/core/internals/managers.py::1086,0.284141
pandas/core/internals/managers.py::1087,0.284141
pandas/core/internals/managers.py::1090,0.284141
pandas/core/internals/managers.py::1091,0.284141
pandas/core/internals/managers.py::1094,0.284141
pandas/core/internals/managers.py::1097,0.284141
pandas/core/internals/managers.py::1098,0.284141
pandas/core/internals/managers.py::1099,0.284141
pandas/core/internals/managers.py::1101,0.284141
pandas/core/internals/managers.py::1116,0.284141
pandas/core/internals/managers.py::1117,0.284141
pandas/core/internals/managers.py::1118,0.284141
pandas/core/internals/managers.py::1120,0.284141
pandas/core/internals/managers.py::1121,0.284141
pandas/core/internals/managers.py::1138,0.284141
pandas/core/internals/managers.py::1140,0.284141
pandas/core/internals/managers.py::1141,0.284141
pandas/core/internals/managers.py::1142,0.284141
pandas/core/internals/managers.py::1143,0.284141
pandas/core/internals/managers.py::1144,0.284141
pandas/core/internals/managers.py::1148,0.284141
pandas/core/internals/managers.py::1149,0.284141
pandas/core/internals/managers.py::1151,0.284141
pandas/core/internals/managers.py::1154,0.284141
pandas/core/internals/managers.py::1236,0.284141
pandas/core/internals/managers.py::1245,0.284141
pandas/core/internals/managers.py::1248,0.284141
pandas/core/internals/managers.py::1251,0.284141
pandas/core/internals/managers.py::1254,0.284141
pandas/core/internals/managers.py::1258,0.284141
pandas/core/internals/managers.py::1265,0.284141
pandas/core/internals/managers.py::1268,0.284141
pandas/core/internals/managers.py::1269,0.284141
pandas/core/internals/managers.py::1270,0.284141
pandas/core/internals/managers.py::132,0.284141
pandas/core/internals/managers.py::133,0.284141
pandas/core/internals/managers.py::135,0.284141
pandas/core/internals/managers.py::136,0.284141
pandas/core/internals/managers.py::1378,0.284141
pandas/core/internals/managers.py::1381,0.284141
pandas/core/internals/managers.py::1382,0.284141
pandas/core/internals/managers.py::1385,0.284141
pandas/core/internals/managers.py::1386,0.284141
pandas/core/internals/managers.py::1387,0.284141
pandas/core/internals/managers.py::1389,0.284141
pandas/core/internals/managers.py::1390,0.284141
pandas/core/internals/managers.py::1393,0.284141
pandas/core/internals/managers.py::1394,0.284141
pandas/core/internals/managers.py::1395,0.284141
pandas/core/internals/managers.py::142,0.284141
pandas/core/internals/managers.py::143,0.284141
pandas/core/internals/managers.py::145,0.284141
pandas/core/internals/managers.py::147,0.284141
pandas/core/internals/managers.py::1475,0.284141
pandas/core/internals/managers.py::1483,0.284141
pandas/core/internals/managers.py::1484,0.284141
pandas/core/internals/managers.py::1485,0.284141
pandas/core/internals/managers.py::1496,0.284141
pandas/core/internals/managers.py::1499,0.284141
pandas/core/internals/managers.py::1502,0.284141
pandas/core/internals/managers.py::1507,0.284141
pandas/core/internals/managers.py::1511,0.284141
pandas/core/internals/managers.py::1513,0.284141
pandas/core/internals/managers.py::1514,0.284141
pandas/core/internals/managers.py::1516,0.284141
pandas/core/internals/managers.py::1523,0.284141
pandas/core/internals/managers.py::1557,0.284141
pandas/core/internals/managers.py::1580,0.284141
pandas/core/internals/managers.py::1583,0.284141
pandas/core/internals/managers.py::1587,0.284141
pandas/core/internals/managers.py::1594,0.284141
pandas/core/internals/managers.py::1686,0.284141
pandas/core/internals/managers.py::1687,0.284141
pandas/core/internals/managers.py::1688,0.284141
pandas/core/internals/managers.py::1689,0.284141
pandas/core/internals/managers.py::169,0.284141
pandas/core/internals/managers.py::1690,0.284141
pandas/core/internals/managers.py::1722,0.284141
pandas/core/internals/managers.py::1723,0.284141
pandas/core/internals/managers.py::1725,0.284141
pandas/core/internals/managers.py::1726,0.284141
pandas/core/internals/managers.py::1727,0.284141
pandas/core/internals/managers.py::173,0.284141
pandas/core/internals/managers.py::1732,0.284141
pandas/core/internals/managers.py::1733,0.284141
pandas/core/internals/managers.py::1737,0.284141
pandas/core/internals/managers.py::1738,0.284141
pandas/core/internals/managers.py::1740,0.284141
pandas/core/internals/managers.py::1741,0.284141
pandas/core/internals/managers.py::1743,0.284141
pandas/core/internals/managers.py::1744,0.284141
pandas/core/internals/managers.py::1745,0.284141
pandas/core/internals/managers.py::1746,0.284141
pandas/core/internals/managers.py::1748,0.284141
pandas/core/internals/managers.py::1752,0.284141
pandas/core/internals/managers.py::1756,0.284141
pandas/core/internals/managers.py::1757,0.284141
pandas/core/internals/managers.py::1758,0.284141
pandas/core/internals/managers.py::176,0.284141
pandas/core/internals/managers.py::1760,0.284141
pandas/core/internals/managers.py::1764,0.284141
pandas/core/internals/managers.py::177,0.284141
pandas/core/internals/managers.py::1771,0.284141
pandas/core/internals/managers.py::1775,0.284141
pandas/core/internals/managers.py::1776,0.284141
pandas/core/internals/managers.py::1777,0.284141
pandas/core/internals/managers.py::1779,0.284141
pandas/core/internals/managers.py::178,0.284141
pandas/core/internals/managers.py::1786,0.284141
pandas/core/internals/managers.py::1795,0.284141
pandas/core/internals/managers.py::180,0.284141
pandas/core/internals/managers.py::1803,0.284141
pandas/core/internals/managers.py::1813,0.284141
pandas/core/internals/managers.py::1820,0.284141
pandas/core/internals/managers.py::1823,0.284141
pandas/core/internals/managers.py::1826,0.284141
pandas/core/internals/managers.py::1827,0.284141
pandas/core/internals/managers.py::1834,0.284141
pandas/core/internals/managers.py::1836,0.284141
pandas/core/internals/managers.py::1837,0.284141
pandas/core/internals/managers.py::1839,0.284141
pandas/core/internals/managers.py::1841,0.284141
pandas/core/internals/managers.py::1842,0.284141
pandas/core/internals/managers.py::1844,0.284141
pandas/core/internals/managers.py::1850,0.284141
pandas/core/internals/managers.py::1851,0.284141
pandas/core/internals/managers.py::1854,0.284141
pandas/core/internals/managers.py::1856,0.284141
pandas/core/internals/managers.py::1857,0.284141
pandas/core/internals/managers.py::186,0.284141
pandas/core/internals/managers.py::1860,0.284141
pandas/core/internals/managers.py::1862,0.284141
pandas/core/internals/managers.py::1864,0.284141
pandas/core/internals/managers.py::1865,0.284141
pandas/core/internals/managers.py::1867,0.284141
pandas/core/internals/managers.py::1868,0.284141
pandas/core/internals/managers.py::1869,0.284141
pandas/core/internals/managers.py::1871,0.284141
pandas/core/internals/managers.py::220,0.284141
pandas/core/internals/managers.py::221,0.284141
pandas/core/internals/managers.py::222,0.284141
pandas/core/internals/managers.py::223,0.284141
pandas/core/internals/managers.py::225,0.284141
pandas/core/internals/managers.py::226,0.284141
pandas/core/internals/managers.py::227,0.284141
pandas/core/internals/managers.py::228,0.284141
pandas/core/internals/managers.py::230,0.284141
pandas/core/internals/managers.py::233,0.284141
pandas/core/internals/managers.py::234,0.284141
pandas/core/internals/managers.py::238,0.284141
pandas/core/internals/managers.py::326,0.284141
pandas/core/internals/managers.py::341,0.284141
pandas/core/internals/managers.py::342,0.284141
pandas/core/internals/managers.py::343,0.284141
pandas/core/internals/managers.py::344,0.284141
pandas/core/internals/managers.py::346,0.284141
pandas/core/internals/managers.py::382,0.284141
pandas/core/internals/managers.py::385,0.284141
pandas/core/internals/managers.py::393,0.284141
pandas/core/internals/managers.py::394,0.284141
pandas/core/internals/managers.py::396,0.284141
pandas/core/internals/managers.py::402,0.284141
pandas/core/internals/managers.py::408,0.284141
pandas/core/internals/managers.py::414,0.284141
pandas/core/internals/managers.py::418,0.284141
pandas/core/internals/managers.py::420,0.284141
pandas/core/internals/managers.py::425,0.284141
pandas/core/internals/managers.py::426,0.284141
pandas/core/internals/managers.py::431,0.284141
pandas/core/internals/managers.py::438,0.284141
pandas/core/internals/managers.py::439,0.284141
pandas/core/internals/managers.py::441,0.284141
pandas/core/internals/managers.py::443,0.284141
pandas/core/internals/managers.py::444,0.284141
pandas/core/internals/managers.py::446,0.284141
pandas/core/internals/managers.py::447,0.284141
pandas/core/internals/managers.py::650,0.284141
pandas/core/internals/managers.py::652,0.284141
pandas/core/internals/managers.py::655,0.284141
pandas/core/internals/managers.py::656,0.284141
pandas/core/internals/managers.py::657,0.284141
pandas/core/internals/managers.py::763,0.284141
pandas/core/internals/managers.py::780,0.284141
pandas/core/internals/managers.py::781,0.284141
pandas/core/internals/managers.py::784,0.284141
pandas/core/internals/managers.py::785,0.284141
pandas/core/internals/managers.py::788,0.284141
pandas/core/internals/managers.py::927,0.284141
pandas/core/internals/managers.py::928,0.284141
pandas/core/internals/managers.py::936,0.284141
pandas/core/internals/managers.py::946,0.284141
pandas/core/internals/managers.py::948,0.284141
pandas/core/internals/managers.py::949,0.284141
pandas/core/internals/managers.py::960,0.284141
pandas/core/internals/managers.py::977,0.284141
pandas/core/internals/managers.py::978,0.284141
pandas/core/internals/managers.py::981,0.284141
pandas/core/internals/managers.py::983,0.284141
pandas/core/internals/managers.py::984,0.284141
pandas/core/internals/managers.py::987,0.284141
pandas/core/missing.py::580,0.284141
pandas/core/missing.py::77,0.284141
pandas/core/missing.py::78,0.284141
pandas/core/nanops.py::167,0.284141
pandas/core/nanops.py::168,0.284141
pandas/core/nanops.py::220,0.284141
pandas/core/nanops.py::221,0.284141
pandas/core/nanops.py::223,0.284141
pandas/core/nanops.py::273,0.284141
pandas/core/nanops.py::275,0.284141
pandas/core/nanops.py::281,0.284141
pandas/core/nanops.py::282,0.284141
pandas/core/nanops.py::284,0.284141
pandas/core/nanops.py::290,0.284141
pandas/core/nanops.py::294,0.284141
pandas/core/nanops.py::295,0.284141
pandas/core/nanops.py::298,0.284141
pandas/core/nanops.py::300,0.284141
pandas/core/nanops.py::310,0.284141
pandas/core/nanops.py::311,0.284141
pandas/core/nanops.py::312,0.284141
pandas/core/nanops.py::316,0.284141
pandas/core/nanops.py::334,0.284141
pandas/core/nanops.py::425,0.284141
pandas/core/nanops.py::426,0.284141
pandas/core/ops/__init__.py::107,0.284141
pandas/core/ops/__init__.py::108,0.284141
pandas/core/ops/__init__.py::109,0.284141
pandas/core/ops/__init__.py::110,0.284141
pandas/core/ops/__init__.py::111,0.284141
pandas/core/ops/__init__.py::80,0.284141
pandas/core/ops/__init__.py::81,0.284141
pandas/core/ops/__init__.py::84,0.284141
pandas/core/reshape/merge.py::1154,0.284141
pandas/core/reshape/merge.py::1208,0.284141
pandas/core/reshape/merge.py::1414,0.284141
pandas/core/reshape/merge.py::1415,0.284141
pandas/core/reshape/merge.py::1416,0.284141
pandas/core/reshape/merge.py::1417,0.284141
pandas/core/reshape/merge.py::1418,0.284141
pandas/core/reshape/merge.py::1419,0.284141
pandas/core/reshape/merge.py::1420,0.284141
pandas/core/reshape/merge.py::1421,0.284141
pandas/core/reshape/merge.py::1422,0.284141
pandas/core/reshape/merge.py::1423,0.284141
pandas/core/reshape/merge.py::1424,0.284141
pandas/core/reshape/merge.py::1425,0.284141
pandas/core/reshape/merge.py::1426,0.284141
pandas/core/reshape/merge.py::1427,0.284141
pandas/core/reshape/merge.py::1518,0.284141
pandas/core/reshape/merge.py::1519,0.284141
pandas/core/reshape/merge.py::1520,0.284141
pandas/core/reshape/merge.py::1521,0.284141
pandas/core/reshape/merge.py::1522,0.284141
pandas/core/reshape/merge.py::1523,0.284141
pandas/core/reshape/merge.py::1525,0.284141
pandas/core/reshape/merge.py::1526,0.284141
pandas/core/reshape/merge.py::1527,0.284141
pandas/core/reshape/merge.py::1528,0.284141
pandas/core/reshape/merge.py::1529,0.284141
pandas/core/reshape/merge.py::1530,0.284141
pandas/core/reshape/merge.py::1531,0.284141
pandas/core/reshape/merge.py::1532,0.284141
pandas/core/reshape/merge.py::1533,0.284141
pandas/core/reshape/merge.py::1534,0.284141
pandas/core/reshape/merge.py::1535,0.284141
pandas/core/reshape/merge.py::1536,0.284141
pandas/core/reshape/merge.py::1537,0.284141
pandas/core/reshape/merge.py::1541,0.284141
pandas/core/reshape/merge.py::1544,0.284141
pandas/core/reshape/merge.py::1547,0.284141
pandas/core/reshape/merge.py::1550,0.284141
pandas/core/reshape/merge.py::1553,0.284141
pandas/core/reshape/merge.py::1966,0.284141
pandas/core/reshape/merge.py::1967,0.284141
pandas/core/reshape/merge.py::509,0.284141
pandas/core/reshape/merge.py::510,0.284141
pandas/core/reshape/merge.py::511,0.284141
pandas/core/reshape/merge.py::512,0.284141
pandas/core/reshape/merge.py::513,0.284141
pandas/core/reshape/merge.py::514,0.284141
pandas/core/reshape/merge.py::515,0.284141
pandas/core/reshape/merge.py::516,0.284141
pandas/core/reshape/merge.py::517,0.284141
pandas/core/reshape/merge.py::518,0.284141
pandas/core/reshape/merge.py::519,0.284141
pandas/core/reshape/merge.py::520,0.284141
pandas/core/reshape/merge.py::521,0.284141
pandas/core/reshape/merge.py::522,0.284141
pandas/core/reshape/merge.py::523,0.284141
pandas/core/reshape/merge.py::524,0.284141
pandas/core/reshape/merge.py::556,0.284141
pandas/core/reshape/merge.py::557,0.284141
pandas/core/reshape/merge.py::558,0.284141
pandas/core/reshape/merge.py::559,0.284141
pandas/core/reshape/merge.py::560,0.284141
pandas/core/reshape/merge.py::561,0.284141
pandas/core/reshape/merge.py::563,0.284141
pandas/core/reshape/merge.py::564,0.284141
pandas/core/reshape/merge.py::565,0.284141
pandas/core/reshape/merge.py::567,0.284141
pandas/core/reshape/merge.py::568,0.284141
pandas/core/reshape/merge.py::569,0.284141
pandas/core/reshape/merge.py::571,0.284141
pandas/core/reshape/merge.py::572,0.284141
pandas/core/reshape/merge.py::574,0.284141
pandas/core/reshape/merge.py::576,0.284141
pandas/core/reshape/merge.py::578,0.284141
pandas/core/reshape/merge.py::579,0.284141
pandas/core/reshape/merge.py::585,0.284141
pandas/core/reshape/merge.py::590,0.284141
pandas/core/reshape/merge.py::597,0.284141
pandas/core/reshape/merge.py::604,0.284141
pandas/core/series.py::199,0.284141
pandas/core/series.py::202,0.284141
pandas/core/series.py::204,0.284141
pandas/core/series.py::206,0.284141
pandas/core/series.py::211,0.284141
pandas/core/series.py::212,0.284141
pandas/core/series.py::214,0.284141
pandas/core/series.py::215,0.284141
pandas/core/series.py::216,0.284141
pandas/core/series.py::220,0.284141
pandas/core/series.py::226,0.284141
pandas/core/series.py::228,0.284141
pandas/core/series.py::232,0.284141
pandas/core/series.py::233,0.284141
pandas/core/series.py::236,0.284141
pandas/core/series.py::241,0.284141
pandas/core/series.py::242,0.284141
pandas/core/series.py::246,0.284141
pandas/core/series.py::248,0.284141
pandas/core/series.py::249,0.284141
pandas/core/series.py::250,0.284141
pandas/core/series.py::258,0.284141
pandas/core/series.py::259,0.284141
pandas/core/series.py::260,0.284141
pandas/core/series.py::261,0.284141
pandas/core/series.py::262,0.284141
pandas/core/series.py::275,0.284141
pandas/core/series.py::277,0.284141
pandas/core/series.py::281,0.284141
pandas/core/series.py::285,0.284141
pandas/core/series.py::287,0.284141
pandas/core/series.py::291,0.284141
pandas/core/series.py::295,0.284141
pandas/core/series.py::296,0.284141
pandas/core/series.py::305,0.284141
pandas/core/series.py::306,0.284141
pandas/core/series.py::308,0.284141
pandas/core/series.py::311,0.284141
pandas/core/series.py::313,0.284141
pandas/core/series.py::315,0.284141
pandas/core/series.py::317,0.284141
pandas/core/series.py::318,0.284141
pandas/core/series.py::341,0.284141
pandas/core/series.py::342,0.284141
pandas/core/series.py::343,0.284141
pandas/core/series.py::344,0.284141
pandas/core/series.py::350,0.284141
pandas/core/series.py::353,0.284141
pandas/core/series.py::356,0.284141
pandas/core/series.py::357,0.284141
pandas/core/series.py::358,0.284141
pandas/core/series.py::365,0.284141
pandas/core/series.py::397,0.284141
pandas/core/series.py::3977,0.284141
pandas/core/series.py::3979,0.284141
pandas/core/series.py::3980,0.284141
pandas/core/series.py::3982,0.284141
pandas/core/series.py::3986,0.284141
pandas/core/series.py::3989,0.284141
pandas/core/series.py::3992,0.284141
pandas/core/series.py::3998,0.284141
pandas/core/series.py::3999,0.284141
pandas/core/series.py::4003,0.284141
pandas/core/series.py::4004,0.284141
pandas/core/series.py::4135,0.284141
pandas/core/series.py::417,0.284141
pandas/core/series.py::420,0.284141
pandas/core/series.py::421,0.284141
pandas/core/series.py::433,0.284141
pandas/core/series.py::435,0.284141
pandas/core/series.py::436,0.284141
pandas/core/series.py::440,0.284141
pandas/core/series.py::443,0.284141
pandas/core/series.py::454,0.284141
pandas/core/series.py::4576,0.284141
pandas/core/series.py::458,0.284141
pandas/core/series.py::460,0.284141
pandas/core/series.py::468,0.284141
pandas/core/series.py::553,0.284141
pandas/core/series.py::560,0.284141
pandas/core/series.py::583,0.284141
pandas/core/series.py::713,0.284141
pandas/core/series.py::921,0.284141
pandas/core/series.py::935,0.284141
pandas/core/sorting.py::104,0.284141
pandas/core/sorting.py::436,0.284141
pandas/core/sorting.py::441,0.284141
pandas/core/sorting.py::446,0.284141
pandas/core/sorting.py::453,0.284141
pandas/core/sorting.py::455,0.284141
pandas/core/sorting.py::456,0.284141
pandas/core/sorting.py::461,0.284141
pandas/core/sorting.py::462,0.284141
pandas/core/sorting.py::463,0.284141
pandas/core/sorting.py::470,0.284141
pandas/core/sorting.py::471,0.284141
pandas/core/sorting.py::51,0.284141
pandas/core/sorting.py::52,0.284141
pandas/core/sorting.py::53,0.284141
pandas/core/sorting.py::54,0.284141
pandas/core/sorting.py::55,0.284141
pandas/core/sorting.py::57,0.284141
pandas/core/sorting.py::59,0.284141
pandas/core/sorting.py::62,0.284141
pandas/core/sorting.py::64,0.284141
pandas/core/sorting.py::65,0.284141
pandas/core/sorting.py::66,0.284141
pandas/core/sorting.py::68,0.284141
pandas/core/sorting.py::69,0.284141
pandas/core/sorting.py::73,0.284141
pandas/core/sorting.py::75,0.284141
pandas/core/sorting.py::78,0.284141
pandas/core/sorting.py::79,0.284141
pandas/core/sorting.py::81,0.284141
pandas/core/sorting.py::82,0.284141
pandas/core/sorting.py::85,0.284141
pandas/core/sorting.py::86,0.284141
pandas/core/sorting.py::88,0.284141
pandas/core/sorting.py::94,0.284141
pandas/core/sorting.py::95,0.284141
pandas/core/tools/datetimes.py::100,0.284141
pandas/core/tools/datetimes.py::103,0.284141
pandas/core/tools/datetimes.py::105,0.284141
pandas/core/tools/datetimes.py::106,0.284141
pandas/core/tools/datetimes.py::146,0.284141
pandas/core/tools/datetimes.py::148,0.284141
pandas/core/tools/datetimes.py::149,0.284141
pandas/core/tools/datetimes.py::151,0.284141
pandas/core/tools/datetimes.py::152,0.284141
pandas/core/tools/datetimes.py::183,0.284141
pandas/core/tools/datetimes.py::185,0.284141
pandas/core/tools/datetimes.py::186,0.284141
pandas/core/tools/datetimes.py::187,0.284141
pandas/core/tools/datetimes.py::313,0.284141
pandas/core/tools/datetimes.py::314,0.284141
pandas/core/tools/datetimes.py::315,0.284141
pandas/core/tools/datetimes.py::320,0.284141
pandas/core/tools/datetimes.py::324,0.284141
pandas/core/tools/datetimes.py::331,0.284141
pandas/core/tools/datetimes.py::343,0.284141
pandas/core/tools/datetimes.py::369,0.284141
pandas/core/tools/datetimes.py::376,0.284141
pandas/core/tools/datetimes.py::377,0.284141
pandas/core/tools/datetimes.py::379,0.284141
pandas/core/tools/datetimes.py::380,0.284141
pandas/core/tools/datetimes.py::382,0.284141
pandas/core/tools/datetimes.py::385,0.284141
pandas/core/tools/datetimes.py::395,0.284141
pandas/core/tools/datetimes.py::396,0.284141
pandas/core/tools/datetimes.py::398,0.284141
pandas/core/tools/datetimes.py::451,0.284141
pandas/core/tools/datetimes.py::452,0.284141
pandas/core/tools/datetimes.py::453,0.284141
pandas/core/tools/datetimes.py::454,0.284141
pandas/core/tools/datetimes.py::455,0.284141
pandas/core/tools/datetimes.py::456,0.284141
pandas/core/tools/datetimes.py::457,0.284141
pandas/core/tools/datetimes.py::458,0.284141
pandas/core/tools/datetimes.py::459,0.284141
pandas/core/tools/datetimes.py::460,0.284141
pandas/core/tools/datetimes.py::461,0.284141
pandas/core/tools/datetimes.py::464,0.284141
pandas/core/tools/datetimes.py::475,0.284141
pandas/core/tools/datetimes.py::476,0.284141
pandas/core/tools/datetimes.py::477,0.284141
pandas/core/tools/datetimes.py::743,0.284141
pandas/core/tools/datetimes.py::746,0.284141
pandas/core/tools/datetimes.py::749,0.284141
pandas/core/tools/datetimes.py::750,0.284141
pandas/core/tools/datetimes.py::751,0.284141
pandas/core/tools/datetimes.py::752,0.284141
pandas/core/tools/datetimes.py::753,0.284141
pandas/core/tools/datetimes.py::754,0.284141
pandas/core/tools/datetimes.py::755,0.284141
pandas/core/tools/datetimes.py::756,0.284141
pandas/core/tools/datetimes.py::757,0.284141
pandas/core/tools/datetimes.py::758,0.284141
pandas/core/tools/datetimes.py::761,0.284141
pandas/core/tools/datetimes.py::768,0.284141
pandas/core/tools/datetimes.py::769,0.284141
pandas/core/tools/datetimes.py::770,0.284141
pandas/core/tools/datetimes.py::773,0.284141
pandas/core/tools/datetimes.py::774,0.284141
pandas/core/tools/datetimes.py::793,0.284141
pandas/io/common.py::105,0.284141
pandas/io/common.py::107,0.284141
pandas/io/common.py::125,0.284141
pandas/io/common.py::126,0.284141
pandas/io/common.py::131,0.284141
pandas/io/common.py::164,0.284141
pandas/io/common.py::167,0.284141
pandas/io/common.py::169,0.284141
pandas/io/common.py::174,0.284141
pandas/io/common.py::176,0.284141
pandas/io/common.py::181,0.284141
pandas/io/common.py::183,0.284141
pandas/io/common.py::221,0.284141
pandas/io/common.py::223,0.284141
pandas/io/common.py::233,0.284141
pandas/io/common.py::240,0.284141
pandas/io/common.py::247,0.284141
pandas/io/common.py::248,0.284141
pandas/io/common.py::340,0.284141
pandas/io/common.py::344,0.284141
pandas/io/common.py::346,0.284141
pandas/io/common.py::347,0.284141
pandas/io/common.py::352,0.284141
pandas/io/common.py::353,0.284141
pandas/io/common.py::355,0.284141
pandas/io/parsers.py::1002,0.284141
pandas/io/parsers.py::1003,0.284141
pandas/io/parsers.py::1005,0.284141
pandas/io/parsers.py::1006,0.284141
pandas/io/parsers.py::1017,0.284141
pandas/io/parsers.py::1020,0.284141
pandas/io/parsers.py::1021,0.284141
pandas/io/parsers.py::1022,0.284141
pandas/io/parsers.py::1024,0.284141
pandas/io/parsers.py::1036,0.284141
pandas/io/parsers.py::1047,0.284141
pandas/io/parsers.py::1048,0.284141
pandas/io/parsers.py::1049,0.284141
pandas/io/parsers.py::1050,0.284141
pandas/io/parsers.py::1051,0.284141
pandas/io/parsers.py::1053,0.284141
pandas/io/parsers.py::1055,0.284141
pandas/io/parsers.py::1057,0.284141
pandas/io/parsers.py::1071,0.284141
pandas/io/parsers.py::1074,0.284141
pandas/io/parsers.py::1076,0.284141
pandas/io/parsers.py::1079,0.284141
pandas/io/parsers.py::1081,0.284141
pandas/io/parsers.py::1084,0.284141
pandas/io/parsers.py::1092,0.284141
pandas/io/parsers.py::1095,0.284141
pandas/io/parsers.py::1096,0.284141
pandas/io/parsers.py::1100,0.284141
pandas/io/parsers.py::1109,0.284141
pandas/io/parsers.py::1110,0.284141
pandas/io/parsers.py::1111,0.284141
pandas/io/parsers.py::1112,0.284141
pandas/io/parsers.py::1113,0.284141
pandas/io/parsers.py::1115,0.284141
pandas/io/parsers.py::1125,0.284141
pandas/io/parsers.py::1126,0.284141
pandas/io/parsers.py::1144,0.284141
pandas/io/parsers.py::1145,0.284141
pandas/io/parsers.py::1148,0.284141
pandas/io/parsers.py::1150,0.284141
pandas/io/parsers.py::1151,0.284141
pandas/io/parsers.py::1153,0.284141
pandas/io/parsers.py::1154,0.284141
pandas/io/parsers.py::1160,0.284141
pandas/io/parsers.py::1162,0.284141
pandas/io/parsers.py::1164,0.284141
pandas/io/parsers.py::1166,0.284141
pandas/io/parsers.py::1169,0.284141
pandas/io/parsers.py::1170,0.284141
pandas/io/parsers.py::1183,0.284141
pandas/io/parsers.py::1201,0.284141
pandas/io/parsers.py::1202,0.284141
pandas/io/parsers.py::1203,0.284141
pandas/io/parsers.py::1309,0.284141
pandas/io/parsers.py::1312,0.284141
pandas/io/parsers.py::1330,0.284141
pandas/io/parsers.py::1340,0.284141
pandas/io/parsers.py::1345,0.284141
pandas/io/parsers.py::1346,0.284141
pandas/io/parsers.py::1347,0.284141
pandas/io/parsers.py::1353,0.284141
pandas/io/parsers.py::1358,0.284141
pandas/io/parsers.py::1359,0.284141
pandas/io/parsers.py::1360,0.284141
pandas/io/parsers.py::1362,0.284141
pandas/io/parsers.py::1363,0.284141
pandas/io/parsers.py::1364,0.284141
pandas/io/parsers.py::1365,0.284141
pandas/io/parsers.py::1367,0.284141
pandas/io/parsers.py::1368,0.284141
pandas/io/parsers.py::1369,0.284141
pandas/io/parsers.py::1370,0.284141
pandas/io/parsers.py::1372,0.284141
pandas/io/parsers.py::1373,0.284141
pandas/io/parsers.py::1374,0.284141
pandas/io/parsers.py::1375,0.284141
pandas/io/parsers.py::1377,0.284141
pandas/io/parsers.py::1378,0.284141
pandas/io/parsers.py::1379,0.284141
pandas/io/parsers.py::1380,0.284141
pandas/io/parsers.py::1381,0.284141
pandas/io/parsers.py::1383,0.284141
pandas/io/parsers.py::1384,0.284141
pandas/io/parsers.py::1385,0.284141
pandas/io/parsers.py::1386,0.284141
pandas/io/parsers.py::1387,0.284141
pandas/io/parsers.py::1391,0.284141
pandas/io/parsers.py::1392,0.284141
pandas/io/parsers.py::1422,0.284141
pandas/io/parsers.py::1426,0.284141
pandas/io/parsers.py::1432,0.284141
pandas/io/parsers.py::1434,0.284141
pandas/io/parsers.py::1438,0.284141
pandas/io/parsers.py::1446,0.284141
pandas/io/parsers.py::1447,0.284141
pandas/io/parsers.py::1535,0.284141
pandas/io/parsers.py::1536,0.284141
pandas/io/parsers.py::1537,0.284141
pandas/io/parsers.py::1538,0.284141
pandas/io/parsers.py::1540,0.284141
pandas/io/parsers.py::1541,0.284141
pandas/io/parsers.py::1543,0.284141
pandas/io/parsers.py::1554,0.284141
pandas/io/parsers.py::1555,0.284141
pandas/io/parsers.py::1557,0.284141
pandas/io/parsers.py::1561,0.284141
pandas/io/parsers.py::1563,0.284141
pandas/io/parsers.py::1566,0.284141
pandas/io/parsers.py::1567,0.284141
pandas/io/parsers.py::1582,0.284141
pandas/io/parsers.py::1587,0.284141
pandas/io/parsers.py::1589,0.284141
pandas/io/parsers.py::1871,0.284141
pandas/io/parsers.py::1872,0.284141
pandas/io/parsers.py::1873,0.284141
pandas/io/parsers.py::1874,0.284141
pandas/io/parsers.py::1875,0.284141
pandas/io/parsers.py::1876,0.284141
pandas/io/parsers.py::1877,0.284141
pandas/io/parsers.py::1878,0.284141
pandas/io/parsers.py::1879,0.284141
pandas/io/parsers.py::1882,0.284141
pandas/io/parsers.py::1891,0.284141
pandas/io/parsers.py::1892,0.284141
pandas/io/parsers.py::1894,0.284141
pandas/io/parsers.py::1896,0.284141
pandas/io/parsers.py::1905,0.284141
pandas/io/parsers.py::1908,0.284141
pandas/io/parsers.py::1909,0.284141
pandas/io/parsers.py::1911,0.284141
pandas/io/parsers.py::1912,0.284141
pandas/io/parsers.py::1914,0.284141
pandas/io/parsers.py::1916,0.284141
pandas/io/parsers.py::1919,0.284141
pandas/io/parsers.py::1925,0.284141
pandas/io/parsers.py::1927,0.284141
pandas/io/parsers.py::1944,0.284141
pandas/io/parsers.py::1946,0.284141
pandas/io/parsers.py::1965,0.284141
pandas/io/parsers.py::1967,0.284141
pandas/io/parsers.py::1969,0.284141
pandas/io/parsers.py::1970,0.284141
pandas/io/parsers.py::1980,0.284141
pandas/io/parsers.py::1983,0.284141
pandas/io/parsers.py::1986,0.284141
pandas/io/parsers.py::1990,0.284141
pandas/io/parsers.py::1991,0.284141
pandas/io/parsers.py::2002,0.284141
pandas/io/parsers.py::2003,0.284141
pandas/io/parsers.py::2008,0.284141
pandas/io/parsers.py::2014,0.284141
pandas/io/parsers.py::2016,0.284141
pandas/io/parsers.py::2025,0.284141
pandas/io/parsers.py::2033,0.284141
pandas/io/parsers.py::2041,0.284141
pandas/io/parsers.py::2052,0.284141
pandas/io/parsers.py::2053,0.284141
pandas/io/parsers.py::2079,0.284141
pandas/io/parsers.py::2081,0.284141
pandas/io/parsers.py::2083,0.284141
pandas/io/parsers.py::2114,0.284141
pandas/io/parsers.py::2117,0.284141
pandas/io/parsers.py::2118,0.284141
pandas/io/parsers.py::2120,0.284141
pandas/io/parsers.py::2124,0.284141
pandas/io/parsers.py::2126,0.284141
pandas/io/parsers.py::2128,0.284141
pandas/io/parsers.py::2129,0.284141
pandas/io/parsers.py::2132,0.284141
pandas/io/parsers.py::2134,0.284141
pandas/io/parsers.py::3254,0.284141
pandas/io/parsers.py::3293,0.284141
pandas/io/parsers.py::3305,0.284141
pandas/io/parsers.py::3310,0.284141
pandas/io/parsers.py::3311,0.284141
pandas/io/parsers.py::3313,0.284141
pandas/io/parsers.py::3314,0.284141
pandas/io/parsers.py::3316,0.284141
pandas/io/parsers.py::3318,0.284141
pandas/io/parsers.py::3319,0.284141
pandas/io/parsers.py::3390,0.284141
pandas/io/parsers.py::3391,0.284141
pandas/io/parsers.py::3392,0.284141
pandas/io/parsers.py::3395,0.284141
pandas/io/parsers.py::3422,0.284141
pandas/io/parsers.py::381,0.284141
pandas/io/parsers.py::382,0.284141
pandas/io/parsers.py::385,0.284141
pandas/io/parsers.py::393,0.284141
pandas/io/parsers.py::413,0.284141
pandas/io/parsers.py::416,0.284141
pandas/io/parsers.py::421,0.284141
pandas/io/parsers.py::422,0.284141
pandas/io/parsers.py::426,0.284141
pandas/io/parsers.py::427,0.284141
pandas/io/parsers.py::433,0.284141
pandas/io/parsers.py::434,0.284141
pandas/io/parsers.py::436,0.284141
pandas/io/parsers.py::438,0.284141
pandas/io/parsers.py::443,0.284141
pandas/io/parsers.py::444,0.284141
pandas/io/parsers.py::445,0.284141
pandas/io/parsers.py::448,0.284141
pandas/io/parsers.py::451,0.284141
pandas/io/parsers.py::453,0.284141
pandas/io/parsers.py::456,0.284141
pandas/io/parsers.py::457,0.284141
pandas/io/parsers.py::459,0.284141
pandas/io/parsers.py::461,0.284141
pandas/io/parsers.py::467,0.284141
pandas/io/parsers.py::605,0.284141
pandas/io/parsers.py::609,0.284141
pandas/io/parsers.py::612,0.284141
pandas/io/parsers.py::613,0.284141
pandas/io/parsers.py::615,0.284141
pandas/io/parsers.py::622,0.284141
pandas/io/parsers.py::625,0.284141
pandas/io/parsers.py::626,0.284141
pandas/io/parsers.py::628,0.284141
pandas/io/parsers.py::629,0.284141
pandas/io/parsers.py::630,0.284141
pandas/io/parsers.py::631,0.284141
pandas/io/parsers.py::632,0.284141
pandas/io/parsers.py::633,0.284141
pandas/io/parsers.py::634,0.284141
pandas/io/parsers.py::635,0.284141
pandas/io/parsers.py::636,0.284141
pandas/io/parsers.py::637,0.284141
pandas/io/parsers.py::638,0.284141
pandas/io/parsers.py::639,0.284141
pandas/io/parsers.py::640,0.284141
pandas/io/parsers.py::641,0.284141
pandas/io/parsers.py::642,0.284141
pandas/io/parsers.py::643,0.284141
pandas/io/parsers.py::644,0.284141
pandas/io/parsers.py::645,0.284141
pandas/io/parsers.py::646,0.284141
pandas/io/parsers.py::647,0.284141
pandas/io/parsers.py::648,0.284141
pandas/io/parsers.py::649,0.284141
pandas/io/parsers.py::650,0.284141
pandas/io/parsers.py::651,0.284141
pandas/io/parsers.py::652,0.284141
pandas/io/parsers.py::653,0.284141
pandas/io/parsers.py::654,0.284141
pandas/io/parsers.py::655,0.284141
pandas/io/parsers.py::656,0.284141
pandas/io/parsers.py::657,0.284141
pandas/io/parsers.py::658,0.284141
pandas/io/parsers.py::659,0.284141
pandas/io/parsers.py::660,0.284141
pandas/io/parsers.py::661,0.284141
pandas/io/parsers.py::662,0.284141
pandas/io/parsers.py::663,0.284141
pandas/io/parsers.py::664,0.284141
pandas/io/parsers.py::665,0.284141
pandas/io/parsers.py::666,0.284141
pandas/io/parsers.py::667,0.284141
pandas/io/parsers.py::668,0.284141
pandas/io/parsers.py::669,0.284141
pandas/io/parsers.py::670,0.284141
pandas/io/parsers.py::671,0.284141
pandas/io/parsers.py::672,0.284141
pandas/io/parsers.py::673,0.284141
pandas/io/parsers.py::674,0.284141
pandas/io/parsers.py::675,0.284141
pandas/io/parsers.py::676,0.284141
pandas/io/parsers.py::679,0.284141
pandas/io/parsers.py::797,0.284141
pandas/io/parsers.py::799,0.284141
pandas/io/parsers.py::800,0.284141
pandas/io/parsers.py::805,0.284141
pandas/io/parsers.py::807,0.284141
pandas/io/parsers.py::860,0.284141
pandas/io/parsers.py::866,0.284141
pandas/io/parsers.py::867,0.284141
pandas/io/parsers.py::869,0.284141
pandas/io/parsers.py::872,0.284141
pandas/io/parsers.py::873,0.284141
pandas/io/parsers.py::874,0.284141
pandas/io/parsers.py::876,0.284141
pandas/io/parsers.py::878,0.284141
pandas/io/parsers.py::879,0.284141
pandas/io/parsers.py::880,0.284141
pandas/io/parsers.py::883,0.284141
pandas/io/parsers.py::884,0.284141
pandas/io/parsers.py::886,0.284141
pandas/io/parsers.py::889,0.284141
pandas/io/parsers.py::892,0.284141
pandas/io/parsers.py::895,0.284141
pandas/io/parsers.py::897,0.284141
pandas/io/parsers.py::899,0.284141
pandas/io/parsers.py::900,0.284141
pandas/io/parsers.py::903,0.284141
pandas/io/parsers.py::906,0.284141
pandas/io/parsers.py::908,0.284141
pandas/io/parsers.py::909,0.284141
pandas/io/parsers.py::910,0.284141
pandas/io/parsers.py::912,0.284141
pandas/io/parsers.py::924,0.284141
pandas/io/parsers.py::926,0.284141
pandas/io/parsers.py::930,0.284141
pandas/io/parsers.py::934,0.284141
pandas/io/parsers.py::946,0.284141
pandas/io/parsers.py::949,0.284141
pandas/io/parsers.py::951,0.284141
pandas/io/parsers.py::952,0.284141
pandas/io/parsers.py::954,0.284141
pandas/io/parsers.py::955,0.284141
pandas/io/parsers.py::958,0.284141
pandas/io/parsers.py::959,0.284141
pandas/io/parsers.py::963,0.284141
pandas/io/parsers.py::964,0.284141
pandas/io/parsers.py::971,0.284141
pandas/io/parsers.py::984,0.284141
pandas/io/parsers.py::987,0.284141
pandas/io/parsers.py::988,0.284141
pandas/io/parsers.py::989,0.284141
pandas/io/parsers.py::990,0.284141
pandas/io/parsers.py::994,0.284141
pandas/tseries/frequencies.py::114,0.284141
pandas/tseries/frequencies.py::115,0.284141
pandas/util/_decorators.py::180,0.284141
pandas/util/_decorators.py::182,0.284141
pandas/util/_decorators.py::222,0.284141
pandas/util/_validators.py::236,0.284141
pandas/util/_validators.py::241,0.284141
