Entity,Score
lib/matplotlib/axes/_axes.py::6570,0.490552
lib/matplotlib/axes/_axes.py::6571,0.490552
lib/matplotlib/axes/_axes.py::6573,0.490552
lib/matplotlib/axes/_axes.py::6576,0.490552
lib/matplotlib/axes/_axes.py::6580,0.490552
lib/matplotlib/axes/_axes.py::6581,0.490552
lib/matplotlib/axes/_axes.py::6582,0.490552
lib/matplotlib/axes/_axes.py::6583,0.490552
lib/matplotlib/axes/_axes.py::6584,0.490552
lib/matplotlib/axes/_axes.py::6586,0.490552
lib/matplotlib/axes/_axes.py::6590,0.490552
lib/matplotlib/axes/_axes.py::6577,0.344844
lib/matplotlib/pyplot.py::2593,0.322015
lib/matplotlib/pyplot.py::2594,0.322015
lib/matplotlib/pyplot.py::2595,0.322015
lib/matplotlib/pyplot.py::2596,0.322015
lib/matplotlib/pyplot.py::2597,0.322015
lib/matplotlib/pyplot.py::2598,0.322015
lib/matplotlib/axes/_axes.py::6587,0.236793
lib/matplotlib/tests/test_axes.py::1887,0.236793
lib/matplotlib/tests/test_axes.py::1888,0.236793
lib/matplotlib/tests/test_axes.py::1889,0.236793
lib/matplotlib/tests/test_axes.py::1890,0.236793
lib/matplotlib/tests/test_axes.py::1891,0.236793
lib/matplotlib/tests/test_axes.py::1892,0.236793
lib/matplotlib/tests/test_axes.py::2697,0.236793
lib/matplotlib/tests/test_axes.py::2698,0.236793
lib/matplotlib/tests/test_axes.py::2699,0.236793
lib/matplotlib/tests/test_axes.py::2700,0.236793
lib/matplotlib/tests/test_axes.py::2701,0.236793
lib/matplotlib/tests/test_axes.py::2705,0.236793
lib/matplotlib/tests/test_axes.py::2706,0.236793
lib/matplotlib/tests/test_axes.py::2707,0.236793
lib/matplotlib/tests/test_axes.py::2708,0.236793
lib/matplotlib/tests/test_axes.py::2709,0.236793
lib/matplotlib/tests/test_axes.py::2710,0.236793
lib/matplotlib/tests/test_axes.py::2711,0.236793
lib/matplotlib/tests/test_axes.py::2712,0.236793
lib/matplotlib/tests/test_axes.py::2713,0.236793
lib/matplotlib/tests/test_axes.py::2715,0.236793
lib/matplotlib/tests/test_axes.py::3155,0.236793
lib/matplotlib/tests/test_axes.py::3156,0.236793
lib/matplotlib/tests/test_axes.py::3157,0.236793
lib/matplotlib/tests/test_axes.py::3158,0.236793
lib/matplotlib/tests/test_axes.py::3159,0.236793
lib/matplotlib/tests/test_axes.py::3193,0.236793
lib/matplotlib/tests/test_axes.py::3194,0.236793
lib/matplotlib/tests/test_axes.py::3195,0.236793
lib/matplotlib/tests/test_axes.py::3196,0.236793
lib/matplotlib/tests/test_axes.py::3197,0.236793
lib/matplotlib/tests/test_axes.py::3203,0.236793
lib/matplotlib/tests/test_axes.py::3204,0.236793
lib/matplotlib/tests/test_axes.py::3205,0.236793
lib/matplotlib/tests/test_axes.py::3206,0.236793
lib/matplotlib/tests/test_axes.py::3207,0.236793
lib/matplotlib/tests/test_axes.py::3208,0.236793
lib/matplotlib/tests/test_axes.py::3209,0.236793
lib/matplotlib/tests/test_axes.py::3275,0.236793
lib/matplotlib/tests/test_axes.py::3276,0.236793
lib/matplotlib/tests/test_axes.py::3277,0.236793
lib/matplotlib/tests/test_axes.py::3278,0.236793
lib/matplotlib/tests/test_axes.py::3279,0.236793
lib/matplotlib/tests/test_axes.py::3285,0.236793
lib/matplotlib/tests/test_axes.py::3286,0.236793
lib/matplotlib/tests/test_axes.py::3287,0.236793
lib/matplotlib/tests/test_axes.py::3288,0.236793
lib/matplotlib/tests/test_axes.py::3289,0.236793
lib/matplotlib/tests/test_axes.py::3295,0.236793
lib/matplotlib/tests/test_axes.py::3296,0.236793
lib/matplotlib/tests/test_axes.py::3297,0.236793
lib/matplotlib/tests/test_axes.py::3298,0.236793
lib/matplotlib/tests/test_axes.py::3355,0.236793
lib/matplotlib/tests/test_axes.py::3356,0.236793
lib/matplotlib/tests/test_axes.py::3357,0.236793
lib/matplotlib/tests/test_axes.py::3358,0.236793
lib/matplotlib/tests/test_axes.py::3359,0.236793
lib/matplotlib/tests/test_axes.py::3360,0.236793
lib/matplotlib/tests/test_axes.py::3361,0.236793
lib/matplotlib/tests/test_axes.py::3377,0.236793
lib/matplotlib/tests/test_axes.py::3378,0.236793
lib/matplotlib/tests/test_axes.py::3379,0.236793
lib/matplotlib/tests/test_axes.py::3380,0.236793
lib/matplotlib/tests/test_axes.py::3381,0.236793
lib/matplotlib/tests/test_axes.py::3382,0.236793
lib/matplotlib/tests/test_axes.py::3383,0.236793
lib/matplotlib/tests/test_axes.py::3397,0.236793
lib/matplotlib/tests/test_axes.py::3398,0.236793
lib/matplotlib/tests/test_axes.py::3399,0.236793
lib/matplotlib/tests/test_axes.py::3400,0.236793
lib/matplotlib/tests/test_axes.py::3401,0.236793
lib/matplotlib/tests/test_axes.py::3402,0.236793
lib/matplotlib/tests/test_axes.py::3403,0.236793
lib/matplotlib/tests/test_axes.py::3404,0.236793
lib/matplotlib/tests/test_axes.py::3420,0.236793
lib/matplotlib/tests/test_axes.py::3421,0.236793
lib/matplotlib/tests/test_axes.py::3422,0.236793
lib/matplotlib/tests/test_axes.py::3423,0.236793
lib/matplotlib/tests/test_axes.py::3424,0.236793
lib/matplotlib/tests/test_axes.py::3425,0.236793
lib/matplotlib/tests/test_axes.py::3426,0.236793
lib/matplotlib/tests/test_axes.py::3427,0.236793
lib/matplotlib/tests/test_axes.py::3443,0.236793
lib/matplotlib/tests/test_axes.py::3444,0.236793
lib/matplotlib/tests/test_axes.py::3445,0.236793
lib/matplotlib/tests/test_axes.py::3446,0.236793
lib/matplotlib/tests/test_axes.py::3447,0.236793
lib/matplotlib/tests/test_axes.py::3448,0.236793
lib/matplotlib/tests/test_axes.py::3449,0.236793
lib/matplotlib/tests/test_axes.py::3450,0.236793
lib/matplotlib/tests/test_axes.py::3451,0.236793
lib/matplotlib/tests/test_axes.py::3452,0.236793
lib/matplotlib/tests/test_axes.py::3453,0.236793
lib/matplotlib/tests/test_axes.py::3454,0.236793
lib/matplotlib/tests/test_axes.py::3455,0.236793
lib/matplotlib/tests/test_axes.py::3460,0.236793
lib/matplotlib/tests/test_axes.py::3461,0.236793
lib/matplotlib/tests/test_axes.py::3462,0.236793
lib/matplotlib/tests/test_axes.py::567,0.236793
lib/matplotlib/tests/test_axes.py::568,0.236793
lib/matplotlib/tests/test_axes.py::569,0.236793
lib/matplotlib/tests/test_axes.py::570,0.236793
lib/matplotlib/tests/test_axes.py::571,0.236793
lib/matplotlib/tests/test_axes.py::572,0.236793
lib/matplotlib/tests/test_axes.py::573,0.236793
lib/matplotlib/tests/test_axes.py::574,0.236793
lib/matplotlib/tests/test_axes.py::575,0.236793
lib/matplotlib/tests/test_axes.py::576,0.236793
lib/matplotlib/tests/test_axes.py::577,0.236793
lib/matplotlib/tests/test_axes.py::578,0.236793
lib/matplotlib/tests/test_axes.py::579,0.236793
lib/matplotlib/tests/test_axes.py::580,0.236793
lib/matplotlib/tests/test_axes.py::581,0.236793
lib/matplotlib/tests/test_axes.py::582,0.236793
lib/matplotlib/tests/test_axes.py::583,0.236793
lib/matplotlib/tests/test_axes.py::584,0.236793
lib/matplotlib/tests/test_axes.py::585,0.236793
lib/matplotlib/tests/test_axes.py::586,0.236793
lib/matplotlib/tests/test_axes.py::587,0.236793
lib/matplotlib/tests/test_axes.py::588,0.236793
lib/matplotlib/tests/test_axes.py::589,0.236793
lib/matplotlib/tests/test_axes.py::590,0.236793
lib/matplotlib/tests/test_axes.py::591,0.236793
lib/matplotlib/tests/test_axes.py::592,0.236793
lib/matplotlib/tests/test_axes.py::593,0.236793
lib/matplotlib/tests/test_axes.py::594,0.236793
lib/matplotlib/tests/test_axes.py::595,0.236793
lib/matplotlib/tests/test_axes.py::596,0.236793
lib/matplotlib/tests/test_axes.py::598,0.236793
lib/matplotlib/tests/test_axes.py::599,0.236793
lib/matplotlib/tests/test_axes.py::601,0.236793
lib/matplotlib/tests/test_axes.py::602,0.236793
lib/matplotlib/tests/test_axes.py::603,0.236793
lib/matplotlib/tests/test_axes.py::604,0.236793
lib/matplotlib/tests/test_axes.py::606,0.236793
lib/matplotlib/tests/test_axes.py::607,0.236793
lib/matplotlib/tests/test_axes.py::608,0.236793
lib/matplotlib/tests/test_axes.py::6732,0.236793
lib/matplotlib/figure.py::1354,0.226450
lib/matplotlib/figure.py::1357,0.226450
lib/matplotlib/cbook/__init__.py::1675,0.220454
lib/matplotlib/cbook/__init__.py::1676,0.220454
lib/matplotlib/__init__.py::1520,0.219043
lib/matplotlib/__init__.py::1521,0.219043
lib/matplotlib/ticker.py::2836,0.198142
lib/matplotlib/ticker.py::2837,0.198142
lib/matplotlib/ticker.py::2130,0.197458
lib/matplotlib/axes/_base.py::2776,0.197006
lib/matplotlib/axis.py::464,0.197006
lib/matplotlib/axis.py::535,0.197006
lib/matplotlib/lines.py::62,0.197006
lib/matplotlib/patches.py::320,0.196112
lib/matplotlib/lines.py::43,0.195011
lib/matplotlib/lines.py::44,0.195011
lib/matplotlib/lines.py::53,0.195011
lib/matplotlib/lines.py::54,0.195011
lib/matplotlib/lines.py::55,0.195011
lib/matplotlib/gridspec.py::546,0.194871
lib/matplotlib/gridspec.py::547,0.194871
lib/matplotlib/gridspec.py::548,0.194871
lib/matplotlib/gridspec.py::549,0.194871
lib/matplotlib/gridspec.py::550,0.194871
lib/matplotlib/gridspec.py::552,0.194871
lib/matplotlib/gridspec.py::554,0.194871
lib/matplotlib/gridspec.py::558,0.194871
lib/matplotlib/gridspec.py::562,0.194871
lib/matplotlib/gridspec.py::233,0.194499
lib/matplotlib/lines.py::42,0.194359
lib/matplotlib/_pylab_helpers.py::75,0.187985
lib/matplotlib/_pylab_helpers.py::76,0.187985
lib/matplotlib/pyplot.py::477,0.187401
lib/matplotlib/artist.py::761,0.186822
lib/matplotlib/artist.py::762,0.186822
lib/matplotlib/artist.py::763,0.186822
lib/matplotlib/artist.py::764,0.186822
lib/matplotlib/axes/_base.py::561,0.186822
lib/matplotlib/axes/_base.py::562,0.186822
lib/matplotlib/axes/_base.py::563,0.186822
lib/matplotlib/axes/_base.py::564,0.186822
lib/matplotlib/axes/_base.py::565,0.186822
lib/matplotlib/axes/_base.py::566,0.186822
lib/matplotlib/axes/_base.py::567,0.186822
lib/matplotlib/axes/_base.py::631,0.186822
lib/matplotlib/axes/_base.py::636,0.186822
lib/matplotlib/axes/_base.py::637,0.186822
lib/matplotlib/axes/_base.py::641,0.186822
lib/matplotlib/axes/_base.py::642,0.186822
lib/matplotlib/axes/_base.py::647,0.186822
lib/matplotlib/axes/_base.py::649,0.186822
lib/matplotlib/axes/_base.py::650,0.186822
lib/matplotlib/axes/_base.py::651,0.186822
lib/matplotlib/axes/_base.py::652,0.186822
lib/matplotlib/axes/_base.py::667,0.186822
lib/matplotlib/axes/_base.py::668,0.186822
lib/matplotlib/axes/_base.py::669,0.186822
lib/matplotlib/axes/_base.py::671,0.186822
lib/matplotlib/axes/_base.py::672,0.186822
lib/matplotlib/axes/_base.py::674,0.186822
lib/matplotlib/axes/_base.py::698,0.186822
lib/matplotlib/axes/_base.py::699,0.186822
lib/matplotlib/axes/_base.py::700,0.186822
lib/matplotlib/axes/_base.py::701,0.186822
lib/matplotlib/axes/_base.py::702,0.186822
lib/matplotlib/axes/_base.py::724,0.186822
lib/matplotlib/axes/_base.py::725,0.186822
lib/matplotlib/axes/_base.py::726,0.186822
lib/matplotlib/axes/_base.py::727,0.186822
lib/matplotlib/axes/_base.py::728,0.186822
lib/matplotlib/axes/_base.py::743,0.186822
lib/matplotlib/axes/_base.py::744,0.186822
lib/matplotlib/axes/_base.py::745,0.186822
lib/matplotlib/axes/_base.py::747,0.186822
lib/matplotlib/axes/_base.py::748,0.186822
lib/matplotlib/axes/_base.py::750,0.186822
lib/matplotlib/axes/_base.py::774,0.186822
lib/matplotlib/axes/_base.py::775,0.186822
lib/matplotlib/axes/_base.py::776,0.186822
lib/matplotlib/axes/_base.py::777,0.186822
lib/matplotlib/axes/_base.py::778,0.186822
lib/matplotlib/axes/_base.py::800,0.186822
lib/matplotlib/axes/_base.py::801,0.186822
lib/matplotlib/axes/_base.py::802,0.186822
lib/matplotlib/axes/_base.py::803,0.186822
lib/matplotlib/axes/_base.py::804,0.186822
lib/matplotlib/axes/_base.py::934,0.186822
lib/matplotlib/axes/_base.py::951,0.186822
lib/matplotlib/axes/_base.py::952,0.186822
lib/matplotlib/projections/__init__.py::51,0.186822
lib/matplotlib/spines.py::221,0.186822
lib/matplotlib/spines.py::223,0.186822
lib/matplotlib/spines.py::224,0.186822
lib/matplotlib/spines.py::233,0.186822
lib/matplotlib/spines.py::234,0.186822
lib/matplotlib/spines.py::235,0.186822
lib/matplotlib/spines.py::236,0.186822
lib/matplotlib/spines.py::242,0.186822
lib/matplotlib/spines.py::402,0.186822
lib/matplotlib/spines.py::406,0.186822
lib/matplotlib/spines.py::408,0.186822
lib/matplotlib/spines.py::411,0.186822
lib/matplotlib/spines.py::413,0.186822
lib/matplotlib/spines.py::415,0.186822
lib/matplotlib/spines.py::416,0.186822
lib/matplotlib/spines.py::417,0.186822
lib/matplotlib/spines.py::426,0.186822
lib/matplotlib/spines.py::428,0.186822
lib/matplotlib/spines.py::429,0.186822
lib/matplotlib/spines.py::434,0.186822
lib/matplotlib/spines.py::435,0.186822
lib/matplotlib/spines.py::436,0.186822
lib/matplotlib/spines.py::437,0.186822
lib/matplotlib/spines.py::438,0.186822
lib/matplotlib/spines.py::439,0.186822
lib/matplotlib/spines.py::440,0.186822
lib/matplotlib/spines.py::441,0.186822
lib/matplotlib/spines.py::445,0.186822
lib/matplotlib/spines.py::446,0.186822
lib/matplotlib/spines.py::447,0.186822
lib/matplotlib/spines.py::527,0.186822
lib/matplotlib/spines.py::528,0.186822
lib/matplotlib/spines.py::529,0.186822
lib/matplotlib/spines.py::530,0.186822
lib/matplotlib/transforms.py::2136,0.186822
lib/matplotlib/transforms.py::2137,0.186822
lib/matplotlib/transforms.py::2138,0.186822
lib/matplotlib/transforms.py::2139,0.186822
lib/matplotlib/transforms.py::2140,0.186822
lib/matplotlib/transforms.py::2274,0.186822
lib/matplotlib/axis.py::1891,0.186059
lib/matplotlib/axis.py::1892,0.186059
lib/matplotlib/axis.py::1894,0.186059
lib/matplotlib/axis.py::1895,0.186059
lib/matplotlib/axis.py::2185,0.186059
lib/matplotlib/axis.py::2186,0.186059
lib/matplotlib/axis.py::2188,0.186059
lib/matplotlib/axis.py::2189,0.186059
lib/matplotlib/rcsetup.py::179,0.185305
lib/matplotlib/rcsetup.py::180,0.185305
lib/matplotlib/style/core.py::110,0.185305
lib/matplotlib/style/core.py::111,0.185305
lib/matplotlib/style/core.py::98,0.185305
lib/matplotlib/axes/_subplots.py::44,0.183278
lib/matplotlib/axes/_subplots.py::45,0.183278
lib/matplotlib/gridspec.py::301,0.183278
lib/matplotlib/gridspec.py::523,0.183278
lib/matplotlib/axes/_subplots.py::35,0.182917
lib/matplotlib/axes/_subplots.py::36,0.182917
lib/matplotlib/axes/_subplots.py::37,0.182917
lib/matplotlib/axes/_subplots.py::39,0.182917
lib/matplotlib/axes/_subplots.py::43,0.182917
lib/matplotlib/axes/_subplots.py::82,0.182917
lib/matplotlib/axes/_subplots.py::95,0.182917
lib/matplotlib/axes/_subplots.py::96,0.182917
lib/matplotlib/figure.py::1350,0.182917
lib/matplotlib/figure.py::1353,0.182917
lib/matplotlib/figure.py::1359,0.182917
lib/matplotlib/figure.py::1365,0.182917
lib/matplotlib/figure.py::1376,0.182917
lib/matplotlib/figure.py::1379,0.182917
lib/matplotlib/figure.py::1381,0.182917
lib/matplotlib/figure.py::1394,0.182917
lib/matplotlib/figure.py::1396,0.182917
lib/matplotlib/gridspec.py::100,0.182917
lib/matplotlib/gridspec.py::103,0.182917
lib/matplotlib/gridspec.py::120,0.182917
lib/matplotlib/gridspec.py::123,0.182917
lib/matplotlib/gridspec.py::154,0.182917
lib/matplotlib/gridspec.py::156,0.182917
lib/matplotlib/gridspec.py::164,0.182917
lib/matplotlib/gridspec.py::165,0.182917
lib/matplotlib/gridspec.py::166,0.182917
lib/matplotlib/gridspec.py::167,0.182917
lib/matplotlib/gridspec.py::168,0.182917
lib/matplotlib/gridspec.py::169,0.182917
lib/matplotlib/gridspec.py::170,0.182917
lib/matplotlib/gridspec.py::171,0.182917
lib/matplotlib/gridspec.py::172,0.182917
lib/matplotlib/gridspec.py::175,0.182917
lib/matplotlib/gridspec.py::176,0.182917
lib/matplotlib/gridspec.py::177,0.182917
lib/matplotlib/gridspec.py::181,0.182917
lib/matplotlib/gridspec.py::182,0.182917
lib/matplotlib/gridspec.py::183,0.182917
lib/matplotlib/gridspec.py::186,0.182917
lib/matplotlib/gridspec.py::187,0.182917
lib/matplotlib/gridspec.py::188,0.182917
lib/matplotlib/gridspec.py::192,0.182917
lib/matplotlib/gridspec.py::193,0.182917
lib/matplotlib/gridspec.py::194,0.182917
lib/matplotlib/gridspec.py::196,0.182917
lib/matplotlib/gridspec.py::197,0.182917
lib/matplotlib/gridspec.py::198,0.182917
lib/matplotlib/gridspec.py::202,0.182917
lib/matplotlib/gridspec.py::204,0.182917
lib/matplotlib/gridspec.py::205,0.182917
lib/matplotlib/gridspec.py::206,0.182917
lib/matplotlib/gridspec.py::213,0.182917
lib/matplotlib/gridspec.py::215,0.182917
lib/matplotlib/gridspec.py::216,0.182917
lib/matplotlib/gridspec.py::224,0.182917
lib/matplotlib/gridspec.py::235,0.182917
lib/matplotlib/gridspec.py::288,0.182917
lib/matplotlib/gridspec.py::289,0.182917
lib/matplotlib/gridspec.py::290,0.182917
lib/matplotlib/gridspec.py::291,0.182917
lib/matplotlib/gridspec.py::292,0.182917
lib/matplotlib/gridspec.py::293,0.182917
lib/matplotlib/gridspec.py::294,0.182917
lib/matplotlib/gridspec.py::296,0.182917
lib/matplotlib/gridspec.py::297,0.182917
lib/matplotlib/gridspec.py::298,0.182917
lib/matplotlib/gridspec.py::300,0.182917
lib/matplotlib/gridspec.py::376,0.182917
lib/matplotlib/gridspec.py::380,0.182917
lib/matplotlib/gridspec.py::382,0.182917
lib/matplotlib/gridspec.py::384,0.182917
lib/matplotlib/gridspec.py::46,0.182917
lib/matplotlib/gridspec.py::47,0.182917
lib/matplotlib/gridspec.py::48,0.182917
lib/matplotlib/gridspec.py::509,0.182917
lib/matplotlib/gridspec.py::510,0.182917
lib/matplotlib/gridspec.py::511,0.182917
lib/matplotlib/gridspec.py::512,0.182917
lib/matplotlib/gridspec.py::533,0.182917
lib/matplotlib/gridspec.py::571,0.182917
lib/matplotlib/gridspec.py::575,0.182917
lib/matplotlib/gridspec.py::591,0.182917
lib/matplotlib/gridspec.py::631,0.182917
lib/matplotlib/gridspec.py::632,0.182917
lib/matplotlib/gridspec.py::633,0.182917
lib/matplotlib/gridspec.py::635,0.182917
lib/matplotlib/gridspec.py::637,0.182917
lib/matplotlib/gridspec.py::638,0.182917
lib/matplotlib/gridspec.py::639,0.182917
lib/matplotlib/gridspec.py::640,0.182917
lib/matplotlib/gridspec.py::641,0.182917
lib/matplotlib/gridspec.py::643,0.182917
lib/matplotlib/gridspec.py::644,0.182917
lib/matplotlib/gridspec.py::71,0.182917
lib/matplotlib/pyplot.py::465,0.182737
lib/matplotlib/axes/_base.py::426,0.182378
lib/matplotlib/patches.py::755,0.182022
lib/matplotlib/patches.py::756,0.182022
lib/matplotlib/patches.py::757,0.182022
lib/matplotlib/patches.py::758,0.182022
lib/matplotlib/patches.py::759,0.182022
lib/matplotlib/patches.py::760,0.182022
lib/matplotlib/patches.py::770,0.182022
lib/matplotlib/patches.py::771,0.182022
lib/matplotlib/patches.py::772,0.182022
lib/matplotlib/patches.py::773,0.182022
lib/matplotlib/patches.py::774,0.182022
lib/matplotlib/patches.py::777,0.182022
lib/matplotlib/patches.py::778,0.182022
lib/matplotlib/pyplot.py::467,0.182022
lib/matplotlib/transforms.py::1966,0.182022
lib/matplotlib/transforms.py::1967,0.182022
lib/matplotlib/spines.py::523,0.181668
lib/matplotlib/spines.py::524,0.181668
lib/matplotlib/spines.py::525,0.181668
lib/matplotlib/spines.py::526,0.181668
lib/matplotlib/spines.py::533,0.181668
lib/matplotlib/spines.py::534,0.181668
lib/matplotlib/spines.py::536,0.181668
lib/matplotlib/transforms.py::1929,0.181668
lib/matplotlib/transforms.py::1930,0.181668
lib/matplotlib/transforms.py::1931,0.181668
lib/matplotlib/transforms.py::1932,0.181668
lib/matplotlib/transforms.py::1933,0.181668
lib/matplotlib/transforms.py::1934,0.181668
lib/matplotlib/transforms.py::1935,0.181668
lib/matplotlib/transforms.py::1945,0.181668
lib/matplotlib/transforms.py::2604,0.181668
lib/matplotlib/transforms.py::2607,0.181668
lib/matplotlib/transforms.py::2608,0.181668
lib/matplotlib/transforms.py::2609,0.181668
lib/matplotlib/transforms.py::2610,0.181668
lib/matplotlib/transforms.py::2611,0.181668
lib/matplotlib/figure.py::503,0.181316
lib/matplotlib/transforms.py::156,0.181316
lib/matplotlib/transforms.py::157,0.181316
lib/matplotlib/transforms.py::158,0.181316
lib/matplotlib/transforms.py::159,0.181316
lib/matplotlib/transforms.py::2323,0.181316
lib/matplotlib/transforms.py::2324,0.181316
lib/matplotlib/transforms.py::2329,0.181316
lib/matplotlib/transforms.py::2330,0.181316
lib/matplotlib/transforms.py::2346,0.181316
lib/matplotlib/__init__.py::1261,0.181141
lib/matplotlib/__init__.py::1273,0.181141
lib/matplotlib/_pylab_helpers.py::103,0.181141
lib/matplotlib/_pylab_helpers.py::104,0.181141
lib/matplotlib/_pylab_helpers.py::40,0.181141
lib/matplotlib/_pylab_helpers.py::41,0.181141
lib/matplotlib/_pylab_helpers.py::43,0.181141
lib/matplotlib/backend_bases.py::2224,0.181141
lib/matplotlib/backend_bases.py::2537,0.181141
lib/matplotlib/backend_bases.py::2538,0.181141
lib/matplotlib/backend_bases.py::2539,0.181141
lib/matplotlib/backend_bases.py::2541,0.181141
lib/matplotlib/backend_bases.py::2542,0.181141
lib/matplotlib/backend_bases.py::2543,0.181141
lib/matplotlib/backend_bases.py::2544,0.181141
lib/matplotlib/backend_bases.py::2545,0.181141
lib/matplotlib/backend_bases.py::2546,0.181141
lib/matplotlib/backend_bases.py::2547,0.181141
lib/matplotlib/backend_bases.py::2548,0.181141
lib/matplotlib/backend_bases.py::2549,0.181141
lib/matplotlib/backend_bases.py::2551,0.181141
lib/matplotlib/backend_bases.py::2552,0.181141
lib/matplotlib/backend_bases.py::2554,0.181141
lib/matplotlib/backend_bases.py::2557,0.181141
lib/matplotlib/backend_bases.py::2574,0.181141
lib/matplotlib/backend_bases.py::3331,0.181141
lib/matplotlib/backend_bases.py::3332,0.181141
lib/matplotlib/backend_bases.py::3333,0.181141
lib/matplotlib/backend_bases.py::3334,0.181141
lib/matplotlib/backend_bases.py::3339,0.181141
lib/matplotlib/backend_bases.py::3340,0.181141
lib/matplotlib/backend_bases.py::3341,0.181141
lib/matplotlib/cbook/__init__.py::198,0.181141
lib/matplotlib/cbook/__init__.py::201,0.181141
lib/matplotlib/cbook/__init__.py::202,0.181141
lib/matplotlib/cbook/__init__.py::203,0.181141
lib/matplotlib/cbook/__init__.py::204,0.181141
lib/matplotlib/cbook/__init__.py::205,0.181141
lib/matplotlib/cbook/__init__.py::206,0.181141
lib/matplotlib/cbook/__init__.py::207,0.181141
lib/matplotlib/cbook/__init__.py::208,0.181141
lib/matplotlib/cbook/__init__.py::213,0.181141
lib/matplotlib/cbook/__init__.py::214,0.181141
lib/matplotlib/cbook/__init__.py::215,0.181141
lib/matplotlib/cbook/__init__.py::219,0.181141
lib/matplotlib/cbook/__init__.py::220,0.181141
lib/matplotlib/cbook/__init__.py::221,0.181141
lib/matplotlib/cbook/__init__.py::222,0.181141
lib/matplotlib/cbook/__init__.py::223,0.181141
lib/matplotlib/figure.py::1098,0.181141
lib/matplotlib/figure.py::1946,0.181141
lib/matplotlib/figure.py::2057,0.181141
lib/matplotlib/projections/__init__.py::21,0.181141
lib/matplotlib/projections/__init__.py::50,0.181141
lib/matplotlib/projections/__init__.py::53,0.181141
lib/matplotlib/projections/__init__.py::54,0.181141
lib/matplotlib/pyplot.py::464,0.181141
lib/matplotlib/pyplot.py::466,0.181141
lib/matplotlib/pyplot.py::468,0.181141
lib/matplotlib/pyplot.py::469,0.181141
lib/matplotlib/pyplot.py::470,0.181141
lib/matplotlib/pyplot.py::471,0.181141
lib/matplotlib/pyplot.py::473,0.181141
lib/matplotlib/pyplot.py::474,0.181141
lib/matplotlib/pyplot.py::475,0.181141
lib/matplotlib/pyplot.py::476,0.181141
lib/matplotlib/pyplot.py::492,0.181141
lib/matplotlib/pyplot.py::493,0.181141
lib/matplotlib/pyplot.py::494,0.181141
lib/matplotlib/pyplot.py::496,0.181141
lib/matplotlib/pyplot.py::506,0.181141
lib/matplotlib/pyplot.py::509,0.181141
lib/matplotlib/pyplot.py::510,0.181141
lib/matplotlib/pyplot.py::511,0.181141
lib/matplotlib/pyplot.py::512,0.181141
lib/matplotlib/pyplot.py::513,0.181141
lib/matplotlib/pyplot.py::514,0.181141
lib/matplotlib/pyplot.py::515,0.181141
lib/matplotlib/pyplot.py::517,0.181141
lib/matplotlib/pyplot.py::522,0.181141
lib/matplotlib/pyplot.py::525,0.181141
lib/matplotlib/pyplot.py::526,0.181141
lib/matplotlib/pyplot.py::528,0.181141
lib/matplotlib/pyplot.py::529,0.181141
lib/matplotlib/pyplot.py::530,0.181141
lib/matplotlib/pyplot.py::536,0.181141
lib/matplotlib/pyplot.py::539,0.181141
lib/matplotlib/pyplot.py::540,0.181141
lib/matplotlib/pyplot.py::542,0.181141
lib/matplotlib/pyplot.py::545,0.181141
lib/matplotlib/pyplot.py::558,0.181141
lib/matplotlib/pyplot.py::583,0.181141
lib/matplotlib/artist.py::1000,0.180966
lib/matplotlib/artist.py::1003,0.180966
lib/matplotlib/artist.py::1005,0.180966
lib/matplotlib/artist.py::1006,0.180966
lib/matplotlib/artist.py::1008,0.180966
lib/matplotlib/artist.py::1009,0.180966
lib/matplotlib/artist.py::101,0.180966
lib/matplotlib/artist.py::1010,0.180966
lib/matplotlib/artist.py::1011,0.180966
lib/matplotlib/artist.py::102,0.180966
lib/matplotlib/artist.py::1026,0.180966
lib/matplotlib/artist.py::1027,0.180966
lib/matplotlib/artist.py::103,0.180966
lib/matplotlib/artist.py::1030,0.180966
lib/matplotlib/artist.py::1031,0.180966
lib/matplotlib/artist.py::104,0.180966
lib/matplotlib/artist.py::1046,0.180966
lib/matplotlib/artist.py::1048,0.180966
lib/matplotlib/artist.py::1049,0.180966
lib/matplotlib/artist.py::105,0.180966
lib/matplotlib/artist.py::1050,0.180966
lib/matplotlib/artist.py::106,0.180966
lib/matplotlib/artist.py::107,0.180966
lib/matplotlib/artist.py::108,0.180966
lib/matplotlib/artist.py::109,0.180966
lib/matplotlib/artist.py::1097,0.180966
lib/matplotlib/artist.py::1098,0.180966
lib/matplotlib/artist.py::1099,0.180966
lib/matplotlib/artist.py::1100,0.180966
lib/matplotlib/artist.py::1101,0.180966
lib/matplotlib/artist.py::1210,0.180966
lib/matplotlib/artist.py::175,0.180966
lib/matplotlib/artist.py::176,0.180966
lib/matplotlib/artist.py::177,0.180966
lib/matplotlib/artist.py::178,0.180966
lib/matplotlib/artist.py::187,0.180966
lib/matplotlib/artist.py::188,0.180966
lib/matplotlib/artist.py::189,0.180966
lib/matplotlib/artist.py::190,0.180966
lib/matplotlib/artist.py::195,0.180966
lib/matplotlib/artist.py::199,0.180966
lib/matplotlib/artist.py::204,0.180966
lib/matplotlib/artist.py::205,0.180966
lib/matplotlib/artist.py::206,0.180966
lib/matplotlib/artist.py::207,0.180966
lib/matplotlib/artist.py::219,0.180966
lib/matplotlib/artist.py::224,0.180966
lib/matplotlib/artist.py::227,0.180966
lib/matplotlib/artist.py::228,0.180966
lib/matplotlib/artist.py::347,0.180966
lib/matplotlib/artist.py::356,0.180966
lib/matplotlib/artist.py::366,0.180966
lib/matplotlib/artist.py::367,0.180966
lib/matplotlib/artist.py::368,0.180966
lib/matplotlib/artist.py::369,0.180966
lib/matplotlib/artist.py::373,0.180966
lib/matplotlib/artist.py::375,0.180966
lib/matplotlib/artist.py::378,0.180966
lib/matplotlib/artist.py::50,0.180966
lib/matplotlib/artist.py::51,0.180966
lib/matplotlib/artist.py::704,0.180966
lib/matplotlib/artist.py::711,0.180966
lib/matplotlib/artist.py::714,0.180966
lib/matplotlib/artist.py::715,0.180966
lib/matplotlib/artist.py::716,0.180966
lib/matplotlib/artist.py::717,0.180966
lib/matplotlib/artist.py::727,0.180966
lib/matplotlib/artist.py::728,0.180966
lib/matplotlib/artist.py::729,0.180966
lib/matplotlib/artist.py::75,0.180966
lib/matplotlib/artist.py::756,0.180966
lib/matplotlib/artist.py::758,0.180966
lib/matplotlib/artist.py::759,0.180966
lib/matplotlib/artist.py::76,0.180966
lib/matplotlib/artist.py::760,0.180966
lib/matplotlib/artist.py::77,0.180966
lib/matplotlib/artist.py::771,0.180966
lib/matplotlib/artist.py::774,0.180966
lib/matplotlib/artist.py::777,0.180966
lib/matplotlib/artist.py::78,0.180966
lib/matplotlib/artist.py::780,0.180966
lib/matplotlib/artist.py::784,0.180966
lib/matplotlib/artist.py::790,0.180966
lib/matplotlib/artist.py::791,0.180966
lib/matplotlib/artist.py::80,0.180966
lib/matplotlib/artist.py::802,0.180966
lib/matplotlib/artist.py::806,0.180966
lib/matplotlib/artist.py::81,0.180966
lib/matplotlib/artist.py::82,0.180966
lib/matplotlib/artist.py::83,0.180966
lib/matplotlib/artist.py::84,0.180966
lib/matplotlib/artist.py::85,0.180966
lib/matplotlib/artist.py::86,0.180966
lib/matplotlib/artist.py::87,0.180966
lib/matplotlib/artist.py::88,0.180966
lib/matplotlib/artist.py::89,0.180966
lib/matplotlib/artist.py::90,0.180966
lib/matplotlib/artist.py::91,0.180966
lib/matplotlib/artist.py::92,0.180966
lib/matplotlib/artist.py::93,0.180966
lib/matplotlib/artist.py::931,0.180966
lib/matplotlib/artist.py::933,0.180966
lib/matplotlib/artist.py::934,0.180966
lib/matplotlib/artist.py::935,0.180966
lib/matplotlib/artist.py::94,0.180966
lib/matplotlib/artist.py::945,0.180966
lib/matplotlib/artist.py::946,0.180966
lib/matplotlib/artist.py::947,0.180966
lib/matplotlib/artist.py::95,0.180966
lib/matplotlib/artist.py::96,0.180966
lib/matplotlib/artist.py::97,0.180966
lib/matplotlib/artist.py::972,0.180966
lib/matplotlib/artist.py::978,0.180966
lib/matplotlib/artist.py::98,0.180966
lib/matplotlib/artist.py::99,0.180966
lib/matplotlib/artist.py::993,0.180966
lib/matplotlib/artist.py::996,0.180966
lib/matplotlib/artist.py::999,0.180966
lib/matplotlib/axes/_base.py::1000,0.180966
lib/matplotlib/axes/_base.py::1001,0.180966
lib/matplotlib/axes/_base.py::1002,0.180966
lib/matplotlib/axes/_base.py::1006,0.180966
lib/matplotlib/axes/_base.py::1009,0.180966
lib/matplotlib/axes/_base.py::1012,0.180966
lib/matplotlib/axes/_base.py::1013,0.180966
lib/matplotlib/axes/_base.py::1014,0.180966
lib/matplotlib/axes/_base.py::1015,0.180966
lib/matplotlib/axes/_base.py::1016,0.180966
lib/matplotlib/axes/_base.py::1017,0.180966
lib/matplotlib/axes/_base.py::1018,0.180966
lib/matplotlib/axes/_base.py::1019,0.180966
lib/matplotlib/axes/_base.py::1020,0.180966
lib/matplotlib/axes/_base.py::1022,0.180966
lib/matplotlib/axes/_base.py::1023,0.180966
lib/matplotlib/axes/_base.py::1025,0.180966
lib/matplotlib/axes/_base.py::1026,0.180966
lib/matplotlib/axes/_base.py::1027,0.180966
lib/matplotlib/axes/_base.py::1028,0.180966
lib/matplotlib/axes/_base.py::1029,0.180966
lib/matplotlib/axes/_base.py::1030,0.180966
lib/matplotlib/axes/_base.py::1031,0.180966
lib/matplotlib/axes/_base.py::1032,0.180966
lib/matplotlib/axes/_base.py::1033,0.180966
lib/matplotlib/axes/_base.py::1034,0.180966
lib/matplotlib/axes/_base.py::1035,0.180966
lib/matplotlib/axes/_base.py::1036,0.180966
lib/matplotlib/axes/_base.py::1037,0.180966
lib/matplotlib/axes/_base.py::1039,0.180966
lib/matplotlib/axes/_base.py::1040,0.180966
lib/matplotlib/axes/_base.py::1041,0.180966
lib/matplotlib/axes/_base.py::1042,0.180966
lib/matplotlib/axes/_base.py::1043,0.180966
lib/matplotlib/axes/_base.py::1044,0.180966
lib/matplotlib/axes/_base.py::1046,0.180966
lib/matplotlib/axes/_base.py::1047,0.180966
lib/matplotlib/axes/_base.py::1048,0.180966
lib/matplotlib/axes/_base.py::1049,0.180966
lib/matplotlib/axes/_base.py::1050,0.180966
lib/matplotlib/axes/_base.py::1052,0.180966
lib/matplotlib/axes/_base.py::1053,0.180966
lib/matplotlib/axes/_base.py::1054,0.180966
lib/matplotlib/axes/_base.py::1055,0.180966
lib/matplotlib/axes/_base.py::1056,0.180966
lib/matplotlib/axes/_base.py::1057,0.180966
lib/matplotlib/axes/_base.py::1058,0.180966
lib/matplotlib/axes/_base.py::1059,0.180966
lib/matplotlib/axes/_base.py::1060,0.180966
lib/matplotlib/axes/_base.py::1061,0.180966
lib/matplotlib/axes/_base.py::1063,0.180966
lib/matplotlib/axes/_base.py::1066,0.180966
lib/matplotlib/axes/_base.py::1068,0.180966
lib/matplotlib/axes/_base.py::1070,0.180966
lib/matplotlib/axes/_base.py::1071,0.180966
lib/matplotlib/axes/_base.py::1076,0.180966
lib/matplotlib/axes/_base.py::1077,0.180966
lib/matplotlib/axes/_base.py::1078,0.180966
lib/matplotlib/axes/_base.py::1079,0.180966
lib/matplotlib/axes/_base.py::1080,0.180966
lib/matplotlib/axes/_base.py::1081,0.180966
lib/matplotlib/axes/_base.py::1083,0.180966
lib/matplotlib/axes/_base.py::1085,0.180966
lib/matplotlib/axes/_base.py::1086,0.180966
lib/matplotlib/axes/_base.py::1088,0.180966
lib/matplotlib/axes/_base.py::1089,0.180966
lib/matplotlib/axes/_base.py::1090,0.180966
lib/matplotlib/axes/_base.py::1094,0.180966
lib/matplotlib/axes/_base.py::1098,0.180966
lib/matplotlib/axes/_base.py::1125,0.180966
lib/matplotlib/axes/_base.py::1126,0.180966
lib/matplotlib/axes/_base.py::1127,0.180966
lib/matplotlib/axes/_base.py::1128,0.180966
lib/matplotlib/axes/_base.py::1129,0.180966
lib/matplotlib/axes/_base.py::1130,0.180966
lib/matplotlib/axes/_base.py::130,0.180966
lib/matplotlib/axes/_base.py::131,0.180966
lib/matplotlib/axes/_base.py::132,0.180966
lib/matplotlib/axes/_base.py::1385,0.180966
lib/matplotlib/axes/_base.py::1386,0.180966
lib/matplotlib/axes/_base.py::1388,0.180966
lib/matplotlib/axes/_base.py::1395,0.180966
lib/matplotlib/axes/_base.py::1396,0.180966
lib/matplotlib/axes/_base.py::1397,0.180966
lib/matplotlib/axes/_base.py::144,0.180966
lib/matplotlib/axes/_base.py::145,0.180966
lib/matplotlib/axes/_base.py::149,0.180966
lib/matplotlib/axes/_base.py::151,0.180966
lib/matplotlib/axes/_base.py::2119,0.180966
lib/matplotlib/axes/_base.py::2121,0.180966
lib/matplotlib/axes/_base.py::2124,0.180966
lib/matplotlib/axes/_base.py::2126,0.180966
lib/matplotlib/axes/_base.py::2127,0.180966
lib/matplotlib/axes/_base.py::2130,0.180966
lib/matplotlib/axes/_base.py::2142,0.180966
lib/matplotlib/axes/_base.py::2144,0.180966
lib/matplotlib/axes/_base.py::2145,0.180966
lib/matplotlib/axes/_base.py::2146,0.180966
lib/matplotlib/axes/_base.py::2529,0.180966
lib/matplotlib/axes/_base.py::2772,0.180966
lib/matplotlib/axes/_base.py::2773,0.180966
lib/matplotlib/axes/_base.py::2775,0.180966
lib/matplotlib/axes/_base.py::2781,0.180966
lib/matplotlib/axes/_base.py::2782,0.180966
lib/matplotlib/axes/_base.py::2783,0.180966
lib/matplotlib/axes/_base.py::2822,0.180966
lib/matplotlib/axes/_base.py::2824,0.180966
lib/matplotlib/axes/_base.py::2825,0.180966
lib/matplotlib/axes/_base.py::2826,0.180966
lib/matplotlib/axes/_base.py::2827,0.180966
lib/matplotlib/axes/_base.py::2828,0.180966
lib/matplotlib/axes/_base.py::3006,0.180966
lib/matplotlib/axes/_base.py::3007,0.180966
lib/matplotlib/axes/_base.py::3008,0.180966
lib/matplotlib/axes/_base.py::3009,0.180966
lib/matplotlib/axes/_base.py::3010,0.180966
lib/matplotlib/axes/_base.py::3011,0.180966
lib/matplotlib/axes/_base.py::3012,0.180966
lib/matplotlib/axes/_base.py::3013,0.180966
lib/matplotlib/axes/_base.py::3014,0.180966
lib/matplotlib/axes/_base.py::3015,0.180966
lib/matplotlib/axes/_base.py::3016,0.180966
lib/matplotlib/axes/_base.py::3017,0.180966
lib/matplotlib/axes/_base.py::3018,0.180966
lib/matplotlib/axes/_base.py::3019,0.180966
lib/matplotlib/axes/_base.py::3020,0.180966
lib/matplotlib/axes/_base.py::3037,0.180966
lib/matplotlib/axes/_base.py::3038,0.180966
lib/matplotlib/axes/_base.py::3149,0.180966
lib/matplotlib/axes/_base.py::3150,0.180966
lib/matplotlib/axes/_base.py::3151,0.180966
lib/matplotlib/axes/_base.py::3152,0.180966
lib/matplotlib/axes/_base.py::3154,0.180966
lib/matplotlib/axes/_base.py::3224,0.180966
lib/matplotlib/axes/_base.py::3226,0.180966
lib/matplotlib/axes/_base.py::3230,0.180966
lib/matplotlib/axes/_base.py::3235,0.180966
lib/matplotlib/axes/_base.py::3236,0.180966
lib/matplotlib/axes/_base.py::3237,0.180966
lib/matplotlib/axes/_base.py::3239,0.180966
lib/matplotlib/axes/_base.py::3248,0.180966
lib/matplotlib/axes/_base.py::3264,0.180966
lib/matplotlib/axes/_base.py::3268,0.180966
lib/matplotlib/axes/_base.py::3269,0.180966
lib/matplotlib/axes/_base.py::3270,0.180966
lib/matplotlib/axes/_base.py::3272,0.180966
lib/matplotlib/axes/_base.py::3274,0.180966
lib/matplotlib/axes/_base.py::3275,0.180966
lib/matplotlib/axes/_base.py::3276,0.180966
lib/matplotlib/axes/_base.py::3278,0.180966
lib/matplotlib/axes/_base.py::3279,0.180966
lib/matplotlib/axes/_base.py::3281,0.180966
lib/matplotlib/axes/_base.py::3282,0.180966
lib/matplotlib/axes/_base.py::3287,0.180966
lib/matplotlib/axes/_base.py::3288,0.180966
lib/matplotlib/axes/_base.py::3298,0.180966
lib/matplotlib/axes/_base.py::3604,0.180966
lib/matplotlib/axes/_base.py::3606,0.180966
lib/matplotlib/axes/_base.py::3610,0.180966
lib/matplotlib/axes/_base.py::3615,0.180966
lib/matplotlib/axes/_base.py::3616,0.180966
lib/matplotlib/axes/_base.py::3617,0.180966
lib/matplotlib/axes/_base.py::3619,0.180966
lib/matplotlib/axes/_base.py::3628,0.180966
lib/matplotlib/axes/_base.py::3644,0.180966
lib/matplotlib/axes/_base.py::3649,0.180966
lib/matplotlib/axes/_base.py::3650,0.180966
lib/matplotlib/axes/_base.py::3651,0.180966
lib/matplotlib/axes/_base.py::3653,0.180966
lib/matplotlib/axes/_base.py::3655,0.180966
lib/matplotlib/axes/_base.py::3656,0.180966
lib/matplotlib/axes/_base.py::3657,0.180966
lib/matplotlib/axes/_base.py::3659,0.180966
lib/matplotlib/axes/_base.py::3660,0.180966
lib/matplotlib/axes/_base.py::3662,0.180966
lib/matplotlib/axes/_base.py::3663,0.180966
lib/matplotlib/axes/_base.py::3668,0.180966
lib/matplotlib/axes/_base.py::3669,0.180966
lib/matplotlib/axes/_base.py::3679,0.180966
lib/matplotlib/axes/_base.py::3926,0.180966
lib/matplotlib/axes/_base.py::3942,0.180966
lib/matplotlib/axes/_base.py::424,0.180966
lib/matplotlib/axes/_base.py::425,0.180966
lib/matplotlib/axes/_base.py::429,0.180966
lib/matplotlib/axes/_base.py::431,0.180966
lib/matplotlib/axes/_base.py::432,0.180966
lib/matplotlib/axes/_base.py::433,0.180966
lib/matplotlib/axes/_base.py::434,0.180966
lib/matplotlib/axes/_base.py::435,0.180966
lib/matplotlib/axes/_base.py::436,0.180966
lib/matplotlib/axes/_base.py::437,0.180966
lib/matplotlib/axes/_base.py::438,0.180966
lib/matplotlib/axes/_base.py::439,0.180966
lib/matplotlib/axes/_base.py::440,0.180966
lib/matplotlib/axes/_base.py::442,0.180966
lib/matplotlib/axes/_base.py::444,0.180966
lib/matplotlib/axes/_base.py::445,0.180966
lib/matplotlib/axes/_base.py::446,0.180966
lib/matplotlib/axes/_base.py::447,0.180966
lib/matplotlib/axes/_base.py::449,0.180966
lib/matplotlib/axes/_base.py::452,0.180966
lib/matplotlib/axes/_base.py::453,0.180966
lib/matplotlib/axes/_base.py::454,0.180966
lib/matplotlib/axes/_base.py::455,0.180966
lib/matplotlib/axes/_base.py::456,0.180966
lib/matplotlib/axes/_base.py::457,0.180966
lib/matplotlib/axes/_base.py::459,0.180966
lib/matplotlib/axes/_base.py::460,0.180966
lib/matplotlib/axes/_base.py::463,0.180966
lib/matplotlib/axes/_base.py::464,0.180966
lib/matplotlib/axes/_base.py::466,0.180966
lib/matplotlib/axes/_base.py::467,0.180966
lib/matplotlib/axes/_base.py::469,0.180966
lib/matplotlib/axes/_base.py::471,0.180966
lib/matplotlib/axes/_base.py::474,0.180966
lib/matplotlib/axes/_base.py::476,0.180966
lib/matplotlib/axes/_base.py::477,0.180966
lib/matplotlib/axes/_base.py::478,0.180966
lib/matplotlib/axes/_base.py::480,0.180966
lib/matplotlib/axes/_base.py::481,0.180966
lib/matplotlib/axes/_base.py::482,0.180966
lib/matplotlib/axes/_base.py::484,0.180966
lib/matplotlib/axes/_base.py::485,0.180966
lib/matplotlib/axes/_base.py::486,0.180966
lib/matplotlib/axes/_base.py::487,0.180966
lib/matplotlib/axes/_base.py::489,0.180966
lib/matplotlib/axes/_base.py::490,0.180966
lib/matplotlib/axes/_base.py::491,0.180966
lib/matplotlib/axes/_base.py::492,0.180966
lib/matplotlib/axes/_base.py::493,0.180966
lib/matplotlib/axes/_base.py::494,0.180966
lib/matplotlib/axes/_base.py::495,0.180966
lib/matplotlib/axes/_base.py::497,0.180966
lib/matplotlib/axes/_base.py::499,0.180966
lib/matplotlib/axes/_base.py::500,0.180966
lib/matplotlib/axes/_base.py::501,0.180966
lib/matplotlib/axes/_base.py::502,0.180966
lib/matplotlib/axes/_base.py::504,0.180966
lib/matplotlib/axes/_base.py::505,0.180966
lib/matplotlib/axes/_base.py::506,0.180966
lib/matplotlib/axes/_base.py::507,0.180966
lib/matplotlib/axes/_base.py::508,0.180966
lib/matplotlib/axes/_base.py::509,0.180966
lib/matplotlib/axes/_base.py::510,0.180966
lib/matplotlib/axes/_base.py::512,0.180966
lib/matplotlib/axes/_base.py::514,0.180966
lib/matplotlib/axes/_base.py::515,0.180966
lib/matplotlib/axes/_base.py::577,0.180966
lib/matplotlib/axes/_base.py::579,0.180966
lib/matplotlib/axes/_base.py::580,0.180966
lib/matplotlib/axes/_base.py::582,0.180966
lib/matplotlib/axes/_base.py::583,0.180966
lib/matplotlib/axes/_base.py::584,0.180966
lib/matplotlib/axes/_base.py::585,0.180966
lib/matplotlib/axes/_base.py::587,0.180966
lib/matplotlib/axes/_base.py::807,0.180966
lib/matplotlib/axes/_base.py::808,0.180966
lib/matplotlib/axes/_base.py::809,0.180966
lib/matplotlib/axes/_base.py::810,0.180966
lib/matplotlib/axes/_base.py::900,0.180966
lib/matplotlib/axes/_base.py::901,0.180966
lib/matplotlib/axes/_base.py::911,0.180966
lib/matplotlib/axes/_base.py::912,0.180966
lib/matplotlib/axes/_base.py::915,0.180966
lib/matplotlib/axes/_base.py::916,0.180966
lib/matplotlib/axes/_base.py::959,0.180966
lib/matplotlib/axes/_base.py::962,0.180966
lib/matplotlib/axes/_base.py::964,0.180966
lib/matplotlib/axes/_base.py::965,0.180966
lib/matplotlib/axes/_base.py::967,0.180966
lib/matplotlib/axes/_base.py::968,0.180966
lib/matplotlib/axes/_base.py::970,0.180966
lib/matplotlib/axes/_base.py::971,0.180966
lib/matplotlib/axes/_base.py::973,0.180966
lib/matplotlib/axes/_base.py::974,0.180966
lib/matplotlib/axes/_base.py::976,0.180966
lib/matplotlib/axes/_base.py::986,0.180966
lib/matplotlib/axes/_base.py::987,0.180966
lib/matplotlib/axes/_base.py::988,0.180966
lib/matplotlib/axes/_base.py::992,0.180966
lib/matplotlib/axis.py::100,0.180966
lib/matplotlib/axis.py::102,0.180966
lib/matplotlib/axis.py::104,0.180966
lib/matplotlib/axis.py::105,0.180966
lib/matplotlib/axis.py::106,0.180966
lib/matplotlib/axis.py::108,0.180966
lib/matplotlib/axis.py::109,0.180966
lib/matplotlib/axis.py::110,0.180966
lib/matplotlib/axis.py::112,0.180966
lib/matplotlib/axis.py::113,0.180966
lib/matplotlib/axis.py::115,0.180966
lib/matplotlib/axis.py::116,0.180966
lib/matplotlib/axis.py::117,0.180966
lib/matplotlib/axis.py::119,0.180966
lib/matplotlib/axis.py::120,0.180966
lib/matplotlib/axis.py::122,0.180966
lib/matplotlib/axis.py::123,0.180966
lib/matplotlib/axis.py::125,0.180966
lib/matplotlib/axis.py::127,0.180966
lib/matplotlib/axis.py::128,0.180966
lib/matplotlib/axis.py::129,0.180966
lib/matplotlib/axis.py::131,0.180966
lib/matplotlib/axis.py::132,0.180966
lib/matplotlib/axis.py::1338,0.180966
lib/matplotlib/axis.py::134,0.180966
lib/matplotlib/axis.py::135,0.180966
lib/matplotlib/axis.py::136,0.180966
lib/matplotlib/axis.py::137,0.180966
lib/matplotlib/axis.py::138,0.180966
lib/matplotlib/axis.py::139,0.180966
lib/matplotlib/axis.py::140,0.180966
lib/matplotlib/axis.py::1402,0.180966
lib/matplotlib/axis.py::1408,0.180966
lib/matplotlib/axis.py::1409,0.180966
lib/matplotlib/axis.py::141,0.180966
lib/matplotlib/axis.py::1410,0.180966
lib/matplotlib/axis.py::1412,0.180966
lib/matplotlib/axis.py::1419,0.180966
lib/matplotlib/axis.py::142,0.180966
lib/matplotlib/axis.py::1420,0.180966
lib/matplotlib/axis.py::1423,0.180966
lib/matplotlib/axis.py::1424,0.180966
lib/matplotlib/axis.py::1425,0.180966
lib/matplotlib/axis.py::1426,0.180966
lib/matplotlib/axis.py::1434,0.180966
lib/matplotlib/axis.py::1435,0.180966
lib/matplotlib/axis.py::1436,0.180966
lib/matplotlib/axis.py::144,0.180966
lib/matplotlib/axis.py::1454,0.180966
lib/matplotlib/axis.py::1455,0.180966
lib/matplotlib/axis.py::146,0.180966
lib/matplotlib/axis.py::147,0.180966
lib/matplotlib/axis.py::148,0.180966
lib/matplotlib/axis.py::1484,0.180966
lib/matplotlib/axis.py::1488,0.180966
lib/matplotlib/axis.py::1489,0.180966
lib/matplotlib/axis.py::149,0.180966
lib/matplotlib/axis.py::151,0.180966
lib/matplotlib/axis.py::1511,0.180966
lib/matplotlib/axis.py::1512,0.180966
lib/matplotlib/axis.py::1513,0.180966
lib/matplotlib/axis.py::1514,0.180966
lib/matplotlib/axis.py::1519,0.180966
lib/matplotlib/axis.py::152,0.180966
lib/matplotlib/axis.py::1520,0.180966
lib/matplotlib/axis.py::1521,0.180966
lib/matplotlib/axis.py::1522,0.180966
lib/matplotlib/axis.py::1523,0.180966
lib/matplotlib/axis.py::153,0.180966
lib/matplotlib/axis.py::154,0.180966
lib/matplotlib/axis.py::1558,0.180966
lib/matplotlib/axis.py::1559,0.180966
lib/matplotlib/axis.py::156,0.180966
lib/matplotlib/axis.py::1560,0.180966
lib/matplotlib/axis.py::1561,0.180966
lib/matplotlib/axis.py::1562,0.180966
lib/matplotlib/axis.py::157,0.180966
lib/matplotlib/axis.py::1572,0.180966
lib/matplotlib/axis.py::1573,0.180966
lib/matplotlib/axis.py::1574,0.180966
lib/matplotlib/axis.py::1575,0.180966
lib/matplotlib/axis.py::1576,0.180966
lib/matplotlib/axis.py::158,0.180966
lib/matplotlib/axis.py::1586,0.180966
lib/matplotlib/axis.py::1587,0.180966
lib/matplotlib/axis.py::1588,0.180966
lib/matplotlib/axis.py::1589,0.180966
lib/matplotlib/axis.py::159,0.180966
lib/matplotlib/axis.py::1590,0.180966
lib/matplotlib/axis.py::1591,0.180966
lib/matplotlib/axis.py::1592,0.180966
lib/matplotlib/axis.py::160,0.180966
lib/matplotlib/axis.py::1602,0.180966
lib/matplotlib/axis.py::1603,0.180966
lib/matplotlib/axis.py::1604,0.180966
lib/matplotlib/axis.py::1605,0.180966
lib/matplotlib/axis.py::1606,0.180966
lib/matplotlib/axis.py::1607,0.180966
lib/matplotlib/axis.py::1608,0.180966
lib/matplotlib/axis.py::163,0.180966
lib/matplotlib/axis.py::164,0.180966
lib/matplotlib/axis.py::165,0.180966
lib/matplotlib/axis.py::166,0.180966
lib/matplotlib/axis.py::167,0.180966
lib/matplotlib/axis.py::169,0.180966
lib/matplotlib/axis.py::170,0.180966
lib/matplotlib/axis.py::171,0.180966
lib/matplotlib/axis.py::172,0.180966
lib/matplotlib/axis.py::174,0.180966
lib/matplotlib/axis.py::178,0.180966
lib/matplotlib/axis.py::179,0.180966
lib/matplotlib/axis.py::1850,0.180966
lib/matplotlib/axis.py::1853,0.180966
lib/matplotlib/axis.py::1854,0.180966
lib/matplotlib/axis.py::1855,0.180966
lib/matplotlib/axis.py::1856,0.180966
lib/matplotlib/axis.py::1857,0.180966
lib/matplotlib/axis.py::1859,0.180966
lib/matplotlib/axis.py::186,0.180966
lib/matplotlib/axis.py::1860,0.180966
lib/matplotlib/axis.py::1861,0.180966
lib/matplotlib/axis.py::1862,0.180966
lib/matplotlib/axis.py::1863,0.180966
lib/matplotlib/axis.py::1864,0.180966
lib/matplotlib/axis.py::1865,0.180966
lib/matplotlib/axis.py::1866,0.180966
lib/matplotlib/axis.py::1867,0.180966
lib/matplotlib/axis.py::1869,0.180966
lib/matplotlib/axis.py::187,0.180966
lib/matplotlib/axis.py::188,0.180966
lib/matplotlib/axis.py::190,0.180966
lib/matplotlib/axis.py::2096,0.180966
lib/matplotlib/axis.py::2140,0.180966
lib/matplotlib/axis.py::2143,0.180966
lib/matplotlib/axis.py::2144,0.180966
lib/matplotlib/axis.py::2145,0.180966
lib/matplotlib/axis.py::2146,0.180966
lib/matplotlib/axis.py::2147,0.180966
lib/matplotlib/axis.py::2148,0.180966
lib/matplotlib/axis.py::2150,0.180966
lib/matplotlib/axis.py::2152,0.180966
lib/matplotlib/axis.py::2153,0.180966
lib/matplotlib/axis.py::2154,0.180966
lib/matplotlib/axis.py::2155,0.180966
lib/matplotlib/axis.py::2156,0.180966
lib/matplotlib/axis.py::2157,0.180966
lib/matplotlib/axis.py::2158,0.180966
lib/matplotlib/axis.py::2159,0.180966
lib/matplotlib/axis.py::2161,0.180966
lib/matplotlib/axis.py::219,0.180966
lib/matplotlib/axis.py::222,0.180966
lib/matplotlib/axis.py::225,0.180966
lib/matplotlib/axis.py::226,0.180966
lib/matplotlib/axis.py::227,0.180966
lib/matplotlib/axis.py::228,0.180966
lib/matplotlib/axis.py::2384,0.180966
lib/matplotlib/axis.py::239,0.180966
lib/matplotlib/axis.py::240,0.180966
lib/matplotlib/axis.py::241,0.180966
lib/matplotlib/axis.py::243,0.180966
lib/matplotlib/axis.py::252,0.180966
lib/matplotlib/axis.py::253,0.180966
lib/matplotlib/axis.py::254,0.180966
lib/matplotlib/axis.py::342,0.180966
lib/matplotlib/axis.py::351,0.180966
lib/matplotlib/axis.py::352,0.180966
lib/matplotlib/axis.py::353,0.180966
lib/matplotlib/axis.py::354,0.180966
lib/matplotlib/axis.py::355,0.180966
lib/matplotlib/axis.py::356,0.180966
lib/matplotlib/axis.py::357,0.180966
lib/matplotlib/axis.py::358,0.180966
lib/matplotlib/axis.py::377,0.180966
lib/matplotlib/axis.py::378,0.180966
lib/matplotlib/axis.py::379,0.180966
lib/matplotlib/axis.py::380,0.180966
lib/matplotlib/axis.py::383,0.180966
lib/matplotlib/axis.py::388,0.180966
lib/matplotlib/axis.py::390,0.180966
lib/matplotlib/axis.py::391,0.180966
lib/matplotlib/axis.py::392,0.180966
lib/matplotlib/axis.py::399,0.180966
lib/matplotlib/axis.py::401,0.180966
lib/matplotlib/axis.py::402,0.180966
lib/matplotlib/axis.py::424,0.180966
lib/matplotlib/axis.py::426,0.180966
lib/matplotlib/axis.py::427,0.180966
lib/matplotlib/axis.py::428,0.180966
lib/matplotlib/axis.py::429,0.180966
lib/matplotlib/axis.py::431,0.180966
lib/matplotlib/axis.py::432,0.180966
lib/matplotlib/axis.py::433,0.180966
lib/matplotlib/axis.py::434,0.180966
lib/matplotlib/axis.py::436,0.180966
lib/matplotlib/axis.py::437,0.180966
lib/matplotlib/axis.py::438,0.180966
lib/matplotlib/axis.py::441,0.180966
lib/matplotlib/axis.py::442,0.180966
lib/matplotlib/axis.py::443,0.180966
lib/matplotlib/axis.py::444,0.180966
lib/matplotlib/axis.py::446,0.180966
lib/matplotlib/axis.py::447,0.180966
lib/matplotlib/axis.py::448,0.180966
lib/matplotlib/axis.py::449,0.180966
lib/matplotlib/axis.py::453,0.180966
lib/matplotlib/axis.py::456,0.180966
lib/matplotlib/axis.py::459,0.180966
lib/matplotlib/axis.py::460,0.180966
lib/matplotlib/axis.py::461,0.180966
lib/matplotlib/axis.py::463,0.180966
lib/matplotlib/axis.py::469,0.180966
lib/matplotlib/axis.py::470,0.180966
lib/matplotlib/axis.py::474,0.180966
lib/matplotlib/axis.py::475,0.180966
lib/matplotlib/axis.py::476,0.180966
lib/matplotlib/axis.py::477,0.180966
lib/matplotlib/axis.py::478,0.180966
lib/matplotlib/axis.py::479,0.180966
lib/matplotlib/axis.py::480,0.180966
lib/matplotlib/axis.py::495,0.180966
lib/matplotlib/axis.py::497,0.180966
lib/matplotlib/axis.py::498,0.180966
lib/matplotlib/axis.py::499,0.180966
lib/matplotlib/axis.py::500,0.180966
lib/matplotlib/axis.py::502,0.180966
lib/matplotlib/axis.py::503,0.180966
lib/matplotlib/axis.py::504,0.180966
lib/matplotlib/axis.py::505,0.180966
lib/matplotlib/axis.py::507,0.180966
lib/matplotlib/axis.py::508,0.180966
lib/matplotlib/axis.py::509,0.180966
lib/matplotlib/axis.py::512,0.180966
lib/matplotlib/axis.py::513,0.180966
lib/matplotlib/axis.py::514,0.180966
lib/matplotlib/axis.py::515,0.180966
lib/matplotlib/axis.py::517,0.180966
lib/matplotlib/axis.py::518,0.180966
lib/matplotlib/axis.py::519,0.180966
lib/matplotlib/axis.py::520,0.180966
lib/matplotlib/axis.py::524,0.180966
lib/matplotlib/axis.py::527,0.180966
lib/matplotlib/axis.py::530,0.180966
lib/matplotlib/axis.py::531,0.180966
lib/matplotlib/axis.py::532,0.180966
lib/matplotlib/axis.py::534,0.180966
lib/matplotlib/axis.py::540,0.180966
lib/matplotlib/axis.py::541,0.180966
lib/matplotlib/axis.py::545,0.180966
lib/matplotlib/axis.py::546,0.180966
lib/matplotlib/axis.py::547,0.180966
lib/matplotlib/axis.py::548,0.180966
lib/matplotlib/axis.py::549,0.180966
lib/matplotlib/axis.py::550,0.180966
lib/matplotlib/axis.py::551,0.180966
lib/matplotlib/axis.py::571,0.180966
lib/matplotlib/axis.py::572,0.180966
lib/matplotlib/axis.py::576,0.180966
lib/matplotlib/axis.py::580,0.180966
lib/matplotlib/axis.py::585,0.180966
lib/matplotlib/axis.py::589,0.180966
lib/matplotlib/axis.py::593,0.180966
lib/matplotlib/axis.py::598,0.180966
lib/matplotlib/axis.py::613,0.180966
lib/matplotlib/axis.py::621,0.180966
lib/matplotlib/axis.py::622,0.180966
lib/matplotlib/axis.py::623,0.180966
lib/matplotlib/axis.py::624,0.180966
lib/matplotlib/axis.py::625,0.180966
lib/matplotlib/axis.py::627,0.180966
lib/matplotlib/axis.py::628,0.180966
lib/matplotlib/axis.py::629,0.180966
lib/matplotlib/axis.py::630,0.180966
lib/matplotlib/axis.py::679,0.180966
lib/matplotlib/axis.py::680,0.180966
lib/matplotlib/axis.py::682,0.180966
lib/matplotlib/axis.py::684,0.180966
lib/matplotlib/axis.py::686,0.180966
lib/matplotlib/axis.py::687,0.180966
lib/matplotlib/axis.py::688,0.180966
lib/matplotlib/axis.py::689,0.180966
lib/matplotlib/axis.py::691,0.180966
lib/matplotlib/axis.py::692,0.180966
lib/matplotlib/axis.py::694,0.180966
lib/matplotlib/axis.py::695,0.180966
lib/matplotlib/axis.py::696,0.180966
lib/matplotlib/axis.py::697,0.180966
lib/matplotlib/axis.py::698,0.180966
lib/matplotlib/axis.py::699,0.180966
lib/matplotlib/axis.py::701,0.180966
lib/matplotlib/axis.py::702,0.180966
lib/matplotlib/axis.py::703,0.180966
lib/matplotlib/axis.py::705,0.180966
lib/matplotlib/axis.py::707,0.180966
lib/matplotlib/axis.py::710,0.180966
lib/matplotlib/axis.py::711,0.180966
lib/matplotlib/axis.py::713,0.180966
lib/matplotlib/axis.py::714,0.180966
lib/matplotlib/axis.py::754,0.180966
lib/matplotlib/axis.py::757,0.180966
lib/matplotlib/axis.py::760,0.180966
lib/matplotlib/axis.py::761,0.180966
lib/matplotlib/axis.py::763,0.180966
lib/matplotlib/axis.py::764,0.180966
lib/matplotlib/axis.py::765,0.180966
lib/matplotlib/axis.py::766,0.180966
lib/matplotlib/axis.py::769,0.180966
lib/matplotlib/axis.py::778,0.180966
lib/matplotlib/axis.py::780,0.180966
lib/matplotlib/axis.py::783,0.180966
lib/matplotlib/axis.py::786,0.180966
lib/matplotlib/axis.py::788,0.180966
lib/matplotlib/axis.py::791,0.180966
lib/matplotlib/axis.py::793,0.180966
lib/matplotlib/axis.py::794,0.180966
lib/matplotlib/axis.py::795,0.180966
lib/matplotlib/axis.py::796,0.180966
lib/matplotlib/axis.py::805,0.180966
lib/matplotlib/axis.py::806,0.180966
lib/matplotlib/axis.py::807,0.180966
lib/matplotlib/axis.py::808,0.180966
lib/matplotlib/axis.py::809,0.180966
lib/matplotlib/axis.py::810,0.180966
lib/matplotlib/axis.py::811,0.180966
lib/matplotlib/axis.py::812,0.180966
lib/matplotlib/axis.py::813,0.180966
lib/matplotlib/axis.py::814,0.180966
lib/matplotlib/axis.py::815,0.180966
lib/matplotlib/axis.py::816,0.180966
lib/matplotlib/axis.py::825,0.180966
lib/matplotlib/axis.py::826,0.180966
lib/matplotlib/axis.py::830,0.180966
lib/matplotlib/axis.py::839,0.180966
lib/matplotlib/axis.py::84,0.180966
lib/matplotlib/axis.py::840,0.180966
lib/matplotlib/axis.py::841,0.180966
lib/matplotlib/axis.py::842,0.180966
lib/matplotlib/axis.py::843,0.180966
lib/matplotlib/axis.py::844,0.180966
lib/matplotlib/axis.py::845,0.180966
lib/matplotlib/axis.py::846,0.180966
lib/matplotlib/axis.py::848,0.180966
lib/matplotlib/axis.py::851,0.180966
lib/matplotlib/axis.py::856,0.180966
lib/matplotlib/axis.py::857,0.180966
lib/matplotlib/axis.py::858,0.180966
lib/matplotlib/axis.py::859,0.180966
lib/matplotlib/axis.py::86,0.180966
lib/matplotlib/axis.py::860,0.180966
lib/matplotlib/axis.py::861,0.180966
lib/matplotlib/axis.py::862,0.180966
lib/matplotlib/axis.py::863,0.180966
lib/matplotlib/axis.py::865,0.180966
lib/matplotlib/axis.py::867,0.180966
lib/matplotlib/axis.py::869,0.180966
lib/matplotlib/axis.py::87,0.180966
lib/matplotlib/axis.py::870,0.180966
lib/matplotlib/axis.py::871,0.180966
lib/matplotlib/axis.py::872,0.180966
lib/matplotlib/axis.py::873,0.180966
lib/matplotlib/axis.py::874,0.180966
lib/matplotlib/axis.py::875,0.180966
lib/matplotlib/axis.py::876,0.180966
lib/matplotlib/axis.py::877,0.180966
lib/matplotlib/axis.py::878,0.180966
lib/matplotlib/axis.py::879,0.180966
lib/matplotlib/axis.py::880,0.180966
lib/matplotlib/axis.py::881,0.180966
lib/matplotlib/axis.py::882,0.180966
lib/matplotlib/axis.py::883,0.180966
lib/matplotlib/axis.py::884,0.180966
lib/matplotlib/axis.py::885,0.180966
lib/matplotlib/axis.py::89,0.180966
lib/matplotlib/axis.py::890,0.180966
lib/matplotlib/axis.py::891,0.180966
lib/matplotlib/axis.py::895,0.180966
lib/matplotlib/axis.py::896,0.180966
lib/matplotlib/axis.py::899,0.180966
lib/matplotlib/axis.py::90,0.180966
lib/matplotlib/axis.py::900,0.180966
lib/matplotlib/axis.py::901,0.180966
lib/matplotlib/axis.py::902,0.180966
lib/matplotlib/axis.py::93,0.180966
lib/matplotlib/axis.py::95,0.180966
lib/matplotlib/axis.py::96,0.180966
lib/matplotlib/axis.py::98,0.180966
lib/matplotlib/axis.py::980,0.180966
lib/matplotlib/axis.py::982,0.180966
lib/matplotlib/backend_bases.py::1594,0.180966
lib/matplotlib/backend_bases.py::1595,0.180966
lib/matplotlib/backend_bases.py::1596,0.180966
lib/matplotlib/backend_bases.py::1597,0.180966
lib/matplotlib/backend_bases.py::1598,0.180966
lib/matplotlib/backend_bases.py::1599,0.180966
lib/matplotlib/backend_bases.py::1601,0.180966
lib/matplotlib/backend_bases.py::1602,0.180966
lib/matplotlib/backend_bases.py::1603,0.180966
lib/matplotlib/backend_bases.py::1604,0.180966
lib/matplotlib/backend_bases.py::1605,0.180966
lib/matplotlib/backend_bases.py::1606,0.180966
lib/matplotlib/backend_bases.py::1607,0.180966
lib/matplotlib/backend_bases.py::1608,0.180966
lib/matplotlib/backend_bases.py::1609,0.180966
lib/matplotlib/backend_bases.py::1610,0.180966
lib/matplotlib/backend_bases.py::2211,0.180966
lib/matplotlib/cbook/__init__.py::101,0.180966
lib/matplotlib/cbook/__init__.py::1342,0.180966
lib/matplotlib/cbook/__init__.py::1343,0.180966
lib/matplotlib/cbook/__init__.py::1344,0.180966
lib/matplotlib/cbook/__init__.py::1345,0.180966
lib/matplotlib/cbook/__init__.py::1353,0.180966
lib/matplotlib/cbook/__init__.py::1356,0.180966
lib/matplotlib/cbook/__init__.py::159,0.180966
lib/matplotlib/cbook/__init__.py::160,0.180966
lib/matplotlib/cbook/__init__.py::161,0.180966
lib/matplotlib/cbook/__init__.py::1614,0.180966
lib/matplotlib/cbook/__init__.py::162,0.180966
lib/matplotlib/cbook/__init__.py::1727,0.180966
lib/matplotlib/cbook/__init__.py::1730,0.180966
lib/matplotlib/cbook/__init__.py::1732,0.180966
lib/matplotlib/cbook/__init__.py::1733,0.180966
lib/matplotlib/cbook/__init__.py::1734,0.180966
lib/matplotlib/cbook/__init__.py::1737,0.180966
lib/matplotlib/cbook/__init__.py::1739,0.180966
lib/matplotlib/cbook/__init__.py::1742,0.180966
lib/matplotlib/cbook/__init__.py::1746,0.180966
lib/matplotlib/cbook/__init__.py::1747,0.180966
lib/matplotlib/cbook/__init__.py::1748,0.180966
lib/matplotlib/cbook/__init__.py::1749,0.180966
lib/matplotlib/cbook/__init__.py::1750,0.180966
lib/matplotlib/cbook/__init__.py::1752,0.180966
lib/matplotlib/cbook/__init__.py::1753,0.180966
lib/matplotlib/cbook/__init__.py::1755,0.180966
lib/matplotlib/cbook/__init__.py::1756,0.180966
lib/matplotlib/cbook/__init__.py::1757,0.180966
lib/matplotlib/cbook/__init__.py::1758,0.180966
lib/matplotlib/cbook/__init__.py::1759,0.180966
lib/matplotlib/cbook/__init__.py::1760,0.180966
lib/matplotlib/cbook/__init__.py::1763,0.180966
lib/matplotlib/cbook/__init__.py::1764,0.180966
lib/matplotlib/cbook/__init__.py::1765,0.180966
lib/matplotlib/cbook/__init__.py::1774,0.180966
lib/matplotlib/cbook/__init__.py::1776,0.180966
lib/matplotlib/cbook/__init__.py::1777,0.180966
lib/matplotlib/cbook/__init__.py::1781,0.180966
lib/matplotlib/cbook/__init__.py::1782,0.180966
lib/matplotlib/cbook/__init__.py::1786,0.180966
lib/matplotlib/cbook/__init__.py::1795,0.180966
lib/matplotlib/cbook/__init__.py::181,0.180966
lib/matplotlib/cbook/__init__.py::182,0.180966
lib/matplotlib/cbook/__init__.py::183,0.180966
lib/matplotlib/cbook/__init__.py::184,0.180966
lib/matplotlib/cbook/__init__.py::185,0.180966
lib/matplotlib/cbook/__init__.py::186,0.180966
lib/matplotlib/cbook/__init__.py::189,0.180966
lib/matplotlib/cbook/__init__.py::190,0.180966
lib/matplotlib/cbook/__init__.py::191,0.180966
lib/matplotlib/cbook/__init__.py::192,0.180966
lib/matplotlib/cbook/__init__.py::193,0.180966
lib/matplotlib/cbook/__init__.py::1983,0.180966
lib/matplotlib/cbook/__init__.py::1984,0.180966
lib/matplotlib/cbook/__init__.py::1985,0.180966
lib/matplotlib/cbook/__init__.py::1986,0.180966
lib/matplotlib/cbook/__init__.py::1987,0.180966
lib/matplotlib/cbook/__init__.py::1988,0.180966
lib/matplotlib/cbook/__init__.py::1990,0.180966
lib/matplotlib/cbook/__init__.py::1991,0.180966
lib/matplotlib/cbook/__init__.py::1994,0.180966
lib/matplotlib/cbook/__init__.py::2021,0.180966
lib/matplotlib/cbook/__init__.py::2130,0.180966
lib/matplotlib/cbook/__init__.py::2131,0.180966
lib/matplotlib/cbook/__init__.py::2132,0.180966
lib/matplotlib/cbook/__init__.py::2133,0.180966
lib/matplotlib/cbook/__init__.py::2134,0.180966
lib/matplotlib/cbook/__init__.py::2136,0.180966
lib/matplotlib/cbook/__init__.py::2137,0.180966
lib/matplotlib/cbook/__init__.py::2138,0.180966
lib/matplotlib/cbook/__init__.py::2140,0.180966
lib/matplotlib/cbook/__init__.py::2141,0.180966
lib/matplotlib/cbook/__init__.py::2144,0.180966
lib/matplotlib/cbook/__init__.py::2145,0.180966
lib/matplotlib/cbook/__init__.py::2163,0.180966
lib/matplotlib/cbook/__init__.py::2164,0.180966
lib/matplotlib/cbook/__init__.py::2165,0.180966
lib/matplotlib/cbook/__init__.py::232,0.180966
lib/matplotlib/cbook/__init__.py::616,0.180966
lib/matplotlib/cbook/__init__.py::617,0.180966
lib/matplotlib/cbook/__init__.py::649,0.180966
lib/matplotlib/cbook/__init__.py::650,0.180966
lib/matplotlib/cbook/__init__.py::651,0.180966
lib/matplotlib/cbook/__init__.py::670,0.180966
lib/matplotlib/cbook/__init__.py::671,0.180966
lib/matplotlib/cbook/__init__.py::679,0.180966
lib/matplotlib/cbook/__init__.py::681,0.180966
lib/matplotlib/cbook/__init__.py::682,0.180966
lib/matplotlib/cbook/__init__.py::683,0.180966
lib/matplotlib/cbook/__init__.py::684,0.180966
lib/matplotlib/cbook/__init__.py::685,0.180966
lib/matplotlib/cbook/__init__.py::686,0.180966
lib/matplotlib/cbook/__init__.py::689,0.180966
lib/matplotlib/cbook/__init__.py::690,0.180966
lib/matplotlib/cbook/__init__.py::691,0.180966
lib/matplotlib/cbook/__init__.py::867,0.180966
lib/matplotlib/cbook/__init__.py::874,0.180966
lib/matplotlib/cbook/__init__.py::875,0.180966
lib/matplotlib/cbook/__init__.py::876,0.180966
lib/matplotlib/cbook/__init__.py::92,0.180966
lib/matplotlib/cbook/__init__.py::923,0.180966
lib/matplotlib/cbook/__init__.py::924,0.180966
lib/matplotlib/cbook/__init__.py::925,0.180966
lib/matplotlib/figure.py::1053,0.180966
lib/matplotlib/figure.py::1056,0.180966
lib/matplotlib/figure.py::1057,0.180966
lib/matplotlib/figure.py::1067,0.180966
lib/matplotlib/figure.py::1069,0.180966
lib/matplotlib/figure.py::1070,0.180966
lib/matplotlib/figure.py::1071,0.180966
lib/matplotlib/figure.py::1072,0.180966
lib/matplotlib/figure.py::1074,0.180966
lib/matplotlib/figure.py::1075,0.180966
lib/matplotlib/figure.py::1077,0.180966
lib/matplotlib/figure.py::1078,0.180966
lib/matplotlib/figure.py::108,0.180966
lib/matplotlib/figure.py::1089,0.180966
lib/matplotlib/figure.py::1097,0.180966
lib/matplotlib/figure.py::1108,0.180966
lib/matplotlib/figure.py::1110,0.180966
lib/matplotlib/figure.py::121,0.180966
lib/matplotlib/figure.py::122,0.180966
lib/matplotlib/figure.py::123,0.180966
lib/matplotlib/figure.py::127,0.180966
lib/matplotlib/figure.py::128,0.180966
lib/matplotlib/figure.py::134,0.180966
lib/matplotlib/figure.py::136,0.180966
lib/matplotlib/figure.py::137,0.180966
lib/matplotlib/figure.py::1400,0.180966
lib/matplotlib/figure.py::1401,0.180966
lib/matplotlib/figure.py::1402,0.180966
lib/matplotlib/figure.py::1403,0.180966
lib/matplotlib/figure.py::1404,0.180966
lib/matplotlib/figure.py::1405,0.180966
lib/matplotlib/figure.py::145,0.180966
lib/matplotlib/figure.py::148,0.180966
lib/matplotlib/figure.py::149,0.180966
lib/matplotlib/figure.py::152,0.180966
lib/matplotlib/figure.py::155,0.180966
lib/matplotlib/figure.py::1641,0.180966
lib/matplotlib/figure.py::1642,0.180966
lib/matplotlib/figure.py::1644,0.180966
lib/matplotlib/figure.py::1648,0.180966
lib/matplotlib/figure.py::1649,0.180966
lib/matplotlib/figure.py::1651,0.180966
lib/matplotlib/figure.py::1652,0.180966
lib/matplotlib/figure.py::1653,0.180966
lib/matplotlib/figure.py::1654,0.180966
lib/matplotlib/figure.py::1655,0.180966
lib/matplotlib/figure.py::1656,0.180966
lib/matplotlib/figure.py::1657,0.180966
lib/matplotlib/figure.py::1658,0.180966
lib/matplotlib/figure.py::1659,0.180966
lib/matplotlib/figure.py::1660,0.180966
lib/matplotlib/figure.py::1661,0.180966
lib/matplotlib/figure.py::1663,0.180966
lib/matplotlib/figure.py::1891,0.180966
lib/matplotlib/figure.py::1892,0.180966
lib/matplotlib/figure.py::1893,0.180966
lib/matplotlib/figure.py::1894,0.180966
lib/matplotlib/figure.py::193,0.180966
lib/matplotlib/figure.py::194,0.180966
lib/matplotlib/figure.py::1944,0.180966
lib/matplotlib/figure.py::1945,0.180966
lib/matplotlib/figure.py::1947,0.180966
lib/matplotlib/figure.py::195,0.180966
lib/matplotlib/figure.py::196,0.180966
lib/matplotlib/figure.py::203,0.180966
lib/matplotlib/figure.py::204,0.180966
lib/matplotlib/figure.py::205,0.180966
lib/matplotlib/figure.py::207,0.180966
lib/matplotlib/figure.py::208,0.180966
lib/matplotlib/figure.py::210,0.180966
lib/matplotlib/figure.py::212,0.180966
lib/matplotlib/figure.py::214,0.180966
lib/matplotlib/figure.py::216,0.180966
lib/matplotlib/figure.py::218,0.180966
lib/matplotlib/figure.py::220,0.180966
lib/matplotlib/figure.py::308,0.180966
lib/matplotlib/figure.py::313,0.180966
lib/matplotlib/figure.py::314,0.180966
lib/matplotlib/figure.py::316,0.180966
lib/matplotlib/figure.py::318,0.180966
lib/matplotlib/figure.py::320,0.180966
lib/matplotlib/figure.py::322,0.180966
lib/matplotlib/figure.py::324,0.180966
lib/matplotlib/figure.py::327,0.180966
lib/matplotlib/figure.py::330,0.180966
lib/matplotlib/figure.py::332,0.180966
lib/matplotlib/figure.py::334,0.180966
lib/matplotlib/figure.py::335,0.180966
lib/matplotlib/figure.py::337,0.180966
lib/matplotlib/figure.py::339,0.180966
lib/matplotlib/figure.py::340,0.180966
lib/matplotlib/figure.py::341,0.180966
lib/matplotlib/figure.py::343,0.180966
lib/matplotlib/figure.py::344,0.180966
lib/matplotlib/figure.py::345,0.180966
lib/matplotlib/figure.py::347,0.180966
lib/matplotlib/figure.py::348,0.180966
lib/matplotlib/figure.py::350,0.180966
lib/matplotlib/figure.py::351,0.180966
lib/matplotlib/figure.py::353,0.180966
lib/matplotlib/figure.py::355,0.180966
lib/matplotlib/figure.py::357,0.180966
lib/matplotlib/figure.py::359,0.180966
lib/matplotlib/figure.py::361,0.180966
lib/matplotlib/figure.py::362,0.180966
lib/matplotlib/figure.py::363,0.180966
lib/matplotlib/figure.py::368,0.180966
lib/matplotlib/figure.py::369,0.180966
lib/matplotlib/figure.py::372,0.180966
lib/matplotlib/figure.py::422,0.180966
lib/matplotlib/figure.py::45,0.180966
lib/matplotlib/figure.py::46,0.180966
lib/matplotlib/figure.py::467,0.180966
lib/matplotlib/figure.py::468,0.180966
lib/matplotlib/figure.py::469,0.180966
lib/matplotlib/figure.py::470,0.180966
lib/matplotlib/figure.py::471,0.180966
lib/matplotlib/figure.py::479,0.180966
lib/matplotlib/figure.py::497,0.180966
lib/matplotlib/figure.py::498,0.180966
lib/matplotlib/figure.py::499,0.180966
lib/matplotlib/figure.py::500,0.180966
lib/matplotlib/figure.py::501,0.180966
lib/matplotlib/figure.py::502,0.180966
lib/matplotlib/figure.py::504,0.180966
lib/matplotlib/figure.py::505,0.180966
lib/matplotlib/figure.py::508,0.180966
lib/matplotlib/figure.py::510,0.180966
lib/matplotlib/figure.py::539,0.180966
lib/matplotlib/figure.py::540,0.180966
lib/matplotlib/figure.py::541,0.180966
lib/matplotlib/figure.py::545,0.180966
lib/matplotlib/figure.py::66,0.180966
lib/matplotlib/figure.py::67,0.180966
lib/matplotlib/figure.py::73,0.180966
lib/matplotlib/figure.py::74,0.180966
lib/matplotlib/figure.py::75,0.180966
lib/matplotlib/figure.py::754,0.180966
lib/matplotlib/figure.py::82,0.180966
lib/matplotlib/figure.py::83,0.180966
lib/matplotlib/figure.py::84,0.180966
lib/matplotlib/figure.py::96,0.180966
lib/matplotlib/figure.py::97,0.180966
lib/matplotlib/font_manager.py::1051,0.180966
lib/matplotlib/font_manager.py::632,0.180966
lib/matplotlib/font_manager.py::633,0.180966
lib/matplotlib/font_manager.py::634,0.180966
lib/matplotlib/font_manager.py::635,0.180966
lib/matplotlib/font_manager.py::636,0.180966
lib/matplotlib/font_manager.py::637,0.180966
lib/matplotlib/font_manager.py::638,0.180966
lib/matplotlib/font_manager.py::640,0.180966
lib/matplotlib/font_manager.py::652,0.180966
lib/matplotlib/font_manager.py::653,0.180966
lib/matplotlib/font_manager.py::654,0.180966
lib/matplotlib/font_manager.py::655,0.180966
lib/matplotlib/font_manager.py::656,0.180966
lib/matplotlib/font_manager.py::657,0.180966
lib/matplotlib/font_manager.py::658,0.180966
lib/matplotlib/font_manager.py::754,0.180966
lib/matplotlib/font_manager.py::755,0.180966
lib/matplotlib/font_manager.py::756,0.180966
lib/matplotlib/font_manager.py::763,0.180966
lib/matplotlib/font_manager.py::764,0.180966
lib/matplotlib/font_manager.py::765,0.180966
lib/matplotlib/font_manager.py::766,0.180966
lib/matplotlib/font_manager.py::773,0.180966
lib/matplotlib/font_manager.py::774,0.180966
lib/matplotlib/font_manager.py::775,0.180966
lib/matplotlib/font_manager.py::776,0.180966
lib/matplotlib/font_manager.py::785,0.180966
lib/matplotlib/font_manager.py::786,0.180966
lib/matplotlib/font_manager.py::787,0.180966
lib/matplotlib/font_manager.py::788,0.180966
lib/matplotlib/font_manager.py::791,0.180966
lib/matplotlib/font_manager.py::792,0.180966
lib/matplotlib/font_manager.py::794,0.180966
lib/matplotlib/font_manager.py::803,0.180966
lib/matplotlib/font_manager.py::804,0.180966
lib/matplotlib/font_manager.py::805,0.180966
lib/matplotlib/font_manager.py::806,0.180966
lib/matplotlib/font_manager.py::809,0.180966
lib/matplotlib/font_manager.py::810,0.180966
lib/matplotlib/font_manager.py::812,0.180966
lib/matplotlib/font_manager.py::820,0.180966
lib/matplotlib/font_manager.py::821,0.180966
lib/matplotlib/font_manager.py::822,0.180966
lib/matplotlib/font_manager.py::823,0.180966
lib/matplotlib/font_manager.py::824,0.180966
lib/matplotlib/font_manager.py::825,0.180966
lib/matplotlib/font_manager.py::826,0.180966
lib/matplotlib/font_manager.py::832,0.180966
lib/matplotlib/font_manager.py::833,0.180966
lib/matplotlib/font_manager.py::837,0.180966
lib/matplotlib/font_manager.py::844,0.180966
lib/matplotlib/font_manager.py::861,0.180966
lib/matplotlib/font_manager.py::862,0.180966
lib/matplotlib/font_manager.py::863,0.180966
lib/matplotlib/font_manager.py::941,0.180966
lib/matplotlib/font_manager.py::943,0.180966
lib/matplotlib/lines.py::1028,0.180966
lib/matplotlib/lines.py::1029,0.180966
lib/matplotlib/lines.py::1030,0.180966
lib/matplotlib/lines.py::1048,0.180966
lib/matplotlib/lines.py::1049,0.180966
lib/matplotlib/lines.py::1050,0.180966
lib/matplotlib/lines.py::1060,0.180966
lib/matplotlib/lines.py::1061,0.180966
lib/matplotlib/lines.py::1089,0.180966
lib/matplotlib/lines.py::1091,0.180966
lib/matplotlib/lines.py::1092,0.180966
lib/matplotlib/lines.py::1093,0.180966
lib/matplotlib/lines.py::1095,0.180966
lib/matplotlib/lines.py::1096,0.180966
lib/matplotlib/lines.py::1107,0.180966
lib/matplotlib/lines.py::1109,0.180966
lib/matplotlib/lines.py::1111,0.180966
lib/matplotlib/lines.py::1113,0.180966
lib/matplotlib/lines.py::1114,0.180966
lib/matplotlib/lines.py::1137,0.180966
lib/matplotlib/lines.py::1138,0.180966
lib/matplotlib/lines.py::1147,0.180966
lib/matplotlib/lines.py::1183,0.180966
lib/matplotlib/lines.py::1184,0.180966
lib/matplotlib/lines.py::1185,0.180966
lib/matplotlib/lines.py::1188,0.180966
lib/matplotlib/lines.py::1189,0.180966
lib/matplotlib/lines.py::1191,0.180966
lib/matplotlib/lines.py::1192,0.180966
lib/matplotlib/lines.py::1194,0.180966
lib/matplotlib/lines.py::1199,0.180966
lib/matplotlib/lines.py::1201,0.180966
lib/matplotlib/lines.py::1202,0.180966
lib/matplotlib/lines.py::1215,0.180966
lib/matplotlib/lines.py::1216,0.180966
lib/matplotlib/lines.py::1226,0.180966
lib/matplotlib/lines.py::1228,0.180966
lib/matplotlib/lines.py::1230,0.180966
lib/matplotlib/lines.py::1231,0.180966
lib/matplotlib/lines.py::1242,0.180966
lib/matplotlib/lines.py::1243,0.180966
lib/matplotlib/lines.py::1244,0.180966
lib/matplotlib/lines.py::1245,0.180966
lib/matplotlib/lines.py::1246,0.180966
lib/matplotlib/lines.py::1256,0.180966
lib/matplotlib/lines.py::1258,0.180966
lib/matplotlib/lines.py::1259,0.180966
lib/matplotlib/lines.py::1260,0.180966
lib/matplotlib/lines.py::1270,0.180966
lib/matplotlib/lines.py::1272,0.180966
lib/matplotlib/lines.py::1273,0.180966
lib/matplotlib/lines.py::1274,0.180966
lib/matplotlib/lines.py::1285,0.180966
lib/matplotlib/lines.py::1286,0.180966
lib/matplotlib/lines.py::1287,0.180966
lib/matplotlib/lines.py::1288,0.180966
lib/matplotlib/lines.py::1298,0.180966
lib/matplotlib/lines.py::1299,0.180966
lib/matplotlib/lines.py::1300,0.180966
lib/matplotlib/lines.py::1310,0.180966
lib/matplotlib/lines.py::1311,0.180966
lib/matplotlib/lines.py::1312,0.180966
lib/matplotlib/lines.py::1369,0.180966
lib/matplotlib/lines.py::1370,0.180966
lib/matplotlib/lines.py::1371,0.180966
lib/matplotlib/lines.py::1372,0.180966
lib/matplotlib/lines.py::1373,0.180966
lib/matplotlib/lines.py::1384,0.180966
lib/matplotlib/lines.py::1385,0.180966
lib/matplotlib/lines.py::1386,0.180966
lib/matplotlib/lines.py::1387,0.180966
lib/matplotlib/lines.py::1388,0.180966
lib/matplotlib/lines.py::1415,0.180966
lib/matplotlib/lines.py::1416,0.180966
lib/matplotlib/lines.py::1417,0.180966
lib/matplotlib/lines.py::1418,0.180966
lib/matplotlib/lines.py::1419,0.180966
lib/matplotlib/lines.py::1430,0.180966
lib/matplotlib/lines.py::1431,0.180966
lib/matplotlib/lines.py::1432,0.180966
lib/matplotlib/lines.py::1433,0.180966
lib/matplotlib/lines.py::1434,0.180966
lib/matplotlib/lines.py::304,0.180966
lib/matplotlib/lines.py::307,0.180966
lib/matplotlib/lines.py::309,0.180966
lib/matplotlib/lines.py::312,0.180966
lib/matplotlib/lines.py::313,0.180966
lib/matplotlib/lines.py::315,0.180966
lib/matplotlib/lines.py::317,0.180966
lib/matplotlib/lines.py::318,0.180966
lib/matplotlib/lines.py::319,0.180966
lib/matplotlib/lines.py::320,0.180966
lib/matplotlib/lines.py::321,0.180966
lib/matplotlib/lines.py::322,0.180966
lib/matplotlib/lines.py::323,0.180966
lib/matplotlib/lines.py::326,0.180966
lib/matplotlib/lines.py::327,0.180966
lib/matplotlib/lines.py::328,0.180966
lib/matplotlib/lines.py::329,0.180966
lib/matplotlib/lines.py::330,0.180966
lib/matplotlib/lines.py::331,0.180966
lib/matplotlib/lines.py::332,0.180966
lib/matplotlib/lines.py::333,0.180966
lib/matplotlib/lines.py::334,0.180966
lib/matplotlib/lines.py::335,0.180966
lib/matplotlib/lines.py::336,0.180966
lib/matplotlib/lines.py::337,0.180966
lib/matplotlib/lines.py::339,0.180966
lib/matplotlib/lines.py::340,0.180966
lib/matplotlib/lines.py::341,0.180966
lib/matplotlib/lines.py::344,0.180966
lib/matplotlib/lines.py::346,0.180966
lib/matplotlib/lines.py::349,0.180966
lib/matplotlib/lines.py::350,0.180966
lib/matplotlib/lines.py::352,0.180966
lib/matplotlib/lines.py::353,0.180966
lib/matplotlib/lines.py::354,0.180966
lib/matplotlib/lines.py::355,0.180966
lib/matplotlib/lines.py::356,0.180966
lib/matplotlib/lines.py::357,0.180966
lib/matplotlib/lines.py::358,0.180966
lib/matplotlib/lines.py::359,0.180966
lib/matplotlib/lines.py::36,0.180966
lib/matplotlib/lines.py::361,0.180966
lib/matplotlib/lines.py::362,0.180966
lib/matplotlib/lines.py::363,0.180966
lib/matplotlib/lines.py::366,0.180966
lib/matplotlib/lines.py::367,0.180966
lib/matplotlib/lines.py::37,0.180966
lib/matplotlib/lines.py::370,0.180966
lib/matplotlib/lines.py::371,0.180966
lib/matplotlib/lines.py::373,0.180966
lib/matplotlib/lines.py::374,0.180966
lib/matplotlib/lines.py::375,0.180966
lib/matplotlib/lines.py::377,0.180966
lib/matplotlib/lines.py::378,0.180966
lib/matplotlib/lines.py::379,0.180966
lib/matplotlib/lines.py::381,0.180966
lib/matplotlib/lines.py::382,0.180966
lib/matplotlib/lines.py::383,0.180966
lib/matplotlib/lines.py::385,0.180966
lib/matplotlib/lines.py::386,0.180966
lib/matplotlib/lines.py::387,0.180966
lib/matplotlib/lines.py::389,0.180966
lib/matplotlib/lines.py::39,0.180966
lib/matplotlib/lines.py::390,0.180966
lib/matplotlib/lines.py::391,0.180966
lib/matplotlib/lines.py::392,0.180966
lib/matplotlib/lines.py::394,0.180966
lib/matplotlib/lines.py::395,0.180966
lib/matplotlib/lines.py::396,0.180966
lib/matplotlib/lines.py::397,0.180966
lib/matplotlib/lines.py::40,0.180966
lib/matplotlib/lines.py::401,0.180966
lib/matplotlib/lines.py::402,0.180966
lib/matplotlib/lines.py::403,0.180966
lib/matplotlib/lines.py::404,0.180966
lib/matplotlib/lines.py::407,0.180966
lib/matplotlib/lines.py::408,0.180966
lib/matplotlib/lines.py::409,0.180966
lib/matplotlib/lines.py::410,0.180966
lib/matplotlib/lines.py::411,0.180966
lib/matplotlib/lines.py::412,0.180966
lib/matplotlib/lines.py::413,0.180966
lib/matplotlib/lines.py::414,0.180966
lib/matplotlib/lines.py::415,0.180966
lib/matplotlib/lines.py::416,0.180966
lib/matplotlib/lines.py::417,0.180966
lib/matplotlib/lines.py::419,0.180966
lib/matplotlib/lines.py::52,0.180966
lib/matplotlib/lines.py::57,0.180966
lib/matplotlib/lines.py::600,0.180966
lib/matplotlib/lines.py::602,0.180966
lib/matplotlib/lines.py::61,0.180966
lib/matplotlib/lines.py::640,0.180966
lib/matplotlib/lines.py::641,0.180966
lib/matplotlib/lines.py::658,0.180966
lib/matplotlib/lines.py::661,0.180966
lib/matplotlib/lines.py::663,0.180966
lib/matplotlib/lines.py::664,0.180966
lib/matplotlib/lines.py::670,0.180966
lib/matplotlib/lines.py::671,0.180966
lib/matplotlib/lines.py::672,0.180966
lib/matplotlib/lines.py::675,0.180966
lib/matplotlib/lines.py::676,0.180966
lib/matplotlib/lines.py::677,0.180966
lib/matplotlib/lines.py::681,0.180966
lib/matplotlib/lines.py::682,0.180966
lib/matplotlib/lines.py::684,0.180966
lib/matplotlib/lines.py::685,0.180966
lib/matplotlib/lines.py::700,0.180966
lib/matplotlib/lines.py::703,0.180966
lib/matplotlib/lines.py::704,0.180966
lib/matplotlib/lines.py::705,0.180966
lib/matplotlib/lines.py::706,0.180966
lib/matplotlib/lines.py::707,0.180966
lib/matplotlib/lines.py::708,0.180966
lib/matplotlib/lines.py::709,0.180966
lib/matplotlib/lines.py::743,0.180966
lib/matplotlib/lines.py::744,0.180966
lib/matplotlib/lines.py::745,0.180966
lib/matplotlib/lines.py::746,0.180966
lib/matplotlib/markers.py::239,0.180966
lib/matplotlib/markers.py::240,0.180966
lib/matplotlib/markers.py::241,0.180966
lib/matplotlib/markers.py::244,0.180966
lib/matplotlib/markers.py::245,0.180966
lib/matplotlib/markers.py::246,0.180966
lib/matplotlib/markers.py::247,0.180966
lib/matplotlib/markers.py::248,0.180966
lib/matplotlib/markers.py::249,0.180966
lib/matplotlib/markers.py::250,0.180966
lib/matplotlib/markers.py::251,0.180966
lib/matplotlib/markers.py::252,0.180966
lib/matplotlib/markers.py::253,0.180966
lib/matplotlib/markers.py::254,0.180966
lib/matplotlib/markers.py::273,0.180966
lib/matplotlib/markers.py::274,0.180966
lib/matplotlib/markers.py::275,0.180966
lib/matplotlib/markers.py::276,0.180966
lib/matplotlib/markers.py::277,0.180966
lib/matplotlib/markers.py::289,0.180966
lib/matplotlib/markers.py::292,0.180966
lib/matplotlib/markers.py::294,0.180966
lib/matplotlib/markers.py::296,0.180966
lib/matplotlib/markers.py::299,0.180966
lib/matplotlib/markers.py::300,0.180966
lib/matplotlib/markers.py::301,0.180966
lib/matplotlib/markers.py::302,0.180966
lib/matplotlib/markers.py::311,0.180966
lib/matplotlib/markers.py::312,0.180966
lib/matplotlib/markers.py::330,0.180966
lib/matplotlib/markers.py::728,0.180966
lib/matplotlib/markers.py::729,0.180966
lib/matplotlib/markers.py::730,0.180966
lib/matplotlib/markers.py::731,0.180966
lib/matplotlib/markers.py::734,0.180966
lib/matplotlib/markers.py::735,0.180966
lib/matplotlib/markers.py::736,0.180966
lib/matplotlib/markers.py::737,0.180966
lib/matplotlib/markers.py::742,0.180966
lib/matplotlib/markers.py::743,0.180966
lib/matplotlib/markers.py::744,0.180966
lib/matplotlib/markers.py::745,0.180966
lib/matplotlib/markers.py::748,0.180966
lib/matplotlib/markers.py::749,0.180966
lib/matplotlib/markers.py::750,0.180966
lib/matplotlib/markers.py::751,0.180966
lib/matplotlib/patches.py::262,0.180966
lib/matplotlib/patches.py::310,0.180966
lib/matplotlib/patches.py::312,0.180966
lib/matplotlib/patches.py::313,0.180966
lib/matplotlib/patches.py::316,0.180966
lib/matplotlib/patches.py::317,0.180966
lib/matplotlib/patches.py::318,0.180966
lib/matplotlib/patches.py::325,0.180966
lib/matplotlib/patches.py::326,0.180966
lib/matplotlib/patches.py::327,0.180966
lib/matplotlib/patches.py::328,0.180966
lib/matplotlib/patches.py::338,0.180966
lib/matplotlib/patches.py::339,0.180966
lib/matplotlib/patches.py::342,0.180966
lib/matplotlib/patches.py::343,0.180966
lib/matplotlib/patches.py::344,0.180966
lib/matplotlib/patches.py::345,0.180966
lib/matplotlib/patches.py::346,0.180966
lib/matplotlib/patches.py::356,0.180966
lib/matplotlib/patches.py::357,0.180966
lib/matplotlib/patches.py::390,0.180966
lib/matplotlib/patches.py::395,0.180966
lib/matplotlib/patches.py::397,0.180966
lib/matplotlib/patches.py::398,0.180966
lib/matplotlib/patches.py::399,0.180966
lib/matplotlib/patches.py::400,0.180966
lib/matplotlib/patches.py::426,0.180966
lib/matplotlib/patches.py::428,0.180966
lib/matplotlib/patches.py::430,0.180966
lib/matplotlib/patches.py::432,0.180966
lib/matplotlib/patches.py::433,0.180966
lib/matplotlib/patches.py::434,0.180966
lib/matplotlib/patches.py::444,0.180966
lib/matplotlib/patches.py::445,0.180966
lib/matplotlib/patches.py::446,0.180966
lib/matplotlib/patches.py::447,0.180966
lib/matplotlib/patches.py::466,0.180966
lib/matplotlib/patches.py::467,0.180966
lib/matplotlib/patches.py::468,0.180966
lib/matplotlib/patches.py::469,0.180966
lib/matplotlib/patches.py::482,0.180966
lib/matplotlib/patches.py::483,0.180966
lib/matplotlib/patches.py::484,0.180966
lib/matplotlib/patches.py::485,0.180966
lib/matplotlib/patches.py::519,0.180966
lib/matplotlib/patches.py::520,0.180966
lib/matplotlib/patches.py::59,0.180966
lib/matplotlib/patches.py::61,0.180966
lib/matplotlib/patches.py::62,0.180966
lib/matplotlib/patches.py::63,0.180966
lib/matplotlib/patches.py::64,0.180966
lib/matplotlib/patches.py::65,0.180966
lib/matplotlib/patches.py::66,0.180966
lib/matplotlib/patches.py::67,0.180966
lib/matplotlib/patches.py::68,0.180966
lib/matplotlib/patches.py::69,0.180966
lib/matplotlib/patches.py::70,0.180966
lib/matplotlib/patches.py::72,0.180966
lib/matplotlib/patches.py::727,0.180966
lib/matplotlib/patches.py::729,0.180966
lib/matplotlib/patches.py::73,0.180966
lib/matplotlib/patches.py::730,0.180966
lib/matplotlib/patches.py::732,0.180966
lib/matplotlib/patches.py::733,0.180966
lib/matplotlib/patches.py::735,0.180966
lib/matplotlib/patches.py::736,0.180966
lib/matplotlib/patches.py::738,0.180966
lib/matplotlib/patches.py::74,0.180966
lib/matplotlib/patches.py::740,0.180966
lib/matplotlib/patches.py::81,0.180966
lib/matplotlib/patches.py::82,0.180966
lib/matplotlib/patches.py::84,0.180966
lib/matplotlib/patches.py::85,0.180966
lib/matplotlib/patches.py::87,0.180966
lib/matplotlib/patches.py::88,0.180966
lib/matplotlib/patches.py::89,0.180966
lib/matplotlib/patches.py::90,0.180966
lib/matplotlib/patches.py::91,0.180966
lib/matplotlib/patches.py::92,0.180966
lib/matplotlib/patches.py::93,0.180966
lib/matplotlib/patches.py::95,0.180966
lib/matplotlib/patches.py::96,0.180966
lib/matplotlib/path.py::127,0.180966
lib/matplotlib/path.py::128,0.180966
lib/matplotlib/path.py::132,0.180966
lib/matplotlib/path.py::140,0.180966
lib/matplotlib/path.py::146,0.180966
lib/matplotlib/path.py::147,0.180966
lib/matplotlib/path.py::148,0.180966
lib/matplotlib/path.py::149,0.180966
lib/matplotlib/path.py::151,0.180966
lib/matplotlib/path.py::157,0.180966
lib/matplotlib/path.py::189,0.180966
lib/matplotlib/path.py::191,0.180966
lib/matplotlib/path.py::192,0.180966
lib/matplotlib/path.py::193,0.180966
lib/matplotlib/scale.py::103,0.180966
lib/matplotlib/scale.py::107,0.180966
lib/matplotlib/scale.py::108,0.180966
lib/matplotlib/scale.py::109,0.180966
lib/matplotlib/scale.py::111,0.180966
lib/matplotlib/scale.py::112,0.180966
lib/matplotlib/scale.py::115,0.180966
lib/matplotlib/scale.py::122,0.180966
lib/matplotlib/scale.py::56,0.180966
lib/matplotlib/scale.py::726,0.180966
lib/matplotlib/scale.py::727,0.180966
lib/matplotlib/scale.py::728,0.180966
lib/matplotlib/scale.py::87,0.180966
lib/matplotlib/spines.py::240,0.180966
lib/matplotlib/spines.py::241,0.180966
lib/matplotlib/spines.py::55,0.180966
lib/matplotlib/spines.py::56,0.180966
lib/matplotlib/spines.py::57,0.180966
lib/matplotlib/spines.py::58,0.180966
lib/matplotlib/spines.py::59,0.180966
lib/matplotlib/spines.py::60,0.180966
lib/matplotlib/spines.py::61,0.180966
lib/matplotlib/spines.py::62,0.180966
lib/matplotlib/spines.py::63,0.180966
lib/matplotlib/spines.py::65,0.180966
lib/matplotlib/spines.py::66,0.180966
lib/matplotlib/spines.py::68,0.180966
lib/matplotlib/spines.py::69,0.180966
lib/matplotlib/spines.py::74,0.180966
lib/matplotlib/spines.py::75,0.180966
lib/matplotlib/spines.py::76,0.180966
lib/matplotlib/spines.py::84,0.180966
lib/matplotlib/spines.py::88,0.180966
lib/matplotlib/text.py::1113,0.180966
lib/matplotlib/text.py::1114,0.180966
lib/matplotlib/text.py::1124,0.180966
lib/matplotlib/text.py::1125,0.180966
lib/matplotlib/text.py::1135,0.180966
lib/matplotlib/text.py::1136,0.180966
lib/matplotlib/text.py::1146,0.180966
lib/matplotlib/text.py::1147,0.180966
lib/matplotlib/text.py::1148,0.180966
lib/matplotlib/text.py::1149,0.180966
lib/matplotlib/text.py::1150,0.180966
lib/matplotlib/text.py::1164,0.180966
lib/matplotlib/text.py::1166,0.180966
lib/matplotlib/text.py::1223,0.180966
lib/matplotlib/text.py::1225,0.180966
lib/matplotlib/text.py::1226,0.180966
lib/matplotlib/text.py::1236,0.180966
lib/matplotlib/text.py::1237,0.180966
lib/matplotlib/text.py::1240,0.180966
lib/matplotlib/text.py::142,0.180966
lib/matplotlib/text.py::143,0.180966
lib/matplotlib/text.py::145,0.180966
lib/matplotlib/text.py::146,0.180966
lib/matplotlib/text.py::147,0.180966
lib/matplotlib/text.py::148,0.180966
lib/matplotlib/text.py::149,0.180966
lib/matplotlib/text.py::152,0.180966
lib/matplotlib/text.py::153,0.180966
lib/matplotlib/text.py::154,0.180966
lib/matplotlib/text.py::155,0.180966
lib/matplotlib/text.py::156,0.180966
lib/matplotlib/text.py::157,0.180966
lib/matplotlib/text.py::158,0.180966
lib/matplotlib/text.py::159,0.180966
lib/matplotlib/text.py::160,0.180966
lib/matplotlib/text.py::161,0.180966
lib/matplotlib/text.py::162,0.180966
lib/matplotlib/text.py::163,0.180966
lib/matplotlib/text.py::164,0.180966
lib/matplotlib/text.py::165,0.180966
lib/matplotlib/text.py::166,0.180966
lib/matplotlib/text.py::167,0.180966
lib/matplotlib/text.py::168,0.180966
lib/matplotlib/text.py::175,0.180966
lib/matplotlib/text.py::176,0.180966
lib/matplotlib/text.py::177,0.180966
lib/matplotlib/text.py::178,0.180966
lib/matplotlib/text.py::251,0.180966
lib/matplotlib/text.py::252,0.180966
lib/matplotlib/text.py::253,0.180966
lib/matplotlib/text.py::529,0.180966
lib/matplotlib/text.py::530,0.180966
lib/matplotlib/text.py::531,0.180966
lib/matplotlib/text.py::532,0.180966
lib/matplotlib/text.py::537,0.180966
lib/matplotlib/text.py::538,0.180966
lib/matplotlib/text.py::561,0.180966
lib/matplotlib/text.py::942,0.180966
lib/matplotlib/text.py::943,0.180966
lib/matplotlib/text.py::946,0.180966
lib/matplotlib/text.py::947,0.180966
lib/matplotlib/text.py::957,0.180966
lib/matplotlib/text.py::958,0.180966
lib/matplotlib/text.py::959,0.180966
lib/matplotlib/ticker.py::1708,0.180966
lib/matplotlib/ticker.py::2072,0.180966
lib/matplotlib/ticker.py::2083,0.180966
lib/matplotlib/ticker.py::2087,0.180966
lib/matplotlib/ticker.py::2090,0.180966
lib/matplotlib/ticker.py::2091,0.180966
lib/matplotlib/ticker.py::2094,0.180966
lib/matplotlib/ticker.py::2096,0.180966
lib/matplotlib/ticker.py::2098,0.180966
lib/matplotlib/ticker.py::2105,0.180966
lib/matplotlib/ticker.py::2106,0.180966
lib/matplotlib/ticker.py::2127,0.180966
lib/matplotlib/ticker.py::2128,0.180966
lib/matplotlib/ticker.py::2129,0.180966
lib/matplotlib/ticker.py::2131,0.180966
lib/matplotlib/ticker.py::2132,0.180966
lib/matplotlib/ticker.py::2133,0.180966
lib/matplotlib/ticker.py::2134,0.180966
lib/matplotlib/ticker.py::2135,0.180966
lib/matplotlib/ticker.py::2136,0.180966
lib/matplotlib/ticker.py::2137,0.180966
lib/matplotlib/ticker.py::2138,0.180966
lib/matplotlib/ticker.py::2139,0.180966
lib/matplotlib/ticker.py::2140,0.180966
lib/matplotlib/ticker.py::2141,0.180966
lib/matplotlib/ticker.py::2144,0.180966
lib/matplotlib/ticker.py::2145,0.180966
lib/matplotlib/ticker.py::2146,0.180966
lib/matplotlib/ticker.py::2147,0.180966
lib/matplotlib/ticker.py::2148,0.180966
lib/matplotlib/ticker.py::225,0.180966
lib/matplotlib/ticker.py::2835,0.180966
lib/matplotlib/ticker.py::2841,0.180966
lib/matplotlib/ticker.py::303,0.180966
lib/matplotlib/ticker.py::519,0.180966
lib/matplotlib/ticker.py::520,0.180966
lib/matplotlib/ticker.py::521,0.180966
lib/matplotlib/ticker.py::522,0.180966
lib/matplotlib/ticker.py::523,0.180966
lib/matplotlib/ticker.py::524,0.180966
lib/matplotlib/ticker.py::525,0.180966
lib/matplotlib/ticker.py::526,0.180966
lib/matplotlib/ticker.py::527,0.180966
lib/matplotlib/ticker.py::528,0.180966
lib/matplotlib/ticker.py::529,0.180966
lib/matplotlib/ticker.py::530,0.180966
lib/matplotlib/ticker.py::531,0.180966
lib/matplotlib/ticker.py::532,0.180966
lib/matplotlib/ticker.py::533,0.180966
lib/matplotlib/ticker.py::539,0.180966
lib/matplotlib/ticker.py::540,0.180966
lib/matplotlib/ticker.py::541,0.180966
lib/matplotlib/ticker.py::563,0.180966
lib/matplotlib/ticker.py::566,0.180966
lib/matplotlib/transforms.py::1000,0.180966
lib/matplotlib/transforms.py::1001,0.180966
lib/matplotlib/transforms.py::1002,0.180966
lib/matplotlib/transforms.py::1249,0.180966
lib/matplotlib/transforms.py::1250,0.180966
lib/matplotlib/transforms.py::129,0.180966
lib/matplotlib/transforms.py::130,0.180966
lib/matplotlib/transforms.py::131,0.180966
lib/matplotlib/transforms.py::132,0.180966
lib/matplotlib/transforms.py::149,0.180966
lib/matplotlib/transforms.py::151,0.180966
lib/matplotlib/transforms.py::152,0.180966
lib/matplotlib/transforms.py::154,0.180966
lib/matplotlib/transforms.py::1625,0.180966
lib/matplotlib/transforms.py::1626,0.180966
lib/matplotlib/transforms.py::1627,0.180966
lib/matplotlib/transforms.py::1630,0.180966
lib/matplotlib/transforms.py::1631,0.180966
lib/matplotlib/transforms.py::1632,0.180966
lib/matplotlib/transforms.py::1633,0.180966
lib/matplotlib/transforms.py::1634,0.180966
lib/matplotlib/transforms.py::1650,0.180966
lib/matplotlib/transforms.py::1652,0.180966
lib/matplotlib/transforms.py::1653,0.180966
lib/matplotlib/transforms.py::1654,0.180966
lib/matplotlib/transforms.py::1655,0.180966
lib/matplotlib/transforms.py::1656,0.180966
lib/matplotlib/transforms.py::1657,0.180966
lib/matplotlib/transforms.py::1658,0.180966
lib/matplotlib/transforms.py::1659,0.180966
lib/matplotlib/transforms.py::1660,0.180966
lib/matplotlib/transforms.py::1673,0.180966
lib/matplotlib/transforms.py::1674,0.180966
lib/matplotlib/transforms.py::1679,0.180966
lib/matplotlib/transforms.py::1680,0.180966
lib/matplotlib/transforms.py::1682,0.180966
lib/matplotlib/transforms.py::1683,0.180966
lib/matplotlib/transforms.py::1684,0.180966
lib/matplotlib/transforms.py::1686,0.180966
lib/matplotlib/transforms.py::1699,0.180966
lib/matplotlib/transforms.py::1700,0.180966
lib/matplotlib/transforms.py::171,0.180966
lib/matplotlib/transforms.py::175,0.180966
lib/matplotlib/transforms.py::176,0.180966
lib/matplotlib/transforms.py::1767,0.180966
lib/matplotlib/transforms.py::1768,0.180966
lib/matplotlib/transforms.py::177,0.180966
lib/matplotlib/transforms.py::1838,0.180966
lib/matplotlib/transforms.py::1839,0.180966
lib/matplotlib/transforms.py::1841,0.180966
lib/matplotlib/transforms.py::1842,0.180966
lib/matplotlib/transforms.py::1843,0.180966
lib/matplotlib/transforms.py::1977,0.180966
lib/matplotlib/transforms.py::1978,0.180966
lib/matplotlib/transforms.py::1979,0.180966
lib/matplotlib/transforms.py::1980,0.180966
lib/matplotlib/transforms.py::1981,0.180966
lib/matplotlib/transforms.py::1994,0.180966
lib/matplotlib/transforms.py::1995,0.180966
lib/matplotlib/transforms.py::1996,0.180966
lib/matplotlib/transforms.py::1997,0.180966
lib/matplotlib/transforms.py::1998,0.180966
lib/matplotlib/transforms.py::1999,0.180966
lib/matplotlib/transforms.py::2000,0.180966
lib/matplotlib/transforms.py::2052,0.180966
lib/matplotlib/transforms.py::2231,0.180966
lib/matplotlib/transforms.py::2232,0.180966
lib/matplotlib/transforms.py::2233,0.180966
lib/matplotlib/transforms.py::2234,0.180966
lib/matplotlib/transforms.py::2238,0.180966
lib/matplotlib/transforms.py::2239,0.180966
lib/matplotlib/transforms.py::2240,0.180966
lib/matplotlib/transforms.py::2241,0.180966
lib/matplotlib/transforms.py::2243,0.180966
lib/matplotlib/transforms.py::2244,0.180966
lib/matplotlib/transforms.py::2271,0.180966
lib/matplotlib/transforms.py::2272,0.180966
lib/matplotlib/transforms.py::2273,0.180966
lib/matplotlib/transforms.py::2296,0.180966
lib/matplotlib/transforms.py::2299,0.180966
lib/matplotlib/transforms.py::2300,0.180966
lib/matplotlib/transforms.py::2302,0.180966
lib/matplotlib/transforms.py::2303,0.180966
lib/matplotlib/transforms.py::2304,0.180966
lib/matplotlib/transforms.py::2305,0.180966
lib/matplotlib/transforms.py::2477,0.180966
lib/matplotlib/transforms.py::2479,0.180966
lib/matplotlib/transforms.py::2481,0.180966
lib/matplotlib/transforms.py::2483,0.180966
lib/matplotlib/transforms.py::2546,0.180966
lib/matplotlib/transforms.py::2549,0.180966
lib/matplotlib/transforms.py::2550,0.180966
lib/matplotlib/transforms.py::2551,0.180966
lib/matplotlib/transforms.py::2552,0.180966
lib/matplotlib/transforms.py::2553,0.180966
lib/matplotlib/transforms.py::2642,0.180966
lib/matplotlib/transforms.py::2643,0.180966
lib/matplotlib/transforms.py::2644,0.180966
lib/matplotlib/transforms.py::2645,0.180966
lib/matplotlib/transforms.py::2646,0.180966
lib/matplotlib/transforms.py::2647,0.180966
lib/matplotlib/transforms.py::273,0.180966
lib/matplotlib/transforms.py::2804,0.180966
lib/matplotlib/transforms.py::2807,0.180966
lib/matplotlib/transforms.py::2808,0.180966
lib/matplotlib/transforms.py::2812,0.180966
lib/matplotlib/transforms.py::2813,0.180966
lib/matplotlib/transforms.py::2817,0.180966
lib/matplotlib/transforms.py::2825,0.180966
lib/matplotlib/transforms.py::2827,0.180966
lib/matplotlib/transforms.py::395,0.180966
lib/matplotlib/transforms.py::396,0.180966
lib/matplotlib/transforms.py::401,0.180966
lib/matplotlib/transforms.py::402,0.180966
lib/matplotlib/transforms.py::738,0.180966
lib/matplotlib/transforms.py::739,0.180966
lib/matplotlib/transforms.py::740,0.180966
lib/matplotlib/transforms.py::743,0.180966
lib/matplotlib/transforms.py::744,0.180966
lib/matplotlib/transforms.py::745,0.180966
lib/matplotlib/transforms.py::749,0.180966
lib/matplotlib/transforms.py::764,0.180966
lib/matplotlib/transforms.py::769,0.180966
lib/matplotlib/transforms.py::778,0.180966
lib/matplotlib/transforms.py::787,0.180966
lib/matplotlib/transforms.py::908,0.180966
lib/matplotlib/transforms.py::909,0.180966
lib/matplotlib/transforms.py::91,0.180966
lib/matplotlib/transforms.py::913,0.180966
lib/matplotlib/transforms.py::914,0.180966
lib/matplotlib/transforms.py::930,0.180966
lib/matplotlib/transforms.py::934,0.180966
lib/matplotlib/transforms.py::941,0.180966
lib/matplotlib/transforms.py::942,0.180966
lib/matplotlib/transforms.py::95,0.180966
lib/matplotlib/transforms.py::96,0.180966
lib/matplotlib/transforms.py::991,0.180966
lib/matplotlib/transforms.py::993,0.180966
lib/matplotlib/transforms.py::994,0.180966
lib/matplotlib/transforms.py::998,0.180966
lib/matplotlib/transforms.py::999,0.180966
lib/matplotlib/units.py::198,0.180966
lib/matplotlib/units.py::200,0.180966
lib/matplotlib/units.py::208,0.180966
lib/matplotlib/units.py::209,0.180966
lib/matplotlib/units.py::210,0.180966
lib/matplotlib/units.py::211,0.180966
lib/matplotlib/units.py::212,0.180966
lib/matplotlib/units.py::213,0.180966
lib/matplotlib/units.py::214,0.180966
lib/matplotlib/units.py::215,0.180966
lib/matplotlib/units.py::216,0.180966
lib/matplotlib/units.py::220,0.180966
lib/matplotlib/units.py::221,0.180966
lib/matplotlib/units.py::222,0.180966
lib/matplotlib/units.py::64,0.180966
lib/matplotlib/units.py::71,0.180966
lib/matplotlib/widgets.py::35,0.180966
lib/matplotlib/cbook/__init__.py::1656,0.176593
lib/matplotlib/cbook/__init__.py::1668,0.176593
lib/matplotlib/__init__.py::1080,0.171772
lib/matplotlib/__init__.py::1081,0.171772
lib/matplotlib/__init__.py::1082,0.171772
lib/matplotlib/__init__.py::1083,0.171772
lib/matplotlib/__init__.py::1084,0.171772
lib/matplotlib/__init__.py::1165,0.171772
lib/matplotlib/__init__.py::1166,0.171772
lib/matplotlib/__init__.py::1167,0.171772
lib/matplotlib/__init__.py::1169,0.171772
lib/matplotlib/__init__.py::1177,0.171772
lib/matplotlib/__init__.py::1178,0.171772
lib/matplotlib/__init__.py::1181,0.171772
lib/matplotlib/__init__.py::1185,0.171772
lib/matplotlib/__init__.py::1188,0.171772
lib/matplotlib/__init__.py::1228,0.171772
lib/matplotlib/__init__.py::1229,0.171772
lib/matplotlib/__init__.py::1231,0.171772
lib/matplotlib/__init__.py::747,0.171772
lib/matplotlib/__init__.py::748,0.171772
lib/matplotlib/__init__.py::754,0.171772
lib/matplotlib/__init__.py::755,0.171772
lib/matplotlib/__init__.py::756,0.171772
lib/matplotlib/__init__.py::757,0.171772
lib/matplotlib/__init__.py::758,0.171772
lib/matplotlib/__init__.py::763,0.171772
lib/matplotlib/__init__.py::767,0.171772
lib/matplotlib/__init__.py::768,0.171772
lib/matplotlib/__init__.py::771,0.171772
lib/matplotlib/__init__.py::778,0.171772
lib/matplotlib/__init__.py::784,0.171772
lib/matplotlib/__init__.py::790,0.171772
lib/matplotlib/__init__.py::791,0.171772
lib/matplotlib/__init__.py::792,0.171772
lib/matplotlib/__init__.py::796,0.171772
lib/matplotlib/__init__.py::812,0.171772
lib/matplotlib/__init__.py::813,0.171772
lib/matplotlib/__init__.py::835,0.171772
lib/matplotlib/_pylab_helpers.py::73,0.171772
lib/matplotlib/_pylab_helpers.py::74,0.171772
lib/matplotlib/_pylab_helpers.py::77,0.171772
lib/matplotlib/_pylab_helpers.py::78,0.171772
lib/matplotlib/cbook/__init__.py::2006,0.171772
lib/matplotlib/cbook/__init__.py::2007,0.171772
lib/matplotlib/cbook/__init__.py::2008,0.171772
lib/matplotlib/cbook/__init__.py::2011,0.171772
lib/matplotlib/cbook/__init__.py::2013,0.171772
lib/matplotlib/cbook/__init__.py::2014,0.171772
lib/matplotlib/cbook/__init__.py::2015,0.171772
lib/matplotlib/cbook/__init__.py::2016,0.171772
lib/matplotlib/cbook/deprecation.py::107,0.171772
lib/matplotlib/cbook/deprecation.py::108,0.171772
lib/matplotlib/cbook/deprecation.py::109,0.171772
lib/matplotlib/cbook/deprecation.py::110,0.171772
lib/matplotlib/cbook/deprecation.py::111,0.171772
lib/matplotlib/cbook/deprecation.py::27,0.171772
lib/matplotlib/cbook/deprecation.py::289,0.171772
lib/matplotlib/cbook/deprecation.py::295,0.171772
lib/matplotlib/cbook/deprecation.py::32,0.171772
lib/matplotlib/cbook/deprecation.py::347,0.171772
lib/matplotlib/cbook/deprecation.py::35,0.171772
lib/matplotlib/cbook/deprecation.py::350,0.171772
lib/matplotlib/cbook/deprecation.py::356,0.171772
lib/matplotlib/cbook/deprecation.py::36,0.171772
lib/matplotlib/cbook/deprecation.py::37,0.171772
lib/matplotlib/cbook/deprecation.py::405,0.171772
lib/matplotlib/cbook/deprecation.py::406,0.171772
lib/matplotlib/cbook/deprecation.py::407,0.171772
lib/matplotlib/cbook/deprecation.py::48,0.171772
lib/matplotlib/cbook/deprecation.py::49,0.171772
lib/matplotlib/cbook/deprecation.py::50,0.171772
lib/matplotlib/cbook/deprecation.py::51,0.171772
lib/matplotlib/cbook/deprecation.py::52,0.171772
lib/matplotlib/cbook/deprecation.py::53,0.171772
lib/matplotlib/colors.py::126,0.171772
lib/matplotlib/colors.py::132,0.171772
lib/matplotlib/colors.py::133,0.171772
lib/matplotlib/colors.py::134,0.171772
lib/matplotlib/colors.py::135,0.171772
lib/matplotlib/colors.py::139,0.171772
lib/matplotlib/colors.py::176,0.171772
lib/matplotlib/colors.py::181,0.171772
lib/matplotlib/colors.py::182,0.171772
lib/matplotlib/colors.py::185,0.171772
lib/matplotlib/colors.py::191,0.171772
lib/matplotlib/pyplot.py::636,0.171772
lib/matplotlib/pyplot.py::642,0.171772
lib/matplotlib/pyplot.py::643,0.171772
lib/matplotlib/rcsetup.py::108,0.171772
lib/matplotlib/rcsetup.py::125,0.171772
lib/matplotlib/rcsetup.py::126,0.171772
lib/matplotlib/rcsetup.py::127,0.171772
lib/matplotlib/rcsetup.py::128,0.171772
lib/matplotlib/rcsetup.py::129,0.171772
lib/matplotlib/rcsetup.py::130,0.171772
lib/matplotlib/rcsetup.py::132,0.171772
lib/matplotlib/rcsetup.py::150,0.171772
lib/matplotlib/rcsetup.py::152,0.171772
lib/matplotlib/rcsetup.py::153,0.171772
lib/matplotlib/rcsetup.py::154,0.171772
lib/matplotlib/rcsetup.py::164,0.171772
lib/matplotlib/rcsetup.py::165,0.171772
lib/matplotlib/rcsetup.py::166,0.171772
lib/matplotlib/rcsetup.py::167,0.171772
lib/matplotlib/rcsetup.py::168,0.171772
lib/matplotlib/rcsetup.py::169,0.171772
lib/matplotlib/rcsetup.py::170,0.171772
lib/matplotlib/rcsetup.py::177,0.171772
lib/matplotlib/rcsetup.py::178,0.171772
lib/matplotlib/rcsetup.py::193,0.171772
lib/matplotlib/rcsetup.py::194,0.171772
lib/matplotlib/rcsetup.py::195,0.171772
lib/matplotlib/rcsetup.py::196,0.171772
lib/matplotlib/rcsetup.py::197,0.171772
lib/matplotlib/rcsetup.py::221,0.171772
lib/matplotlib/rcsetup.py::222,0.171772
lib/matplotlib/rcsetup.py::223,0.171772
lib/matplotlib/rcsetup.py::224,0.171772
lib/matplotlib/rcsetup.py::232,0.171772
lib/matplotlib/rcsetup.py::236,0.171772
lib/matplotlib/rcsetup.py::246,0.171772
lib/matplotlib/rcsetup.py::247,0.171772
lib/matplotlib/rcsetup.py::248,0.171772
lib/matplotlib/rcsetup.py::271,0.171772
lib/matplotlib/rcsetup.py::273,0.171772
lib/matplotlib/rcsetup.py::280,0.171772
lib/matplotlib/rcsetup.py::284,0.171772
lib/matplotlib/rcsetup.py::285,0.171772
lib/matplotlib/rcsetup.py::286,0.171772
lib/matplotlib/rcsetup.py::291,0.171772
lib/matplotlib/rcsetup.py::300,0.171772
lib/matplotlib/rcsetup.py::301,0.171772
lib/matplotlib/rcsetup.py::302,0.171772
lib/matplotlib/rcsetup.py::306,0.171772
lib/matplotlib/rcsetup.py::307,0.171772
lib/matplotlib/rcsetup.py::308,0.171772
lib/matplotlib/rcsetup.py::314,0.171772
lib/matplotlib/rcsetup.py::319,0.171772
lib/matplotlib/rcsetup.py::320,0.171772
lib/matplotlib/rcsetup.py::321,0.171772
lib/matplotlib/rcsetup.py::324,0.171772
lib/matplotlib/rcsetup.py::329,0.171772
lib/matplotlib/rcsetup.py::330,0.171772
lib/matplotlib/rcsetup.py::331,0.171772
lib/matplotlib/rcsetup.py::335,0.171772
lib/matplotlib/rcsetup.py::336,0.171772
lib/matplotlib/rcsetup.py::341,0.171772
lib/matplotlib/rcsetup.py::342,0.171772
lib/matplotlib/rcsetup.py::372,0.171772
lib/matplotlib/rcsetup.py::373,0.171772
lib/matplotlib/rcsetup.py::381,0.171772
lib/matplotlib/rcsetup.py::382,0.171772
lib/matplotlib/rcsetup.py::388,0.171772
lib/matplotlib/rcsetup.py::389,0.171772
lib/matplotlib/rcsetup.py::390,0.171772
lib/matplotlib/rcsetup.py::391,0.171772
lib/matplotlib/rcsetup.py::392,0.171772
lib/matplotlib/rcsetup.py::393,0.171772
lib/matplotlib/rcsetup.py::406,0.171772
lib/matplotlib/rcsetup.py::407,0.171772
lib/matplotlib/rcsetup.py::409,0.171772
lib/matplotlib/rcsetup.py::410,0.171772
lib/matplotlib/rcsetup.py::418,0.171772
lib/matplotlib/rcsetup.py::419,0.171772
lib/matplotlib/rcsetup.py::428,0.171772
lib/matplotlib/rcsetup.py::433,0.171772
lib/matplotlib/rcsetup.py::434,0.171772
lib/matplotlib/rcsetup.py::435,0.171772
lib/matplotlib/rcsetup.py::455,0.171772
lib/matplotlib/rcsetup.py::462,0.171772
lib/matplotlib/rcsetup.py::463,0.171772
lib/matplotlib/rcsetup.py::465,0.171772
lib/matplotlib/rcsetup.py::466,0.171772
lib/matplotlib/rcsetup.py::467,0.171772
lib/matplotlib/rcsetup.py::468,0.171772
lib/matplotlib/rcsetup.py::492,0.171772
lib/matplotlib/rcsetup.py::493,0.171772
lib/matplotlib/rcsetup.py::499,0.171772
lib/matplotlib/rcsetup.py::511,0.171772
lib/matplotlib/rcsetup.py::513,0.171772
lib/matplotlib/rcsetup.py::514,0.171772
lib/matplotlib/rcsetup.py::52,0.171772
lib/matplotlib/rcsetup.py::53,0.171772
lib/matplotlib/rcsetup.py::55,0.171772
lib/matplotlib/rcsetup.py::56,0.171772
lib/matplotlib/rcsetup.py::59,0.171772
lib/matplotlib/rcsetup.py::60,0.171772
lib/matplotlib/rcsetup.py::608,0.171772
lib/matplotlib/rcsetup.py::614,0.171772
lib/matplotlib/rcsetup.py::615,0.171772
lib/matplotlib/rcsetup.py::626,0.171772
lib/matplotlib/rcsetup.py::627,0.171772
lib/matplotlib/rcsetup.py::63,0.171772
lib/matplotlib/rcsetup.py::64,0.171772
lib/matplotlib/rcsetup.py::643,0.171772
lib/matplotlib/rcsetup.py::65,0.171772
lib/matplotlib/rcsetup.py::650,0.171772
lib/matplotlib/rcsetup.py::653,0.171772
lib/matplotlib/rcsetup.py::657,0.171772
lib/matplotlib/rcsetup.py::659,0.171772
lib/matplotlib/rcsetup.py::66,0.171772
lib/matplotlib/rcsetup.py::660,0.171772
lib/matplotlib/rcsetup.py::704,0.171772
lib/matplotlib/rcsetup.py::705,0.171772
lib/matplotlib/rcsetup.py::706,0.171772
lib/matplotlib/rcsetup.py::712,0.171772
lib/matplotlib/rcsetup.py::713,0.171772
lib/matplotlib/rcsetup.py::714,0.171772
lib/matplotlib/rcsetup.py::73,0.171772
lib/matplotlib/rcsetup.py::74,0.171772
lib/matplotlib/rcsetup.py::75,0.171772
lib/matplotlib/rcsetup.py::76,0.171772
lib/matplotlib/rcsetup.py::867,0.171772
lib/matplotlib/rcsetup.py::89,0.171772
lib/matplotlib/rcsetup.py::892,0.171772
lib/matplotlib/rcsetup.py::893,0.171772
lib/matplotlib/rcsetup.py::897,0.171772
lib/matplotlib/rcsetup.py::898,0.171772
lib/matplotlib/rcsetup.py::903,0.171772
lib/matplotlib/rcsetup.py::904,0.171772
lib/matplotlib/rcsetup.py::905,0.171772
lib/matplotlib/rcsetup.py::906,0.171772
lib/matplotlib/rcsetup.py::909,0.171772
lib/matplotlib/rcsetup.py::913,0.171772
lib/matplotlib/rcsetup.py::917,0.171772
lib/matplotlib/rcsetup.py::920,0.171772
lib/matplotlib/rcsetup.py::921,0.171772
lib/matplotlib/rcsetup.py::922,0.171772
lib/matplotlib/rcsetup.py::924,0.171772
lib/matplotlib/rcsetup.py::925,0.171772
lib/matplotlib/rcsetup.py::927,0.171772
lib/matplotlib/rcsetup.py::931,0.171772
lib/matplotlib/rcsetup.py::932,0.171772
lib/matplotlib/rcsetup.py::934,0.171772
lib/matplotlib/rcsetup.py::935,0.171772
lib/matplotlib/rcsetup.py::94,0.171772
lib/matplotlib/rcsetup.py::95,0.171772
lib/matplotlib/rcsetup.py::991,0.171772
lib/matplotlib/rcsetup.py::992,0.171772
lib/matplotlib/style/core.py::100,0.171772
lib/matplotlib/style/core.py::101,0.171772
lib/matplotlib/style/core.py::102,0.171772
lib/matplotlib/style/core.py::103,0.171772
lib/matplotlib/style/core.py::105,0.171772
lib/matplotlib/style/core.py::45,0.171772
lib/matplotlib/style/core.py::46,0.171772
lib/matplotlib/style/core.py::47,0.171772
lib/matplotlib/style/core.py::53,0.171772
lib/matplotlib/style/core.py::54,0.171772
lib/matplotlib/style/core.py::64,0.171772
lib/matplotlib/style/core.py::92,0.171772
lib/matplotlib/style/core.py::93,0.171772
lib/matplotlib/style/core.py::94,0.171772
lib/matplotlib/testing/__init__.py::21,0.171772
lib/matplotlib/testing/__init__.py::22,0.171772
lib/matplotlib/testing/__init__.py::23,0.171772
lib/matplotlib/testing/__init__.py::27,0.171772
lib/matplotlib/testing/__init__.py::34,0.171772
lib/matplotlib/testing/__init__.py::35,0.171772
lib/matplotlib/testing/__init__.py::36,0.171772
lib/matplotlib/testing/__init__.py::37,0.171772
lib/matplotlib/testing/__init__.py::38,0.171772
lib/matplotlib/testing/__init__.py::39,0.171772
lib/matplotlib/testing/__init__.py::40,0.171772
lib/matplotlib/testing/__init__.py::41,0.171772
lib/matplotlib/testing/__init__.py::44,0.171772
lib/matplotlib/testing/__init__.py::46,0.171772
lib/matplotlib/testing/__init__.py::47,0.171772
lib/matplotlib/testing/__init__.py::51,0.171772
lib/matplotlib/testing/__init__.py::52,0.171772
lib/matplotlib/testing/conftest.py::34,0.171772
lib/matplotlib/testing/conftest.py::36,0.171772
lib/matplotlib/testing/conftest.py::38,0.171772
lib/matplotlib/testing/conftest.py::39,0.171772
lib/matplotlib/testing/conftest.py::40,0.171772
lib/matplotlib/testing/conftest.py::49,0.171772
lib/matplotlib/testing/conftest.py::50,0.171772
lib/matplotlib/testing/conftest.py::51,0.171772
lib/matplotlib/testing/conftest.py::56,0.171772
lib/matplotlib/testing/conftest.py::57,0.171772
lib/matplotlib/testing/conftest.py::71,0.171772
lib/matplotlib/testing/conftest.py::72,0.171772
lib/matplotlib/testing/conftest.py::73,0.171772
lib/matplotlib/testing/conftest.py::74,0.171772
lib/matplotlib/testing/conftest.py::76,0.171772
lib/matplotlib/testing/decorators.py::27,0.171772
lib/matplotlib/testing/decorators.py::28,0.171772
lib/matplotlib/testing/decorators.py::29,0.171772
lib/matplotlib/testing/decorators.py::30,0.171772
lib/matplotlib/testing/decorators.py::32,0.171772
lib/matplotlib/testing/decorators.py::33,0.171772
lib/matplotlib/testing/decorators.py::34,0.171772
lib/matplotlib/cbook/__init__.py::1992,0.158080
lib/matplotlib/testing/conftest.py::90,0.158080
lib/matplotlib/testing/conftest.py::91,0.158080
lib/matplotlib/testing/conftest.py::96,0.158080
lib/matplotlib/testing/conftest.py::97,0.158080
lib/matplotlib/testing/conftest.py::98,0.158080
lib/matplotlib/testing/conftest.py::99,0.158080
lib/matplotlib/testing/decorators.py::174,0.158080
lib/matplotlib/testing/decorators.py::175,0.158080
lib/matplotlib/testing/decorators.py::176,0.158080
lib/matplotlib/testing/decorators.py::177,0.158080
lib/matplotlib/testing/decorators.py::178,0.158080
lib/matplotlib/testing/decorators.py::247,0.158080
lib/matplotlib/testing/decorators.py::248,0.158080
lib/matplotlib/testing/decorators.py::249,0.158080
lib/matplotlib/testing/decorators.py::250,0.158080
lib/matplotlib/testing/decorators.py::251,0.158080
lib/matplotlib/testing/decorators.py::437,0.158080
lib/matplotlib/testing/decorators.py::438,0.158080
lib/matplotlib/testing/decorators.py::439,0.158080
lib/matplotlib/testing/decorators.py::440,0.158080
lib/matplotlib/testing/decorators.py::441,0.158080
lib/matplotlib/testing/conftest.py::52,0.156044
lib/matplotlib/testing/conftest.py::54,0.156044
lib/matplotlib/axes/_axes.py::3644,0.139054
lib/matplotlib/axes/_axes.py::3726,0.138094
lib/matplotlib/axes/_axes.py::4079,0.138094
lib/matplotlib/axes/_axes.py::4080,0.138094
lib/matplotlib/axes/_axes.py::3649,0.133636
lib/matplotlib/axes/_axes.py::3725,0.128806
lib/matplotlib/axes/_axes.py::3641,0.120537
lib/matplotlib/axes/_axes.py::3642,0.120537
lib/matplotlib/axes/_axes.py::3643,0.120537
lib/matplotlib/axes/_axes.py::3646,0.120537
lib/matplotlib/axes/_axes.py::3647,0.120537
lib/matplotlib/axes/_axes.py::3648,0.120537
lib/matplotlib/axes/_axes.py::3650,0.120537
lib/matplotlib/axes/_axes.py::3651,0.120537
lib/matplotlib/axes/_axes.py::3652,0.120537
lib/matplotlib/axes/_axes.py::3653,0.120537
lib/matplotlib/axes/_axes.py::3654,0.120537
lib/matplotlib/axes/_axes.py::3655,0.120537
lib/matplotlib/axes/_axes.py::3656,0.120537
lib/matplotlib/axes/_axes.py::3658,0.120537
lib/matplotlib/axes/_axes.py::3659,0.120537
lib/matplotlib/axes/_axes.py::3660,0.120537
lib/matplotlib/axes/_axes.py::3661,0.120537
lib/matplotlib/axes/_axes.py::3662,0.120537
lib/matplotlib/axes/_axes.py::3663,0.120537
lib/matplotlib/axes/_axes.py::3665,0.120537
lib/matplotlib/axes/_axes.py::3666,0.120537
lib/matplotlib/axes/_axes.py::3667,0.120537
lib/matplotlib/axes/_axes.py::3668,0.120537
lib/matplotlib/axes/_axes.py::3669,0.120537
lib/matplotlib/axes/_axes.py::3670,0.120537
lib/matplotlib/axes/_axes.py::3671,0.120537
lib/matplotlib/axes/_axes.py::3672,0.120537
lib/matplotlib/axes/_axes.py::3673,0.120537
lib/matplotlib/axes/_axes.py::3674,0.120537
lib/matplotlib/axes/_axes.py::3675,0.120537
lib/matplotlib/axes/_axes.py::3676,0.120537
lib/matplotlib/axes/_axes.py::3678,0.120537
lib/matplotlib/axes/_axes.py::3688,0.120537
lib/matplotlib/axes/_axes.py::3715,0.120537
lib/matplotlib/pyplot.py::2287,0.115548
lib/matplotlib/figure.py::1908,0.112734
lib/matplotlib/figure.py::1911,0.112734
lib/matplotlib/pyplot.py::573,0.112397
lib/matplotlib/axes/_axes.py::4073,0.107301
lib/matplotlib/markers.py::453,0.107301
lib/matplotlib/markers.py::454,0.107301
lib/matplotlib/markers.py::455,0.107301
lib/matplotlib/markers.py::457,0.107301
lib/matplotlib/markers.py::458,0.107301
lib/matplotlib/markers.py::480,0.107301
lib/matplotlib/markers.py::483,0.107301
lib/matplotlib/pyplot.py::569,0.100732
lib/matplotlib/pyplot.py::570,0.100732
lib/matplotlib/_pylab_helpers.py::98,0.100491
lib/matplotlib/figure.py::146,0.100161
lib/matplotlib/figure.py::1940,0.100161
lib/matplotlib/markers.py::499,0.098044
lib/matplotlib/markers.py::495,0.090837
lib/matplotlib/markers.py::496,0.090837
lib/matplotlib/markers.py::497,0.090837
lib/matplotlib/markers.py::498,0.090837
lib/matplotlib/markers.py::520,0.090837
lib/matplotlib/axes/_axes.py::4231,0.085020
lib/matplotlib/axes/_axes.py::4232,0.085020
lib/matplotlib/cbook/__init__.py::1194,0.079429
lib/matplotlib/cbook/__init__.py::1195,0.079429
lib/matplotlib/cbook/__init__.py::1196,0.079429
lib/matplotlib/cbook/__init__.py::1261,0.077373
lib/matplotlib/cbook/__init__.py::1262,0.077373
lib/matplotlib/cbook/__init__.py::1263,0.077373
lib/matplotlib/cbook/__init__.py::1282,0.076404
lib/matplotlib/axes/_axes.py::4414,0.076113
lib/matplotlib/axes/_axes.py::4420,0.076113
lib/matplotlib/axes/_axes.py::4421,0.076113
lib/matplotlib/cbook/__init__.py::1060,0.076113
lib/matplotlib/cbook/__init__.py::1062,0.076113
lib/matplotlib/cbook/__init__.py::1064,0.076113
lib/matplotlib/cbook/__init__.py::1065,0.076113
lib/matplotlib/cbook/__init__.py::1066,0.076113
lib/matplotlib/cbook/__init__.py::1067,0.076113
lib/matplotlib/cbook/__init__.py::1068,0.076113
lib/matplotlib/cbook/__init__.py::1069,0.076113
lib/matplotlib/cbook/__init__.py::1072,0.076113
lib/matplotlib/cbook/__init__.py::1074,0.076113
lib/matplotlib/cbook/__init__.py::1075,0.076113
lib/matplotlib/cbook/__init__.py::1076,0.076113
lib/matplotlib/cbook/__init__.py::1077,0.076113
lib/matplotlib/cbook/__init__.py::1078,0.076113
lib/matplotlib/cbook/__init__.py::1080,0.076113
lib/matplotlib/cbook/__init__.py::1173,0.075470
lib/matplotlib/cbook/__init__.py::1185,0.075470
lib/matplotlib/cbook/__init__.py::1186,0.075470
lib/matplotlib/cbook/__init__.py::1198,0.075470
lib/matplotlib/cbook/__init__.py::1201,0.075470
lib/matplotlib/cbook/__init__.py::1204,0.075470
lib/matplotlib/cbook/__init__.py::1206,0.075470
lib/matplotlib/cbook/__init__.py::1207,0.075470
lib/matplotlib/cbook/__init__.py::1208,0.075470
lib/matplotlib/cbook/__init__.py::1212,0.075470
lib/matplotlib/cbook/__init__.py::1213,0.075470
lib/matplotlib/cbook/__init__.py::1216,0.075470
lib/matplotlib/cbook/__init__.py::1217,0.075470
lib/matplotlib/cbook/__init__.py::1221,0.075470
lib/matplotlib/cbook/__init__.py::1224,0.075470
lib/matplotlib/cbook/__init__.py::1227,0.075470
lib/matplotlib/cbook/__init__.py::1241,0.075470
lib/matplotlib/cbook/__init__.py::1244,0.075470
lib/matplotlib/cbook/__init__.py::1247,0.075470
lib/matplotlib/cbook/__init__.py::1250,0.075470
lib/matplotlib/cbook/__init__.py::1251,0.075470
lib/matplotlib/cbook/__init__.py::1255,0.075470
lib/matplotlib/cbook/__init__.py::1256,0.075470
lib/matplotlib/cbook/__init__.py::1260,0.075470
lib/matplotlib/cbook/__init__.py::1278,0.075470
lib/matplotlib/cbook/__init__.py::1279,0.075470
lib/matplotlib/cbook/__init__.py::1285,0.075470
lib/matplotlib/cbook/__init__.py::1286,0.075470
lib/matplotlib/cbook/__init__.py::1289,0.075470
lib/matplotlib/cbook/__init__.py::1292,0.075470
lib/matplotlib/cbook/__init__.py::1293,0.075470
lib/matplotlib/cbook/__init__.py::1294,0.075470
lib/matplotlib/cbook/__init__.py::1298,0.075470
lib/matplotlib/cbook/__init__.py::1300,0.075470
lib/matplotlib/axes/_axes.py::4410,0.072596
lib/matplotlib/axes/_axes.py::4411,0.072596
lib/matplotlib/axes/_axes.py::4412,0.072596
lib/matplotlib/axes/_axes.py::3741,0.069527
lib/matplotlib/axes/_axes.py::3742,0.069527
lib/matplotlib/axes/_axes.py::3743,0.069527
lib/matplotlib/axes/_axes.py::3744,0.069527
lib/matplotlib/axes/_axes.py::3745,0.069527
lib/matplotlib/axes/_axes.py::3746,0.069527
lib/matplotlib/axes/_axes.py::3747,0.069527
lib/matplotlib/axes/_axes.py::3748,0.069527
lib/matplotlib/axes/_axes.py::3749,0.069527
lib/matplotlib/axes/_axes.py::3750,0.069527
lib/matplotlib/axes/_axes.py::4391,0.069527
lib/matplotlib/axes/_axes.py::4392,0.069527
lib/matplotlib/axes/_axes.py::4393,0.069527
lib/matplotlib/axes/_axes.py::4397,0.069527
lib/matplotlib/axes/_axes.py::4398,0.069527
lib/matplotlib/axes/_axes.py::4399,0.069527
lib/matplotlib/axes/_axes.py::4402,0.069527
lib/matplotlib/axes/_axes.py::4405,0.069527
lib/matplotlib/axes/_axes.py::4406,0.069527
lib/matplotlib/pyplot.py::1111,0.065749
lib/matplotlib/pyplot.py::1112,0.065749
lib/matplotlib/pyplot.py::1113,0.065749
lib/matplotlib/pyplot.py::1114,0.065749
lib/matplotlib/pyplot.py::1115,0.065749
lib/matplotlib/figure.py::1529,0.062655
lib/matplotlib/figure.py::1514,0.062266
lib/matplotlib/figure.py::1516,0.062266
lib/matplotlib/axes/_axes.py::3657,0.062233
lib/matplotlib/colors.py::271,0.062233
lib/matplotlib/pyplot.py::2750,0.062233
lib/matplotlib/pyplot.py::2751,0.062233
lib/matplotlib/pyplot.py::2752,0.062233
lib/matplotlib/figure.py::1540,0.062138
lib/matplotlib/figure.py::1513,0.061884
lib/matplotlib/figure.py::1515,0.061884
lib/matplotlib/figure.py::1522,0.061884
lib/matplotlib/figure.py::1526,0.061884
lib/matplotlib/figure.py::1527,0.061884
lib/matplotlib/figure.py::1528,0.061884
lib/matplotlib/figure.py::1530,0.061884
lib/matplotlib/figure.py::1531,0.061884
lib/matplotlib/figure.py::1533,0.061884
lib/matplotlib/figure.py::1534,0.061884
lib/matplotlib/figure.py::1536,0.061884
lib/matplotlib/figure.py::1541,0.061884
lib/matplotlib/figure.py::1544,0.061884
lib/matplotlib/figure.py::1545,0.061884
lib/matplotlib/figure.py::1546,0.061884
lib/matplotlib/figure.py::1547,0.061884
lib/matplotlib/figure.py::1548,0.061884
lib/matplotlib/figure.py::1549,0.061884
lib/matplotlib/figure.py::1550,0.061884
lib/matplotlib/figure.py::1551,0.061884
lib/matplotlib/figure.py::1554,0.061884
lib/matplotlib/figure.py::1560,0.061884
lib/matplotlib/figure.py::1567,0.061884
lib/matplotlib/figure.py::1570,0.061884
lib/matplotlib/gridspec.py::225,0.061386
lib/matplotlib/gridspec.py::226,0.061386
lib/matplotlib/gridspec.py::229,0.061386
lib/matplotlib/gridspec.py::230,0.061386
lib/matplotlib/gridspec.py::231,0.061386
lib/matplotlib/gridspec.py::534,0.060542
lib/matplotlib/gridspec.py::535,0.060542
lib/matplotlib/gridspec.py::536,0.060542
lib/matplotlib/gridspec.py::670,0.060542
lib/matplotlib/pyplot.py::970,0.060268
lib/matplotlib/transforms.py::493,0.060268
lib/matplotlib/transforms.py::494,0.060268
lib/matplotlib/transforms.py::495,0.060268
lib/matplotlib/transforms.py::497,0.060268
lib/matplotlib/transforms.py::499,0.060268
lib/matplotlib/transforms.py::501,0.060268
lib/matplotlib/transforms.py::503,0.060268
lib/matplotlib/figure.py::1064,0.059507
lib/matplotlib/figure.py::1065,0.059507
lib/matplotlib/figure.py::1062,0.059173
lib/matplotlib/figure.py::1063,0.059173
lib/matplotlib/figure.py::1066,0.059173
lib/matplotlib/axes/_axes.py::3918,0.056841
lib/matplotlib/axes/_axes.py::3919,0.056841
lib/matplotlib/cbook/__init__.py::1395,0.052170
lib/matplotlib/cbook/__init__.py::1392,0.051286
lib/matplotlib/cbook/__init__.py::1393,0.051286
lib/matplotlib/cbook/__init__.py::1397,0.049263
lib/matplotlib/cbook/__init__.py::688,0.048150
lib/matplotlib/axes/_axes.py::4229,0.047340
lib/matplotlib/axes/_axes.py::4230,0.047340
lib/matplotlib/cbook/__init__.py::1365,0.046784
lib/matplotlib/axes/_base.py::334,0.046459
lib/matplotlib/cbook/__init__.py::1642,0.046459
lib/matplotlib/cbook/__init__.py::1643,0.046459
lib/matplotlib/cbook/__init__.py::1644,0.046459
lib/matplotlib/cbook/__init__.py::1645,0.046459
lib/matplotlib/cbook/__init__.py::1646,0.046459
lib/matplotlib/lines.py::928,0.044836
lib/matplotlib/cbook/__init__.py::1367,0.043466
lib/matplotlib/cbook/__init__.py::1368,0.043466
lib/matplotlib/cbook/__init__.py::1373,0.043466
lib/matplotlib/cbook/__init__.py::1375,0.043466
lib/matplotlib/axes/_axes.py::4043,0.043372
lib/matplotlib/axes/_axes.py::4044,0.043372
lib/matplotlib/axes/_axes.py::4045,0.043372
lib/matplotlib/axes/_axes.py::4046,0.043372
lib/matplotlib/axes/_axes.py::4053,0.042692
lib/matplotlib/axes/_axes.py::3971,0.042043
lib/matplotlib/axes/_axes.py::3993,0.042043
lib/matplotlib/axes/_axes.py::4003,0.042043
lib/matplotlib/axes/_axes.py::4050,0.041422
lib/matplotlib/axes/_axes.py::4065,0.041422
lib/matplotlib/axes/_axes.py::4066,0.041422
lib/matplotlib/axes/_axes.py::4086,0.041422
lib/matplotlib/axes/_axes.py::4087,0.041422
lib/matplotlib/axes/_axes.py::4089,0.041422
lib/matplotlib/axes/_axes.py::4090,0.041422
lib/matplotlib/axes/_axes.py::4094,0.041422
lib/matplotlib/axes/_axes.py::4095,0.041422
lib/matplotlib/axes/_axes.py::4096,0.041422
lib/matplotlib/axes/_axes.py::4097,0.041422
lib/matplotlib/axes/_axes.py::4104,0.041422
lib/matplotlib/axes/_axes.py::4105,0.041422
lib/matplotlib/axes/_axes.py::4106,0.041422
lib/matplotlib/axes/_axes.py::4107,0.041422
lib/matplotlib/axes/_axes.py::4108,0.041422
lib/matplotlib/axes/_axes.py::4110,0.041422
lib/matplotlib/axes/_axes.py::4111,0.041422
lib/matplotlib/axes/_axes.py::4112,0.041422
lib/matplotlib/axes/_axes.py::4113,0.041422
lib/matplotlib/axes/_axes.py::4114,0.041422
lib/matplotlib/axes/_axes.py::4115,0.041422
lib/matplotlib/axes/_axes.py::4116,0.041422
lib/matplotlib/axes/_axes.py::4117,0.041422
lib/matplotlib/axes/_axes.py::4118,0.041422
lib/matplotlib/axes/_axes.py::4119,0.041422
lib/matplotlib/axes/_axes.py::4120,0.041422
lib/matplotlib/axes/_axes.py::4121,0.041422
lib/matplotlib/axes/_axes.py::4123,0.041422
lib/matplotlib/axes/_axes.py::4124,0.041422
lib/matplotlib/transforms.py::419,0.041422
lib/matplotlib/axes/_axes.py::3937,0.040829
lib/matplotlib/axes/_axes.py::3970,0.040829
lib/matplotlib/axes/_axes.py::3973,0.040829
lib/matplotlib/axes/_axes.py::4009,0.040829
lib/matplotlib/axes/_axes.py::4011,0.040829
lib/matplotlib/axes/_axes.py::4014,0.040829
lib/matplotlib/axes/_axes.py::4015,0.040829
lib/matplotlib/axes/_axes.py::4016,0.040829
lib/matplotlib/axes/_axes.py::4019,0.040829
lib/matplotlib/axes/_axes.py::4020,0.040829
lib/matplotlib/axes/_axes.py::4021,0.040829
lib/matplotlib/axes/_axes.py::4022,0.040829
lib/matplotlib/axes/_axes.py::4023,0.040829
lib/matplotlib/axes/_axes.py::4026,0.040829
lib/matplotlib/axes/_axes.py::4027,0.040829
lib/matplotlib/axes/_axes.py::4028,0.040829
lib/matplotlib/axes/_axes.py::4031,0.040829
lib/matplotlib/axes/_axes.py::4049,0.040829
lib/matplotlib/axes/_axes.py::4056,0.040829
lib/matplotlib/axes/_axes.py::4057,0.040829
lib/matplotlib/axes/_axes.py::4059,0.040829
lib/matplotlib/axes/_axes.py::4060,0.040829
lib/matplotlib/axes/_axes.py::4064,0.040829
lib/matplotlib/axes/_axes.py::4069,0.040829
lib/matplotlib/axes/_axes.py::4072,0.040829
lib/matplotlib/axes/_axes.py::4084,0.040829
lib/matplotlib/axes/_axes.py::4093,0.040829
lib/matplotlib/axes/_axes.py::4126,0.040829
lib/matplotlib/axes/_axes.py::4127,0.040829
lib/matplotlib/axes/_axes.py::4219,0.040829
lib/matplotlib/axes/_axes.py::3951,0.040260
lib/matplotlib/axes/_axes.py::3997,0.040260
lib/matplotlib/axes/_axes.py::3998,0.040260
lib/matplotlib/axes/_axes.py::4002,0.040260
lib/matplotlib/axes/_axes.py::4218,0.040260
lib/matplotlib/axes/_axes.py::3897,0.039714
lib/matplotlib/axes/_axes.py::3898,0.039714
lib/matplotlib/axes/_axes.py::3899,0.039714
lib/matplotlib/axes/_axes.py::3900,0.039714
lib/matplotlib/axes/_axes.py::3901,0.039714
lib/matplotlib/axes/_axes.py::3902,0.039714
lib/matplotlib/axes/_axes.py::3905,0.039714
lib/matplotlib/axes/_axes.py::3908,0.039714
lib/matplotlib/axes/_axes.py::3909,0.039714
lib/matplotlib/axes/_axes.py::3911,0.039714
lib/matplotlib/axes/_axes.py::3913,0.039714
lib/matplotlib/axes/_axes.py::3914,0.039714
lib/matplotlib/axes/_axes.py::3915,0.039714
lib/matplotlib/axes/_axes.py::3916,0.039714
lib/matplotlib/axes/_axes.py::3917,0.039714
lib/matplotlib/axes/_axes.py::3920,0.039714
lib/matplotlib/axes/_axes.py::3923,0.039714
lib/matplotlib/axes/_axes.py::3938,0.039714
lib/matplotlib/axes/_axes.py::3939,0.039714
lib/matplotlib/axes/_axes.py::3940,0.039714
lib/matplotlib/axes/_axes.py::3941,0.039714
lib/matplotlib/axes/_axes.py::3942,0.039714
lib/matplotlib/axes/_axes.py::3943,0.039714
lib/matplotlib/axes/_axes.py::3944,0.039714
lib/matplotlib/axes/_axes.py::3945,0.039714
lib/matplotlib/axes/_axes.py::3946,0.039714
lib/matplotlib/axes/_axes.py::3947,0.039714
lib/matplotlib/axes/_axes.py::3948,0.039714
lib/matplotlib/axes/_axes.py::3950,0.039714
lib/matplotlib/axes/_axes.py::3953,0.039714
lib/matplotlib/axes/_axes.py::3961,0.039714
lib/matplotlib/axes/_axes.py::3969,0.039714
lib/matplotlib/axes/_axes.py::3988,0.039714
lib/matplotlib/axes/_axes.py::3989,0.039714
lib/matplotlib/axes/_axes.py::3992,0.039714
lib/matplotlib/axes/_base.py::314,0.039012
lib/matplotlib/axes/_base.py::317,0.039012
lib/matplotlib/axes/_base.py::1923,0.038275
lib/matplotlib/figure.py::1916,0.038202
lib/matplotlib/axes/_axes.py::4261,0.037735
lib/matplotlib/axes/_axes.py::4267,0.037735
lib/matplotlib/figure.py::1915,0.037735
lib/matplotlib/axes/_axes.py::1674,0.037466
lib/matplotlib/axes/_axes.py::1675,0.037466
lib/matplotlib/axes/_axes.py::1676,0.037466
lib/matplotlib/axes/_axes.py::1677,0.037466
lib/matplotlib/axes/_base.py::256,0.037466
lib/matplotlib/axes/_base.py::252,0.037354
lib/matplotlib/axes/_base.py::253,0.037354
lib/matplotlib/axes/_base.py::254,0.037354
lib/matplotlib/axes/_base.py::255,0.037354
lib/matplotlib/axes/_base.py::353,0.037354
lib/matplotlib/units.py::67,0.037328
lib/matplotlib/units.py::69,0.037328
lib/matplotlib/axes/_axes.py::1672,0.037244
lib/matplotlib/axes/_axes.py::1673,0.037244
lib/matplotlib/ticker.py::353,0.036850
lib/matplotlib/ticker.py::354,0.036850
lib/matplotlib/axes/_base.py::2131,0.036846
lib/matplotlib/axes/_base.py::2132,0.036846
lib/matplotlib/axes/_base.py::2136,0.036846
lib/matplotlib/units.py::66,0.036612
lib/matplotlib/pyplot.py::949,0.036430
lib/matplotlib/pyplot.py::958,0.036430
lib/matplotlib/pyplot.py::963,0.036430
lib/matplotlib/pyplot.py::964,0.036430
lib/matplotlib/pyplot.py::965,0.036430
lib/matplotlib/pyplot.py::966,0.036430
lib/matplotlib/pyplot.py::967,0.036430
lib/matplotlib/pyplot.py::968,0.036430
lib/matplotlib/pyplot.py::969,0.036430
lib/matplotlib/pyplot.py::972,0.036430
lib/matplotlib/pyplot.py::975,0.036430
lib/matplotlib/axes/_base.py::348,0.036394
lib/matplotlib/axes/_base.py::231,0.036292
lib/matplotlib/axes/_base.py::232,0.036292
lib/matplotlib/axes/_base.py::240,0.036292
lib/matplotlib/axes/_base.py::247,0.036292
lib/matplotlib/axes/_base.py::324,0.036292
lib/matplotlib/axes/_base.py::325,0.036292
lib/matplotlib/axes/_base.py::326,0.036292
lib/matplotlib/axes/_base.py::327,0.036292
lib/matplotlib/axes/_base.py::330,0.036292
lib/matplotlib/axes/_base.py::336,0.036292
lib/matplotlib/axes/_base.py::337,0.036292
lib/matplotlib/axes/_base.py::338,0.036292
lib/matplotlib/axes/_base.py::339,0.036292
lib/matplotlib/axes/_base.py::341,0.036292
lib/matplotlib/axes/_base.py::344,0.036292
lib/matplotlib/axes/_base.py::347,0.036292
lib/matplotlib/axes/_base.py::349,0.036292
lib/matplotlib/axes/_base.py::352,0.036292
lib/matplotlib/axes/_base.py::358,0.036292
lib/matplotlib/axes/_base.py::359,0.036292
lib/matplotlib/axes/_base.py::363,0.036292
lib/matplotlib/axes/_base.py::364,0.036292
lib/matplotlib/cbook/__init__.py::1364,0.036292
lib/matplotlib/axes/_base.py::154,0.036190
lib/matplotlib/axes/_base.py::156,0.036190
lib/matplotlib/axes/_base.py::157,0.036190
lib/matplotlib/axes/_base.py::161,0.036190
lib/matplotlib/axes/_base.py::165,0.036190
lib/matplotlib/axes/_base.py::166,0.036190
lib/matplotlib/axes/_base.py::211,0.036190
lib/matplotlib/axes/_base.py::212,0.036190
lib/matplotlib/axes/_base.py::213,0.036190
lib/matplotlib/axes/_base.py::216,0.036190
lib/matplotlib/axes/_base.py::311,0.036190
lib/matplotlib/axes/_base.py::321,0.036190
lib/matplotlib/cbook/__init__.py::748,0.035633
lib/matplotlib/cbook/__init__.py::749,0.035633
lib/matplotlib/cbook/__init__.py::753,0.035633
lib/matplotlib/cbook/__init__.py::754,0.035633
lib/matplotlib/cbook/__init__.py::755,0.035633
lib/matplotlib/cbook/__init__.py::758,0.035633
lib/matplotlib/axis.py::1346,0.035253
lib/matplotlib/axes/_axes.py::4250,0.034182
lib/matplotlib/axes/_axes.py::4251,0.034182
lib/matplotlib/colors.py::338,0.033847
lib/matplotlib/colors.py::341,0.033847
lib/matplotlib/colors.py::318,0.033521
lib/matplotlib/colors.py::319,0.033521
lib/matplotlib/colors.py::322,0.033521
lib/matplotlib/gridspec.py::664,0.033204
lib/matplotlib/gridspec.py::665,0.033204
lib/matplotlib/gridspec.py::666,0.033204
lib/matplotlib/gridspec.py::667,0.033204
lib/matplotlib/axes/_axes.py::4208,0.032305
lib/matplotlib/axes/_axes.py::4211,0.032305
lib/matplotlib/axes/_axes.py::4212,0.032305
lib/matplotlib/axes/_axes.py::4217,0.032305
lib/matplotlib/axes/_axes.py::4221,0.032305
lib/matplotlib/axes/_axes.py::4226,0.032305
lib/matplotlib/axes/_axes.py::4227,0.032305
lib/matplotlib/axes/_axes.py::4228,0.032305
lib/matplotlib/axes/_axes.py::4249,0.032305
lib/matplotlib/axes/_axes.py::4184,0.032022
lib/matplotlib/axes/_axes.py::4185,0.032022
lib/matplotlib/axes/_axes.py::4186,0.032022
lib/matplotlib/axes/_axes.py::4188,0.032022
lib/matplotlib/axes/_axes.py::4190,0.032022
lib/matplotlib/axes/_axes.py::4195,0.032022
lib/matplotlib/ticker.py::1795,0.031213
lib/matplotlib/ticker.py::1796,0.031213
lib/matplotlib/axes/_base.py::239,0.030957
lib/matplotlib/cbook/__init__.py::1398,0.030464
lib/matplotlib/cbook/__init__.py::1400,0.030464
lib/matplotlib/axes/_base.py::1950,0.030390
lib/matplotlib/axes/_base.py::1947,0.030330
lib/matplotlib/axes/_base.py::1949,0.030330
lib/matplotlib/axes/_base.py::1974,0.030330
lib/matplotlib/axes/_base.py::1975,0.030330
lib/matplotlib/axes/_base.py::1976,0.030330
lib/matplotlib/axes/_base.py::1977,0.030330
lib/matplotlib/axes/_base.py::1978,0.030330
lib/matplotlib/axes/_base.py::1979,0.030330
lib/matplotlib/axes/_base.py::1980,0.030330
lib/matplotlib/axes/_base.py::1981,0.030330
lib/matplotlib/axes/_base.py::1917,0.030038
lib/matplotlib/axes/_base.py::1918,0.030038
lib/matplotlib/axes/_base.py::1919,0.030038
lib/matplotlib/axes/_base.py::1921,0.030038
lib/matplotlib/axes/_base.py::1922,0.030038
lib/matplotlib/axes/_base.py::1924,0.030038
lib/matplotlib/axes/_base.py::1925,0.030038
lib/matplotlib/axes/_base.py::1926,0.030038
lib/matplotlib/axes/_base.py::1927,0.030038
lib/matplotlib/axes/_base.py::1943,0.030038
lib/matplotlib/axes/_base.py::1944,0.030038
lib/matplotlib/lines.py::643,0.029980
lib/matplotlib/lines.py::644,0.029980
lib/matplotlib/lines.py::645,0.029980
lib/matplotlib/lines.py::646,0.029980
lib/matplotlib/lines.py::647,0.029980
lib/matplotlib/lines.py::648,0.029980
lib/matplotlib/pyplot.py::571,0.029543
lib/matplotlib/markers.py::401,0.029326
lib/matplotlib/markers.py::397,0.029113
lib/matplotlib/markers.py::398,0.029113
lib/matplotlib/markers.py::399,0.029113
lib/matplotlib/markers.py::400,0.029113
lib/matplotlib/transforms.py::2094,0.028298
lib/matplotlib/markers.py::394,0.028115
lib/matplotlib/transforms.py::1326,0.027691
lib/matplotlib/transforms.py::1331,0.027691
lib/matplotlib/path.py::718,0.027387
lib/matplotlib/path.py::721,0.027387
lib/matplotlib/transforms.py::2091,0.026954
lib/matplotlib/transforms.py::2093,0.026954
lib/matplotlib/transforms.py::1637,0.026626
lib/matplotlib/transforms.py::2335,0.026586
lib/matplotlib/transforms.py::1293,0.026546
lib/matplotlib/transforms.py::1306,0.026546
lib/matplotlib/transforms.py::1310,0.026546
lib/matplotlib/transforms.py::1311,0.026546
lib/matplotlib/transforms.py::1312,0.026546
lib/matplotlib/transforms.py::2345,0.026546
lib/matplotlib/units.py::204,0.026546
lib/matplotlib/units.py::206,0.026546
lib/matplotlib/transforms.py::1279,0.026507
lib/matplotlib/transforms.py::2340,0.026507
lib/matplotlib/transforms.py::2341,0.026507
lib/matplotlib/transforms.py::2334,0.026467
lib/matplotlib/axes/_base.py::614,0.024788
lib/matplotlib/axes/_base.py::616,0.024788
lib/matplotlib/axes/_base.py::611,0.024755
lib/matplotlib/axes/_base.py::613,0.024755
lib/matplotlib/axes/_base.py::615,0.024755
lib/matplotlib/transforms.py::2250,0.024755
lib/matplotlib/transforms.py::2248,0.024659
lib/matplotlib/transforms.py::2249,0.024659
lib/matplotlib/transforms.py::2258,0.024659
lib/matplotlib/transforms.py::2259,0.024659
lib/matplotlib/transforms.py::2260,0.024659
lib/matplotlib/transforms.py::1708,0.024595
lib/matplotlib/colors.py::268,0.024440
lib/matplotlib/artist.py::1015,0.024346
lib/matplotlib/axes/_base.py::913,0.024224
lib/matplotlib/transforms.py::844,0.024074
lib/matplotlib/transforms.py::845,0.024074
lib/matplotlib/transforms.py::847,0.024074
lib/matplotlib/transforms.py::848,0.024074
lib/matplotlib/transforms.py::842,0.024045
lib/matplotlib/transforms.py::843,0.024045
lib/matplotlib/transforms.py::846,0.024045
lib/matplotlib/transforms.py::832,0.023986
lib/matplotlib/transforms.py::835,0.023986
lib/matplotlib/transforms.py::838,0.023986
lib/matplotlib/transforms.py::839,0.023986
lib/matplotlib/transforms.py::841,0.023986
lib/matplotlib/transforms.py::2333,0.023754
lib/matplotlib/transforms.py::1707,0.023697
lib/matplotlib/artist.py::829,0.023641
lib/matplotlib/path.py::236,0.023177
lib/matplotlib/path.py::256,0.023177
lib/matplotlib/path.py::221,0.023124
lib/matplotlib/path.py::202,0.022994
lib/matplotlib/axes/_base.py::235,0.022091
lib/matplotlib/axes/_base.py::236,0.022091
lib/matplotlib/axes/_base.py::248,0.022091
lib/matplotlib/axes/_base.py::249,0.022091
lib/matplotlib/colors.py::264,0.022000
lib/matplotlib/colors.py::266,0.022000
lib/matplotlib/axes/_base.py::331,0.019634
lib/matplotlib/axes/_base.py::332,0.019634
lib/matplotlib/colors.py::222,0.019197
lib/matplotlib/cbook/__init__.py::469,0.019137
lib/matplotlib/colors.py::183,0.019137
lib/matplotlib/colors.py::184,0.019137
lib/matplotlib/colors.py::186,0.019137
lib/matplotlib/colors.py::200,0.019137
lib/matplotlib/colors.py::201,0.019137
lib/matplotlib/colors.py::203,0.019137
lib/matplotlib/axes/_base.py::350,0.018248
lib/matplotlib/lines.py::316,0.017519
lib/matplotlib/colors.py::316,0.015225
lib/matplotlib/colors.py::317,0.015225
lib/matplotlib/colors.py::314,0.015195
lib/matplotlib/markers.py::286,0.015019
lib/matplotlib/colors.py::294,0.014990
lib/matplotlib/markers.py::263,0.014849
lib/matplotlib/path.py::635,0.014296
lib/matplotlib/path.py::642,0.014296
lib/matplotlib/transforms.py::2563,0.013937
lib/matplotlib/transforms.py::2564,0.013937
lib/matplotlib/transforms.py::2565,0.013937
lib/matplotlib/transforms.py::2567,0.013937
lib/matplotlib/transforms.py::2568,0.013937
lib/matplotlib/transforms.py::2569,0.013937
lib/matplotlib/transforms.py::2570,0.013937
lib/matplotlib/transforms.py::2571,0.013937
lib/matplotlib/transforms.py::2572,0.013937
lib/matplotlib/transforms.py::2573,0.013937
lib/matplotlib/transforms.py::413,0.013868
lib/matplotlib/transforms.py::414,0.013868
lib/matplotlib/transforms.py::1014,0.013823
lib/matplotlib/transforms.py::1015,0.013823
lib/matplotlib/transforms.py::1019,0.013823
lib/matplotlib/transforms.py::1020,0.013823
lib/matplotlib/transforms.py::1021,0.013823
lib/matplotlib/transforms.py::1022,0.013823
lib/matplotlib/transforms.py::1023,0.013823
lib/matplotlib/transforms.py::1024,0.013823
lib/matplotlib/transforms.py::1026,0.013823
lib/matplotlib/transforms.py::1027,0.013823
lib/matplotlib/transforms.py::1030,0.013823
lib/matplotlib/transforms.py::1031,0.013823
lib/matplotlib/transforms.py::1034,0.013823
lib/matplotlib/transforms.py::1035,0.013823
lib/matplotlib/transforms.py::1036,0.013823
lib/matplotlib/transforms.py::1039,0.013823
lib/matplotlib/transforms.py::1040,0.013823
lib/matplotlib/transforms.py::1713,0.013778
lib/matplotlib/transforms.py::1791,0.013778
lib/matplotlib/transforms.py::1792,0.013778
lib/matplotlib/transforms.py::1795,0.013778
lib/matplotlib/transforms.py::1875,0.013778
lib/matplotlib/transforms.py::1876,0.013778
lib/matplotlib/transforms.py::1877,0.013778
lib/matplotlib/transforms.py::1878,0.013778
lib/matplotlib/artist.py::1072,0.013690
lib/matplotlib/transforms.py::381,0.013690
lib/matplotlib/cbook/__init__.py::1883,0.012142
