Entity,Score
pandas/core/internals/concat.py::105,0.967742
pandas/core/internals/concat.py::178,0.967742
pandas/core/internals/concat.py::179,0.967742
pandas/core/internals/concat.py::266,0.967742
pandas/core/internals/concat.py::368,0.967742
pandas/core/internals/concat.py::369,0.967742
pandas/core/internals/concat.py::372,0.967742
pandas/core/indexing.py::2066,0.841727
pandas/core/indexing.py::2067,0.841727
pandas/core/internals/concat.py::130,0.841727
pandas/core/internals/concat.py::132,0.841727
pandas/core/internals/concat.py::135,0.841727
pandas/core/internals/concat.py::139,0.841727
pandas/core/internals/concat.py::142,0.841727
pandas/core/internals/concat.py::143,0.841727
pandas/core/internals/concat.py::176,0.841727
pandas/core/internals/concat.py::226,0.841727
pandas/core/internals/concat.py::233,0.841727
pandas/core/internals/concat.py::234,0.841727
pandas/core/internals/concat.py::236,0.841727
pandas/core/internals/concat.py::243,0.841727
pandas/core/internals/concat.py::247,0.841727
pandas/core/internals/concat.py::250,0.841727
pandas/core/internals/concat.py::251,0.841727
pandas/core/internals/concat.py::254,0.841727
pandas/core/internals/concat.py::268,0.841727
pandas/core/internals/concat.py::282,0.841727
pandas/core/internals/concat.py::287,0.841727
pandas/core/internals/concat.py::293,0.841727
pandas/core/internals/concat.py::294,0.841727
pandas/core/internals/concat.py::295,0.841727
pandas/core/internals/concat.py::296,0.841727
pandas/core/internals/concat.py::299,0.841727
pandas/core/internals/concat.py::301,0.841727
pandas/core/internals/concat.py::302,0.841727
pandas/core/internals/concat.py::303,0.841727
pandas/core/internals/concat.py::304,0.841727
pandas/core/internals/concat.py::307,0.841727
pandas/core/internals/concat.py::309,0.841727
pandas/core/internals/concat.py::311,0.841727
pandas/core/internals/concat.py::313,0.841727
pandas/core/internals/concat.py::315,0.841727
pandas/core/internals/concat.py::317,0.841727
pandas/core/internals/concat.py::319,0.841727
pandas/core/internals/concat.py::321,0.841727
pandas/core/internals/concat.py::323,0.841727
pandas/core/internals/concat.py::324,0.841727
pandas/core/internals/concat.py::331,0.841727
pandas/core/internals/concat.py::334,0.841727
pandas/core/internals/concat.py::336,0.841727
pandas/core/internals/concat.py::341,0.841727
pandas/core/internals/concat.py::343,0.841727
pandas/core/internals/concat.py::348,0.841727
pandas/core/internals/concat.py::350,0.841727
pandas/core/internals/concat.py::355,0.841727
pandas/core/internals/concat.py::357,0.841727
pandas/core/internals/concat.py::360,0.841727
pandas/core/internals/concat.py::361,0.841727
pandas/core/internals/concat.py::366,0.841727
pandas/core/internals/concat.py::404,0.841727
pandas/core/internals/managers.py::2019,0.841727
pandas/core/internals/managers.py::2020,0.841727
pandas/core/internals/managers.py::2021,0.841727
pandas/core/reshape/pivot.py::356,0.841727
pandas/core/reshape/pivot.py::357,0.841727
pandas/core/reshape/pivot.py::367,0.841727
pandas/core/dtypes/concat.py::103,0.755100
pandas/core/dtypes/concat.py::104,0.755100
pandas/core/dtypes/concat.py::105,0.755100
pandas/core/dtypes/concat.py::107,0.755100
pandas/core/dtypes/concat.py::112,0.755100
pandas/core/dtypes/concat.py::116,0.755100
pandas/core/dtypes/concat.py::119,0.755100
pandas/core/dtypes/concat.py::120,0.755100
pandas/core/dtypes/concat.py::123,0.755100
pandas/core/dtypes/concat.py::137,0.755100
pandas/core/dtypes/concat.py::91,0.755100
pandas/core/dtypes/concat.py::92,0.755100
pandas/core/dtypes/concat.py::94,0.755100
pandas/core/indexing.py::2059,0.755100
pandas/core/indexing.py::2060,0.755100
pandas/core/indexing.py::2062,0.755100
pandas/core/indexing.py::2063,0.755100
pandas/core/indexing.py::2064,0.755100
pandas/core/indexing.py::2065,0.755100
pandas/core/indexing.py::2069,0.755100
pandas/core/indexing.py::2072,0.755100
pandas/core/indexing.py::2078,0.755100
pandas/core/indexing.py::2080,0.755100
pandas/core/indexing.py::948,0.755100
pandas/core/reshape/pivot.py::254,0.690824
pandas/core/nanops.py::1163,0.566449
pandas/core/nanops.py::535,0.566449
pandas/core/dtypes/cast.py::576,0.537902
pandas/core/dtypes/cast.py::577,0.537902
pandas/core/dtypes/cast.py::580,0.537902
pandas/core/indexes/api.py::291,0.537902
pandas/util/testing.py::773,0.537902
pandas/util/testing.py::774,0.537902
pandas/util/testing.py::907,0.537902
pandas/util/testing.py::909,0.537902
pandas/util/testing.py::911,0.537902
pandas/util/testing.py::914,0.537902
pandas/util/testing.py::916,0.537902
pandas/util/testing.py::923,0.537902
pandas/util/testing.py::924,0.537902
pandas/util/testing.py::927,0.537902
pandas/util/testing.py::930,0.537902
pandas/core/frame.py::7541,0.472813
pandas/core/common.py::125,0.455876
pandas/core/common.py::127,0.455876
pandas/core/common.py::128,0.455876
pandas/core/common.py::130,0.455876
pandas/core/dtypes/concat.py::62,0.455876
pandas/core/dtypes/concat.py::64,0.455876
pandas/core/dtypes/concat.py::67,0.455876
pandas/core/generic.py::11261,0.440645
pandas/core/generic.py::11264,0.440645
pandas/core/generic.py::11265,0.440645
pandas/core/generic.py::11266,0.440645
pandas/core/generic.py::11267,0.440645
pandas/core/generic.py::11268,0.440645
pandas/core/generic.py::11269,0.440645
pandas/core/generic.py::11271,0.440645
pandas/core/generic.py::11272,0.440645
pandas/core/indexes/api.py::211,0.440645
pandas/core/indexes/api.py::212,0.440645
pandas/core/indexes/api.py::213,0.440645
pandas/core/indexes/api.py::222,0.440645
pandas/core/indexes/api.py::223,0.440645
pandas/core/indexes/api.py::225,0.440645
pandas/core/indexes/api.py::266,0.440645
pandas/core/nanops.py::100,0.440645
pandas/core/nanops.py::109,0.440645
pandas/core/nanops.py::1158,0.440645
pandas/core/nanops.py::1159,0.440645
pandas/core/nanops.py::1160,0.440645
pandas/core/nanops.py::1164,0.440645
pandas/core/nanops.py::123,0.440645
pandas/core/nanops.py::125,0.440645
pandas/core/nanops.py::1283,0.440645
pandas/core/nanops.py::1294,0.440645
pandas/core/nanops.py::1306,0.440645
pandas/core/nanops.py::524,0.440645
pandas/core/nanops.py::525,0.440645
pandas/core/nanops.py::527,0.440645
pandas/core/nanops.py::528,0.440645
pandas/core/nanops.py::530,0.440645
pandas/core/nanops.py::539,0.440645
pandas/core/nanops.py::540,0.440645
pandas/core/nanops.py::542,0.440645
pandas/core/nanops.py::550,0.440645
pandas/core/nanops.py::552,0.440645
pandas/core/nanops.py::95,0.440645
pandas/core/reshape/pivot.py::285,0.440645
pandas/core/indexes/api.py::142,0.426852
pandas/core/indexes/api.py::143,0.426852
pandas/core/indexes/api.py::210,0.426852
pandas/core/indexes/api.py::288,0.426852
pandas/core/indexes/api.py::289,0.426852
pandas/core/indexes/api.py::263,0.414283
pandas/core/indexes/api.py::177,0.402767
pandas/core/indexes/api.py::179,0.402767
pandas/core/indexes/api.py::201,0.402767
pandas/core/indexes/api.py::251,0.402767
pandas/core/indexes/api.py::253,0.402767
pandas/core/common.py::192,0.392165
pandas/core/indexes/api.py::137,0.382362
pandas/core/reshape/pivot.py::218,0.382362
pandas/core/indexes/base.py::1485,0.373262
pandas/core/indexes/base.py::1552,0.373262
pandas/core/indexes/base.py::1553,0.373262
pandas/core/internals/concat.py::153,0.373262
pandas/core/series.py::560,0.373262
pandas/core/dtypes/cast.py::230,0.364784
pandas/core/reshape/pivot.py::117,0.364784
pandas/core/generic.py::4546,0.356861
pandas/core/reshape/pivot.py::226,0.356861
pandas/core/reshape/pivot.py::227,0.356861
pandas/core/reshape/pivot.py::228,0.356861
pandas/core/reshape/pivot.py::229,0.356861
pandas/core/reshape/pivot.py::230,0.356861
pandas/core/reshape/pivot.py::231,0.356861
pandas/core/reshape/pivot.py::232,0.356861
pandas/core/reshape/pivot.py::233,0.356861
pandas/core/reshape/pivot.py::234,0.356861
pandas/core/reshape/pivot.py::235,0.356861
pandas/core/reshape/pivot.py::237,0.356861
pandas/core/reshape/pivot.py::239,0.356861
pandas/core/reshape/pivot.py::311,0.356861
pandas/core/reshape/pivot.py::359,0.356861
pandas/core/reshape/pivot.py::369,0.356861
pandas/core/common.py::254,0.342456
pandas/core/reshape/pivot.py::281,0.342456
pandas/core/reshape/pivot.py::282,0.342456
pandas/core/reshape/pivot.py::283,0.342456
pandas/core/reshape/pivot.py::284,0.342456
pandas/core/reshape/pivot.py::295,0.342456
pandas/core/algorithms.py::411,0.335880
pandas/core/algorithms.py::439,0.335880
pandas/core/algorithms.py::86,0.335880
pandas/core/base.py::1364,0.335880
pandas/core/base.py::1366,0.335880
pandas/core/base.py::1370,0.335880
pandas/core/base.py::1372,0.335880
pandas/core/construction.py::428,0.335880
pandas/core/construction.py::432,0.335880
pandas/core/construction.py::434,0.335880
pandas/core/construction.py::435,0.335880
pandas/core/construction.py::438,0.335880
pandas/core/construction.py::439,0.335880
pandas/core/construction.py::444,0.335880
pandas/core/dtypes/cast.py::1031,0.335880
pandas/core/dtypes/cast.py::1339,0.335880
pandas/core/dtypes/cast.py::1344,0.335880
pandas/core/dtypes/cast.py::1347,0.335880
pandas/core/dtypes/cast.py::1350,0.335880
pandas/core/dtypes/cast.py::1357,0.335880
pandas/core/dtypes/cast.py::1358,0.335880
pandas/core/dtypes/cast.py::1360,0.335880
pandas/core/dtypes/cast.py::717,0.335880
pandas/core/dtypes/cast.py::718,0.335880
pandas/core/dtypes/common.py::1685,0.335880
pandas/core/dtypes/common.py::1688,0.335880
pandas/core/dtypes/common.py::1690,0.335880
pandas/core/dtypes/common.py::1691,0.335880
pandas/core/dtypes/common.py::1692,0.335880
pandas/core/dtypes/common.py::1694,0.335880
pandas/core/dtypes/common.py::1695,0.335880
pandas/core/dtypes/common.py::1745,0.335880
pandas/core/dtypes/common.py::1746,0.335880
pandas/core/dtypes/common.py::1747,0.335880
pandas/core/frame.py::2818,0.335880
pandas/core/frame.py::2829,0.335880
pandas/core/frame.py::2839,0.335880
pandas/core/frame.py::2840,0.335880
pandas/core/frame.py::2842,0.335880
pandas/core/frame.py::2843,0.335880
pandas/core/frame.py::3272,0.335880
pandas/core/frame.py::3274,0.335880
pandas/core/frame.py::3275,0.335880
pandas/core/frame.py::3277,0.335880
pandas/core/frame.py::3279,0.335880
pandas/core/frame.py::3283,0.335880
pandas/core/frame.py::3284,0.335880
pandas/core/frame.py::3285,0.335880
pandas/core/frame.py::3286,0.335880
pandas/core/frame.py::3289,0.335880
pandas/core/frame.py::3298,0.335880
pandas/core/frame.py::3301,0.335880
pandas/core/frame.py::3302,0.335880
pandas/core/frame.py::3304,0.335880
pandas/core/frame.py::3305,0.335880
pandas/core/frame.py::3306,0.335880
pandas/core/frame.py::3308,0.335880
pandas/core/frame.py::3310,0.335880
pandas/core/frame.py::3312,0.335880
pandas/core/frame.py::3313,0.335880
pandas/core/frame.py::3314,0.335880
pandas/core/frame.py::3316,0.335880
pandas/core/frame.py::3318,0.335880
pandas/core/frame.py::3324,0.335880
pandas/core/generic.py::3677,0.335880
pandas/core/generic.py::3682,0.335880
pandas/core/generic.py::3684,0.335880
pandas/core/generic.py::3822,0.335880
pandas/core/indexes/api.py::169,0.335880
pandas/core/indexes/api.py::171,0.335880
pandas/core/indexing.py::1962,0.335880
pandas/core/indexing.py::1973,0.335880
pandas/core/indexing.py::2109,0.335880
pandas/core/indexing.py::2110,0.335880
pandas/core/internals/blocks.py::172,0.335880
pandas/core/internals/managers.py::678,0.335880
pandas/core/internals/managers.py::679,0.335880
pandas/core/reshape/pivot.py::253,0.335880
pandas/core/reshape/pivot.py::265,0.335880
pandas/core/reshape/pivot.py::266,0.335880
pandas/core/series.py::1158,0.335880
pandas/core/series.py::1159,0.335880
pandas/core/series.py::1161,0.335880
pandas/core/series.py::1162,0.335880
pandas/core/series.py::1192,0.335880
pandas/core/series.py::1196,0.335880
pandas/core/series.py::1197,0.335880
pandas/core/series.py::1201,0.335880
pandas/core/series.py::1202,0.335880
pandas/core/series.py::1203,0.335880
pandas/core/series.py::1862,0.335880
pandas/core/series.py::1863,0.335880
pandas/core/series.py::4342,0.335880
pandas/core/series.py::4343,0.335880
pandas/core/groupby/grouper.py::407,0.329670
pandas/core/indexes/base.py::1475,0.329670
pandas/core/indexes/base.py::4227,0.329670
pandas/core/ops/dispatch.py::176,0.329670
pandas/core/ops/dispatch.py::177,0.329670
pandas/core/ops/dispatch.py::178,0.329670
pandas/core/ops/dispatch.py::179,0.329670
pandas/core/ops/dispatch.py::180,0.329670
pandas/core/ops/dispatch.py::181,0.329670
pandas/core/ops/dispatch.py::182,0.329670
pandas/core/ops/dispatch.py::183,0.329670
pandas/core/ops/dispatch.py::184,0.329670
pandas/core/ops/dispatch.py::185,0.329670
pandas/core/ops/dispatch.py::186,0.329670
pandas/core/ops/dispatch.py::187,0.329670
pandas/core/ops/dispatch.py::188,0.329670
pandas/core/ops/dispatch.py::189,0.329670
pandas/core/ops/dispatch.py::190,0.329670
pandas/core/ops/dispatch.py::191,0.329670
pandas/core/ops/dispatch.py::194,0.329670
pandas/core/ops/dispatch.py::195,0.329670
pandas/core/ops/dispatch.py::196,0.329670
pandas/core/ops/dispatch.py::197,0.329670
pandas/core/ops/dispatch.py::198,0.329670
pandas/core/ops/dispatch.py::199,0.329670
pandas/core/ops/dispatch.py::200,0.329670
pandas/core/ops/dispatch.py::201,0.329670
pandas/core/ops/dispatch.py::202,0.329670
pandas/core/ops/dispatch.py::203,0.329670
pandas/core/ops/dispatch.py::204,0.329670
pandas/core/ops/dispatch.py::205,0.329670
pandas/core/ops/dispatch.py::206,0.329670
pandas/core/ops/dispatch.py::211,0.329670
pandas/core/ops/dispatch.py::212,0.329670
pandas/core/ops/dispatch.py::213,0.329670
pandas/core/ops/dispatch.py::214,0.329670
pandas/core/ops/dispatch.py::215,0.329670
pandas/core/ops/dispatch.py::216,0.329670
pandas/core/ops/dispatch.py::219,0.329670
pandas/core/ops/dispatch.py::220,0.329670
pandas/core/ops/dispatch.py::222,0.329670
pandas/core/ops/dispatch.py::225,0.329670
pandas/core/ops/dispatch.py::233,0.329670
pandas/core/reshape/pivot.py::225,0.329670
pandas/core/reshape/pivot.py::250,0.329670
pandas/core/reshape/pivot.py::252,0.329670
pandas/core/reshape/pivot.py::258,0.329670
pandas/core/reshape/pivot.py::260,0.329670
pandas/core/reshape/pivot.py::262,0.329670
pandas/core/reshape/pivot.py::263,0.329670
pandas/core/reshape/pivot.py::264,0.329670
pandas/core/reshape/pivot.py::267,0.329670
pandas/core/reshape/pivot.py::273,0.329670
pandas/core/reshape/pivot.py::275,0.329670
pandas/core/series.py::736,0.329670
pandas/core/series.py::739,0.329670
pandas/core/series.py::740,0.329670
pandas/core/series.py::742,0.329670
pandas/core/series.py::746,0.329670
pandas/core/series.py::748,0.329670
pandas/core/series.py::750,0.329670
pandas/core/series.py::751,0.329670
pandas/core/series.py::754,0.329670
pandas/core/series.py::755,0.329670
pandas/core/series.py::758,0.329670
pandas/core/series.py::762,0.329670
pandas/core/series.py::763,0.329670
pandas/core/series.py::765,0.329670
pandas/core/series.py::767,0.329670
pandas/core/series.py::780,0.329670
pandas/core/series.py::782,0.329670
pandas/core/series.py::783,0.329670
pandas/core/series.py::786,0.329670
pandas/core/series.py::787,0.329670
pandas/core/series.py::791,0.329670
pandas/core/series.py::792,0.329670
pandas/core/series.py::794,0.329670
pandas/core/series.py::806,0.329670
pandas/core/series.py::808,0.329670
pandas/core/series.py::811,0.329670
pandas/core/series.py::815,0.329670
pandas/core/dtypes/concat.py::42,0.323794
pandas/core/dtypes/concat.py::43,0.323794
pandas/core/dtypes/concat.py::45,0.323794
pandas/core/dtypes/concat.py::46,0.323794
pandas/core/dtypes/concat.py::48,0.323794
pandas/core/dtypes/concat.py::50,0.323794
pandas/core/dtypes/concat.py::52,0.323794
pandas/core/dtypes/concat.py::56,0.323794
pandas/core/dtypes/concat.py::58,0.323794
pandas/core/dtypes/concat.py::60,0.323794
pandas/core/dtypes/concat.py::61,0.323794
pandas/core/dtypes/concat.py::68,0.323794
pandas/core/dtypes/concat.py::69,0.323794
pandas/core/indexes/base.py::4206,0.323794
pandas/core/indexes/base.py::4208,0.323794
pandas/core/indexes/base.py::4209,0.323794
pandas/core/indexes/base.py::4213,0.323794
pandas/core/indexes/base.py::4214,0.323794
pandas/core/indexes/base.py::4217,0.323794
pandas/core/indexes/base.py::4218,0.323794
pandas/core/indexes/base.py::4220,0.323794
pandas/core/indexes/base.py::4224,0.323794
pandas/core/indexes/base.py::4226,0.323794
pandas/core/indexes/base.py::4236,0.323794
pandas/core/indexes/base.py::4237,0.323794
pandas/core/indexes/base.py::4238,0.323794
pandas/core/indexes/base.py::4239,0.323794
pandas/core/indexes/base.py::4240,0.323794
pandas/core/indexes/base.py::4243,0.323794
pandas/core/indexes/base.py::4246,0.323794
pandas/core/indexes/base.py::4247,0.323794
pandas/core/indexes/base.py::4248,0.323794
pandas/core/indexes/base.py::4250,0.323794
pandas/core/indexes/base.py::4252,0.323794
pandas/core/internals/blocks.py::3057,0.323794
pandas/core/internals/blocks.py::365,0.323794
pandas/core/internals/blocks.py::366,0.323794
pandas/core/internals/managers.py::1084,0.323794
pandas/core/internals/managers.py::1085,0.323794
pandas/core/internals/managers.py::1086,0.323794
pandas/core/reshape/concat.py::570,0.323794
pandas/core/reshape/pivot.py::215,0.323794
pandas/core/reshape/pivot.py::220,0.323794
pandas/core/reshape/pivot.py::92,0.323794
pandas/core/reshape/pivot.py::93,0.323794
pandas/core/reshape/pivot.py::94,0.323794
pandas/core/reshape/pivot.py::95,0.323794
pandas/core/reshape/pivot.py::98,0.323794
pandas/core/frame.py::2674,0.318222
pandas/core/frame.py::2713,0.318222
pandas/core/frame.py::2719,0.318222
pandas/core/frame.py::2726,0.318222
pandas/core/frame.py::2727,0.318222
pandas/core/frame.py::2728,0.318222
pandas/core/internals/blocks.py::284,0.318222
pandas/core/internals/construction.py::123,0.318222
pandas/core/internals/construction.py::126,0.318222
pandas/core/internals/construction.py::127,0.318222
pandas/core/internals/construction.py::132,0.318222
pandas/core/reshape/pivot.py::155,0.318222
pandas/core/reshape/pivot.py::210,0.318222
pandas/conftest.py::134,0.312929
pandas/core/indexes/base.py::3159,0.312929
pandas/core/indexes/base.py::3203,0.312929
pandas/core/internals/construction.py::279,0.312929
pandas/core/reshape/concat.py::591,0.312929
pandas/core/reshape/pivot.py::201,0.312929
pandas/core/reshape/pivot.py::202,0.312929
pandas/core/reshape/pivot.py::203,0.312929
pandas/core/reshape/pivot.py::206,0.312929
pandas/core/reshape/pivot.py::208,0.312929
pandas/core/reshape/pivot.py::280,0.312929
pandas/core/frame.py::4463,0.307893
pandas/core/generic.py::7290,0.307893
pandas/core/indexes/base.py::4140,0.307893
pandas/core/internals/managers.py::1125,0.307893
pandas/core/internals/managers.py::1127,0.307893
pandas/core/internals/managers.py::1128,0.307893
pandas/core/internals/managers.py::1129,0.307893
pandas/core/internals/managers.py::1130,0.307893
pandas/core/internals/managers.py::1131,0.307893
pandas/core/internals/managers.py::1135,0.307893
pandas/core/internals/managers.py::1136,0.307893
pandas/core/internals/concat.py::102,0.303093
pandas/core/internals/concat.py::103,0.303093
pandas/core/internals/concat.py::107,0.303093
pandas/core/internals/concat.py::109,0.303093
pandas/core/internals/concat.py::66,0.303093
pandas/core/internals/concat.py::68,0.303093
pandas/core/internals/concat.py::70,0.303093
pandas/core/internals/concat.py::71,0.303093
pandas/core/internals/concat.py::72,0.303093
pandas/core/internals/concat.py::74,0.303093
pandas/core/internals/concat.py::77,0.303093
pandas/core/internals/concat.py::78,0.303093
pandas/core/internals/concat.py::81,0.303093
pandas/core/internals/concat.py::89,0.303093
pandas/core/internals/concat.py::90,0.303093
pandas/core/internals/concat.py::91,0.303093
pandas/core/generic.py::5307,0.298511
pandas/core/reshape/pivot.py::154,0.298511
pandas/core/reshape/pivot.py::156,0.298511
pandas/core/reshape/pivot.py::157,0.298511
pandas/core/reshape/pivot.py::158,0.298511
pandas/core/reshape/pivot.py::159,0.298511
pandas/core/reshape/pivot.py::160,0.298511
pandas/core/reshape/pivot.py::161,0.298511
pandas/core/reshape/pivot.py::162,0.298511
pandas/core/reshape/pivot.py::163,0.298511
pandas/core/reshape/pivot.py::164,0.298511
pandas/core/reshape/pivot.py::165,0.298511
pandas/core/reshape/pivot.py::198,0.298511
pandas/core/generic.py::5602,0.294132
pandas/core/generic.py::5604,0.294132
pandas/core/internals/concat.py::111,0.294132
pandas/core/internals/concat.py::59,0.294132
pandas/core/internals/concat.py::60,0.294132
pandas/core/internals/concat.py::61,0.294132
pandas/core/internals/concat.py::63,0.294132
pandas/core/internals/concat.py::64,0.294132
pandas/core/internals/managers.py::249,0.294132
pandas/core/internals/managers.py::250,0.294132
pandas/core/series.py::275,0.294132
pandas/core/series.py::279,0.294132
pandas/core/series.py::283,0.294132
pandas/core/dtypes/missing.py::262,0.289940
pandas/core/generic.py::4545,0.289940
pandas/core/indexes/base.py::4320,0.289940
pandas/core/internals/concat.py::158,0.285924
pandas/core/internals/concat.py::159,0.285924
pandas/core/internals/concat.py::161,0.285924
pandas/core/internals/concat.py::163,0.285924
pandas/core/internals/concat.py::166,0.285924
pandas/core/internals/concat.py::167,0.285924
pandas/core/internals/concat.py::168,0.285924
pandas/core/internals/concat.py::169,0.285924
pandas/core/internals/concat.py::170,0.285924
pandas/core/internals/concat.py::171,0.285924
pandas/core/internals/managers.py::923,0.285924
pandas/core/internals/managers.py::924,0.285924
pandas/core/internals/managers.py::925,0.285924
pandas/core/internals/managers.py::926,0.285924
pandas/core/generic.py::1868,0.282070
pandas/core/generic.py::1869,0.282070
pandas/core/generic.py::1870,0.282070
pandas/core/indexes/base.py::4314,0.282070
pandas/core/indexes/base.py::4316,0.282070
pandas/core/indexes/base.py::4317,0.282070
pandas/core/internals/blocks.py::359,0.282070
pandas/core/internals/managers.py::1075,0.282070
pandas/core/reshape/concat.py::569,0.282070
pandas/core/reshape/concat.py::576,0.282070
pandas/core/reshape/concat.py::578,0.282070
pandas/core/reshape/concat.py::581,0.282070
pandas/core/series.py::4076,0.282070
pandas/core/dtypes/cast.py::129,0.278369
pandas/core/dtypes/cast.py::834,0.278369
pandas/core/internals/blocks.py::616,0.274809
pandas/core/internals/concat.py::149,0.274809
pandas/core/internals/concat.py::152,0.274809
pandas/core/internals/concat.py::387,0.274809
pandas/core/internals/concat.py::391,0.274809
pandas/core/internals/concat.py::394,0.274809
pandas/core/internals/concat.py::397,0.274809
pandas/core/internals/concat.py::472,0.274809
pandas/core/internals/concat.py::475,0.274809
pandas/core/internals/concat.py::477,0.274809
pandas/core/internals/concat.py::478,0.274809
pandas/core/internals/concat.py::480,0.274809
pandas/core/internals/concat.py::481,0.274809
pandas/core/internals/concat.py::482,0.274809
pandas/core/internals/managers.py::2014,0.274809
pandas/core/internals/managers.py::2015,0.274809
pandas/core/internals/managers.py::2016,0.274809
pandas/core/series.py::273,0.274809
pandas/core/frame.py::6780,0.271384
pandas/core/frame.py::6810,0.271384
pandas/core/frame.py::6818,0.271384
pandas/core/frame.py::6820,0.271384
pandas/core/frame.py::6823,0.271384
pandas/core/frame.py::6824,0.271384
pandas/core/frame.py::6825,0.271384
pandas/core/frame.py::6826,0.271384
pandas/core/frame.py::6827,0.271384
pandas/core/frame.py::6828,0.271384
pandas/core/frame.py::874,0.271384
pandas/core/frame.py::875,0.271384
pandas/core/frame.py::876,0.271384
pandas/core/internals/blocks.py::2048,0.271384
pandas/core/internals/blocks.py::341,0.271384
pandas/core/internals/blocks.py::342,0.271384
pandas/core/internals/blocks.py::344,0.271384
pandas/core/internals/blocks.py::345,0.271384
pandas/core/internals/concat.py::460,0.271384
pandas/core/internals/concat.py::462,0.271384
pandas/core/internals/concat.py::463,0.271384
pandas/core/internals/concat.py::464,0.271384
pandas/core/internals/concat.py::465,0.271384
pandas/core/internals/concat.py::466,0.271384
pandas/core/internals/concat.py::468,0.271384
pandas/core/internals/concat.py::469,0.271384
pandas/core/internals/concat.py::471,0.271384
pandas/core/internals/managers.py::1077,0.271384
pandas/core/internals/managers.py::1078,0.271384
pandas/core/internals/managers.py::1081,0.271384
pandas/core/internals/managers.py::1104,0.271384
pandas/core/internals/managers.py::1105,0.271384
pandas/core/internals/managers.py::1107,0.271384
pandas/core/internals/managers.py::1108,0.271384
pandas/core/internals/managers.py::1138,0.271384
pandas/core/internals/managers.py::1141,0.271384
pandas/core/common.py::171,0.268084
pandas/core/construction.py::423,0.268084
pandas/core/dtypes/cast.py::785,0.268084
pandas/core/dtypes/cast.py::788,0.268084
pandas/core/dtypes/cast.py::791,0.268084
pandas/core/dtypes/cast.py::794,0.268084
pandas/core/dtypes/cast.py::809,0.268084
pandas/core/dtypes/cast.py::832,0.268084
pandas/core/dtypes/cast.py::855,0.268084
pandas/core/dtypes/cast.py::859,0.268084
pandas/core/dtypes/cast.py::861,0.268084
pandas/core/internals/blocks.py::579,0.268084
pandas/core/internals/blocks.py::583,0.268084
pandas/core/internals/blocks.py::594,0.268084
pandas/core/internals/blocks.py::597,0.268084
pandas/core/internals/blocks.py::598,0.268084
pandas/core/internals/blocks.py::599,0.268084
pandas/core/internals/blocks.py::610,0.268084
pandas/core/internals/blocks.py::611,0.268084
pandas/core/internals/blocks.py::613,0.268084
pandas/core/internals/blocks.py::615,0.268084
pandas/core/internals/blocks.py::628,0.268084
pandas/core/reshape/concat.py::306,0.268084
pandas/core/reshape/concat.py::358,0.268084
pandas/core/reshape/concat.py::359,0.268084
pandas/core/dtypes/cast.py::530,0.264901
pandas/core/dtypes/cast.py::533,0.264901
pandas/core/dtypes/cast.py::541,0.264901
pandas/core/dtypes/cast.py::551,0.264901
pandas/core/dtypes/cast.py::563,0.264901
pandas/core/dtypes/cast.py::567,0.264901
pandas/core/dtypes/cast.py::570,0.264901
pandas/core/dtypes/cast.py::590,0.264901
pandas/core/indexing.py::2344,0.264901
pandas/core/series.py::218,0.264901
pandas/core/series.py::224,0.264901
pandas/core/dtypes/cast.py::133,0.261830
pandas/core/dtypes/cast.py::145,0.261830
pandas/core/dtypes/cast.py::156,0.261830
pandas/core/indexes/range.py::410,0.261830
pandas/core/indexes/range.py::411,0.261830
pandas/core/algorithms.py::395,0.258863
pandas/core/algorithms.py::402,0.258863
pandas/core/algorithms.py::410,0.258863
pandas/core/algorithms.py::413,0.258863
pandas/core/algorithms.py::418,0.258863
pandas/core/algorithms.py::420,0.258863
pandas/core/algorithms.py::421,0.258863
pandas/core/algorithms.py::424,0.258863
pandas/core/algorithms.py::428,0.258863
pandas/core/algorithms.py::430,0.258863
pandas/core/algorithms.py::448,0.258863
pandas/core/frame.py::2596,0.258863
pandas/core/frame.py::2597,0.258863
pandas/core/generic.py::362,0.258863
pandas/core/generic.py::363,0.258863
pandas/core/generic.py::364,0.258863
pandas/core/generic.py::713,0.258863
pandas/core/generic.py::714,0.258863
pandas/core/generic.py::716,0.258863
pandas/core/generic.py::717,0.258863
pandas/core/generic.py::720,0.258863
pandas/core/generic.py::723,0.258863
pandas/core/generic.py::724,0.258863
pandas/core/generic.py::726,0.258863
pandas/core/generic.py::727,0.258863
pandas/core/generic.py::730,0.258863
pandas/core/generic.py::731,0.258863
pandas/core/indexes/range.py::189,0.258863
pandas/core/reshape/pivot.py::412,0.258863
pandas/core/frame.py::4814,0.253221
pandas/core/frame.py::4818,0.253221
pandas/core/frame.py::4821,0.253221
pandas/core/frame.py::4824,0.253221
pandas/core/indexes/base.py::1465,0.253221
pandas/core/internals/managers.py::1575,0.253221
pandas/core/nanops.py::454,0.250536
pandas/core/nanops.py::455,0.250536
pandas/core/frame.py::3515,0.247934
pandas/core/internals/concat.py::117,0.247934
pandas/core/internals/concat.py::119,0.247934
pandas/core/internals/concat.py::120,0.247934
pandas/core/internals/concat.py::121,0.247934
pandas/core/internals/concat.py::447,0.247934
pandas/core/internals/managers.py::1048,0.247934
pandas/core/internals/managers.py::2006,0.247934
pandas/core/internals/managers.py::2023,0.247934
pandas/core/algorithms.py::230,0.245412
pandas/core/algorithms.py::232,0.245412
pandas/core/algorithms.py::233,0.245412
pandas/core/algorithms.py::234,0.245412
pandas/core/algorithms.py::362,0.245412
pandas/core/algorithms.py::364,0.245412
pandas/core/algorithms.py::368,0.245412
pandas/core/algorithms.py::369,0.245412
pandas/core/algorithms.py::371,0.245412
pandas/core/algorithms.py::372,0.245412
pandas/core/algorithms.py::373,0.245412
pandas/core/algorithms.py::374,0.245412
pandas/core/generic.py::410,0.245412
pandas/core/generic.py::411,0.245412
pandas/core/indexes/api.py::101,0.245412
pandas/core/indexes/api.py::102,0.245412
pandas/core/indexes/api.py::103,0.245412
pandas/core/indexes/api.py::104,0.245412
pandas/core/indexes/api.py::105,0.245412
pandas/core/indexes/api.py::106,0.245412
pandas/core/indexes/api.py::107,0.245412
pandas/core/indexes/api.py::132,0.245412
pandas/core/indexes/api.py::133,0.245412
pandas/core/indexes/api.py::135,0.245412
pandas/core/indexes/api.py::145,0.245412
pandas/core/indexes/api.py::150,0.245412
pandas/core/indexes/api.py::92,0.245412
pandas/core/indexes/api.py::93,0.245412
pandas/core/indexes/range.py::181,0.245412
pandas/core/indexes/range.py::182,0.245412
pandas/core/indexes/range.py::183,0.245412
pandas/core/indexes/range.py::185,0.245412
pandas/core/indexes/range.py::233,0.245412
pandas/core/indexes/range.py::255,0.245412
pandas/core/indexes/range.py::279,0.245412
pandas/core/internals/concat.py::44,0.245412
pandas/core/internals/concat.py::443,0.245412
pandas/core/internals/concat.py::45,0.245412
pandas/core/internals/concat.py::47,0.245412
pandas/core/internals/concat.py::49,0.245412
pandas/core/internals/concat.py::55,0.245412
pandas/core/internals/managers.py::1999,0.245412
pandas/core/internals/managers.py::2001,0.245412
pandas/core/internals/managers.py::2002,0.245412
pandas/core/internals/managers.py::2004,0.245412
pandas/core/internals/managers.py::2025,0.245412
pandas/core/reshape/concat.py::369,0.245412
pandas/core/reshape/concat.py::374,0.245412
pandas/core/reshape/concat.py::456,0.245412
pandas/core/reshape/concat.py::457,0.245412
pandas/core/reshape/concat.py::458,0.245412
pandas/core/reshape/concat.py::459,0.245412
pandas/core/reshape/concat.py::460,0.245412
pandas/core/reshape/concat.py::461,0.245412
pandas/core/reshape/concat.py::463,0.245412
pandas/core/reshape/concat.py::465,0.245412
pandas/core/reshape/concat.py::466,0.245412
pandas/core/reshape/concat.py::469,0.245412
pandas/core/reshape/concat.py::471,0.245412
pandas/core/reshape/concat.py::472,0.245412
pandas/core/reshape/concat.py::474,0.245412
pandas/core/reshape/concat.py::477,0.245412
pandas/core/reshape/concat.py::478,0.245412
pandas/core/reshape/concat.py::479,0.245412
pandas/core/reshape/concat.py::496,0.245412
pandas/core/reshape/concat.py::525,0.245412
pandas/core/reshape/concat.py::526,0.245412
pandas/core/reshape/concat.py::527,0.245412
pandas/core/reshape/concat.py::563,0.245412
pandas/core/dtypes/common.py::1642,0.242965
pandas/core/dtypes/common.py::1644,0.242965
pandas/core/generic.py::5334,0.242965
pandas/core/reshape/concat.py::243,0.242965
pandas/core/reshape/concat.py::244,0.242965
pandas/core/reshape/concat.py::245,0.242965
pandas/core/reshape/concat.py::246,0.242965
pandas/core/reshape/concat.py::247,0.242965
pandas/core/reshape/concat.py::248,0.242965
pandas/core/reshape/concat.py::249,0.242965
pandas/core/reshape/concat.py::250,0.242965
pandas/core/reshape/concat.py::251,0.242965
pandas/core/reshape/concat.py::252,0.242965
pandas/core/reshape/concat.py::253,0.242965
pandas/core/reshape/concat.py::254,0.242965
pandas/core/reshape/concat.py::257,0.242965
pandas/core/reshape/concat.py::279,0.242965
pandas/core/reshape/concat.py::286,0.242965
pandas/core/reshape/concat.py::287,0.242965
pandas/core/reshape/concat.py::295,0.242965
pandas/core/reshape/concat.py::300,0.242965
pandas/core/reshape/concat.py::302,0.242965
pandas/core/reshape/concat.py::305,0.242965
pandas/core/reshape/concat.py::320,0.242965
pandas/core/reshape/concat.py::324,0.242965
pandas/core/reshape/concat.py::325,0.242965
pandas/core/reshape/concat.py::326,0.242965
pandas/core/reshape/concat.py::334,0.242965
pandas/core/reshape/concat.py::335,0.242965
pandas/core/reshape/concat.py::340,0.242965
pandas/core/reshape/concat.py::341,0.242965
pandas/core/reshape/concat.py::352,0.242965
pandas/core/reshape/concat.py::355,0.242965
pandas/core/reshape/concat.py::356,0.242965
pandas/core/reshape/concat.py::361,0.242965
pandas/core/reshape/concat.py::363,0.242965
pandas/core/reshape/concat.py::366,0.242965
pandas/core/reshape/concat.py::372,0.242965
pandas/core/reshape/concat.py::373,0.242965
pandas/core/reshape/concat.py::376,0.242965
pandas/core/reshape/concat.py::377,0.242965
pandas/core/reshape/concat.py::385,0.242965
pandas/core/reshape/concat.py::416,0.242965
pandas/core/reshape/concat.py::417,0.242965
pandas/core/reshape/concat.py::418,0.242965
pandas/core/reshape/concat.py::419,0.242965
pandas/core/reshape/concat.py::420,0.242965
pandas/core/reshape/concat.py::421,0.242965
pandas/core/reshape/concat.py::423,0.242965
pandas/core/reshape/concat.py::424,0.242965
pandas/core/reshape/concat.py::425,0.242965
pandas/core/reshape/concat.py::427,0.242965
pandas/core/reshape/concat.py::432,0.242965
pandas/core/reshape/concat.py::483,0.242965
pandas/core/reshape/concat.py::486,0.242965
pandas/core/reshape/concat.py::489,0.242965
pandas/core/reshape/concat.py::490,0.242965
pandas/core/reshape/concat.py::492,0.242965
pandas/core/reshape/concat.py::493,0.242965
pandas/core/reshape/concat.py::494,0.242965
pandas/core/reshape/concat.py::495,0.242965
pandas/core/reshape/concat.py::521,0.242965
pandas/core/reshape/concat.py::522,0.242965
pandas/core/reshape/concat.py::534,0.242965
pandas/core/reshape/concat.py::565,0.242965
pandas/core/series.py::3925,0.242965
pandas/core/dtypes/cast.py::100,0.238284
pandas/core/dtypes/cast.py::104,0.238284
pandas/core/dtypes/cast.py::127,0.238284
pandas/core/dtypes/cast.py::128,0.238284
pandas/core/dtypes/cast.py::96,0.238284
pandas/core/dtypes/cast.py::98,0.238284
pandas/core/generic.py::5332,0.238284
pandas/core/generic.py::5333,0.238284
pandas/core/generic.py::11364,0.236044
pandas/core/generic.py::11365,0.236044
pandas/core/generic.py::11371,0.236044
pandas/core/generic.py::11372,0.236044
pandas/core/generic.py::11373,0.236044
pandas/core/generic.py::11374,0.236044
pandas/core/generic.py::11375,0.236044
pandas/core/generic.py::11376,0.236044
pandas/core/generic.py::11377,0.236044
pandas/core/indexes/range.py::406,0.236044
pandas/core/dtypes/missing.py::464,0.231746
pandas/core/dtypes/missing.py::466,0.231746
pandas/core/series.py::3922,0.231746
pandas/core/series.py::3924,0.231746
pandas/core/series.py::3927,0.231746
pandas/core/series.py::3931,0.231746
pandas/core/series.py::3934,0.231746
pandas/core/series.py::3937,0.231746
pandas/core/series.py::3943,0.231746
pandas/core/series.py::3944,0.231746
pandas/core/series.py::3948,0.231746
pandas/core/series.py::3949,0.231746
pandas/core/dtypes/common.py::169,0.229683
pandas/core/dtypes/common.py::170,0.229683
pandas/core/groupby/ops.py::375,0.229683
pandas/core/groupby/ops.py::382,0.229683
pandas/core/groupby/ops.py::384,0.229683
pandas/core/groupby/ops.py::385,0.229683
pandas/core/groupby/ops.py::386,0.229683
pandas/core/groupby/ops.py::412,0.229683
pandas/core/groupby/ops.py::413,0.229683
pandas/core/groupby/ops.py::414,0.229683
pandas/core/groupby/ops.py::415,0.229683
pandas/core/groupby/ops.py::421,0.229683
pandas/core/groupby/ops.py::484,0.229683
pandas/core/groupby/ops.py::487,0.229683
pandas/core/groupby/groupby.py::2444,0.227675
pandas/core/groupby/ops.py::300,0.227675
pandas/core/internals/managers.py::1062,0.227675
pandas/core/internals/managers.py::1063,0.227675
pandas/core/internals/managers.py::1065,0.227675
pandas/core/internals/managers.py::1066,0.227675
pandas/core/internals/managers.py::1068,0.227675
pandas/core/internals/managers.py::1069,0.227675
pandas/core/internals/managers.py::1070,0.227675
pandas/core/internals/managers.py::1071,0.227675
pandas/core/internals/managers.py::1072,0.227675
pandas/core/internals/managers.py::1073,0.227675
pandas/core/internals/managers.py::1074,0.227675
pandas/core/internals/managers.py::1088,0.227675
pandas/core/internals/managers.py::1103,0.227675
pandas/core/reshape/pivot.py::114,0.227675
pandas/core/reshape/pivot.py::115,0.227675
pandas/core/construction.py::525,0.225718
pandas/core/construction.py::526,0.225718
pandas/core/frame.py::3441,0.225718
pandas/core/frame.py::3442,0.225718
pandas/core/frame.py::3458,0.225718
pandas/core/frame.py::3461,0.225718
pandas/core/construction.py::375,0.221952
pandas/core/generic.py::249,0.221952
pandas/core/generic.py::250,0.221952
pandas/core/generic.py::253,0.221952
pandas/core/generic.py::259,0.221952
pandas/core/groupby/ops.py::284,0.221952
pandas/core/groupby/ops.py::285,0.221952
pandas/core/internals/managers.py::1039,0.221952
pandas/core/internals/managers.py::1047,0.221952
pandas/core/internals/managers.py::1050,0.221952
pandas/core/common.py::140,0.216642
pandas/core/common.py::141,0.216642
pandas/core/common.py::142,0.216642
pandas/core/common.py::230,0.216642
pandas/core/frame.py::3514,0.214955
pandas/core/frame.py::3520,0.214955
pandas/core/indexing.py::2343,0.214955
pandas/core/generic.py::3719,0.211696
pandas/core/frame.py::2887,0.210122
pandas/core/generic.py::3718,0.210122
pandas/core/indexes/base.py::3161,0.210122
pandas/core/indexes/base.py::3183,0.210122
pandas/core/indexes/base.py::3184,0.210122
pandas/core/dtypes/cast.py::1116,0.208582
pandas/core/dtypes/cast.py::1119,0.208582
pandas/core/dtypes/cast.py::1120,0.208582
pandas/core/dtypes/cast.py::1121,0.208582
pandas/core/dtypes/cast.py::1123,0.208582
pandas/core/dtypes/cast.py::1208,0.208582
pandas/core/dtypes/cast.py::408,0.208582
pandas/core/dtypes/cast.py::409,0.208582
pandas/core/frame.py::2806,0.207075
pandas/core/frame.py::2809,0.207075
pandas/core/frame.py::2810,0.207075
pandas/core/frame.py::2815,0.207075
pandas/core/frame.py::2817,0.207075
pandas/core/frame.py::2821,0.207075
pandas/core/frame.py::2879,0.207075
pandas/core/frame.py::2880,0.207075
pandas/core/frame.py::2881,0.207075
pandas/core/frame.py::2886,0.207075
pandas/core/generic.py::3654,0.207075
pandas/core/generic.py::3655,0.207075
pandas/core/internals/managers.py::1030,0.207075
pandas/core/internals/managers.py::1033,0.207075
pandas/core/internals/managers.py::1055,0.207075
pandas/core/internals/managers.py::1056,0.207075
pandas/core/internals/managers.py::644,0.207075
pandas/core/series.py::866,0.205601
pandas/core/frame.py::2687,0.204158
pandas/core/frame.py::2689,0.204158
pandas/core/frame.py::2692,0.204158
pandas/core/frame.py::2695,0.204158
pandas/core/frame.py::2697,0.204158
pandas/core/frame.py::2705,0.204158
pandas/core/indexes/base.py::3158,0.204158
pandas/core/indexes/base.py::3163,0.204158
pandas/core/indexes/base.py::3164,0.204158
pandas/core/indexes/base.py::3224,0.204158
pandas/core/indexes/base.py::3247,0.204158
pandas/core/indexes/base.py::4721,0.204158
pandas/core/indexes/base.py::4722,0.204158
pandas/core/indexing.py::1055,0.204158
pandas/core/indexing.py::1056,0.204158
pandas/core/indexing.py::1060,0.204158
pandas/core/indexing.py::1062,0.204158
pandas/core/indexing.py::1066,0.204158
pandas/core/indexing.py::1069,0.204158
pandas/core/indexing.py::1070,0.204158
pandas/core/indexing.py::1071,0.204158
pandas/core/indexing.py::1072,0.204158
pandas/core/indexing.py::1076,0.204158
pandas/core/indexing.py::1077,0.204158
pandas/core/indexing.py::1079,0.204158
pandas/core/indexing.py::1150,0.204158
pandas/core/indexing.py::1152,0.204158
pandas/core/indexing.py::1156,0.204158
pandas/core/indexing.py::1158,0.204158
pandas/core/indexing.py::867,0.204158
pandas/core/internals/blocks.py::3061,0.204158
pandas/core/internals/blocks.py::3068,0.204158
pandas/core/internals/blocks.py::3069,0.204158
pandas/core/internals/blocks.py::3071,0.204158
pandas/core/internals/blocks.py::3072,0.204158
pandas/core/internals/blocks.py::3073,0.204158
pandas/core/internals/blocks.py::3075,0.204158
pandas/core/dtypes/inference.py::389,0.201361
pandas/core/dtypes/inference.py::390,0.201361
pandas/core/frame.py::2932,0.200004
pandas/core/frame.py::3438,0.200004
pandas/core/frame.py::3460,0.200004
pandas/core/frame.py::3510,0.200004
pandas/core/dtypes/cast.py::185,0.197373
pandas/core/dtypes/cast.py::221,0.197373
pandas/core/frame.py::2678,0.197373
pandas/core/frame.py::2680,0.197373
pandas/core/groupby/groupby.py::1218,0.197373
pandas/core/groupby/groupby.py::1219,0.197373
pandas/core/groupby/groupby.py::1220,0.197373
pandas/core/dtypes/cast.py::206,0.196095
pandas/core/dtypes/cast.py::211,0.196095
pandas/core/dtypes/cast.py::212,0.196095
pandas/core/dtypes/cast.py::214,0.196095
pandas/core/dtypes/cast.py::215,0.196095
pandas/core/dtypes/cast.py::220,0.196095
pandas/core/frame.py::2669,0.196095
pandas/core/frame.py::2673,0.196095
pandas/core/dtypes/cast.py::183,0.194842
pandas/core/frame.py::1021,0.194842
pandas/core/frame.py::2662,0.194842
pandas/core/frame.py::2663,0.194842
pandas/core/indexes/base.py::827,0.194842
pandas/core/indexes/base.py::830,0.194842
pandas/compat/numpy/function.py::362,0.193613
pandas/compat/numpy/function.py::365,0.193613
pandas/compat/numpy/function.py::367,0.193613
pandas/core/dtypes/cast.py::194,0.193613
pandas/core/dtypes/cast.py::199,0.193613
pandas/core/dtypes/cast.py::200,0.193613
pandas/core/dtypes/cast.py::202,0.193613
pandas/core/dtypes/cast.py::192,0.192407
pandas/core/indexes/numeric.py::113,0.192407
pandas/core/indexing.py::914,0.191223
pandas/core/indexing.py::917,0.191223
pandas/core/indexing.py::920,0.191223
pandas/core/indexing.py::926,0.191223
pandas/core/indexing.py::931,0.191223
pandas/core/indexing.py::938,0.191223
pandas/core/indexing.py::939,0.191223
pandas/core/indexing.py::943,0.191223
pandas/core/indexing.py::944,0.191223
pandas/core/internals/blocks.py::163,0.191223
pandas/core/internals/blocks.py::3056,0.191223
pandas/core/internals/blocks.py::3059,0.191223
pandas/core/internals/managers.py::1881,0.191223
pandas/core/internals/managers.py::1882,0.191223
pandas/core/internals/managers.py::1884,0.191223
pandas/core/internals/managers.py::1885,0.191223
pandas/core/internals/managers.py::1886,0.191223
pandas/core/internals/managers.py::1887,0.191223
pandas/core/internals/managers.py::1889,0.191223
pandas/core/internals/managers.py::1890,0.191223
pandas/core/internals/managers.py::930,0.191223
pandas/core/internals/managers.py::931,0.191223
pandas/core/internals/managers.py::932,0.191223
pandas/core/internals/managers.py::933,0.191223
pandas/core/base.py::276,0.190061
pandas/core/base.py::278,0.190061
pandas/core/base.py::279,0.190061
pandas/core/base.py::280,0.190061
pandas/core/base.py::281,0.190061
pandas/core/base.py::327,0.190061
pandas/core/indexing.py::246,0.190061
pandas/core/indexing.py::2470,0.190061
pandas/core/indexing.py::906,0.190061
pandas/core/indexing.py::912,0.190061
pandas/core/indexing.py::913,0.190061
pandas/core/indexing.py::898,0.188920
pandas/core/indexing.py::901,0.188920
pandas/core/generic.py::3441,0.185616
pandas/core/indexes/base.py::5559,0.185616
pandas/core/indexes/base.py::5562,0.185616
pandas/core/indexes/base.py::5564,0.185616
pandas/core/indexes/base.py::5569,0.185616
pandas/core/indexes/base.py::596,0.185616
pandas/core/indexes/base.py::597,0.185616
pandas/core/indexes/base.py::598,0.185616
pandas/core/indexes/base.py::599,0.185616
pandas/core/indexes/base.py::601,0.185616
pandas/core/indexes/base.py::606,0.185616
pandas/core/indexes/numeric.py::80,0.184553
pandas/core/generic.py::3349,0.182480
pandas/core/reshape/pivot.py::418,0.182480
pandas/core/algorithms.py::1629,0.181470
pandas/core/groupby/generic.py::998,0.181470
pandas/core/groupby/ops.py::444,0.181470
pandas/core/groupby/ops.py::501,0.181470
pandas/core/groupby/ops.py::502,0.181470
pandas/core/groupby/ops.py::503,0.181470
pandas/core/groupby/ops.py::504,0.181470
pandas/core/groupby/ops.py::505,0.181470
pandas/core/groupby/ops.py::509,0.181470
pandas/core/groupby/ops.py::557,0.181470
pandas/core/internals/managers.py::707,0.181470
pandas/core/internals/managers.py::708,0.181470
pandas/core/internals/managers.py::712,0.181470
pandas/core/internals/managers.py::716,0.181470
pandas/core/internals/managers.py::717,0.181470
pandas/core/internals/managers.py::719,0.181470
pandas/core/internals/managers.py::720,0.181470
pandas/core/internals/managers.py::721,0.181470
pandas/core/internals/managers.py::722,0.181470
pandas/core/internals/managers.py::723,0.181470
pandas/core/internals/managers.py::725,0.181470
pandas/core/internals/managers.py::727,0.181470
pandas/core/internals/managers.py::728,0.181470
pandas/core/internals/managers.py::730,0.181470
pandas/core/groupby/generic.py::1000,0.180476
pandas/core/groupby/generic.py::1001,0.180476
pandas/core/groupby/generic.py::1002,0.180476
pandas/core/groupby/generic.py::1003,0.180476
pandas/core/groupby/generic.py::1004,0.180476
pandas/core/groupby/generic.py::1006,0.180476
pandas/core/groupby/generic.py::1007,0.180476
pandas/core/groupby/generic.py::1008,0.180476
pandas/core/groupby/generic.py::1009,0.180476
pandas/core/groupby/generic.py::1010,0.180476
pandas/core/groupby/generic.py::1048,0.180476
pandas/core/groupby/generic.py::1050,0.180476
pandas/core/groupby/generic.py::1052,0.180476
pandas/core/groupby/generic.py::1054,0.180476
pandas/core/groupby/generic.py::1068,0.180476
pandas/core/groupby/generic.py::1070,0.180476
pandas/core/groupby/generic.py::1071,0.180476
pandas/core/groupby/generic.py::1073,0.180476
pandas/core/groupby/generic.py::1078,0.180476
pandas/core/groupby/generic.py::1079,0.180476
pandas/core/groupby/generic.py::1081,0.180476
pandas/core/groupby/generic.py::1093,0.180476
pandas/core/groupby/generic.py::1094,0.180476
pandas/core/groupby/generic.py::1095,0.180476
pandas/core/groupby/generic.py::1096,0.180476
pandas/core/groupby/generic.py::1097,0.180476
pandas/core/groupby/generic.py::1099,0.180476
pandas/core/groupby/generic.py::984,0.180476
pandas/core/groupby/generic.py::985,0.180476
pandas/core/groupby/generic.py::987,0.180476
pandas/core/groupby/generic.py::995,0.180476
pandas/core/groupby/generic.py::997,0.180476
pandas/core/indexes/numeric.py::111,0.180476
pandas/core/dtypes/missing.py::510,0.179498
pandas/core/groupby/ops.py::370,0.179498
pandas/core/groupby/ops.py::371,0.179498
pandas/core/groupby/ops.py::372,0.179498
pandas/core/groupby/ops.py::373,0.179498
pandas/core/groupby/ops.py::461,0.179498
pandas/core/groupby/ops.py::479,0.179498
pandas/core/groupby/ops.py::481,0.179498
pandas/core/groupby/ops.py::561,0.179498
pandas/core/indexing.py::2354,0.179498
pandas/core/algorithms.py::1619,0.178536
pandas/core/algorithms.py::1620,0.178536
pandas/core/algorithms.py::1621,0.178536
pandas/core/algorithms.py::1622,0.178536
pandas/core/dtypes/cast.py::405,0.178536
pandas/core/dtypes/missing.py::389,0.178536
pandas/core/dtypes/missing.py::390,0.178536
pandas/core/dtypes/missing.py::391,0.178536
pandas/core/dtypes/missing.py::509,0.178536
pandas/core/dtypes/missing.py::511,0.178536
pandas/core/groupby/ops.py::360,0.178536
pandas/core/groupby/ops.py::361,0.178536
pandas/core/groupby/ops.py::365,0.178536
pandas/core/groupby/ops.py::366,0.178536
pandas/core/groupby/ops.py::410,0.178536
pandas/core/groupby/ops.py::411,0.178536
pandas/core/groupby/ops.py::424,0.178536
pandas/core/groupby/ops.py::436,0.178536
pandas/core/groupby/ops.py::437,0.178536
pandas/core/groupby/ops.py::439,0.178536
pandas/core/groupby/ops.py::441,0.178536
pandas/core/groupby/ops.py::454,0.178536
pandas/core/groupby/ops.py::456,0.178536
pandas/core/groupby/ops.py::467,0.178536
pandas/core/groupby/ops.py::473,0.178536
pandas/core/groupby/ops.py::474,0.178536
pandas/core/groupby/ops.py::476,0.178536
pandas/core/groupby/ops.py::493,0.178536
pandas/core/groupby/ops.py::495,0.178536
pandas/core/groupby/ops.py::496,0.178536
pandas/core/groupby/ops.py::497,0.178536
pandas/core/groupby/ops.py::511,0.178536
pandas/core/groupby/ops.py::513,0.178536
pandas/core/groupby/ops.py::516,0.178536
pandas/core/groupby/ops.py::517,0.178536
pandas/core/groupby/ops.py::521,0.178536
pandas/core/groupby/ops.py::523,0.178536
pandas/core/groupby/ops.py::524,0.178536
pandas/core/groupby/ops.py::525,0.178536
pandas/core/groupby/ops.py::527,0.178536
pandas/core/groupby/ops.py::528,0.178536
pandas/core/groupby/ops.py::529,0.178536
pandas/core/groupby/ops.py::541,0.178536
pandas/core/groupby/ops.py::547,0.178536
pandas/core/groupby/ops.py::551,0.178536
pandas/core/groupby/ops.py::554,0.178536
pandas/core/groupby/ops.py::556,0.178536
pandas/core/groupby/ops.py::559,0.178536
pandas/core/groupby/ops.py::564,0.178536
pandas/core/groupby/ops.py::567,0.178536
pandas/core/groupby/ops.py::568,0.178536
pandas/core/groupby/ops.py::584,0.178536
pandas/core/groupby/ops.py::589,0.178536
pandas/core/groupby/ops.py::591,0.178536
pandas/core/frame.py::7810,0.177590
pandas/core/indexes/base.py::718,0.177590
pandas/core/indexes/base.py::721,0.177590
pandas/core/indexes/base.py::722,0.177590
pandas/core/indexes/base.py::723,0.177590
pandas/core/indexes/base.py::724,0.177590
pandas/core/reshape/pivot.py::182,0.177590
pandas/core/groupby/grouper.py::412,0.176658
pandas/core/groupby/grouper.py::414,0.176658
pandas/core/groupby/grouper.py::418,0.176658
pandas/core/groupby/grouper.py::419,0.176658
pandas/core/groupby/grouper.py::420,0.176658
pandas/core/groupby/grouper.py::421,0.176658
pandas/core/reshape/pivot.py::103,0.176658
pandas/core/reshape/pivot.py::110,0.176658
pandas/core/reshape/pivot.py::112,0.176658
pandas/core/reshape/pivot.py::113,0.176658
pandas/core/frame.py::7544,0.175741
pandas/core/frame.py::7545,0.175741
pandas/core/frame.py::7546,0.175741
pandas/core/groupby/generic.py::1604,0.175741
pandas/core/groupby/generic.py::1605,0.175741
pandas/core/groupby/generic.py::1608,0.175741
pandas/core/groupby/generic.py::1685,0.175741
pandas/core/groupby/generic.py::1693,0.175741
pandas/core/groupby/generic.py::1694,0.175741
pandas/core/groupby/generic.py::1695,0.175741
pandas/core/groupby/generic.py::1697,0.175741
pandas/core/groupby/generic.py::1700,0.175741
pandas/core/groupby/generic.py::923,0.175741
pandas/core/generic.py::5913,0.173949
pandas/core/generic.py::5914,0.173949
pandas/core/indexes/frozen.py::72,0.173949
pandas/core/internals/managers.py::773,0.173949
pandas/core/internals/managers.py::774,0.173949
pandas/core/internals/managers.py::777,0.173949
pandas/core/internals/managers.py::778,0.173949
pandas/core/internals/managers.py::781,0.173949
pandas/core/frame.py::4603,0.172211
pandas/core/frame.py::4604,0.172211
pandas/core/internals/construction.py::62,0.172211
pandas/core/nanops.py::1198,0.172211
pandas/core/nanops.py::1199,0.172211
pandas/core/nanops.py::1202,0.172211
pandas/core/nanops.py::1203,0.172211
pandas/core/nanops.py::489,0.172211
pandas/core/frame.py::7538,0.171361
pandas/core/generic.py::11219,0.171361
pandas/core/generic.py::11220,0.171361
pandas/core/generic.py::11225,0.171361
pandas/core/generic.py::11226,0.171361
pandas/core/generic.py::11227,0.171361
pandas/core/generic.py::11229,0.171361
pandas/core/generic.py::11233,0.171361
pandas/core/generic.py::11234,0.171361
pandas/core/generic.py::11235,0.171361
pandas/core/generic.py::11236,0.171361
pandas/core/generic.py::11237,0.171361
pandas/core/generic.py::11238,0.171361
pandas/core/generic.py::11239,0.171361
pandas/core/internals/managers.py::673,0.171361
pandas/core/nanops.py::1186,0.171361
pandas/core/nanops.py::1206,0.171361
pandas/core/nanops.py::483,0.171361
pandas/core/nanops.py::484,0.171361
pandas/core/nanops.py::486,0.171361
pandas/core/nanops.py::487,0.171361
pandas/core/nanops.py::491,0.171361
pandas/core/nanops.py::492,0.171361
pandas/core/nanops.py::494,0.171361
pandas/core/frame.py::4572,0.170524
pandas/core/frame.py::4573,0.170524
pandas/core/frame.py::4585,0.170524
pandas/core/frame.py::4586,0.170524
pandas/core/frame.py::4588,0.170524
pandas/core/frame.py::4589,0.170524
pandas/core/frame.py::4597,0.170524
pandas/core/frame.py::4599,0.170524
pandas/core/frame.py::4601,0.170524
pandas/core/frame.py::4611,0.170524
pandas/core/frame.py::4613,0.170524
pandas/core/frame.py::4616,0.170524
pandas/core/frame.py::7525,0.170524
pandas/core/frame.py::7526,0.170524
pandas/core/frame.py::7529,0.170524
pandas/core/frame.py::7532,0.170524
pandas/core/frame.py::7535,0.170524
pandas/core/frame.py::7548,0.170524
pandas/core/frame.py::7597,0.170524
pandas/core/frame.py::7602,0.170524
pandas/core/frame.py::7603,0.170524
pandas/core/frame.py::7604,0.170524
pandas/core/frame.py::7606,0.170524
pandas/core/frame.py::7607,0.170524
pandas/core/frame.py::7609,0.170524
pandas/core/frame.py::7610,0.170524
pandas/core/frame.py::7611,0.170524
pandas/core/frame.py::7612,0.170524
pandas/core/frame.py::7614,0.170524
pandas/core/frame.py::7673,0.170524
pandas/core/frame.py::7685,0.170524
pandas/core/frame.py::7686,0.170524
pandas/core/frame.py::7687,0.170524
pandas/core/frame.py::7811,0.170524
pandas/core/frame.py::7812,0.170524
pandas/core/indexing.py::108,0.170524
pandas/core/indexing.py::110,0.170524
pandas/core/indexing.py::111,0.170524
pandas/core/indexing.py::112,0.170524
pandas/core/indexing.py::113,0.170524
pandas/core/indexing.py::1390,0.170524
pandas/core/indexing.py::1392,0.170524
pandas/core/indexing.py::1393,0.170524
pandas/core/indexing.py::1727,0.170524
pandas/core/indexing.py::1750,0.170524
pandas/core/indexing.py::1753,0.170524
pandas/core/indexing.py::1754,0.170524
pandas/core/indexing.py::1757,0.170524
pandas/core/indexing.py::1758,0.170524
pandas/core/indexing.py::1760,0.170524
pandas/core/indexing.py::1763,0.170524
pandas/core/indexing.py::1764,0.170524
pandas/core/ops/__init__.py::482,0.170524
pandas/core/ops/__init__.py::484,0.170524
pandas/core/ops/__init__.py::487,0.170524
pandas/core/ops/__init__.py::488,0.170524
pandas/core/ops/__init__.py::490,0.170524
pandas/core/ops/__init__.py::492,0.170524
pandas/core/ops/array_ops.py::234,0.170524
pandas/core/ops/array_ops.py::235,0.170524
pandas/core/ops/array_ops.py::237,0.170524
pandas/core/ops/array_ops.py::238,0.170524
pandas/core/ops/array_ops.py::242,0.170524
pandas/core/ops/array_ops.py::249,0.170524
pandas/core/ops/array_ops.py::252,0.170524
pandas/core/ops/array_ops.py::259,0.170524
pandas/core/ops/array_ops.py::263,0.170524
pandas/core/ops/array_ops.py::264,0.170524
pandas/core/ops/array_ops.py::265,0.170524
pandas/core/ops/array_ops.py::266,0.170524
pandas/core/ops/array_ops.py::268,0.170524
pandas/core/ops/array_ops.py::270,0.170524
pandas/core/ops/array_ops.py::275,0.170524
pandas/core/ops/dispatch.py::40,0.170524
pandas/core/ops/dispatch.py::44,0.170524
pandas/core/ops/dispatch.py::48,0.170524
pandas/core/frame.py::7809,0.169699
pandas/core/base.py::217,0.168885
pandas/core/dtypes/missing.py::150,0.168885
pandas/core/frame.py::3845,0.168885
pandas/core/frame.py::3846,0.168885
pandas/core/frame.py::3847,0.168885
pandas/core/frame.py::3848,0.168885
pandas/core/frame.py::3849,0.168885
pandas/core/frame.py::3850,0.168885
pandas/core/frame.py::3851,0.168885
pandas/core/frame.py::3852,0.168885
pandas/core/generic.py::3940,0.168885
pandas/core/generic.py::3942,0.168885
pandas/core/generic.py::3943,0.168885
pandas/core/generic.py::3945,0.168885
pandas/core/generic.py::3946,0.168885
pandas/core/generic.py::3954,0.168885
pandas/core/generic.py::3956,0.168885
pandas/core/generic.py::3957,0.168885
pandas/core/generic.py::3958,0.168885
pandas/core/generic.py::3960,0.168885
pandas/core/generic.py::3963,0.168885
pandas/core/generic.py::3980,0.168885
pandas/core/generic.py::3981,0.168885
pandas/core/generic.py::3982,0.168885
pandas/core/generic.py::3984,0.168885
pandas/core/generic.py::3985,0.168885
pandas/core/generic.py::3990,0.168885
pandas/core/generic.py::3991,0.168885
pandas/core/generic.py::4016,0.168885
pandas/core/generic.py::574,0.168885
pandas/core/internals/blocks.py::372,0.168885
pandas/core/internals/blocks.py::373,0.168885
pandas/core/internals/blocks.py::374,0.168885
pandas/core/internals/blocks.py::375,0.168885
pandas/core/internals/blocks.py::377,0.168885
pandas/core/internals/managers.py::547,0.168885
pandas/core/ops/__init__.py::431,0.168885
pandas/core/ops/__init__.py::440,0.168885
pandas/core/ops/__init__.py::441,0.168885
pandas/core/ops/__init__.py::445,0.168885
pandas/core/ops/__init__.py::446,0.168885
pandas/core/ops/__init__.py::81,0.168885
pandas/core/ops/__init__.py::84,0.168885
pandas/core/ops/__init__.py::85,0.168885
pandas/core/ops/common.py::52,0.168885
pandas/core/ops/common.py::56,0.168885
pandas/core/ops/common.py::57,0.168885
pandas/core/ops/common.py::58,0.168885
pandas/core/ops/common.py::59,0.168885
pandas/core/ops/common.py::62,0.168885
pandas/core/ops/common.py::64,0.168885
pandas/core/ops/dispatch.py::38,0.168885
pandas/core/ops/dispatch.py::39,0.168885
pandas/core/dtypes/missing.py::438,0.168084
pandas/core/dtypes/missing.py::439,0.168084
pandas/core/generic.py::1528,0.168084
pandas/core/generic.py::1532,0.168084
pandas/core/generic.py::1533,0.168084
pandas/core/generic.py::1982,0.168084
pandas/core/generic.py::1983,0.168084
pandas/core/generic.py::355,0.168084
pandas/core/generic.py::356,0.168084
pandas/core/generic.py::357,0.168084
pandas/core/indexes/base.py::4190,0.168084
pandas/core/internals/blocks.py::3043,0.168084
pandas/core/internals/blocks.py::3051,0.168084
pandas/core/nanops.py::335,0.168084
pandas/core/nanops.py::347,0.168084
pandas/core/nanops.py::360,0.168084
pandas/core/nanops.py::56,0.168084
pandas/core/nanops.py::61,0.168084
pandas/core/nanops.py::62,0.168084
pandas/core/nanops.py::65,0.168084
pandas/core/nanops.py::66,0.168084
pandas/core/nanops.py::67,0.168084
pandas/core/base.py::213,0.167294
pandas/core/base.py::216,0.167294
pandas/core/common.py::257,0.167294
pandas/core/common.py::258,0.167294
pandas/core/dtypes/cast.py::413,0.167294
pandas/core/dtypes/cast.py::493,0.167294
pandas/core/frame.py::3592,0.167294
pandas/core/frame.py::3593,0.167294
pandas/core/frame.py::3634,0.167294
pandas/core/frame.py::3635,0.167294
pandas/core/frame.py::3637,0.167294
pandas/core/frame.py::3638,0.167294
pandas/core/frame.py::3639,0.167294
pandas/core/frame.py::3640,0.167294
pandas/core/frame.py::3641,0.167294
pandas/core/generic.py::3658,0.167294
pandas/core/generic.py::3661,0.167294
pandas/core/generic.py::3662,0.167294
pandas/core/indexing.py::1406,0.167294
pandas/core/indexing.py::1407,0.167294
pandas/core/indexing.py::1408,0.167294
pandas/core/indexing.py::1409,0.167294
pandas/core/internals/blocks.py::1262,0.167294
pandas/util/_validators.py::307,0.167294
pandas/util/_validators.py::314,0.167294
pandas/core/frame.py::3588,0.166514
pandas/core/frame.py::3590,0.166514
pandas/core/frame.py::3591,0.166514
pandas/core/frame.py::3596,0.166514
pandas/core/frame.py::3597,0.166514
pandas/core/frame.py::3602,0.166514
pandas/core/frame.py::3706,0.166514
pandas/core/frame.py::3707,0.166514
pandas/core/frame.py::3709,0.166514
pandas/core/frame.py::3710,0.166514
pandas/core/frame.py::3711,0.166514
pandas/core/generic.py::400,0.166514
pandas/core/generic.py::401,0.166514
pandas/core/generic.py::4584,0.166514
pandas/core/generic.py::5243,0.166514
pandas/core/internals/blocks.py::574,0.166514
pandas/core/internals/blocks.py::575,0.166514
pandas/core/internals/managers.py::1245,0.166514
pandas/core/internals/managers.py::1252,0.166514
pandas/util/_decorators.py::235,0.166514
pandas/util/_validators.py::280,0.166514
pandas/util/_validators.py::285,0.166514
pandas/util/_validators.py::290,0.166514
pandas/util/_validators.py::301,0.166514
pandas/util/_validators.py::302,0.166514
pandas/util/_validators.py::303,0.166514
pandas/util/_validators.py::313,0.166514
pandas/util/_validators.py::337,0.166514
pandas/core/indexing.py::2336,0.165746
pandas/core/indexing.py::2337,0.165746
pandas/core/indexing.py::2340,0.165746
pandas/core/indexing.py::2385,0.165746
pandas/core/indexing.py::2386,0.165746
pandas/core/indexing.py::2397,0.165746
pandas/core/indexing.py::2399,0.165746
pandas/core/indexing.py::2402,0.165746
pandas/core/indexing.py::2407,0.165746
pandas/core/internals/managers.py::1277,0.165746
pandas/core/internals/managers.py::1279,0.165746
pandas/core/internals/managers.py::1281,0.165746
pandas/core/nanops.py::166,0.165746
pandas/core/nanops.py::167,0.165746
pandas/core/nanops.py::221,0.165746
pandas/core/nanops.py::222,0.165746
pandas/core/nanops.py::224,0.165746
pandas/core/nanops.py::279,0.165746
pandas/core/nanops.py::281,0.165746
pandas/core/nanops.py::283,0.165746
pandas/core/nanops.py::289,0.165746
pandas/core/nanops.py::290,0.165746
pandas/core/nanops.py::292,0.165746
pandas/core/nanops.py::298,0.165746
pandas/core/nanops.py::302,0.165746
pandas/core/nanops.py::303,0.165746
pandas/core/nanops.py::306,0.165746
pandas/core/nanops.py::308,0.165746
pandas/core/nanops.py::318,0.165746
pandas/core/nanops.py::319,0.165746
pandas/core/nanops.py::320,0.165746
pandas/core/nanops.py::324,0.165746
pandas/core/nanops.py::329,0.165746
pandas/util/testing.py::617,0.165746
pandas/core/arrays/numpy_.py::420,0.164988
pandas/core/arrays/numpy_.py::421,0.164988
pandas/core/arrays/numpy_.py::424,0.164988
pandas/core/construction.py::362,0.164988
pandas/core/dtypes/common.py::1310,0.164988
pandas/core/dtypes/missing.py::243,0.164988
pandas/core/dtypes/missing.py::245,0.164988
pandas/core/dtypes/missing.py::250,0.164988
pandas/core/dtypes/missing.py::251,0.164988
pandas/core/dtypes/missing.py::252,0.164988
pandas/core/generic.py::426,0.164988
pandas/core/generic.py::427,0.164988
pandas/core/generic.py::5236,0.164988
pandas/core/generic.py::5237,0.164988
pandas/core/generic.py::5241,0.164988
pandas/core/indexes/base.py::1754,0.164988
pandas/core/indexes/base.py::4189,0.164988
pandas/core/indexes/base.py::5191,0.164988
pandas/core/indexes/base.py::5240,0.164988
pandas/core/dtypes/common.py::1798,0.164240
pandas/core/dtypes/common.py::1801,0.164240
pandas/core/dtypes/missing.py::468,0.164240
pandas/core/dtypes/missing.py::477,0.164240
pandas/core/dtypes/missing.py::481,0.164240
pandas/core/internals/blocks.py::1251,0.164240
pandas/core/internals/blocks.py::1252,0.164240
pandas/core/internals/blocks.py::192,0.164240
pandas/core/internals/blocks.py::2990,0.164240
pandas/core/internals/blocks.py::570,0.164240
pandas/core/internals/blocks.py::573,0.164240
pandas/core/internals/managers.py::1738,0.164240
pandas/core/internals/managers.py::1739,0.164240
pandas/core/common.py::206,0.163503
pandas/core/common.py::253,0.163503
pandas/core/common.py::256,0.163503
pandas/core/common.py::262,0.163503
pandas/core/common.py::264,0.163503
pandas/core/generic.py::398,0.163503
pandas/core/generic.py::399,0.163503
pandas/core/generic.py::4550,0.163503
pandas/core/generic.py::4554,0.163503
pandas/core/generic.py::4555,0.163503
pandas/core/generic.py::4556,0.163503
pandas/core/generic.py::4599,0.163503
pandas/core/generic.py::4600,0.163503
pandas/core/generic.py::4601,0.163503
pandas/core/generic.py::4602,0.163503
pandas/core/generic.py::4604,0.163503
pandas/core/generic.py::4607,0.163503
pandas/core/generic.py::4608,0.163503
pandas/core/generic.py::4609,0.163503
pandas/core/generic.py::4612,0.163503
pandas/core/generic.py::4613,0.163503
pandas/core/generic.py::4614,0.163503
pandas/core/generic.py::4615,0.163503
pandas/core/generic.py::4616,0.163503
pandas/core/generic.py::4617,0.163503
pandas/core/generic.py::4618,0.163503
pandas/core/generic.py::4621,0.163503
pandas/core/generic.py::4624,0.163503
pandas/core/indexes/base.py::3277,0.163503
pandas/core/indexes/base.py::5232,0.163503
pandas/core/indexes/base.py::5233,0.163503
pandas/core/indexes/base.py::5234,0.163503
pandas/core/indexes/base.py::5235,0.163503
pandas/core/indexes/base.py::5236,0.163503
pandas/core/internals/managers.py::1236,0.163503
pandas/core/dtypes/cast.py::177,0.162775
pandas/core/dtypes/cast.py::182,0.162775
pandas/core/dtypes/cast.py::187,0.162775
pandas/core/dtypes/common.py::1276,0.162775
pandas/core/dtypes/common.py::1277,0.162775
pandas/core/dtypes/missing.py::443,0.162775
pandas/core/dtypes/missing.py::446,0.162775
pandas/core/dtypes/missing.py::450,0.162775
pandas/core/dtypes/missing.py::451,0.162775
pandas/core/generic.py::5765,0.162775
pandas/core/generic.py::5790,0.162775
pandas/core/generic.py::5800,0.162775
pandas/core/generic.py::5801,0.162775
pandas/core/internals/blocks.py::184,0.162775
pandas/core/internals/blocks.py::189,0.162775
pandas/core/internals/blocks.py::527,0.162775
pandas/core/internals/blocks.py::545,0.162775
pandas/core/internals/blocks.py::547,0.162775
pandas/core/internals/blocks.py::554,0.162775
pandas/core/internals/blocks.py::562,0.162775
pandas/core/internals/managers.py::574,0.162775
pandas/core/dtypes/cast.py::173,0.162057
pandas/core/dtypes/missing.py::442,0.162057
pandas/core/dtypes/missing.py::458,0.162057
pandas/core/groupby/ops.py::289,0.162057
pandas/core/generic.py::4517,0.161349
pandas/core/generic.py::4518,0.161349
pandas/core/generic.py::4519,0.161349
pandas/core/generic.py::4520,0.161349
pandas/core/generic.py::4521,0.161349
pandas/core/generic.py::4522,0.161349
pandas/core/generic.py::4523,0.161349
pandas/core/generic.py::4528,0.161349
pandas/core/generic.py::4530,0.161349
pandas/core/generic.py::4536,0.161349
pandas/core/generic.py::4540,0.161349
pandas/core/generic.py::4541,0.161349
pandas/core/generic.py::4542,0.161349
pandas/core/generic.py::4543,0.161349
pandas/core/groupby/grouper.py::559,0.161349
pandas/core/indexes/base.py::4313,0.161349
pandas/core/dtypes/cast.py::407,0.160650
pandas/core/dtypes/generic.py::78,0.160650
pandas/core/dtypes/missing.py::149,0.160650
pandas/core/internals/blocks.py::196,0.160650
pandas/core/internals/managers.py::1460,0.160650
pandas/core/internals/managers.py::1464,0.160650
pandas/core/internals/managers.py::1561,0.160650
pandas/core/internals/managers.py::1581,0.160650
pandas/core/series.py::248,0.160650
pandas/core/series.py::256,0.160650
pandas/core/series.py::260,0.160650
pandas/core/series.py::261,0.160650
pandas/core/series.py::262,0.160650
pandas/core/series.py::304,0.160650
pandas/core/series.py::306,0.160650
pandas/core/series.py::514,0.160650
pandas/core/generic.py::380,0.159959
pandas/core/generic.py::381,0.159959
pandas/core/generic.py::384,0.159959
pandas/core/generic.py::385,0.159959
pandas/core/generic.py::397,0.159959
pandas/core/generic.py::404,0.159959
pandas/core/generic.py::405,0.159959
pandas/core/generic.py::5220,0.159959
pandas/core/groupby/grouper.py::558,0.159959
pandas/core/indexes/base.py::401,0.159959
pandas/core/internals/managers.py::1533,0.159959
pandas/core/series.py::361,0.159959
pandas/util/testing.py::1213,0.159959
pandas/core/groupby/groupby.py::2440,0.159278
pandas/core/groupby/groupby.py::2441,0.159278
pandas/core/groupby/groupby.py::2443,0.159278
pandas/core/reshape/pivot.py::170,0.159278
pandas/core/reshape/pivot.py::177,0.159278
pandas/core/reshape/pivot.py::181,0.159278
pandas/core/reshape/pivot.py::184,0.159278
pandas/core/series.py::210,0.159278
pandas/core/series.py::247,0.159278
pandas/core/series.py::293,0.159278
pandas/core/series.py::294,0.159278
pandas/core/indexes/numeric.py::51,0.158605
pandas/core/indexes/numeric.py::52,0.158605
pandas/core/indexes/numeric.py::63,0.158605
pandas/core/indexes/numeric.py::73,0.158605
pandas/core/indexes/numeric.py::76,0.158605
pandas/core/indexes/numeric.py::82,0.158605
pandas/core/indexes/numeric.py::84,0.158605
pandas/core/internals/managers.py::1468,0.158605
pandas/core/internals/managers.py::1469,0.158605
pandas/core/internals/managers.py::1498,0.158605
pandas/core/internals/managers.py::577,0.158605
pandas/core/series.py::309,0.158605
pandas/core/series.py::311,0.158605
pandas/core/algorithms.py::274,0.157941
pandas/core/groupby/grouper.py::402,0.157941
pandas/core/indexes/base.py::1813,0.157941
pandas/core/internals/construction.py::197,0.157941
pandas/core/internals/managers.py::1645,0.157941
pandas/core/internals/managers.py::1652,0.157941
pandas/util/testing.py::1196,0.157941
pandas/util/testing.py::1203,0.157941
pandas/util/testing.py::1204,0.157941
pandas/util/testing.py::1205,0.157941
pandas/util/testing.py::1206,0.157941
pandas/util/testing.py::1207,0.157941
pandas/util/testing.py::1208,0.157941
pandas/util/testing.py::1386,0.157941
pandas/util/testing.py::1387,0.157941
pandas/util/testing.py::1388,0.157941
pandas/util/testing.py::1389,0.157941
pandas/util/testing.py::1390,0.157941
pandas/util/testing.py::1391,0.157941
pandas/util/testing.py::1392,0.157941
pandas/util/testing.py::1393,0.157941
pandas/util/testing.py::1394,0.157941
pandas/util/testing.py::1395,0.157941
pandas/util/testing.py::1396,0.157941
pandas/util/testing.py::1397,0.157941
pandas/util/testing.py::1398,0.157941
pandas/util/testing.py::1399,0.157941
pandas/core/common.py::135,0.157285
pandas/core/common.py::138,0.157285
pandas/core/dtypes/common.py::1611,0.157285
pandas/core/dtypes/missing.py::369,0.157285
pandas/core/dtypes/missing.py::370,0.157285
pandas/core/dtypes/missing.py::372,0.157285
pandas/core/generic.py::1684,0.157285
pandas/core/generic.py::1685,0.157285
pandas/core/generic.py::1688,0.157285
pandas/core/generic.py::1689,0.157285
pandas/core/generic.py::1690,0.157285
pandas/core/groupby/grouper.py::593,0.157285
pandas/core/groupby/grouper.py::611,0.157285
pandas/core/groupby/grouper.py::612,0.157285
pandas/core/groupby/grouper.py::613,0.157285
pandas/core/groupby/grouper.py::614,0.157285
pandas/core/groupby/grouper.py::615,0.157285
pandas/core/groupby/grouper.py::670,0.157285
pandas/core/groupby/grouper.py::671,0.157285
pandas/core/indexes/range.py::465,0.157285
pandas/core/indexes/range.py::466,0.157285
pandas/core/series.py::209,0.157285
pandas/core/series.py::212,0.157285
pandas/core/series.py::214,0.157285
pandas/core/series.py::226,0.157285
pandas/core/series.py::230,0.157285
pandas/core/series.py::246,0.157285
pandas/core/series.py::285,0.157285
pandas/core/series.py::289,0.157285
pandas/core/series.py::303,0.157285
pandas/util/testing.py::1162,0.157285
pandas/util/testing.py::1169,0.157285
pandas/util/testing.py::1188,0.157285
pandas/util/testing.py::1190,0.157285
pandas/util/testing.py::1212,0.157285
pandas/util/testing.py::1215,0.157285
pandas/util/testing.py::1216,0.157285
pandas/core/base.py::767,0.156637
pandas/core/frame.py::4780,0.156637
pandas/core/frame.py::4782,0.156637
pandas/core/frame.py::4793,0.156637
pandas/core/frame.py::4794,0.156637
pandas/core/frame.py::4798,0.156637
pandas/core/frame.py::4799,0.156637
pandas/core/frame.py::4805,0.156637
pandas/core/groupby/generic.py::1989,0.156637
pandas/core/groupby/grouper.py::598,0.156637
pandas/core/indexes/base.py::1677,0.156637
pandas/core/internals/blocks.py::643,0.156637
pandas/core/reshape/pivot.py::148,0.156637
pandas/util/testing.py::1327,0.156637
pandas/util/testing.py::1330,0.156637
pandas/util/testing.py::1332,0.156637
pandas/util/testing.py::1333,0.156637
pandas/util/testing.py::1337,0.156637
pandas/util/testing.py::1345,0.156637
pandas/util/testing.py::1349,0.156637
pandas/util/testing.py::1350,0.156637
pandas/util/testing.py::1351,0.156637
pandas/util/testing.py::1352,0.156637
pandas/util/testing.py::1353,0.156637
pandas/util/testing.py::1354,0.156637
pandas/util/testing.py::1355,0.156637
pandas/util/testing.py::1356,0.156637
pandas/util/testing.py::1357,0.156637
pandas/util/testing.py::1361,0.156637
pandas/util/testing.py::1362,0.156637
pandas/util/testing.py::1363,0.156637
pandas/util/testing.py::1364,0.156637
pandas/util/testing.py::1365,0.156637
pandas/util/testing.py::1366,0.156637
pandas/util/testing.py::1367,0.156637
pandas/util/testing.py::1368,0.156637
pandas/util/testing.py::1369,0.156637
pandas/util/testing.py::1373,0.156637
pandas/util/testing.py::1385,0.156637
pandas/core/frame.py::2616,0.155997
pandas/core/frame.py::2633,0.155997
pandas/core/frame.py::2639,0.155997
pandas/core/frame.py::2641,0.155997
pandas/core/frame.py::2643,0.155997
pandas/core/frame.py::2646,0.155997
pandas/core/frame.py::2648,0.155997
pandas/core/generic.py::5957,0.155997
pandas/core/generic.py::5958,0.155997
pandas/core/generic.py::5959,0.155997
pandas/core/generic.py::5960,0.155997
pandas/core/generic.py::5961,0.155997
pandas/core/generic.py::5962,0.155997
pandas/core/generic.py::5963,0.155997
pandas/core/generic.py::5964,0.155997
pandas/core/generic.py::5965,0.155997
pandas/core/generic.py::5966,0.155997
pandas/core/generic.py::5967,0.155997
pandas/core/generic.py::5968,0.155997
pandas/core/generic.py::5970,0.155997
pandas/core/groupby/grouper.py::400,0.155997
pandas/core/groupby/ops.py::232,0.155997
pandas/core/groupby/ops.py::299,0.155997
pandas/core/indexing.py::163,0.155997
pandas/core/indexing.py::1977,0.155997
pandas/core/indexing.py::1978,0.155997
pandas/core/indexing.py::2050,0.155997
pandas/core/indexing.py::2051,0.155997
pandas/core/indexing.py::2113,0.155997
pandas/core/indexing.py::2118,0.155997
pandas/core/indexing.py::2119,0.155997
pandas/core/indexing.py::2123,0.155997
pandas/core/indexing.py::2125,0.155997
pandas/core/reshape/pivot.py::134,0.155997
pandas/core/reshape/pivot.py::147,0.155997
pandas/core/reshape/pivot.py::150,0.155997
pandas/core/reshape/pivot.py::153,0.155997
pandas/core/base.py::319,0.155365
pandas/core/base.py::320,0.155365
pandas/core/base.py::322,0.155365
pandas/core/base.py::323,0.155365
pandas/core/base.py::324,0.155365
pandas/core/base.py::326,0.155365
pandas/core/construction.py::359,0.155365
pandas/core/dtypes/missing.py::254,0.155365
pandas/core/dtypes/missing.py::258,0.155365
pandas/core/generic.py::7574,0.155365
pandas/core/generic.py::7576,0.155365
pandas/core/generic.py::7578,0.155365
pandas/core/generic.py::7580,0.155365
pandas/core/generic.py::7581,0.155365
pandas/core/generic.py::7582,0.155365
pandas/core/generic.py::7583,0.155365
pandas/core/generic.py::7584,0.155365
pandas/core/generic.py::7585,0.155365
pandas/core/generic.py::7586,0.155365
pandas/core/generic.py::7587,0.155365
pandas/core/generic.py::7588,0.155365
pandas/core/generic.py::7589,0.155365
pandas/core/groupby/generic.py::1987,0.155365
pandas/core/groupby/generic.py::1988,0.155365
pandas/core/groupby/generic.py::910,0.155365
pandas/core/groupby/generic.py::911,0.155365
pandas/core/groupby/generic.py::915,0.155365
pandas/core/groupby/generic.py::919,0.155365
pandas/core/groupby/generic.py::921,0.155365
pandas/core/groupby/generic.py::922,0.155365
pandas/core/groupby/groupby.py::2522,0.155365
pandas/core/groupby/groupby.py::2526,0.155365
pandas/core/groupby/groupby.py::2527,0.155365
pandas/core/groupby/groupby.py::2529,0.155365
pandas/core/groupby/groupby.py::2533,0.155365
pandas/core/groupby/groupby.py::2534,0.155365
pandas/core/groupby/groupby.py::2535,0.155365
pandas/core/groupby/groupby.py::2536,0.155365
pandas/core/groupby/groupby.py::2537,0.155365
pandas/core/groupby/groupby.py::2538,0.155365
pandas/core/groupby/groupby.py::2539,0.155365
pandas/core/groupby/groupby.py::2540,0.155365
pandas/core/groupby/groupby.py::2541,0.155365
pandas/core/groupby/groupby.py::2542,0.155365
pandas/core/groupby/groupby.py::2543,0.155365
pandas/core/groupby/groupby.py::2544,0.155365
pandas/core/groupby/groupby.py::2545,0.155365
pandas/core/groupby/groupby.py::2546,0.155365
pandas/core/groupby/groupby.py::367,0.155365
pandas/core/groupby/groupby.py::369,0.155365
pandas/core/groupby/groupby.py::370,0.155365
pandas/core/groupby/groupby.py::372,0.155365
pandas/core/groupby/groupby.py::374,0.155365
pandas/core/groupby/groupby.py::380,0.155365
pandas/core/groupby/groupby.py::381,0.155365
pandas/core/groupby/groupby.py::382,0.155365
pandas/core/groupby/groupby.py::383,0.155365
pandas/core/groupby/groupby.py::384,0.155365
pandas/core/groupby/groupby.py::385,0.155365
pandas/core/groupby/groupby.py::386,0.155365
pandas/core/groupby/groupby.py::388,0.155365
pandas/core/groupby/groupby.py::389,0.155365
pandas/core/groupby/groupby.py::391,0.155365
pandas/core/groupby/groupby.py::392,0.155365
pandas/core/groupby/groupby.py::393,0.155365
pandas/core/groupby/groupby.py::394,0.155365
pandas/core/groupby/groupby.py::395,0.155365
pandas/core/groupby/groupby.py::396,0.155365
pandas/core/groupby/groupby.py::397,0.155365
pandas/core/groupby/groupby.py::398,0.155365
pandas/core/groupby/groupby.py::401,0.155365
pandas/core/groupby/groupby.py::402,0.155365
pandas/core/groupby/groupby.py::403,0.155365
pandas/core/groupby/groupby.py::404,0.155365
pandas/core/groupby/groupby.py::563,0.155365
pandas/core/groupby/groupby.py::564,0.155365
pandas/core/groupby/grouper.py::256,0.155365
pandas/core/groupby/grouper.py::257,0.155365
pandas/core/groupby/grouper.py::258,0.155365
pandas/core/groupby/grouper.py::259,0.155365
pandas/core/groupby/grouper.py::260,0.155365
pandas/core/groupby/grouper.py::261,0.155365
pandas/core/groupby/grouper.py::262,0.155365
pandas/core/groupby/grouper.py::263,0.155365
pandas/core/groupby/grouper.py::264,0.155365
pandas/core/groupby/grouper.py::267,0.155365
pandas/core/groupby/grouper.py::270,0.155365
pandas/core/groupby/grouper.py::276,0.155365
pandas/core/groupby/grouper.py::293,0.155365
pandas/core/groupby/grouper.py::305,0.155365
pandas/core/groupby/grouper.py::308,0.155365
pandas/core/groupby/grouper.py::312,0.155365
pandas/core/groupby/grouper.py::338,0.155365
pandas/core/groupby/grouper.py::342,0.155365
pandas/core/groupby/grouper.py::343,0.155365
pandas/core/groupby/grouper.py::363,0.155365
pandas/core/groupby/grouper.py::364,0.155365
pandas/core/groupby/grouper.py::366,0.155365
pandas/core/groupby/grouper.py::394,0.155365
pandas/core/groupby/grouper.py::396,0.155365
pandas/core/groupby/grouper.py::406,0.155365
pandas/core/groupby/grouper.py::408,0.155365
pandas/core/groupby/grouper.py::409,0.155365
pandas/core/groupby/grouper.py::460,0.155365
pandas/core/groupby/grouper.py::464,0.155365
pandas/core/groupby/grouper.py::507,0.155365
pandas/core/groupby/grouper.py::515,0.155365
pandas/core/groupby/grouper.py::525,0.155365
pandas/core/groupby/grouper.py::540,0.155365
pandas/core/groupby/grouper.py::544,0.155365
pandas/core/groupby/grouper.py::545,0.155365
pandas/core/groupby/grouper.py::548,0.155365
pandas/core/groupby/grouper.py::549,0.155365
pandas/core/groupby/grouper.py::550,0.155365
pandas/core/groupby/grouper.py::551,0.155365
pandas/core/groupby/grouper.py::556,0.155365
pandas/core/groupby/grouper.py::557,0.155365
pandas/core/groupby/grouper.py::573,0.155365
pandas/core/groupby/grouper.py::578,0.155365
pandas/core/groupby/grouper.py::580,0.155365
pandas/core/groupby/grouper.py::581,0.155365
pandas/core/groupby/grouper.py::584,0.155365
pandas/core/groupby/grouper.py::585,0.155365
pandas/core/groupby/grouper.py::596,0.155365
pandas/core/groupby/grouper.py::597,0.155365
pandas/core/groupby/grouper.py::604,0.155365
pandas/core/groupby/grouper.py::606,0.155365
pandas/core/groupby/grouper.py::610,0.155365
pandas/core/groupby/grouper.py::627,0.155365
pandas/core/groupby/grouper.py::646,0.155365
pandas/core/groupby/grouper.py::650,0.155365
pandas/core/groupby/grouper.py::652,0.155365
pandas/core/groupby/grouper.py::654,0.155365
pandas/core/groupby/grouper.py::658,0.155365
pandas/core/groupby/grouper.py::659,0.155365
pandas/core/groupby/grouper.py::663,0.155365
pandas/core/groupby/grouper.py::667,0.155365
pandas/core/groupby/grouper.py::669,0.155365
pandas/core/groupby/ops.py::101,0.155365
pandas/core/groupby/ops.py::224,0.155365
pandas/core/groupby/ops.py::263,0.155365
pandas/core/groupby/ops.py::265,0.155365
pandas/core/groupby/ops.py::266,0.155365
pandas/core/groupby/ops.py::267,0.155365
pandas/core/groupby/ops.py::279,0.155365
pandas/core/groupby/ops.py::280,0.155365
pandas/core/groupby/ops.py::89,0.155365
pandas/core/groupby/ops.py::91,0.155365
pandas/core/groupby/ops.py::92,0.155365
pandas/core/groupby/ops.py::93,0.155365
pandas/core/groupby/ops.py::94,0.155365
pandas/core/groupby/ops.py::95,0.155365
pandas/core/groupby/ops.py::96,0.155365
pandas/core/groupby/ops.py::97,0.155365
pandas/core/internals/blocks.py::249,0.155365
pandas/core/internals/blocks.py::250,0.155365
pandas/core/internals/blocks.py::252,0.155365
pandas/core/reshape/pivot.py::100,0.155365
pandas/core/reshape/pivot.py::101,0.155365
pandas/core/reshape/pivot.py::102,0.155365
pandas/core/reshape/pivot.py::119,0.155365
pandas/core/reshape/pivot.py::120,0.155365
pandas/core/reshape/pivot.py::39,0.155365
pandas/core/reshape/pivot.py::40,0.155365
pandas/core/reshape/pivot.py::411,0.155365
pandas/core/reshape/pivot.py::414,0.155365
pandas/core/reshape/pivot.py::42,0.155365
pandas/core/reshape/pivot.py::421,0.155365
pandas/core/reshape/pivot.py::63,0.155365
pandas/core/reshape/pivot.py::65,0.155365
pandas/core/reshape/pivot.py::66,0.155365
pandas/core/common.py::132,0.154740
pandas/core/dtypes/cast.py::496,0.154740
pandas/core/generic.py::3429,0.154740
pandas/core/generic.py::3431,0.154740
pandas/core/generic.py::3433,0.154740
pandas/core/generic.py::3434,0.154740
pandas/core/generic.py::3436,0.154740
pandas/core/generic.py::3439,0.154740
pandas/core/generic.py::3440,0.154740
pandas/core/generic.py::3443,0.154740
pandas/core/indexers.py::26,0.154740
pandas/core/internals/managers.py::1374,0.154740
pandas/core/dtypes/inference.py::323,0.154123
pandas/core/dtypes/inference.py::325,0.154123
pandas/core/generic.py::436,0.154123
pandas/core/generic.py::437,0.154123
pandas/core/indexes/frozen.py::71,0.154123
pandas/core/indexes/frozen.py::73,0.154123
pandas/core/dtypes/inference.py::67,0.153514
pandas/util/testing.py::1118,0.153514
pandas/util/testing.py::1121,0.153514
pandas/util/testing.py::1123,0.153514
pandas/util/testing.py::1126,0.153514
pandas/util/testing.py::1130,0.153514
pandas/util/testing.py::1136,0.153514
pandas/util/testing.py::1137,0.153514
pandas/util/testing.py::1138,0.153514
pandas/util/testing.py::1139,0.153514
pandas/util/testing.py::1140,0.153514
pandas/util/testing.py::1141,0.153514
pandas/util/testing.py::1142,0.153514
pandas/util/testing.py::1143,0.153514
pandas/util/testing.py::1144,0.153514
pandas/util/testing.py::1147,0.153514
pandas/util/testing.py::1152,0.153514
pandas/util/testing.py::1158,0.153514
pandas/util/testing.py::1159,0.153514
pandas/util/testing.py::693,0.153514
pandas/util/testing.py::754,0.153514
pandas/util/testing.py::762,0.153514
pandas/util/testing.py::763,0.153514
pandas/util/testing.py::767,0.153514
pandas/util/testing.py::770,0.153514
pandas/util/testing.py::771,0.153514
pandas/core/common.py::287,0.152911
pandas/core/common.py::288,0.152911
pandas/core/common.py::289,0.152911
pandas/core/common.py::290,0.152911
pandas/core/dtypes/missing.py::430,0.152911
pandas/core/dtypes/missing.py::461,0.152911
pandas/core/indexes/base.py::3298,0.152911
pandas/core/indexes/base.py::3301,0.152911
pandas/core/indexes/base.py::3303,0.152911
pandas/core/indexes/base.py::3309,0.152911
pandas/core/indexes/base.py::3311,0.152911
pandas/core/indexes/base.py::3318,0.152911
pandas/core/indexes/base.py::3322,0.152911
pandas/core/indexes/base.py::3323,0.152911
pandas/core/indexes/base.py::3324,0.152911
pandas/core/indexes/base.py::3334,0.152911
pandas/core/indexes/base.py::3338,0.152911
pandas/core/indexes/base.py::5573,0.152911
pandas/core/indexes/base.py::5585,0.152911
pandas/core/indexes/base.py::5586,0.152911
pandas/core/indexes/base.py::5590,0.152911
pandas/core/indexing.py::1381,0.152911
pandas/core/indexing.py::1382,0.152911
pandas/core/indexing.py::1387,0.152911
pandas/core/indexing.py::1961,0.152911
pandas/core/indexing.py::1975,0.152911
pandas/core/indexing.py::1976,0.152911
pandas/core/indexing.py::2010,0.152911
pandas/core/indexing.py::2013,0.152911
pandas/core/indexing.py::2014,0.152911
pandas/core/indexing.py::2015,0.152911
pandas/core/indexing.py::2056,0.152911
pandas/core/indexing.py::2057,0.152911
pandas/core/indexing.py::2058,0.152911
pandas/core/indexing.py::2105,0.152911
pandas/core/indexing.py::2108,0.152911
pandas/core/indexing.py::232,0.152911
pandas/core/indexing.py::233,0.152911
pandas/core/indexing.py::235,0.152911
pandas/core/indexing.py::236,0.152911
pandas/core/indexing.py::244,0.152911
pandas/core/indexing.py::889,0.152911
pandas/core/indexing.py::894,0.152911
pandas/util/_validators.py::236,0.152911
pandas/util/_validators.py::241,0.152911
pandas/core/algorithms.py::1443,0.152316
pandas/core/algorithms.py::644,0.152316
pandas/core/indexers.py::187,0.152316
pandas/core/indexers.py::194,0.152316
pandas/core/indexers.py::195,0.152316
pandas/core/indexers.py::199,0.152316
pandas/core/indexers.py::200,0.152316
pandas/core/indexers.py::202,0.152316
pandas/core/indexes/frozen.py::81,0.152316
pandas/core/indexes/frozen.py::82,0.152316
pandas/core/indexes/frozen.py::83,0.152316
pandas/core/indexing.py::2102,0.152316
pandas/core/internals/managers.py::1362,0.152316
pandas/core/internals/managers.py::1365,0.152316
pandas/core/internals/managers.py::1366,0.152316
pandas/core/internals/managers.py::1369,0.152316
pandas/core/internals/managers.py::1370,0.152316
pandas/core/internals/managers.py::1371,0.152316
pandas/core/internals/managers.py::1373,0.152316
pandas/core/internals/managers.py::1377,0.152316
pandas/core/internals/managers.py::1378,0.152316
pandas/core/internals/managers.py::1379,0.152316
pandas/util/testing.py::681,0.152316
pandas/util/testing.py::682,0.152316
pandas/util/testing.py::683,0.152316
pandas/util/testing.py::684,0.152316
pandas/util/testing.py::685,0.152316
pandas/util/testing.py::686,0.152316
pandas/util/testing.py::687,0.152316
pandas/util/testing.py::688,0.152316
pandas/core/algorithms.py::1981,0.151727
pandas/core/base.py::690,0.151727
pandas/core/dtypes/common.py::220,0.151727
pandas/core/internals/blocks.py::257,0.151727
pandas/core/internals/blocks.py::673,0.151727
pandas/core/internals/blocks.py::674,0.151727
pandas/core/internals/blocks.py::675,0.151727
pandas/core/internals/blocks.py::676,0.151727
pandas/core/internals/managers.py::375,0.151727
pandas/core/internals/managers.py::378,0.151727
pandas/core/internals/managers.py::386,0.151727
pandas/core/internals/managers.py::387,0.151727
pandas/core/internals/managers.py::389,0.151727
pandas/core/internals/managers.py::395,0.151727
pandas/core/internals/managers.py::401,0.151727
pandas/core/internals/managers.py::407,0.151727
pandas/core/internals/managers.py::411,0.151727
pandas/core/internals/managers.py::413,0.151727
pandas/core/internals/managers.py::418,0.151727
pandas/core/internals/managers.py::419,0.151727
pandas/core/internals/managers.py::424,0.151727
pandas/core/internals/managers.py::431,0.151727
pandas/core/internals/managers.py::432,0.151727
pandas/core/internals/managers.py::434,0.151727
pandas/core/internals/managers.py::436,0.151727
pandas/core/internals/managers.py::437,0.151727
pandas/core/internals/managers.py::439,0.151727
pandas/core/internals/managers.py::440,0.151727
pandas/core/algorithms.py::623,0.151146
pandas/core/algorithms.py::625,0.151146
pandas/core/algorithms.py::628,0.151146
pandas/core/algorithms.py::630,0.151146
pandas/core/algorithms.py::631,0.151146
pandas/core/indexes/base.py::1742,0.151146
pandas/core/indexes/base.py::2887,0.151146
pandas/core/indexes/base.py::2888,0.151146
pandas/core/indexes/base.py::2889,0.151146
pandas/core/indexes/base.py::2895,0.151146
pandas/core/indexes/base.py::2898,0.151146
pandas/core/indexes/base.py::2899,0.151146
pandas/core/indexes/base.py::2904,0.151146
pandas/core/indexes/base.py::2911,0.151146
pandas/core/indexes/base.py::2916,0.151146
pandas/core/indexes/base.py::2918,0.151146
pandas/core/indexes/base.py::2921,0.151146
pandas/core/indexes/base.py::2926,0.151146
pandas/core/indexes/base.py::2932,0.151146
pandas/core/indexes/base.py::2934,0.151146
pandas/core/indexes/base.py::4729,0.151146
pandas/core/indexes/base.py::4731,0.151146
pandas/core/indexes/base.py::4734,0.151146
pandas/util/testing.py::383,0.151146
pandas/util/testing.py::384,0.151146
pandas/util/testing.py::386,0.151146
pandas/util/testing.py::390,0.151146
pandas/util/testing.py::605,0.151146
pandas/util/testing.py::607,0.151146
pandas/util/testing.py::608,0.151146
pandas/util/testing.py::609,0.151146
pandas/util/testing.py::612,0.151146
pandas/util/testing.py::613,0.151146
pandas/util/testing.py::616,0.151146
pandas/util/testing.py::621,0.151146
pandas/util/testing.py::630,0.151146
pandas/util/testing.py::633,0.151146
pandas/util/testing.py::636,0.151146
pandas/util/testing.py::643,0.151146
pandas/util/testing.py::650,0.151146
pandas/util/testing.py::673,0.151146
pandas/util/testing.py::692,0.151146
pandas/util/testing.py::694,0.151146
pandas/util/testing.py::696,0.151146
pandas/util/testing.py::699,0.151146
pandas/util/testing.py::700,0.151146
pandas/util/testing.py::708,0.151146
pandas/util/testing.py::710,0.151146
pandas/util/testing.py::720,0.151146
pandas/util/testing.py::721,0.151146
pandas/util/testing.py::746,0.151146
pandas/util/testing.py::748,0.151146
pandas/util/testing.py::749,0.151146
pandas/util/testing.py::751,0.151146
pandas/util/testing.py::752,0.151146
pandas/core/generic.py::5235,0.150570
pandas/core/generic.py::5239,0.150570
pandas/core/indexes/base.py::1377,0.150570
pandas/core/indexes/base.py::1380,0.150570
pandas/core/indexes/base.py::1384,0.150570
pandas/core/indexes/base.py::1387,0.150570
pandas/core/indexes/base.py::1389,0.150570
pandas/core/indexes/base.py::1392,0.150570
pandas/core/indexes/base.py::1395,0.150570
pandas/core/indexes/base.py::1396,0.150570
pandas/core/indexes/base.py::1397,0.150570
pandas/core/indexes/base.py::1398,0.150570
pandas/core/indexes/base.py::1449,0.150570
pandas/core/series.py::865,0.150570
pandas/core/series.py::879,0.150570
pandas/core/common.py::124,0.150002
pandas/core/generic.py::5342,0.150002
pandas/core/generic.py::5343,0.150002
pandas/core/indexes/base.py::1304,0.150002
pandas/core/indexes/base.py::1306,0.150002
pandas/core/indexes/base.py::1311,0.150002
pandas/core/indexes/base.py::1312,0.150002
pandas/core/indexes/base.py::1316,0.150002
pandas/core/internals/managers.py::655,0.150002
pandas/core/internals/managers.py::656,0.150002
pandas/core/missing.py::595,0.150002
pandas/core/missing.py::65,0.150002
pandas/core/missing.py::66,0.150002
pandas/core/algorithms.py::1655,0.149440
pandas/core/indexes/base.py::819,0.149440
pandas/core/indexes/base.py::820,0.149440
pandas/core/indexes/base.py::821,0.149440
pandas/core/indexes/base.py::822,0.149440
pandas/core/indexes/base.py::823,0.149440
pandas/core/indexes/base.py::824,0.149440
pandas/core/indexes/base.py::839,0.149440
pandas/core/indexes/base.py::842,0.149440
pandas/core/indexes/base.py::853,0.149440
pandas/core/indexes/base.py::854,0.149440
pandas/core/generic.py::550,0.148884
pandas/core/internals/blocks.py::220,0.148884
pandas/core/internals/managers.py::1568,0.148884
pandas/core/series.py::544,0.148884
pandas/core/algorithms.py::273,0.148334
pandas/core/algorithms.py::88,0.148334
pandas/core/common.py::146,0.148334
pandas/core/frame.py::436,0.148334
pandas/core/frame.py::442,0.148334
pandas/core/frame.py::445,0.148334
pandas/core/generic.py::5455,0.148334
pandas/core/generic.py::5456,0.148334
pandas/core/indexes/base.py::5550,0.148334
pandas/core/indexes/base.py::5553,0.148334
pandas/core/indexes/base.py::5558,0.148334
pandas/core/indexes/base.py::5578,0.148334
pandas/core/internals/blocks.py::209,0.148334
pandas/core/internals/blocks.py::211,0.148334
pandas/core/internals/construction.py::122,0.148334
pandas/core/internals/construction.py::137,0.148334
pandas/core/internals/construction.py::138,0.148334
pandas/core/internals/construction.py::149,0.148334
pandas/core/internals/construction.py::157,0.148334
pandas/core/internals/construction.py::159,0.148334
pandas/core/internals/construction.py::170,0.148334
pandas/core/internals/construction.py::171,0.148334
pandas/core/internals/construction.py::176,0.148334
pandas/core/internals/construction.py::199,0.148334
pandas/core/internals/construction.py::250,0.148334
pandas/core/internals/construction.py::274,0.148334
pandas/core/internals/construction.py::275,0.148334
pandas/core/internals/construction.py::278,0.148334
pandas/core/internals/construction.py::280,0.148334
pandas/core/internals/construction.py::283,0.148334
pandas/core/internals/construction.py::407,0.148334
pandas/core/internals/construction.py::410,0.148334
pandas/core/internals/construction.py::412,0.148334
pandas/core/internals/construction.py::415,0.148334
pandas/core/internals/construction.py::416,0.148334
pandas/core/internals/managers.py::1642,0.148334
pandas/core/internals/managers.py::1643,0.148334
pandas/core/internals/managers.py::1655,0.148334
pandas/core/internals/managers.py::1656,0.148334
pandas/core/internals/managers.py::1657,0.148334
pandas/core/internals/managers.py::207,0.148334
pandas/core/internals/managers.py::208,0.148334
pandas/core/internals/managers.py::209,0.148334
pandas/core/internals/managers.py::798,0.148334
pandas/core/internals/managers.py::802,0.148334
pandas/core/internals/managers.py::805,0.148334
pandas/core/internals/managers.py::807,0.148334
pandas/core/internals/managers.py::812,0.148334
pandas/core/internals/managers.py::813,0.148334
pandas/core/internals/managers.py::817,0.148334
pandas/core/indexes/base.py::3919,0.147790
pandas/core/indexes/base.py::4290,0.147790
pandas/core/indexes/base.py::4293,0.147790
pandas/core/indexes/base.py::4297,0.147790
pandas/core/indexes/base.py::4298,0.147790
pandas/core/internals/blocks.py::1248,0.147790
pandas/core/internals/blocks.py::1249,0.147790
pandas/core/internals/managers.py::1334,0.147790
pandas/core/internals/managers.py::1335,0.147790
pandas/core/internals/managers.py::1336,0.147790
pandas/core/internals/managers.py::1337,0.147790
pandas/core/internals/managers.py::1338,0.147790
pandas/core/internals/managers.py::1339,0.147790
pandas/core/dtypes/common.py::1174,0.147253
pandas/core/dtypes/common.py::1229,0.147253
pandas/core/dtypes/common.py::1232,0.147253
pandas/core/dtypes/common.py::1233,0.147253
pandas/core/dtypes/common.py::1234,0.147253
pandas/core/dtypes/common.py::1556,0.147253
pandas/core/dtypes/common.py::1797,0.147253
pandas/core/dtypes/missing.py::436,0.147253
pandas/core/frame.py::417,0.147253
pandas/core/frame.py::435,0.147253
pandas/core/internals/managers.py::1313,0.147253
pandas/core/internals/managers.py::1321,0.147253
pandas/core/internals/managers.py::1324,0.147253
pandas/core/internals/managers.py::205,0.147253
pandas/core/internals/blocks.py::1245,0.146721
pandas/core/internals/blocks.py::1247,0.146721
pandas/core/internals/blocks.py::1254,0.146721
pandas/core/internals/blocks.py::1255,0.146721
pandas/core/internals/blocks.py::1260,0.146721
pandas/core/internals/blocks.py::1261,0.146721
pandas/core/internals/blocks.py::1264,0.146721
pandas/core/internals/blocks.py::1267,0.146721
pandas/core/internals/blocks.py::224,0.146721
pandas/core/arrays/numpy_.py::172,0.146195
pandas/core/generic.py::452,0.146195
pandas/core/generic.py::453,0.146195
pandas/core/generic.py::454,0.146195
pandas/core/generic.py::455,0.146195
pandas/core/indexes/base.py::1809,0.146195
pandas/core/internals/blocks.py::259,0.146195
pandas/core/internals/managers.py::1223,0.146195
pandas/core/internals/managers.py::1232,0.146195
pandas/core/internals/managers.py::1235,0.146195
pandas/core/internals/managers.py::1238,0.146195
pandas/core/internals/managers.py::1241,0.146195
pandas/core/internals/managers.py::1242,0.146195
pandas/core/internals/managers.py::1255,0.146195
pandas/core/internals/managers.py::1256,0.146195
pandas/core/internals/managers.py::1257,0.146195
pandas/core/internals/managers.py::1270,0.146195
pandas/core/internals/managers.py::1272,0.146195
pandas/core/internals/managers.py::1273,0.146195
pandas/core/internals/managers.py::1276,0.146195
pandas/core/internals/managers.py::1295,0.146195
pandas/core/internals/managers.py::1299,0.146195
pandas/core/internals/managers.py::1300,0.146195
pandas/core/internals/managers.py::1302,0.146195
pandas/core/internals/managers.py::1303,0.146195
pandas/core/internals/managers.py::1311,0.146195
pandas/core/internals/managers.py::1312,0.146195
pandas/core/internals/managers.py::1343,0.146195
pandas/core/internals/managers.py::1969,0.146195
pandas/core/internals/managers.py::1976,0.146195
pandas/core/internals/managers.py::1980,0.146195
pandas/core/internals/managers.py::1981,0.146195
pandas/core/internals/managers.py::1983,0.146195
pandas/core/algorithms.py::1445,0.145674
pandas/core/arrays/sparse/dtype.py::204,0.145674
pandas/core/arrays/sparse/dtype.py::205,0.145674
pandas/core/arrays/sparse/dtype.py::223,0.145674
pandas/core/arrays/string_.py::77,0.145674
pandas/core/arrays/string_.py::79,0.145674
pandas/core/dtypes/base.py::239,0.145674
pandas/core/dtypes/base.py::240,0.145674
pandas/core/dtypes/base.py::241,0.145674
pandas/core/dtypes/base.py::242,0.145674
pandas/core/dtypes/dtypes.py::103,0.145674
pandas/core/dtypes/dtypes.py::104,0.145674
pandas/core/dtypes/dtypes.py::105,0.145674
pandas/core/dtypes/dtypes.py::1057,0.145674
pandas/core/dtypes/dtypes.py::106,0.145674
pandas/core/dtypes/dtypes.py::1061,0.145674
pandas/core/dtypes/dtypes.py::1065,0.145674
pandas/core/dtypes/dtypes.py::107,0.145674
pandas/core/dtypes/dtypes.py::109,0.145674
pandas/core/dtypes/dtypes.py::739,0.145674
pandas/core/dtypes/dtypes.py::740,0.145674
pandas/core/dtypes/dtypes.py::741,0.145674
pandas/core/dtypes/dtypes.py::751,0.145674
pandas/core/dtypes/dtypes.py::881,0.145674
pandas/core/indexes/base.py::815,0.145674
pandas/core/indexes/base.py::817,0.145674
pandas/core/indexes/base.py::818,0.145674
pandas/core/indexes/base.py::831,0.145674
pandas/core/algorithms.py::1634,0.145159
pandas/core/algorithms.py::1637,0.145159
pandas/core/algorithms.py::1638,0.145159
pandas/core/algorithms.py::1639,0.145159
pandas/core/algorithms.py::1663,0.145159
pandas/core/arrays/numpy_.py::125,0.145159
pandas/core/arrays/numpy_.py::127,0.145159
pandas/core/arrays/numpy_.py::134,0.145159
pandas/core/arrays/numpy_.py::137,0.145159
pandas/core/arrays/numpy_.py::140,0.145159
pandas/core/arrays/numpy_.py::141,0.145159
pandas/core/arrays/numpy_.py::42,0.145159
pandas/core/arrays/numpy_.py::43,0.145159
pandas/core/arrays/numpy_.py::44,0.145159
pandas/core/arrays/numpy_.py::45,0.145159
pandas/core/base.py::1166,0.145159
pandas/core/base.py::1168,0.145159
pandas/core/base.py::1171,0.145159
pandas/core/base.py::878,0.145159
pandas/core/base.py::880,0.145159
pandas/core/generic.py::421,0.145159
pandas/core/generic.py::422,0.145159
pandas/core/generic.py::423,0.145159
pandas/core/generic.py::424,0.145159
pandas/core/indexing.py::1380,0.144650
pandas/core/base.py::872,0.144145
pandas/core/base.py::877,0.144145
pandas/core/dtypes/common.py::1135,0.144145
pandas/core/frame.py::511,0.144145
pandas/compat/numpy/function.py::43,0.143646
pandas/core/common.py::122,0.143646
pandas/core/common.py::139,0.143646
pandas/core/frame.py::533,0.143646
pandas/core/series.py::656,0.143646
pandas/core/algorithms.py::1441,0.143153
pandas/core/algorithms.py::1442,0.143153
pandas/core/algorithms.py::1611,0.143153
pandas/core/algorithms.py::1612,0.143153
pandas/core/algorithms.py::1633,0.143153
pandas/core/algorithms.py::1961,0.143153
pandas/core/algorithms.py::1966,0.143153
pandas/core/algorithms.py::1971,0.143153
pandas/core/algorithms.py::1978,0.143153
pandas/core/algorithms.py::1980,0.143153
pandas/core/algorithms.py::1986,0.143153
pandas/core/algorithms.py::1987,0.143153
pandas/core/algorithms.py::1988,0.143153
pandas/core/algorithms.py::1995,0.143153
pandas/core/algorithms.py::1998,0.143153
pandas/core/algorithms.py::2003,0.143153
pandas/core/algorithms.py::2005,0.143153
pandas/core/algorithms.py::2007,0.143153
pandas/core/algorithms.py::2010,0.143153
pandas/core/algorithms.py::2017,0.143153
pandas/core/algorithms.py::2019,0.143153
pandas/core/algorithms.py::2020,0.143153
pandas/core/algorithms.py::2021,0.143153
pandas/core/algorithms.py::2024,0.143153
pandas/core/algorithms.py::2036,0.143153
pandas/core/algorithms.py::2039,0.143153
pandas/core/algorithms.py::635,0.143153
pandas/core/algorithms.py::636,0.143153
pandas/core/base.py::866,0.143153
pandas/core/base.py::868,0.143153
pandas/core/base.py::882,0.143153
pandas/core/dtypes/common.py::1095,0.143153
pandas/core/dtypes/common.py::1097,0.143153
pandas/core/dtypes/common.py::1098,0.143153
pandas/core/dtypes/common.py::1104,0.143153
pandas/core/dtypes/missing.py::426,0.143153
pandas/core/dtypes/missing.py::429,0.143153
pandas/core/dtypes/missing.py::434,0.143153
pandas/core/frame.py::382,0.143153
pandas/core/frame.py::412,0.143153
pandas/core/frame.py::413,0.143153
pandas/core/generic.py::1920,0.143153
pandas/core/generic.py::216,0.143153
pandas/core/generic.py::217,0.143153
pandas/core/generic.py::223,0.143153
pandas/core/generic.py::225,0.143153
pandas/core/generic.py::229,0.143153
pandas/core/generic.py::434,0.143153
pandas/core/generic.py::435,0.143153
pandas/core/generic.py::439,0.143153
pandas/core/generic.py::440,0.143153
pandas/core/generic.py::446,0.143153
pandas/core/generic.py::447,0.143153
pandas/core/generic.py::507,0.143153
pandas/core/generic.py::5218,0.143153
pandas/core/generic.py::5219,0.143153
pandas/core/generic.py::5222,0.143153
pandas/core/generic.py::5224,0.143153
pandas/core/generic.py::5304,0.143153
pandas/core/generic.py::5305,0.143153
pandas/core/generic.py::5306,0.143153
pandas/core/generic.py::5308,0.143153
pandas/core/generic.py::5313,0.143153
pandas/core/generic.py::5314,0.143153
pandas/core/generic.py::5316,0.143153
pandas/core/indexes/base.py::1286,0.143153
pandas/core/indexes/base.py::4113,0.143153
pandas/core/indexes/base.py::4114,0.143153
pandas/core/indexes/base.py::4115,0.143153
pandas/core/internals/blocks.py::3024,0.143153
pandas/core/internals/blocks.py::3026,0.143153
pandas/core/internals/blocks.py::3028,0.143153
pandas/core/internals/blocks.py::3034,0.143153
pandas/core/internals/blocks.py::3037,0.143153
pandas/core/internals/blocks.py::3038,0.143153
pandas/core/internals/managers.py::201,0.143153
pandas/core/internals/managers.py::204,0.143153
pandas/core/internals/managers.py::920,0.143153
pandas/core/internals/managers.py::921,0.143153
pandas/core/algorithms.py::181,0.142664
pandas/core/algorithms.py::183,0.142664
pandas/core/algorithms.py::189,0.142664
pandas/core/algorithms.py::190,0.142664
pandas/core/algorithms.py::192,0.142664
pandas/core/algorithms.py::199,0.142664
pandas/core/algorithms.py::207,0.142664
pandas/core/algorithms.py::476,0.142664
pandas/core/algorithms.py::478,0.142664
pandas/core/algorithms.py::479,0.142664
pandas/core/algorithms.py::481,0.142664
pandas/core/algorithms.py::482,0.142664
pandas/core/algorithms.py::615,0.142664
pandas/core/algorithms.py::616,0.142664
pandas/core/algorithms.py::618,0.142664
pandas/core/algorithms.py::634,0.142664
pandas/core/algorithms.py::639,0.142664
pandas/core/algorithms.py::642,0.142664
pandas/core/algorithms.py::649,0.142664
pandas/core/construction.py::515,0.142664
pandas/core/construction.py::518,0.142664
pandas/core/construction.py::521,0.142664
pandas/core/construction.py::524,0.142664
pandas/core/construction.py::529,0.142664
pandas/core/construction.py::530,0.142664
pandas/core/construction.py::551,0.142664
pandas/core/dtypes/cast.py::1036,0.142664
pandas/core/dtypes/cast.py::1412,0.142664
pandas/core/dtypes/cast.py::1414,0.142664
pandas/core/dtypes/cast.py::1426,0.142664
pandas/core/dtypes/cast.py::401,0.142664
pandas/core/dtypes/cast.py::404,0.142664
pandas/core/internals/blocks.py::2988,0.142664
pandas/core/common.py::120,0.142180
pandas/core/common.py::121,0.142180
pandas/core/dtypes/common.py::743,0.142180
pandas/core/dtypes/common.py::744,0.142180
pandas/core/dtypes/common.py::745,0.142180
pandas/core/dtypes/common.py::746,0.142180
pandas/core/dtypes/common.py::857,0.142180
pandas/core/frame.py::2659,0.142180
pandas/core/indexes/base.py::1459,0.142180
pandas/core/indexes/base.py::3863,0.142180
pandas/core/dtypes/common.py::1777,0.141701
pandas/core/dtypes/common.py::1778,0.141701
pandas/core/dtypes/common.py::1783,0.141701
pandas/core/dtypes/common.py::1784,0.141701
pandas/core/dtypes/common.py::1794,0.141701
pandas/core/dtypes/missing.py::227,0.141701
pandas/core/dtypes/missing.py::239,0.141701
pandas/core/dtypes/missing.py::241,0.141701
pandas/core/indexes/numeric.py::169,0.141701
pandas/_config/config.py::111,0.141227
pandas/_config/config.py::112,0.141227
pandas/_config/config.py::116,0.141227
pandas/_config/config.py::118,0.141227
pandas/_config/config.py::122,0.141227
pandas/_config/config.py::123,0.141227
pandas/_config/config.py::125,0.141227
pandas/_config/config.py::126,0.141227
pandas/_config/config.py::127,0.141227
pandas/_config/config.py::130,0.141227
pandas/_config/config.py::131,0.141227
pandas/_config/config.py::133,0.141227
pandas/_config/config.py::233,0.141227
pandas/_config/config.py::542,0.141227
pandas/_config/config.py::546,0.141227
pandas/_config/config.py::547,0.141227
pandas/_config/config.py::550,0.141227
pandas/_config/config.py::554,0.141227
pandas/_config/config.py::555,0.141227
pandas/_config/config.py::556,0.141227
pandas/_config/config.py::557,0.141227
pandas/_config/config.py::558,0.141227
pandas/_config/config.py::577,0.141227
pandas/_config/config.py::578,0.141227
pandas/_config/config.py::579,0.141227
pandas/_config/config.py::580,0.141227
pandas/_config/config.py::593,0.141227
pandas/_config/config.py::602,0.141227
pandas/_config/config.py::603,0.141227
pandas/_config/config.py::606,0.141227
pandas/_config/config.py::618,0.141227
pandas/_config/config.py::619,0.141227
pandas/_config/config.py::634,0.141227
pandas/_config/config.py::811,0.141227
pandas/_config/config.py::84,0.141227
pandas/_config/config.py::85,0.141227
pandas/_config/config.py::89,0.141227
pandas/_config/config.py::91,0.141227
pandas/_config/config.py::93,0.141227
pandas/_config/config.py::94,0.141227
pandas/_config/config.py::96,0.141227
pandas/_config/config.py::98,0.141227
pandas/conftest.py::49,0.141227
pandas/conftest.py::52,0.141227
pandas/conftest.py::55,0.141227
pandas/conftest.py::58,0.141227
pandas/conftest.py::61,0.141227
pandas/conftest.py::72,0.141227
pandas/conftest.py::80,0.141227
pandas/conftest.py::81,0.141227
pandas/core/algorithms.py::1437,0.141227
pandas/core/algorithms.py::1438,0.141227
pandas/core/algorithms.py::1439,0.141227
pandas/core/algorithms.py::1440,0.141227
pandas/core/algorithms.py::1446,0.141227
pandas/core/algorithms.py::1447,0.141227
pandas/core/algorithms.py::1597,0.141227
pandas/core/algorithms.py::1599,0.141227
pandas/core/algorithms.py::1602,0.141227
pandas/core/algorithms.py::1603,0.141227
pandas/core/algorithms.py::1605,0.141227
pandas/core/algorithms.py::1609,0.141227
pandas/core/algorithms.py::1610,0.141227
pandas/core/algorithms.py::1616,0.141227
pandas/core/algorithms.py::1617,0.141227
pandas/core/algorithms.py::1631,0.141227
pandas/core/algorithms.py::1632,0.141227
pandas/core/algorithms.py::1636,0.141227
pandas/core/algorithms.py::1644,0.141227
pandas/core/algorithms.py::1645,0.141227
pandas/core/algorithms.py::1646,0.141227
pandas/core/algorithms.py::1647,0.141227
pandas/core/algorithms.py::1648,0.141227
pandas/core/algorithms.py::1653,0.141227
pandas/core/algorithms.py::1657,0.141227
pandas/core/algorithms.py::1658,0.141227
pandas/core/algorithms.py::1660,0.141227
pandas/core/algorithms.py::1662,0.141227
pandas/core/algorithms.py::1664,0.141227
pandas/core/algorithms.py::238,0.141227
pandas/core/algorithms.py::241,0.141227
pandas/core/algorithms.py::242,0.141227
pandas/core/algorithms.py::246,0.141227
pandas/core/algorithms.py::248,0.141227
pandas/core/algorithms.py::249,0.141227
pandas/core/algorithms.py::251,0.141227
pandas/core/algorithms.py::267,0.141227
pandas/core/algorithms.py::268,0.141227
pandas/core/algorithms.py::275,0.141227
pandas/core/algorithms.py::85,0.141227
pandas/core/algorithms.py::87,0.141227
pandas/core/base.py::990,0.141227
pandas/core/base.py::995,0.141227
pandas/core/common.py::162,0.141227
pandas/core/common.py::164,0.141227
pandas/core/common.py::185,0.141227
pandas/core/common.py::219,0.141227
pandas/core/common.py::221,0.141227
pandas/core/common.py::224,0.141227
pandas/core/common.py::225,0.141227
pandas/core/common.py::227,0.141227
pandas/core/common.py::229,0.141227
pandas/core/common.py::232,0.141227
pandas/core/common.py::237,0.141227
pandas/core/common.py::277,0.141227
pandas/core/common.py::279,0.141227
pandas/core/common.py::340,0.141227
pandas/core/common.py::343,0.141227
pandas/core/construction.py::358,0.141227
pandas/core/construction.py::361,0.141227
pandas/core/construction.py::364,0.141227
pandas/core/construction.py::374,0.141227
pandas/core/construction.py::377,0.141227
pandas/core/construction.py::387,0.141227
pandas/core/construction.py::390,0.141227
pandas/core/construction.py::392,0.141227
pandas/core/construction.py::403,0.141227
pandas/core/construction.py::405,0.141227
pandas/core/construction.py::415,0.141227
pandas/core/construction.py::416,0.141227
pandas/core/construction.py::419,0.141227
pandas/core/construction.py::421,0.141227
pandas/core/construction.py::431,0.141227
pandas/core/construction.py::450,0.141227
pandas/core/construction.py::451,0.141227
pandas/core/construction.py::454,0.141227
pandas/core/construction.py::465,0.141227
pandas/core/construction.py::468,0.141227
pandas/core/construction.py::477,0.141227
pandas/core/construction.py::478,0.141227
pandas/core/construction.py::479,0.141227
pandas/core/construction.py::487,0.141227
pandas/core/construction.py::511,0.141227
pandas/core/construction.py::512,0.141227
pandas/core/construction.py::513,0.141227
pandas/core/dtypes/base.py::237,0.141227
pandas/core/dtypes/base.py::238,0.141227
pandas/core/dtypes/base.py::271,0.141227
pandas/core/dtypes/base.py::273,0.141227
pandas/core/dtypes/base.py::278,0.141227
pandas/core/dtypes/base.py::279,0.141227
pandas/core/dtypes/base.py::281,0.141227
pandas/core/dtypes/base.py::283,0.141227
pandas/core/dtypes/base.py::284,0.141227
pandas/core/dtypes/base.py::285,0.141227
pandas/core/dtypes/base.py::286,0.141227
pandas/core/dtypes/cast.py::1020,0.141227
pandas/core/dtypes/cast.py::1021,0.141227
pandas/core/dtypes/cast.py::1024,0.141227
pandas/core/dtypes/cast.py::1028,0.141227
pandas/core/dtypes/cast.py::1030,0.141227
pandas/core/dtypes/cast.py::1032,0.141227
pandas/core/dtypes/cast.py::1035,0.141227
pandas/core/dtypes/cast.py::1038,0.141227
pandas/core/dtypes/cast.py::1039,0.141227
pandas/core/dtypes/cast.py::1042,0.141227
pandas/core/dtypes/cast.py::1045,0.141227
pandas/core/dtypes/cast.py::1070,0.141227
pandas/core/dtypes/cast.py::1081,0.141227
pandas/core/dtypes/cast.py::1083,0.141227
pandas/core/dtypes/cast.py::1085,0.141227
pandas/core/dtypes/cast.py::1087,0.141227
pandas/core/dtypes/cast.py::1089,0.141227
pandas/core/dtypes/cast.py::1105,0.141227
pandas/core/dtypes/cast.py::1112,0.141227
pandas/core/dtypes/cast.py::1113,0.141227
pandas/core/dtypes/cast.py::1115,0.141227
pandas/core/dtypes/cast.py::1220,0.141227
pandas/core/dtypes/cast.py::1224,0.141227
pandas/core/dtypes/cast.py::1237,0.141227
pandas/core/dtypes/cast.py::1239,0.141227
pandas/core/dtypes/cast.py::1242,0.141227
pandas/core/dtypes/cast.py::1244,0.141227
pandas/core/dtypes/cast.py::1383,0.141227
pandas/core/dtypes/cast.py::1384,0.141227
pandas/core/dtypes/cast.py::1385,0.141227
pandas/core/dtypes/cast.py::340,0.141227
pandas/core/dtypes/cast.py::346,0.141227
pandas/core/dtypes/cast.py::364,0.141227
pandas/core/dtypes/cast.py::375,0.141227
pandas/core/dtypes/cast.py::394,0.141227
pandas/core/dtypes/cast.py::397,0.141227
pandas/core/dtypes/cast.py::400,0.141227
pandas/core/dtypes/cast.py::417,0.141227
pandas/core/dtypes/cast.py::421,0.141227
pandas/core/dtypes/cast.py::422,0.141227
pandas/core/dtypes/cast.py::425,0.141227
pandas/core/dtypes/cast.py::426,0.141227
pandas/core/dtypes/cast.py::463,0.141227
pandas/core/dtypes/cast.py::465,0.141227
pandas/core/dtypes/cast.py::468,0.141227
pandas/core/dtypes/cast.py::469,0.141227
pandas/core/dtypes/cast.py::490,0.141227
pandas/core/dtypes/cast.py::492,0.141227
pandas/core/dtypes/cast.py::494,0.141227
pandas/core/dtypes/cast.py::498,0.141227
pandas/core/dtypes/cast.py::65,0.141227
pandas/core/dtypes/cast.py::66,0.141227
pandas/core/dtypes/cast.py::67,0.141227
pandas/core/dtypes/cast.py::68,0.141227
pandas/core/dtypes/cast.py::70,0.141227
pandas/core/dtypes/cast.py::72,0.141227
pandas/core/dtypes/cast.py::992,0.141227
pandas/core/dtypes/cast.py::993,0.141227
pandas/core/dtypes/cast.py::995,0.141227
pandas/core/dtypes/cast.py::998,0.141227
pandas/core/dtypes/common.py::1052,0.141227
pandas/core/dtypes/common.py::1053,0.141227
pandas/core/dtypes/common.py::1054,0.141227
pandas/core/dtypes/common.py::1344,0.141227
pandas/core/dtypes/common.py::1387,0.141227
pandas/core/dtypes/common.py::1389,0.141227
pandas/core/dtypes/common.py::1390,0.141227
pandas/core/dtypes/common.py::1394,0.141227
pandas/core/dtypes/common.py::1398,0.141227
pandas/core/dtypes/common.py::1405,0.141227
pandas/core/dtypes/common.py::1409,0.141227
pandas/core/dtypes/common.py::1522,0.141227
pandas/core/dtypes/common.py::1523,0.141227
pandas/core/dtypes/common.py::1575,0.141227
pandas/core/dtypes/common.py::1577,0.141227
pandas/core/dtypes/common.py::1578,0.141227
pandas/core/dtypes/common.py::1581,0.141227
pandas/core/dtypes/common.py::1604,0.141227
pandas/core/dtypes/common.py::1608,0.141227
pandas/core/dtypes/common.py::1609,0.141227
pandas/core/dtypes/common.py::1610,0.141227
pandas/core/dtypes/common.py::1614,0.141227
pandas/core/dtypes/common.py::1615,0.141227
pandas/core/dtypes/common.py::1617,0.141227
pandas/core/dtypes/common.py::1635,0.141227
pandas/core/dtypes/common.py::1636,0.141227
pandas/core/dtypes/common.py::1639,0.141227
pandas/core/dtypes/common.py::1640,0.141227
pandas/core/dtypes/common.py::1641,0.141227
pandas/core/dtypes/common.py::1647,0.141227
pandas/core/dtypes/common.py::1648,0.141227
pandas/core/dtypes/common.py::1651,0.141227
pandas/core/dtypes/common.py::1652,0.141227
pandas/core/dtypes/common.py::1654,0.141227
pandas/core/dtypes/common.py::1655,0.141227
pandas/core/dtypes/common.py::1662,0.141227
pandas/core/dtypes/common.py::1771,0.141227
pandas/core/dtypes/common.py::1773,0.141227
pandas/core/dtypes/common.py::1774,0.141227
pandas/core/dtypes/common.py::195,0.141227
pandas/core/dtypes/common.py::199,0.141227
pandas/core/dtypes/common.py::200,0.141227
pandas/core/dtypes/common.py::201,0.141227
pandas/core/dtypes/common.py::202,0.141227
pandas/core/dtypes/common.py::205,0.141227
pandas/core/dtypes/common.py::210,0.141227
pandas/core/dtypes/common.py::218,0.141227
pandas/core/dtypes/common.py::219,0.141227
pandas/core/dtypes/common.py::251,0.141227
pandas/core/dtypes/common.py::300,0.141227
pandas/core/dtypes/common.py::302,0.141227
pandas/core/dtypes/common.py::303,0.141227
pandas/core/dtypes/common.py::375,0.141227
pandas/core/dtypes/common.py::437,0.141227
pandas/core/dtypes/common.py::473,0.141227
pandas/core/dtypes/common.py::475,0.141227
pandas/core/dtypes/common.py::506,0.141227
pandas/core/dtypes/common.py::538,0.141227
pandas/core/dtypes/common.py::540,0.141227
pandas/core/dtypes/common.py::574,0.141227
pandas/core/dtypes/common.py::575,0.141227
pandas/core/dtypes/common.py::576,0.141227
pandas/core/dtypes/common.py::607,0.141227
pandas/core/dtypes/common.py::608,0.141227
pandas/core/dtypes/common.py::609,0.141227
pandas/core/dtypes/common.py::642,0.141227
pandas/core/dtypes/common.py::643,0.141227
pandas/core/dtypes/common.py::645,0.141227
pandas/core/dtypes/common.py::914,0.141227
pandas/core/dtypes/common.py::961,0.141227
pandas/core/dtypes/common.py::962,0.141227
pandas/core/dtypes/dtypes.py::101,0.141227
pandas/core/dtypes/dtypes.py::1053,0.141227
pandas/core/dtypes/dtypes.py::1054,0.141227
pandas/core/dtypes/dtypes.py::1055,0.141227
pandas/core/dtypes/dtypes.py::1106,0.141227
pandas/core/dtypes/dtypes.py::1117,0.141227
pandas/core/dtypes/dtypes.py::738,0.141227
pandas/core/dtypes/dtypes.py::753,0.141227
pandas/core/dtypes/dtypes.py::880,0.141227
pandas/core/dtypes/dtypes.py::882,0.141227
pandas/core/dtypes/dtypes.py::890,0.141227
pandas/core/dtypes/dtypes.py::926,0.141227
pandas/core/dtypes/dtypes.py::939,0.141227
pandas/core/dtypes/dtypes.py::94,0.141227
pandas/core/dtypes/dtypes.py::95,0.141227
pandas/core/dtypes/dtypes.py::96,0.141227
pandas/core/dtypes/dtypes.py::97,0.141227
pandas/core/dtypes/dtypes.py::98,0.141227
pandas/core/dtypes/generic.py::9,0.141227
pandas/core/dtypes/inference.py::124,0.141227
pandas/core/dtypes/inference.py::127,0.141227
pandas/core/dtypes/inference.py::250,0.141227
pandas/core/dtypes/inference.py::387,0.141227
pandas/core/dtypes/inference.py::388,0.141227
pandas/core/dtypes/inference.py::392,0.141227
pandas/core/dtypes/missing.py::122,0.141227
pandas/core/dtypes/missing.py::130,0.141227
pandas/core/dtypes/missing.py::131,0.141227
pandas/core/dtypes/missing.py::133,0.141227
pandas/core/dtypes/missing.py::135,0.141227
pandas/core/dtypes/missing.py::137,0.141227
pandas/core/dtypes/missing.py::138,0.141227
pandas/core/dtypes/missing.py::140,0.141227
pandas/core/dtypes/missing.py::141,0.141227
pandas/core/dtypes/missing.py::142,0.141227
pandas/core/dtypes/missing.py::143,0.141227
pandas/core/dtypes/missing.py::144,0.141227
pandas/core/dtypes/missing.py::145,0.141227
pandas/core/dtypes/missing.py::148,0.141227
pandas/core/dtypes/missing.py::222,0.141227
pandas/core/dtypes/missing.py::224,0.141227
pandas/core/dtypes/missing.py::231,0.141227
pandas/core/dtypes/missing.py::233,0.141227
pandas/core/dtypes/missing.py::261,0.141227
pandas/core/dtypes/missing.py::264,0.141227
pandas/core/frame.py::2651,0.141227
pandas/core/frame.py::2652,0.141227
pandas/core/frame.py::2654,0.141227
pandas/core/frame.py::2656,0.141227
pandas/core/frame.py::2657,0.141227
pandas/core/frame.py::2947,0.141227
pandas/core/frame.py::2948,0.141227
pandas/core/frame.py::2951,0.141227
pandas/core/frame.py::2957,0.141227
pandas/core/frame.py::2958,0.141227
pandas/core/frame.py::403,0.141227
pandas/core/frame.py::405,0.141227
pandas/core/frame.py::408,0.141227
pandas/core/frame.py::411,0.141227
pandas/core/frame.py::415,0.141227
pandas/core/frame.py::416,0.141227
pandas/core/frame.py::492,0.141227
pandas/core/generic.py::195,0.141227
pandas/core/generic.py::205,0.141227
pandas/core/generic.py::206,0.141227
pandas/core/generic.py::207,0.141227
pandas/core/generic.py::208,0.141227
pandas/core/generic.py::209,0.141227
pandas/core/generic.py::212,0.141227
pandas/core/generic.py::238,0.141227
pandas/core/generic.py::240,0.141227
pandas/core/generic.py::3287,0.141227
pandas/core/generic.py::3613,0.141227
pandas/core/generic.py::3614,0.141227
pandas/core/generic.py::3615,0.141227
pandas/core/generic.py::3616,0.141227
pandas/core/generic.py::3617,0.141227
pandas/core/generic.py::3618,0.141227
pandas/core/generic.py::3619,0.141227
pandas/core/generic.py::3622,0.141227
pandas/core/generic.py::3623,0.141227
pandas/core/generic.py::5254,0.141227
pandas/core/generic.py::5255,0.141227
pandas/core/generic.py::5256,0.141227
pandas/core/generic.py::5257,0.141227
pandas/core/generic.py::5258,0.141227
pandas/core/generic.py::5262,0.141227
pandas/core/generic.py::5263,0.141227
pandas/core/indexes/base.py::1735,0.141227
pandas/core/indexes/base.py::272,0.141227
pandas/core/indexes/base.py::273,0.141227
pandas/core/indexes/base.py::274,0.141227
pandas/core/indexes/base.py::275,0.141227
pandas/core/indexes/base.py::276,0.141227
pandas/core/indexes/base.py::278,0.141227
pandas/core/indexes/base.py::281,0.141227
pandas/core/indexes/base.py::2818,0.141227
pandas/core/indexes/base.py::2819,0.141227
pandas/core/indexes/base.py::2824,0.141227
pandas/core/indexes/base.py::2825,0.141227
pandas/core/indexes/base.py::291,0.141227
pandas/core/indexes/base.py::296,0.141227
pandas/core/indexes/base.py::298,0.141227
pandas/core/indexes/base.py::302,0.141227
pandas/core/indexes/base.py::307,0.141227
pandas/core/indexes/base.py::313,0.141227
pandas/core/indexes/base.py::314,0.141227
pandas/core/indexes/base.py::315,0.141227
pandas/core/indexes/base.py::330,0.141227
pandas/core/indexes/base.py::340,0.141227
pandas/core/indexes/base.py::344,0.141227
pandas/core/indexes/base.py::356,0.141227
pandas/core/indexes/base.py::357,0.141227
pandas/core/indexes/base.py::3833,0.141227
pandas/core/indexes/base.py::400,0.141227
pandas/core/indexes/base.py::402,0.141227
pandas/core/indexes/base.py::404,0.141227
pandas/core/indexes/base.py::406,0.141227
pandas/core/indexes/base.py::409,0.141227
pandas/core/indexes/base.py::413,0.141227
pandas/core/indexes/base.py::4158,0.141227
pandas/core/indexes/base.py::4159,0.141227
pandas/core/indexes/base.py::416,0.141227
pandas/core/indexes/base.py::4161,0.141227
pandas/core/indexes/base.py::4162,0.141227
pandas/core/indexes/base.py::4163,0.141227
pandas/core/indexes/base.py::417,0.141227
pandas/core/indexes/base.py::418,0.141227
pandas/core/indexes/base.py::425,0.141227
pandas/core/indexes/base.py::428,0.141227
pandas/core/indexes/base.py::4287,0.141227
pandas/core/indexes/base.py::4288,0.141227
pandas/core/indexes/base.py::434,0.141227
pandas/core/indexes/base.py::437,0.141227
pandas/core/indexes/base.py::454,0.141227
pandas/core/indexes/base.py::456,0.141227
pandas/core/indexes/base.py::458,0.141227
pandas/core/indexes/base.py::460,0.141227
pandas/core/indexes/base.py::463,0.141227
pandas/core/indexes/base.py::465,0.141227
pandas/core/indexes/base.py::468,0.141227
pandas/core/indexes/base.py::477,0.141227
pandas/core/indexes/base.py::478,0.141227
pandas/core/indexes/base.py::519,0.141227
pandas/core/indexes/base.py::525,0.141227
pandas/core/indexes/base.py::526,0.141227
pandas/core/indexes/base.py::532,0.141227
pandas/core/indexes/base.py::533,0.141227
pandas/core/indexes/base.py::535,0.141227
pandas/core/indexes/base.py::548,0.141227
pandas/core/indexes/base.py::5546,0.141227
pandas/core/indexes/base.py::5547,0.141227
pandas/core/indexes/base.py::5549,0.141227
pandas/core/indexes/base.py::5609,0.141227
pandas/core/indexes/base.py::5611,0.141227
pandas/core/indexes/base.py::567,0.141227
pandas/core/indexes/base.py::568,0.141227
pandas/core/indexes/base.py::569,0.141227
pandas/core/indexes/base.py::570,0.141227
pandas/core/indexes/base.py::571,0.141227
pandas/core/indexes/base.py::575,0.141227
pandas/core/indexes/base.py::576,0.141227
pandas/core/indexes/base.py::581,0.141227
pandas/core/indexes/base.py::629,0.141227
pandas/core/indexes/base.py::635,0.141227
pandas/core/indexes/base.py::636,0.141227
pandas/core/indexes/base.py::647,0.141227
pandas/core/indexes/base.py::648,0.141227
pandas/core/indexes/base.py::658,0.141227
pandas/core/indexes/base.py::682,0.141227
pandas/core/indexes/numeric.py::88,0.141227
pandas/core/indexes/numeric.py::89,0.141227
pandas/core/indexes/range.py::104,0.141227
pandas/core/indexes/range.py::107,0.141227
pandas/core/indexes/range.py::113,0.141227
pandas/core/indexes/range.py::116,0.141227
pandas/core/indexes/range.py::118,0.141227
pandas/core/indexes/range.py::121,0.141227
pandas/core/indexes/range.py::123,0.141227
pandas/core/indexes/range.py::124,0.141227
pandas/core/indexes/range.py::127,0.141227
pandas/core/indexes/range.py::128,0.141227
pandas/core/indexes/range.py::150,0.141227
pandas/core/indexes/range.py::153,0.141227
pandas/core/indexes/range.py::156,0.141227
pandas/core/indexes/range.py::159,0.141227
pandas/core/indexes/range.py::160,0.141227
pandas/core/indexes/range.py::162,0.141227
pandas/core/indexes/range.py::163,0.141227
pandas/core/indexes/range.py::696,0.141227
pandas/core/indexes/range.py::94,0.141227
pandas/core/internals/blocks.py::112,0.141227
pandas/core/internals/blocks.py::113,0.141227
pandas/core/internals/blocks.py::114,0.141227
pandas/core/internals/blocks.py::116,0.141227
pandas/core/internals/blocks.py::143,0.141227
pandas/core/internals/blocks.py::144,0.141227
pandas/core/internals/blocks.py::146,0.141227
pandas/core/internals/blocks.py::150,0.141227
pandas/core/internals/blocks.py::202,0.141227
pandas/core/internals/blocks.py::228,0.141227
pandas/core/internals/blocks.py::232,0.141227
pandas/core/internals/blocks.py::233,0.141227
pandas/core/internals/blocks.py::235,0.141227
pandas/core/internals/blocks.py::2530,0.141227
pandas/core/internals/blocks.py::2533,0.141227
pandas/core/internals/blocks.py::256,0.141227
pandas/core/internals/blocks.py::258,0.141227
pandas/core/internals/blocks.py::260,0.141227
pandas/core/internals/blocks.py::2963,0.141227
pandas/core/internals/blocks.py::2964,0.141227
pandas/core/internals/blocks.py::2966,0.141227
pandas/core/internals/blocks.py::2969,0.141227
pandas/core/internals/blocks.py::2971,0.141227
pandas/core/internals/blocks.py::2974,0.141227
pandas/core/internals/blocks.py::2976,0.141227
pandas/core/internals/blocks.py::2978,0.141227
pandas/core/internals/blocks.py::2980,0.141227
pandas/core/internals/blocks.py::2981,0.141227
pandas/core/internals/blocks.py::2982,0.141227
pandas/core/internals/blocks.py::2985,0.141227
pandas/core/internals/blocks.py::2987,0.141227
pandas/core/internals/blocks.py::2989,0.141227
pandas/core/internals/blocks.py::2992,0.141227
pandas/core/internals/blocks.py::2993,0.141227
pandas/core/internals/blocks.py::2999,0.141227
pandas/core/internals/blocks.py::3004,0.141227
pandas/core/internals/blocks.py::3007,0.141227
pandas/core/internals/blocks.py::3008,0.141227
pandas/core/internals/blocks.py::3009,0.141227
pandas/core/internals/blocks.py::3011,0.141227
pandas/core/internals/blocks.py::3016,0.141227
pandas/core/internals/blocks.py::320,0.141227
pandas/core/internals/blocks.py::324,0.141227
pandas/core/internals/blocks.py::328,0.141227
pandas/core/internals/blocks.py::331,0.141227
pandas/core/internals/blocks.py::332,0.141227
pandas/core/internals/blocks.py::349,0.141227
pandas/core/internals/construction.py::207,0.141227
pandas/core/internals/construction.py::232,0.141227
pandas/core/internals/construction.py::233,0.141227
pandas/core/internals/construction.py::234,0.141227
pandas/core/internals/construction.py::238,0.141227
pandas/core/internals/construction.py::241,0.141227
pandas/core/internals/construction.py::243,0.141227
pandas/core/internals/construction.py::287,0.141227
pandas/core/internals/construction.py::288,0.141227
pandas/core/internals/construction.py::290,0.141227
pandas/core/internals/construction.py::291,0.141227
pandas/core/internals/construction.py::299,0.141227
pandas/core/internals/construction.py::308,0.141227
pandas/core/internals/construction.py::309,0.141227
pandas/core/internals/construction.py::312,0.141227
pandas/core/internals/construction.py::314,0.141227
pandas/core/internals/construction.py::318,0.141227
pandas/core/internals/construction.py::319,0.141227
pandas/core/internals/construction.py::321,0.141227
pandas/core/internals/construction.py::322,0.141227
pandas/core/internals/construction.py::323,0.141227
pandas/core/internals/construction.py::325,0.141227
pandas/core/internals/construction.py::326,0.141227
pandas/core/internals/construction.py::327,0.141227
pandas/core/internals/construction.py::329,0.141227
pandas/core/internals/construction.py::330,0.141227
pandas/core/internals/construction.py::333,0.141227
pandas/core/internals/construction.py::336,0.141227
pandas/core/internals/construction.py::337,0.141227
pandas/core/internals/construction.py::338,0.141227
pandas/core/internals/construction.py::340,0.141227
pandas/core/internals/construction.py::343,0.141227
pandas/core/internals/construction.py::345,0.141227
pandas/core/internals/construction.py::348,0.141227
pandas/core/internals/construction.py::349,0.141227
pandas/core/internals/construction.py::350,0.141227
pandas/core/internals/construction.py::353,0.141227
pandas/core/internals/construction.py::358,0.141227
pandas/core/internals/construction.py::366,0.141227
pandas/core/internals/construction.py::368,0.141227
pandas/core/internals/construction.py::59,0.141227
pandas/core/internals/construction.py::60,0.141227
pandas/core/internals/construction.py::65,0.141227
pandas/core/internals/construction.py::68,0.141227
pandas/core/internals/construction.py::70,0.141227
pandas/core/internals/managers.py::128,0.141227
pandas/core/internals/managers.py::129,0.141227
pandas/core/internals/managers.py::131,0.141227
pandas/core/internals/managers.py::132,0.141227
pandas/core/internals/managers.py::138,0.141227
pandas/core/internals/managers.py::139,0.141227
pandas/core/internals/managers.py::141,0.141227
pandas/core/internals/managers.py::143,0.141227
pandas/core/internals/managers.py::1459,0.141227
pandas/core/internals/managers.py::1467,0.141227
pandas/core/internals/managers.py::1480,0.141227
pandas/core/internals/managers.py::1483,0.141227
pandas/core/internals/managers.py::1486,0.141227
pandas/core/internals/managers.py::1491,0.141227
pandas/core/internals/managers.py::1495,0.141227
pandas/core/internals/managers.py::1497,0.141227
pandas/core/internals/managers.py::1500,0.141227
pandas/core/internals/managers.py::1507,0.141227
pandas/core/internals/managers.py::1541,0.141227
pandas/core/internals/managers.py::1564,0.141227
pandas/core/internals/managers.py::165,0.141227
pandas/core/internals/managers.py::1667,0.141227
pandas/core/internals/managers.py::1668,0.141227
pandas/core/internals/managers.py::1669,0.141227
pandas/core/internals/managers.py::1670,0.141227
pandas/core/internals/managers.py::1671,0.141227
pandas/core/internals/managers.py::169,0.141227
pandas/core/internals/managers.py::1703,0.141227
pandas/core/internals/managers.py::1704,0.141227
pandas/core/internals/managers.py::1706,0.141227
pandas/core/internals/managers.py::1707,0.141227
pandas/core/internals/managers.py::1708,0.141227
pandas/core/internals/managers.py::1713,0.141227
pandas/core/internals/managers.py::1714,0.141227
pandas/core/internals/managers.py::1718,0.141227
pandas/core/internals/managers.py::1719,0.141227
pandas/core/internals/managers.py::1721,0.141227
pandas/core/internals/managers.py::1722,0.141227
pandas/core/internals/managers.py::1724,0.141227
pandas/core/internals/managers.py::1725,0.141227
pandas/core/internals/managers.py::1726,0.141227
pandas/core/internals/managers.py::1727,0.141227
pandas/core/internals/managers.py::1729,0.141227
pandas/core/internals/managers.py::1733,0.141227
pandas/core/internals/managers.py::1737,0.141227
pandas/core/internals/managers.py::1741,0.141227
pandas/core/internals/managers.py::1745,0.141227
pandas/core/internals/managers.py::1752,0.141227
pandas/core/internals/managers.py::1756,0.141227
pandas/core/internals/managers.py::1757,0.141227
pandas/core/internals/managers.py::1758,0.141227
pandas/core/internals/managers.py::1760,0.141227
pandas/core/internals/managers.py::1767,0.141227
pandas/core/internals/managers.py::1776,0.141227
pandas/core/internals/managers.py::1784,0.141227
pandas/core/internals/managers.py::1794,0.141227
pandas/core/internals/managers.py::1801,0.141227
pandas/core/internals/managers.py::1804,0.141227
pandas/core/internals/managers.py::1807,0.141227
pandas/core/internals/managers.py::1808,0.141227
pandas/core/internals/managers.py::1815,0.141227
pandas/core/internals/managers.py::1817,0.141227
pandas/core/internals/managers.py::1818,0.141227
pandas/core/internals/managers.py::1820,0.141227
pandas/core/internals/managers.py::1822,0.141227
pandas/core/internals/managers.py::1823,0.141227
pandas/core/internals/managers.py::1825,0.141227
pandas/core/internals/managers.py::1831,0.141227
pandas/core/internals/managers.py::1832,0.141227
pandas/core/internals/managers.py::1835,0.141227
pandas/core/internals/managers.py::1837,0.141227
pandas/core/internals/managers.py::1838,0.141227
pandas/core/internals/managers.py::1841,0.141227
pandas/core/internals/managers.py::1843,0.141227
pandas/core/internals/managers.py::1845,0.141227
pandas/core/internals/managers.py::1846,0.141227
pandas/core/internals/managers.py::1848,0.141227
pandas/core/internals/managers.py::1849,0.141227
pandas/core/internals/managers.py::1850,0.141227
pandas/core/internals/managers.py::1852,0.141227
pandas/core/internals/managers.py::216,0.141227
pandas/core/internals/managers.py::217,0.141227
pandas/core/internals/managers.py::218,0.141227
pandas/core/internals/managers.py::219,0.141227
pandas/core/internals/managers.py::221,0.141227
pandas/core/internals/managers.py::222,0.141227
pandas/core/internals/managers.py::223,0.141227
pandas/core/internals/managers.py::224,0.141227
pandas/core/internals/managers.py::226,0.141227
pandas/core/internals/managers.py::229,0.141227
pandas/core/internals/managers.py::230,0.141227
pandas/core/internals/managers.py::234,0.141227
pandas/core/internals/managers.py::319,0.141227
pandas/core/internals/managers.py::334,0.141227
pandas/core/internals/managers.py::335,0.141227
pandas/core/internals/managers.py::336,0.141227
pandas/core/internals/managers.py::337,0.141227
pandas/core/internals/managers.py::339,0.141227
pandas/core/internals/managers.py::643,0.141227
pandas/core/internals/managers.py::645,0.141227
pandas/core/internals/managers.py::648,0.141227
pandas/core/internals/managers.py::649,0.141227
pandas/core/internals/managers.py::650,0.141227
pandas/core/internals/managers.py::929,0.141227
pandas/core/internals/managers.py::939,0.141227
pandas/core/internals/managers.py::941,0.141227
pandas/core/internals/managers.py::942,0.141227
pandas/core/internals/managers.py::953,0.141227
pandas/core/internals/managers.py::970,0.141227
pandas/core/internals/managers.py::971,0.141227
pandas/core/internals/managers.py::974,0.141227
pandas/core/internals/managers.py::976,0.141227
pandas/core/internals/managers.py::977,0.141227
pandas/core/internals/managers.py::980,0.141227
pandas/core/series.py::197,0.141227
pandas/core/series.py::200,0.141227
pandas/core/series.py::202,0.141227
pandas/core/series.py::204,0.141227
pandas/core/series.py::313,0.141227
pandas/core/series.py::314,0.141227
pandas/core/series.py::315,0.141227
pandas/core/series.py::381,0.141227
pandas/core/series.py::384,0.141227
pandas/core/series.py::385,0.141227
pandas/core/series.py::397,0.141227
pandas/core/series.py::399,0.141227
pandas/core/series.py::400,0.141227
pandas/core/series.py::404,0.141227
pandas/core/series.py::407,0.141227
pandas/core/series.py::419,0.141227
pandas/core/series.py::430,0.141227
pandas/core/series.py::434,0.141227
pandas/core/series.py::436,0.141227
pandas/core/series.py::521,0.141227
