Entity,Score
pandas/core/dtypes/inference.py::383,0.993789
pandas/core/dtypes/inference.py::384,0.993789
pandas/core/dtypes/inference.py::385,0.993789
pandas/core/dtypes/inference.py::386,0.993789
pandas/core/indexes/base.py::834,0.993789
pandas/core/indexes/base.py::835,0.993789
pandas/core/indexes/base.py::836,0.993789
pandas/core/indexes/base.py::837,0.993789
pandas/core/indexes/base.py::838,0.993789
pandas/core/indexes/base.py::839,0.993789
pandas/core/indexes/base.py::842,0.993789
pandas/core/indexes/base.py::845,0.993789
pandas/core/indexes/base.py::847,0.993789
pandas/core/series.py::1301,0.993789
pandas/core/series.py::1302,0.993789
pandas/core/series.py::1305,0.993789
pandas/core/series.py::1306,0.993789
pandas/core/series.py::1310,0.993789
pandas/core/series.py::1311,0.993789
pandas/core/series.py::1313,0.993789
pandas/core/series.py::1315,0.993789
pandas/core/series.py::1316,0.993789
pandas/core/series.py::1317,0.993789
pandas/core/series.py::1318,0.993789
pandas/core/series.py::1319,0.993789
pandas/core/series.py::1320,0.993789
pandas/core/series.py::1321,0.993789
pandas/core/series.py::1323,0.993789
pandas/core/series.py::1325,0.993789
pandas/core/series.py::1374,0.993789
pandas/core/series.py::1375,0.993789
pandas/core/series.py::1376,0.993789
pandas/core/series.py::1377,0.993789
pandas/core/series.py::1378,0.993789
pandas/core/series.py::1379,0.993789
pandas/core/series.py::1380,0.993789
pandas/core/series.py::1381,0.993789
pandas/core/series.py::1382,0.993789
pandas/core/series.py::1383,0.993789
pandas/core/series.py::1384,0.993789
pandas/core/series.py::1386,0.993789
pandas/core/series.py::1389,0.993789
pandas/core/series.py::1395,0.993789
pandas/core/series.py::1398,0.993789
pandas/core/series.py::1399,0.993789
pandas/io/formats/format.py::238,0.993789
pandas/io/formats/format.py::239,0.993789
pandas/io/formats/format.py::240,0.993789
pandas/io/formats/format.py::241,0.993789
pandas/io/formats/format.py::242,0.993789
pandas/io/formats/format.py::243,0.993789
pandas/io/formats/format.py::244,0.993789
pandas/io/formats/format.py::245,0.993789
pandas/io/formats/format.py::246,0.993789
pandas/io/formats/format.py::248,0.993789
pandas/io/formats/format.py::249,0.993789
pandas/io/formats/format.py::250,0.993789
pandas/io/formats/format.py::251,0.993789
pandas/io/formats/format.py::252,0.993789
pandas/io/formats/format.py::254,0.993789
pandas/io/formats/format.py::257,0.993789
pandas/io/formats/format.py::259,0.993789
pandas/io/formats/format.py::261,0.993789
pandas/io/formats/format.py::262,0.993789
pandas/io/formats/format.py::265,0.993789
pandas/io/formats/format.py::266,0.993789
pandas/io/formats/format.py::267,0.993789
pandas/io/formats/format.py::282,0.993789
pandas/io/formats/format.py::283,0.993789
pandas/io/formats/format.py::286,0.993789
pandas/io/formats/format.py::287,0.993789
pandas/io/formats/format.py::289,0.993789
pandas/io/formats/format.py::295,0.993789
pandas/io/formats/format.py::302,0.993789
pandas/io/formats/format.py::307,0.993789
pandas/io/formats/format.py::308,0.993789
pandas/io/formats/format.py::309,0.993789
pandas/io/formats/format.py::310,0.993789
pandas/io/formats/format.py::312,0.993789
pandas/io/formats/format.py::316,0.993789
pandas/io/formats/format.py::322,0.993789
pandas/io/formats/format.py::345,0.993789
pandas/io/formats/format.py::346,0.993789
pandas/io/formats/format.py::348,0.993789
pandas/io/formats/format.py::385,0.993789
pandas/io/formats/format.py::437,0.993789
pandas/io/formats/format.py::438,0.993789
pandas/io/formats/format.py::441,0.993789
pandas/io/formats/printing.py::198,0.993789
pandas/io/formats/printing.py::199,0.993789
pandas/io/formats/printing.py::200,0.993789
pandas/io/formats/printing.py::201,0.993789
pandas/io/formats/printing.py::208,0.993789
pandas/io/formats/printing.py::210,0.993789
pandas/io/formats/printing.py::211,0.993789
pandas/io/formats/printing.py::213,0.993789
pandas/io/formats/printing.py::215,0.993789
pandas/io/formats/printing.py::217,0.993789
pandas/io/formats/printing.py::223,0.993789
pandas/io/formats/printing.py::231,0.993789
pandas/io/formats/printing.py::234,0.993789
pandas/io/formats/printing.py::236,0.993789
pandas/_config/config.py::105,0.964296
pandas/_config/config.py::108,0.964296
pandas/_config/config.py::109,0.964296
pandas/_config/config.py::547,0.964296
pandas/core/indexes/base.py::3838,0.964296
pandas/core/internals/blocks.py::197,0.964296
pandas/core/internals/blocks.py::307,0.964296
pandas/core/internals/managers.py::1537,0.964296
pandas/core/internals/managers.py::1564,0.964296
pandas/core/internals/managers.py::1575,0.964296
pandas/core/internals/managers.py::256,0.964296
pandas/core/internals/managers.py::302,0.964296
pandas/core/series.py::428,0.964296
pandas/core/series.py::4710,0.964296
pandas/core/series.py::4711,0.964296
pandas/core/series.py::4712,0.964296
pandas/core/series.py::4714,0.964296
pandas/core/series.py::568,0.964296
pandas/core/series.py::595,0.964296
pandas/core/dtypes/common.py::1293,0.962036
pandas/core/dtypes/missing.py::218,0.962036
pandas/core/dtypes/missing.py::239,0.962036
pandas/core/dtypes/missing.py::241,0.962036
pandas/core/dtypes/missing.py::244,0.962036
pandas/core/dtypes/missing.py::245,0.962036
pandas/core/dtypes/missing.py::248,0.962036
pandas/core/dtypes/missing.py::250,0.962036
pandas/core/dtypes/missing.py::252,0.962036
pandas/core/dtypes/missing.py::332,0.962036
pandas/core/dtypes/missing.py::333,0.962036
pandas/core/dtypes/missing.py::335,0.962036
pandas/core/indexes/base.py::857,0.962036
pandas/core/indexes/base.py::897,0.962036
pandas/core/indexes/base.py::898,0.962036
pandas/core/indexes/base.py::905,0.962036
pandas/core/indexes/base.py::908,0.962036
pandas/io/formats/format.py::1117,0.962036
pandas/io/formats/format.py::1119,0.962036
pandas/io/formats/format.py::1121,0.962036
pandas/io/formats/format.py::1123,0.962036
pandas/io/formats/format.py::1125,0.962036
pandas/io/formats/format.py::1127,0.962036
pandas/io/formats/format.py::1130,0.962036
pandas/io/formats/format.py::1132,0.962036
pandas/io/formats/format.py::1133,0.962036
pandas/io/formats/format.py::1135,0.962036
pandas/io/formats/format.py::1136,0.962036
pandas/io/formats/format.py::1138,0.962036
pandas/io/formats/format.py::1139,0.962036
pandas/io/formats/format.py::1141,0.962036
pandas/io/formats/format.py::1142,0.962036
pandas/io/formats/format.py::1143,0.962036
pandas/io/formats/format.py::1144,0.962036
pandas/io/formats/format.py::1145,0.962036
pandas/io/formats/format.py::1146,0.962036
pandas/io/formats/format.py::1147,0.962036
pandas/io/formats/format.py::1148,0.962036
pandas/io/formats/format.py::1149,0.962036
pandas/io/formats/format.py::1150,0.962036
pandas/io/formats/format.py::1153,0.962036
pandas/io/formats/format.py::1171,0.962036
pandas/io/formats/format.py::1172,0.962036
pandas/io/formats/format.py::1173,0.962036
pandas/io/formats/format.py::1174,0.962036
pandas/io/formats/format.py::1175,0.962036
pandas/io/formats/format.py::1176,0.962036
pandas/io/formats/format.py::1177,0.962036
pandas/io/formats/format.py::1178,0.962036
pandas/io/formats/format.py::1179,0.962036
pandas/io/formats/format.py::1180,0.962036
pandas/io/formats/format.py::1181,0.962036
pandas/io/formats/format.py::1184,0.962036
pandas/io/formats/format.py::1185,0.962036
pandas/io/formats/format.py::1188,0.962036
pandas/io/formats/format.py::1189,0.962036
pandas/io/formats/format.py::1190,0.962036
pandas/io/formats/format.py::1191,0.962036
pandas/io/formats/format.py::1192,0.962036
pandas/io/formats/format.py::1198,0.962036
pandas/io/formats/format.py::1199,0.962036
pandas/io/formats/format.py::1202,0.962036
pandas/io/formats/format.py::1203,0.962036
pandas/io/formats/format.py::1204,0.962036
pandas/io/formats/format.py::1207,0.962036
pandas/io/formats/format.py::1209,0.962036
pandas/io/formats/format.py::1211,0.962036
pandas/io/formats/format.py::1213,0.962036
pandas/io/formats/format.py::1215,0.962036
pandas/io/formats/format.py::1216,0.962036
pandas/io/formats/format.py::1223,0.962036
pandas/io/formats/format.py::1226,0.962036
pandas/io/formats/format.py::1228,0.962036
pandas/io/formats/format.py::1230,0.962036
pandas/io/formats/format.py::1231,0.962036
pandas/io/formats/format.py::1232,0.962036
pandas/io/formats/format.py::1234,0.962036
pandas/io/formats/format.py::1235,0.962036
pandas/io/formats/format.py::1236,0.962036
pandas/io/formats/format.py::1238,0.962036
pandas/io/formats/format.py::1241,0.962036
pandas/io/formats/format.py::1246,0.962036
pandas/io/formats/format.py::1247,0.962036
pandas/io/formats/format.py::1249,0.962036
pandas/io/formats/format.py::1700,0.962036
pandas/io/formats/format.py::1703,0.962036
pandas/io/formats/format.py::1704,0.962036
pandas/io/formats/format.py::1706,0.962036
pandas/io/formats/format.py::1708,0.962036
pandas/io/formats/format.py::1711,0.962036
pandas/io/formats/format.py::1712,0.962036
pandas/io/formats/format.py::1715,0.962036
pandas/io/formats/format.py::1716,0.962036
pandas/io/formats/format.py::1717,0.962036
pandas/io/formats/format.py::1719,0.962036
pandas/io/formats/format.py::1721,0.962036
pandas/io/formats/format.py::1722,0.962036
pandas/io/formats/format.py::1723,0.962036
pandas/io/formats/format.py::325,0.962036
pandas/io/formats/format.py::326,0.962036
pandas/io/formats/format.py::328,0.962036
pandas/io/formats/format.py::334,0.962036
pandas/io/formats/format.py::337,0.962036
pandas/io/formats/format.py::338,0.962036
pandas/io/formats/format.py::339,0.962036
pandas/io/formats/format.py::340,0.962036
pandas/io/formats/format.py::341,0.962036
pandas/io/formats/format.py::351,0.962036
pandas/io/formats/format.py::352,0.962036
pandas/io/formats/format.py::354,0.962036
pandas/io/formats/format.py::369,0.962036
pandas/io/formats/format.py::370,0.962036
pandas/io/formats/format.py::374,0.962036
pandas/io/formats/format.py::377,0.962036
pandas/io/formats/format.py::378,0.962036
pandas/io/formats/format.py::380,0.962036
pandas/io/formats/format.py::388,0.962036
pandas/io/formats/format.py::391,0.962036
pandas/io/formats/format.py::394,0.962036
pandas/io/formats/printing.py::45,0.962036
pandas/io/formats/printing.py::46,0.962036
pandas/io/formats/printing.py::48,0.962036
pandas/io/formats/printing.py::49,0.962036
pandas/io/formats/printing.py::50,0.962036
pandas/io/formats/printing.py::52,0.962036
pandas/io/formats/printing.py::53,0.962036
pandas/io/formats/printing.py::54,0.962036
pandas/io/formats/printing.py::55,0.962036
pandas/io/formats/printing.py::56,0.962036
pandas/io/formats/printing.py::57,0.962036
pandas/io/formats/printing.py::58,0.962036
pandas/io/formats/printing.py::59,0.962036
pandas/io/formats/printing.py::60,0.962036
pandas/io/formats/printing.py::61,0.962036
pandas/io/formats/printing.py::68,0.962036
pandas/io/formats/printing.py::69,0.962036
pandas/io/formats/printing.py::70,0.962036
pandas/io/formats/printing.py::73,0.962036
pandas/conftest.py::422,0.937286
pandas/core/common.py::267,0.937286
pandas/core/common.py::269,0.937286
pandas/core/construction.py::429,0.937286
pandas/core/construction.py::439,0.937286
pandas/core/construction.py::447,0.937286
pandas/core/construction.py::451,0.937286
pandas/core/construction.py::453,0.937286
pandas/core/construction.py::454,0.937286
pandas/core/construction.py::455,0.937286
pandas/core/construction.py::457,0.937286
pandas/core/construction.py::625,0.937286
pandas/core/construction.py::627,0.937286
pandas/core/construction.py::629,0.937286
pandas/core/construction.py::630,0.937286
pandas/core/dtypes/cast.py::1298,0.937286
pandas/core/dtypes/cast.py::1299,0.937286
pandas/core/dtypes/cast.py::1301,0.937286
pandas/core/dtypes/cast.py::1302,0.937286
pandas/core/dtypes/cast.py::1305,0.937286
pandas/core/dtypes/cast.py::1306,0.937286
pandas/core/dtypes/cast.py::1307,0.937286
pandas/core/dtypes/cast.py::1309,0.937286
pandas/core/dtypes/cast.py::1388,0.937286
pandas/core/dtypes/cast.py::1389,0.937286
pandas/core/dtypes/cast.py::1426,0.937286
pandas/core/dtypes/cast.py::1529,0.937286
pandas/core/dtypes/cast.py::1535,0.937286
pandas/core/dtypes/cast.py::1538,0.937286
pandas/core/dtypes/cast.py::1545,0.937286
pandas/core/dtypes/cast.py::1546,0.937286
pandas/core/dtypes/cast.py::1548,0.937286
pandas/core/dtypes/common.py::1756,0.937286
pandas/core/dtypes/common.py::1757,0.937286
pandas/core/dtypes/common.py::1762,0.937286
pandas/core/dtypes/common.py::1763,0.937286
pandas/core/dtypes/common.py::1773,0.937286
pandas/core/dtypes/common.py::1776,0.937286
pandas/core/dtypes/inference.py::287,0.937286
pandas/core/dtypes/inference.py::289,0.937286
pandas/core/dtypes/inference.py::291,0.937286
pandas/core/dtypes/missing.py::510,0.937286
pandas/core/dtypes/missing.py::512,0.937286
pandas/core/dtypes/missing.py::514,0.937286
pandas/core/dtypes/missing.py::516,0.937286
pandas/core/dtypes/missing.py::518,0.937286
pandas/core/dtypes/missing.py::522,0.937286
pandas/core/dtypes/missing.py::526,0.937286
pandas/core/generic.py::258,0.937286
pandas/core/generic.py::259,0.937286
pandas/core/generic.py::262,0.937286
pandas/core/generic.py::268,0.937286
pandas/core/internals/blocks.py::2374,0.937286
pandas/core/internals/blocks.py::2377,0.937286
pandas/core/internals/blocks.py::2687,0.937286
pandas/core/internals/blocks.py::2690,0.937286
pandas/core/internals/blocks.py::2692,0.937286
pandas/core/internals/blocks.py::2694,0.937286
pandas/core/internals/blocks.py::2697,0.937286
pandas/core/series.py::243,0.937286
pandas/core/series.py::245,0.937286
pandas/core/series.py::269,0.937286
pandas/core/series.py::276,0.937286
pandas/core/series.py::277,0.937286
pandas/core/series.py::278,0.937286
pandas/core/series.py::279,0.937286
pandas/core/series.py::280,0.937286
pandas/core/series.py::292,0.937286
pandas/core/series.py::294,0.937286
pandas/core/series.py::297,0.937286
pandas/core/series.py::318,0.937286
pandas/core/series.py::320,0.937286
pandas/core/series.py::352,0.937286
pandas/core/series.py::355,0.937286
pandas/core/series.py::358,0.937286
pandas/core/series.py::359,0.937286
pandas/core/series.py::366,0.937286
pandas/core/series.py::367,0.937286
pandas/core/series.py::371,0.937286
pandas/core/series.py::373,0.937286
pandas/core/dtypes/common.py::1538,0.931677
pandas/core/dtypes/common.py::1556,0.931677
pandas/core/dtypes/common.py::1558,0.931677
pandas/core/dtypes/common.py::1559,0.931677
pandas/core/dtypes/common.py::1562,0.931677
pandas/core/dtypes/common.py::595,0.931677
pandas/core/dtypes/common.py::596,0.931677
pandas/core/dtypes/common.py::598,0.931677
pandas/core/dtypes/common.py::602,0.931677
pandas/core/dtypes/common.py::603,0.931677
pandas/core/dtypes/common.py::605,0.931677
pandas/core/dtypes/missing.py::124,0.931677
pandas/core/dtypes/missing.py::146,0.931677
pandas/core/dtypes/missing.py::147,0.931677
pandas/core/dtypes/missing.py::150,0.931677
pandas/core/dtypes/missing.py::152,0.931677
pandas/core/dtypes/missing.py::154,0.931677
pandas/core/dtypes/missing.py::156,0.931677
pandas/core/dtypes/missing.py::157,0.931677
pandas/core/dtypes/missing.py::209,0.931677
pandas/core/dtypes/missing.py::210,0.931677
pandas/core/dtypes/missing.py::212,0.931677
pandas/core/dtypes/missing.py::217,0.931677
pandas/core/dtypes/missing.py::229,0.931677
pandas/core/dtypes/missing.py::232,0.931677
pandas/core/indexes/base.py::580,0.931677
pandas/core/indexes/base.py::501,0.929206
pandas/core/indexes/base.py::502,0.929206
pandas/core/indexes/base.py::503,0.929206
pandas/core/indexes/base.py::506,0.929206
pandas/core/indexes/base.py::507,0.929206
pandas/core/indexes/base.py::508,0.929206
pandas/io/formats/console.py::14,0.929206
pandas/io/formats/console.py::16,0.929206
pandas/io/formats/console.py::17,0.929206
pandas/io/formats/console.py::29,0.929206
pandas/io/formats/console.py::41,0.929206
pandas/io/formats/console.py::46,0.929206
pandas/io/formats/console.py::62,0.929206
pandas/io/formats/console.py::64,0.929206
pandas/io/formats/console.py::65,0.929206
pandas/io/formats/console.py::66,0.929206
pandas/io/formats/console.py::69,0.929206
pandas/io/formats/console.py::71,0.929206
pandas/io/formats/console.py::72,0.929206
pandas/io/formats/console.py::73,0.929206
pandas/io/formats/console.py::74,0.929206
pandas/io/formats/printing.py::319,0.929206
pandas/io/formats/printing.py::320,0.929206
pandas/io/formats/printing.py::322,0.929206
pandas/io/formats/printing.py::323,0.929206
pandas/io/formats/printing.py::325,0.929206
pandas/io/formats/printing.py::326,0.929206
pandas/io/formats/printing.py::328,0.929206
pandas/io/formats/printing.py::329,0.929206
pandas/io/formats/printing.py::330,0.929206
pandas/io/formats/printing.py::331,0.929206
pandas/io/formats/printing.py::336,0.929206
pandas/io/formats/printing.py::337,0.929206
pandas/io/formats/printing.py::343,0.929206
pandas/io/formats/printing.py::346,0.929206
pandas/io/formats/printing.py::349,0.929206
pandas/io/formats/printing.py::352,0.929206
pandas/io/formats/printing.py::353,0.929206
pandas/io/formats/printing.py::361,0.929206
pandas/io/formats/printing.py::367,0.929206
pandas/io/formats/printing.py::369,0.929206
pandas/io/formats/printing.py::453,0.929206
pandas/_config/config.py::101,0.912430
pandas/_config/config.py::114,0.912430
pandas/_config/config.py::115,0.912430
pandas/_config/config.py::119,0.912430
pandas/_config/config.py::121,0.912430
pandas/_config/config.py::125,0.912430
pandas/_config/config.py::126,0.912430
pandas/_config/config.py::128,0.912430
pandas/_config/config.py::129,0.912430
pandas/_config/config.py::130,0.912430
pandas/_config/config.py::133,0.912430
pandas/_config/config.py::134,0.912430
pandas/_config/config.py::136,0.912430
pandas/_config/config.py::233,0.912430
pandas/_config/config.py::546,0.912430
pandas/_config/config.py::550,0.912430
pandas/_config/config.py::551,0.912430
pandas/_config/config.py::554,0.912430
pandas/_config/config.py::558,0.912430
pandas/_config/config.py::559,0.912430
pandas/_config/config.py::560,0.912430
pandas/_config/config.py::561,0.912430
pandas/_config/config.py::562,0.912430
pandas/_config/config.py::579,0.912430
pandas/_config/config.py::580,0.912430
pandas/_config/config.py::581,0.912430
pandas/_config/config.py::582,0.912430
pandas/_config/config.py::595,0.912430
pandas/_config/config.py::603,0.912430
pandas/_config/config.py::604,0.912430
pandas/_config/config.py::607,0.912430
pandas/_config/config.py::618,0.912430
pandas/_config/config.py::619,0.912430
pandas/_config/config.py::634,0.912430
pandas/_config/config.py::805,0.912430
pandas/_config/config.py::87,0.912430
pandas/_config/config.py::88,0.912430
pandas/_config/config.py::92,0.912430
pandas/_config/config.py::94,0.912430
pandas/_config/config.py::96,0.912430
pandas/_config/config.py::97,0.912430
pandas/_config/config.py::99,0.912430
pandas/conftest.py::135,0.912430
pandas/conftest.py::143,0.912430
pandas/conftest.py::144,0.912430
pandas/conftest.py::63,0.912430
pandas/conftest.py::66,0.912430
pandas/conftest.py::69,0.912430
pandas/conftest.py::72,0.912430
pandas/conftest.py::75,0.912430
pandas/core/construction.py::380,0.912430
pandas/core/construction.py::383,0.912430
pandas/core/construction.py::386,0.912430
pandas/core/construction.py::401,0.912430
pandas/core/construction.py::411,0.912430
pandas/core/construction.py::414,0.912430
pandas/core/construction.py::462,0.912430
pandas/core/construction.py::481,0.912430
pandas/core/construction.py::482,0.912430
pandas/core/construction.py::485,0.912430
pandas/core/construction.py::496,0.912430
pandas/core/construction.py::499,0.912430
pandas/core/construction.py::508,0.912430
pandas/core/construction.py::513,0.912430
pandas/core/construction.py::589,0.912430
pandas/core/construction.py::590,0.912430
pandas/core/construction.py::591,0.912430
pandas/core/construction.py::592,0.912430
pandas/core/dtypes/base.py::280,0.912430
pandas/core/dtypes/base.py::282,0.912430
pandas/core/dtypes/base.py::287,0.912430
pandas/core/dtypes/common.py::1060,0.912430
pandas/core/dtypes/common.py::1214,0.912430
pandas/core/dtypes/common.py::1217,0.912430
pandas/core/dtypes/common.py::1218,0.912430
pandas/core/dtypes/common.py::1219,0.912430
pandas/core/dtypes/common.py::1327,0.912430
pandas/core/dtypes/common.py::1370,0.912430
pandas/core/dtypes/common.py::1372,0.912430
pandas/core/dtypes/common.py::1373,0.912430
pandas/core/dtypes/common.py::1377,0.912430
pandas/core/dtypes/common.py::1381,0.912430
pandas/core/dtypes/common.py::1388,0.912430
pandas/core/dtypes/common.py::1392,0.912430
pandas/core/dtypes/common.py::1505,0.912430
pandas/core/dtypes/common.py::1506,0.912430
pandas/core/dtypes/common.py::1584,0.912430
pandas/core/dtypes/common.py::1588,0.912430
pandas/core/dtypes/common.py::1589,0.912430
pandas/core/dtypes/common.py::1614,0.912430
pandas/core/dtypes/common.py::1615,0.912430
pandas/core/dtypes/common.py::1618,0.912430
pandas/core/dtypes/common.py::1619,0.912430
pandas/core/dtypes/common.py::1750,0.912430
pandas/core/dtypes/common.py::1752,0.912430
pandas/core/dtypes/common.py::1753,0.912430
pandas/core/dtypes/common.py::180,0.912430
pandas/core/dtypes/common.py::188,0.912430
pandas/core/dtypes/common.py::189,0.912430
pandas/core/dtypes/common.py::221,0.912430
pandas/core/dtypes/common.py::266,0.912430
pandas/core/dtypes/common.py::268,0.912430
pandas/core/dtypes/common.py::269,0.912430
pandas/core/dtypes/common.py::375,0.912430
pandas/core/dtypes/common.py::377,0.912430
pandas/core/dtypes/common.py::378,0.912430
pandas/core/dtypes/common.py::413,0.912430
pandas/core/dtypes/common.py::417,0.912430
pandas/core/dtypes/common.py::419,0.912430
pandas/core/dtypes/common.py::449,0.912430
pandas/core/dtypes/common.py::451,0.912430
pandas/core/dtypes/common.py::483,0.912430
pandas/core/dtypes/common.py::487,0.912430
pandas/core/dtypes/common.py::489,0.912430
pandas/core/dtypes/common.py::521,0.912430
pandas/core/dtypes/common.py::525,0.912430
pandas/core/dtypes/common.py::527,0.912430
pandas/core/dtypes/common.py::557,0.912430
pandas/core/dtypes/common.py::561,0.912430
pandas/core/dtypes/common.py::563,0.912430
pandas/core/dtypes/common.py::747,0.912430
pandas/core/dtypes/dtypes.py::1001,0.912430
pandas/core/dtypes/dtypes.py::111,0.912430
pandas/core/dtypes/dtypes.py::112,0.912430
pandas/core/dtypes/dtypes.py::113,0.912430
pandas/core/dtypes/dtypes.py::114,0.912430
pandas/core/dtypes/dtypes.py::115,0.912430
pandas/core/dtypes/dtypes.py::118,0.912430
pandas/core/dtypes/dtypes.py::1200,0.912430
pandas/core/dtypes/dtypes.py::1211,0.912430
pandas/core/dtypes/dtypes.py::988,0.912430
pandas/core/dtypes/generic.py::12,0.912430
pandas/core/dtypes/inference.py::352,0.912430
pandas/core/dtypes/inference.py::353,0.912430
pandas/core/dtypes/inference.py::357,0.912430
pandas/core/generic.py::209,0.912430
pandas/core/generic.py::210,0.912430
pandas/core/generic.py::211,0.912430
pandas/core/generic.py::212,0.912430
pandas/core/generic.py::213,0.912430
pandas/core/generic.py::216,0.912430
pandas/core/generic.py::5219,0.912430
pandas/core/generic.py::5223,0.912430
pandas/core/generic.py::5238,0.912430
pandas/core/generic.py::5239,0.912430
pandas/core/generic.py::5241,0.912430
pandas/core/generic.py::5242,0.912430
pandas/core/generic.py::5246,0.912430
pandas/core/generic.py::5248,0.912430
pandas/core/generic.py::5249,0.912430
pandas/core/indexes/base.py::1126,0.912430
pandas/core/indexes/base.py::533,0.912430
pandas/core/indexes/base.py::534,0.912430
pandas/core/indexes/base.py::5529,0.912430
pandas/core/indexes/base.py::5530,0.912430
pandas/core/indexes/base.py::5532,0.912430
pandas/core/indexes/base.py::556,0.912430
pandas/core/indexes/base.py::5599,0.912430
pandas/core/indexes/base.py::5605,0.912430
pandas/core/indexes/base.py::5608,0.912430
pandas/core/internals/blocks.py::113,0.912430
pandas/core/internals/blocks.py::114,0.912430
pandas/core/internals/blocks.py::115,0.912430
pandas/core/internals/blocks.py::117,0.912430
pandas/core/internals/blocks.py::144,0.912430
pandas/core/internals/blocks.py::147,0.912430
pandas/core/internals/blocks.py::152,0.912430
pandas/core/internals/blocks.py::227,0.912430
pandas/core/internals/blocks.py::231,0.912430
pandas/core/internals/blocks.py::232,0.912430
pandas/core/internals/blocks.py::234,0.912430
pandas/core/internals/blocks.py::2668,0.912430
pandas/core/internals/blocks.py::2669,0.912430
pandas/core/internals/blocks.py::2671,0.912430
pandas/core/internals/blocks.py::2674,0.912430
pandas/core/internals/blocks.py::2676,0.912430
pandas/core/internals/blocks.py::2679,0.912430
pandas/core/internals/blocks.py::2681,0.912430
pandas/core/internals/blocks.py::2683,0.912430
pandas/core/internals/blocks.py::2685,0.912430
pandas/core/internals/blocks.py::2698,0.912430
pandas/core/internals/blocks.py::2704,0.912430
pandas/core/internals/blocks.py::2710,0.912430
pandas/core/internals/blocks.py::2713,0.912430
pandas/core/internals/blocks.py::2714,0.912430
pandas/core/internals/blocks.py::2715,0.912430
pandas/core/internals/blocks.py::2722,0.912430
pandas/core/internals/managers.py::1499,0.912430
pandas/core/internals/managers.py::1500,0.912430
pandas/core/internals/managers.py::1502,0.912430
pandas/core/internals/managers.py::1510,0.912430
pandas/core/internals/managers.py::1511,0.912430
pandas/core/internals/managers.py::1529,0.912430
pandas/core/internals/managers.py::1530,0.912430
pandas/core/series.py::202,0.912430
pandas/core/series.py::213,0.912430
pandas/core/series.py::225,0.912430
pandas/core/series.py::227,0.912430
pandas/core/series.py::239,0.912430
pandas/core/series.py::240,0.912430
pandas/core/series.py::242,0.912430
pandas/core/series.py::244,0.912430
pandas/core/series.py::247,0.912430
pandas/core/series.py::251,0.912430
pandas/core/series.py::261,0.912430
pandas/core/series.py::299,0.912430
pandas/core/series.py::303,0.912430
pandas/core/series.py::317,0.912430
pandas/core/series.py::323,0.912430
pandas/core/series.py::325,0.912430
pandas/core/series.py::327,0.912430
pandas/core/series.py::328,0.912430
pandas/core/series.py::329,0.912430
pandas/core/series.py::401,0.912430
pandas/core/series.py::404,0.912430
pandas/core/series.py::405,0.912430
pandas/core/series.py::417,0.912430
pandas/core/series.py::418,0.912430
pandas/core/series.py::486,0.912430
pandas/core/series.py::490,0.912430
pandas/core/series.py::492,0.912430
pandas/core/indexes/base.py::1144,0.904027
pandas/core/indexes/base.py::1146,0.904027
pandas/core/indexes/base.py::1148,0.904027
pandas/core/indexes/base.py::1149,0.904027
pandas/core/indexes/frozen.py::67,0.904027
pandas/core/indexes/frozen.py::69,0.904027
pandas/core/base.py::1047,0.897900
pandas/core/indexes/base.py::461,0.897900
pandas/core/indexes/base.py::463,0.897900
pandas/core/indexes/base.py::464,0.897900
pandas/core/indexes/base.py::469,0.897900
pandas/core/indexes/base.py::470,0.897900
pandas/core/indexes/base.py::471,0.897900
pandas/core/indexes/base.py::473,0.897900
pandas/util/_decorators.py::355,0.897900
pandas/core/indexes/base.py::504,0.895181
pandas/io/formats/printing.py::355,0.895181
pandas/io/formats/printing.py::358,0.895181
pandas/io/formats/printing.py::359,0.895181
pandas/io/formats/printing.py::371,0.895181
pandas/io/formats/printing.py::374,0.895181
pandas/io/formats/printing.py::380,0.895181
pandas/io/formats/printing.py::385,0.895181
pandas/io/formats/printing.py::386,0.895181
pandas/io/formats/printing.py::389,0.895181
pandas/io/formats/printing.py::406,0.895181
pandas/io/formats/printing.py::420,0.895181
pandas/io/formats/printing.py::421,0.895181
pandas/io/formats/printing.py::423,0.895181
pandas/io/formats/printing.py::427,0.895181
pandas/io/formats/printing.py::432,0.895181
pandas/io/formats/printing.py::433,0.895181
pandas/io/formats/printing.py::434,0.895181
pandas/io/formats/printing.py::437,0.895181
pandas/io/formats/printing.py::438,0.895181
pandas/io/formats/printing.py::442,0.895181
pandas/io/formats/printing.py::443,0.895181
pandas/io/formats/printing.py::445,0.895181
pandas/io/formats/printing.py::451,0.895181
pandas/io/formats/printing.py::520,0.895181
pandas/io/formats/printing.py::521,0.895181
pandas/io/formats/printing.py::524,0.895181
pandas/io/formats/printing.py::528,0.895181
pandas/io/formats/printing.py::531,0.895181
pandas/io/formats/printing.py::532,0.895181
pandas/io/formats/printing.py::534,0.895181
pandas/core/indexes/base.py::864,0.859820
pandas/core/indexes/base.py::899,0.859820
pandas/core/indexes/base.py::901,0.859820
pandas/core/indexes/base.py::902,0.859820
pandas/core/indexes/base.py::911,0.859820
pandas/core/indexes/base.py::913,0.859820
pandas/core/indexes/base.py::915,0.859820
pandas/core/indexes/base.py::921,0.859820
pandas/core/indexes/base.py::933,0.859820
pandas/io/formats/format.py::332,0.859820
pandas/io/formats/format.py::333,0.859820
pandas/core/indexes/base.py::1178,0.833764
pandas/core/indexes/base.py::1180,0.833764
pandas/core/indexes/base.py::1185,0.833764
pandas/core/indexes/base.py::1186,0.833764
pandas/core/indexes/base.py::1188,0.833764
pandas/core/indexes/base.py::1248,0.833764
pandas/core/indexes/base.py::1251,0.833764
pandas/core/indexes/base.py::1254,0.833764
pandas/core/indexes/base.py::1257,0.833764
pandas/core/indexes/base.py::1259,0.833764
pandas/core/indexes/base.py::1262,0.833764
pandas/core/indexes/base.py::1265,0.833764
pandas/core/indexes/base.py::1266,0.833764
pandas/core/indexes/base.py::1267,0.833764
pandas/core/indexes/base.py::1268,0.833764
pandas/core/indexes/base.py::871,0.822953
pandas/core/indexes/base.py::873,0.822953
pandas/core/indexes/base.py::879,0.822953
pandas/core/indexes/base.py::880,0.822953
pandas/core/indexes/base.py::918,0.822953
pandas/io/formats/printing.py::212,0.822953
pandas/io/formats/printing.py::279,0.822953
pandas/io/formats/printing.py::280,0.822953
pandas/io/formats/printing.py::342,0.822953
pandas/io/formats/printing.py::446,0.822953
pandas/core/indexes/base.py::803,0.796462
pandas/core/indexes/base.py::806,0.796462
pandas/core/indexes/base.py::808,0.796462
pandas/core/indexes/base.py::809,0.796462
pandas/core/indexes/base.py::811,0.796462
pandas/core/indexes/base.py::813,0.796462
pandas/core/base.py::1051,0.788169
pandas/core/base.py::626,0.784368
pandas/core/common.py::169,0.784368
pandas/core/common.py::70,0.784368
pandas/core/common.py::71,0.784368
pandas/core/common.py::72,0.784368
pandas/core/common.py::73,0.784368
pandas/core/common.py::77,0.784368
pandas/core/construction.py::538,0.784368
pandas/core/construction.py::545,0.784368
pandas/core/construction.py::548,0.784368
pandas/core/construction.py::553,0.784368
pandas/core/construction.py::557,0.784368
pandas/core/construction.py::558,0.784368
pandas/core/construction.py::559,0.784368
pandas/core/construction.py::562,0.784368
pandas/core/construction.py::563,0.784368
pandas/core/construction.py::572,0.784368
pandas/core/dtypes/cast.py::1602,0.784368
pandas/core/dtypes/cast.py::1604,0.784368
pandas/core/dtypes/cast.py::1616,0.784368
pandas/core/dtypes/concat.py::119,0.784368
pandas/core/dtypes/concat.py::120,0.784368
pandas/core/dtypes/concat.py::122,0.784368
pandas/core/dtypes/concat.py::130,0.784368
pandas/core/dtypes/concat.py::131,0.784368
pandas/core/dtypes/concat.py::132,0.784368
pandas/core/dtypes/concat.py::134,0.784368
pandas/core/dtypes/concat.py::135,0.784368
pandas/core/dtypes/concat.py::137,0.784368
pandas/core/dtypes/concat.py::138,0.784368
pandas/core/dtypes/concat.py::139,0.784368
pandas/core/dtypes/concat.py::141,0.784368
pandas/core/dtypes/concat.py::152,0.784368
pandas/core/dtypes/concat.py::155,0.784368
pandas/core/dtypes/concat.py::159,0.784368
pandas/core/dtypes/concat.py::173,0.784368
pandas/core/dtypes/concat.py::37,0.784368
pandas/core/dtypes/concat.py::38,0.784368
pandas/core/dtypes/concat.py::40,0.784368
pandas/core/dtypes/concat.py::41,0.784368
pandas/core/dtypes/concat.py::43,0.784368
pandas/core/dtypes/concat.py::45,0.784368
pandas/core/dtypes/concat.py::47,0.784368
pandas/core/dtypes/concat.py::51,0.784368
pandas/core/dtypes/concat.py::53,0.784368
pandas/core/dtypes/concat.py::55,0.784368
pandas/core/dtypes/concat.py::56,0.784368
pandas/core/dtypes/concat.py::63,0.784368
pandas/core/dtypes/concat.py::64,0.784368
pandas/core/generic.py::5290,0.784368
pandas/core/generic.py::5291,0.784368
pandas/core/generic.py::5292,0.784368
pandas/core/generic.py::5294,0.784368
pandas/core/generic.py::5299,0.784368
pandas/core/generic.py::5300,0.784368
pandas/core/generic.py::5302,0.784368
pandas/core/generic.py::5318,0.784368
pandas/core/generic.py::5319,0.784368
pandas/core/generic.py::5320,0.784368
pandas/core/indexes/base.py::3066,0.784368
pandas/core/indexes/base.py::3067,0.784368
pandas/core/indexes/base.py::3068,0.784368
pandas/core/indexes/base.py::4089,0.784368
pandas/core/indexes/base.py::4091,0.784368
pandas/core/indexes/base.py::4092,0.784368
pandas/core/indexes/base.py::4096,0.784368
pandas/core/indexes/base.py::4097,0.784368
pandas/core/indexes/base.py::4100,0.784368
pandas/core/indexes/base.py::4101,0.784368
pandas/core/indexes/base.py::4103,0.784368
pandas/core/indexes/base.py::4931,0.784368
pandas/core/indexes/base.py::4933,0.784368
pandas/core/indexes/base.py::4934,0.784368
pandas/core/indexes/base.py::4935,0.784368
pandas/core/indexes/base.py::4936,0.784368
pandas/core/indexes/base.py::887,0.784368
pandas/core/indexing.py::1459,0.784368
pandas/core/indexing.py::1485,0.784368
pandas/core/indexing.py::1487,0.784368
pandas/core/indexing.py::1490,0.784368
pandas/core/indexing.py::1491,0.784368
pandas/core/indexing.py::1492,0.784368
pandas/core/indexing.py::2252,0.784368
pandas/core/indexing.py::2253,0.784368
pandas/core/indexing.py::868,0.784368
pandas/core/indexing.py::870,0.784368
pandas/core/indexing.py::871,0.784368
pandas/core/internals/blocks.py::253,0.784368
pandas/core/internals/blocks.py::282,0.784368
pandas/core/internals/managers.py::1550,0.784368
pandas/core/internals/managers.py::1553,0.784368
pandas/core/internals/managers.py::1554,0.784368
pandas/core/internals/managers.py::1555,0.784368
pandas/core/internals/managers.py::1556,0.784368
pandas/core/internals/managers.py::1560,0.784368
pandas/core/internals/managers.py::1582,0.784368
pandas/core/internals/managers.py::945,0.784368
pandas/core/internals/managers.py::946,0.784368
pandas/core/reshape/concat.py::271,0.784368
pandas/core/reshape/concat.py::272,0.784368
pandas/core/reshape/concat.py::273,0.784368
pandas/core/reshape/concat.py::274,0.784368
pandas/core/reshape/concat.py::275,0.784368
pandas/core/reshape/concat.py::276,0.784368
pandas/core/reshape/concat.py::277,0.784368
pandas/core/reshape/concat.py::278,0.784368
pandas/core/reshape/concat.py::279,0.784368
pandas/core/reshape/concat.py::280,0.784368
pandas/core/reshape/concat.py::281,0.784368
pandas/core/reshape/concat.py::284,0.784368
pandas/core/reshape/concat.py::305,0.784368
pandas/core/reshape/concat.py::311,0.784368
pandas/core/reshape/concat.py::312,0.784368
pandas/core/reshape/concat.py::320,0.784368
pandas/core/reshape/concat.py::325,0.784368
pandas/core/reshape/concat.py::327,0.784368
pandas/core/reshape/concat.py::330,0.784368
pandas/core/reshape/concat.py::331,0.784368
pandas/core/reshape/concat.py::345,0.784368
pandas/core/reshape/concat.py::349,0.784368
pandas/core/reshape/concat.py::350,0.784368
pandas/core/reshape/concat.py::351,0.784368
pandas/core/reshape/concat.py::359,0.784368
pandas/core/reshape/concat.py::360,0.784368
pandas/core/reshape/concat.py::365,0.784368
pandas/core/reshape/concat.py::366,0.784368
pandas/core/reshape/concat.py::377,0.784368
pandas/core/reshape/concat.py::380,0.784368
pandas/core/reshape/concat.py::381,0.784368
pandas/core/reshape/concat.py::383,0.784368
pandas/core/reshape/concat.py::384,0.784368
pandas/core/reshape/concat.py::386,0.784368
pandas/core/reshape/concat.py::388,0.784368
pandas/core/reshape/concat.py::391,0.784368
pandas/core/reshape/concat.py::392,0.784368
pandas/core/reshape/concat.py::397,0.784368
pandas/core/reshape/concat.py::398,0.784368
pandas/core/reshape/concat.py::401,0.784368
pandas/core/reshape/concat.py::402,0.784368
pandas/core/reshape/concat.py::409,0.784368
pandas/core/reshape/concat.py::440,0.784368
pandas/core/reshape/concat.py::441,0.784368
pandas/core/reshape/concat.py::442,0.784368
pandas/core/reshape/concat.py::443,0.784368
pandas/core/reshape/concat.py::444,0.784368
pandas/core/reshape/concat.py::445,0.784368
pandas/core/reshape/concat.py::447,0.784368
pandas/core/reshape/concat.py::448,0.784368
pandas/core/reshape/concat.py::449,0.784368
pandas/core/reshape/concat.py::451,0.784368
pandas/core/reshape/concat.py::456,0.784368
pandas/core/reshape/concat.py::459,0.784368
pandas/core/reshape/concat.py::460,0.784368
pandas/core/reshape/concat.py::461,0.784368
pandas/core/reshape/concat.py::463,0.784368
pandas/core/reshape/concat.py::465,0.784368
pandas/core/reshape/concat.py::466,0.784368
pandas/core/reshape/concat.py::467,0.784368
pandas/core/reshape/concat.py::509,0.784368
pandas/core/reshape/concat.py::512,0.784368
pandas/core/reshape/concat.py::515,0.784368
pandas/core/reshape/concat.py::517,0.784368
pandas/core/reshape/concat.py::518,0.784368
pandas/core/reshape/concat.py::535,0.784368
pandas/core/reshape/concat.py::536,0.784368
pandas/core/reshape/concat.py::537,0.784368
pandas/core/reshape/concat.py::566,0.784368
pandas/core/reshape/concat.py::570,0.784368
pandas/core/reshape/concat.py::571,0.784368
pandas/core/reshape/concat.py::577,0.784368
pandas/core/reshape/concat.py::579,0.784368
pandas/core/reshape/concat.py::582,0.784368
pandas/core/reshape/concat.py::589,0.784368
pandas/core/series.py::862,0.784368
pandas/core/series.py::967,0.784368
pandas/core/series.py::968,0.784368
pandas/io/formats/format.py::268,0.784368
pandas/io/formats/format.py::269,0.784368
pandas/io/formats/format.py::272,0.784368
pandas/io/formats/format.py::273,0.784368
pandas/io/formats/format.py::277,0.784368
pandas/io/formats/format.py::278,0.784368
pandas/io/formats/format.py::279,0.784368
pandas/io/formats/format.py::303,0.784368
pandas/io/formats/format.py::305,0.784368
pandas/io/formats/format.py::311,0.784368
pandas/io/formats/format.py::355,0.784368
pandas/io/formats/format.py::356,0.784368
pandas/io/formats/format.py::357,0.784368
pandas/io/formats/format.py::358,0.784368
pandas/io/formats/format.py::359,0.784368
pandas/io/formats/format.py::360,0.784368
pandas/io/formats/format.py::365,0.784368
pandas/io/formats/format.py::366,0.784368
pandas/io/formats/format.py::367,0.784368
pandas/io/formats/printing.py::356,0.784368
pandas/io/formats/printing.py::357,0.784368
pandas/io/formats/printing.py::390,0.784368
pandas/io/formats/printing.py::523,0.784368
pandas/io/formats/printing.py::71,0.784368
pandas/util/_validators.py::210,0.784368
pandas/util/_validators.py::215,0.784368
pandas/core/indexes/base.py::1160,0.769629
pandas/core/base.py::637,0.748139
pandas/core/common.py::329,0.748139
pandas/core/common.py::332,0.748139
pandas/core/construction.py::416,0.748139
pandas/core/construction.py::427,0.748139
pandas/core/construction.py::534,0.748139
pandas/core/construction.py::535,0.748139
pandas/core/dtypes/cast.py::1176,0.748139
pandas/core/dtypes/cast.py::1177,0.748139
pandas/core/dtypes/cast.py::1179,0.748139
pandas/core/dtypes/cast.py::1182,0.748139
pandas/core/generic.py::247,0.748139
pandas/core/generic.py::249,0.748139
pandas/core/generic.py::373,0.748139
pandas/core/generic.py::374,0.748139
pandas/core/generic.py::384,0.748139
pandas/core/generic.py::385,0.748139
pandas/core/generic.py::386,0.748139
pandas/core/generic.py::5202,0.748139
pandas/core/generic.py::5203,0.748139
pandas/core/generic.py::5206,0.748139
pandas/core/generic.py::5207,0.748139
pandas/core/generic.py::5208,0.748139
pandas/core/generic.py::5209,0.748139
pandas/core/generic.py::5240,0.748139
pandas/core/indexing.py::1458,0.748139
pandas/core/indexing.py::231,0.748139
pandas/core/indexing.py::857,0.748139
pandas/core/internals/blocks.py::250,0.748139
pandas/core/internals/blocks.py::252,0.748139
pandas/core/internals/blocks.py::254,0.748139
pandas/core/series.py::203,0.748139
pandas/core/series.py::204,0.748139
pandas/core/series.py::205,0.748139
pandas/core/series.py::208,0.748139
pandas/core/series.py::209,0.748139
pandas/core/series.py::210,0.748139
pandas/core/series.py::262,0.748139
pandas/core/series.py::307,0.748139
pandas/core/series.py::308,0.748139
pandas/core/series.py::379,0.748139
pandas/core/indexes/base.py::875,0.743802
pandas/core/dtypes/common.py::453,0.705932
pandas/core/dtypes/common.py::635,0.705932
pandas/core/dtypes/common.py::636,0.705932
pandas/core/dtypes/common.py::637,0.705932
pandas/core/dtypes/common.py::938,0.705932
pandas/core/dtypes/common.py::940,0.705932
pandas/core/indexes/base.py::287,0.705932
pandas/core/indexes/base.py::289,0.705932
pandas/core/indexes/base.py::291,0.705932
pandas/core/indexes/base.py::293,0.705932
pandas/core/indexes/base.py::298,0.705932
pandas/core/indexes/base.py::302,0.705932
pandas/core/indexes/base.py::305,0.705932
pandas/core/indexes/base.py::307,0.705932
pandas/core/indexes/base.py::311,0.705932
pandas/core/indexes/base.py::318,0.705932
pandas/core/indexes/base.py::324,0.705932
pandas/core/indexes/base.py::330,0.705932
pandas/core/indexes/base.py::336,0.705932
pandas/core/indexes/base.py::4109,0.700912
pandas/core/indexes/base.py::4111,0.700912
pandas/core/indexes/base.py::4112,0.700912
pandas/core/indexes/base.py::5578,0.700912
pandas/core/indexes/base.py::5579,0.700912
pandas/core/indexes/base.py::5581,0.700912
pandas/core/indexes/base.py::932,0.700912
pandas/core/indexes/numeric.py::107,0.700912
pandas/core/indexes/numeric.py::111,0.700912
pandas/core/dtypes/common.py::190,0.661157
pandas/core/dtypes/common.py::526,0.661157
pandas/core/dtypes/common.py::562,0.661157
pandas/core/dtypes/common.py::638,0.661157
pandas/core/dtypes/common.py::803,0.661157
pandas/core/dtypes/common.py::942,0.661157
pandas/core/dtypes/common.py::943,0.661157
pandas/core/indexes/base.py::343,0.661157
pandas/core/indexes/base.py::356,0.661157
pandas/core/indexes/base.py::358,0.661157
pandas/core/indexes/base.py::364,0.661157
pandas/core/indexes/base.py::374,0.661157
pandas/core/dtypes/common.py::850,0.655246
pandas/core/dtypes/common.py::851,0.655246
pandas/core/dtypes/inference.py::387,0.655246
pandas/core/dtypes/inference.py::388,0.655246
pandas/core/indexes/base.py::376,0.655246
pandas/core/indexes/base.py::4040,0.655246
pandas/core/indexes/base.py::4041,0.655246
pandas/core/indexes/base.py::4043,0.655246
pandas/core/indexes/base.py::5580,0.655246
pandas/io/formats/printing.py::395,0.655246
pandas/io/formats/printing.py::396,0.655246
pandas/io/formats/printing.py::397,0.655246
pandas/core/dtypes/common.py::1590,0.613298
pandas/core/dtypes/common.py::488,0.613298
pandas/core/indexes/base.py::378,0.606186
pandas/core/indexes/base.py::4047,0.606186
pandas/core/indexes/base.py::4050,0.606186
pandas/core/indexes/base.py::919,0.606186
pandas/core/indexes/base.py::922,0.606186
pandas/core/indexes/base.py::925,0.606186
pandas/core/indexes/base.py::926,0.606186
pandas/core/indexes/numeric.py::155,0.606186
pandas/core/indexes/numeric.py::72,0.606186
pandas/io/formats/format.py::1128,0.606186
pandas/io/formats/format.py::1415,0.606186
pandas/io/formats/format.py::1416,0.606186
pandas/io/formats/format.py::1417,0.606186
pandas/io/formats/format.py::281,0.606186
pandas/io/formats/printing.py::232,0.606186
pandas/core/dtypes/common.py::1594,0.561640
pandas/core/dtypes/common.py::1597,0.561640
pandas/core/dtypes/common.py::1620,0.561640
pandas/core/dtypes/common.py::1626,0.561640
pandas/core/dtypes/common.py::1633,0.561640
pandas/core/dtypes/common.py::1634,0.561640
pandas/core/dtypes/common.py::1641,0.561640
pandas/core/indexes/numeric.py::51,0.561640
pandas/core/indexes/numeric.py::52,0.561640
pandas/core/indexes/numeric.py::55,0.561640
pandas/core/indexes/numeric.py::65,0.561640
pandas/core/indexes/numeric.py::68,0.561640
pandas/core/indexes/numeric.py::74,0.561640
pandas/core/indexes/numeric.py::78,0.561640
pandas/core/indexes/numeric.py::79,0.561640
pandas/core/indexes/numeric.py::83,0.561640
pandas/core/indexes/numeric.py::84,0.561640
pandas/core/dtypes/concat.py::57,0.552836
pandas/core/dtypes/concat.py::59,0.552836
pandas/io/formats/printing.py::362,0.552836
pandas/io/formats/printing.py::363,0.552836
pandas/io/formats/printing.py::365,0.552836
pandas/io/formats/printing.py::400,0.552836
pandas/io/formats/printing.py::401,0.552836
pandas/io/formats/printing.py::402,0.552836
pandas/core/dtypes/common.py::1595,0.505155
pandas/core/indexes/base.py::562,0.505155
pandas/core/indexes/base.py::1130,0.495868
pandas/core/indexes/base.py::1136,0.495868
pandas/core/indexes/base.py::1137,0.495868
pandas/core/algorithms.py::1460,0.493827
pandas/core/algorithms.py::1461,0.493827
pandas/core/algorithms.py::1462,0.493827
pandas/core/algorithms.py::1463,0.493827
pandas/core/algorithms.py::1469,0.493827
pandas/core/algorithms.py::1470,0.493827
pandas/core/algorithms.py::1620,0.493827
pandas/core/algorithms.py::1622,0.493827
pandas/core/algorithms.py::1625,0.493827
pandas/core/algorithms.py::1626,0.493827
pandas/core/algorithms.py::1628,0.493827
pandas/core/algorithms.py::1632,0.493827
pandas/core/algorithms.py::1633,0.493827
pandas/core/algorithms.py::1639,0.493827
pandas/core/algorithms.py::1640,0.493827
pandas/core/algorithms.py::1654,0.493827
pandas/core/algorithms.py::1655,0.493827
pandas/core/algorithms.py::1659,0.493827
pandas/core/algorithms.py::1667,0.493827
pandas/core/algorithms.py::1668,0.493827
pandas/core/algorithms.py::1669,0.493827
pandas/core/algorithms.py::1670,0.493827
pandas/core/algorithms.py::1671,0.493827
pandas/core/algorithms.py::1676,0.493827
pandas/core/algorithms.py::1680,0.493827
pandas/core/algorithms.py::1681,0.493827
pandas/core/algorithms.py::1683,0.493827
pandas/core/algorithms.py::1685,0.493827
pandas/core/algorithms.py::1687,0.493827
pandas/core/dtypes/cast.py::449,0.493827
pandas/core/dtypes/cast.py::455,0.493827
pandas/core/dtypes/cast.py::473,0.493827
pandas/core/dtypes/cast.py::484,0.493827
pandas/core/dtypes/cast.py::503,0.493827
pandas/core/dtypes/cast.py::514,0.493827
pandas/core/dtypes/cast.py::517,0.493827
pandas/core/dtypes/cast.py::518,0.493827
pandas/core/dtypes/cast.py::521,0.493827
pandas/core/dtypes/cast.py::524,0.493827
pandas/core/dtypes/cast.py::530,0.493827
pandas/core/dtypes/cast.py::580,0.493827
pandas/core/dtypes/cast.py::582,0.493827
pandas/core/dtypes/cast.py::585,0.493827
pandas/core/dtypes/cast.py::586,0.493827
pandas/core/dtypes/cast.py::606,0.493827
pandas/core/dtypes/cast.py::608,0.493827
pandas/core/dtypes/cast.py::609,0.493827
pandas/core/dtypes/cast.py::844,0.493827
pandas/core/dtypes/cast.py::845,0.493827
pandas/core/dtypes/cast.py::846,0.493827
pandas/core/dtypes/common.py::1591,0.493827
pandas/core/indexers.py::442,0.493827
pandas/core/indexers.py::448,0.493827
pandas/core/indexers.py::452,0.493827
pandas/core/indexes/base.py::1951,0.493827
pandas/core/indexes/base.py::292,0.493827
pandas/core/indexes/base.py::370,0.493827
pandas/core/indexes/base.py::371,0.493827
pandas/core/indexes/base.py::5631,0.493827
pandas/core/indexes/base.py::5662,0.493827
pandas/core/indexes/extension.py::213,0.493827
pandas/core/indexes/extension.py::214,0.493827
pandas/core/indexes/extension.py::81,0.493827
pandas/io/formats/printing.py::109,0.493827
pandas/io/formats/printing.py::112,0.493827
pandas/io/formats/printing.py::114,0.493827
pandas/io/formats/printing.py::117,0.493827
pandas/io/formats/printing.py::119,0.493827
pandas/io/formats/printing.py::122,0.493827
pandas/io/formats/printing.py::123,0.493827
pandas/io/formats/printing.py::125,0.493827
pandas/io/formats/printing.py::127,0.493827
pandas/io/formats/printing.py::129,0.493827
pandas/io/formats/printing.py::132,0.493827
pandas/core/base.py::1049,0.442269
pandas/core/dtypes/common.py::1627,0.442269
pandas/core/dtypes/common.py::559,0.442269
pandas/core/indexes/extension.py::211,0.442269
pandas/core/indexes/extension.py::212,0.442269
pandas/core/indexes/extension.py::54,0.442269
pandas/core/indexes/extension.py::55,0.442269
pandas/core/indexes/extension.py::59,0.442269
pandas/core/indexes/extension.py::76,0.442269
pandas/core/indexes/extension.py::77,0.442269
pandas/core/arrays/datetimelike.py::617,0.426852
pandas/core/arrays/datetimelike.py::619,0.426852
pandas/core/base.py::71,0.426852
pandas/core/base.py::73,0.426852
pandas/core/base.py::74,0.426852
pandas/core/common.py::209,0.426852
pandas/core/common.py::211,0.426852
pandas/core/common.py::214,0.426852
pandas/core/common.py::217,0.426852
pandas/core/common.py::219,0.426852
pandas/core/common.py::222,0.426852
pandas/core/common.py::227,0.426852
pandas/core/dtypes/base.py::326,0.426852
pandas/core/dtypes/common.py::1389,0.426852
pandas/core/dtypes/common.py::1390,0.426852
pandas/core/dtypes/common.py::415,0.426852
pandas/core/dtypes/concat.py::62,0.426852
pandas/core/indexes/base.py::1958,0.426852
pandas/core/indexes/base.py::379,0.426852
pandas/core/indexes/base.py::380,0.426852
pandas/core/indexes/base.py::383,0.426852
pandas/core/indexes/base.py::387,0.426852
pandas/core/indexes/base.py::390,0.426852
pandas/core/indexes/base.py::397,0.426852
pandas/core/indexes/base.py::399,0.426852
pandas/core/indexes/base.py::402,0.426852
pandas/core/indexes/base.py::5653,0.426852
pandas/core/indexes/base.py::5660,0.426852
pandas/core/indexes/base.py::687,0.426852
pandas/core/indexes/base.py::689,0.426852
pandas/core/indexes/base.py::690,0.426852
pandas/core/indexes/base.py::691,0.426852
pandas/core/indexes/base.py::692,0.426852
pandas/core/indexes/base.py::693,0.426852
pandas/core/indexes/base.py::694,0.426852
pandas/core/indexes/base.py::695,0.426852
pandas/core/indexes/base.py::696,0.426852
pandas/core/indexes/base.py::705,0.426852
pandas/core/indexes/base.py::713,0.426852
pandas/core/indexes/base.py::716,0.426852
pandas/core/indexes/base.py::726,0.426852
pandas/core/indexes/base.py::727,0.426852
pandas/core/indexes/datetimelike.py::344,0.426852
pandas/core/indexes/multi.py::1026,0.426852
pandas/core/indexes/multi.py::1028,0.426852
pandas/core/indexes/multi.py::1031,0.426852
pandas/core/indexes/multi.py::1035,0.426852
pandas/core/indexes/multi.py::1036,0.426852
pandas/core/indexes/multi.py::1038,0.426852
pandas/core/indexes/multi.py::1039,0.426852
pandas/core/indexes/multi.py::1040,0.426852
pandas/core/indexes/multi.py::1041,0.426852
pandas/core/indexes/multi.py::1042,0.426852
pandas/core/indexes/multi.py::1043,0.426852
pandas/core/indexes/multi.py::1044,0.426852
pandas/core/indexes/multi.py::1045,0.426852
pandas/core/indexes/multi.py::1047,0.426852
pandas/core/indexes/multi.py::1048,0.426852
pandas/core/indexes/multi.py::1049,0.426852
pandas/core/indexes/multi.py::1099,0.426852
pandas/core/indexes/multi.py::1100,0.426852
pandas/core/indexes/multi.py::1108,0.426852
pandas/core/indexes/multi.py::1109,0.426852
pandas/core/indexes/multi.py::1110,0.426852
pandas/core/indexes/multi.py::1111,0.426852
pandas/core/indexes/multi.py::1112,0.426852
pandas/core/indexes/multi.py::1113,0.426852
pandas/core/indexes/multi.py::1114,0.426852
pandas/core/indexes/multi.py::1138,0.426852
pandas/core/indexes/multi.py::1189,0.426852
pandas/core/indexes/multi.py::1190,0.426852
pandas/core/indexes/multi.py::1196,0.426852
pandas/core/indexes/multi.py::1197,0.426852
pandas/core/indexes/multi.py::1204,0.426852
pandas/core/indexes/multi.py::1247,0.426852
pandas/core/indexes/multi.py::1250,0.426852
pandas/core/indexes/multi.py::1251,0.426852
pandas/core/indexes/multi.py::1252,0.426852
pandas/core/indexes/multi.py::1254,0.426852
pandas/core/indexes/multi.py::1256,0.426852
pandas/core/indexes/multi.py::1259,0.426852
pandas/core/indexes/multi.py::1260,0.426852
pandas/core/indexes/multi.py::1271,0.426852
pandas/core/indexes/multi.py::1273,0.426852
pandas/core/indexes/multi.py::1274,0.426852
pandas/core/indexes/multi.py::1275,0.426852
pandas/core/indexes/multi.py::1277,0.426852
pandas/core/indexes/multi.py::1278,0.426852
pandas/core/indexes/multi.py::1280,0.426852
pandas/core/indexes/multi.py::1284,0.426852
pandas/core/indexes/multi.py::1285,0.426852
pandas/core/indexes/multi.py::1287,0.426852
pandas/core/indexes/multi.py::1288,0.426852
pandas/core/indexes/multi.py::1290,0.426852
pandas/core/indexes/multi.py::1291,0.426852
pandas/core/indexes/multi.py::1295,0.426852
pandas/core/indexes/multi.py::1298,0.426852
pandas/core/indexes/multi.py::1299,0.426852
pandas/core/indexes/multi.py::1302,0.426852
pandas/core/indexes/multi.py::1303,0.426852
pandas/core/indexes/multi.py::1305,0.426852
pandas/core/indexes/multi.py::1306,0.426852
pandas/core/indexes/multi.py::1314,0.426852
pandas/core/indexes/multi.py::1343,0.426852
pandas/core/indexes/multi.py::1345,0.426852
pandas/core/indexes/multi.py::1347,0.426852
pandas/core/indexes/multi.py::1348,0.426852
pandas/core/indexes/multi.py::1350,0.426852
pandas/core/indexes/multi.py::1355,0.426852
pandas/core/indexes/multi.py::1356,0.426852
pandas/core/indexes/multi.py::1361,0.426852
pandas/core/indexes/multi.py::1362,0.426852
pandas/core/indexes/multi.py::1369,0.426852
pandas/core/indexes/multi.py::1372,0.426852
pandas/core/indexes/multi.py::1534,0.426852
pandas/core/indexes/multi.py::1535,0.426852
pandas/core/indexes/multi.py::1536,0.426852
pandas/core/indexes/multi.py::1537,0.426852
pandas/core/indexes/multi.py::1539,0.426852
pandas/core/indexes/multi.py::1540,0.426852
pandas/core/indexes/multi.py::1673,0.426852
pandas/core/indexes/multi.py::269,0.426852
pandas/core/indexes/multi.py::271,0.426852
pandas/core/indexes/multi.py::273,0.426852
pandas/core/indexes/multi.py::275,0.426852
pandas/core/indexes/multi.py::278,0.426852
pandas/core/indexes/multi.py::279,0.426852
pandas/core/indexes/multi.py::282,0.426852
pandas/core/indexes/multi.py::283,0.426852
pandas/core/indexes/multi.py::285,0.426852
pandas/core/indexes/multi.py::286,0.426852
pandas/core/indexes/multi.py::288,0.426852
pandas/core/indexes/multi.py::290,0.426852
pandas/core/indexes/multi.py::293,0.426852
pandas/core/indexes/multi.py::295,0.426852
pandas/core/indexes/multi.py::299,0.426852
pandas/core/indexes/multi.py::302,0.426852
pandas/core/indexes/multi.py::3608,0.426852
pandas/core/indexes/multi.py::3609,0.426852
pandas/core/indexes/multi.py::3611,0.426852
pandas/core/indexes/multi.py::3612,0.426852
pandas/core/indexes/multi.py::3614,0.426852
pandas/core/indexes/multi.py::3615,0.426852
pandas/core/indexes/multi.py::3617,0.426852
pandas/core/indexes/multi.py::3618,0.426852
pandas/core/indexes/multi.py::3623,0.426852
pandas/core/indexes/multi.py::3626,0.426852
pandas/core/indexes/multi.py::3627,0.426852
pandas/core/indexes/multi.py::3628,0.426852
pandas/core/indexes/multi.py::3630,0.426852
pandas/core/indexes/multi.py::3632,0.426852
pandas/core/indexes/multi.py::3636,0.426852
pandas/core/indexes/multi.py::3686,0.426852
pandas/core/indexes/multi.py::3687,0.426852
pandas/core/indexes/multi.py::3689,0.426852
pandas/core/indexes/multi.py::3690,0.426852
pandas/core/indexes/multi.py::643,0.426852
pandas/core/indexes/multi.py::647,0.426852
pandas/core/indexes/multi.py::648,0.426852
pandas/core/indexes/multi.py::650,0.426852
pandas/core/indexes/multi.py::652,0.426852
pandas/core/indexes/multi.py::653,0.426852
pandas/core/indexes/multi.py::654,0.426852
pandas/core/indexes/multi.py::656,0.426852
pandas/core/indexes/multi.py::657,0.426852
pandas/core/indexes/multi.py::660,0.426852
pandas/core/indexes/multi.py::661,0.426852
pandas/core/indexes/multi.py::663,0.426852
pandas/core/indexes/multi.py::664,0.426852
pandas/core/indexes/multi.py::691,0.426852
pandas/core/indexes/multi.py::702,0.426852
pandas/core/indexes/multi.py::704,0.426852
pandas/core/indexes/multi.py::706,0.426852
pandas/core/indexes/multi.py::707,0.426852
pandas/core/indexes/multi.py::715,0.426852
pandas/core/indexes/multi.py::723,0.426852
pandas/core/indexes/multi.py::724,0.426852
pandas/core/indexes/multi.py::725,0.426852
pandas/core/indexes/multi.py::734,0.426852
pandas/core/indexes/multi.py::738,0.426852
pandas/core/indexes/multi.py::739,0.426852
pandas/core/indexes/multi.py::740,0.426852
pandas/core/indexes/multi.py::743,0.426852
pandas/core/indexes/multi.py::744,0.426852
pandas/core/indexes/multi.py::858,0.426852
pandas/core/indexes/multi.py::872,0.426852
pandas/core/indexes/multi.py::877,0.426852
pandas/core/indexes/multi.py::883,0.426852
pandas/core/indexes/multi.py::884,0.426852
pandas/core/indexes/multi.py::885,0.426852
pandas/core/indexes/multi.py::886,0.426852
pandas/core/indexes/multi.py::896,0.426852
pandas/core/indexes/multi.py::899,0.426852
pandas/core/indexes/multi.py::901,0.426852
pandas/core/indexes/multi.py::902,0.426852
pandas/core/indexes/numeric.py::242,0.426852
pandas/io/formats/format.py::329,0.426852
pandas/io/formats/format.py::330,0.426852
pandas/io/formats/printing.py::224,0.426852
pandas/io/formats/printing.py::225,0.426852
pandas/io/formats/printing.py::226,0.426852
pandas/io/formats/printing.py::227,0.426852
pandas/io/formats/printing.py::228,0.426852
pandas/io/formats/printing.py::229,0.426852
pandas/io/formats/printing.py::340,0.426852
pandas/io/formats/printing.py::394,0.426852
pandas/io/formats/printing.py::411,0.426852
pandas/io/formats/printing.py::412,0.426852
pandas/io/formats/printing.py::413,0.426852
pandas/io/formats/printing.py::414,0.426852
pandas/io/formats/printing.py::415,0.426852
pandas/io/formats/printing.py::416,0.426852
pandas/io/formats/printing.py::417,0.426852
pandas/io/formats/printing.py::418,0.426852
pandas/io/formats/printing.py::478,0.426852
pandas/io/formats/printing.py::482,0.426852
pandas/io/formats/printing.py::483,0.426852
pandas/io/formats/printing.py::484,0.426852
pandas/io/formats/printing.py::485,0.426852
pandas/io/formats/printing.py::489,0.426852
pandas/io/formats/printing.py::492,0.426852
pandas/io/formats/printing.py::498,0.426852
pandas/core/arrays/_mixins.py::72,0.374426
pandas/core/arrays/_mixins.py::75,0.374426
pandas/core/arrays/_mixins.py::79,0.370370
pandas/core/common.py::123,0.370370
pandas/core/dtypes/common.py::1585,0.370370
pandas/core/dtypes/common.py::1630,0.370370
pandas/core/dtypes/common.py::639,0.370370
pandas/core/dtypes/common.py::643,0.370370
pandas/core/dtypes/inference.py::214,0.370370
pandas/core/dtypes/missing.py::219,0.370370
pandas/core/dtypes/missing.py::223,0.370370
pandas/core/dtypes/missing.py::226,0.370370
pandas/core/indexes/base.py::5807,0.370370
pandas/core/indexes/base.py::5813,0.370370
pandas/tseries/frequencies.py::115,0.370370
pandas/tseries/offsets.py::92,0.370370
pandas/core/algorithms.py::1642,0.347412
pandas/core/algorithms.py::1643,0.347412
pandas/core/algorithms.py::1644,0.347412
pandas/core/algorithms.py::1645,0.347412
pandas/core/algorithms.py::1652,0.347412
pandas/core/arrays/datetimelike.py::476,0.347412
pandas/core/arrays/datetimelike.py::533,0.347412
pandas/core/arrays/datetimelike.py::541,0.347412
pandas/core/arrays/datetimelike.py::546,0.347412
pandas/core/arrays/datetimelike.py::548,0.347412
pandas/core/arrays/datetimelike.py::549,0.347412
pandas/core/arrays/datetimelike.py::550,0.347412
pandas/core/arrays/datetimelike.py::552,0.347412
pandas/core/arrays/datetimelike.py::558,0.347412
pandas/core/arrays/datetimelike.py::559,0.347412
pandas/core/arrays/datetimelike.py::572,0.347412
pandas/core/arrays/datetimelike.py::620,0.347412
pandas/core/arrays/datetimelike.py::661,0.347412
pandas/core/arrays/datetimelike.py::662,0.347412
pandas/core/arrays/datetimelike.py::665,0.347412
pandas/core/arrays/datetimelike.py::666,0.347412
pandas/core/arrays/datetimelike.py::668,0.347412
pandas/core/arrays/datetimelike.py::669,0.347412
pandas/core/arrays/datetimelike.py::671,0.347412
pandas/core/arrays/datetimelike.py::672,0.347412
pandas/core/arrays/datetimelike.py::684,0.347412
pandas/core/dtypes/cast.py::522,0.347412
pandas/core/dtypes/cast.py::610,0.347412
pandas/core/dtypes/cast.py::612,0.347412
pandas/core/dtypes/concat.py::142,0.347412
pandas/core/dtypes/concat.py::146,0.347412
pandas/core/dtypes/concat.py::147,0.347412
pandas/core/dtypes/concat.py::148,0.347412
pandas/core/dtypes/concat.py::60,0.347412
pandas/core/indexes/base.py::111,0.347412
pandas/core/indexes/base.py::115,0.347412
pandas/core/indexes/base.py::118,0.347412
pandas/core/indexes/base.py::123,0.347412
pandas/core/indexes/base.py::129,0.347412
pandas/core/indexes/base.py::130,0.347412
pandas/core/indexes/base.py::132,0.347412
pandas/core/indexes/base.py::133,0.347412
pandas/core/indexes/base.py::391,0.347412
pandas/core/indexes/base.py::392,0.347412
pandas/core/indexes/base.py::393,0.347412
pandas/core/indexes/base.py::394,0.347412
pandas/core/indexes/base.py::4044,0.347412
pandas/core/indexes/base.py::4045,0.347412
pandas/core/indexes/base.py::5680,0.347412
pandas/core/indexes/base.py::5687,0.347412
pandas/core/indexes/base.py::5689,0.347412
pandas/core/indexes/base.py::5698,0.347412
pandas/core/indexes/base.py::5702,0.347412
pandas/core/indexes/base.py::5709,0.347412
pandas/core/indexes/base.py::5712,0.347412
pandas/core/indexes/base.py::5733,0.347412
pandas/core/indexes/base.py::699,0.347412
pandas/core/indexes/base.py::704,0.347412
pandas/core/indexes/base.py::874,0.347412
pandas/core/indexes/datetimelike.py::354,0.347412
pandas/core/indexes/datetimelike.py::355,0.347412
pandas/core/indexes/datetimelike.py::356,0.347412
pandas/core/indexes/datetimelike.py::357,0.347412
pandas/core/indexes/datetimelike.py::358,0.347412
pandas/core/indexes/datetimelike.py::359,0.347412
pandas/core/indexes/datetimelike.py::360,0.347412
pandas/core/indexes/datetimelike.py::361,0.347412
pandas/core/indexes/extension.py::267,0.347412
pandas/core/indexes/extension.py::271,0.347412
pandas/core/indexes/extension.py::275,0.347412
pandas/core/indexes/multi.py::1365,0.347412
pandas/core/indexes/multi.py::3619,0.347412
pandas/core/indexes/multi.py::3620,0.347412
pandas/core/indexes/multi.py::3621,0.347412
pandas/core/indexes/multi.py::3624,0.347412
pandas/core/indexes/range.py::138,0.347412
pandas/core/indexes/range.py::140,0.347412
pandas/core/indexes/range.py::142,0.347412
pandas/core/indexes/range.py::143,0.347412
pandas/core/indexes/range.py::144,0.347412
pandas/core/indexes/range.py::145,0.347412
pandas/core/indexes/range.py::146,0.347412
pandas/core/indexes/range.py::687,0.347412
pandas/io/formats/format.py::290,0.347412
pandas/io/formats/format.py::291,0.347412
pandas/io/formats/format.py::293,0.347412
pandas/io/formats/format.py::304,0.347412
pandas/io/formats/format.py::375,0.347412
pandas/io/formats/printing.py::448,0.347412
pandas/io/formats/printing.py::530,0.347412
pandas/core/arrays/datetimelike.py::457,0.303093
pandas/core/arrays/datetimelike.py::492,0.303093
pandas/core/arrays/datetimelike.py::1067,0.284568
pandas/core/arrays/datetimelike.py::1082,0.284568
pandas/core/arrays/datetimelike.py::1084,0.284568
pandas/core/arrays/datetimelike.py::479,0.284568
pandas/core/arrays/datetimelike.py::526,0.284568
pandas/core/common.py::124,0.284568
pandas/core/common.py::137,0.284568
pandas/core/common.py::144,0.284568
pandas/core/common.py::160,0.284568
pandas/core/common.py::162,0.284568
pandas/core/dtypes/common.py::485,0.284568
pandas/core/dtypes/common.py::523,0.284568
pandas/core/indexes/base.py::375,0.284568
pandas/tseries/frequencies.py::116,0.284568
pandas/tseries/frequencies.py::118,0.284568
pandas/tseries/frequencies.py::119,0.284568
pandas/compat/numpy/function.py::56,0.243902
pandas/core/algorithms.py::1569,0.243902
pandas/core/algorithms.py::1572,0.243902
pandas/core/algorithms.py::1574,0.243902
pandas/core/algorithms.py::1576,0.243902
pandas/core/algorithms.py::1577,0.243902
pandas/core/algorithms.py::1578,0.243902
pandas/core/algorithms.py::1582,0.243902
pandas/core/algorithms.py::1583,0.243902
pandas/core/algorithms.py::1623,0.243902
pandas/core/arrays/_mixins.py::39,0.243902
pandas/core/arrays/_mixins.py::40,0.243902
pandas/core/arrays/_mixins.py::42,0.243902
pandas/core/arrays/_mixins.py::43,0.243902
pandas/core/arrays/_mixins.py::45,0.243902
pandas/core/arrays/_mixins.py::94,0.243902
pandas/core/arrays/_mixins.py::95,0.243902
pandas/core/arrays/base.py::407,0.243902
pandas/core/arrays/categorical.py::1250,0.243902
pandas/core/arrays/categorical.py::1251,0.243902
pandas/core/arrays/categorical.py::1253,0.243902
pandas/core/arrays/categorical.py::1258,0.243902
pandas/core/arrays/categorical.py::1434,0.243902
pandas/core/arrays/categorical.py::1436,0.243902
pandas/core/arrays/categorical.py::1438,0.243902
pandas/core/arrays/categorical.py::1817,0.243902
pandas/core/arrays/categorical.py::1837,0.243902
pandas/core/arrays/categorical.py::1956,0.243902
pandas/core/arrays/categorical.py::1963,0.243902
pandas/core/arrays/categorical.py::1965,0.243902
pandas/core/arrays/categorical.py::1966,0.243902
pandas/core/arrays/categorical.py::1969,0.243902
pandas/core/arrays/categorical.py::2276,0.243902
pandas/core/arrays/categorical.py::2277,0.243902
pandas/core/arrays/categorical.py::305,0.243902
pandas/core/arrays/categorical.py::306,0.243902
pandas/core/arrays/categorical.py::312,0.243902
pandas/core/arrays/categorical.py::313,0.243902
pandas/core/arrays/categorical.py::314,0.243902
pandas/core/arrays/categorical.py::315,0.243902
pandas/core/arrays/categorical.py::411,0.243902
pandas/core/arrays/categorical.py::430,0.243902
pandas/core/arrays/categorical.py::437,0.243902
pandas/core/arrays/categorical.py::441,0.243902
pandas/core/arrays/categorical.py::604,0.243902
pandas/core/arrays/categorical.py::605,0.243902
pandas/core/arrays/categorical.py::607,0.243902
pandas/core/arrays/categorical.py::614,0.243902
pandas/core/arrays/categorical.py::620,0.243902
pandas/core/arrays/categorical.py::621,0.243902
pandas/core/arrays/categorical.py::624,0.243902
pandas/core/arrays/categorical.py::627,0.243902
pandas/core/arrays/categorical.py::645,0.243902
pandas/core/arrays/categorical.py::646,0.243902
pandas/core/arrays/categorical.py::647,0.243902
pandas/core/arrays/datetimelike.py::461,0.243902
pandas/core/arrays/datetimelike.py::560,0.243902
pandas/core/arrays/datetimelike.py::562,0.243902
pandas/core/arrays/datetimelike.py::563,0.243902
pandas/core/arrays/datetimelike.py::564,0.243902
pandas/core/arrays/datetimelike.py::567,0.243902
pandas/core/arrays/datetimelike.py::621,0.243902
pandas/core/arrays/datetimelike.py::623,0.243902
pandas/core/arrays/datetimelike.py::626,0.243902
pandas/core/arrays/datetimelike.py::628,0.243902
pandas/core/arrays/datetimelike.py::632,0.243902
pandas/core/arrays/datetimelike.py::633,0.243902
pandas/core/arrays/datetimelike.py::634,0.243902
pandas/core/arrays/datetimelike.py::673,0.243902
pandas/core/arrays/datetimelike.py::674,0.243902
pandas/core/arrays/datetimelike.py::677,0.243902
pandas/core/arrays/datetimelike.py::679,0.243902
pandas/core/arrays/datetimelike.py::680,0.243902
pandas/core/arrays/datetimelike.py::681,0.243902
pandas/core/arrays/datetimelike.py::730,0.243902
pandas/core/arrays/datetimelike.py::733,0.243902
pandas/core/arrays/datetimelike.py::734,0.243902
pandas/core/arrays/datetimelike.py::737,0.243902
pandas/core/arrays/datetimelike.py::782,0.243902
pandas/core/arrays/datetimelike.py::789,0.243902
pandas/core/arrays/datetimelike.py::791,0.243902
pandas/core/arrays/datetimelike.py::799,0.243902
pandas/core/arrays/datetimelike.py::886,0.243902
pandas/core/arrays/datetimelike.py::887,0.243902
pandas/core/arrays/datetimelike.py::892,0.243902
pandas/core/arrays/datetimes.py::1942,0.243902
pandas/core/arrays/datetimes.py::1943,0.243902
pandas/core/arrays/datetimes.py::213,0.243902
pandas/core/arrays/datetimes.py::216,0.243902
pandas/core/arrays/datetimes.py::218,0.243902
pandas/core/arrays/datetimes.py::2182,0.243902
pandas/core/arrays/datetimes.py::2183,0.243902
pandas/core/arrays/datetimes.py::2191,0.243902
pandas/core/arrays/datetimes.py::2192,0.243902
pandas/core/arrays/datetimes.py::237,0.243902
pandas/core/arrays/datetimes.py::242,0.243902
pandas/core/arrays/datetimes.py::245,0.243902
pandas/core/arrays/datetimes.py::249,0.243902
pandas/core/arrays/datetimes.py::251,0.243902
pandas/core/arrays/datetimes.py::257,0.243902
pandas/core/arrays/datetimes.py::259,0.243902
pandas/core/arrays/datetimes.py::265,0.243902
pandas/core/arrays/datetimes.py::267,0.243902
pandas/core/arrays/datetimes.py::269,0.243902
pandas/core/arrays/datetimes.py::275,0.243902
pandas/core/arrays/datetimes.py::277,0.243902
pandas/core/arrays/datetimes.py::278,0.243902
pandas/core/arrays/datetimes.py::279,0.243902
pandas/core/arrays/datetimes.py::281,0.243902
pandas/core/arrays/datetimes.py::448,0.243902
pandas/core/arrays/datetimes.py::450,0.243902
pandas/core/arrays/datetimes.py::452,0.243902
pandas/core/arrays/datetimes.py::582,0.243902
pandas/core/arrays/datetimes.py::584,0.243902
pandas/core/arrays/datetimes.py::598,0.243902
pandas/core/arrays/datetimes.py::602,0.243902
pandas/core/arrays/datetimes.py::604,0.243902
pandas/core/arrays/datetimes.py::610,0.243902
pandas/core/arrays/datetimes.py::612,0.243902
pandas/core/arrays/datetimes.py::614,0.243902
pandas/core/arrays/datetimes.py::615,0.243902
pandas/core/arrays/datetimes.py::616,0.243902
pandas/core/arrays/datetimes.py::71,0.243902
pandas/core/arrays/interval.py::1084,0.243902
pandas/core/arrays/interval.py::1085,0.243902
pandas/core/arrays/interval.py::1086,0.243902
pandas/core/arrays/interval.py::1087,0.243902
pandas/core/arrays/interval.py::1089,0.243902
pandas/core/arrays/interval.py::1090,0.243902
pandas/core/arrays/interval.py::1091,0.243902
pandas/core/arrays/interval.py::1094,0.243902
pandas/core/arrays/interval.py::1095,0.243902
pandas/core/arrays/interval.py::160,0.243902
pandas/core/arrays/interval.py::163,0.243902
pandas/core/arrays/interval.py::164,0.243902
pandas/core/arrays/interval.py::165,0.243902
pandas/core/arrays/interval.py::166,0.243902
pandas/core/arrays/interval.py::184,0.243902
pandas/core/arrays/interval.py::185,0.243902
pandas/core/arrays/interval.py::186,0.243902
pandas/core/arrays/interval.py::187,0.243902
pandas/core/arrays/interval.py::188,0.243902
pandas/core/arrays/interval.py::189,0.243902
pandas/core/arrays/interval.py::190,0.243902
pandas/core/arrays/interval.py::197,0.243902
pandas/core/arrays/interval.py::199,0.243902
pandas/core/arrays/interval.py::200,0.243902
pandas/core/arrays/interval.py::201,0.243902
pandas/core/arrays/interval.py::203,0.243902
pandas/core/arrays/interval.py::214,0.243902
pandas/core/arrays/interval.py::216,0.243902
pandas/core/arrays/interval.py::219,0.243902
pandas/core/arrays/interval.py::225,0.243902
pandas/core/arrays/interval.py::232,0.243902
pandas/core/arrays/interval.py::235,0.243902
pandas/core/arrays/interval.py::242,0.243902
pandas/core/arrays/interval.py::243,0.243902
pandas/core/arrays/interval.py::244,0.243902
pandas/core/arrays/interval.py::245,0.243902
pandas/core/arrays/interval.py::246,0.243902
pandas/core/arrays/interval.py::247,0.243902
pandas/core/arrays/interval.py::478,0.243902
pandas/core/arrays/interval.py::481,0.243902
pandas/core/arrays/interval.py::484,0.243902
pandas/core/arrays/interval.py::485,0.243902
pandas/core/arrays/interval.py::486,0.243902
pandas/core/arrays/interval.py::492,0.243902
pandas/core/arrays/interval.py::500,0.243902
pandas/core/arrays/interval.py::503,0.243902
pandas/core/arrays/interval.py::506,0.243902
pandas/core/arrays/interval.py::507,0.243902
pandas/core/arrays/interval.py::508,0.243902
pandas/core/arrays/interval.py::511,0.243902
pandas/core/arrays/interval.py::519,0.243902
pandas/core/arrays/interval.py::662,0.243902
pandas/core/arrays/interval.py::721,0.243902
pandas/core/arrays/interval.py::722,0.243902
pandas/core/arrays/interval.py::724,0.243902
pandas/core/arrays/interval.py::726,0.243902
pandas/core/arrays/interval.py::727,0.243902
pandas/core/arrays/interval.py::728,0.243902
pandas/core/arrays/interval.py::741,0.243902
pandas/core/arrays/interval.py::758,0.243902
pandas/core/arrays/interval.py::948,0.243902
pandas/core/arrays/interval.py::956,0.243902
pandas/core/arrays/interval.py::964,0.243902
pandas/core/arrays/numpy_.py::163,0.243902
pandas/core/arrays/numpy_.py::165,0.243902
pandas/core/arrays/numpy_.py::170,0.243902
pandas/core/arrays/numpy_.py::173,0.243902
pandas/core/arrays/numpy_.py::176,0.243902
pandas/core/arrays/numpy_.py::177,0.243902
pandas/core/arrays/numpy_.py::211,0.243902
pandas/core/arrays/numpy_.py::417,0.243902
pandas/core/arrays/numpy_.py::419,0.243902
pandas/core/arrays/numpy_.py::422,0.243902
pandas/core/arrays/numpy_.py::425,0.243902
pandas/core/arrays/numpy_.py::51,0.243902
pandas/core/arrays/period.py::176,0.243902
pandas/core/arrays/period.py::177,0.243902
pandas/core/arrays/period.py::178,0.243902
pandas/core/arrays/period.py::558,0.243902
pandas/core/arrays/period.py::560,0.243902
pandas/core/arrays/period.py::566,0.243902
pandas/core/arrays/period.py::568,0.243902
pandas/core/arrays/period.py::571,0.243902
pandas/core/arrays/period.py::573,0.243902
pandas/core/arrays/period.py::579,0.243902
pandas/core/arrays/period.py::580,0.243902
pandas/core/arrays/period.py::587,0.243902
pandas/core/arrays/period.py::589,0.243902
pandas/core/arrays/period.py::591,0.243902
pandas/core/arrays/period.py::919,0.243902
pandas/core/arrays/period.py::920,0.243902
pandas/core/arrays/period.py::922,0.243902
pandas/core/arrays/period.py::924,0.243902
pandas/core/arrays/timedeltas.py::119,0.243902
pandas/core/arrays/timedeltas.py::136,0.243902
pandas/core/arrays/timedeltas.py::198,0.243902
pandas/core/arrays/timedeltas.py::199,0.243902
pandas/core/arrays/timedeltas.py::200,0.243902
pandas/core/arrays/timedeltas.py::201,0.243902
pandas/core/arrays/timedeltas.py::202,0.243902
pandas/core/arrays/timedeltas.py::204,0.243902
pandas/core/arrays/timedeltas.py::205,0.243902
pandas/core/arrays/timedeltas.py::206,0.243902
pandas/core/arrays/timedeltas.py::207,0.243902
pandas/core/arrays/timedeltas.py::208,0.243902
pandas/core/arrays/timedeltas.py::304,0.243902
pandas/core/arrays/timedeltas.py::306,0.243902
pandas/core/arrays/timedeltas.py::319,0.243902
pandas/core/arrays/timedeltas.py::323,0.243902
pandas/core/arrays/timedeltas.py::393,0.243902
pandas/core/arrays/timedeltas.py::395,0.243902
pandas/core/arrays/timedeltas.py::396,0.243902
pandas/core/common.py::126,0.243902
pandas/core/common.py::135,0.243902
pandas/core/common.py::136,0.243902
pandas/core/common.py::183,0.243902
pandas/core/computation/expressions.py::151,0.243902
pandas/core/computation/expressions.py::153,0.243902
pandas/core/computation/expressions.py::154,0.243902
pandas/core/computation/expressions.py::162,0.243902
pandas/core/computation/expressions.py::163,0.243902
pandas/core/computation/expressions.py::165,0.243902
pandas/core/computation/expressions.py::178,0.243902
pandas/core/computation/expressions.py::195,0.243902
pandas/core/computation/expressions.py::196,0.243902
pandas/core/computation/expressions.py::197,0.243902
pandas/core/computation/expressions.py::64,0.243902
pandas/core/computation/expressions.py::66,0.243902
pandas/core/computation/expressions.py::67,0.243902
pandas/core/construction.py::381,0.243902
pandas/core/construction.py::384,0.243902
pandas/core/dtypes/base.py::130,0.243902
pandas/core/dtypes/base.py::288,0.243902
pandas/core/dtypes/base.py::290,0.243902
pandas/core/dtypes/base.py::291,0.243902
pandas/core/dtypes/cast.py::1203,0.243902
pandas/core/dtypes/cast.py::1204,0.243902
pandas/core/dtypes/cast.py::1207,0.243902
pandas/core/dtypes/cast.py::1211,0.243902
pandas/core/dtypes/cast.py::1213,0.243902
pandas/core/dtypes/cast.py::1215,0.243902
pandas/core/dtypes/cast.py::1218,0.243902
pandas/core/dtypes/cast.py::1219,0.243902
pandas/core/dtypes/cast.py::1402,0.243902
pandas/core/dtypes/cast.py::1406,0.243902
pandas/core/dtypes/cast.py::1419,0.243902
pandas/core/dtypes/cast.py::1421,0.243902
pandas/core/dtypes/cast.py::1424,0.243902
pandas/core/dtypes/cast.py::1661,0.243902
pandas/core/dtypes/cast.py::1662,0.243902
pandas/core/dtypes/cast.py::1665,0.243902
pandas/core/dtypes/cast.py::1672,0.243902
pandas/core/dtypes/cast.py::1673,0.243902
pandas/core/dtypes/cast.py::534,0.243902
pandas/core/dtypes/cast.py::538,0.243902
pandas/core/dtypes/cast.py::539,0.243902
pandas/core/dtypes/cast.py::542,0.243902
pandas/core/dtypes/cast.py::543,0.243902
pandas/core/dtypes/cast.py::614,0.243902
pandas/core/dtypes/common.py::1022,0.243902
pandas/core/dtypes/common.py::166,0.243902
pandas/core/dtypes/common.py::170,0.243902
pandas/core/dtypes/common.py::171,0.243902
pandas/core/dtypes/common.py::172,0.243902
pandas/core/dtypes/common.py::175,0.243902
pandas/core/dtypes/common.py::1777,0.243902
pandas/core/dtypes/common.py::1780,0.243902
pandas/core/dtypes/common.py::982,0.243902
pandas/core/dtypes/common.py::984,0.243902
pandas/core/dtypes/common.py::985,0.243902
pandas/core/dtypes/common.py::991,0.243902
pandas/core/dtypes/concat.py::153,0.243902
pandas/core/dtypes/concat.py::372,0.243902
pandas/core/dtypes/concat.py::375,0.243902
pandas/core/dtypes/concat.py::376,0.243902
pandas/core/dtypes/concat.py::379,0.243902
pandas/core/dtypes/concat.py::383,0.243902
pandas/core/dtypes/concat.py::387,0.243902
pandas/core/dtypes/concat.py::389,0.243902
pandas/core/dtypes/concat.py::393,0.243902
pandas/core/dtypes/concat.py::402,0.243902
pandas/core/dtypes/concat.py::404,0.243902
pandas/core/dtypes/concat.py::405,0.243902
pandas/core/dtypes/concat.py::407,0.243902
pandas/core/dtypes/concat.py::54,0.243902
pandas/core/dtypes/dtypes.py::1077,0.243902
pandas/core/dtypes/dtypes.py::1083,0.243902
pandas/core/dtypes/dtypes.py::1085,0.243902
pandas/core/dtypes/dtypes.py::1091,0.243902
pandas/core/dtypes/dtypes.py::1094,0.243902
pandas/core/dtypes/dtypes.py::1099,0.243902
pandas/core/dtypes/dtypes.py::1100,0.243902
pandas/core/dtypes/dtypes.py::1104,0.243902
pandas/core/dtypes/dtypes.py::1112,0.243902
pandas/core/dtypes/dtypes.py::1113,0.243902
pandas/core/dtypes/dtypes.py::1114,0.243902
pandas/core/dtypes/dtypes.py::1115,0.243902
pandas/core/dtypes/dtypes.py::1116,0.243902
pandas/core/dtypes/dtypes.py::1117,0.243902
pandas/core/dtypes/dtypes.py::1118,0.243902
pandas/core/dtypes/dtypes.py::1125,0.243902
pandas/core/dtypes/dtypes.py::1164,0.243902
pandas/core/dtypes/dtypes.py::1167,0.243902
pandas/core/dtypes/dtypes.py::1169,0.243902
pandas/core/dtypes/dtypes.py::1173,0.243902
pandas/core/dtypes/dtypes.py::252,0.243902
pandas/core/dtypes/dtypes.py::266,0.243902
pandas/core/dtypes/dtypes.py::267,0.243902
pandas/core/dtypes/dtypes.py::342,0.243902
pandas/core/dtypes/dtypes.py::344,0.243902
pandas/core/dtypes/dtypes.py::349,0.243902
pandas/core/dtypes/dtypes.py::353,0.243902
pandas/core/dtypes/dtypes.py::355,0.243902
pandas/core/dtypes/dtypes.py::358,0.243902
pandas/core/dtypes/dtypes.py::359,0.243902
pandas/core/dtypes/dtypes.py::367,0.243902
pandas/core/dtypes/dtypes.py::402,0.243902
pandas/core/dtypes/dtypes.py::403,0.243902
pandas/core/dtypes/dtypes.py::405,0.243902
pandas/core/dtypes/dtypes.py::406,0.243902
pandas/core/dtypes/dtypes.py::408,0.243902
pandas/core/dtypes/dtypes.py::409,0.243902
pandas/core/dtypes/dtypes.py::421,0.243902
pandas/core/dtypes/dtypes.py::427,0.243902
pandas/core/dtypes/dtypes.py::442,0.243902
pandas/core/dtypes/dtypes.py::444,0.243902
pandas/core/dtypes/dtypes.py::445,0.243902
pandas/core/dtypes/dtypes.py::483,0.243902
pandas/core/dtypes/dtypes.py::488,0.243902
pandas/core/dtypes/dtypes.py::490,0.243902
pandas/core/dtypes/dtypes.py::497,0.243902
pandas/core/dtypes/dtypes.py::498,0.243902
pandas/core/dtypes/dtypes.py::506,0.243902
pandas/core/dtypes/dtypes.py::510,0.243902
pandas/core/dtypes/dtypes.py::511,0.243902
pandas/core/dtypes/dtypes.py::516,0.243902
pandas/core/dtypes/dtypes.py::517,0.243902
pandas/core/dtypes/dtypes.py::518,0.243902
pandas/core/dtypes/dtypes.py::549,0.243902
pandas/core/dtypes/dtypes.py::567,0.243902
pandas/core/dtypes/dtypes.py::569,0.243902
pandas/core/dtypes/dtypes.py::573,0.243902
pandas/core/dtypes/dtypes.py::576,0.243902
pandas/core/dtypes/dtypes.py::578,0.243902
pandas/core/dtypes/dtypes.py::581,0.243902
pandas/core/dtypes/dtypes.py::584,0.243902
pandas/core/dtypes/dtypes.py::587,0.243902
pandas/core/dtypes/dtypes.py::604,0.243902
pandas/core/dtypes/dtypes.py::607,0.243902
pandas/core/dtypes/dtypes.py::614,0.243902
pandas/core/dtypes/dtypes.py::618,0.243902
pandas/core/dtypes/dtypes.py::620,0.243902
pandas/core/dtypes/dtypes.py::622,0.243902
pandas/core/dtypes/dtypes.py::629,0.243902
pandas/core/dtypes/dtypes.py::636,0.243902
pandas/core/dtypes/dtypes.py::720,0.243902
pandas/core/dtypes/dtypes.py::723,0.243902
pandas/core/dtypes/dtypes.py::739,0.243902
pandas/core/dtypes/dtypes.py::740,0.243902
pandas/core/dtypes/dtypes.py::741,0.243902
pandas/core/dtypes/dtypes.py::744,0.243902
pandas/core/dtypes/dtypes.py::747,0.243902
pandas/core/dtypes/dtypes.py::748,0.243902
pandas/core/dtypes/dtypes.py::755,0.243902
pandas/core/dtypes/dtypes.py::762,0.243902
pandas/core/dtypes/dtypes.py::814,0.243902
pandas/core/dtypes/dtypes.py::819,0.243902
pandas/core/dtypes/dtypes.py::827,0.243902
pandas/core/dtypes/dtypes.py::833,0.243902
pandas/core/dtypes/dtypes.py::956,0.243902
pandas/core/dtypes/dtypes.py::968,0.243902
pandas/core/dtypes/missing.py::213,0.243902
pandas/core/dtypes/missing.py::216,0.243902
pandas/core/dtypes/missing.py::334,0.243902
pandas/core/dtypes/missing.py::554,0.243902
pandas/core/dtypes/missing.py::555,0.243902
pandas/core/indexers.py::195,0.243902
pandas/core/indexers.py::196,0.243902
pandas/core/indexers.py::197,0.243902
pandas/core/indexers.py::201,0.243902
pandas/core/indexers.py::202,0.243902
pandas/core/indexes/base.py::112,0.243902
pandas/core/indexes/base.py::1319,0.243902
pandas/core/indexes/base.py::142,0.243902
pandas/core/indexes/base.py::145,0.243902
pandas/core/indexes/base.py::147,0.243902
pandas/core/indexes/base.py::148,0.243902
pandas/core/indexes/base.py::150,0.243902
pandas/core/indexes/base.py::1825,0.243902
pandas/core/indexes/base.py::320,0.243902
pandas/core/indexes/base.py::322,0.243902
pandas/core/indexes/base.py::332,0.243902
pandas/core/indexes/base.py::334,0.243902
pandas/core/indexes/base.py::377,0.243902
pandas/core/indexes/base.py::3802,0.243902
pandas/core/indexes/base.py::3807,0.243902
pandas/core/indexes/base.py::3808,0.243902
pandas/core/indexes/base.py::3812,0.243902
pandas/core/indexes/base.py::4052,0.243902
pandas/core/indexes/base.py::4053,0.243902
pandas/core/indexes/base.py::4055,0.243902
pandas/core/indexes/base.py::4056,0.243902
pandas/core/indexes/base.py::4057,0.243902
pandas/core/indexes/base.py::4060,0.243902
pandas/core/indexes/base.py::5533,0.243902
pandas/core/indexes/base.py::5536,0.243902
pandas/core/indexes/base.py::5541,0.243902
pandas/core/indexes/base.py::5556,0.243902
pandas/core/indexes/base.py::5559,0.243902
pandas/core/indexes/base.py::5590,0.243902
pandas/core/indexes/base.py::5592,0.243902
pandas/core/indexes/base.py::5602,0.243902
pandas/core/indexes/base.py::5632,0.243902
pandas/core/indexes/base.py::5633,0.243902
pandas/core/indexes/base.py::5634,0.243902
pandas/core/indexes/base.py::843,0.243902
pandas/core/indexes/base.py::876,0.243902
pandas/core/indexes/base.py::877,0.243902
pandas/core/indexes/base.py::916,0.243902
pandas/core/indexes/base.py::969,0.243902
pandas/core/indexes/base.py::970,0.243902
pandas/core/indexes/base.py::971,0.243902
pandas/core/indexes/base.py::975,0.243902
pandas/core/indexes/base.py::976,0.243902
pandas/core/indexes/category.py::190,0.243902
pandas/core/indexes/category.py::192,0.243902
pandas/core/indexes/category.py::194,0.243902
pandas/core/indexes/category.py::202,0.243902
pandas/core/indexes/category.py::203,0.243902
pandas/core/indexes/category.py::205,0.243902
pandas/core/indexes/category.py::207,0.243902
pandas/core/indexes/category.py::211,0.243902
pandas/core/indexes/category.py::213,0.243902
pandas/core/indexes/category.py::231,0.243902
pandas/core/indexes/category.py::232,0.243902
pandas/core/indexes/category.py::233,0.243902
pandas/core/indexes/category.py::234,0.243902
pandas/core/indexes/category.py::235,0.243902
pandas/core/indexes/category.py::236,0.243902
pandas/core/indexes/category.py::240,0.243902
pandas/core/indexes/category.py::241,0.243902
pandas/core/indexes/category.py::243,0.243902
pandas/core/indexes/category.py::244,0.243902
pandas/core/indexes/category.py::245,0.243902
pandas/core/indexes/category.py::247,0.243902
pandas/core/indexes/category.py::248,0.243902
pandas/core/indexes/category.py::249,0.243902
pandas/core/indexes/category.py::255,0.243902
pandas/core/indexes/category.py::257,0.243902
pandas/core/indexes/category.py::260,0.243902
pandas/core/indexes/category.py::273,0.243902
pandas/core/indexes/category.py::274,0.243902
pandas/core/indexes/category.py::275,0.243902
pandas/core/indexes/category.py::276,0.243902
pandas/core/indexes/category.py::291,0.243902
pandas/core/indexes/category.py::324,0.243902
pandas/core/indexes/category.py::332,0.243902
pandas/core/indexes/category.py::333,0.243902
pandas/core/indexes/category.py::337,0.243902
pandas/core/indexes/category.py::338,0.243902
pandas/core/indexes/category.py::340,0.243902
pandas/core/indexes/category.py::342,0.243902
pandas/core/indexes/category.py::344,0.243902
pandas/core/indexes/category.py::345,0.243902
pandas/core/indexes/category.py::346,0.243902
pandas/core/indexes/category.py::348,0.243902
pandas/core/indexes/category.py::354,0.243902
pandas/core/indexes/category.py::741,0.243902
pandas/core/indexes/category.py::742,0.243902
pandas/core/indexes/category.py::744,0.243902
pandas/core/indexes/category.py::745,0.243902
pandas/core/indexes/datetimelike.py::185,0.243902
pandas/core/indexes/datetimelike.py::186,0.243902
pandas/core/indexes/datetimelike.py::188,0.243902
pandas/core/indexes/datetimelike.py::189,0.243902
pandas/core/indexes/datetimelike.py::192,0.243902
pandas/core/indexes/datetimelike.py::193,0.243902
pandas/core/indexes/datetimes.py::289,0.243902
pandas/core/indexes/datetimes.py::291,0.243902
pandas/core/indexes/datetimes.py::331,0.243902
pandas/core/indexes/datetimes.py::333,0.243902
pandas/core/indexes/datetimes.py::334,0.243902
pandas/core/indexes/extension.py::45,0.243902
pandas/core/indexes/interval.py::1002,0.243902
pandas/core/indexes/interval.py::1003,0.243902
pandas/core/indexes/interval.py::1121,0.243902
pandas/core/indexes/interval.py::217,0.243902
pandas/core/indexes/interval.py::219,0.243902
pandas/core/indexes/interval.py::220,0.243902
pandas/core/indexes/interval.py::221,0.243902
pandas/core/indexes/interval.py::222,0.243902
pandas/core/indexes/interval.py::223,0.243902
pandas/core/indexes/interval.py::224,0.243902
pandas/core/indexes/interval.py::225,0.243902
pandas/core/indexes/interval.py::228,0.243902
pandas/core/indexes/interval.py::241,0.243902
pandas/core/indexes/interval.py::243,0.243902
pandas/core/indexes/interval.py::244,0.243902
pandas/core/indexes/interval.py::245,0.243902
pandas/core/indexes/interval.py::246,0.243902
pandas/core/indexes/interval.py::247,0.243902
pandas/core/indexes/interval.py::248,0.243902
pandas/core/indexes/interval.py::249,0.243902
pandas/core/indexes/interval.py::337,0.243902
pandas/core/indexes/interval.py::338,0.243902
pandas/core/indexes/interval.py::339,0.243902
pandas/core/indexes/interval.py::340,0.243902
pandas/core/indexes/interval.py::342,0.243902
pandas/core/indexes/interval.py::343,0.243902
pandas/core/indexes/interval.py::344,0.243902
pandas/core/indexes/interval.py::954,0.243902
pandas/core/indexes/interval.py::958,0.243902
pandas/core/indexes/interval.py::964,0.243902
pandas/core/indexes/interval.py::965,0.243902
pandas/core/indexes/interval.py::967,0.243902
pandas/core/indexes/interval.py::969,0.243902
pandas/core/indexes/interval.py::971,0.243902
pandas/core/indexes/interval.py::974,0.243902
pandas/core/indexes/interval.py::980,0.243902
pandas/core/indexes/interval.py::981,0.243902
pandas/core/indexes/interval.py::982,0.243902
pandas/core/indexes/interval.py::983,0.243902
pandas/core/indexes/interval.py::984,0.243902
pandas/core/indexes/interval.py::985,0.243902
pandas/core/indexes/interval.py::986,0.243902
pandas/core/indexes/interval.py::992,0.243902
pandas/core/indexes/interval.py::995,0.243902
pandas/core/indexes/interval.py::996,0.243902
pandas/core/indexes/interval.py::998,0.243902
pandas/core/indexes/interval.py::999,0.243902
pandas/core/indexes/multi.py::1281,0.243902
pandas/core/indexes/multi.py::659,0.243902
pandas/core/indexes/numeric.py::354,0.243902
pandas/core/indexes/numeric.py::56,0.243902
pandas/core/indexes/numeric.py::60,0.243902
pandas/core/indexes/numeric.py::63,0.243902
pandas/core/indexes/numeric.py::86,0.243902
pandas/core/indexes/numeric.py::87,0.243902
pandas/core/indexes/numeric.py::88,0.243902
pandas/core/indexes/numeric.py::89,0.243902
pandas/core/indexes/numeric.py::92,0.243902
pandas/core/indexes/numeric.py::93,0.243902
pandas/core/indexes/period.py::253,0.243902
pandas/core/indexes/period.py::254,0.243902
pandas/core/indexes/period.py::255,0.243902
pandas/core/indexes/period.py::256,0.243902
pandas/core/indexes/period.py::258,0.243902
pandas/core/indexes/period.py::259,0.243902
pandas/core/indexes/period.py::260,0.243902
pandas/core/indexes/period.py::315,0.243902
pandas/core/indexes/range.py::101,0.243902
pandas/core/indexes/range.py::104,0.243902
pandas/core/indexes/range.py::106,0.243902
pandas/core/indexes/range.py::109,0.243902
pandas/core/indexes/range.py::111,0.243902
pandas/core/indexes/range.py::112,0.243902
pandas/core/indexes/range.py::115,0.243902
pandas/core/indexes/range.py::116,0.243902
pandas/core/indexes/range.py::127,0.243902
pandas/core/indexes/range.py::133,0.243902
pandas/core/indexes/range.py::134,0.243902
pandas/core/indexes/range.py::164,0.243902
pandas/core/indexes/range.py::165,0.243902
pandas/core/indexes/range.py::166,0.243902
pandas/core/indexes/range.py::168,0.243902
pandas/core/indexes/range.py::176,0.243902
pandas/core/indexes/range.py::177,0.243902
pandas/core/indexes/range.py::191,0.243902
pandas/core/indexes/range.py::192,0.243902
pandas/core/indexes/range.py::194,0.243902
pandas/core/indexes/range.py::198,0.243902
pandas/core/indexes/range.py::216,0.243902
pandas/core/indexes/range.py::238,0.243902
pandas/core/indexes/range.py::262,0.243902
pandas/core/indexes/range.py::402,0.243902
pandas/core/indexes/range.py::403,0.243902
pandas/core/indexes/range.py::404,0.243902
pandas/core/indexes/range.py::405,0.243902
pandas/core/indexes/range.py::639,0.243902
pandas/core/indexes/range.py::642,0.243902
pandas/core/indexes/range.py::645,0.243902
pandas/core/indexes/range.py::647,0.243902
pandas/core/indexes/range.py::648,0.243902
pandas/core/indexes/range.py::650,0.243902
pandas/core/indexes/range.py::652,0.243902
pandas/core/indexes/range.py::653,0.243902
pandas/core/indexes/range.py::654,0.243902
pandas/core/indexes/range.py::655,0.243902
pandas/core/indexes/range.py::663,0.243902
pandas/core/indexes/range.py::664,0.243902
pandas/core/indexes/range.py::666,0.243902
pandas/core/indexes/range.py::667,0.243902
pandas/core/indexes/range.py::668,0.243902
pandas/core/indexes/range.py::670,0.243902
pandas/core/indexes/range.py::671,0.243902
pandas/core/indexes/range.py::697,0.243902
pandas/core/indexes/range.py::698,0.243902
pandas/core/indexes/range.py::699,0.243902
pandas/core/indexes/range.py::92,0.243902
pandas/core/indexes/range.py::93,0.243902
pandas/core/indexes/range.py::96,0.243902
pandas/core/indexes/timedeltas.py::129,0.243902
pandas/core/indexes/timedeltas.py::131,0.243902
pandas/core/indexes/timedeltas.py::137,0.243902
pandas/core/indexes/timedeltas.py::143,0.243902
pandas/core/indexes/timedeltas.py::144,0.243902
pandas/core/indexes/timedeltas.py::146,0.243902
pandas/core/indexes/timedeltas.py::163,0.243902
pandas/core/indexes/timedeltas.py::165,0.243902
pandas/core/indexes/timedeltas.py::166,0.243902
pandas/core/indexes/timedeltas.py::167,0.243902
pandas/core/indexes/timedeltas.py::168,0.243902
pandas/core/indexes/timedeltas.py::170,0.243902
pandas/core/indexes/timedeltas.py::172,0.243902
pandas/core/indexes/timedeltas.py::173,0.243902
pandas/core/indexes/timedeltas.py::180,0.243902
pandas/core/indexes/timedeltas.py::182,0.243902
pandas/core/indexes/timedeltas.py::188,0.243902
pandas/core/indexes/timedeltas.py::189,0.243902
pandas/core/indexes/timedeltas.py::197,0.243902
pandas/core/indexes/timedeltas.py::257,0.243902
pandas/core/internals/blocks.py::203,0.243902
pandas/core/internals/blocks.py::2693,0.243902
pandas/core/ops/__init__.py::113,0.243902
pandas/core/ops/__init__.py::116,0.243902
pandas/core/ops/__init__.py::117,0.243902
pandas/core/ops/__init__.py::376,0.243902
pandas/core/ops/__init__.py::387,0.243902
pandas/core/ops/__init__.py::401,0.243902
pandas/core/ops/__init__.py::402,0.243902
pandas/core/ops/__init__.py::404,0.243902
pandas/core/ops/__init__.py::405,0.243902
pandas/core/ops/__init__.py::406,0.243902
pandas/core/ops/__init__.py::408,0.243902
pandas/core/ops/array_ops.py::153,0.243902
pandas/core/ops/array_ops.py::155,0.243902
pandas/core/ops/array_ops.py::156,0.243902
pandas/core/ops/array_ops.py::165,0.243902
pandas/core/ops/array_ops.py::170,0.243902
pandas/core/ops/array_ops.py::194,0.243902
pandas/core/ops/array_ops.py::195,0.243902
pandas/core/ops/array_ops.py::196,0.243902
pandas/core/ops/array_ops.py::198,0.243902
pandas/core/ops/array_ops.py::203,0.243902
pandas/core/ops/array_ops.py::204,0.243902
pandas/core/ops/array_ops.py::206,0.243902
pandas/core/ops/array_ops.py::412,0.243902
pandas/core/ops/array_ops.py::413,0.243902
pandas/core/ops/array_ops.py::417,0.243902
pandas/core/ops/array_ops.py::422,0.243902
pandas/core/ops/array_ops.py::444,0.243902
pandas/core/ops/array_ops.py::446,0.243902
pandas/core/ops/array_ops.py::451,0.243902
pandas/core/ops/array_ops.py::462,0.243902
pandas/core/ops/array_ops.py::476,0.243902
pandas/core/ops/array_ops.py::481,0.243902
pandas/core/ops/common.py::53,0.243902
pandas/core/ops/common.py::57,0.243902
pandas/core/ops/common.py::58,0.243902
pandas/core/ops/common.py::59,0.243902
pandas/core/ops/common.py::60,0.243902
pandas/core/ops/common.py::63,0.243902
pandas/core/ops/common.py::65,0.243902
pandas/core/ops/dispatch.py::30,0.243902
pandas/core/ops/missing.py::157,0.243902
pandas/core/ops/missing.py::162,0.243902
pandas/core/ops/missing.py::167,0.243902
pandas/core/ops/missing.py::171,0.243902
pandas/core/ops/missing.py::175,0.243902
pandas/core/ops/missing.py::176,0.243902
pandas/core/ops/missing.py::179,0.243902
pandas/core/ops/missing.py::43,0.243902
pandas/core/ops/missing.py::44,0.243902
pandas/core/series.py::253,0.243902
pandas/core/series.py::258,0.243902
pandas/core/series.py::259,0.243902
pandas/core/series.py::2645,0.243902
pandas/core/series.py::2658,0.243902
pandas/core/series.py::2659,0.243902
pandas/core/series.py::2663,0.243902
pandas/core/series.py::2664,0.243902
pandas/core/series.py::300,0.243902
pandas/core/series.py::302,0.243902
pandas/core/series.py::573,0.243902
pandas/core/series.py::793,0.243902
pandas/core/util/hashing.py::247,0.243902
pandas/core/util/hashing.py::249,0.243902
pandas/core/util/hashing.py::254,0.243902
pandas/core/util/hashing.py::256,0.243902
pandas/core/util/hashing.py::262,0.243902
pandas/core/util/hashing.py::267,0.243902
pandas/core/util/hashing.py::269,0.243902
pandas/core/util/hashing.py::271,0.243902
pandas/core/util/hashing.py::277,0.243902
pandas/core/util/hashing.py::284,0.243902
pandas/core/util/hashing.py::285,0.243902
pandas/core/util/hashing.py::293,0.243902
pandas/core/util/hashing.py::294,0.243902
pandas/core/util/hashing.py::295,0.243902
pandas/core/util/hashing.py::296,0.243902
pandas/core/util/hashing.py::297,0.243902
pandas/core/util/hashing.py::298,0.243902
pandas/core/util/hashing.py::36,0.243902
pandas/core/util/hashing.py::37,0.243902
pandas/core/util/hashing.py::41,0.243902
pandas/core/util/hashing.py::43,0.243902
pandas/core/util/hashing.py::44,0.243902
pandas/core/util/hashing.py::45,0.243902
pandas/core/util/hashing.py::46,0.243902
pandas/core/util/hashing.py::47,0.243902
pandas/core/util/hashing.py::48,0.243902
pandas/core/util/hashing.py::49,0.243902
pandas/core/util/hashing.py::50,0.243902
pandas/core/util/hashing.py::51,0.243902
pandas/core/util/hashing.py::52,0.243902
pandas/io/formats/format.py::1126,0.243902
pandas/io/formats/format.py::1217,0.243902
pandas/io/formats/format.py::1221,0.243902
pandas/io/formats/format.py::1258,0.243902
pandas/io/formats/format.py::1262,0.243902
pandas/io/formats/format.py::1276,0.243902
pandas/io/formats/format.py::1285,0.243902
pandas/io/formats/format.py::1287,0.243902
pandas/io/formats/format.py::1288,0.243902
pandas/io/formats/format.py::1295,0.243902
pandas/io/formats/format.py::1301,0.243902
pandas/io/formats/format.py::1303,0.243902
pandas/io/formats/format.py::1304,0.243902
pandas/io/formats/format.py::1322,0.243902
pandas/io/formats/format.py::1325,0.243902
pandas/io/formats/format.py::1326,0.243902
pandas/io/formats/format.py::1331,0.243902
pandas/io/formats/format.py::1332,0.243902
pandas/io/formats/format.py::1336,0.243902
pandas/io/formats/format.py::1337,0.243902
pandas/io/formats/format.py::1342,0.243902
pandas/io/formats/format.py::1343,0.243902
pandas/io/formats/format.py::1344,0.243902
pandas/io/formats/format.py::1345,0.243902
pandas/io/formats/format.py::1346,0.243902
pandas/io/formats/format.py::1347,0.243902
pandas/io/formats/format.py::1348,0.243902
pandas/io/formats/format.py::1349,0.243902
pandas/io/formats/format.py::1352,0.243902
pandas/io/formats/format.py::1353,0.243902
pandas/io/formats/format.py::1356,0.243902
pandas/io/formats/format.py::1357,0.243902
pandas/io/formats/format.py::1364,0.243902
pandas/io/formats/format.py::1365,0.243902
pandas/io/formats/format.py::1366,0.243902
pandas/io/formats/format.py::1367,0.243902
pandas/io/formats/format.py::1374,0.243902
pandas/io/formats/format.py::1376,0.243902
pandas/io/formats/format.py::1383,0.243902
pandas/io/formats/format.py::1384,0.243902
pandas/io/formats/format.py::1385,0.243902
pandas/io/formats/format.py::1389,0.243902
pandas/io/formats/format.py::1390,0.243902
pandas/io/formats/format.py::1394,0.243902
pandas/io/formats/format.py::1396,0.243902
pandas/io/formats/format.py::1399,0.243902
pandas/io/formats/format.py::1403,0.243902
pandas/io/formats/format.py::1407,0.243902
pandas/io/formats/format.py::1410,0.243902
pandas/io/formats/format.py::1548,0.243902
pandas/io/formats/format.py::1550,0.243902
pandas/io/formats/format.py::1551,0.243902
pandas/io/formats/format.py::1552,0.243902
pandas/io/formats/format.py::1568,0.243902
pandas/io/formats/format.py::1571,0.243902
pandas/io/formats/format.py::1572,0.243902
pandas/io/formats/format.py::1573,0.243902
pandas/io/formats/format.py::1577,0.243902
pandas/io/formats/format.py::1599,0.243902
pandas/io/formats/format.py::1604,0.243902
pandas/io/formats/format.py::1611,0.243902
pandas/io/formats/format.py::1616,0.243902
pandas/io/formats/format.py::1617,0.243902
pandas/io/formats/format.py::1619,0.243902
pandas/io/formats/format.py::1665,0.243902
pandas/io/formats/format.py::1667,0.243902
pandas/io/formats/format.py::1669,0.243902
pandas/io/formats/format.py::1671,0.243902
pandas/io/formats/format.py::1674,0.243902
pandas/io/formats/format.py::1675,0.243902
pandas/io/formats/format.py::1679,0.243902
pandas/io/formats/format.py::1680,0.243902
pandas/io/formats/format.py::1683,0.243902
pandas/io/formats/format.py::1684,0.243902
pandas/io/formats/format.py::1685,0.243902
pandas/io/formats/format.py::1686,0.243902
pandas/io/formats/format.py::1687,0.243902
pandas/io/formats/format.py::1688,0.243902
pandas/io/formats/format.py::1690,0.243902
pandas/io/formats/format.py::1743,0.243902
pandas/io/formats/format.py::1745,0.243902
pandas/io/formats/format.py::1746,0.243902
pandas/io/formats/format.py::1748,0.243902
pandas/io/formats/format.py::1749,0.243902
pandas/io/formats/format.py::1751,0.243902
pandas/io/formats/format.py::1752,0.243902
pandas/io/formats/format.py::1756,0.243902
pandas/io/formats/format.py::1760,0.243902
pandas/io/formats/format.py::349,0.243902
pandas/io/formats/printing.py::370,0.243902
pandas/util/_exceptions.py::10,0.243902
pandas/util/_exceptions.py::11,0.243902
pandas/core/indexes/datetimelike.py::105,0.221134
pandas/core/indexes/datetimelike.py::612,0.221134
pandas/core/indexes/datetimelike.py::613,0.221134
pandas/core/indexes/datetimelike.py::615,0.221134
pandas/core/indexes/datetimelike.py::616,0.221134
pandas/core/indexes/datetimelike.py::618,0.221134
pandas/core/indexes/datetimelike.py::622,0.221134
pandas/core/indexes/datetimelike.py::623,0.221134
pandas/core/indexes/datetimelike.py::624,0.221134
pandas/core/series.py::406,0.221134
pandas/core/arrays/datetimelike.py::1727,0.173706
pandas/core/arrays/datetimelike.py::1738,0.173706
pandas/core/arrays/datetimelike.py::1758,0.173706
pandas/core/arrays/datetimelike.py::1759,0.173706
pandas/core/arrays/datetimelike.py::1761,0.173706
pandas/core/arrays/datetimelike.py::1762,0.173706
pandas/core/arrays/datetimelike.py::1766,0.173706
pandas/core/arrays/datetimelike.py::528,0.173706
pandas/core/arrays/datetimelike.py::529,0.173706
pandas/core/arrays/datetimelike.py::530,0.173706
pandas/core/arrays/datetimelike.py::978,0.173706
pandas/core/arrays/datetimelike.py::985,0.173706
pandas/core/arrays/datetimes.py::1890,0.173706
pandas/core/arrays/datetimes.py::1892,0.173706
pandas/core/arrays/datetimes.py::1894,0.173706
pandas/core/arrays/datetimes.py::1901,0.173706
pandas/core/arrays/datetimes.py::1903,0.173706
pandas/core/arrays/datetimes.py::1906,0.173706
pandas/core/arrays/datetimes.py::1908,0.173706
pandas/core/arrays/datetimes.py::1911,0.173706
pandas/core/arrays/datetimes.py::1913,0.173706
pandas/core/arrays/datetimes.py::1920,0.173706
pandas/core/arrays/datetimes.py::1921,0.173706
pandas/core/arrays/datetimes.py::1923,0.173706
pandas/core/arrays/datetimes.py::1940,0.173706
pandas/core/arrays/datetimes.py::1972,0.173706
pandas/core/arrays/datetimes.py::1976,0.173706
pandas/core/arrays/datetimes.py::1977,0.173706
pandas/core/arrays/datetimes.py::1980,0.173706
pandas/core/arrays/datetimes.py::1982,0.173706
pandas/core/arrays/datetimes.py::2087,0.173706
pandas/core/arrays/datetimes.py::2091,0.173706
pandas/core/arrays/datetimes.py::2099,0.173706
pandas/core/arrays/datetimes.py::2102,0.173706
pandas/core/arrays/datetimes.py::2109,0.173706
pandas/core/arrays/datetimes.py::2116,0.173706
pandas/core/arrays/datetimes.py::2122,0.173706
pandas/core/arrays/datetimes.py::2147,0.173706
pandas/core/arrays/datetimes.py::2148,0.173706
pandas/core/arrays/datetimes.py::2156,0.173706
pandas/core/arrays/datetimes.py::2181,0.173706
pandas/core/arrays/datetimes.py::2198,0.173706
pandas/core/arrays/datetimes.py::2220,0.173706
pandas/core/arrays/datetimes.py::2245,0.173706
pandas/core/arrays/datetimes.py::286,0.173706
pandas/core/arrays/datetimes.py::287,0.173706
pandas/core/arrays/datetimes.py::291,0.173706
pandas/core/arrays/datetimes.py::292,0.173706
pandas/core/arrays/datetimes.py::293,0.173706
pandas/core/arrays/datetimes.py::294,0.173706
pandas/core/arrays/datetimes.py::295,0.173706
pandas/core/arrays/datetimes.py::309,0.173706
pandas/core/arrays/datetimes.py::310,0.173706
pandas/core/arrays/datetimes.py::312,0.173706
pandas/core/arrays/datetimes.py::314,0.173706
pandas/core/arrays/datetimes.py::315,0.173706
pandas/core/arrays/datetimes.py::316,0.173706
pandas/core/arrays/datetimes.py::317,0.173706
pandas/core/arrays/datetimes.py::318,0.173706
pandas/core/arrays/datetimes.py::319,0.173706
pandas/core/arrays/datetimes.py::320,0.173706
pandas/core/arrays/datetimes.py::321,0.173706
pandas/core/arrays/datetimes.py::324,0.173706
pandas/core/arrays/datetimes.py::325,0.173706
pandas/core/arrays/datetimes.py::328,0.173706
pandas/core/arrays/datetimes.py::329,0.173706
pandas/core/arrays/datetimes.py::331,0.173706
pandas/core/arrays/datetimes.py::335,0.173706
pandas/core/arrays/datetimes.py::340,0.173706
pandas/core/arrays/datetimes.py::474,0.173706
pandas/core/arrays/datetimes.py::496,0.173706
pandas/core/arrays/datetimes.py::509,0.173706
pandas/core/arrays/datetimes.py::68,0.173706
pandas/core/arrays/period.py::149,0.173706
pandas/core/arrays/period.py::151,0.173706
pandas/core/arrays/period.py::152,0.173706
pandas/core/arrays/period.py::154,0.173706
pandas/core/arrays/period.py::159,0.173706
pandas/core/arrays/period.py::162,0.173706
pandas/core/arrays/period.py::163,0.173706
pandas/core/arrays/period.py::165,0.173706
pandas/core/arrays/period.py::167,0.173706
pandas/core/arrays/period.py::168,0.173706
pandas/core/arrays/period.py::169,0.173706
pandas/core/arrays/period.py::171,0.173706
pandas/core/arrays/period.py::277,0.173706
pandas/core/arrays/period.py::285,0.173706
pandas/core/arrays/period.py::493,0.173706
pandas/core/arrays/period.py::869,0.173706
pandas/core/arrays/period.py::871,0.173706
pandas/core/arrays/period.py::873,0.173706
pandas/core/arrays/period.py::874,0.173706
pandas/core/arrays/period.py::915,0.173706
pandas/core/arrays/period.py::916,0.173706
pandas/core/arrays/period.py::918,0.173706
pandas/core/arrays/period.py::926,0.173706
pandas/core/construction.py::536,0.173706
pandas/core/dtypes/dtypes.py::890,0.173706
pandas/core/dtypes/dtypes.py::893,0.173706
pandas/core/dtypes/dtypes.py::899,0.173706
pandas/core/dtypes/dtypes.py::902,0.173706
pandas/core/dtypes/dtypes.py::903,0.173706
pandas/core/dtypes/dtypes.py::915,0.173706
pandas/core/dtypes/dtypes.py::960,0.173706
pandas/core/dtypes/missing.py::552,0.173706
pandas/core/indexes/base.py::338,0.173706
pandas/core/indexes/base.py::340,0.173706
pandas/core/indexes/datetimes.py::240,0.173706
pandas/core/indexes/datetimes.py::248,0.173706
pandas/core/indexes/datetimes.py::250,0.173706
pandas/core/indexes/datetimes.py::251,0.173706
pandas/core/indexes/datetimes.py::252,0.173706
pandas/core/indexes/datetimes.py::253,0.173706
pandas/core/indexes/datetimes.py::254,0.173706
pandas/core/indexes/datetimes.py::255,0.173706
pandas/core/indexes/datetimes.py::256,0.173706
pandas/core/indexes/datetimes.py::257,0.173706
pandas/core/indexes/datetimes.py::258,0.173706
pandas/core/indexes/datetimes.py::261,0.173706
pandas/core/indexes/datetimes.py::262,0.173706
pandas/core/indexes/period.py::171,0.173706
pandas/core/indexes/period.py::172,0.173706
pandas/core/indexes/period.py::173,0.173706
pandas/core/indexes/period.py::174,0.173706
pandas/core/indexes/period.py::175,0.173706
pandas/core/indexes/period.py::176,0.173706
pandas/core/indexes/period.py::177,0.173706
pandas/core/indexes/period.py::180,0.173706
pandas/core/indexes/period.py::184,0.173706
pandas/core/indexes/period.py::186,0.173706
pandas/core/indexes/period.py::195,0.173706
pandas/core/indexes/period.py::200,0.173706
pandas/core/indexes/period.py::205,0.173706
pandas/core/indexes/period.py::211,0.173706
pandas/core/indexes/period.py::213,0.173706
pandas/core/indexes/period.py::216,0.173706
pandas/core/indexes/period.py::229,0.173706
pandas/core/indexes/period.py::231,0.173706
pandas/core/indexes/period.py::232,0.173706
pandas/core/indexes/period.py::234,0.173706
pandas/core/indexes/period.py::235,0.173706
pandas/core/indexes/period.py::236,0.173706
pandas/core/indexes/period.py::237,0.173706
pandas/core/indexes/period.py::238,0.173706
pandas/core/indexes/period.py::427,0.173706
pandas/core/internals/blocks.py::2686,0.173706
pandas/tseries/offsets.py::324,0.173706
pandas/core/indexes/datetimes.py::266,0.123457
pandas/core/indexes/datetimes.py::268,0.123457
pandas/core/indexes/datetimes.py::269,0.123457
pandas/core/indexes/datetimes.py::270,0.123457
pandas/core/indexes/datetimes.py::271,0.123457
pandas/core/indexes/datetimes.py::272,0.123457
pandas/core/indexes/datetimes.py::274,0.123457
pandas/core/indexes/datetimes.py::275,0.123457
pandas/core/indexes/datetimes.py::276,0.123457
