Entity,Score
pandas/core/indexes/base.py::878,0.980523
pandas/core/indexes/base.py::879,0.980523
pandas/core/indexes/base.py::880,0.980523
pandas/core/indexes/base.py::881,0.980523
pandas/core/indexes/base.py::882,0.980523
pandas/core/indexes/base.py::883,0.980523
pandas/core/indexes/base.py::886,0.980523
pandas/core/indexes/base.py::889,0.980523
pandas/core/indexes/base.py::891,0.980523
pandas/core/indexes/base.py::901,0.946081
pandas/io/formats/console.py::14,0.946081
pandas/io/formats/console.py::16,0.946081
pandas/io/formats/console.py::17,0.946081
pandas/io/formats/console.py::29,0.946081
pandas/io/formats/console.py::41,0.946081
pandas/io/formats/console.py::46,0.946081
pandas/io/formats/console.py::62,0.946081
pandas/io/formats/console.py::64,0.946081
pandas/io/formats/console.py::65,0.946081
pandas/io/formats/console.py::66,0.946081
pandas/io/formats/console.py::69,0.946081
pandas/io/formats/console.py::71,0.946081
pandas/io/formats/console.py::72,0.946081
pandas/io/formats/console.py::73,0.946081
pandas/io/formats/console.py::74,0.946081
pandas/io/formats/printing.py::355,0.927628
pandas/io/formats/printing.py::358,0.927628
pandas/io/formats/printing.py::359,0.927628
pandas/io/formats/printing.py::374,0.927628
pandas/io/formats/printing.py::380,0.927628
pandas/io/formats/printing.py::385,0.927628
pandas/io/formats/printing.py::386,0.927628
pandas/io/formats/printing.py::389,0.927628
pandas/io/formats/printing.py::406,0.927628
pandas/io/formats/printing.py::420,0.927628
pandas/io/formats/printing.py::421,0.927628
pandas/io/formats/printing.py::423,0.927628
pandas/io/formats/printing.py::427,0.927628
pandas/io/formats/printing.py::432,0.927628
pandas/io/formats/printing.py::433,0.927628
pandas/io/formats/printing.py::434,0.927628
pandas/io/formats/printing.py::437,0.927628
pandas/io/formats/printing.py::438,0.927628
pandas/io/formats/printing.py::442,0.927628
pandas/io/formats/printing.py::443,0.927628
pandas/io/formats/printing.py::445,0.927628
pandas/io/formats/printing.py::451,0.927628
pandas/_config/config.py::113,0.922972
pandas/_config/config.py::116,0.922972
pandas/_config/config.py::117,0.922972
pandas/_config/config.py::556,0.922972
pandas/core/indexes/base.py::942,0.922972
pandas/core/indexes/base.py::943,0.922972
pandas/core/indexes/base.py::950,0.922972
pandas/core/indexes/base.py::953,0.922972
pandas/io/formats/format.py::1140,0.922972
pandas/io/formats/format.py::1142,0.922972
pandas/io/formats/format.py::1144,0.922972
pandas/io/formats/format.py::1146,0.922972
pandas/io/formats/format.py::1148,0.922972
pandas/io/formats/format.py::1155,0.922972
pandas/io/formats/format.py::1156,0.922972
pandas/io/formats/format.py::1158,0.922972
pandas/io/formats/format.py::1159,0.922972
pandas/io/formats/format.py::1161,0.922972
pandas/io/formats/format.py::1162,0.922972
pandas/io/formats/format.py::1164,0.922972
pandas/io/formats/format.py::1165,0.922972
pandas/io/formats/format.py::1166,0.922972
pandas/io/formats/format.py::1167,0.922972
pandas/io/formats/format.py::1168,0.922972
pandas/io/formats/format.py::1169,0.922972
pandas/io/formats/format.py::1170,0.922972
pandas/io/formats/format.py::1171,0.922972
pandas/io/formats/format.py::1172,0.922972
pandas/io/formats/format.py::1173,0.922972
pandas/io/formats/format.py::1176,0.922972
pandas/io/formats/format.py::1194,0.922972
pandas/io/formats/format.py::1195,0.922972
pandas/io/formats/format.py::1196,0.922972
pandas/io/formats/format.py::1197,0.922972
pandas/io/formats/format.py::1198,0.922972
pandas/io/formats/format.py::1199,0.922972
pandas/io/formats/format.py::1200,0.922972
pandas/io/formats/format.py::1201,0.922972
pandas/io/formats/format.py::1202,0.922972
pandas/io/formats/format.py::1203,0.922972
pandas/io/formats/format.py::1204,0.922972
pandas/io/formats/format.py::1207,0.922972
pandas/io/formats/format.py::1208,0.922972
pandas/io/formats/format.py::1742,0.922972
pandas/io/formats/format.py::1745,0.922972
pandas/io/formats/format.py::1746,0.922972
pandas/io/formats/format.py::1748,0.922972
pandas/io/formats/format.py::1750,0.922972
pandas/io/formats/format.py::1753,0.922972
pandas/io/formats/format.py::1754,0.922972
pandas/io/formats/format.py::1757,0.922972
pandas/io/formats/format.py::1758,0.922972
pandas/io/formats/format.py::1759,0.922972
pandas/io/formats/format.py::1761,0.922972
pandas/io/formats/format.py::1763,0.922972
pandas/io/formats/format.py::1764,0.922972
pandas/io/formats/format.py::1765,0.922972
pandas/io/formats/format.py::400,0.922972
pandas/io/formats/format.py::403,0.922972
pandas/io/formats/format.py::406,0.922972
pandas/io/formats/format.py::409,0.922972
pandas/io/formats/format.py::452,0.922972
pandas/io/formats/format.py::453,0.922972
pandas/io/formats/format.py::456,0.922972
pandas/io/formats/printing.py::45,0.922972
pandas/io/formats/printing.py::46,0.922972
pandas/io/formats/printing.py::48,0.922972
pandas/io/formats/printing.py::49,0.922972
pandas/io/formats/printing.py::50,0.922972
pandas/io/formats/printing.py::52,0.922972
pandas/io/formats/printing.py::53,0.922972
pandas/io/formats/printing.py::54,0.922972
pandas/io/formats/printing.py::55,0.922972
pandas/io/formats/printing.py::56,0.922972
pandas/io/formats/printing.py::57,0.922972
pandas/io/formats/printing.py::58,0.922972
pandas/io/formats/printing.py::59,0.922972
pandas/io/formats/printing.py::60,0.922972
pandas/io/formats/printing.py::61,0.922972
pandas/io/formats/printing.py::68,0.922972
pandas/io/formats/printing.py::69,0.922972
pandas/io/formats/printing.py::70,0.922972
pandas/io/formats/printing.py::73,0.922972
pandas/core/indexes/base.py::916,0.910348
pandas/core/indexes/base.py::918,0.910348
pandas/core/indexes/base.py::924,0.910348
pandas/core/indexes/base.py::925,0.910348
pandas/io/formats/printing.py::319,0.910348
pandas/io/formats/printing.py::320,0.910348
pandas/io/formats/printing.py::322,0.910348
pandas/io/formats/printing.py::323,0.910348
pandas/io/formats/printing.py::325,0.910348
pandas/io/formats/printing.py::326,0.910348
pandas/io/formats/printing.py::328,0.910348
pandas/io/formats/printing.py::329,0.910348
pandas/io/formats/printing.py::330,0.910348
pandas/io/formats/printing.py::331,0.910348
pandas/io/formats/printing.py::336,0.910348
pandas/io/formats/printing.py::337,0.910348
pandas/io/formats/printing.py::342,0.910348
pandas/io/formats/printing.py::343,0.910348
pandas/io/formats/printing.py::346,0.910348
pandas/io/formats/printing.py::349,0.910348
pandas/io/formats/printing.py::352,0.910348
pandas/io/formats/printing.py::353,0.910348
pandas/io/formats/printing.py::361,0.910348
pandas/io/formats/printing.py::367,0.910348
pandas/io/formats/printing.py::369,0.910348
pandas/io/formats/printing.py::371,0.910348
pandas/io/formats/printing.py::453,0.910348
pandas/core/indexes/base.py::932,0.853977
pandas/io/formats/printing.py::520,0.853977
pandas/io/formats/printing.py::521,0.853977
pandas/io/formats/printing.py::523,0.853977
pandas/io/formats/printing.py::524,0.853977
pandas/io/formats/printing.py::528,0.853977
pandas/io/formats/printing.py::531,0.853977
pandas/io/formats/printing.py::532,0.853977
pandas/io/formats/printing.py::534,0.853977
pandas/io/formats/printing.py::198,0.849787
pandas/io/formats/printing.py::199,0.849787
pandas/io/formats/printing.py::200,0.849787
pandas/io/formats/printing.py::201,0.849787
pandas/io/formats/printing.py::208,0.849787
pandas/io/formats/printing.py::210,0.849787
pandas/io/formats/printing.py::211,0.849787
pandas/io/formats/printing.py::213,0.849787
pandas/io/formats/printing.py::215,0.849787
pandas/io/formats/printing.py::217,0.849787
pandas/io/formats/printing.py::223,0.849787
pandas/io/formats/printing.py::231,0.849787
pandas/io/formats/printing.py::234,0.849787
pandas/io/formats/printing.py::236,0.849787
pandas/core/indexing.py::1890,0.834349
pandas/core/indexing.py::1897,0.834349
pandas/core/indexing.py::1856,0.816847
pandas/core/indexing.py::1860,0.816847
pandas/core/indexing.py::1861,0.816847
pandas/core/indexing.py::1862,0.816847
pandas/core/indexing.py::1865,0.816847
pandas/core/indexing.py::1869,0.816847
pandas/core/indexes/base.py::920,0.813177
pandas/io/formats/format.py::1151,0.793657
pandas/io/formats/format.py::1445,0.793657
pandas/io/formats/format.py::1446,0.793657
pandas/io/formats/format.py::1447,0.793657
pandas/core/dtypes/cast.py::1661,0.788492
pandas/core/dtypes/cast.py::1663,0.788492
pandas/core/dtypes/common.py::1363,0.784916
pandas/core/dtypes/common.py::1364,0.784916
pandas/core/indexers.py::107,0.772602
pandas/core/indexing.py::1875,0.770295
pandas/core/indexing.py::1886,0.770295
pandas/core/indexing.py::1889,0.770295
pandas/core/indexing.py::1891,0.770295
pandas/core/indexing.py::1892,0.770295
pandas/core/indexing.py::1895,0.770295
pandas/core/indexing.py::1906,0.770295
pandas/core/indexing.py::2045,0.770295
pandas/core/indexing.py::2048,0.770295
pandas/core/indexing.py::2051,0.770295
pandas/core/indexing.py::2055,0.770295
pandas/core/indexing.py::2056,0.770295
pandas/core/dtypes/cast.py::1638,0.750473
pandas/core/dtypes/cast.py::1639,0.750473
pandas/io/formats/printing.py::390,0.749454
pandas/io/formats/printing.py::395,0.749454
pandas/io/formats/printing.py::396,0.749454
pandas/io/formats/printing.py::397,0.749454
pandas/io/formats/printing.py::448,0.749454
pandas/io/formats/format.py::1150,0.749238
pandas/core/dtypes/inference.py::387,0.748395
pandas/core/dtypes/inference.py::388,0.748395
pandas/core/indexing.py::2143,0.743350
pandas/core/indexing.py::2144,0.743350
pandas/core/indexing.py::2145,0.743350
pandas/core/internals/blocks.py::844,0.736735
pandas/core/indexes/base.py::908,0.728429
pandas/core/indexes/base.py::956,0.728429
pandas/core/indexes/base.py::958,0.728429
pandas/core/indexes/base.py::960,0.728429
pandas/core/indexes/base.py::966,0.728429
pandas/core/indexes/base.py::978,0.728429
pandas/io/formats/printing.py::279,0.728429
pandas/io/formats/printing.py::280,0.728429
pandas/core/dtypes/cast.py::1657,0.720574
pandas/core/indexes/base.py::944,0.720574
pandas/core/indexes/base.py::946,0.720574
pandas/core/indexes/base.py::947,0.720574
pandas/core/series.py::1328,0.720574
pandas/core/series.py::1329,0.720574
pandas/core/series.py::1332,0.720574
pandas/core/series.py::1333,0.720574
pandas/core/series.py::1337,0.720574
pandas/core/series.py::1338,0.720574
pandas/core/series.py::1340,0.720574
pandas/core/series.py::1342,0.720574
pandas/core/series.py::1343,0.720574
pandas/core/series.py::1344,0.720574
pandas/core/series.py::1345,0.720574
pandas/core/series.py::1346,0.720574
pandas/core/series.py::1347,0.720574
pandas/core/series.py::1348,0.720574
pandas/core/series.py::1350,0.720574
pandas/core/series.py::1352,0.720574
pandas/core/series.py::1402,0.720574
pandas/core/series.py::1403,0.720574
pandas/core/series.py::1404,0.720574
pandas/core/series.py::1405,0.720574
pandas/core/series.py::1406,0.720574
pandas/core/series.py::1407,0.720574
pandas/core/series.py::1408,0.720574
pandas/core/series.py::1409,0.720574
pandas/core/series.py::1410,0.720574
pandas/core/series.py::1411,0.720574
pandas/core/series.py::1412,0.720574
pandas/core/series.py::1414,0.720574
pandas/core/series.py::1417,0.720574
pandas/core/series.py::1423,0.720574
pandas/core/series.py::1426,0.720574
pandas/core/series.py::1427,0.720574
pandas/io/formats/format.py::247,0.720574
pandas/io/formats/format.py::248,0.720574
pandas/io/formats/format.py::249,0.720574
pandas/io/formats/format.py::250,0.720574
pandas/io/formats/format.py::251,0.720574
pandas/io/formats/format.py::252,0.720574
pandas/io/formats/format.py::253,0.720574
pandas/io/formats/format.py::254,0.720574
pandas/io/formats/format.py::255,0.720574
pandas/io/formats/format.py::257,0.720574
pandas/io/formats/format.py::258,0.720574
pandas/io/formats/format.py::259,0.720574
pandas/io/formats/format.py::260,0.720574
pandas/io/formats/format.py::261,0.720574
pandas/io/formats/format.py::263,0.720574
pandas/io/formats/format.py::266,0.720574
pandas/io/formats/format.py::268,0.720574
pandas/io/formats/format.py::270,0.720574
pandas/io/formats/format.py::271,0.720574
pandas/io/formats/format.py::274,0.720574
pandas/io/formats/format.py::275,0.720574
pandas/io/formats/format.py::276,0.720574
pandas/io/formats/format.py::292,0.720574
pandas/io/formats/format.py::293,0.720574
pandas/io/formats/format.py::294,0.720574
pandas/io/formats/format.py::297,0.720574
pandas/io/formats/format.py::298,0.720574
pandas/io/formats/format.py::300,0.720574
pandas/io/formats/format.py::306,0.720574
pandas/io/formats/format.py::315,0.720574
pandas/io/formats/format.py::320,0.720574
pandas/io/formats/format.py::321,0.720574
pandas/io/formats/format.py::322,0.720574
pandas/io/formats/format.py::323,0.720574
pandas/io/formats/format.py::325,0.720574
pandas/io/formats/format.py::329,0.720574
pandas/io/formats/format.py::335,0.720574
pandas/io/formats/format.py::338,0.720574
pandas/io/formats/format.py::339,0.720574
pandas/io/formats/format.py::341,0.720574
pandas/io/formats/format.py::345,0.720574
pandas/io/formats/format.py::346,0.720574
pandas/io/formats/format.py::347,0.720574
pandas/io/formats/format.py::350,0.720574
pandas/io/formats/format.py::351,0.720574
pandas/io/formats/format.py::352,0.720574
pandas/io/formats/format.py::353,0.720574
pandas/io/formats/format.py::354,0.720574
pandas/io/formats/format.py::358,0.720574
pandas/io/formats/format.py::359,0.720574
pandas/io/formats/format.py::361,0.720574
pandas/io/formats/format.py::366,0.720574
pandas/io/formats/format.py::367,0.720574
pandas/io/formats/format.py::369,0.720574
pandas/io/formats/format.py::384,0.720574
pandas/io/formats/format.py::385,0.720574
pandas/io/formats/format.py::389,0.720574
pandas/io/formats/format.py::392,0.720574
pandas/io/formats/format.py::393,0.720574
pandas/io/formats/format.py::395,0.720574
pandas/core/dtypes/cast.py::1656,0.717475
pandas/core/dtypes/cast.py::1660,0.717475
pandas/core/dtypes/cast.py::1625,0.711383
pandas/core/dtypes/cast.py::1631,0.711383
pandas/core/dtypes/inference.py::389,0.707763
pandas/core/dtypes/inference.py::390,0.707763
pandas/core/dtypes/cast.py::717,0.705444
pandas/core/internals/blocks.py::843,0.705444
pandas/core/indexers.py::72,0.693999
pandas/core/dtypes/cast.py::714,0.688482
pandas/core/dtypes/cast.py::715,0.688482
pandas/core/dtypes/cast.py::720,0.688482
pandas/core/indexers.py::50,0.688482
pandas/core/internals/blocks.py::918,0.677831
pandas/core/generic.py::3541,0.672688
pandas/core/generic.py::3546,0.672688
pandas/core/generic.py::3548,0.672688
pandas/core/indexers.py::106,0.672688
pandas/core/indexers.py::46,0.672688
pandas/core/indexers.py::66,0.672688
pandas/core/indexers.py::68,0.672688
pandas/core/internals/blocks.py::831,0.672688
pandas/core/internals/blocks.py::834,0.672688
pandas/core/internals/blocks.py::839,0.672688
pandas/core/internals/blocks.py::840,0.672688
pandas/core/internals/blocks.py::865,0.672688
pandas/core/internals/blocks.py::870,0.672688
pandas/core/internals/blocks.py::873,0.672688
pandas/core/internals/blocks.py::877,0.672688
pandas/core/internals/blocks.py::881,0.672688
pandas/core/internals/blocks.py::883,0.672688
pandas/core/internals/blocks.py::887,0.672688
pandas/core/internals/blocks.py::891,0.672688
pandas/core/internals/blocks.py::897,0.672688
pandas/core/internals/blocks.py::908,0.672688
pandas/core/internals/blocks.py::920,0.672688
pandas/core/internals/blocks.py::922,0.672688
pandas/core/internals/blocks.py::923,0.672688
pandas/core/internals/managers.py::540,0.672688
pandas/core/internals/blocks.py::271,0.667660
pandas/core/internals/managers.py::1441,0.667660
pandas/core/internals/managers.py::1445,0.667660
pandas/core/internals/managers.py::1461,0.667660
pandas/core/internals/managers.py::1464,0.667660
pandas/core/internals/managers.py::1467,0.667660
pandas/core/internals/managers.py::1472,0.667660
pandas/core/internals/managers.py::1476,0.667660
pandas/core/internals/managers.py::1551,0.667660
pandas/core/internals/blocks.py::180,0.662744
pandas/core/internals/blocks.py::270,0.662744
pandas/core/internals/blocks.py::273,0.662744
pandas/io/formats/printing.py::212,0.659158
pandas/core/generic.py::3686,0.657934
pandas/core/internals/managers.py::659,0.657934
pandas/core/internals/managers.py::660,0.657934
pandas/core/indexes/base.py::963,0.656870
pandas/core/internals/managers.py::392,0.653228
pandas/core/generic.py::3165,0.648622
pandas/core/generic.py::3166,0.648622
pandas/core/generic.py::3183,0.648622
pandas/core/generic.py::3184,0.648622
pandas/core/generic.py::3186,0.648622
pandas/core/generic.py::3582,0.644111
pandas/core/generic.py::3583,0.644111
pandas/core/internals/blocks.py::3070,0.635366
pandas/core/internals/blocks.py::3071,0.635366
pandas/core/internals/managers.py::361,0.635366
pandas/core/internals/managers.py::364,0.635366
pandas/core/internals/managers.py::372,0.635366
pandas/core/internals/managers.py::374,0.635366
pandas/core/internals/managers.py::380,0.635366
pandas/core/internals/managers.py::386,0.635366
pandas/core/internals/managers.py::396,0.635366
pandas/core/internals/managers.py::398,0.635366
pandas/core/internals/managers.py::403,0.635366
pandas/core/internals/managers.py::404,0.635366
pandas/core/internals/managers.py::409,0.635366
pandas/core/internals/managers.py::416,0.635366
pandas/core/internals/managers.py::419,0.635366
pandas/core/internals/managers.py::420,0.635366
pandas/core/internals/managers.py::422,0.635366
pandas/core/internals/managers.py::424,0.635366
pandas/core/internals/managers.py::425,0.635366
pandas/core/dtypes/missing.py::379,0.631255
pandas/io/formats/format.py::1149,0.631255
pandas/io/formats/format.py::1283,0.631255
pandas/io/formats/format.py::1287,0.631255
pandas/io/formats/format.py::1303,0.631255
pandas/io/formats/format.py::1312,0.631255
pandas/io/formats/format.py::1314,0.631255
pandas/io/formats/format.py::1315,0.631255
pandas/io/formats/format.py::1322,0.631255
pandas/io/formats/format.py::1328,0.631255
pandas/io/formats/format.py::1330,0.631255
pandas/io/formats/format.py::1331,0.631255
pandas/io/formats/format.py::1350,0.631255
pandas/io/formats/format.py::1353,0.631255
pandas/io/formats/format.py::1354,0.631255
pandas/io/formats/format.py::1359,0.631255
pandas/io/formats/format.py::1360,0.631255
pandas/io/formats/format.py::1364,0.631255
pandas/io/formats/format.py::1370,0.631255
pandas/io/formats/format.py::1371,0.631255
pandas/io/formats/format.py::1372,0.631255
pandas/io/formats/format.py::1373,0.631255
pandas/io/formats/format.py::1375,0.631255
pandas/io/formats/format.py::1376,0.631255
pandas/io/formats/format.py::1377,0.631255
pandas/io/formats/format.py::1378,0.631255
pandas/io/formats/format.py::1379,0.631255
pandas/io/formats/format.py::1382,0.631255
pandas/io/formats/format.py::1383,0.631255
pandas/io/formats/format.py::1386,0.631255
pandas/io/formats/format.py::1387,0.631255
pandas/io/formats/format.py::1394,0.631255
pandas/io/formats/format.py::1395,0.631255
pandas/io/formats/format.py::1396,0.631255
pandas/io/formats/format.py::1397,0.631255
pandas/io/formats/format.py::1404,0.631255
pandas/io/formats/format.py::1406,0.631255
pandas/io/formats/format.py::1413,0.631255
pandas/io/formats/format.py::1414,0.631255
pandas/io/formats/format.py::1415,0.631255
pandas/io/formats/format.py::1419,0.631255
pandas/io/formats/format.py::1420,0.631255
pandas/io/formats/format.py::1424,0.631255
pandas/io/formats/format.py::1426,0.631255
pandas/io/formats/format.py::1429,0.631255
pandas/io/formats/format.py::1433,0.631255
pandas/io/formats/format.py::1437,0.631255
pandas/io/formats/format.py::1440,0.631255
pandas/io/formats/format.py::1785,0.631255
pandas/io/formats/format.py::1787,0.631255
pandas/io/formats/format.py::1788,0.631255
pandas/io/formats/format.py::1790,0.631255
pandas/io/formats/format.py::1791,0.631255
pandas/io/formats/format.py::1793,0.631255
pandas/io/formats/format.py::1794,0.631255
pandas/io/formats/format.py::1798,0.631255
pandas/io/formats/format.py::1802,0.631255
pandas/core/internals/blocks.py::3061,0.631125
pandas/core/internals/blocks.py::3063,0.631125
pandas/core/internals/blocks.py::3072,0.631125
pandas/core/internals/blocks.py::2130,0.620998
pandas/core/dtypes/common.py::1397,0.606526
pandas/core/dtypes/missing.py::248,0.606526
pandas/core/dtypes/missing.py::250,0.606526
pandas/core/dtypes/missing.py::255,0.606526
pandas/core/dtypes/missing.py::256,0.606526
pandas/core/dtypes/missing.py::257,0.606526
pandas/core/internals/blocks.py::217,0.603641
pandas/core/internals/blocks.py::2123,0.601947
pandas/core/internals/blocks.py::2124,0.601947
pandas/core/indexing.py::974,0.597139
pandas/core/dtypes/missing.py::377,0.595243
pandas/core/dtypes/missing.py::378,0.595243
pandas/core/indexing.py::968,0.590630
pandas/core/indexing.py::978,0.590630
pandas/core/indexing.py::981,0.590630
pandas/core/indexing.py::982,0.590630
pandas/core/indexing.py::983,0.590630
pandas/core/internals/managers.py::1534,0.589464
pandas/core/series.py::527,0.589464
pandas/core/indexing.py::949,0.584330
pandas/core/series.py::566,0.582740
pandas/core/dtypes/common.py::1643,0.579463
pandas/core/indexing.py::2223,0.578227
pandas/core/indexing.py::2232,0.578227
pandas/core/indexing.py::789,0.578227
pandas/core/indexing.py::791,0.578227
pandas/_config/config.py::145,0.576711
pandas/_config/config.py::146,0.576711
pandas/_config/config.py::147,0.576711
pandas/_config/config.py::404,0.576711
pandas/_config/config.py::409,0.576711
pandas/_config/config.py::412,0.576711
pandas/_config/config.py::414,0.576711
pandas/_config/config.py::415,0.576711
pandas/_config/config.py::418,0.576711
pandas/_config/config.py::419,0.576711
pandas/_config/config.py::420,0.576711
pandas/_config/config.py::812,0.576711
pandas/core/accessor.py::184,0.576711
pandas/core/accessor.py::187,0.576711
pandas/core/accessor.py::192,0.576711
pandas/core/accessor.py::193,0.576711
pandas/core/base.py::116,0.576711
pandas/core/base.py::125,0.576711
pandas/core/base.py::131,0.576711
pandas/core/config_init.py::348,0.576711
pandas/core/config_init.py::349,0.576711
pandas/core/frame.py::663,0.576711
pandas/core/frame.py::664,0.576711
pandas/core/frame.py::672,0.576711
pandas/core/frame.py::673,0.576711
pandas/core/frame.py::677,0.576711
pandas/core/frame.py::678,0.576711
pandas/core/frame.py::679,0.576711
pandas/core/frame.py::680,0.576711
pandas/core/frame.py::681,0.576711
pandas/core/frame.py::682,0.576711
pandas/core/frame.py::683,0.576711
pandas/core/frame.py::686,0.576711
pandas/core/frame.py::687,0.576711
pandas/core/frame.py::688,0.576711
pandas/core/frame.py::689,0.576711
pandas/core/frame.py::690,0.576711
pandas/core/frame.py::691,0.576711
pandas/core/frame.py::692,0.576711
pandas/core/frame.py::693,0.576711
pandas/core/frame.py::696,0.576711
pandas/core/frame.py::803,0.576711
pandas/core/frame.py::805,0.576711
pandas/core/frame.py::806,0.576711
pandas/core/frame.py::807,0.576711
pandas/core/frame.py::808,0.576711
pandas/core/frame.py::809,0.576711
pandas/core/frame.py::810,0.576711
pandas/core/frame.py::811,0.576711
pandas/core/frame.py::812,0.576711
pandas/core/frame.py::813,0.576711
pandas/core/frame.py::814,0.576711
pandas/core/frame.py::815,0.576711
pandas/core/frame.py::816,0.576711
pandas/core/frame.py::817,0.576711
pandas/core/frame.py::818,0.576711
pandas/core/frame.py::819,0.576711
pandas/core/frame.py::820,0.576711
pandas/core/frame.py::821,0.576711
pandas/core/frame.py::822,0.576711
pandas/core/frame.py::823,0.576711
pandas/core/frame.py::825,0.576711
pandas/core/generic.py::11020,0.576711
pandas/core/generic.py::11023,0.576711
pandas/core/generic.py::11024,0.576711
pandas/core/generic.py::11025,0.576711
pandas/core/generic.py::11026,0.576711
pandas/core/generic.py::11027,0.576711
pandas/core/generic.py::11028,0.576711
pandas/core/generic.py::11030,0.576711
pandas/core/generic.py::11031,0.576711
pandas/core/generic.py::1722,0.576711
pandas/core/nanops.py::100,0.576711
pandas/core/nanops.py::105,0.576711
pandas/core/nanops.py::114,0.576711
pandas/core/nanops.py::128,0.576711
pandas/core/nanops.py::130,0.576711
pandas/core/nanops.py::175,0.576711
pandas/core/nanops.py::184,0.576711
pandas/core/nanops.py::187,0.576711
pandas/core/nanops.py::191,0.576711
pandas/core/nanops.py::860,0.576711
pandas/core/nanops.py::861,0.576711
pandas/core/nanops.py::864,0.576711
pandas/core/nanops.py::871,0.576711
pandas/core/nanops.py::873,0.576711
pandas/core/nanops.py::874,0.576711
pandas/core/strings.py::123,0.576711
pandas/core/strings.py::129,0.576711
pandas/core/strings.py::130,0.576711
pandas/core/strings.py::131,0.576711
pandas/core/strings.py::1946,0.576711
pandas/core/strings.py::1952,0.576711
pandas/core/strings.py::1970,0.576711
pandas/core/strings.py::1971,0.576711
pandas/core/strings.py::2039,0.576711
pandas/core/strings.py::2040,0.576711
pandas/core/strings.py::2041,0.576711
pandas/core/strings.py::2044,0.576711
pandas/core/strings.py::2046,0.576711
pandas/core/strings.py::2047,0.576711
pandas/core/strings.py::205,0.576711
pandas/core/strings.py::2072,0.576711
pandas/core/strings.py::2074,0.576711
pandas/core/strings.py::208,0.576711
pandas/core/strings.py::2080,0.576711
pandas/core/strings.py::2082,0.576711
pandas/core/strings.py::2083,0.576711
pandas/core/strings.py::2086,0.576711
pandas/core/strings.py::2089,0.576711
pandas/core/strings.py::209,0.576711
pandas/core/strings.py::2090,0.576711
pandas/core/strings.py::2095,0.576711
pandas/core/strings.py::2097,0.576711
pandas/core/strings.py::210,0.576711
pandas/core/strings.py::212,0.576711
pandas/core/strings.py::2128,0.576711
pandas/core/strings.py::213,0.576711
pandas/core/strings.py::2135,0.576711
pandas/core/strings.py::214,0.576711
pandas/core/strings.py::2141,0.576711
pandas/core/strings.py::2143,0.576711
pandas/core/strings.py::2149,0.576711
pandas/core/strings.py::215,0.576711
pandas/core/strings.py::2152,0.576711
pandas/core/strings.py::2154,0.576711
pandas/core/strings.py::2156,0.576711
pandas/core/strings.py::216,0.576711
pandas/core/strings.py::2176,0.576711
pandas/core/strings.py::2179,0.576711
pandas/core/strings.py::2182,0.576711
pandas/core/strings.py::2183,0.576711
pandas/core/strings.py::2184,0.576711
pandas/core/strings.py::2187,0.576711
pandas/core/strings.py::2191,0.576711
pandas/core/strings.py::2208,0.576711
pandas/core/strings.py::2209,0.576711
pandas/core/strings.py::2214,0.576711
pandas/core/strings.py::2215,0.576711
pandas/core/strings.py::2216,0.576711
pandas/core/strings.py::236,0.576711
pandas/core/strings.py::240,0.576711
pandas/io/common.py::127,0.576711
pandas/io/common.py::130,0.576711
pandas/io/common.py::132,0.576711
pandas/io/common.py::89,0.576711
pandas/io/common.py::91,0.576711
pandas/io/formats/format.py::1021,0.576711
pandas/io/formats/format.py::1022,0.576711
pandas/io/formats/format.py::1023,0.576711
pandas/io/formats/format.py::1025,0.576711
pandas/io/formats/format.py::1026,0.576711
pandas/io/formats/format.py::1029,0.576711
pandas/io/formats/format.py::1033,0.576711
pandas/io/formats/format.py::1037,0.576711
pandas/io/formats/format.py::1041,0.576711
pandas/io/formats/format.py::1045,0.576711
pandas/io/formats/format.py::1050,0.576711
pandas/io/formats/format.py::1051,0.576711
pandas/io/formats/format.py::1052,0.576711
pandas/io/formats/format.py::1053,0.576711
pandas/io/formats/format.py::1055,0.576711
pandas/io/formats/format.py::1063,0.576711
pandas/io/formats/format.py::1066,0.576711
pandas/io/formats/format.py::1071,0.576711
pandas/io/formats/format.py::1074,0.576711
pandas/io/formats/format.py::1077,0.576711
pandas/io/formats/format.py::1080,0.576711
pandas/io/formats/format.py::1082,0.576711
pandas/io/formats/format.py::1083,0.576711
pandas/io/formats/format.py::1367,0.576711
pandas/io/formats/format.py::1751,0.576711
pandas/io/formats/format.py::1806,0.576711
pandas/io/formats/format.py::1809,0.576711
pandas/io/formats/format.py::468,0.576711
pandas/io/formats/format.py::469,0.576711
pandas/io/formats/format.py::473,0.576711
pandas/io/formats/format.py::480,0.576711
pandas/io/formats/format.py::482,0.576711
pandas/io/formats/format.py::492,0.576711
pandas/io/formats/format.py::493,0.576711
pandas/io/formats/format.py::497,0.576711
pandas/io/formats/format.py::498,0.576711
pandas/io/formats/format.py::502,0.576711
pandas/io/formats/format.py::503,0.576711
pandas/io/formats/format.py::528,0.576711
pandas/io/formats/format.py::529,0.576711
pandas/io/formats/format.py::530,0.576711
pandas/io/formats/format.py::532,0.576711
pandas/io/formats/format.py::572,0.576711
pandas/io/formats/format.py::573,0.576711
pandas/io/formats/format.py::575,0.576711
pandas/io/formats/format.py::576,0.576711
pandas/io/formats/format.py::578,0.576711
pandas/io/formats/format.py::580,0.576711
pandas/io/formats/format.py::581,0.576711
pandas/io/formats/format.py::582,0.576711
pandas/io/formats/format.py::592,0.576711
pandas/io/formats/format.py::593,0.576711
pandas/io/formats/format.py::594,0.576711
pandas/io/formats/format.py::595,0.576711
pandas/io/formats/format.py::596,0.576711
pandas/io/formats/format.py::597,0.576711
pandas/io/formats/format.py::598,0.576711
pandas/io/formats/format.py::599,0.576711
pandas/io/formats/format.py::600,0.576711
pandas/io/formats/format.py::601,0.576711
pandas/io/formats/format.py::602,0.576711
pandas/io/formats/format.py::603,0.576711
pandas/io/formats/format.py::604,0.576711
pandas/io/formats/format.py::606,0.576711
pandas/io/formats/format.py::607,0.576711
pandas/io/formats/format.py::611,0.576711
pandas/io/formats/format.py::612,0.576711
pandas/io/formats/format.py::614,0.576711
pandas/io/formats/format.py::618,0.576711
pandas/io/formats/format.py::620,0.576711
pandas/io/formats/format.py::621,0.576711
pandas/io/formats/format.py::628,0.576711
pandas/io/formats/format.py::631,0.576711
pandas/io/formats/format.py::632,0.576711
pandas/io/formats/format.py::633,0.576711
pandas/io/formats/format.py::636,0.576711
pandas/io/formats/format.py::637,0.576711
pandas/io/formats/format.py::638,0.576711
pandas/io/formats/format.py::639,0.576711
pandas/io/formats/format.py::640,0.576711
pandas/io/formats/format.py::655,0.576711
pandas/io/formats/format.py::657,0.576711
pandas/io/formats/format.py::660,0.576711
pandas/io/formats/format.py::661,0.576711
pandas/io/formats/format.py::662,0.576711
pandas/io/formats/format.py::665,0.576711
pandas/io/formats/format.py::666,0.576711
pandas/io/formats/format.py::667,0.576711
pandas/io/formats/format.py::669,0.576711
pandas/io/formats/format.py::670,0.576711
pandas/io/formats/format.py::672,0.576711
pandas/io/formats/format.py::673,0.576711
pandas/io/formats/format.py::675,0.576711
pandas/io/formats/format.py::676,0.576711
pandas/io/formats/format.py::698,0.576711
pandas/io/formats/format.py::709,0.576711
pandas/io/formats/format.py::711,0.576711
pandas/io/formats/format.py::712,0.576711
pandas/io/formats/format.py::713,0.576711
pandas/io/formats/format.py::714,0.576711
pandas/io/formats/format.py::722,0.576711
pandas/io/formats/format.py::724,0.576711
pandas/io/formats/format.py::727,0.576711
pandas/io/formats/format.py::729,0.576711
pandas/io/formats/format.py::741,0.576711
pandas/io/formats/format.py::751,0.576711
pandas/io/formats/format.py::753,0.576711
pandas/io/formats/format.py::757,0.576711
pandas/io/formats/format.py::758,0.576711
pandas/io/formats/format.py::759,0.576711
pandas/io/formats/format.py::760,0.576711
pandas/io/formats/format.py::761,0.576711
pandas/io/formats/format.py::763,0.576711
pandas/io/formats/format.py::764,0.576711
pandas/io/formats/format.py::765,0.576711
pandas/io/formats/format.py::768,0.576711
pandas/io/formats/format.py::769,0.576711
pandas/io/formats/format.py::770,0.576711
pandas/io/formats/format.py::772,0.576711
pandas/io/formats/format.py::773,0.576711
pandas/io/formats/format.py::774,0.576711
pandas/io/formats/format.py::777,0.576711
pandas/io/formats/format.py::778,0.576711
pandas/io/formats/format.py::780,0.576711
pandas/io/formats/format.py::783,0.576711
pandas/io/formats/format.py::808,0.576711
pandas/io/formats/format.py::814,0.576711
pandas/io/formats/format.py::816,0.576711
pandas/io/formats/format.py::818,0.576711
pandas/io/formats/format.py::827,0.576711
pandas/io/formats/format.py::828,0.576711
pandas/io/formats/format.py::832,0.576711
pandas/io/formats/format.py::836,0.576711
pandas/io/formats/format.py::837,0.576711
pandas/io/formats/format.py::839,0.576711
pandas/io/formats/format.py::841,0.576711
pandas/io/formats/format.py::842,0.576711
pandas/io/formats/format.py::843,0.576711
pandas/io/formats/format.py::844,0.576711
pandas/io/formats/format.py::845,0.576711
pandas/io/formats/format.py::855,0.576711
pandas/io/formats/format.py::857,0.576711
pandas/io/formats/format.py::858,0.576711
pandas/io/formats/format.py::862,0.576711
pandas/io/formats/format.py::863,0.576711
pandas/io/formats/format.py::864,0.576711
pandas/io/formats/format.py::865,0.576711
pandas/io/formats/format.py::867,0.576711
pandas/io/formats/format.py::918,0.576711
pandas/io/formats/format.py::950,0.576711
pandas/io/formats/format.py::951,0.576711
pandas/io/formats/format.py::952,0.576711
pandas/io/formats/format.py::953,0.576711
pandas/io/formats/format.py::954,0.576711
pandas/io/formats/format.py::955,0.576711
pandas/io/formats/format.py::956,0.576711
pandas/io/formats/format.py::957,0.576711
pandas/io/formats/format.py::958,0.576711
pandas/io/formats/format.py::991,0.576711
pandas/io/formats/format.py::993,0.576711
pandas/io/formats/format.py::995,0.576711
pandas/core/indexing.py::1854,0.566575
pandas/core/generic.py::5118,0.563871
pandas/core/indexing.py::1838,0.561007
pandas/core/indexing.py::1852,0.561007
pandas/core/internals/managers.py::1516,0.557977
pandas/core/internals/managers.py::292,0.557977
pandas/core/series.py::430,0.557977
pandas/core/base.py::1050,0.555600
pandas/core/base.py::1054,0.555600
pandas/core/internals/blocks.py::604,0.554200
pandas/core/internals/blocks.py::605,0.554200
pandas/core/series.py::3796,0.554200
pandas/core/series.py::3802,0.554200
pandas/core/series.py::3806,0.554200
pandas/core/series.py::3810,0.554200
pandas/core/series.py::3816,0.554200
pandas/core/series.py::3818,0.554200
pandas/core/series.py::3819,0.554200
pandas/core/series.py::3823,0.554200
pandas/core/series.py::3827,0.554200
pandas/core/series.py::3828,0.554200
pandas/core/series.py::3830,0.554200
pandas/core/series.py::3835,0.554200
pandas/core/indexing.py::631,0.550347
pandas/core/dtypes/common.py::1431,0.546724
pandas/core/indexing.py::713,0.545240
pandas/core/indexing.py::714,0.545240
pandas/core/arrays/datetimelike.py::441,0.544409
pandas/core/arrays/datetimelike.py::955,0.544409
pandas/core/arrays/datetimelike.py::957,0.544409
pandas/core/indexes/datetimelike.py::366,0.544409
pandas/core/indexes/datetimelike.py::376,0.544409
pandas/core/indexes/datetimelike.py::377,0.544409
pandas/core/indexes/datetimelike.py::378,0.544409
pandas/core/indexes/datetimelike.py::379,0.544409
pandas/core/indexes/datetimelike.py::380,0.544409
pandas/core/indexes/datetimelike.py::381,0.544409
pandas/core/indexes/datetimelike.py::382,0.544409
pandas/core/indexes/datetimelike.py::383,0.544409
pandas/io/formats/printing.py::356,0.544409
pandas/io/formats/printing.py::357,0.544409
pandas/io/formats/printing.py::446,0.544409
pandas/core/indexes/extension.py::58,0.542836
pandas/core/indexes/extension.py::59,0.542836
pandas/core/indexes/extension.py::63,0.542836
pandas/core/indexing.py::1894,0.534139
pandas/core/nanops.py::1251,0.534139
pandas/core/nanops.py::1263,0.534139
pandas/core/nanops.py::1264,0.534139
pandas/core/nanops.py::1267,0.534139
pandas/core/nanops.py::1268,0.534139
pandas/core/nanops.py::1271,0.534139
pandas/core/nanops.py::173,0.534139
pandas/core/nanops.py::228,0.534139
pandas/core/nanops.py::229,0.534139
pandas/core/nanops.py::231,0.534139
pandas/core/nanops.py::286,0.534139
pandas/core/nanops.py::288,0.534139
pandas/core/nanops.py::290,0.534139
pandas/core/nanops.py::296,0.534139
pandas/core/nanops.py::297,0.534139
pandas/core/nanops.py::299,0.534139
pandas/core/nanops.py::305,0.534139
pandas/core/nanops.py::309,0.534139
pandas/core/nanops.py::310,0.534139
pandas/core/nanops.py::313,0.534139
pandas/core/nanops.py::315,0.534139
pandas/core/nanops.py::325,0.534139
pandas/core/nanops.py::326,0.534139
pandas/core/nanops.py::327,0.534139
pandas/core/nanops.py::331,0.534139
pandas/core/nanops.py::336,0.534139
pandas/core/nanops.py::342,0.534139
pandas/core/nanops.py::354,0.534139
pandas/core/nanops.py::367,0.534139
pandas/core/series.py::3846,0.534139
pandas/core/series.py::3848,0.534139
pandas/core/series.py::3849,0.534139
pandas/core/series.py::3851,0.534139
pandas/core/series.py::3853,0.534139
pandas/core/series.py::3856,0.534139
pandas/core/series.py::3859,0.534139
pandas/core/series.py::3865,0.534139
pandas/core/series.py::3866,0.534139
pandas/core/series.py::3870,0.534139
pandas/core/series.py::3871,0.534139
pandas/core/internals/managers.py::1488,0.531053
pandas/core/series.py::260,0.531053
pandas/core/generic.py::3187,0.530732
pandas/core/indexing.py::700,0.530732
pandas/core/indexing.py::703,0.530732
pandas/core/indexing.py::705,0.530732
pandas/core/indexing.py::708,0.530732
pandas/core/indexing.py::712,0.530732
pandas/core/indexing.py::721,0.530732
pandas/core/indexing.py::729,0.530732
pandas/core/indexing.py::795,0.530732
pandas/core/indexing.py::798,0.530732
pandas/core/construction.py::531,0.526122
pandas/core/construction.py::534,0.526122
pandas/core/construction.py::537,0.526122
pandas/core/construction.py::540,0.526122
pandas/core/construction.py::545,0.526122
pandas/core/construction.py::546,0.526122
pandas/core/construction.py::567,0.526122
pandas/core/dtypes/cast.py::1523,0.526122
pandas/core/dtypes/cast.py::1525,0.526122
pandas/core/dtypes/cast.py::1537,0.526122
pandas/core/indexes/base.py::964,0.516632
pandas/core/indexes/base.py::967,0.516632
pandas/core/indexes/base.py::970,0.516632
pandas/core/indexes/base.py::971,0.516632
pandas/io/formats/format.py::481,0.516632
pandas/io/formats/printing.py::232,0.516632
pandas/core/generic.py::5368,0.516112
pandas/core/generic.py::5370,0.516112
pandas/core/internals/managers.py::249,0.516112
pandas/core/internals/managers.py::250,0.516112
pandas/core/indexes/base.py::5560,0.513086
pandas/core/indexes/base.py::5561,0.513086
pandas/core/indexes/base.py::5562,0.513086
pandas/core/indexes/base.py::5563,0.513086
pandas/core/indexes/base.py::977,0.513086
pandas/core/series.py::1068,0.513086
pandas/core/series.py::308,0.509886
pandas/core/series.py::309,0.509886
pandas/core/indexing.py::616,0.508933
pandas/core/indexing.py::617,0.508933
pandas/core/base.py::647,0.504887
pandas/core/indexes/base.py::3910,0.504416
pandas/core/series.py::234,0.503373
pandas/core/dtypes/common.py::217,0.501258
pandas/core/indexes/base.py::1174,0.501258
pandas/core/construction.py::542,0.499798
pandas/core/generic.py::5484,0.499798
pandas/core/generic.py::5509,0.499798
pandas/core/generic.py::5519,0.499798
pandas/core/generic.py::5520,0.499798
pandas/core/internals/managers.py::561,0.499798
pandas/core/dtypes/common.py::1662,0.499409
pandas/core/dtypes/common.py::1664,0.499409
pandas/core/dtypes/common.py::1665,0.499409
pandas/core/dtypes/common.py::1668,0.499409
pandas/core/dtypes/common.py::604,0.499409
pandas/core/dtypes/common.py::605,0.499409
pandas/core/dtypes/common.py::607,0.499409
pandas/core/dtypes/common.py::614,0.499409
pandas/core/dtypes/missing.py::138,0.497076
pandas/core/dtypes/missing.py::140,0.497076
pandas/core/dtypes/missing.py::142,0.497076
pandas/core/dtypes/missing.py::143,0.497076
pandas/core/dtypes/missing.py::145,0.497076
pandas/core/dtypes/missing.py::146,0.497076
pandas/core/dtypes/missing.py::147,0.497076
pandas/core/dtypes/missing.py::148,0.497076
pandas/core/dtypes/missing.py::149,0.497076
pandas/core/dtypes/missing.py::150,0.497076
pandas/core/dtypes/missing.py::153,0.497076
pandas/core/dtypes/missing.py::227,0.497076
pandas/core/dtypes/missing.py::229,0.497076
pandas/core/dtypes/missing.py::232,0.497076
pandas/core/dtypes/missing.py::236,0.497076
pandas/core/dtypes/missing.py::238,0.497076
pandas/core/dtypes/missing.py::244,0.497076
pandas/core/dtypes/missing.py::246,0.497076
pandas/core/dtypes/missing.py::266,0.497076
pandas/core/dtypes/missing.py::269,0.497076
pandas/core/indexing.py::613,0.497076
pandas/core/indexing.py::629,0.497076
pandas/core/construction.py::413,0.495066
pandas/core/construction.py::424,0.495066
pandas/core/generic.py::3190,0.493305
pandas/core/internals/blocks.py::3024,0.491064
pandas/core/series.py::304,0.491064
pandas/core/dtypes/common.py::1866,0.490262
pandas/core/dtypes/common.py::1867,0.490262
pandas/core/dtypes/common.py::1872,0.490262
pandas/core/dtypes/common.py::1873,0.490262
pandas/core/dtypes/common.py::1883,0.490262
pandas/core/construction.py::528,0.489099
pandas/core/dtypes/cast.py::1109,0.489099
pandas/core/dtypes/cast.py::1110,0.489099
pandas/core/dtypes/cast.py::1112,0.489099
pandas/core/dtypes/cast.py::1115,0.489099
pandas/core/dtypes/cast.py::1153,0.485239
pandas/core/construction.py::541,0.484941
pandas/core/series.py::1083,0.483919
pandas/core/series.py::1085,0.483919
pandas/core/series.py::1086,0.483919
pandas/core/construction.py::527,0.483343
pandas/core/series.py::324,0.483343
pandas/core/series.py::326,0.483343
pandas/core/indexes/base.py::1208,0.482913
pandas/core/internals/managers.py::1479,0.481469
pandas/core/dtypes/common.py::1886,0.472966
pandas/core/construction.py::584,0.472415
pandas/core/construction.py::585,0.472415
pandas/core/construction.py::586,0.472415
pandas/core/construction.py::587,0.472415
pandas/core/series.py::219,0.472415
pandas/core/series.py::221,0.472415
pandas/core/series.py::233,0.472415
pandas/core/series.py::236,0.472415
pandas/core/series.py::238,0.472415
pandas/core/series.py::241,0.472415
pandas/core/series.py::245,0.472415
pandas/core/series.py::259,0.472415
pandas/core/series.py::300,0.472415
pandas/core/series.py::318,0.472415
pandas/core/generic.py::3141,0.471336
pandas/core/dtypes/missing.py::127,0.464643
pandas/core/dtypes/missing.py::135,0.464643
pandas/core/indexing.py::595,0.462825
pandas/core/indexing.py::598,0.462825
pandas/core/indexing.py::600,0.462825
pandas/core/indexing.py::607,0.462825
pandas/core/indexing.py::626,0.462825
pandas/core/indexing.py::630,0.462825
pandas/core/dtypes/cast.py::1353,0.460557
pandas/core/internals/blocks.py::3023,0.460557
pandas/core/internals/blocks.py::3018,0.458935
pandas/core/internals/blocks.py::3021,0.458935
pandas/core/internals/blocks.py::192,0.458818
pandas/core/internals/blocks.py::197,0.458818
pandas/core/internals/blocks.py::200,0.458818
pandas/core/internals/blocks.py::575,0.458818
pandas/core/internals/blocks.py::577,0.458818
pandas/core/internals/blocks.py::584,0.458818
pandas/core/internals/blocks.py::592,0.458818
pandas/core/internals/blocks.py::600,0.458818
pandas/core/internals/blocks.py::603,0.458818
pandas/core/generic.py::5119,0.457330
pandas/core/generic.py::5120,0.457330
pandas/core/generic.py::5124,0.457330
pandas/core/generic.py::5126,0.457330
pandas/core/generic.py::5127,0.457330
pandas/core/internals/managers.py::1440,0.457330
pandas/core/internals/managers.py::1448,0.457330
pandas/core/internals/managers.py::1449,0.457330
pandas/core/internals/managers.py::1450,0.457330
pandas/core/internals/managers.py::1478,0.457330
pandas/core/internals/managers.py::1481,0.457330
pandas/core/series.py::207,0.457330
pandas/core/series.py::328,0.457330
pandas/core/series.py::329,0.457330
pandas/core/series.py::330,0.457330
pandas/core/series.py::400,0.457330
pandas/core/series.py::403,0.457330
pandas/core/series.py::404,0.457330
pandas/core/series.py::416,0.457330
pandas/core/series.py::417,0.457330
pandas/core/series.py::441,0.457330
pandas/core/series.py::445,0.457330
pandas/core/series.py::447,0.457330
pandas/core/dtypes/cast.py::1137,0.455742
pandas/core/dtypes/cast.py::1138,0.455742
pandas/core/dtypes/cast.py::1141,0.455742
pandas/core/dtypes/cast.py::1145,0.455742
pandas/core/dtypes/cast.py::1147,0.455742
pandas/core/dtypes/cast.py::1149,0.455742
pandas/core/dtypes/cast.py::1152,0.455742
pandas/core/dtypes/common.py::468,0.455742
pandas/core/generic.py::5097,0.455742
pandas/core/generic.py::5101,0.455742
pandas/core/dtypes/cast.py::1350,0.452615
pandas/core/dtypes/common.py::399,0.452615
pandas/core/construction.py::471,0.449551
pandas/core/construction.py::472,0.449551
pandas/core/construction.py::475,0.449551
pandas/core/dtypes/common.py::826,0.449551
pandas/core/dtypes/cast.py::1331,0.448042
pandas/core/dtypes/cast.py::1335,0.448042
pandas/core/dtypes/cast.py::1348,0.448042
pandas/core/dtypes/cast.py::1229,0.446548
pandas/core/dtypes/cast.py::1230,0.446548
pandas/core/dtypes/cast.py::1232,0.446548
pandas/core/dtypes/cast.py::1355,0.446548
pandas/core/indexing.py::229,0.445389
pandas/core/internals/managers.py::904,0.445389
pandas/core/construction.py::452,0.445069
pandas/core/construction.py::486,0.445069
pandas/core/construction.py::489,0.445069
pandas/core/construction.py::498,0.445069
pandas/core/construction.py::503,0.445069
pandas/core/arrays/datetimelike.py::619,0.443905
pandas/core/arrays/datetimelike.py::621,0.443905
pandas/core/arrays/datetimelike.py::623,0.443905
pandas/io/formats/format.py::301,0.443905
pandas/io/formats/format.py::302,0.443905
pandas/io/formats/format.py::304,0.443905
pandas/io/formats/format.py::324,0.443905
pandas/core/construction.py::395,0.443605
pandas/core/construction.py::398,0.443605
pandas/core/construction.py::408,0.443605
pandas/core/construction.py::411,0.443605
pandas/core/generic.py::5166,0.442670
pandas/core/generic.py::5167,0.442670
pandas/core/generic.py::5168,0.442670
pandas/core/generic.py::5170,0.442670
pandas/core/generic.py::5175,0.442670
pandas/core/generic.py::5176,0.442670
pandas/core/generic.py::5178,0.442670
pandas/core/internals/managers.py::903,0.442670
pandas/core/generic.py::5116,0.440719
pandas/core/generic.py::5117,0.440719
pandas/core/series.py::1023,0.437975
pandas/core/series.py::1036,0.437975
pandas/core/series.py::1040,0.437975
pandas/core/series.py::1048,0.437975
pandas/core/series.py::1055,0.437975
pandas/core/series.py::1058,0.437975
pandas/core/series.py::1062,0.437975
pandas/core/series.py::1064,0.437975
pandas/core/series.py::1065,0.437975
pandas/core/arrays/datetimelike.py::454,0.437023
pandas/core/construction.py::396,0.436511
pandas/core/generic.py::263,0.436511
pandas/core/generic.py::264,0.436511
pandas/core/generic.py::267,0.436511
pandas/core/generic.py::273,0.436511
pandas/core/indexes/extension.py::80,0.436511
pandas/core/indexes/extension.py::81,0.436511
pandas/core/indexes/extension.py::85,0.436511
pandas/core/series.py::239,0.436511
pandas/core/internals/managers.py::234,0.435113
pandas/core/construction.py::379,0.433744
pandas/core/construction.py::382,0.433744
pandas/core/construction.py::385,0.433744
pandas/core/common.py::133,0.427091
pandas/core/internals/blocks.py::341,0.427091
pandas/core/dtypes/cast.py::1233,0.426514
pandas/core/dtypes/cast.py::1236,0.426514
pandas/core/dtypes/cast.py::1237,0.426514
pandas/core/dtypes/cast.py::1238,0.426514
pandas/core/dtypes/cast.py::1240,0.426514
pandas/core/dtypes/cast.py::1319,0.426514
pandas/core/common.py::125,0.425796
pandas/core/dtypes/common.py::611,0.421322
pandas/core/dtypes/common.py::612,0.421322
pandas/core/internals/blocks.py::211,0.417175
pandas/core/internals/blocks.py::878,0.417175
pandas/core/internals/blocks.py::921,0.417175
pandas/core/internals/managers.py::1530,0.417175
pandas/core/series.py::489,0.417175
pandas/core/common.py::147,0.413469
pandas/core/indexes/base.py::919,0.411202
pandas/io/formats/format.py::1795,0.411202
pandas/io/formats/format.py::1799,0.411202
pandas/core/dtypes/common.py::1723,0.409974
pandas/core/dtypes/common.py::215,0.408829
pandas/core/dtypes/common.py::216,0.408829
pandas/core/internals/blocks.py::2047,0.408424
pandas/core/internals/blocks.py::2048,0.408424
pandas/core/internals/blocks.py::2049,0.408424
pandas/core/internals/blocks.py::2050,0.408424
pandas/core/internals/blocks.py::2051,0.408424
pandas/core/indexes/extension.py::218,0.404942
pandas/tseries/offsets.py::460,0.404942
pandas/core/dtypes/common.py::1474,0.403244
pandas/core/dtypes/common.py::1476,0.403244
pandas/core/dtypes/common.py::1477,0.403244
pandas/core/dtypes/common.py::1481,0.403244
pandas/core/dtypes/common.py::1485,0.403244
pandas/core/dtypes/common.py::1492,0.403244
pandas/core/dtypes/common.py::1496,0.403244
pandas/core/series.py::1025,0.403055
pandas/core/series.py::786,0.400202
pandas/core/series.py::301,0.399954
pandas/core/series.py::303,0.399954
pandas/core/dtypes/common.py::1727,0.398937
pandas/core/dtypes/inference.py::360,0.397881
pandas/core/indexes/base.py::5581,0.397881
pandas/core/indexes/base.py::5587,0.397881
pandas/core/indexes/base.py::5590,0.397881
pandas/core/dtypes/inference.py::355,0.396834
pandas/core/dtypes/inference.py::356,0.396834
pandas/core/common.py::121,0.390721
pandas/core/common.py::122,0.390721
pandas/core/dtypes/inference.py::391,0.387740
pandas/core/dtypes/inference.py::392,0.387740
pandas/core/dtypes/missing.py::259,0.385987
pandas/core/dtypes/missing.py::263,0.385987
pandas/core/indexes/base.py::5510,0.385837
pandas/core/indexes/base.py::5512,0.385837
pandas/core/internals/blocks.py::2042,0.385147
pandas/core/internals/blocks.py::2043,0.385147
pandas/core/dtypes/common.py::1696,0.381132
pandas/core/indexes/base.py::5509,0.381132
pandas/core/internals/blocks.py::3016,0.381132
pandas/core/internals/blocks.py::3010,0.380211
pandas/core/internals/blocks.py::3012,0.380211
pandas/core/internals/blocks.py::3014,0.380211
pandas/core/common.py::341,0.378390
pandas/core/common.py::344,0.378390
pandas/core/internals/blocks.py::254,0.378390
pandas/core/dtypes/common.py::1691,0.377489
pandas/core/dtypes/common.py::1695,0.377489
pandas/core/dtypes/common.py::1728,0.377489
pandas/core/dtypes/common.py::1734,0.377489
pandas/core/dtypes/common.py::1735,0.377489
pandas/core/dtypes/common.py::1741,0.377489
pandas/core/dtypes/common.py::1742,0.377489
pandas/core/dtypes/common.py::1749,0.377489
pandas/core/dtypes/common.py::1860,0.377489
pandas/core/dtypes/common.py::1862,0.377489
pandas/core/dtypes/common.py::1863,0.377489
pandas/core/dtypes/common.py::248,0.377489
pandas/core/dtypes/common.py::293,0.377489
pandas/core/dtypes/common.py::295,0.377489
pandas/core/dtypes/common.py::296,0.377489
pandas/core/dtypes/common.py::368,0.377489
pandas/core/dtypes/common.py::536,0.377489
pandas/core/dtypes/common.py::538,0.377489
pandas/core/dtypes/common.py::569,0.377489
pandas/core/dtypes/common.py::571,0.377489
pandas/core/dtypes/dtypes.py::1136,0.377489
pandas/core/dtypes/dtypes.py::1147,0.377489
pandas/core/internals/blocks.py::119,0.377489
pandas/core/internals/blocks.py::120,0.377489
pandas/core/internals/blocks.py::121,0.377489
pandas/core/internals/blocks.py::123,0.377489
pandas/core/internals/blocks.py::150,0.377489
pandas/core/internals/blocks.py::153,0.377489
pandas/core/internals/blocks.py::158,0.377489
pandas/core/internals/blocks.py::249,0.377489
pandas/core/internals/blocks.py::253,0.377489
pandas/core/internals/blocks.py::256,0.377489
pandas/core/internals/blocks.py::2999,0.377489
pandas/core/internals/blocks.py::3000,0.377489
pandas/core/internals/blocks.py::3002,0.377489
pandas/core/internals/blocks.py::3005,0.377489
pandas/core/internals/blocks.py::3007,0.377489
pandas/core/internals/blocks.py::3029,0.377489
pandas/core/internals/blocks.py::3035,0.377489
pandas/core/internals/blocks.py::3040,0.377489
pandas/core/internals/blocks.py::3043,0.377489
pandas/core/internals/blocks.py::3044,0.377489
pandas/core/internals/blocks.py::3045,0.377489
pandas/core/internals/blocks.py::3052,0.377489
pandas/core/dtypes/base.py::272,0.376594
pandas/core/dtypes/base.py::274,0.376594
pandas/core/dtypes/base.py::279,0.376594
pandas/core/dtypes/common.py::1722,0.376594
pandas/core/dtypes/common.py::1726,0.376594
pandas/core/dtypes/common.py::207,0.376594
pandas/core/dtypes/common.py::435,0.376594
pandas/core/dtypes/common.py::437,0.376594
pandas/core/dtypes/common.py::500,0.376594
pandas/core/dtypes/common.py::502,0.376594
pandas/core/dtypes/dtypes.py::927,0.376594
pandas/core/dtypes/dtypes.py::940,0.376594
pandas/core/dtypes/generic.py::12,0.374824
pandas/core/generic.py::205,0.374824
pandas/core/generic.py::215,0.374824
pandas/core/generic.py::216,0.374824
pandas/core/generic.py::217,0.374824
pandas/core/generic.py::218,0.374824
pandas/core/generic.py::219,0.374824
pandas/core/generic.py::222,0.374824
pandas/core/frame.py::1046,0.371675
pandas/core/dtypes/missing.py::136,0.369069
pandas/core/series.py::1128,0.365449
pandas/core/indexes/base.py::613,0.364673
pandas/core/dtypes/common.py::1160,0.363489
pandas/core/series.py::1008,0.363489
pandas/core/series.py::1012,0.363489
pandas/core/series.py::1015,0.363489
pandas/core/dtypes/common.py::1609,0.363096
pandas/core/dtypes/common.py::1610,0.363096
pandas/core/dtypes/dtypes.py::87,0.363096
pandas/core/dtypes/dtypes.py::88,0.363096
pandas/core/dtypes/dtypes.py::89,0.363096
pandas/core/dtypes/dtypes.py::90,0.363096
pandas/core/dtypes/dtypes.py::91,0.363096
pandas/core/dtypes/dtypes.py::94,0.363096
pandas/core/dtypes/common.py::1143,0.362185
pandas/core/dtypes/common.py::1316,0.362185
pandas/core/dtypes/common.py::1319,0.362185
pandas/core/dtypes/common.py::1320,0.362185
pandas/core/dtypes/common.py::1321,0.362185
pandas/core/indexes/base.py::129,0.361845
pandas/core/indexes/base.py::130,0.361845
pandas/core/dtypes/cast.py::1204,0.359525
pandas/core/dtypes/cast.py::1206,0.359525
pandas/core/indexing.py::715,0.359525
pandas/core/indexing.py::716,0.359525
pandas/core/indexes/datetimelike.py::112,0.357146
pandas/_config/config.py::100,0.354616
pandas/_config/config.py::102,0.354616
pandas/_config/config.py::104,0.354616
pandas/_config/config.py::105,0.354616
pandas/_config/config.py::107,0.354616
pandas/_config/config.py::109,0.354616
pandas/_config/config.py::122,0.354616
pandas/_config/config.py::123,0.354616
pandas/_config/config.py::127,0.354616
pandas/_config/config.py::129,0.354616
pandas/_config/config.py::133,0.354616
pandas/_config/config.py::134,0.354616
pandas/_config/config.py::136,0.354616
pandas/_config/config.py::137,0.354616
pandas/_config/config.py::138,0.354616
pandas/_config/config.py::141,0.354616
pandas/_config/config.py::142,0.354616
pandas/_config/config.py::144,0.354616
pandas/_config/config.py::241,0.354616
pandas/_config/config.py::555,0.354616
pandas/_config/config.py::559,0.354616
pandas/_config/config.py::560,0.354616
pandas/_config/config.py::563,0.354616
pandas/_config/config.py::567,0.354616
pandas/_config/config.py::568,0.354616
pandas/_config/config.py::569,0.354616
pandas/_config/config.py::570,0.354616
pandas/_config/config.py::571,0.354616
pandas/_config/config.py::590,0.354616
pandas/_config/config.py::591,0.354616
pandas/_config/config.py::592,0.354616
pandas/_config/config.py::593,0.354616
pandas/_config/config.py::606,0.354616
pandas/_config/config.py::615,0.354616
pandas/_config/config.py::616,0.354616
pandas/_config/config.py::619,0.354616
pandas/_config/config.py::631,0.354616
pandas/_config/config.py::632,0.354616
pandas/_config/config.py::647,0.354616
pandas/_config/config.py::824,0.354616
pandas/_config/config.py::95,0.354616
pandas/_config/config.py::96,0.354616
pandas/conftest.py::50,0.354616
pandas/conftest.py::53,0.354616
pandas/conftest.py::56,0.354616
pandas/conftest.py::59,0.354616
pandas/conftest.py::62,0.354616
pandas/conftest.py::73,0.354616
pandas/conftest.py::81,0.354616
pandas/conftest.py::82,0.354616
pandas/core/construction.py::499,0.353881
pandas/core/construction.py::500,0.353881
pandas/core/algorithms.py::1442,0.352855
pandas/core/algorithms.py::1655,0.352855
pandas/core/internals/managers.py::1545,0.352855
pandas/core/series.py::1003,0.352684
pandas/core/series.py::1007,0.352684
pandas/core/series.py::405,0.348966
pandas/core/algorithms.py::1613,0.348495
pandas/core/algorithms.py::1614,0.348495
pandas/core/algorithms.py::1664,0.345286
pandas/core/algorithms.py::1666,0.345286
pandas/core/generic.py::5204,0.343348
pandas/core/generic.py::5205,0.343348
pandas/core/internals/blocks.py::2597,0.343348
pandas/core/internals/blocks.py::2600,0.343348
pandas/core/internals/blocks.py::3028,0.343348
pandas/core/internals/managers.py::642,0.343348
pandas/core/internals/managers.py::643,0.343348
pandas/core/series.py::993,0.342790
pandas/core/series.py::995,0.342790
pandas/core/indexes/base.py::3869,0.340160
pandas/core/internals/blocks.py::278,0.333704
pandas/core/internals/blocks.py::700,0.333704
pandas/core/internals/blocks.py::701,0.333704
pandas/core/internals/blocks.py::702,0.333704
pandas/core/internals/blocks.py::703,0.333704
pandas/core/indexes/numeric.py::158,0.330219
pandas/core/generic.py::5084,0.328309
pandas/core/generic.py::5085,0.328309
pandas/core/indexers.py::35,0.326384
pandas/core/algorithms.py::1449,0.325205
pandas/core/dtypes/cast.py::1162,0.324830
pandas/core/dtypes/cast.py::1187,0.324830
pandas/core/dtypes/cast.py::1198,0.324830
pandas/core/dtypes/cast.py::1200,0.324830
pandas/core/dtypes/cast.py::1202,0.324830
pandas/core/dtypes/cast.py::1222,0.324830
pandas/core/series.py::279,0.324830
pandas/core/series.py::280,0.324830
pandas/core/indexes/base.py::111,0.323954
pandas/core/indexes/base.py::115,0.323954
pandas/core/indexes/base.py::118,0.323954
pandas/core/indexes/base.py::123,0.323954
pandas/core/indexes/base.py::132,0.323954
pandas/core/indexes/base.py::133,0.323954
pandas/core/algorithms.py::1439,0.322187
pandas/core/algorithms.py::1440,0.322187
pandas/core/algorithms.py::1441,0.322187
pandas/core/algorithms.py::1448,0.322187
pandas/core/algorithms.py::1599,0.322187
pandas/core/algorithms.py::1601,0.322187
pandas/core/algorithms.py::1604,0.322187
pandas/core/algorithms.py::1605,0.322187
pandas/core/algorithms.py::1607,0.322187
pandas/core/algorithms.py::1611,0.322187
pandas/core/algorithms.py::1612,0.322187
pandas/core/algorithms.py::1633,0.322187
pandas/core/algorithms.py::1634,0.322187
pandas/core/algorithms.py::1638,0.322187
pandas/core/algorithms.py::1646,0.322187
pandas/core/algorithms.py::1647,0.322187
pandas/core/algorithms.py::1648,0.322187
pandas/core/algorithms.py::1649,0.322187
pandas/core/algorithms.py::1650,0.322187
pandas/core/algorithms.py::1659,0.322187
pandas/core/algorithms.py::1660,0.322187
pandas/core/algorithms.py::1662,0.322187
pandas/core/dtypes/cast.py::1155,0.320651
pandas/core/dtypes/cast.py::1156,0.320651
pandas/core/dtypes/cast.py::1159,0.320651
pandas/core/frame.py::2754,0.320651
pandas/core/frame.py::2756,0.320651
pandas/core/frame.py::2757,0.320651
pandas/core/frame.py::2760,0.320651
pandas/core/frame.py::2762,0.320651
pandas/core/indexing.py::1259,0.320651
pandas/core/indexing.py::1855,0.320651
pandas/core/generic.py::398,0.318079
pandas/core/series.py::1030,0.317463
pandas/core/series.py::988,0.317463
pandas/core/series.py::989,0.317463
pandas/core/series.py::991,0.317463
pandas/core/series.py::992,0.317463
pandas/core/indexing.py::1853,0.316629
pandas/core/indexing.py::1923,0.316629
pandas/core/indexing.py::1955,0.316629
pandas/core/indexing.py::1956,0.316629
pandas/core/indexing.py::1957,0.316629
pandas/core/series.py::319,0.316629
pandas/core/series.py::321,0.316629
pandas/core/dtypes/base.py::280,0.316396
pandas/core/dtypes/base.py::282,0.316396
pandas/core/generic.py::385,0.316100
pandas/core/generic.py::386,0.316100
pandas/core/generic.py::390,0.316100
pandas/core/generic.py::391,0.316100
pandas/core/generic.py::397,0.316100
pandas/core/arrays/datetimelike.py::940,0.314570
pandas/core/arrays/categorical.py::1478,0.312929
pandas/core/arrays/categorical.py::1480,0.312929
pandas/core/arrays/categorical.py::1482,0.312929
pandas/core/arrays/categorical.py::1878,0.312929
pandas/core/arrays/categorical.py::444,0.312929
pandas/core/arrays/datetimelike.py::1643,0.312929
pandas/core/arrays/datetimelike.py::1649,0.312929
pandas/core/arrays/datetimelike.py::1650,0.312929
pandas/core/arrays/datetimelike.py::1651,0.312929
pandas/core/arrays/datetimelike.py::438,0.312929
pandas/core/arrays/datetimelike.py::624,0.312929
pandas/core/arrays/datetimelike.py::625,0.312929
pandas/core/arrays/datetimelike.py::627,0.312929
pandas/core/arrays/datetimelike.py::630,0.312929
pandas/core/arrays/datetimelike.py::632,0.312929
pandas/core/arrays/datetimelike.py::636,0.312929
pandas/core/arrays/datetimelike.py::637,0.312929
pandas/core/arrays/datetimelike.py::638,0.312929
pandas/core/arrays/datetimes.py::1726,0.312929
pandas/core/arrays/datetimes.py::267,0.312929
pandas/core/arrays/datetimes.py::607,0.312929
pandas/core/arrays/datetimes.py::609,0.312929
pandas/core/arrays/datetimes.py::611,0.312929
pandas/core/arrays/datetimes.py::612,0.312929
pandas/core/arrays/period.py::491,0.312929
pandas/core/arrays/period.py::556,0.312929
pandas/core/arrays/period.py::558,0.312929
pandas/core/arrays/period.py::564,0.312929
pandas/core/arrays/period.py::566,0.312929
pandas/core/arrays/period.py::569,0.312929
pandas/core/arrays/period.py::571,0.312929
pandas/core/arrays/period.py::577,0.312929
pandas/core/arrays/period.py::578,0.312929
pandas/core/arrays/period.py::585,0.312929
pandas/core/arrays/period.py::587,0.312929
pandas/core/arrays/period.py::589,0.312929
pandas/core/arrays/timedeltas.py::121,0.312929
pandas/core/arrays/timedeltas.py::296,0.312929
pandas/core/arrays/timedeltas.py::298,0.312929
pandas/core/arrays/timedeltas.py::311,0.312929
pandas/core/arrays/timedeltas.py::315,0.312929
pandas/core/arrays/timedeltas.py::385,0.312929
pandas/core/arrays/timedeltas.py::387,0.312929
pandas/core/arrays/timedeltas.py::388,0.312929
pandas/core/dtypes/common.py::1104,0.312929
pandas/core/dtypes/dtypes.py::894,0.312929
pandas/core/dtypes/dtypes.py::898,0.312929
pandas/core/indexes/base.py::142,0.312929
pandas/core/indexes/base.py::145,0.312929
pandas/core/indexes/base.py::147,0.312929
pandas/core/indexes/base.py::148,0.312929
pandas/core/indexes/base.py::150,0.312929
pandas/core/indexes/base.py::625,0.312929
pandas/core/indexes/base.py::626,0.312929
pandas/core/indexes/base.py::629,0.312929
pandas/core/indexes/base.py::630,0.312929
pandas/core/indexes/base.py::921,0.312929
pandas/core/indexes/base.py::922,0.312929
pandas/core/indexes/base.py::961,0.312929
pandas/core/indexes/category.py::334,0.312929
pandas/core/indexes/category.py::342,0.312929
pandas/core/indexes/category.py::343,0.312929
pandas/core/indexes/category.py::347,0.312929
pandas/core/indexes/category.py::348,0.312929
pandas/core/indexes/category.py::350,0.312929
pandas/core/indexes/category.py::352,0.312929
pandas/core/indexes/category.py::354,0.312929
pandas/core/indexes/category.py::355,0.312929
pandas/core/indexes/category.py::356,0.312929
pandas/core/indexes/category.py::358,0.312929
pandas/core/indexes/datetimes.py::312,0.312929
pandas/core/indexes/datetimes.py::314,0.312929
pandas/core/indexes/datetimes.py::315,0.312929
pandas/core/indexes/extension.py::287,0.312929
pandas/core/indexes/extension.py::291,0.312929
pandas/core/indexes/extension.py::295,0.312929
pandas/core/indexes/period.py::327,0.312929
pandas/core/indexes/timedeltas.py::194,0.312929
pandas/core/indexes/timedeltas.py::196,0.312929
pandas/core/indexes/timedeltas.py::202,0.312929
pandas/core/indexes/timedeltas.py::203,0.312929
pandas/core/indexes/timedeltas.py::211,0.312929
pandas/core/ops/__init__.py::438,0.312929
pandas/core/ops/__init__.py::449,0.312929
pandas/core/ops/__init__.py::502,0.312929
pandas/core/ops/__init__.py::503,0.312929
pandas/core/ops/__init__.py::505,0.312929
pandas/core/ops/__init__.py::506,0.312929
pandas/core/ops/__init__.py::507,0.312929
pandas/core/ops/__init__.py::509,0.312929
pandas/core/ops/missing.py::173,0.312929
pandas/core/ops/missing.py::43,0.312929
pandas/core/ops/missing.py::44,0.312929
pandas/core/series.py::247,0.312929
pandas/core/series.py::252,0.312929
pandas/core/series.py::253,0.312929
pandas/core/series.py::257,0.312929
pandas/io/formats/format.py::1365,0.312929
pandas/io/formats/format.py::1430,0.312929
pandas/io/formats/format.py::1431,0.312929
pandas/io/formats/format.py::1582,0.312929
pandas/io/formats/format.py::1584,0.312929
pandas/io/formats/format.py::1585,0.312929
pandas/io/formats/format.py::1588,0.312929
pandas/io/formats/format.py::1589,0.312929
pandas/io/formats/format.py::1590,0.312929
pandas/io/formats/format.py::1592,0.312929
pandas/io/formats/format.py::1594,0.312929
pandas/io/formats/format.py::1595,0.312929
pandas/io/formats/format.py::1617,0.312929
pandas/io/formats/format.py::1620,0.312929
pandas/io/formats/format.py::1623,0.312929
pandas/io/formats/format.py::1626,0.312929
pandas/io/formats/format.py::1633,0.312929
pandas/io/formats/format.py::1634,0.312929
pandas/io/formats/format.py::1635,0.312929
pandas/io/formats/format.py::1646,0.312929
pandas/io/formats/format.py::1651,0.312929
pandas/io/formats/format.py::1652,0.312929
pandas/io/formats/format.py::1653,0.312929
pandas/io/formats/format.py::1702,0.312929
pandas/io/formats/format.py::1704,0.312929
pandas/io/formats/format.py::1706,0.312929
pandas/io/formats/format.py::1708,0.312929
pandas/io/formats/format.py::1711,0.312929
pandas/io/formats/format.py::1714,0.312929
pandas/io/formats/format.py::1715,0.312929
pandas/io/formats/format.py::1721,0.312929
pandas/io/formats/format.py::1722,0.312929
pandas/io/formats/format.py::1725,0.312929
pandas/io/formats/format.py::1726,0.312929
pandas/io/formats/format.py::1727,0.312929
pandas/io/formats/format.py::1728,0.312929
pandas/io/formats/format.py::1729,0.312929
pandas/io/formats/format.py::1730,0.312929
pandas/io/formats/format.py::1732,0.312929
pandas/io/formats/printing.py::109,0.312929
pandas/io/formats/printing.py::112,0.312929
pandas/io/formats/printing.py::114,0.312929
pandas/io/formats/printing.py::117,0.312929
pandas/io/formats/printing.py::119,0.312929
pandas/io/formats/printing.py::122,0.312929
pandas/io/formats/printing.py::123,0.312929
pandas/io/formats/printing.py::125,0.312929
pandas/io/formats/printing.py::127,0.312929
pandas/io/formats/printing.py::129,0.312929
pandas/io/formats/printing.py::132,0.312929
pandas/io/formats/printing.py::224,0.312929
pandas/io/formats/printing.py::225,0.312929
pandas/io/formats/printing.py::226,0.312929
pandas/io/formats/printing.py::227,0.312929
pandas/io/formats/printing.py::228,0.312929
pandas/io/formats/printing.py::229,0.312929
pandas/io/formats/printing.py::362,0.312929
pandas/io/formats/printing.py::363,0.312929
pandas/io/formats/printing.py::365,0.312929
pandas/io/formats/printing.py::400,0.312929
pandas/io/formats/printing.py::401,0.312929
pandas/io/formats/printing.py::402,0.312929
pandas/tseries/frequencies.py::120,0.312929
pandas/tseries/frequencies.py::121,0.312929
pandas/tseries/frequencies.py::123,0.312929
pandas/tseries/frequencies.py::131,0.312929
pandas/tseries/frequencies.py::148,0.312929
pandas/tseries/frequencies.py::149,0.312929
pandas/tseries/frequencies.py::150,0.312929
pandas/tseries/frequencies.py::151,0.312929
pandas/tseries/frequencies.py::152,0.312929
pandas/tseries/frequencies.py::155,0.312929
pandas/tseries/frequencies.py::156,0.312929
pandas/tseries/frequencies.py::158,0.312929
pandas/tseries/frequencies.py::160,0.312929
pandas/tseries/frequencies.py::161,0.312929
pandas/tseries/frequencies.py::162,0.312929
pandas/tseries/frequencies.py::163,0.312929
pandas/tseries/frequencies.py::164,0.312929
pandas/tseries/frequencies.py::165,0.312929
pandas/tseries/frequencies.py::169,0.312929
pandas/tseries/frequencies.py::170,0.312929
pandas/tseries/frequencies.py::176,0.312929
pandas/tseries/frequencies.py::177,0.312929
pandas/tseries/frequencies.py::212,0.312929
pandas/tseries/frequencies.py::213,0.312929
pandas/tseries/frequencies.py::214,0.312929
pandas/tseries/frequencies.py::215,0.312929
pandas/tseries/frequencies.py::219,0.312929
pandas/tseries/frequencies.py::220,0.312929
pandas/tseries/frequencies.py::221,0.312929
pandas/tseries/frequencies.py::222,0.312929
pandas/tseries/frequencies.py::226,0.312929
pandas/tseries/frequencies.py::228,0.312929
pandas/compat/numpy/function.py::56,0.312755
pandas/core/frame.py::2738,0.312755
pandas/core/indexing.py::1232,0.312755
pandas/core/indexing.py::1235,0.312755
pandas/core/indexing.py::1241,0.312755
pandas/core/indexing.py::1246,0.312755
pandas/core/indexing.py::1253,0.312755
pandas/core/indexing.py::1254,0.312755
pandas/core/indexing.py::1258,0.312755
pandas/core/indexing.py::1918,0.312755
pandas/core/indexing.py::1921,0.312755
pandas/core/indexing.py::1922,0.312755
pandas/core/indexing.py::1948,0.312755
pandas/core/indexing.py::2028,0.312755
pandas/core/indexes/base.py::1178,0.309447
pandas/core/indexes/base.py::1184,0.309447
pandas/core/indexes/base.py::1185,0.309447
pandas/core/generic.py::467,0.309019
pandas/core/indexing.py::1229,0.309019
pandas/core/indexing.py::1947,0.309019
pandas/core/indexing.py::2021,0.309019
pandas/core/indexing.py::2022,0.309019
pandas/core/indexing.py::2026,0.309019
pandas/core/frame.py::3075,0.301934
pandas/core/frame.py::3076,0.301934
pandas/core/generic.py::3126,0.301934
pandas/core/generic.py::5125,0.301934
pandas/core/internals/managers.py::951,0.301934
pandas/core/internals/managers.py::952,0.301934
pandas/core/internals/managers.py::955,0.301934
pandas/core/internals/managers.py::956,0.301934
pandas/core/internals/managers.py::957,0.301934
pandas/core/internals/managers.py::959,0.301934
pandas/core/internals/managers.py::960,0.301934
pandas/core/internals/blocks.py::366,0.298569
pandas/core/common.py::289,0.295315
pandas/core/common.py::290,0.295315
pandas/core/common.py::291,0.295315
pandas/core/internals/blocks.py::3025,0.295315
pandas/core/series.py::380,0.293727
pandas/core/internals/managers.py::1512,0.292165
pandas/core/series.py::292,0.292165
pandas/core/series.py::294,0.292165
pandas/core/series.py::298,0.292165
pandas/core/series.py::212,0.289114
pandas/core/series.py::214,0.289114
pandas/core/series.py::290,0.289114
pandas/core/generic.py::252,0.285105
pandas/core/generic.py::254,0.285105
pandas/core/generic.py::5079,0.285105
pandas/core/generic.py::5080,0.285105
pandas/core/generic.py::5083,0.285105
pandas/core/generic.py::5086,0.285105
pandas/core/dtypes/base.py::289,0.283287
pandas/core/common.py::186,0.281069
pandas/core/dtypes/common.py::195,0.281069
pandas/core/dtypes/common.py::197,0.281069
pandas/core/dtypes/common.py::198,0.281069
pandas/core/dtypes/common.py::199,0.281069
pandas/core/dtypes/common.py::202,0.281069
pandas/core/indexes/base.py::5572,0.281069
pandas/core/indexes/base.py::5574,0.281069
pandas/core/indexes/range.py::102,0.281069
pandas/core/indexes/range.py::104,0.281069
pandas/core/indexes/range.py::107,0.281069
pandas/core/indexes/range.py::109,0.281069
pandas/core/indexes/range.py::110,0.281069
pandas/core/indexes/range.py::113,0.281069
pandas/core/indexes/range.py::114,0.281069
pandas/core/indexes/range.py::90,0.281069
pandas/core/indexes/range.py::91,0.281069
pandas/core/indexes/range.py::94,0.281069
pandas/core/indexes/range.py::99,0.281069
pandas/core/common.py::288,0.280503
pandas/core/dtypes/base.py::284,0.280503
pandas/core/indexing.py::659,0.280503
pandas/core/indexing.py::660,0.280503
pandas/core/indexing.py::662,0.280503
pandas/core/indexing.py::663,0.280503
pandas/core/indexes/range.py::679,0.276693
pandas/core/indexes/range.py::136,0.275325
pandas/core/indexes/range.py::138,0.275325
pandas/core/indexes/range.py::140,0.275325
pandas/core/indexes/range.py::141,0.275325
pandas/core/indexes/range.py::143,0.275325
pandas/core/indexes/range.py::144,0.275325
pandas/core/series.py::210,0.275173
pandas/core/indexing.py::1207,0.272620
pandas/core/indexing.py::1212,0.272620
pandas/core/indexing.py::1216,0.272620
pandas/core/indexing.py::1219,0.272620
pandas/core/indexing.py::1224,0.272620
pandas/core/indexing.py::1227,0.272620
pandas/core/indexing.py::1228,0.272620
pandas/core/indexing.py::1379,0.272620
pandas/core/indexing.py::2286,0.272620
pandas/core/indexing.py::676,0.272620
pandas/core/indexing.py::678,0.272620
pandas/core/arrays/categorical.py::1278,0.271384
pandas/core/arrays/categorical.py::1279,0.271384
pandas/core/arrays/categorical.py::1281,0.271384
pandas/core/arrays/categorical.py::1286,0.271384
pandas/core/arrays/datetimelike.py::1642,0.271384
pandas/core/arrays/datetimelike.py::1653,0.271384
pandas/core/arrays/datetimelike.py::1672,0.271384
pandas/core/arrays/datetimelike.py::1673,0.271384
pandas/core/arrays/datetimelike.py::1675,0.271384
pandas/core/arrays/datetimelike.py::1676,0.271384
pandas/core/arrays/datetimelike.py::1680,0.271384
pandas/core/arrays/datetimelike.py::411,0.271384
pandas/core/arrays/datetimes.py::1708,0.271384
pandas/core/arrays/datetimes.py::1710,0.271384
pandas/core/arrays/datetimes.py::1712,0.271384
pandas/core/arrays/datetimes.py::1719,0.271384
pandas/core/arrays/datetimes.py::1721,0.271384
pandas/core/arrays/datetimes.py::1724,0.271384
pandas/core/arrays/datetimes.py::1729,0.271384
pandas/core/arrays/datetimes.py::1731,0.271384
pandas/core/arrays/datetimes.py::1738,0.271384
pandas/core/arrays/datetimes.py::1740,0.271384
pandas/core/arrays/datetimes.py::1756,0.271384
pandas/core/arrays/datetimes.py::1761,0.271384
pandas/core/arrays/datetimes.py::1763,0.271384
pandas/core/arrays/datetimes.py::1764,0.271384
pandas/core/arrays/datetimes.py::1767,0.271384
pandas/core/arrays/datetimes.py::1775,0.271384
pandas/core/arrays/datetimes.py::1776,0.271384
pandas/core/arrays/datetimes.py::1788,0.271384
pandas/core/arrays/datetimes.py::1792,0.271384
pandas/core/arrays/datetimes.py::1793,0.271384
pandas/core/arrays/datetimes.py::1796,0.271384
pandas/core/arrays/datetimes.py::1798,0.271384
pandas/core/arrays/datetimes.py::1903,0.271384
pandas/core/arrays/datetimes.py::1911,0.271384
pandas/core/arrays/datetimes.py::1914,0.271384
pandas/core/arrays/datetimes.py::1921,0.271384
pandas/core/arrays/datetimes.py::1928,0.271384
pandas/core/arrays/datetimes.py::1934,0.271384
pandas/core/arrays/datetimes.py::1993,0.271384
pandas/core/arrays/datetimes.py::1994,0.271384
pandas/core/arrays/datetimes.py::1995,0.271384
pandas/core/arrays/datetimes.py::2003,0.271384
pandas/core/arrays/datetimes.py::2004,0.271384
pandas/core/arrays/datetimes.py::2010,0.271384
pandas/core/arrays/datetimes.py::2032,0.271384
pandas/core/arrays/datetimes.py::2057,0.271384
pandas/core/arrays/datetimes.py::212,0.271384
pandas/core/arrays/datetimes.py::215,0.271384
pandas/core/arrays/datetimes.py::217,0.271384
pandas/core/arrays/datetimes.py::219,0.271384
pandas/core/arrays/datetimes.py::220,0.271384
pandas/core/arrays/datetimes.py::222,0.271384
pandas/core/arrays/datetimes.py::229,0.271384
pandas/core/arrays/datetimes.py::232,0.271384
pandas/core/arrays/datetimes.py::233,0.271384
pandas/core/arrays/datetimes.py::234,0.271384
pandas/core/arrays/datetimes.py::236,0.271384
pandas/core/arrays/datetimes.py::241,0.271384
pandas/core/arrays/datetimes.py::244,0.271384
pandas/core/arrays/datetimes.py::250,0.271384
pandas/core/arrays/datetimes.py::256,0.271384
pandas/core/arrays/datetimes.py::258,0.271384
pandas/core/arrays/datetimes.py::264,0.271384
pandas/core/arrays/datetimes.py::266,0.271384
pandas/core/arrays/datetimes.py::268,0.271384
pandas/core/arrays/datetimes.py::276,0.271384
pandas/core/arrays/datetimes.py::277,0.271384
pandas/core/arrays/datetimes.py::278,0.271384
pandas/core/arrays/datetimes.py::280,0.271384
pandas/core/arrays/datetimes.py::308,0.271384
pandas/core/arrays/datetimes.py::310,0.271384
pandas/core/arrays/datetimes.py::311,0.271384
pandas/core/arrays/datetimes.py::312,0.271384
pandas/core/arrays/datetimes.py::313,0.271384
pandas/core/arrays/datetimes.py::314,0.271384
pandas/core/arrays/datetimes.py::315,0.271384
pandas/core/arrays/datetimes.py::316,0.271384
pandas/core/arrays/datetimes.py::317,0.271384
pandas/core/arrays/datetimes.py::320,0.271384
pandas/core/arrays/datetimes.py::322,0.271384
pandas/core/arrays/datetimes.py::323,0.271384
pandas/core/arrays/datetimes.py::325,0.271384
pandas/core/arrays/datetimes.py::329,0.271384
pandas/core/arrays/datetimes.py::334,0.271384
pandas/core/arrays/datetimes.py::67,0.271384
pandas/core/arrays/datetimes.py::68,0.271384
pandas/core/arrays/period.py::282,0.271384
pandas/core/dtypes/dtypes.py::853,0.271384
pandas/core/indexes/category.py::369,0.271384
pandas/core/indexes/datetimes.py::213,0.271384
pandas/core/indexes/datetimes.py::221,0.271384
pandas/core/indexes/datetimes.py::223,0.271384
pandas/core/indexes/datetimes.py::224,0.271384
pandas/core/indexes/datetimes.py::225,0.271384
pandas/core/indexes/datetimes.py::226,0.271384
pandas/core/indexes/datetimes.py::227,0.271384
pandas/core/indexes/datetimes.py::228,0.271384
pandas/core/indexes/datetimes.py::229,0.271384
pandas/core/indexes/datetimes.py::230,0.271384
pandas/core/indexes/datetimes.py::231,0.271384
pandas/core/indexes/datetimes.py::234,0.271384
pandas/core/indexes/datetimes.py::235,0.271384
pandas/core/indexes/datetimes.py::243,0.271384
pandas/core/indexes/datetimes.py::244,0.271384
pandas/core/indexes/datetimes.py::247,0.271384
pandas/core/indexes/datetimes.py::248,0.271384
pandas/core/indexes/datetimes.py::250,0.271384
pandas/core/indexes/datetimes.py::251,0.271384
pandas/core/indexes/datetimes.py::252,0.271384
pandas/core/indexes/datetimes.py::253,0.271384
pandas/core/indexes/datetimes.py::255,0.271384
pandas/core/indexes/datetimes.py::256,0.271384
pandas/core/indexes/datetimes.py::257,0.271384
pandas/core/indexes/datetimes.py::259,0.271384
pandas/core/indexes/datetimes.py::260,0.271384
pandas/core/indexes/datetimes.py::261,0.271384
pandas/core/indexes/datetimes.py::262,0.271384
pandas/core/indexes/datetimes.py::264,0.271384
pandas/core/indexes/datetimes.py::265,0.271384
pandas/core/indexes/datetimes.py::266,0.271384
pandas/tseries/frequencies.py::117,0.271384
pandas/tseries/frequencies.py::118,0.271384
pandas/core/frame.py::536,0.270136
pandas/core/indexing.py::1372,0.270136
pandas/core/indexing.py::1373,0.270136
pandas/core/arrays/datetimelike.py::496,0.269327
pandas/core/indexes/base.py::590,0.266786
pandas/core/indexes/base.py::591,0.266786
pandas/core/construction.py::440,0.265366
pandas/core/generic.py::374,0.265366
pandas/core/generic.py::375,0.265366
pandas/core/construction.py::437,0.263074
pandas/core/construction.py::442,0.263074
pandas/core/dtypes/cast.py::80,0.263074
pandas/core/dtypes/cast.py::81,0.263074
pandas/core/dtypes/cast.py::82,0.263074
pandas/core/dtypes/cast.py::83,0.263074
pandas/core/dtypes/cast.py::85,0.263074
pandas/core/dtypes/cast.py::87,0.263074
pandas/core/generic.py::510,0.263074
pandas/core/dtypes/inference.py::291,0.258663
pandas/core/dtypes/inference.py::293,0.258663
pandas/core/series.py::268,0.258663
pandas/core/series.py::274,0.258663
pandas/core/series.py::278,0.258663
pandas/core/dtypes/base.py::283,0.256543
pandas/core/indexes/extension.py::209,0.256543
pandas/core/indexes/extension.py::210,0.256543
pandas/core/indexes/extension.py::214,0.256543
pandas/core/indexes/extension.py::215,0.256543
pandas/core/arrays/interval.py::1105,0.254908
pandas/core/arrays/interval.py::1106,0.254908
pandas/core/arrays/interval.py::1107,0.254908
pandas/core/arrays/interval.py::1108,0.254908
pandas/core/arrays/interval.py::1110,0.254908
pandas/core/arrays/interval.py::1111,0.254908
pandas/core/arrays/interval.py::1112,0.254908
pandas/core/arrays/interval.py::1115,0.254908
pandas/core/arrays/interval.py::1116,0.254908
pandas/core/arrays/interval.py::494,0.254908
pandas/core/arrays/interval.py::660,0.254908
pandas/core/arrays/interval.py::782,0.254908
pandas/core/common.py::254,0.254908
pandas/core/common.py::257,0.254908
pandas/core/common.py::258,0.254908
pandas/core/common.py::259,0.254908
pandas/core/common.py::260,0.254908
pandas/core/common.py::261,0.254908
pandas/core/common.py::263,0.254908
pandas/core/common.py::265,0.254908
pandas/core/dtypes/dtypes.py::1012,0.254908
pandas/core/dtypes/dtypes.py::1018,0.254908
pandas/core/dtypes/dtypes.py::1020,0.254908
pandas/core/dtypes/dtypes.py::1026,0.254908
pandas/core/dtypes/dtypes.py::1029,0.254908
pandas/core/dtypes/dtypes.py::1034,0.254908
pandas/core/dtypes/dtypes.py::1035,0.254908
pandas/core/dtypes/dtypes.py::1039,0.254908
pandas/core/dtypes/dtypes.py::1047,0.254908
pandas/core/dtypes/dtypes.py::1048,0.254908
pandas/core/dtypes/dtypes.py::1060,0.254908
pandas/core/dtypes/dtypes.py::1099,0.254908
pandas/core/dtypes/dtypes.py::1102,0.254908
pandas/core/dtypes/dtypes.py::1104,0.254908
pandas/core/dtypes/missing.py::234,0.254908
pandas/core/dtypes/missing.py::239,0.254908
pandas/core/dtypes/missing.py::240,0.254908
pandas/core/dtypes/missing.py::243,0.254908
pandas/core/dtypes/missing.py::603,0.254908
pandas/core/generic.py::3812,0.254908
pandas/core/generic.py::3814,0.254908
pandas/core/generic.py::3815,0.254908
pandas/core/generic.py::3817,0.254908
pandas/core/generic.py::3818,0.254908
pandas/core/generic.py::3826,0.254908
pandas/core/generic.py::3828,0.254908
pandas/core/generic.py::3829,0.254908
pandas/core/generic.py::3830,0.254908
pandas/core/generic.py::3832,0.254908
pandas/core/generic.py::3835,0.254908
pandas/core/generic.py::3854,0.254908
pandas/core/generic.py::3855,0.254908
pandas/core/generic.py::3856,0.254908
pandas/core/generic.py::3858,0.254908
pandas/core/generic.py::3859,0.254908
pandas/core/generic.py::3864,0.254908
pandas/core/generic.py::3865,0.254908
pandas/core/generic.py::3890,0.254908
pandas/core/indexes/api.py::139,0.254908
pandas/core/indexes/base.py::1015,0.254908
pandas/core/indexes/base.py::1016,0.254908
pandas/core/indexes/base.py::1017,0.254908
pandas/core/indexes/base.py::1021,0.254908
pandas/core/indexes/base.py::1022,0.254908
pandas/core/indexes/base.py::5154,0.254908
pandas/core/indexes/base.py::5195,0.254908
pandas/core/indexes/base.py::5196,0.254908
pandas/core/indexes/base.py::5197,0.254908
pandas/core/indexes/base.py::5198,0.254908
pandas/core/indexes/base.py::5199,0.254908
pandas/core/indexes/base.py::5203,0.254908
pandas/core/indexes/base.py::887,0.254908
pandas/core/indexes/datetimelike.py::165,0.254908
pandas/core/indexes/datetimelike.py::166,0.254908
pandas/core/indexes/datetimelike.py::167,0.254908
pandas/core/indexes/datetimelike.py::168,0.254908
pandas/core/indexes/datetimelike.py::169,0.254908
pandas/core/indexes/interval.py::1004,0.254908
pandas/core/indexes/interval.py::1012,0.254908
pandas/core/indexes/interval.py::1013,0.254908
pandas/core/indexes/interval.py::1014,0.254908
pandas/core/indexes/interval.py::1016,0.254908
pandas/core/indexes/interval.py::1019,0.254908
pandas/core/indexes/interval.py::1020,0.254908
pandas/core/indexes/interval.py::1022,0.254908
pandas/core/indexes/interval.py::1023,0.254908
pandas/core/indexes/interval.py::1026,0.254908
pandas/core/indexes/interval.py::1027,0.254908
pandas/core/indexes/interval.py::978,0.254908
pandas/core/indexes/interval.py::982,0.254908
pandas/core/indexes/interval.py::988,0.254908
pandas/core/indexes/interval.py::989,0.254908
pandas/core/indexes/interval.py::991,0.254908
pandas/core/indexes/interval.py::993,0.254908
pandas/core/indexes/interval.py::995,0.254908
pandas/core/indexes/interval.py::998,0.254908
pandas/core/indexes/range.py::174,0.254908
pandas/core/indexes/range.py::175,0.254908
pandas/core/indexes/range.py::189,0.254908
pandas/core/indexes/range.py::190,0.254908
pandas/core/indexes/range.py::192,0.254908
pandas/core/indexes/range.py::196,0.254908
pandas/core/internals/concat.py::445,0.254908
pandas/core/internals/concat.py::446,0.254908
pandas/core/internals/concat.py::447,0.254908
pandas/core/internals/concat.py::449,0.254908
pandas/core/internals/concat.py::450,0.254908
pandas/core/internals/concat.py::451,0.254908
pandas/core/internals/concat.py::453,0.254908
pandas/core/internals/concat.py::454,0.254908
pandas/core/internals/managers.py::1976,0.254908
pandas/core/internals/managers.py::1977,0.254908
pandas/core/internals/managers.py::1978,0.254908
pandas/core/internals/managers.py::1979,0.254908
pandas/core/internals/managers.py::1982,0.254908
pandas/core/series.py::4138,0.254908
pandas/core/series.py::4139,0.254908
pandas/core/series.py::4140,0.254908
pandas/core/series.py::4141,0.254908
pandas/core/series.py::4142,0.254908
pandas/core/series.py::4143,0.254908
pandas/core/series.py::4144,0.254908
pandas/core/series.py::4145,0.254908
pandas/io/formats/format.py::678,0.254908
pandas/io/formats/format.py::679,0.254908
pandas/io/formats/format.py::681,0.254908
pandas/io/formats/format.py::686,0.254908
pandas/io/formats/format.py::687,0.254908
pandas/io/formats/format.py::688,0.254908
pandas/io/formats/format.py::691,0.254908
pandas/io/formats/format.py::697,0.254908
pandas/io/formats/format.py::781,0.254908
pandas/io/formats/format.py::782,0.254908
pandas/io/formats/format.py::846,0.254908
pandas/io/formats/format.py::847,0.254908
pandas/io/formats/format.py::848,0.254908
pandas/io/formats/format.py::849,0.254908
pandas/io/formats/format.py::851,0.254908
pandas/io/formats/format.py::852,0.254908
pandas/io/formats/format.py::853,0.254908
pandas/io/formats/format.py::868,0.254908
pandas/io/formats/format.py::869,0.254908
pandas/io/formats/format.py::870,0.254908
pandas/tseries/offsets.py::464,0.254908
pandas/tseries/offsets.py::465,0.254908
pandas/tseries/offsets.py::469,0.254908
pandas/tseries/offsets.py::472,0.254908
pandas/tseries/offsets.py::474,0.254908
pandas/tseries/offsets.py::475,0.254908
pandas/tseries/offsets.py::481,0.254908
pandas/core/generic.py::372,0.254466
pandas/core/generic.py::373,0.254466
pandas/core/indexing.py::2016,0.250468
pandas/core/common.py::123,0.248538
pandas/core/common.py::140,0.248538
pandas/core/indexing.py::2008,0.248538
pandas/core/indexing.py::2011,0.248538
pandas/core/construction.py::436,0.246652
pandas/core/internals/blocks.py::277,0.246652
pandas/core/internals/blocks.py::279,0.246652
pandas/core/internals/blocks.py::281,0.246652
pandas/core/construction.py::426,0.244809
pandas/core/dtypes/common.py::712,0.244766
pandas/core/dtypes/common.py::713,0.244766
pandas/core/dtypes/common.py::714,0.244766
pandas/core/dtypes/common.py::715,0.244766
pandas/core/indexing.py::2005,0.243006
pandas/core/internals/blocks.py::3047,0.243006
pandas/core/computation/expressions.py::151,0.242965
pandas/core/computation/expressions.py::153,0.242965
pandas/core/computation/expressions.py::154,0.242965
pandas/core/computation/expressions.py::162,0.242965
pandas/core/computation/expressions.py::163,0.242965
pandas/core/computation/expressions.py::165,0.242965
pandas/core/computation/expressions.py::178,0.242965
pandas/core/computation/expressions.py::195,0.242965
pandas/core/computation/expressions.py::196,0.242965
pandas/core/computation/expressions.py::197,0.242965
pandas/core/computation/expressions.py::64,0.242965
pandas/core/computation/expressions.py::66,0.242965
pandas/core/computation/expressions.py::67,0.242965
pandas/core/indexes/numeric.py::56,0.242965
pandas/core/indexes/numeric.py::60,0.242965
pandas/core/indexes/numeric.py::63,0.242965
pandas/core/ops/__init__.py::176,0.242965
pandas/core/ops/__init__.py::178,0.242965
pandas/core/ops/__init__.py::183,0.242965
pandas/core/ops/__init__.py::194,0.242965
pandas/core/ops/__init__.py::208,0.242965
pandas/core/ops/__init__.py::213,0.242965
pandas/core/ops/array_ops.py::148,0.242965
pandas/core/ops/array_ops.py::150,0.242965
pandas/core/ops/array_ops.py::151,0.242965
pandas/core/ops/array_ops.py::155,0.242965
pandas/core/ops/array_ops.py::179,0.242965
pandas/core/ops/array_ops.py::183,0.242965
pandas/core/ops/array_ops.py::184,0.242965
pandas/core/ops/array_ops.py::186,0.242965
pandas/core/ops/array_ops.py::188,0.242965
pandas/core/ops/array_ops.py::189,0.242965
pandas/core/ops/array_ops.py::198,0.242965
pandas/core/ops/array_ops.py::199,0.242965
pandas/core/ops/array_ops.py::201,0.242965
pandas/core/ops/missing.py::154,0.242965
pandas/core/ops/missing.py::159,0.242965
pandas/core/ops/missing.py::164,0.242965
pandas/core/ops/missing.py::168,0.242965
pandas/core/ops/missing.py::172,0.242965
pandas/core/ops/missing.py::176,0.242965
pandas/core/common.py::278,0.239517
pandas/core/common.py::280,0.239517
pandas/core/internals/blocks.py::3017,0.236914
pandas/core/internals/construction.py::429,0.236174
pandas/core/frame.py::461,0.234554
pandas/core/frame.py::467,0.234554
pandas/core/frame.py::470,0.234554
pandas/core/internals/construction.py::288,0.234554
pandas/core/internals/construction.py::289,0.234554
pandas/core/internals/construction.py::294,0.234554
pandas/core/internals/construction.py::424,0.234554
pandas/core/internals/construction.py::126,0.232968
pandas/core/internals/construction.py::141,0.232968
pandas/core/internals/construction.py::142,0.232968
pandas/core/internals/construction.py::153,0.232968
pandas/core/internals/construction.py::169,0.232968
pandas/core/internals/construction.py::171,0.232968
pandas/core/internals/construction.py::181,0.232968
pandas/core/internals/construction.py::182,0.232968
pandas/core/internals/construction.py::187,0.232968
pandas/core/internals/construction.py::208,0.232968
pandas/core/internals/construction.py::210,0.232968
pandas/core/internals/construction.py::261,0.232968
pandas/core/internals/construction.py::292,0.232968
pandas/core/internals/construction.py::297,0.232968
pandas/core/internals/construction.py::421,0.232968
pandas/core/internals/construction.py::426,0.232968
pandas/core/internals/construction.py::430,0.232968
pandas/core/internals/managers.py::1611,0.232968
pandas/core/internals/managers.py::1612,0.232968
pandas/core/internals/managers.py::1614,0.232968
pandas/core/internals/managers.py::1621,0.232968
pandas/core/internals/managers.py::1624,0.232968
pandas/core/internals/managers.py::1625,0.232968
pandas/core/internals/managers.py::1626,0.232968
pandas/core/dtypes/missing.py::380,0.229614
pandas/core/dtypes/cast.py::1494,0.228394
pandas/core/dtypes/cast.py::1495,0.228394
pandas/core/dtypes/cast.py::1496,0.228394
pandas/core/indexes/base.py::1378,0.222694
pandas/core/dtypes/dtypes.py::601,0.221952
pandas/core/indexes/category.py::364,0.221952
pandas/core/indexes/datetimes.py::736,0.221952
pandas/core/indexes/period.py::452,0.221952
pandas/core/indexes/timedeltas.py::279,0.221952
pandas/core/dtypes/inference.py::218,0.221335
pandas/core/dtypes/common.py::1698,0.220428
pandas/core/indexes/base.py::637,0.220000
pandas/core/indexers.py::263,0.218987
pandas/core/indexes/numeric.py::86,0.218987
pandas/core/indexes/numeric.py::87,0.218987
pandas/core/indexes/numeric.py::88,0.218987
pandas/core/indexes/numeric.py::89,0.218987
pandas/core/indexes/numeric.py::92,0.218987
pandas/core/indexes/numeric.py::93,0.218987
pandas/core/frame.py::442,0.216137
pandas/core/frame.py::460,0.216137
pandas/core/indexes/base.py::4137,0.214775
pandas/core/indexes/base.py::4138,0.214775
pandas/core/indexes/base.py::402,0.209713
pandas/core/common.py::172,0.208619
pandas/core/generic.py::5194,0.208619
pandas/core/generic.py::5195,0.208619
pandas/core/generic.py::5196,0.208619
pandas/core/indexes/api.py::100,0.208619
pandas/core/indexes/api.py::101,0.208619
pandas/core/indexes/api.py::102,0.208619
pandas/core/indexes/api.py::103,0.208619
pandas/core/indexes/api.py::104,0.208619
pandas/core/indexes/api.py::105,0.208619
pandas/core/indexes/api.py::106,0.208619
pandas/core/indexes/api.py::135,0.208619
pandas/core/indexes/api.py::136,0.208619
pandas/core/indexes/api.py::138,0.208619
pandas/core/indexes/api.py::148,0.208619
pandas/core/indexes/api.py::155,0.208619
pandas/core/indexes/api.py::156,0.208619
pandas/core/indexes/api.py::158,0.208619
pandas/core/indexes/api.py::91,0.208619
pandas/core/indexes/api.py::92,0.208619
pandas/core/indexes/base.py::4184,0.208619
pandas/core/indexes/base.py::4186,0.208619
pandas/core/indexes/base.py::4187,0.208619
pandas/core/indexes/base.py::4191,0.208619
pandas/core/indexes/base.py::4192,0.208619
pandas/core/indexes/base.py::4195,0.208619
pandas/core/indexes/base.py::4196,0.208619
pandas/core/indexes/base.py::4198,0.208619
pandas/core/indexes/base.py::4202,0.208619
pandas/core/indexes/base.py::4204,0.208619
pandas/core/indexes/base.py::4205,0.208619
pandas/core/internals/concat.py::117,0.208619
pandas/core/internals/concat.py::119,0.208619
pandas/core/internals/concat.py::120,0.208619
pandas/core/internals/concat.py::121,0.208619
pandas/core/internals/concat.py::44,0.208619
pandas/core/internals/concat.py::440,0.208619
pandas/core/internals/concat.py::444,0.208619
pandas/core/internals/concat.py::45,0.208619
pandas/core/internals/concat.py::47,0.208619
pandas/core/internals/concat.py::49,0.208619
pandas/core/internals/concat.py::55,0.208619
pandas/core/internals/concat.py::56,0.208619
pandas/core/internals/concat.py::57,0.208619
pandas/core/internals/managers.py::1260,0.208619
pandas/core/internals/managers.py::1968,0.208619
pandas/core/internals/managers.py::1970,0.208619
pandas/core/internals/managers.py::1971,0.208619
pandas/core/internals/managers.py::1973,0.208619
pandas/core/internals/managers.py::1975,0.208619
pandas/core/internals/managers.py::1992,0.208619
pandas/core/internals/managers.py::1994,0.208619
pandas/core/reshape/concat.py::273,0.208619
pandas/core/reshape/concat.py::274,0.208619
pandas/core/reshape/concat.py::275,0.208619
pandas/core/reshape/concat.py::276,0.208619
pandas/core/reshape/concat.py::277,0.208619
pandas/core/reshape/concat.py::278,0.208619
pandas/core/reshape/concat.py::279,0.208619
pandas/core/reshape/concat.py::280,0.208619
pandas/core/reshape/concat.py::281,0.208619
pandas/core/reshape/concat.py::282,0.208619
pandas/core/reshape/concat.py::283,0.208619
pandas/core/reshape/concat.py::286,0.208619
pandas/core/reshape/concat.py::307,0.208619
pandas/core/reshape/concat.py::313,0.208619
pandas/core/reshape/concat.py::314,0.208619
pandas/core/reshape/concat.py::322,0.208619
pandas/core/reshape/concat.py::327,0.208619
pandas/core/reshape/concat.py::329,0.208619
pandas/core/reshape/concat.py::332,0.208619
pandas/core/reshape/concat.py::333,0.208619
pandas/core/reshape/concat.py::347,0.208619
pandas/core/reshape/concat.py::351,0.208619
pandas/core/reshape/concat.py::352,0.208619
pandas/core/reshape/concat.py::353,0.208619
pandas/core/reshape/concat.py::361,0.208619
pandas/core/reshape/concat.py::362,0.208619
pandas/core/reshape/concat.py::367,0.208619
pandas/core/reshape/concat.py::368,0.208619
pandas/core/reshape/concat.py::379,0.208619
pandas/core/reshape/concat.py::382,0.208619
pandas/core/reshape/concat.py::383,0.208619
pandas/core/reshape/concat.py::385,0.208619
pandas/core/reshape/concat.py::386,0.208619
pandas/core/reshape/concat.py::388,0.208619
pandas/core/reshape/concat.py::390,0.208619
pandas/core/reshape/concat.py::393,0.208619
pandas/core/reshape/concat.py::396,0.208619
pandas/core/reshape/concat.py::399,0.208619
pandas/core/reshape/concat.py::400,0.208619
pandas/core/reshape/concat.py::401,0.208619
pandas/core/reshape/concat.py::403,0.208619
pandas/core/reshape/concat.py::404,0.208619
pandas/core/reshape/concat.py::411,0.208619
pandas/core/reshape/concat.py::442,0.208619
pandas/core/reshape/concat.py::443,0.208619
pandas/core/reshape/concat.py::444,0.208619
pandas/core/reshape/concat.py::445,0.208619
pandas/core/reshape/concat.py::446,0.208619
pandas/core/reshape/concat.py::448,0.208619
pandas/core/reshape/concat.py::449,0.208619
pandas/core/reshape/concat.py::450,0.208619
pandas/core/reshape/concat.py::452,0.208619
pandas/core/reshape/concat.py::457,0.208619
pandas/core/reshape/concat.py::481,0.208619
pandas/core/reshape/concat.py::482,0.208619
pandas/core/reshape/concat.py::483,0.208619
pandas/core/reshape/concat.py::484,0.208619
pandas/core/reshape/concat.py::485,0.208619
pandas/core/reshape/concat.py::486,0.208619
pandas/core/reshape/concat.py::488,0.208619
pandas/core/reshape/concat.py::490,0.208619
pandas/core/reshape/concat.py::491,0.208619
pandas/core/reshape/concat.py::494,0.208619
pandas/core/reshape/concat.py::496,0.208619
pandas/core/reshape/concat.py::497,0.208619
pandas/core/reshape/concat.py::499,0.208619
pandas/core/reshape/concat.py::502,0.208619
pandas/core/reshape/concat.py::503,0.208619
pandas/core/reshape/concat.py::506,0.208619
pandas/core/reshape/concat.py::509,0.208619
pandas/core/reshape/concat.py::512,0.208619
pandas/core/reshape/concat.py::514,0.208619
pandas/core/reshape/concat.py::515,0.208619
pandas/core/reshape/concat.py::519,0.208619
pandas/core/reshape/concat.py::520,0.208619
pandas/core/reshape/concat.py::521,0.208619
pandas/core/reshape/concat.py::522,0.208619
pandas/core/reshape/concat.py::523,0.208619
pandas/core/reshape/concat.py::524,0.208619
pandas/core/reshape/concat.py::525,0.208619
pandas/core/reshape/concat.py::532,0.208619
pandas/core/reshape/concat.py::561,0.208619
pandas/core/reshape/concat.py::563,0.208619
pandas/core/reshape/concat.py::567,0.208619
pandas/core/reshape/concat.py::568,0.208619
pandas/core/reshape/concat.py::574,0.208619
pandas/core/reshape/concat.py::576,0.208619
pandas/core/reshape/concat.py::579,0.208619
pandas/core/reshape/concat.py::586,0.208619
pandas/core/indexes/numeric.py::83,0.206256
pandas/core/indexes/numeric.py::84,0.206256
pandas/core/arrays/datetimelike.py::514,0.205601
pandas/core/arrays/datetimelike.py::515,0.205601
pandas/core/arrays/datetimelike.py::517,0.205601
pandas/core/arrays/datetimelike.py::850,0.205601
pandas/core/arrays/datetimelike.py::857,0.205601
pandas/core/arrays/datetimes.py::473,0.205601
pandas/core/indexes/base.py::4133,0.204002
pandas/core/indexes/base.py::4134,0.204002
pandas/core/indexes/base.py::4136,0.204002
pandas/core/dtypes/common.py::570,0.198872
pandas/io/formats/format.py::1153,0.192407
pandas/io/formats/format.py::1211,0.192407
pandas/io/formats/format.py::1212,0.192407
pandas/io/formats/format.py::1213,0.192407
pandas/io/formats/format.py::1214,0.192407
pandas/io/formats/format.py::1215,0.192407
pandas/io/formats/format.py::1217,0.192407
pandas/io/formats/format.py::1223,0.192407
pandas/io/formats/format.py::1224,0.192407
pandas/io/formats/format.py::1227,0.192407
pandas/io/formats/format.py::1228,0.192407
pandas/io/formats/format.py::1242,0.192407
pandas/io/formats/format.py::1246,0.192407
pandas/io/formats/format.py::1248,0.192407
pandas/io/formats/format.py::1249,0.192407
pandas/io/formats/format.py::1251,0.192407
pandas/io/formats/format.py::1254,0.192407
pandas/io/formats/format.py::1255,0.192407
pandas/io/formats/format.py::1256,0.192407
pandas/io/formats/format.py::1257,0.192407
pandas/io/formats/format.py::1259,0.192407
pandas/io/formats/format.py::1260,0.192407
pandas/io/formats/format.py::1261,0.192407
pandas/io/formats/format.py::1263,0.192407
pandas/io/formats/format.py::1266,0.192407
pandas/io/formats/format.py::1271,0.192407
pandas/io/formats/format.py::1272,0.192407
pandas/io/formats/format.py::1274,0.192407
pandas/core/internals/blocks.py::151,0.189441
pandas/core/internals/blocks.py::337,0.188603
pandas/core/internals/managers.py::132,0.188603
pandas/core/internals/managers.py::222,0.188603
pandas/core/internals/managers.py::223,0.188603
pandas/core/internals/managers.py::224,0.188603
pandas/core/internals/managers.py::310,0.188603
pandas/core/frame.py::428,0.187775
pandas/core/frame.py::430,0.187775
pandas/core/frame.py::433,0.187775
pandas/core/frame.py::436,0.187775
pandas/core/frame.py::440,0.187775
pandas/core/frame.py::517,0.187775
pandas/core/indexing.py::1371,0.187775
pandas/core/internals/blocks.py::345,0.187775
pandas/core/internals/blocks.py::348,0.187775
pandas/core/internals/blocks.py::349,0.187775
pandas/core/internals/managers.py::128,0.187775
pandas/core/internals/managers.py::129,0.187775
pandas/core/internals/managers.py::131,0.187775
pandas/core/internals/managers.py::138,0.187775
pandas/core/internals/managers.py::139,0.187775
pandas/core/internals/managers.py::141,0.187775
pandas/core/internals/managers.py::143,0.187775
pandas/core/internals/managers.py::169,0.187775
pandas/core/internals/managers.py::216,0.187775
pandas/core/internals/managers.py::217,0.187775
pandas/core/internals/managers.py::218,0.187775
pandas/core/internals/managers.py::219,0.187775
pandas/core/internals/managers.py::221,0.187775
pandas/core/internals/managers.py::226,0.187775
pandas/core/internals/managers.py::229,0.187775
pandas/core/internals/managers.py::230,0.187775
pandas/core/internals/managers.py::307,0.187775
pandas/core/internals/managers.py::308,0.187775
pandas/core/internals/managers.py::309,0.187775
pandas/core/internals/managers.py::312,0.187775
pandas/core/internals/managers.py::630,0.187775
pandas/core/internals/managers.py::632,0.187775
pandas/core/internals/managers.py::635,0.187775
pandas/core/internals/managers.py::636,0.187775
pandas/core/internals/managers.py::637,0.187775
pandas/core/internals/managers.py::912,0.187775
pandas/core/internals/managers.py::165,0.183794
pandas/core/common.py::163,0.183595
pandas/core/common.py::165,0.183595
pandas/core/arrays/categorical.py::425,0.181470
pandas/core/arrays/datetimes.py::508,0.181470
pandas/core/dtypes/cast.py::1583,0.181470
pandas/core/dtypes/cast.py::1584,0.181470
pandas/core/dtypes/cast.py::1587,0.181470
pandas/core/dtypes/cast.py::1594,0.181470
pandas/core/dtypes/cast.py::1595,0.181470
pandas/core/dtypes/cast.py::451,0.181470
pandas/core/dtypes/cast.py::531,0.181470
pandas/core/indexes/base.py::5614,0.181470
pandas/core/indexes/base.py::5615,0.181470
pandas/core/indexes/base.py::5616,0.181470
pandas/core/arrays/datetimelike.py::458,0.180923
pandas/core/arrays/interval.py::980,0.180923
pandas/core/dtypes/concat.py::42,0.180923
pandas/core/dtypes/concat.py::43,0.180923
pandas/core/dtypes/concat.py::45,0.180923
pandas/core/dtypes/concat.py::46,0.180923
pandas/core/dtypes/concat.py::48,0.180923
pandas/core/dtypes/concat.py::50,0.180923
pandas/core/dtypes/concat.py::52,0.180923
pandas/core/dtypes/concat.py::56,0.180923
pandas/core/dtypes/concat.py::58,0.180923
pandas/core/dtypes/concat.py::60,0.180923
pandas/core/dtypes/concat.py::62,0.180923
pandas/core/dtypes/concat.py::64,0.180923
pandas/core/dtypes/concat.py::68,0.180923
pandas/core/dtypes/concat.py::69,0.180923
pandas/core/generic.py::4381,0.180923
pandas/core/generic.py::4382,0.180923
pandas/core/generic.py::4383,0.180923
pandas/core/generic.py::4384,0.180923
pandas/core/generic.py::4387,0.180923
pandas/core/generic.py::4388,0.180923
pandas/core/generic.py::4389,0.180923
pandas/core/generic.py::4392,0.180923
pandas/core/generic.py::4393,0.180923
pandas/core/generic.py::4394,0.180923
pandas/core/generic.py::4395,0.180923
pandas/core/generic.py::4396,0.180923
pandas/core/generic.py::4397,0.180923
pandas/core/generic.py::4400,0.180923
pandas/core/internals/managers.py::1940,0.180923
pandas/core/internals/managers.py::1941,0.180923
pandas/core/internals/managers.py::1942,0.180923
pandas/core/internals/managers.py::718,0.180923
pandas/core/series.py::3902,0.180923
pandas/core/arrays/categorical.py::176,0.179301
pandas/core/arrays/categorical.py::181,0.179301
pandas/core/arrays/categorical.py::182,0.179301
pandas/core/arrays/categorical.py::183,0.179301
pandas/core/arrays/categorical.py::184,0.179301
pandas/core/arrays/categorical.py::1998,0.179301
pandas/core/arrays/categorical.py::1999,0.179301
pandas/core/arrays/categorical.py::2002,0.179301
pandas/core/arrays/interval.py::1353,0.179301
pandas/core/arrays/interval.py::1358,0.179301
pandas/core/arrays/interval.py::1361,0.179301
pandas/core/arrays/interval.py::155,0.179301
pandas/core/arrays/interval.py::158,0.179301
pandas/core/arrays/interval.py::159,0.179301
pandas/core/arrays/interval.py::160,0.179301
pandas/core/arrays/interval.py::161,0.179301
pandas/core/arrays/interval.py::165,0.179301
pandas/core/arrays/interval.py::173,0.179301
pandas/core/arrays/interval.py::174,0.179301
pandas/core/arrays/interval.py::175,0.179301
pandas/core/arrays/interval.py::177,0.179301
pandas/core/arrays/interval.py::179,0.179301
pandas/core/arrays/interval.py::180,0.179301
pandas/core/arrays/interval.py::181,0.179301
pandas/core/arrays/interval.py::182,0.179301
pandas/core/arrays/interval.py::183,0.179301
pandas/core/arrays/interval.py::184,0.179301
pandas/core/arrays/interval.py::185,0.179301
pandas/core/arrays/interval.py::192,0.179301
pandas/core/arrays/interval.py::194,0.179301
pandas/core/arrays/interval.py::195,0.179301
pandas/core/arrays/interval.py::196,0.179301
pandas/core/arrays/interval.py::198,0.179301
pandas/core/arrays/interval.py::200,0.179301
pandas/core/arrays/interval.py::201,0.179301
pandas/core/arrays/interval.py::204,0.179301
pandas/core/arrays/interval.py::205,0.179301
pandas/core/arrays/interval.py::206,0.179301
pandas/core/arrays/interval.py::209,0.179301
pandas/core/arrays/interval.py::211,0.179301
pandas/core/arrays/interval.py::214,0.179301
pandas/core/arrays/interval.py::220,0.179301
pandas/core/arrays/interval.py::227,0.179301
pandas/core/arrays/interval.py::230,0.179301
pandas/core/arrays/interval.py::237,0.179301
pandas/core/arrays/interval.py::238,0.179301
pandas/core/arrays/interval.py::239,0.179301
pandas/core/arrays/interval.py::240,0.179301
pandas/core/arrays/interval.py::241,0.179301
pandas/core/arrays/interval.py::242,0.179301
pandas/core/arrays/interval.py::246,0.179301
pandas/core/arrays/interval.py::472,0.179301
pandas/core/arrays/interval.py::475,0.179301
pandas/core/arrays/interval.py::478,0.179301
pandas/core/arrays/interval.py::479,0.179301
pandas/core/arrays/interval.py::480,0.179301
pandas/core/arrays/interval.py::486,0.179301
pandas/core/arrays/interval.py::500,0.179301
pandas/core/arrays/interval.py::501,0.179301
pandas/core/arrays/interval.py::502,0.179301
pandas/core/arrays/interval.py::505,0.179301
pandas/core/arrays/interval.py::506,0.179301
pandas/core/arrays/interval.py::508,0.179301
pandas/core/arrays/interval.py::511,0.179301
pandas/core/arrays/interval.py::513,0.179301
pandas/core/arrays/interval.py::681,0.179301
pandas/core/arrays/interval.py::682,0.179301
pandas/core/arrays/interval.py::696,0.179301
pandas/core/arrays/interval.py::699,0.179301
pandas/core/arrays/interval.py::700,0.179301
pandas/core/arrays/interval.py::746,0.179301
pandas/core/arrays/interval.py::749,0.179301
pandas/core/arrays/interval.py::751,0.179301
pandas/core/arrays/interval.py::755,0.179301
pandas/core/arrays/interval.py::758,0.179301
pandas/core/arrays/interval.py::764,0.179301
pandas/core/arrays/interval.py::765,0.179301
pandas/core/dtypes/base.py::318,0.179301
pandas/core/dtypes/common.py::1493,0.179301
pandas/core/dtypes/common.py::1494,0.179301
pandas/core/dtypes/concat.py::65,0.179301
pandas/core/dtypes/dtypes.py::1049,0.179301
pandas/core/dtypes/dtypes.py::1050,0.179301
pandas/core/dtypes/dtypes.py::1051,0.179301
pandas/core/dtypes/dtypes.py::1052,0.179301
pandas/core/dtypes/dtypes.py::1053,0.179301
pandas/core/dtypes/dtypes.py::1111,0.179301
pandas/core/dtypes/dtypes.py::1113,0.179301
pandas/core/dtypes/dtypes.py::1114,0.179301
pandas/core/indexes/base.py::112,0.179301
pandas/core/indexes/base.py::312,0.179301
pandas/core/indexes/base.py::314,0.179301
pandas/core/indexes/base.py::315,0.179301
pandas/core/indexes/base.py::319,0.179301
pandas/core/indexes/base.py::320,0.179301
pandas/core/indexes/base.py::5685,0.179301
pandas/core/indexes/base.py::5686,0.179301
pandas/core/indexes/base.py::5687,0.179301
pandas/core/indexes/category.py::169,0.179301
pandas/core/indexes/category.py::170,0.179301
pandas/core/indexes/category.py::171,0.179301
pandas/core/indexes/category.py::172,0.179301
pandas/core/indexes/category.py::173,0.179301
pandas/core/indexes/category.py::379,0.179301
pandas/core/indexes/category.py::382,0.179301
pandas/core/indexes/category.py::383,0.179301
pandas/core/indexes/category.py::418,0.179301
pandas/core/indexes/category.py::419,0.179301
pandas/core/indexes/datetimelike.py::120,0.179301
pandas/core/indexes/datetimes.py::282,0.179301
pandas/core/indexes/datetimes.py::284,0.179301
pandas/core/indexes/datetimes.py::571,0.179301
pandas/core/indexes/datetimes.py::574,0.179301
pandas/core/indexes/datetimes.py::575,0.179301
pandas/core/indexes/datetimes.py::578,0.179301
pandas/core/indexes/datetimes.py::582,0.179301
pandas/core/indexes/datetimes.py::593,0.179301
pandas/core/indexes/datetimes.py::599,0.179301
pandas/core/indexes/datetimes.py::608,0.179301
pandas/core/indexes/interval.py::1038,0.179301
pandas/core/indexes/interval.py::1043,0.179301
pandas/core/indexes/interval.py::1049,0.179301
pandas/core/indexes/interval.py::1050,0.179301
pandas/core/indexes/interval.py::1051,0.179301
pandas/core/indexes/interval.py::229,0.179301
pandas/core/indexes/interval.py::231,0.179301
pandas/core/indexes/interval.py::232,0.179301
pandas/core/indexes/interval.py::233,0.179301
pandas/core/indexes/interval.py::234,0.179301
pandas/core/indexes/interval.py::235,0.179301
pandas/core/indexes/interval.py::236,0.179301
pandas/core/indexes/interval.py::237,0.179301
pandas/core/indexes/interval.py::240,0.179301
pandas/core/indexes/interval.py::255,0.179301
pandas/core/indexes/interval.py::257,0.179301
pandas/core/indexes/interval.py::258,0.179301
pandas/core/indexes/interval.py::259,0.179301
pandas/core/indexes/interval.py::260,0.179301
pandas/core/indexes/interval.py::261,0.179301
pandas/core/indexes/interval.py::262,0.179301
pandas/core/indexes/interval.py::350,0.179301
pandas/core/indexes/interval.py::351,0.179301
pandas/core/indexes/interval.py::352,0.179301
pandas/core/indexes/interval.py::353,0.179301
pandas/core/indexes/interval.py::383,0.179301
pandas/core/indexes/interval.py::384,0.179301
pandas/core/indexes/interval.py::385,0.179301
pandas/core/indexes/interval.py::402,0.179301
pandas/core/indexes/interval.py::420,0.179301
pandas/core/indexes/interval.py::421,0.179301
pandas/core/indexes/interval.py::422,0.179301
pandas/core/indexes/interval.py::424,0.179301
pandas/core/indexes/interval.py::889,0.179301
pandas/core/indexes/interval.py::891,0.179301
pandas/core/indexes/interval.py::951,0.179301
pandas/core/indexes/interval.py::956,0.179301
pandas/core/indexes/interval.py::966,0.179301
pandas/core/indexes/interval.py::967,0.179301
pandas/core/indexes/interval.py::968,0.179301
pandas/core/indexes/interval.py::971,0.179301
pandas/core/indexes/period.py::340,0.179301
pandas/core/indexes/period.py::346,0.179301
pandas/core/indexes/period.py::347,0.179301
pandas/core/indexes/period.py::348,0.179301
pandas/core/indexes/period.py::350,0.179301
pandas/core/indexes/period.py::351,0.179301
pandas/core/indexes/period.py::508,0.179301
pandas/core/indexes/period.py::511,0.179301
pandas/core/indexes/period.py::540,0.179301
pandas/core/indexes/period.py::542,0.179301
pandas/core/indexes/timedeltas.py::226,0.179301
pandas/core/indexes/timedeltas.py::229,0.179301
pandas/core/indexes/timedeltas.py::232,0.179301
pandas/core/indexes/timedeltas.py::238,0.179301
pandas/core/indexes/timedeltas.py::242,0.179301
pandas/tseries/offsets.py::477,0.179301
pandas/tseries/offsets.py::479,0.179301
pandas/util/_exceptions.py::10,0.179301
pandas/util/_exceptions.py::11,0.179301
pandas/core/arrays/datetimelike.py::504,0.172211
pandas/core/arrays/datetimelike.py::505,0.172211
pandas/core/arrays/datetimelike.py::512,0.172211
pandas/core/arrays/datetimelike.py::513,0.172211
pandas/core/arrays/datetimes.py::285,0.172211
pandas/core/arrays/datetimes.py::286,0.172211
pandas/core/arrays/datetimes.py::289,0.172211
pandas/core/arrays/datetimes.py::290,0.172211
pandas/core/arrays/datetimes.py::291,0.172211
pandas/core/arrays/datetimes.py::292,0.172211
pandas/core/arrays/datetimes.py::293,0.172211
pandas/core/dtypes/common.py::1887,0.172211
pandas/core/dtypes/common.py::1890,0.172211
pandas/core/arrays/categorical.py::451,0.164240
pandas/core/arrays/datetimes.py::495,0.164240
pandas/core/dtypes/dtypes.py::594,0.164240
pandas/core/dtypes/common.py::1697,0.163993
pandas/core/indexes/base.py::1226,0.161977
pandas/core/indexes/base.py::1228,0.161977
pandas/core/indexes/base.py::1233,0.161977
pandas/core/indexes/base.py::1234,0.161977
pandas/core/indexes/base.py::1236,0.161977
pandas/core/indexes/base.py::1297,0.161977
pandas/core/indexes/base.py::1300,0.161977
pandas/core/indexes/base.py::1303,0.161977
pandas/core/indexes/base.py::1306,0.161977
pandas/core/indexes/base.py::1308,0.161977
pandas/core/indexes/base.py::1311,0.161977
pandas/core/indexes/base.py::1314,0.161977
pandas/core/indexes/base.py::1315,0.161977
pandas/core/indexes/base.py::1316,0.161977
pandas/core/indexes/base.py::1317,0.161977
pandas/core/indexes/base.py::846,0.161977
pandas/core/indexes/base.py::849,0.161977
pandas/core/indexes/base.py::851,0.161977
pandas/core/indexes/base.py::852,0.161977
pandas/core/indexes/base.py::853,0.161977
pandas/core/indexes/base.py::855,0.161977
pandas/core/indexes/base.py::857,0.161977
pandas/core/indexing.py::2297,0.161977
pandas/core/arrays/categorical.py::1872,0.157285
pandas/core/indexes/base.py::619,0.156067
pandas/core/indexes/base.py::5584,0.151146
pandas/core/indexes/numeric.py::365,0.151146
pandas/core/indexes/base.py::2002,0.148518
pandas/core/generic.py::3509,0.147968
pandas/core/generic.py::3510,0.147968
pandas/core/generic.py::3511,0.147968
pandas/core/generic.py::3515,0.147968
pandas/core/generic.py::3516,0.147968
pandas/core/generic.py::3517,0.147968
pandas/core/generic.py::4369,0.147968
pandas/core/generic.py::4373,0.147968
pandas/core/generic.py::4374,0.147968
pandas/core/generic.py::4375,0.147968
pandas/core/indexes/base.py::1192,0.147968
pandas/core/indexes/base.py::1194,0.147968
pandas/core/indexes/base.py::1196,0.147968
pandas/core/indexes/base.py::1197,0.147968
pandas/core/indexes/base.py::1875,0.147968
pandas/core/indexes/base.py::3309,0.147968
pandas/core/indexes/frozen.py::67,0.147968
pandas/core/indexes/frozen.py::69,0.147968
pandas/core/indexes/numeric.py::425,0.147968
pandas/core/indexes/range.py::170,0.147968
pandas/core/indexing.py::1965,0.147968
pandas/core/indexing.py::1966,0.147968
pandas/core/internals/blocks.py::321,0.147968
pandas/core/internals/blocks.py::328,0.147968
pandas/core/internals/blocks.py::330,0.147968
pandas/core/internals/blocks.py::333,0.147968
pandas/core/internals/managers.py::1216,0.147968
pandas/core/internals/managers.py::714,0.147968
pandas/core/internals/managers.py::717,0.147968
pandas/core/internals/managers.py::725,0.147968
pandas/core/internals/managers.py::726,0.147968
pandas/core/internals/managers.py::728,0.147968
pandas/core/internals/managers.py::729,0.147968
pandas/core/internals/managers.py::730,0.147968
pandas/core/dtypes/common.py::1701,0.147263
pandas/core/dtypes/common.py::1702,0.147263
pandas/core/dtypes/common.py::1704,0.147263
pandas/core/indexes/numeric.py::78,0.145750
pandas/core/indexes/numeric.py::79,0.145750
pandas/core/algorithms.py::1618,0.140463
pandas/core/algorithms.py::1619,0.140463
pandas/core/dtypes/cast.py::442,0.140463
pandas/core/dtypes/cast.py::439,0.138825
pandas/core/indexes/interval.py::1145,0.137067
pandas/core/indexes/range.py::199,0.137067
pandas/core/indexes/range.py::393,0.137067
pandas/core/indexes/range.py::394,0.137067
pandas/core/indexing.py::1958,0.137067
pandas/core/indexing.py::1959,0.137067
pandas/core/indexing.py::1961,0.137067
pandas/core/indexing.py::1962,0.137067
pandas/core/indexing.py::1963,0.137067
pandas/core/indexing.py::1964,0.137067
pandas/core/indexing.py::1968,0.137067
pandas/core/indexing.py::1971,0.137067
pandas/core/indexing.py::1977,0.137067
pandas/core/indexing.py::1979,0.137067
pandas/core/indexes/range.py::693,0.136308
pandas/core/indexes/range.py::694,0.136308
pandas/core/indexes/range.py::695,0.136308
pandas/core/indexes/range.py::692,0.132257
pandas/core/dtypes/cast.py::370,0.128767
pandas/core/dtypes/cast.py::376,0.128767
pandas/core/dtypes/cast.py::394,0.128767
pandas/core/dtypes/cast.py::405,0.128767
pandas/core/dtypes/cast.py::424,0.128767
pandas/core/dtypes/cast.py::435,0.128767
pandas/core/dtypes/cast.py::438,0.128767
pandas/core/dtypes/cast.py::501,0.128767
pandas/core/dtypes/cast.py::503,0.128767
pandas/core/dtypes/cast.py::506,0.128767
pandas/core/dtypes/cast.py::507,0.128767
pandas/core/dtypes/cast.py::528,0.128767
pandas/core/dtypes/cast.py::530,0.128767
pandas/core/indexes/base.py::513,0.128767
pandas/core/arrays/numpy_.py::443,0.128546
pandas/core/arrays/numpy_.py::445,0.128546
pandas/core/arrays/numpy_.py::448,0.128546
pandas/core/arrays/numpy_.py::451,0.128546
pandas/core/construction.py::383,0.128546
pandas/core/ops/dispatch.py::37,0.128546
pandas/core/ops/dispatch.py::41,0.128546
pandas/core/ops/dispatch.py::45,0.128546
pandas/core/arrays/categorical.py::1997,0.127454
pandas/core/arrays/categorical.py::665,0.127454
pandas/core/arrays/categorical.py::666,0.127454
pandas/core/arrays/categorical.py::667,0.127454
pandas/core/arrays/period.py::274,0.127454
pandas/core/arrays/timedeltas.py::138,0.127454
pandas/core/dtypes/common.py::716,0.127454
pandas/core/dtypes/common.py::720,0.127454
pandas/core/indexers.py::384,0.127454
pandas/core/indexes/base.py::1368,0.127454
pandas/core/indexes/base.py::3874,0.127454
pandas/core/indexes/base.py::3875,0.127454
pandas/core/indexes/base.py::3879,0.127454
pandas/core/indexes/base.py::4214,0.127454
pandas/core/indexes/base.py::4215,0.127454
pandas/core/indexes/base.py::4216,0.127454
pandas/core/indexes/base.py::4217,0.127454
pandas/core/indexes/base.py::4218,0.127454
pandas/core/indexes/base.py::4221,0.127454
pandas/core/indexes/base.py::4224,0.127454
pandas/core/indexes/base.py::4225,0.127454
pandas/core/indexes/base.py::4226,0.127454
pandas/core/indexes/base.py::4228,0.127454
pandas/core/indexes/base.py::4230,0.127454
pandas/core/indexes/numeric.py::150,0.127454
pandas/core/indexes/numeric.py::151,0.127454
pandas/core/indexes/numeric.py::369,0.127454
pandas/core/indexes/numeric.py::370,0.127454
pandas/core/indexes/numeric.py::375,0.127454
pandas/core/indexes/numeric.py::380,0.127454
pandas/core/indexes/numeric.py::398,0.127454
pandas/core/indexes/numeric.py::399,0.127454
pandas/core/indexes/period.py::335,0.127454
pandas/core/indexes/period.py::336,0.127454
pandas/core/indexes/range.py::341,0.127454
pandas/core/dtypes/missing.py::602,0.120980
pandas/core/indexing.py::2006,0.120980
pandas/core/indexing.py::2032,0.120980
pandas/core/indexing.py::2034,0.120980
pandas/core/indexing.py::2037,0.120980
pandas/core/indexing.py::2038,0.120980
pandas/core/indexing.py::2039,0.120980
pandas/core/indexes/base.py::602,0.119285
pandas/core/ops/__init__.py::118,0.119049
pandas/core/ops/__init__.py::473,0.119049
pandas/core/ops/__init__.py::482,0.119049
pandas/core/ops/__init__.py::483,0.119049
pandas/core/ops/__init__.py::487,0.119049
pandas/core/ops/__init__.py::488,0.119049
pandas/core/ops/common.py::52,0.119049
pandas/core/ops/common.py::56,0.119049
pandas/core/ops/common.py::57,0.119049
pandas/core/ops/common.py::58,0.119049
pandas/core/ops/common.py::59,0.119049
pandas/core/ops/common.py::62,0.119049
pandas/core/ops/common.py::64,0.119049
pandas/core/ops/dispatch.py::35,0.116322
pandas/core/ops/dispatch.py::36,0.116322
pandas/core/generic.py::377,0.114807
pandas/core/generic.py::378,0.114807
pandas/core/indexes/base.py::3161,0.114807
pandas/core/indexes/base.py::3162,0.114807
pandas/core/indexes/base.py::3163,0.114807
pandas/core/indexes/base.py::3164,0.114807
pandas/core/indexing.py::2296,0.114807
pandas/core/series.py::4036,0.114807
pandas/core/indexes/base.py::603,0.114614
pandas/core/ops/__init__.py::115,0.113775
pandas/core/ops/__init__.py::119,0.113775
pandas/core/construction.py::380,0.111388
pandas/core/indexes/range.py::689,0.111388
pandas/core/internals/managers.py::1262,0.109494
pandas/core/internals/managers.py::1263,0.109494
pandas/core/internals/managers.py::1264,0.109494
pandas/core/internals/managers.py::1267,0.109494
pandas/core/internals/managers.py::1268,0.109494
pandas/core/internals/managers.py::1269,0.109494
pandas/core/internals/managers.py::1270,0.109494
pandas/core/internals/managers.py::1271,0.109494
pandas/core/internals/managers.py::202,0.109494
pandas/core/series.py::768,0.109146
pandas/core/indexes/base.py::393,0.108571
pandas/core/indexes/base.py::394,0.108571
pandas/core/indexes/base.py::5613,0.108571
pandas/core/indexes/base.py::5644,0.108571
pandas/core/indexes/base.py::1995,0.107387
pandas/core/internals/blocks.py::223,0.107034
pandas/core/dtypes/common.py::930,0.106242
pandas/core/dtypes/common.py::931,0.106242
pandas/core/indexes/base.py::399,0.106242
pandas/core/indexes/base.py::401,0.106242
pandas/core/indexes/base.py::488,0.105894
pandas/core/indexes/base.py::490,0.105894
pandas/core/indexes/base.py::491,0.105894
pandas/core/indexes/base.py::497,0.105894
pandas/core/indexes/base.py::498,0.105894
pandas/core/indexes/base.py::500,0.105894
pandas/core/arrays/numpy_.py::158,0.105040
pandas/core/arrays/numpy_.py::160,0.105040
pandas/core/arrays/numpy_.py::165,0.105040
pandas/core/arrays/numpy_.py::168,0.105040
pandas/core/arrays/numpy_.py::171,0.105040
pandas/core/arrays/numpy_.py::172,0.105040
pandas/core/arrays/numpy_.py::203,0.105040
pandas/core/arrays/numpy_.py::48,0.105040
pandas/core/series.py::532,0.105040
pandas/core/arrays/interval.py::497,0.104857
pandas/core/arrays/interval.py::972,0.104857
pandas/core/generic.py::3524,0.104857
pandas/core/generic.py::3527,0.104857
pandas/core/generic.py::3528,0.104857
pandas/core/generic.py::356,0.104857
pandas/core/generic.py::357,0.104857
pandas/core/generic.py::360,0.104857
pandas/core/generic.py::367,0.104857
pandas/core/generic.py::368,0.104857
pandas/core/generic.py::4336,0.104857
pandas/core/generic.py::4337,0.104857
pandas/core/generic.py::4338,0.104857
pandas/core/generic.py::4339,0.104857
pandas/core/generic.py::4340,0.104857
pandas/core/generic.py::4341,0.104857
pandas/core/generic.py::4342,0.104857
pandas/core/generic.py::4347,0.104857
pandas/core/generic.py::4349,0.104857
pandas/core/generic.py::4355,0.104857
pandas/core/generic.py::4359,0.104857
pandas/core/generic.py::4360,0.104857
pandas/core/generic.py::4361,0.104857
pandas/core/generic.py::4362,0.104857
pandas/core/indexes/base.py::3157,0.104857
pandas/core/indexes/base.py::3160,0.104857
pandas/core/indexes/base.py::4297,0.104857
pandas/core/indexes/base.py::4932,0.104857
pandas/core/indexes/base.py::4934,0.104857
pandas/core/indexes/base.py::4935,0.104857
pandas/core/indexes/base.py::4936,0.104857
pandas/core/indexes/base.py::4937,0.104857
pandas/core/indexes/numeric.py::110,0.104857
pandas/util/_validators.py::209,0.104857
pandas/util/_validators.py::214,0.104857
pandas/core/arrays/interval.py::988,0.104310
pandas/core/dtypes/concat.py::67,0.104310
pandas/core/indexes/base.py::5682,0.104310
pandas/core/indexes/extension.py::49,0.104310
pandas/core/indexes/range.py::336,0.104310
pandas/core/indexes/range.py::337,0.104310
pandas/core/indexes/range.py::338,0.104310
pandas/core/indexes/base.py::4108,0.102001
pandas/core/indexes/base.py::4109,0.102001
pandas/core/indexes/base.py::4110,0.102001
pandas/core/base.py::876,0.101225
pandas/core/base.py::881,0.101225
pandas/core/indexes/base.py::398,0.101225
pandas/core/indexes/numeric.py::51,0.098244
pandas/core/indexes/numeric.py::52,0.098244
pandas/core/indexes/numeric.py::55,0.098244
pandas/core/indexes/numeric.py::65,0.098244
pandas/core/indexes/numeric.py::68,0.098244
pandas/core/indexes/numeric.py::72,0.098244
pandas/core/indexes/numeric.py::74,0.098244
pandas/core/construction.py::529,0.098052
pandas/core/dtypes/cast.py::445,0.098052
pandas/core/algorithms.py::1631,0.097116
pandas/core/dtypes/cast.py::443,0.097116
pandas/core/algorithms.py::1621,0.093839
pandas/core/algorithms.py::1622,0.093839
pandas/core/algorithms.py::1623,0.093839
pandas/core/algorithms.py::1624,0.093839
pandas/core/indexes/base.py::529,0.093839
pandas/core/generic.py::407,0.090872
pandas/core/indexes/base.py::4143,0.090872
pandas/core/indexes/numeric.py::109,0.090872
pandas/core/indexes/base.py::4146,0.090461
pandas/core/indexes/base.py::5636,0.090461
pandas/core/indexes/base.py::5637,0.090461
pandas/core/indexes/base.py::5640,0.090461
pandas/core/indexes/base.py::690,0.090461
pandas/core/indexes/numeric.py::426,0.090461
pandas/core/indexes/numeric.py::428,0.090461
pandas/core/indexes/numeric.py::433,0.090461
pandas/core/indexes/numeric.py::434,0.090461
pandas/core/indexes/numeric.py::436,0.090461
pandas/core/indexes/numeric.py::438,0.090461
pandas/core/indexes/numeric.py::439,0.090461
pandas/core/indexes/numeric.py::245,0.090377
pandas/core/internals/managers.py::207,0.088171
pandas/core/internals/managers.py::208,0.088171
pandas/core/internals/managers.py::209,0.088171
pandas/core/dtypes/common.py::1021,0.086496
pandas/core/dtypes/common.py::1022,0.086496
pandas/core/dtypes/common.py::1023,0.086496
pandas/core/dtypes/common.py::501,0.086496
pandas/core/dtypes/common.py::537,0.086496
pandas/core/dtypes/common.py::883,0.086496
pandas/core/indexes/base.py::288,0.086496
pandas/core/indexes/base.py::290,0.086496
pandas/core/indexes/base.py::292,0.086496
pandas/core/indexes/base.py::297,0.086496
pandas/core/indexes/base.py::299,0.086496
pandas/core/indexes/base.py::303,0.086496
pandas/core/indexes/base.py::310,0.086496
pandas/core/indexes/base.py::324,0.086496
pandas/core/indexes/base.py::325,0.086496
pandas/core/indexes/base.py::326,0.086496
pandas/core/indexes/base.py::344,0.086496
pandas/core/indexes/base.py::357,0.086496
pandas/core/indexes/base.py::366,0.086496
pandas/core/indexes/base.py::379,0.086496
pandas/core/indexes/base.py::381,0.086496
pandas/core/indexes/base.py::387,0.086496
pandas/core/indexes/base.py::397,0.086496
pandas/core/generic.py::387,0.085698
pandas/core/generic.py::388,0.085698
pandas/core/indexes/range.py::450,0.085698
pandas/core/indexes/range.py::389,0.083421
pandas/core/internals/blocks.py::313,0.083421
pandas/core/indexes/base.py::4618,0.081318
pandas/core/indexes/range.py::374,0.081318
pandas/core/indexes/range.py::375,0.081318
pandas/core/indexes/range.py::376,0.081318
pandas/core/indexes/range.py::377,0.081318
pandas/core/indexes/range.py::379,0.081318
pandas/core/indexes/range.py::382,0.081318
pandas/core/indexing.py::1263,0.081318
pandas/core/indexes/base.py::550,0.079366
pandas/core/indexes/base.py::551,0.079366
pandas/core/indexes/base.py::552,0.079366
pandas/core/indexes/base.py::553,0.079366
pandas/core/indexes/base.py::556,0.079366
pandas/core/indexes/base.py::561,0.079366
pandas/core/internals/managers.py::204,0.079366
pandas/core/series.py::863,0.079366
pandas/core/indexes/base.py::4600,0.077548
pandas/core/indexes/base.py::4617,0.077548
pandas/core/indexes/numeric.py::107,0.077548
pandas/core/series.py::856,0.077548
pandas/core/series.py::860,0.077548
pandas/core/series.py::861,0.077548
pandas/core/indexes/base.py::4924,0.077260
pandas/core/dtypes/missing.py::438,0.075850
pandas/core/indexes/base.py::3357,0.075850
pandas/core/indexes/base.py::3358,0.075850
pandas/core/indexes/base.py::3359,0.075850
pandas/core/internals/managers.py::1257,0.075850
pandas/core/internals/managers.py::1259,0.075850
pandas/core/internals/managers.py::1261,0.075850
pandas/core/indexes/base.py::4923,0.075764
pandas/core/indexes/base.py::4578,0.074259
pandas/core/indexes/base.py::4583,0.074259
pandas/core/indexes/base.py::4589,0.074259
pandas/core/indexes/range.py::321,0.074259
pandas/core/indexes/base.py::5428,0.073984
pandas/core/indexes/base.py::689,0.073984
pandas/core/indexes/base.py::692,0.073984
pandas/core/indexes/base.py::697,0.073984
pandas/core/indexes/base.py::700,0.073984
pandas/core/indexes/base.py::701,0.073984
pandas/core/indexes/base.py::704,0.073984
pandas/core/indexes/numeric.py::236,0.073984
pandas/core/common.py::193,0.072764
pandas/core/indexes/range.py::357,0.072764
pandas/core/indexes/range.py::362,0.072764
pandas/core/indexes/range.py::363,0.072764
pandas/core/indexes/range.py::369,0.072764
pandas/core/indexes/range.py::370,0.072764
pandas/core/internals/managers.py::1222,0.071356
pandas/core/internals/managers.py::1250,0.071356
pandas/core/internals/managers.py::1252,0.071356
pandas/core/internals/managers.py::1253,0.071356
pandas/core/internals/managers.py::1256,0.071356
pandas/core/internals/managers.py::1938,0.071356
pandas/core/internals/managers.py::1945,0.071356
pandas/core/internals/managers.py::1949,0.071356
pandas/core/internals/managers.py::1950,0.071356
pandas/core/internals/managers.py::1952,0.071356
pandas/core/indexes/range.py::162,0.071138
pandas/core/indexes/range.py::166,0.071138
pandas/core/frame.py::407,0.070027
pandas/core/frame.py::437,0.070027
pandas/core/frame.py::438,0.070027
pandas/core/generic.py::226,0.070027
pandas/core/generic.py::227,0.070027
pandas/core/generic.py::233,0.070027
pandas/core/generic.py::235,0.070027
pandas/core/generic.py::239,0.070027
pandas/core/indexes/base.py::4140,0.070027
pandas/core/indexes/base.py::1792,0.069965
pandas/core/internals/blocks.py::1291,0.068769
pandas/core/internals/blocks.py::1292,0.068769
pandas/core/internals/managers.py::201,0.068769
pandas/core/indexes/numeric.py::448,0.068534
pandas/core/generic.py::4424,0.067577
pandas/core/generic.py::4425,0.067577
pandas/core/generic.py::4426,0.067577
pandas/core/generic.py::4427,0.067577
pandas/core/generic.py::4429,0.067577
pandas/core/generic.py::4432,0.067577
pandas/core/generic.py::4433,0.067577
pandas/core/generic.py::4434,0.067577
pandas/core/generic.py::4437,0.067577
pandas/core/generic.py::4438,0.067577
pandas/core/generic.py::4439,0.067577
pandas/core/generic.py::4440,0.067577
pandas/core/generic.py::4441,0.067577
pandas/core/generic.py::4442,0.067577
pandas/core/generic.py::4443,0.067577
pandas/core/generic.py::4446,0.067577
pandas/core/generic.py::4449,0.067577
pandas/core/indexes/range.py::345,0.067577
pandas/core/indexes/range.py::346,0.067577
pandas/core/indexes/range.py::347,0.067577
pandas/core/indexes/range.py::348,0.067577
pandas/core/indexes/range.py::349,0.067577
pandas/core/indexes/base.py::3330,0.065368
pandas/core/indexes/base.py::3333,0.065368
pandas/core/indexes/base.py::3335,0.065368
pandas/core/indexes/base.py::3344,0.065368
pandas/core/indexes/base.py::3346,0.065368
pandas/core/indexes/base.py::3353,0.065368
pandas/core/indexes/base.py::3369,0.065368
pandas/core/indexes/base.py::3373,0.065368
pandas/core/indexes/base.py::5548,0.065368
pandas/core/indexes/base.py::5549,0.065368
pandas/core/indexes/base.py::5553,0.065368
pandas/core/internals/blocks.py::1300,0.065368
pandas/core/internals/blocks.py::1301,0.065368
pandas/core/internals/blocks.py::1304,0.065368
pandas/core/internals/blocks.py::1307,0.065368
pandas/core/internals/blocks.py::280,0.065368
pandas/core/internals/managers.py::1235,0.065368
pandas/core/internals/managers.py::1236,0.065368
pandas/core/internals/managers.py::1237,0.065368
pandas/core/frame.py::558,0.064342
pandas/core/indexes/numeric.py::254,0.064342
pandas/core/indexes/numeric.py::257,0.064342
pandas/core/indexes/numeric.py::258,0.064342
pandas/core/indexes/base.py::2023,0.064136
pandas/core/indexes/base.py::2024,0.064136
pandas/core/generic.py::405,0.060673
pandas/core/generic.py::406,0.060673
pandas/core/internals/blocks.py::1285,0.060673
pandas/core/internals/blocks.py::1287,0.060673
pandas/core/internals/blocks.py::1294,0.060673
pandas/core/internals/blocks.py::1295,0.060673
pandas/core/internals/managers.py::1203,0.060673
pandas/core/internals/managers.py::1212,0.060673
pandas/core/internals/managers.py::1215,0.060673
pandas/core/internals/managers.py::1218,0.060673
pandas/core/internals/managers.py::1221,0.060673
pandas/core/series.py::849,0.060673
pandas/core/series.py::851,0.060673
pandas/core/series.py::854,0.060673
pandas/core/series.py::855,0.060673
pandas/core/series.py::858,0.060673
pandas/core/indexes/base.py::3954,0.059850
pandas/core/indexes/base.py::4268,0.059850
pandas/core/indexes/base.py::4271,0.059850
pandas/core/indexes/base.py::4275,0.059850
pandas/core/indexes/base.py::4281,0.059850
pandas/core/indexes/base.py::4282,0.059850
pandas/core/dtypes/cast.py::534,0.059060
pandas/core/indexes/base.py::528,0.059060
pandas/core/indexes/base.py::531,0.059060
pandas/core/indexes/base.py::533,0.059060
pandas/core/indexes/base.py::535,0.059060
pandas/core/dtypes/common.py::1738,0.057569
pandas/core/indexes/base.py::2897,0.057404
pandas/core/indexes/base.py::2898,0.057404
pandas/core/indexes/numeric.py::232,0.057404
pandas/core/indexes/numeric.py::233,0.057404
pandas/core/indexes/numeric.py::234,0.057404
pandas/core/indexes/base.py::3112,0.056864
pandas/core/indexes/base.py::3114,0.056864
pandas/core/indexes/base.py::3121,0.056864
pandas/core/indexes/base.py::3125,0.056864
pandas/core/indexes/base.py::3139,0.056864
pandas/core/indexes/base.py::3143,0.056864
pandas/core/indexes/range.py::448,0.055530
pandas/core/indexes/numeric.py::444,0.054747
pandas/core/indexes/numeric.py::445,0.054747
pandas/core/dtypes/cast.py::532,0.053694
pandas/core/generic.py::403,0.053121
pandas/core/generic.py::404,0.053121
pandas/core/dtypes/common.py::1729,0.052428
pandas/core/dtypes/common.py::1731,0.052428
pandas/core/indexes/base.py::4154,0.050382
pandas/core/indexes/base.py::4265,0.050032
pandas/core/indexes/base.py::584,0.050032
pandas/core/missing.py::602,0.050032
pandas/core/missing.py::75,0.050032
pandas/core/missing.py::76,0.050032
pandas/core/indexes/range.py::316,0.049116
pandas/core/indexes/range.py::163,0.048248
pandas/core/indexes/range.py::164,0.048248
pandas/core/indexes/range.py::214,0.048248
pandas/core/indexes/range.py::236,0.048248
pandas/core/indexes/range.py::260,0.048248
pandas/core/indexes/base.py::4145,0.045436
pandas/core/indexes/base.py::4148,0.045436
pandas/core/indexes/base.py::4149,0.045436
pandas/core/indexes/base.py::4150,0.045436
pandas/core/indexes/base.py::4151,0.045436
pandas/core/dtypes/missing.py::434,0.042941
pandas/core/dtypes/missing.py::437,0.042941
pandas/core/common.py::136,0.037129
pandas/core/common.py::139,0.037129
pandas/core/common.py::222,0.036090
pandas/core/common.py::220,0.035571
pandas/core/common.py::225,0.035571
pandas/core/common.py::228,0.035571
pandas/core/common.py::230,0.035571
pandas/core/common.py::233,0.035571
pandas/core/common.py::238,0.035571
pandas/core/indexers.py::374,0.033789
pandas/core/indexers.py::380,0.033789
pandas/core/indexes/base.py::2888,0.030337
pandas/core/indexes/base.py::2889,0.030337
pandas/core/indexes/base.py::2894,0.030337
pandas/core/indexes/base.py::2895,0.030337
pandas/core/indexes/base.py::2896,0.030337
pandas/core/indexes/base.py::403,0.028093
pandas/core/indexes/base.py::406,0.028093
pandas/core/indexes/base.py::410,0.028093
pandas/core/indexes/base.py::413,0.028093
pandas/core/indexes/base.py::414,0.028093
pandas/core/indexes/base.py::415,0.028093
pandas/core/indexes/base.py::416,0.028093
pandas/core/indexes/base.py::417,0.028093
pandas/core/indexes/base.py::420,0.028093
pandas/core/indexes/base.py::422,0.028093
pandas/core/indexes/base.py::425,0.028093
pandas/core/indexes/base.py::5635,0.028093
pandas/core/indexes/base.py::5642,0.028093
pandas/core/indexes/base.py::5662,0.028093
pandas/core/indexes/base.py::5669,0.028093
pandas/core/indexes/base.py::5671,0.028093
pandas/core/indexes/base.py::5680,0.028093
pandas/core/indexes/base.py::5684,0.028093
pandas/core/indexes/base.py::5536,0.021323
pandas/core/indexes/base.py::5513,0.019649
pandas/core/indexes/base.py::5516,0.019649
pandas/core/indexes/base.py::5521,0.019649
pandas/core/indexes/base.py::5541,0.019649
