Entity,Score
lib/matplotlib/axes/_base.py::2294,0.909091
lib/matplotlib/axes/_base.py::2296,0.909091
lib/matplotlib/axes/_base.py::2297,0.909091
lib/matplotlib/axes/_base.py::2316,0.909091
lib/matplotlib/axes/_base.py::2318,0.909091
lib/matplotlib/axes/_base.py::2319,0.909091
lib/matplotlib/axes/_base.py::2373,0.909091
lib/matplotlib/axes/_base.py::2376,0.909091
lib/matplotlib/axes/_base.py::2377,0.909091
lib/matplotlib/axes/_base.py::2384,0.909091
lib/matplotlib/axes/_base.py::2389,0.909091
lib/matplotlib/axes/_base.py::2390,0.909091
lib/matplotlib/axes/_base.py::2391,0.909091
lib/matplotlib/axes/_base.py::2392,0.909091
lib/matplotlib/axes/_base.py::2394,0.909091
lib/matplotlib/axes/_base.py::2395,0.909091
lib/matplotlib/axes/_base.py::3428,0.909091
lib/matplotlib/axes/_base.py::660,0.909091
lib/matplotlib/axis.py::2478,0.909091
lib/matplotlib/axis.py::2480,0.909091
lib/matplotlib/testing/compare.py::317,0.909091
lib/matplotlib/testing/compare.py::322,0.909091
lib/matplotlib/testing/compare.py::408,0.909091
lib/matplotlib/testing/compare.py::409,0.909091
lib/matplotlib/testing/compare.py::411,0.909091
lib/matplotlib/testing/compare.py::413,0.909091
lib/matplotlib/testing/compare.py::416,0.909091
lib/matplotlib/testing/compare.py::418,0.909091
lib/matplotlib/testing/compare.py::419,0.909091
lib/matplotlib/testing/compare.py::421,0.909091
lib/matplotlib/testing/compare.py::430,0.909091
lib/matplotlib/testing/compare.py::445,0.909091
lib/matplotlib/testing/compare.py::446,0.909091
lib/matplotlib/testing/compare.py::447,0.909091
lib/matplotlib/testing/compare.py::448,0.909091
lib/matplotlib/testing/compare.py::449,0.909091
lib/matplotlib/testing/compare.py::450,0.909091
lib/matplotlib/testing/compare.py::451,0.909091
lib/matplotlib/testing/compare.py::455,0.909091
lib/matplotlib/testing/compare.py::458,0.909091
lib/matplotlib/testing/compare.py::459,0.909091
lib/matplotlib/testing/compare.py::460,0.909091
lib/matplotlib/testing/compare.py::464,0.909091
lib/matplotlib/testing/compare.py::465,0.909091
lib/matplotlib/testing/compare.py::466,0.909091
lib/matplotlib/testing/compare.py::467,0.909091
lib/matplotlib/testing/compare.py::470,0.909091
lib/matplotlib/testing/compare.py::472,0.909091
lib/matplotlib/testing/decorators.py::137,0.909091
lib/matplotlib/testing/decorators.py::138,0.909091
lib/matplotlib/testing/decorators.py::139,0.909091
lib/matplotlib/testing/decorators.py::140,0.909091
lib/matplotlib/testing/decorators.py::141,0.909091
lib/matplotlib/tests/test_polar.py::192,0.909091
lib/matplotlib/tests/test_polar.py::193,0.909091
lib/matplotlib/tests/test_polar.py::194,0.909091
lib/matplotlib/tests/test_polar.py::197,0.909091
lib/matplotlib/tests/test_polar.py::198,0.909091
lib/matplotlib/tests/test_polar.py::199,0.909091
lib/matplotlib/axes/_base.py::293,0.660409
lib/matplotlib/axis.py::1028,0.660409
lib/matplotlib/transforms.py::1061,0.660409
lib/matplotlib/transforms.py::2797,0.545836
lib/matplotlib/transforms.py::2798,0.545836
lib/matplotlib/projections/polar.py::430,0.476190
lib/matplotlib/ticker.py::560,0.428070
lib/matplotlib/ticker.py::698,0.428070
lib/matplotlib/ticker.py::699,0.428070
lib/matplotlib/axes/_base.py::480,0.364199
lib/matplotlib/figure.py::1077,0.364199
lib/matplotlib/figure.py::1207,0.364199
lib/matplotlib/figure.py::1214,0.364199
lib/matplotlib/figure.py::1222,0.364199
lib/matplotlib/figure.py::1223,0.364199
lib/matplotlib/figure.py::1224,0.364199
lib/matplotlib/figure.py::1228,0.364199
lib/matplotlib/figure.py::1234,0.364199
lib/matplotlib/figure.py::1235,0.364199
lib/matplotlib/figure.py::1239,0.364199
lib/matplotlib/figure.py::1243,0.364199
lib/matplotlib/figure.py::1244,0.364199
lib/matplotlib/figure.py::1249,0.364199
lib/matplotlib/figure.py::1251,0.364199
lib/matplotlib/axes/_base.py::2643,0.322581
lib/matplotlib/axes/_base.py::2649,0.322581
lib/matplotlib/axes/_base.py::2650,0.322581
lib/matplotlib/axes/_base.py::2653,0.322581
lib/matplotlib/axis.py::1873,0.322581
lib/matplotlib/axis.py::1877,0.322581
lib/matplotlib/axis.py::1879,0.322581
lib/matplotlib/axis.py::1883,0.322581
lib/matplotlib/axis.py::1886,0.322581
lib/matplotlib/projections/polar.py::326,0.322581
lib/matplotlib/projections/polar.py::334,0.322581
lib/matplotlib/projections/polar.py::623,0.322581
lib/matplotlib/projections/polar.py::659,0.322581
lib/matplotlib/transforms.py::1817,0.322581
lib/matplotlib/transforms.py::1818,0.322581
lib/matplotlib/transforms.py::1819,0.322581
lib/matplotlib/transforms.py::1820,0.322581
lib/matplotlib/transforms.py::1822,0.322581
lib/matplotlib/transforms.py::1823,0.322581
lib/matplotlib/transforms.py::1824,0.322581
lib/matplotlib/axes/_base.py::1121,0.306534
lib/matplotlib/axes/_base.py::1122,0.306534
lib/matplotlib/axes/_base.py::2621,0.306534
lib/matplotlib/axes/_base.py::2623,0.306534
lib/matplotlib/axes/_base.py::2624,0.306534
lib/matplotlib/axes/_base.py::2626,0.306534
lib/matplotlib/axes/_base.py::2628,0.306534
lib/matplotlib/axes/_base.py::2630,0.306534
lib/matplotlib/axes/_base.py::2639,0.306534
lib/matplotlib/axes/_base.py::2640,0.306534
lib/matplotlib/axes/_base.py::2641,0.306534
lib/matplotlib/axes/_base.py::2646,0.306534
lib/matplotlib/axes/_base.py::2647,0.306534
lib/matplotlib/axes/_base.py::2648,0.306534
lib/matplotlib/axes/_base.py::2658,0.306534
lib/matplotlib/axes/_base.py::2659,0.306534
lib/matplotlib/axes/_base.py::2661,0.306534
lib/matplotlib/axes/_base.py::2662,0.306534
lib/matplotlib/axes/_base.py::2843,0.306534
lib/matplotlib/axes/_base.py::2844,0.306534
lib/matplotlib/axis.py::1093,0.306534
lib/matplotlib/axis.py::1096,0.306534
lib/matplotlib/axis.py::1098,0.306534
lib/matplotlib/axis.py::1101,0.306534
lib/matplotlib/axis.py::1102,0.306534
lib/matplotlib/axis.py::1104,0.306534
lib/matplotlib/axis.py::1105,0.306534
lib/matplotlib/axis.py::1108,0.306534
lib/matplotlib/axis.py::1109,0.306534
lib/matplotlib/axis.py::1110,0.306534
lib/matplotlib/axis.py::1111,0.306534
lib/matplotlib/axis.py::1112,0.306534
lib/matplotlib/axis.py::1115,0.306534
lib/matplotlib/axis.py::1116,0.306534
lib/matplotlib/axis.py::1120,0.306534
lib/matplotlib/axis.py::1127,0.306534
lib/matplotlib/axis.py::1128,0.306534
lib/matplotlib/axis.py::1129,0.306534
lib/matplotlib/axis.py::1130,0.306534
lib/matplotlib/axis.py::1131,0.306534
lib/matplotlib/axis.py::1865,0.306534
lib/matplotlib/axis.py::1866,0.306534
lib/matplotlib/axis.py::1867,0.306534
lib/matplotlib/axis.py::1871,0.306534
lib/matplotlib/axis.py::2178,0.306534
lib/matplotlib/axis.py::2179,0.306534
lib/matplotlib/axis.py::2180,0.306534
lib/matplotlib/axis.py::2501,0.306534
lib/matplotlib/axis.py::2502,0.306534
lib/matplotlib/axis.py::2503,0.306534
lib/matplotlib/axis.py::2505,0.306534
lib/matplotlib/axis.py::2506,0.306534
lib/matplotlib/axis.py::2507,0.306534
lib/matplotlib/axis.py::447,0.306534
lib/matplotlib/axis.py::450,0.306534
lib/matplotlib/axis.py::518,0.306534
lib/matplotlib/axis.py::521,0.306534
lib/matplotlib/backend_bases.py::2065,0.306534
lib/matplotlib/backend_bases.py::2079,0.306534
lib/matplotlib/backend_bases.py::2083,0.306534
lib/matplotlib/colors.py::164,0.306534
lib/matplotlib/colors.py::165,0.306534
lib/matplotlib/colors.py::166,0.306534
lib/matplotlib/colors.py::167,0.306534
lib/matplotlib/lines.py::70,0.306534
lib/matplotlib/lines.py::72,0.306534
lib/matplotlib/lines.py::73,0.306534
lib/matplotlib/patches.py::317,0.306534
lib/matplotlib/patches.py::320,0.306534
lib/matplotlib/patches.py::321,0.306534
lib/matplotlib/style/core.py::103,0.306534
lib/matplotlib/style/core.py::115,0.306534
lib/matplotlib/style/core.py::116,0.306534
lib/matplotlib/style/core.py::49,0.306534
lib/matplotlib/text.py::785,0.306534
lib/matplotlib/ticker.py::2123,0.306534
lib/matplotlib/ticker.py::2124,0.306534
lib/matplotlib/ticker.py::2125,0.306534
lib/matplotlib/ticker.py::2799,0.306534
lib/matplotlib/ticker.py::2800,0.306534
lib/matplotlib/figure.py::1068,0.292687
lib/matplotlib/figure.py::1069,0.292687
lib/matplotlib/testing/conftest.py::76,0.292687
lib/matplotlib/testing/conftest.py::78,0.292687
lib/matplotlib/testing/decorators.py::179,0.292687
lib/matplotlib/testing/decorators.py::180,0.292687
lib/matplotlib/testing/decorators.py::181,0.292687
lib/matplotlib/testing/decorators.py::182,0.292687
lib/matplotlib/testing/decorators.py::183,0.292687
lib/matplotlib/testing/decorators.py::186,0.292687
lib/matplotlib/testing/decorators.py::187,0.292687
lib/matplotlib/testing/decorators.py::188,0.292687
lib/matplotlib/testing/decorators.py::190,0.292687
lib/matplotlib/testing/decorators.py::191,0.292687
lib/matplotlib/testing/decorators.py::192,0.292687
lib/matplotlib/testing/decorators.py::194,0.292687
lib/matplotlib/testing/decorators.py::195,0.292687
lib/matplotlib/testing/decorators.py::196,0.292687
lib/matplotlib/testing/decorators.py::197,0.292687
lib/matplotlib/testing/decorators.py::205,0.292687
lib/matplotlib/testing/decorators.py::208,0.292687
lib/matplotlib/testing/decorators.py::209,0.292687
lib/matplotlib/testing/decorators.py::210,0.292687
lib/matplotlib/testing/decorators.py::212,0.292687
lib/matplotlib/testing/decorators.py::215,0.292687
lib/matplotlib/testing/decorators.py::216,0.292687
lib/matplotlib/testing/decorators.py::217,0.292687
lib/matplotlib/testing/decorators.py::222,0.292687
lib/matplotlib/testing/decorators.py::223,0.292687
lib/matplotlib/testing/decorators.py::224,0.292687
lib/matplotlib/testing/decorators.py::225,0.292687
lib/matplotlib/testing/decorators.py::226,0.292687
lib/matplotlib/testing/decorators.py::252,0.292687
lib/matplotlib/testing/decorators.py::253,0.292687
lib/matplotlib/testing/decorators.py::255,0.292687
lib/matplotlib/testing/decorators.py::258,0.292687
lib/matplotlib/testing/decorators.py::259,0.292687
lib/matplotlib/testing/decorators.py::260,0.292687
lib/matplotlib/testing/decorators.py::261,0.292687
lib/matplotlib/testing/decorators.py::266,0.292687
lib/matplotlib/testing/decorators.py::267,0.292687
lib/matplotlib/testing/decorators.py::268,0.292687
lib/matplotlib/testing/decorators.py::270,0.292687
lib/matplotlib/testing/decorators.py::271,0.292687
lib/matplotlib/testing/decorators.py::278,0.292687
lib/matplotlib/testing/decorators.py::281,0.292687
lib/matplotlib/testing/decorators.py::282,0.292687
lib/matplotlib/testing/decorators.py::484,0.292687
lib/matplotlib/testing/decorators.py::485,0.292687
lib/matplotlib/testing/decorators.py::486,0.292687
lib/matplotlib/testing/decorators.py::487,0.292687
lib/matplotlib/testing/decorators.py::488,0.292687
lib/matplotlib/text.py::226,0.292687
lib/matplotlib/text.py::227,0.292687
lib/matplotlib/text.py::894,0.292687
lib/matplotlib/text.py::895,0.292687
lib/matplotlib/text.py::896,0.292687
lib/matplotlib/figure.py::1066,0.280576
lib/matplotlib/figure.py::1067,0.280576
lib/matplotlib/figure.py::1070,0.280576
lib/matplotlib/cbook/__init__.py::1276,0.269865
lib/matplotlib/_pylab_helpers.py::42,0.236793
lib/matplotlib/projections/polar.py::54,0.236793
lib/matplotlib/pyplot.py::598,0.236793
lib/matplotlib/_pylab_helpers.py::85,0.230275
lib/matplotlib/_pylab_helpers.py::86,0.230275
lib/matplotlib/backend_bases.py::1981,0.230275
lib/matplotlib/backends/backend_agg.py::280,0.230275
lib/matplotlib/backends/backend_agg.py::443,0.230275
lib/matplotlib/backends/backend_agg.py::503,0.230275
lib/matplotlib/backends/backend_agg.py::504,0.230275
lib/matplotlib/backends/backend_agg.py::505,0.230275
lib/matplotlib/backends/backend_agg.py::506,0.230275
lib/matplotlib/backends/backend_agg.py::508,0.230275
lib/matplotlib/backends/backend_agg.py::509,0.230275
lib/matplotlib/backends/backend_agg.py::510,0.230275
lib/matplotlib/backends/backend_agg.py::512,0.230275
lib/matplotlib/backends/backend_agg.py::515,0.230275
lib/matplotlib/backends/backend_agg.py::516,0.230275
lib/matplotlib/backends/backend_agg.py::517,0.230275
lib/matplotlib/backends/backend_agg.py::518,0.230275
lib/matplotlib/backends/backend_agg.py::519,0.230275
lib/matplotlib/backends/backend_agg.py::520,0.230275
lib/matplotlib/backends/backend_agg.py::521,0.230275
lib/matplotlib/backends/backend_agg.py::522,0.230275
lib/matplotlib/pyplot.py::585,0.230275
lib/matplotlib/testing/compare.py::29,0.230275
lib/matplotlib/testing/compare.py::30,0.230275
lib/matplotlib/testing/compare.py::305,0.230275
lib/matplotlib/testing/compare.py::310,0.230275
lib/matplotlib/testing/compare.py::394,0.230275
lib/matplotlib/testing/compare.py::395,0.230275
lib/matplotlib/testing/compare.py::397,0.230275
lib/matplotlib/testing/compare.py::398,0.230275
lib/matplotlib/testing/compare.py::400,0.230275
lib/matplotlib/testing/compare.py::402,0.230275
lib/matplotlib/testing/compare.py::403,0.230275
lib/matplotlib/testing/decorators.py::136,0.230275
lib/matplotlib/axes/_axes.py::1745,0.224271
lib/matplotlib/axes/_base.py::1966,0.224271
lib/matplotlib/axes/_base.py::1967,0.224271
lib/matplotlib/axes/_base.py::1968,0.224271
lib/matplotlib/axes/_base.py::1970,0.224271
lib/matplotlib/axes/_base.py::1971,0.224271
lib/matplotlib/axes/_base.py::1972,0.224271
lib/matplotlib/axes/_base.py::1973,0.224271
lib/matplotlib/axes/_base.py::1974,0.224271
lib/matplotlib/axes/_base.py::1975,0.224271
lib/matplotlib/axes/_base.py::1976,0.224271
lib/matplotlib/axes/_base.py::1992,0.224271
lib/matplotlib/axes/_base.py::1993,0.224271
lib/matplotlib/axes/_base.py::1996,0.224271
lib/matplotlib/axes/_base.py::1998,0.224271
lib/matplotlib/axes/_base.py::1999,0.224271
lib/matplotlib/axes/_base.py::2023,0.224271
lib/matplotlib/axes/_base.py::2024,0.224271
lib/matplotlib/axes/_base.py::2025,0.224271
lib/matplotlib/axes/_base.py::2026,0.224271
lib/matplotlib/axes/_base.py::2027,0.224271
lib/matplotlib/axes/_base.py::2028,0.224271
lib/matplotlib/axes/_base.py::2029,0.224271
lib/matplotlib/axes/_base.py::2030,0.224271
lib/matplotlib/axes/_base.py::220,0.224271
lib/matplotlib/axes/_base.py::2531,0.224271
lib/matplotlib/axes/_base.py::2532,0.224271
lib/matplotlib/axes/_base.py::2533,0.224271
lib/matplotlib/axes/_base.py::2534,0.224271
lib/matplotlib/axes/_base.py::2535,0.224271
lib/matplotlib/axes/_base.py::2536,0.224271
lib/matplotlib/axes/_base.py::2538,0.224271
lib/matplotlib/axes/_base.py::2539,0.224271
lib/matplotlib/axes/_base.py::2540,0.224271
lib/matplotlib/axes/_base.py::265,0.224271
lib/matplotlib/axes/_base.py::266,0.224271
lib/matplotlib/axes/_base.py::267,0.224271
lib/matplotlib/axes/_base.py::270,0.224271
lib/matplotlib/axes/_base.py::285,0.224271
lib/matplotlib/axes/_base.py::286,0.224271
lib/matplotlib/axes/_base.py::294,0.224271
lib/matplotlib/axes/_base.py::301,0.224271
lib/matplotlib/axes/_base.py::306,0.224271
lib/matplotlib/axes/_base.py::307,0.224271
lib/matplotlib/axes/_base.py::308,0.224271
lib/matplotlib/axes/_base.py::309,0.224271
lib/matplotlib/axes/_base.py::310,0.224271
lib/matplotlib/axes/_base.py::365,0.224271
lib/matplotlib/axes/_base.py::368,0.224271
lib/matplotlib/axes/_base.py::371,0.224271
lib/matplotlib/axes/_base.py::375,0.224271
lib/matplotlib/axes/_base.py::378,0.224271
lib/matplotlib/axes/_base.py::379,0.224271
lib/matplotlib/axes/_base.py::380,0.224271
lib/matplotlib/axes/_base.py::381,0.224271
lib/matplotlib/axes/_base.py::384,0.224271
lib/matplotlib/axes/_base.py::385,0.224271
lib/matplotlib/axes/_base.py::386,0.224271
lib/matplotlib/axes/_base.py::390,0.224271
lib/matplotlib/axes/_base.py::391,0.224271
lib/matplotlib/axes/_base.py::392,0.224271
lib/matplotlib/axes/_base.py::393,0.224271
lib/matplotlib/axes/_base.py::395,0.224271
lib/matplotlib/axes/_base.py::398,0.224271
lib/matplotlib/axes/_base.py::401,0.224271
lib/matplotlib/axes/_base.py::402,0.224271
lib/matplotlib/axes/_base.py::403,0.224271
lib/matplotlib/axes/_base.py::404,0.224271
lib/matplotlib/axes/_base.py::406,0.224271
lib/matplotlib/axes/_base.py::407,0.224271
lib/matplotlib/axes/_base.py::412,0.224271
lib/matplotlib/axes/_base.py::413,0.224271
lib/matplotlib/axes/_base.py::415,0.224271
lib/matplotlib/axes/_base.py::416,0.224271
lib/matplotlib/cbook/__init__.py::1275,0.224271
lib/matplotlib/lines.py::315,0.224271
lib/matplotlib/lines.py::618,0.224271
lib/matplotlib/lines.py::619,0.224271
lib/matplotlib/lines.py::620,0.224271
lib/matplotlib/lines.py::621,0.224271
lib/matplotlib/lines.py::622,0.224271
lib/matplotlib/lines.py::623,0.224271
lib/matplotlib/lines.py::770,0.224271
lib/matplotlib/lines.py::771,0.224271
lib/matplotlib/ticker.py::1981,0.224271
lib/matplotlib/units.py::200,0.224271
lib/matplotlib/units.py::202,0.224271
lib/matplotlib/axes/_axes.py::1742,0.218716
lib/matplotlib/axes/_axes.py::1743,0.218716
lib/matplotlib/axes/_axes.py::1744,0.218716
lib/matplotlib/axes/_axes.py::1746,0.218716
lib/matplotlib/axes/_axes.py::1747,0.218716
lib/matplotlib/axes/_base.py::210,0.218716
lib/matplotlib/axes/_base.py::212,0.218716
lib/matplotlib/axes/_base.py::213,0.218716
lib/matplotlib/axes/_base.py::217,0.218716
lib/matplotlib/axes/_base.py::2270,0.218716
lib/matplotlib/axes/_base.py::2491,0.218716
lib/matplotlib/axes/_base.py::2494,0.218716
lib/matplotlib/axes/_base.py::2495,0.218716
lib/matplotlib/axes/_base.py::2501,0.218716
lib/matplotlib/axes/_base.py::2507,0.218716
lib/matplotlib/axes/_base.py::2513,0.218716
lib/matplotlib/axes/_base.py::2515,0.218716
lib/matplotlib/axes/_base.py::2518,0.218716
lib/matplotlib/axes/_base.py::2521,0.218716
lib/matplotlib/axes/_base.py::2522,0.218716
lib/matplotlib/axes/_base.py::2524,0.218716
lib/matplotlib/axes/_base.py::2525,0.218716
lib/matplotlib/axes/_base.py::2527,0.218716
lib/matplotlib/axes/_base.py::2528,0.218716
lib/matplotlib/axes/_base.py::2542,0.218716
lib/matplotlib/axes/_base.py::2543,0.218716
lib/matplotlib/axes/_base.py::2546,0.218716
lib/matplotlib/axes/_base.py::2547,0.218716
lib/matplotlib/axes/_base.py::2552,0.218716
lib/matplotlib/axes/_base.py::2554,0.218716
lib/matplotlib/axes/_base.py::2555,0.218716
lib/matplotlib/axes/_base.py::2557,0.218716
lib/matplotlib/axes/_base.py::2558,0.218716
lib/matplotlib/axes/_base.py::2562,0.218716
lib/matplotlib/axes/_base.py::2563,0.218716
lib/matplotlib/axes/_base.py::2564,0.218716
lib/matplotlib/axes/_base.py::2565,0.218716
lib/matplotlib/axes/_base.py::2566,0.218716
lib/matplotlib/axes/_base.py::2567,0.218716
lib/matplotlib/axes/_base.py::2568,0.218716
lib/matplotlib/axes/_base.py::2570,0.218716
lib/matplotlib/axes/_base.py::2573,0.218716
lib/matplotlib/axes/_base.py::2575,0.218716
lib/matplotlib/axes/_base.py::2578,0.218716
lib/matplotlib/axes/_base.py::2580,0.218716
lib/matplotlib/axes/_base.py::2583,0.218716
lib/matplotlib/axes/_base.py::2584,0.218716
lib/matplotlib/axes/_base.py::2585,0.218716
lib/matplotlib/axes/_base.py::2586,0.218716
lib/matplotlib/axes/_base.py::2587,0.218716
lib/matplotlib/axes/_base.py::2588,0.218716
lib/matplotlib/axes/_base.py::3449,0.218716
lib/matplotlib/axes/_base.py::3452,0.218716
lib/matplotlib/axes/_base.py::3453,0.218716
lib/matplotlib/axes/_base.py::3455,0.218716
lib/matplotlib/axes/_base.py::3458,0.218716
lib/matplotlib/axes/_base.py::3459,0.218716
lib/matplotlib/axes/_base.py::3460,0.218716
lib/matplotlib/axes/_base.py::645,0.218716
lib/matplotlib/axes/_base.py::646,0.218716
lib/matplotlib/axes/_base.py::647,0.218716
lib/matplotlib/axes/_base.py::648,0.218716
lib/matplotlib/axes/_base.py::649,0.218716
lib/matplotlib/axis.py::937,0.218716
lib/matplotlib/axis.py::938,0.218716
lib/matplotlib/backend_bases.py::1903,0.218716
lib/matplotlib/backend_bases.py::644,0.218716
lib/matplotlib/backend_bases.py::846,0.218716
lib/matplotlib/backend_bases.py::983,0.218716
lib/matplotlib/backend_bases.py::991,0.218716
lib/matplotlib/backends/backend_agg.py::100,0.218716
lib/matplotlib/backends/backend_agg.py::102,0.218716
lib/matplotlib/backends/backend_agg.py::113,0.218716
lib/matplotlib/backends/backend_agg.py::114,0.218716
lib/matplotlib/backends/backend_agg.py::115,0.218716
lib/matplotlib/backends/backend_agg.py::116,0.218716
lib/matplotlib/backends/backend_agg.py::120,0.218716
lib/matplotlib/backends/backend_agg.py::121,0.218716
lib/matplotlib/backends/backend_agg.py::122,0.218716
lib/matplotlib/backends/backend_agg.py::133,0.218716
lib/matplotlib/backends/backend_agg.py::134,0.218716
lib/matplotlib/backends/backend_agg.py::136,0.218716
lib/matplotlib/backends/backend_agg.py::158,0.218716
lib/matplotlib/backends/backend_agg.py::159,0.218716
lib/matplotlib/backends/backend_agg.py::191,0.218716
lib/matplotlib/backends/backend_agg.py::194,0.218716
lib/matplotlib/backends/backend_agg.py::195,0.218716
lib/matplotlib/backends/backend_agg.py::197,0.218716
lib/matplotlib/backends/backend_agg.py::201,0.218716
lib/matplotlib/backends/backend_agg.py::202,0.218716
lib/matplotlib/backends/backend_agg.py::203,0.218716
lib/matplotlib/backends/backend_agg.py::204,0.218716
lib/matplotlib/backends/backend_agg.py::206,0.218716
lib/matplotlib/backends/backend_agg.py::207,0.218716
lib/matplotlib/backends/backend_agg.py::208,0.218716
lib/matplotlib/backends/backend_agg.py::209,0.218716
lib/matplotlib/backends/backend_agg.py::210,0.218716
lib/matplotlib/backends/backend_agg.py::211,0.218716
lib/matplotlib/backends/backend_agg.py::212,0.218716
lib/matplotlib/backends/backend_agg.py::213,0.218716
lib/matplotlib/backends/backend_agg.py::218,0.218716
lib/matplotlib/backends/backend_agg.py::226,0.218716
lib/matplotlib/backends/backend_agg.py::231,0.218716
lib/matplotlib/backends/backend_agg.py::232,0.218716
lib/matplotlib/backends/backend_agg.py::233,0.218716
lib/matplotlib/backends/backend_agg.py::234,0.218716
lib/matplotlib/backends/backend_agg.py::235,0.218716
lib/matplotlib/backends/backend_agg.py::236,0.218716
lib/matplotlib/backends/backend_agg.py::237,0.218716
lib/matplotlib/backends/backend_agg.py::238,0.218716
lib/matplotlib/backends/backend_agg.py::239,0.218716
lib/matplotlib/backends/backend_agg.py::260,0.218716
lib/matplotlib/backends/backend_agg.py::266,0.218716
lib/matplotlib/backends/backend_agg.py::267,0.218716
lib/matplotlib/backends/backend_agg.py::269,0.218716
lib/matplotlib/backends/backend_agg.py::270,0.218716
lib/matplotlib/backends/backend_agg.py::271,0.218716
lib/matplotlib/backends/backend_agg.py::273,0.218716
lib/matplotlib/backends/backend_agg.py::297,0.218716
lib/matplotlib/backends/backend_agg.py::396,0.218716
lib/matplotlib/backends/backend_agg.py::398,0.218716
lib/matplotlib/backends/backend_agg.py::399,0.218716
lib/matplotlib/backends/backend_agg.py::400,0.218716
lib/matplotlib/backends/backend_agg.py::401,0.218716
lib/matplotlib/backends/backend_agg.py::404,0.218716
lib/matplotlib/backends/backend_agg.py::407,0.218716
lib/matplotlib/backends/backend_agg.py::408,0.218716
lib/matplotlib/backends/backend_agg.py::409,0.218716
lib/matplotlib/backends/backend_agg.py::411,0.218716
lib/matplotlib/backends/backend_agg.py::412,0.218716
lib/matplotlib/backends/backend_agg.py::413,0.218716
lib/matplotlib/backends/backend_agg.py::416,0.218716
lib/matplotlib/backends/backend_agg.py::57,0.218716
lib/matplotlib/backends/backend_agg.py::58,0.218716
lib/matplotlib/backends/backend_agg.py::59,0.218716
lib/matplotlib/backends/backend_agg.py::60,0.218716
lib/matplotlib/backends/backend_agg.py::61,0.218716
lib/matplotlib/backends/backend_agg.py::62,0.218716
lib/matplotlib/backends/backend_agg.py::63,0.218716
lib/matplotlib/backends/backend_agg.py::64,0.218716
lib/matplotlib/backends/backend_agg.py::65,0.218716
lib/matplotlib/backends/backend_agg.py::66,0.218716
lib/matplotlib/backends/backend_agg.py::68,0.218716
lib/matplotlib/backends/backend_agg.py::91,0.218716
lib/matplotlib/backends/backend_agg.py::93,0.218716
lib/matplotlib/backends/backend_agg.py::94,0.218716
lib/matplotlib/backends/backend_agg.py::95,0.218716
lib/matplotlib/backends/backend_agg.py::96,0.218716
lib/matplotlib/backends/backend_agg.py::97,0.218716
lib/matplotlib/backends/backend_agg.py::99,0.218716
lib/matplotlib/figure.py::1094,0.218716
lib/matplotlib/figure.py::1099,0.218716
lib/matplotlib/transforms.py::1338,0.218716
lib/matplotlib/transforms.py::1343,0.218716
lib/matplotlib/transforms.py::2085,0.218716
lib/matplotlib/transforms.py::2092,0.218716
lib/matplotlib/transforms.py::2094,0.218716
lib/matplotlib/transforms.py::2095,0.218716
lib/matplotlib/artist.py::821,0.213558
lib/matplotlib/axes/_base.py::2182,0.213558
lib/matplotlib/axes/_base.py::2183,0.213558
lib/matplotlib/axes/_base.py::2184,0.213558
lib/matplotlib/axes/_base.py::2185,0.213558
lib/matplotlib/axes/_base.py::2187,0.213558
lib/matplotlib/axes/_base.py::3424,0.213558
lib/matplotlib/axes/_base.py::3425,0.213558
lib/matplotlib/axes/_base.py::659,0.213558
lib/matplotlib/axes/_base.py::661,0.213558
lib/matplotlib/axes/_base.py::662,0.213558
lib/matplotlib/axes/_base.py::663,0.213558
lib/matplotlib/axes/_base.py::664,0.213558
lib/matplotlib/axes/_base.py::961,0.213558
lib/matplotlib/projections/polar.py::1268,0.213558
lib/matplotlib/transforms.py::242,0.213558
lib/matplotlib/units.py::66,0.213558
lib/matplotlib/units.py::67,0.213558
lib/matplotlib/units.py::69,0.213558
lib/matplotlib/axes/_base.py::3483,0.208750
lib/matplotlib/backend_bases.py::794,0.208750
lib/matplotlib/projections/polar.py::191,0.208750
lib/matplotlib/projections/polar.py::192,0.208750
lib/matplotlib/projections/polar.py::193,0.208750
lib/matplotlib/projections/polar.py::198,0.208750
lib/matplotlib/projections/polar.py::199,0.208750
lib/matplotlib/text.py::408,0.208750
lib/matplotlib/text.py::410,0.208750
lib/matplotlib/text.py::413,0.208750
lib/matplotlib/ticker.py::788,0.208750
lib/matplotlib/backend_bases.py::146,0.204255
lib/matplotlib/backend_bases.py::153,0.204255
lib/matplotlib/backend_bases.py::659,0.204255
lib/matplotlib/backend_bases.py::793,0.204255
lib/matplotlib/backend_bases.py::795,0.204255
lib/matplotlib/backend_bases.py::808,0.204255
lib/matplotlib/cbook/__init__.py::525,0.204255
lib/matplotlib/cbook/__init__.py::526,0.204255
lib/matplotlib/projections/polar.py::426,0.204255
lib/matplotlib/projections/polar.py::427,0.204255
lib/matplotlib/text.py::406,0.204255
lib/matplotlib/text.py::716,0.204255
lib/matplotlib/ticker.py::283,0.204255
lib/matplotlib/backend_bases.py::1971,0.200041
lib/matplotlib/backend_bases.py::1979,0.200041
lib/matplotlib/backend_bases.py::2046,0.200041
lib/matplotlib/backend_bases.py::2048,0.200041
lib/matplotlib/backend_bases.py::2049,0.200041
lib/matplotlib/backend_bases.py::2050,0.200041
lib/matplotlib/backend_bases.py::2051,0.200041
lib/matplotlib/backend_bases.py::2052,0.200041
lib/matplotlib/backend_bases.py::2056,0.200041
lib/matplotlib/backend_bases.py::2059,0.200041
lib/matplotlib/backend_bases.py::2060,0.200041
lib/matplotlib/backend_bases.py::2062,0.200041
lib/matplotlib/backend_bases.py::2064,0.200041
lib/matplotlib/backend_bases.py::2071,0.200041
lib/matplotlib/backend_bases.py::2072,0.200041
lib/matplotlib/backend_bases.py::2073,0.200041
lib/matplotlib/backend_bases.py::2074,0.200041
lib/matplotlib/backend_bases.py::2076,0.200041
lib/matplotlib/backend_bases.py::2077,0.200041
lib/matplotlib/backend_bases.py::2078,0.200041
lib/matplotlib/backend_bases.py::2080,0.200041
lib/matplotlib/backend_bases.py::2081,0.200041
lib/matplotlib/backend_bases.py::2082,0.200041
lib/matplotlib/backend_bases.py::2085,0.200041
lib/matplotlib/backend_bases.py::2086,0.200041
lib/matplotlib/backend_bases.py::2088,0.200041
lib/matplotlib/backend_bases.py::2089,0.200041
lib/matplotlib/backend_bases.py::2090,0.200041
lib/matplotlib/backend_bases.py::2110,0.200041
lib/matplotlib/backend_bases.py::2112,0.200041
lib/matplotlib/backend_bases.py::2113,0.200041
lib/matplotlib/backend_bases.py::2114,0.200041
lib/matplotlib/backend_bases.py::2115,0.200041
lib/matplotlib/backend_bases.py::2116,0.200041
lib/matplotlib/backend_bases.py::2117,0.200041
lib/matplotlib/backend_bases.py::2118,0.200041
lib/matplotlib/backend_bases.py::2119,0.200041
lib/matplotlib/backend_bases.py::2120,0.200041
lib/matplotlib/backend_bases.py::2122,0.200041
lib/matplotlib/backend_bases.py::2125,0.200041
lib/matplotlib/backend_bases.py::2126,0.200041
lib/matplotlib/backend_bases.py::2127,0.200041
lib/matplotlib/backend_bases.py::2128,0.200041
lib/matplotlib/figure.py::2107,0.200041
lib/matplotlib/figure.py::2108,0.200041
lib/matplotlib/figure.py::2109,0.200041
lib/matplotlib/figure.py::2111,0.200041
lib/matplotlib/figure.py::2122,0.200041
lib/matplotlib/figure.py::2124,0.200041
lib/matplotlib/figure.py::913,0.200041
lib/matplotlib/figure.py::917,0.200041
lib/matplotlib/figure.py::947,0.200041
lib/matplotlib/figure.py::957,0.200041
lib/matplotlib/patches.py::286,0.200041
lib/matplotlib/patches.py::290,0.200041
lib/matplotlib/projections/polar.py::1177,0.200041
lib/matplotlib/projections/polar.py::244,0.200041
lib/matplotlib/projections/polar.py::422,0.200041
lib/matplotlib/projections/polar.py::424,0.200041
lib/matplotlib/projections/polar.py::425,0.200041
lib/matplotlib/projections/polar.py::429,0.200041
lib/matplotlib/projections/polar.py::74,0.200041
lib/matplotlib/projections/polar.py::79,0.200041
lib/matplotlib/projections/polar.py::80,0.200041
lib/matplotlib/projections/polar.py::81,0.200041
lib/matplotlib/projections/polar.py::988,0.200041
lib/matplotlib/pyplot.py::586,0.200041
lib/matplotlib/testing/compare.py::378,0.200041
lib/matplotlib/testing/compare.py::379,0.200041
lib/matplotlib/testing/compare.py::381,0.200041
lib/matplotlib/testing/compare.py::385,0.200041
lib/matplotlib/testing/compare.py::386,0.200041
lib/matplotlib/testing/compare.py::388,0.200041
lib/matplotlib/testing/compare.py::389,0.200041
lib/matplotlib/testing/decorators.py::133,0.200041
lib/matplotlib/testing/decorators.py::135,0.200041
lib/matplotlib/text.py::399,0.200041
lib/matplotlib/text.py::402,0.200041
lib/matplotlib/ticker.py::749,0.200041
lib/matplotlib/axis.py::2039,0.196078
lib/matplotlib/axis.py::2041,0.196078
lib/matplotlib/axis.py::2332,0.196078
lib/matplotlib/axis.py::2334,0.196078
lib/matplotlib/lines.py::1389,0.196078
lib/matplotlib/lines.py::676,0.196078
lib/matplotlib/lines.py::733,0.196078
lib/matplotlib/lines.py::754,0.196078
lib/matplotlib/lines.py::756,0.196078
lib/matplotlib/lines.py::757,0.196078
lib/matplotlib/lines.py::758,0.196078
lib/matplotlib/lines.py::760,0.196078
lib/matplotlib/lines.py::761,0.196078
lib/matplotlib/lines.py::763,0.196078
lib/matplotlib/lines.py::764,0.196078
lib/matplotlib/lines.py::766,0.196078
lib/matplotlib/lines.py::772,0.196078
lib/matplotlib/lines.py::773,0.196078
lib/matplotlib/lines.py::774,0.196078
lib/matplotlib/lines.py::775,0.196078
lib/matplotlib/lines.py::778,0.196078
lib/matplotlib/lines.py::779,0.196078
lib/matplotlib/lines.py::780,0.196078
lib/matplotlib/patches.py::1123,0.196078
lib/matplotlib/patches.py::1124,0.196078
lib/matplotlib/patches.py::1125,0.196078
lib/matplotlib/patches.py::1126,0.196078
lib/matplotlib/patches.py::1127,0.196078
lib/matplotlib/patches.py::1139,0.196078
lib/matplotlib/patches.py::1140,0.196078
lib/matplotlib/patches.py::1141,0.196078
lib/matplotlib/patches.py::1144,0.196078
lib/matplotlib/patches.py::1145,0.196078
lib/matplotlib/patches.py::1146,0.196078
lib/matplotlib/patches.py::1149,0.196078
lib/matplotlib/patches.py::1150,0.196078
lib/matplotlib/patches.py::1151,0.196078
lib/matplotlib/patches.py::1154,0.196078
lib/matplotlib/patches.py::1155,0.196078
lib/matplotlib/patches.py::1156,0.196078
lib/matplotlib/patches.py::1159,0.196078
lib/matplotlib/patches.py::1160,0.196078
lib/matplotlib/patches.py::1161,0.196078
lib/matplotlib/patches.py::1165,0.196078
lib/matplotlib/patches.py::579,0.196078
lib/matplotlib/projections/polar.py::100,0.196078
lib/matplotlib/projections/polar.py::101,0.196078
lib/matplotlib/projections/polar.py::102,0.196078
lib/matplotlib/projections/polar.py::103,0.196078
lib/matplotlib/projections/polar.py::1195,0.196078
lib/matplotlib/projections/polar.py::1198,0.196078
lib/matplotlib/projections/polar.py::132,0.196078
lib/matplotlib/projections/polar.py::133,0.196078
lib/matplotlib/projections/polar.py::134,0.196078
lib/matplotlib/projections/polar.py::135,0.196078
lib/matplotlib/projections/polar.py::136,0.196078
lib/matplotlib/projections/polar.py::137,0.196078
lib/matplotlib/projections/polar.py::138,0.196078
lib/matplotlib/projections/polar.py::139,0.196078
lib/matplotlib/projections/polar.py::140,0.196078
lib/matplotlib/projections/polar.py::141,0.196078
lib/matplotlib/projections/polar.py::1425,0.196078
lib/matplotlib/projections/polar.py::207,0.196078
lib/matplotlib/projections/polar.py::242,0.196078
lib/matplotlib/projections/polar.py::243,0.196078
lib/matplotlib/projections/polar.py::396,0.196078
lib/matplotlib/projections/polar.py::398,0.196078
lib/matplotlib/projections/polar.py::401,0.196078
lib/matplotlib/projections/polar.py::402,0.196078
lib/matplotlib/projections/polar.py::403,0.196078
lib/matplotlib/projections/polar.py::404,0.196078
lib/matplotlib/projections/polar.py::47,0.196078
lib/matplotlib/projections/polar.py::53,0.196078
lib/matplotlib/projections/polar.py::55,0.196078
lib/matplotlib/projections/polar.py::56,0.196078
lib/matplotlib/projections/polar.py::57,0.196078
lib/matplotlib/projections/polar.py::58,0.196078
lib/matplotlib/projections/polar.py::59,0.196078
lib/matplotlib/projections/polar.py::60,0.196078
lib/matplotlib/projections/polar.py::61,0.196078
lib/matplotlib/projections/polar.py::62,0.196078
lib/matplotlib/projections/polar.py::63,0.196078
lib/matplotlib/projections/polar.py::64,0.196078
lib/matplotlib/projections/polar.py::65,0.196078
lib/matplotlib/projections/polar.py::69,0.196078
lib/matplotlib/projections/polar.py::70,0.196078
lib/matplotlib/projections/polar.py::71,0.196078
lib/matplotlib/projections/polar.py::72,0.196078
lib/matplotlib/projections/polar.py::73,0.196078
lib/matplotlib/projections/polar.py::744,0.196078
lib/matplotlib/projections/polar.py::745,0.196078
lib/matplotlib/projections/polar.py::747,0.196078
lib/matplotlib/projections/polar.py::748,0.196078
lib/matplotlib/projections/polar.py::752,0.196078
lib/matplotlib/projections/polar.py::755,0.196078
lib/matplotlib/projections/polar.py::756,0.196078
lib/matplotlib/projections/polar.py::757,0.196078
lib/matplotlib/projections/polar.py::760,0.196078
lib/matplotlib/projections/polar.py::761,0.196078
lib/matplotlib/projections/polar.py::762,0.196078
lib/matplotlib/projections/polar.py::763,0.196078
lib/matplotlib/projections/polar.py::766,0.196078
lib/matplotlib/projections/polar.py::767,0.196078
lib/matplotlib/projections/polar.py::768,0.196078
lib/matplotlib/projections/polar.py::769,0.196078
lib/matplotlib/projections/polar.py::771,0.196078
lib/matplotlib/projections/polar.py::773,0.196078
lib/matplotlib/projections/polar.py::952,0.196078
lib/matplotlib/projections/polar.py::953,0.196078
lib/matplotlib/projections/polar.py::955,0.196078
lib/matplotlib/projections/polar.py::956,0.196078
lib/matplotlib/projections/polar.py::957,0.196078
lib/matplotlib/projections/polar.py::960,0.196078
lib/matplotlib/projections/polar.py::961,0.196078
lib/matplotlib/projections/polar.py::962,0.196078
lib/matplotlib/projections/polar.py::963,0.196078
lib/matplotlib/projections/polar.py::965,0.196078
lib/matplotlib/projections/polar.py::966,0.196078
lib/matplotlib/projections/polar.py::967,0.196078
lib/matplotlib/projections/polar.py::968,0.196078
lib/matplotlib/projections/polar.py::969,0.196078
lib/matplotlib/projections/polar.py::971,0.196078
lib/matplotlib/projections/polar.py::972,0.196078
lib/matplotlib/projections/polar.py::973,0.196078
lib/matplotlib/projections/polar.py::974,0.196078
lib/matplotlib/projections/polar.py::976,0.196078
lib/matplotlib/projections/polar.py::979,0.196078
lib/matplotlib/projections/polar.py::980,0.196078
lib/matplotlib/projections/polar.py::981,0.196078
lib/matplotlib/projections/polar.py::982,0.196078
lib/matplotlib/projections/polar.py::983,0.196078
lib/matplotlib/projections/polar.py::984,0.196078
lib/matplotlib/projections/polar.py::985,0.196078
lib/matplotlib/projections/polar.py::989,0.196078
lib/matplotlib/projections/polar.py::994,0.196078
lib/matplotlib/spines.py::140,0.196078
lib/matplotlib/spines.py::141,0.196078
lib/matplotlib/spines.py::142,0.196078
lib/matplotlib/spines.py::143,0.196078
lib/matplotlib/spines.py::144,0.196078
lib/matplotlib/spines.py::145,0.196078
lib/matplotlib/spines.py::146,0.196078
lib/matplotlib/spines.py::147,0.196078
lib/matplotlib/spines.py::151,0.196078
lib/matplotlib/spines.py::152,0.196078
lib/matplotlib/spines.py::306,0.196078
lib/matplotlib/spines.py::307,0.196078
lib/matplotlib/spines.py::308,0.196078
lib/matplotlib/spines.py::311,0.196078
lib/matplotlib/spines.py::312,0.196078
lib/matplotlib/spines.py::315,0.196078
lib/matplotlib/spines.py::316,0.196078
lib/matplotlib/spines.py::317,0.196078
lib/matplotlib/spines.py::320,0.196078
lib/matplotlib/spines.py::322,0.196078
lib/matplotlib/spines.py::323,0.196078
lib/matplotlib/spines.py::324,0.196078
lib/matplotlib/spines.py::325,0.196078
lib/matplotlib/spines.py::328,0.196078
lib/matplotlib/spines.py::329,0.196078
lib/matplotlib/spines.py::330,0.196078
lib/matplotlib/text.py::345,0.196078
lib/matplotlib/text.py::346,0.196078
lib/matplotlib/text.py::347,0.196078
lib/matplotlib/text.py::348,0.196078
lib/matplotlib/text.py::394,0.196078
lib/matplotlib/text.py::395,0.196078
lib/matplotlib/text.py::397,0.196078
lib/matplotlib/text.py::398,0.196078
lib/matplotlib/text.py::404,0.196078
lib/matplotlib/text.py::405,0.196078
lib/matplotlib/text.py::415,0.196078
lib/matplotlib/ticker.py::1648,0.196078
lib/matplotlib/ticker.py::1653,0.196078
lib/matplotlib/ticker.py::2176,0.196078
lib/matplotlib/ticker.py::2177,0.196078
lib/matplotlib/ticker.py::2180,0.196078
lib/matplotlib/ticker.py::2183,0.196078
lib/matplotlib/ticker.py::2184,0.196078
lib/matplotlib/ticker.py::2185,0.196078
lib/matplotlib/ticker.py::2187,0.196078
lib/matplotlib/ticker.py::2188,0.196078
lib/matplotlib/ticker.py::2190,0.196078
lib/matplotlib/ticker.py::2192,0.196078
lib/matplotlib/ticker.py::2194,0.196078
lib/matplotlib/ticker.py::303,0.196078
lib/matplotlib/ticker.py::555,0.196078
lib/matplotlib/ticker.py::558,0.196078
lib/matplotlib/ticker.py::559,0.196078
lib/matplotlib/ticker.py::561,0.196078
lib/matplotlib/ticker.py::564,0.196078
lib/matplotlib/ticker.py::565,0.196078
lib/matplotlib/ticker.py::652,0.196078
lib/matplotlib/ticker.py::654,0.196078
lib/matplotlib/ticker.py::655,0.196078
lib/matplotlib/ticker.py::674,0.196078
lib/matplotlib/ticker.py::678,0.196078
lib/matplotlib/ticker.py::679,0.196078
lib/matplotlib/ticker.py::680,0.196078
lib/matplotlib/ticker.py::681,0.196078
lib/matplotlib/ticker.py::682,0.196078
lib/matplotlib/ticker.py::683,0.196078
lib/matplotlib/ticker.py::686,0.196078
lib/matplotlib/ticker.py::688,0.196078
lib/matplotlib/ticker.py::689,0.196078
lib/matplotlib/ticker.py::690,0.196078
lib/matplotlib/ticker.py::691,0.196078
lib/matplotlib/ticker.py::694,0.196078
lib/matplotlib/ticker.py::697,0.196078
lib/matplotlib/ticker.py::728,0.196078
lib/matplotlib/ticker.py::731,0.196078
lib/matplotlib/ticker.py::736,0.196078
lib/matplotlib/ticker.py::737,0.196078
lib/matplotlib/ticker.py::738,0.196078
lib/matplotlib/ticker.py::739,0.196078
lib/matplotlib/ticker.py::740,0.196078
lib/matplotlib/ticker.py::743,0.196078
lib/matplotlib/ticker.py::746,0.196078
lib/matplotlib/ticker.py::750,0.196078
lib/matplotlib/ticker.py::753,0.196078
lib/matplotlib/ticker.py::754,0.196078
lib/matplotlib/ticker.py::756,0.196078
lib/matplotlib/ticker.py::759,0.196078
lib/matplotlib/ticker.py::763,0.196078
lib/matplotlib/ticker.py::767,0.196078
lib/matplotlib/ticker.py::768,0.196078
lib/matplotlib/ticker.py::769,0.196078
lib/matplotlib/ticker.py::771,0.196078
lib/matplotlib/ticker.py::774,0.196078
lib/matplotlib/ticker.py::776,0.196078
lib/matplotlib/ticker.py::779,0.196078
lib/matplotlib/ticker.py::781,0.196078
lib/matplotlib/ticker.py::783,0.196078
lib/matplotlib/ticker.py::784,0.196078
lib/matplotlib/ticker.py::785,0.196078
lib/matplotlib/ticker.py::786,0.196078
lib/matplotlib/ticker.py::789,0.196078
lib/matplotlib/ticker.py::790,0.196078
lib/matplotlib/ticker.py::791,0.196078
lib/matplotlib/transforms.py::1122,0.196078
lib/matplotlib/transforms.py::1123,0.196078
lib/matplotlib/transforms.py::1124,0.196078
lib/matplotlib/transforms.py::1125,0.196078
lib/matplotlib/transforms.py::1126,0.196078
lib/matplotlib/transforms.py::1127,0.196078
lib/matplotlib/transforms.py::1128,0.196078
lib/matplotlib/transforms.py::1726,0.196078
lib/matplotlib/transforms.py::1730,0.196078
lib/matplotlib/transforms.py::1739,0.196078
lib/matplotlib/transforms.py::2242,0.196078
lib/matplotlib/transforms.py::2243,0.196078
lib/matplotlib/transforms.py::2246,0.196078
lib/matplotlib/transforms.py::2353,0.196078
lib/matplotlib/transforms.py::2354,0.196078
lib/matplotlib/transforms.py::2360,0.196078
lib/matplotlib/transforms.py::2361,0.196078
lib/matplotlib/transforms.py::2363,0.196078
lib/matplotlib/transforms.py::2364,0.196078
lib/matplotlib/transforms.py::2369,0.196078
lib/matplotlib/transforms.py::2711,0.196078
lib/matplotlib/transforms.py::2712,0.196078
lib/matplotlib/transforms.py::2748,0.196078
lib/matplotlib/transforms.py::2751,0.196078
lib/matplotlib/transforms.py::2752,0.196078
lib/matplotlib/transforms.py::2753,0.196078
lib/matplotlib/transforms.py::2754,0.196078
lib/matplotlib/transforms.py::2756,0.196078
lib/matplotlib/transforms.py::2758,0.196078
lib/matplotlib/transforms.py::2759,0.196078
lib/matplotlib/transforms.py::2760,0.196078
lib/matplotlib/transforms.py::2761,0.196078
lib/matplotlib/transforms.py::474,0.196078
lib/matplotlib/transforms.py::475,0.196078
lib/matplotlib/transforms.py::476,0.196078
lib/matplotlib/transforms.py::477,0.196078
lib/matplotlib/transforms.py::562,0.196078
lib/matplotlib/transforms.py::563,0.196078
lib/matplotlib/transforms.py::868,0.196078
lib/matplotlib/artist.py::1026,0.192344
lib/matplotlib/artist.py::1067,0.192344
lib/matplotlib/artist.py::1068,0.192344
lib/matplotlib/artist.py::1069,0.192344
lib/matplotlib/artist.py::1070,0.192344
lib/matplotlib/artist.py::1071,0.192344
lib/matplotlib/artist.py::1072,0.192344
lib/matplotlib/artist.py::1073,0.192344
lib/matplotlib/artist.py::1074,0.192344
lib/matplotlib/artist.py::1075,0.192344
lib/matplotlib/artist.py::1076,0.192344
lib/matplotlib/artist.py::1077,0.192344
lib/matplotlib/artist.py::1078,0.192344
lib/matplotlib/artist.py::1079,0.192344
lib/matplotlib/artist.py::1080,0.192344
lib/matplotlib/artist.py::35,0.192344
lib/matplotlib/artist.py::36,0.192344
lib/matplotlib/artist.py::38,0.192344
lib/matplotlib/artist.py::41,0.192344
lib/matplotlib/artist.py::43,0.192344
lib/matplotlib/artist.py::45,0.192344
lib/matplotlib/artist.py::573,0.192344
lib/matplotlib/artist.py::591,0.192344
lib/matplotlib/artist.py::592,0.192344
lib/matplotlib/artist.py::642,0.192344
lib/matplotlib/artist.py::681,0.192344
lib/matplotlib/artist.py::685,0.192344
lib/matplotlib/artist.py::790,0.192344
lib/matplotlib/artist.py::852,0.192344
lib/matplotlib/artist.py::853,0.192344
lib/matplotlib/artist.py::855,0.192344
lib/matplotlib/artist.py::862,0.192344
lib/matplotlib/artist.py::882,0.192344
lib/matplotlib/axes/_base.py::1284,0.192344
lib/matplotlib/axes/_base.py::1484,0.192344
lib/matplotlib/axes/_base.py::1595,0.192344
lib/matplotlib/axes/_base.py::1596,0.192344
lib/matplotlib/axes/_base.py::1598,0.192344
lib/matplotlib/axes/_base.py::1600,0.192344
lib/matplotlib/axes/_base.py::1604,0.192344
lib/matplotlib/axes/_base.py::1605,0.192344
lib/matplotlib/axes/_base.py::1607,0.192344
lib/matplotlib/axes/_base.py::1608,0.192344
lib/matplotlib/axes/_base.py::1611,0.192344
lib/matplotlib/axes/_base.py::1612,0.192344
lib/matplotlib/axes/_base.py::1613,0.192344
lib/matplotlib/axes/_base.py::1614,0.192344
lib/matplotlib/axes/_base.py::1615,0.192344
lib/matplotlib/axes/_base.py::2617,0.192344
lib/matplotlib/axes/_base.py::2670,0.192344
lib/matplotlib/axes/_base.py::2677,0.192344
lib/matplotlib/axes/_base.py::2679,0.192344
lib/matplotlib/axes/_base.py::2681,0.192344
lib/matplotlib/axes/_base.py::2683,0.192344
lib/matplotlib/axes/_base.py::2686,0.192344
lib/matplotlib/axes/_base.py::2689,0.192344
lib/matplotlib/axes/_base.py::2690,0.192344
lib/matplotlib/axes/_base.py::2694,0.192344
lib/matplotlib/axes/_base.py::2696,0.192344
lib/matplotlib/axes/_base.py::2697,0.192344
lib/matplotlib/axes/_base.py::2703,0.192344
lib/matplotlib/axes/_base.py::2707,0.192344
lib/matplotlib/axes/_base.py::2709,0.192344
lib/matplotlib/axes/_base.py::2713,0.192344
lib/matplotlib/axes/_base.py::2718,0.192344
lib/matplotlib/axes/_base.py::2721,0.192344
lib/matplotlib/axes/_base.py::2725,0.192344
lib/matplotlib/axes/_base.py::2727,0.192344
lib/matplotlib/axes/_base.py::2735,0.192344
lib/matplotlib/axes/_base.py::2739,0.192344
lib/matplotlib/axes/_base.py::2740,0.192344
lib/matplotlib/axes/_base.py::2742,0.192344
lib/matplotlib/axes/_base.py::2747,0.192344
lib/matplotlib/axes/_base.py::2749,0.192344
lib/matplotlib/axes/_base.py::2750,0.192344
lib/matplotlib/axes/_base.py::4035,0.192344
lib/matplotlib/axes/_base.py::4036,0.192344
lib/matplotlib/axes/_base.py::4037,0.192344
lib/matplotlib/axes/_base.py::4038,0.192344
lib/matplotlib/axes/_base.py::4039,0.192344
lib/matplotlib/axes/_base.py::4040,0.192344
lib/matplotlib/axes/_base.py::4041,0.192344
lib/matplotlib/axes/_base.py::4042,0.192344
lib/matplotlib/axes/_base.py::4043,0.192344
lib/matplotlib/axes/_base.py::4044,0.192344
lib/matplotlib/axes/_base.py::4045,0.192344
lib/matplotlib/axes/_base.py::4046,0.192344
lib/matplotlib/axes/_base.py::4047,0.192344
lib/matplotlib/axes/_base.py::880,0.192344
lib/matplotlib/axes/_base.py::881,0.192344
lib/matplotlib/axes/_base.py::920,0.192344
lib/matplotlib/axes/_base.py::922,0.192344
lib/matplotlib/axes/_base.py::923,0.192344
lib/matplotlib/axes/_base.py::924,0.192344
lib/matplotlib/axes/_base.py::925,0.192344
lib/matplotlib/axes/_base.py::927,0.192344
lib/matplotlib/axes/_base.py::955,0.192344
lib/matplotlib/axis.py::1008,0.192344
lib/matplotlib/axis.py::1009,0.192344
lib/matplotlib/axis.py::1010,0.192344
lib/matplotlib/axis.py::1011,0.192344
lib/matplotlib/axis.py::1012,0.192344
lib/matplotlib/axis.py::1013,0.192344
lib/matplotlib/axis.py::1014,0.192344
lib/matplotlib/axis.py::1015,0.192344
lib/matplotlib/axis.py::1016,0.192344
lib/matplotlib/axis.py::1017,0.192344
lib/matplotlib/axis.py::1018,0.192344
lib/matplotlib/axis.py::1019,0.192344
lib/matplotlib/axis.py::1020,0.192344
lib/matplotlib/axis.py::1024,0.192344
lib/matplotlib/axis.py::1026,0.192344
lib/matplotlib/axis.py::1027,0.192344
lib/matplotlib/axis.py::1030,0.192344
lib/matplotlib/axis.py::1060,0.192344
lib/matplotlib/axis.py::1062,0.192344
lib/matplotlib/axis.py::1063,0.192344
lib/matplotlib/axis.py::1064,0.192344
lib/matplotlib/axis.py::1065,0.192344
lib/matplotlib/axis.py::1071,0.192344
lib/matplotlib/axis.py::1072,0.192344
lib/matplotlib/axis.py::1074,0.192344
lib/matplotlib/axis.py::1078,0.192344
lib/matplotlib/axis.py::1079,0.192344
lib/matplotlib/axis.py::1080,0.192344
lib/matplotlib/axis.py::1081,0.192344
lib/matplotlib/axis.py::1147,0.192344
lib/matplotlib/axis.py::1149,0.192344
lib/matplotlib/axis.py::1151,0.192344
lib/matplotlib/axis.py::1152,0.192344
lib/matplotlib/axis.py::1153,0.192344
lib/matplotlib/axis.py::1155,0.192344
lib/matplotlib/axis.py::1156,0.192344
lib/matplotlib/axis.py::1163,0.192344
lib/matplotlib/axis.py::1165,0.192344
lib/matplotlib/axis.py::1167,0.192344
lib/matplotlib/axis.py::1168,0.192344
lib/matplotlib/axis.py::1169,0.192344
lib/matplotlib/axis.py::1171,0.192344
lib/matplotlib/axis.py::1172,0.192344
lib/matplotlib/axis.py::1270,0.192344
lib/matplotlib/axis.py::1275,0.192344
lib/matplotlib/axis.py::1276,0.192344
lib/matplotlib/axis.py::1277,0.192344
lib/matplotlib/axis.py::1278,0.192344
lib/matplotlib/axis.py::1279,0.192344
lib/matplotlib/axis.py::1280,0.192344
lib/matplotlib/axis.py::1283,0.192344
lib/matplotlib/axis.py::1284,0.192344
lib/matplotlib/axis.py::1286,0.192344
lib/matplotlib/axis.py::1288,0.192344
lib/matplotlib/axis.py::1322,0.192344
lib/matplotlib/axis.py::1324,0.192344
lib/matplotlib/axis.py::1325,0.192344
lib/matplotlib/axis.py::1326,0.192344
lib/matplotlib/axis.py::1327,0.192344
lib/matplotlib/axis.py::1328,0.192344
lib/matplotlib/axis.py::1352,0.192344
lib/matplotlib/axis.py::1355,0.192344
lib/matplotlib/axis.py::1357,0.192344
lib/matplotlib/axis.py::1358,0.192344
lib/matplotlib/axis.py::1359,0.192344
lib/matplotlib/axis.py::1360,0.192344
lib/matplotlib/axis.py::1362,0.192344
lib/matplotlib/axis.py::1366,0.192344
lib/matplotlib/axis.py::1369,0.192344
lib/matplotlib/axis.py::1376,0.192344
lib/matplotlib/axis.py::2009,0.192344
lib/matplotlib/axis.py::2010,0.192344
lib/matplotlib/axis.py::2012,0.192344
lib/matplotlib/axis.py::2014,0.192344
lib/matplotlib/axis.py::2015,0.192344
lib/matplotlib/axis.py::2016,0.192344
lib/matplotlib/axis.py::2017,0.192344
lib/matplotlib/axis.py::2018,0.192344
lib/matplotlib/axis.py::2019,0.192344
lib/matplotlib/axis.py::2026,0.192344
lib/matplotlib/axis.py::2031,0.192344
lib/matplotlib/axis.py::2033,0.192344
lib/matplotlib/axis.py::2034,0.192344
lib/matplotlib/axis.py::2035,0.192344
lib/matplotlib/axis.py::2036,0.192344
lib/matplotlib/axis.py::2042,0.192344
lib/matplotlib/axis.py::2043,0.192344
lib/matplotlib/axis.py::2045,0.192344
lib/matplotlib/axis.py::2046,0.192344
lib/matplotlib/axis.py::2069,0.192344
lib/matplotlib/axis.py::2070,0.192344
lib/matplotlib/axis.py::2071,0.192344
lib/matplotlib/axis.py::2072,0.192344
lib/matplotlib/axis.py::2073,0.192344
lib/matplotlib/axis.py::2076,0.192344
lib/matplotlib/axis.py::2077,0.192344
lib/matplotlib/axis.py::2078,0.192344
lib/matplotlib/axis.py::2086,0.192344
lib/matplotlib/axis.py::2302,0.192344
lib/matplotlib/axis.py::2303,0.192344
lib/matplotlib/axis.py::2305,0.192344
lib/matplotlib/axis.py::2307,0.192344
lib/matplotlib/axis.py::2308,0.192344
lib/matplotlib/axis.py::2309,0.192344
lib/matplotlib/axis.py::2310,0.192344
lib/matplotlib/axis.py::2311,0.192344
lib/matplotlib/axis.py::2312,0.192344
lib/matplotlib/axis.py::2319,0.192344
lib/matplotlib/axis.py::2324,0.192344
lib/matplotlib/axis.py::2326,0.192344
lib/matplotlib/axis.py::2327,0.192344
lib/matplotlib/axis.py::2328,0.192344
lib/matplotlib/axis.py::2329,0.192344
lib/matplotlib/axis.py::2335,0.192344
lib/matplotlib/axis.py::2336,0.192344
lib/matplotlib/axis.py::2337,0.192344
lib/matplotlib/axis.py::2338,0.192344
lib/matplotlib/axis.py::2361,0.192344
lib/matplotlib/axis.py::2362,0.192344
lib/matplotlib/axis.py::2363,0.192344
lib/matplotlib/axis.py::2364,0.192344
lib/matplotlib/axis.py::281,0.192344
lib/matplotlib/axis.py::285,0.192344
lib/matplotlib/axis.py::288,0.192344
lib/matplotlib/axis.py::289,0.192344
lib/matplotlib/axis.py::290,0.192344
lib/matplotlib/axis.py::291,0.192344
lib/matplotlib/axis.py::292,0.192344
lib/matplotlib/axis.py::293,0.192344
lib/matplotlib/axis.py::303,0.192344
lib/matplotlib/axis.py::304,0.192344
lib/matplotlib/axis.py::316,0.192344
lib/matplotlib/axis.py::317,0.192344
lib/matplotlib/axis.py::704,0.192344
lib/matplotlib/backend_bases.py::1011,0.192344
lib/matplotlib/backend_bases.py::1204,0.192344
lib/matplotlib/backend_bases.py::1205,0.192344
lib/matplotlib/backend_bases.py::1206,0.192344
lib/matplotlib/backend_bases.py::1232,0.192344
lib/matplotlib/backend_bases.py::1233,0.192344
lib/matplotlib/backend_bases.py::142,0.192344
lib/matplotlib/backend_bases.py::143,0.192344
lib/matplotlib/backend_bases.py::144,0.192344
lib/matplotlib/backend_bases.py::1652,0.192344
lib/matplotlib/backend_bases.py::1666,0.192344
lib/matplotlib/backend_bases.py::1667,0.192344
lib/matplotlib/backend_bases.py::1668,0.192344
lib/matplotlib/backend_bases.py::718,0.192344
lib/matplotlib/backend_bases.py::719,0.192344
lib/matplotlib/backend_bases.py::720,0.192344
lib/matplotlib/backend_bases.py::721,0.192344
lib/matplotlib/backend_bases.py::722,0.192344
lib/matplotlib/backend_bases.py::723,0.192344
lib/matplotlib/backend_bases.py::724,0.192344
lib/matplotlib/backend_bases.py::725,0.192344
lib/matplotlib/backend_bases.py::726,0.192344
lib/matplotlib/backend_bases.py::727,0.192344
lib/matplotlib/backend_bases.py::728,0.192344
lib/matplotlib/backend_bases.py::729,0.192344
lib/matplotlib/backend_bases.py::730,0.192344
lib/matplotlib/backend_bases.py::731,0.192344
lib/matplotlib/backend_bases.py::732,0.192344
lib/matplotlib/backend_bases.py::733,0.192344
lib/matplotlib/backend_bases.py::734,0.192344
lib/matplotlib/backend_bases.py::735,0.192344
lib/matplotlib/backend_bases.py::758,0.192344
lib/matplotlib/backend_bases.py::857,0.192344
lib/matplotlib/backend_bases.py::861,0.192344
lib/matplotlib/backend_bases.py::862,0.192344
lib/matplotlib/backend_bases.py::863,0.192344
lib/matplotlib/backend_bases.py::868,0.192344
lib/matplotlib/backend_bases.py::872,0.192344
lib/matplotlib/backend_bases.py::873,0.192344
lib/matplotlib/backend_bases.py::889,0.192344
lib/matplotlib/backend_bases.py::890,0.192344
lib/matplotlib/backend_bases.py::911,0.192344
lib/matplotlib/backend_bases.py::916,0.192344
lib/matplotlib/backend_bases.py::929,0.192344
lib/matplotlib/backend_bases.py::931,0.192344
lib/matplotlib/backend_bases.py::933,0.192344
lib/matplotlib/backend_bases.py::934,0.192344
lib/matplotlib/backend_bases.py::936,0.192344
lib/matplotlib/backend_bases.py::940,0.192344
lib/matplotlib/backend_bases.py::941,0.192344
lib/matplotlib/backend_bases.py::945,0.192344
lib/matplotlib/backend_bases.py::949,0.192344
lib/matplotlib/backend_bases.py::964,0.192344
lib/matplotlib/backend_bases.py::972,0.192344
lib/matplotlib/backend_bases.py::976,0.192344
lib/matplotlib/backend_bases.py::977,0.192344
lib/matplotlib/backend_bases.py::978,0.192344
lib/matplotlib/cbook/__init__.py::2151,0.192344
lib/matplotlib/cbook/__init__.py::2152,0.192344
lib/matplotlib/cbook/__init__.py::523,0.192344
lib/matplotlib/cbook/__init__.py::524,0.192344
lib/matplotlib/cbook/__init__.py::527,0.192344
lib/matplotlib/cbook/__init__.py::528,0.192344
lib/matplotlib/cbook/__init__.py::788,0.192344
lib/matplotlib/figure.py::1640,0.192344
lib/matplotlib/figure.py::1643,0.192344
lib/matplotlib/figure.py::1646,0.192344
lib/matplotlib/figure.py::1647,0.192344
lib/matplotlib/figure.py::1648,0.192344
lib/matplotlib/figure.py::1649,0.192344
lib/matplotlib/figure.py::1650,0.192344
lib/matplotlib/figure.py::1652,0.192344
lib/matplotlib/figure.py::1653,0.192344
lib/matplotlib/figure.py::1654,0.192344
lib/matplotlib/figure.py::1658,0.192344
lib/matplotlib/figure.py::1660,0.192344
lib/matplotlib/figure.py::1661,0.192344
lib/matplotlib/figure.py::1669,0.192344
lib/matplotlib/figure.py::1670,0.192344
lib/matplotlib/figure.py::1671,0.192344
lib/matplotlib/figure.py::1673,0.192344
lib/matplotlib/figure.py::1680,0.192344
lib/matplotlib/figure.py::1681,0.192344
lib/matplotlib/figure.py::1682,0.192344
lib/matplotlib/figure.py::1684,0.192344
lib/matplotlib/figure.py::1686,0.192344
lib/matplotlib/figure.py::1688,0.192344
lib/matplotlib/figure.py::434,0.192344
lib/matplotlib/figure.py::445,0.192344
lib/matplotlib/figure.py::447,0.192344
lib/matplotlib/figure.py::458,0.192344
lib/matplotlib/figure.py::628,0.192344
lib/matplotlib/figure.py::629,0.192344
lib/matplotlib/figure.py::630,0.192344
lib/matplotlib/figure.py::631,0.192344
lib/matplotlib/figure.py::632,0.192344
lib/matplotlib/figure.py::633,0.192344
lib/matplotlib/figure.py::634,0.192344
lib/matplotlib/figure.py::635,0.192344
lib/matplotlib/figure.py::909,0.192344
lib/matplotlib/font_manager.py::1222,0.192344
lib/matplotlib/font_manager.py::1224,0.192344
lib/matplotlib/font_manager.py::1225,0.192344
lib/matplotlib/font_manager.py::1226,0.192344
lib/matplotlib/font_manager.py::1227,0.192344
lib/matplotlib/font_manager.py::1228,0.192344
lib/matplotlib/font_manager.py::1328,0.192344
lib/matplotlib/font_manager.py::1329,0.192344
lib/matplotlib/font_manager.py::1330,0.192344
lib/matplotlib/font_manager.py::1331,0.192344
lib/matplotlib/font_manager.py::1332,0.192344
lib/matplotlib/font_manager.py::651,0.192344
lib/matplotlib/font_manager.py::652,0.192344
lib/matplotlib/font_manager.py::653,0.192344
lib/matplotlib/font_manager.py::654,0.192344
lib/matplotlib/font_manager.py::655,0.192344
lib/matplotlib/font_manager.py::656,0.192344
lib/matplotlib/font_manager.py::657,0.192344
lib/matplotlib/font_manager.py::658,0.192344
lib/matplotlib/font_manager.py::661,0.192344
lib/matplotlib/font_manager.py::670,0.192344
lib/matplotlib/font_manager.py::682,0.192344
lib/matplotlib/font_manager.py::689,0.192344
lib/matplotlib/font_manager.py::698,0.192344
lib/matplotlib/font_manager.py::706,0.192344
lib/matplotlib/font_manager.py::715,0.192344
lib/matplotlib/font_manager.py::721,0.192344
lib/matplotlib/image.py::124,0.192344
lib/matplotlib/image.py::127,0.192344
lib/matplotlib/image.py::128,0.192344
lib/matplotlib/image.py::130,0.192344
lib/matplotlib/image.py::131,0.192344
lib/matplotlib/image.py::132,0.192344
lib/matplotlib/lines.py::1272,0.192344
lib/matplotlib/lines.py::1273,0.192344
lib/matplotlib/lines.py::1274,0.192344
lib/matplotlib/lines.py::1275,0.192344
lib/matplotlib/lines.py::1276,0.192344
lib/matplotlib/lines.py::1277,0.192344
lib/matplotlib/lines.py::1278,0.192344
lib/matplotlib/lines.py::1279,0.192344
lib/matplotlib/lines.py::1280,0.192344
lib/matplotlib/lines.py::1281,0.192344
lib/matplotlib/lines.py::1282,0.192344
lib/matplotlib/lines.py::1283,0.192344
lib/matplotlib/lines.py::1284,0.192344
lib/matplotlib/lines.py::1285,0.192344
lib/matplotlib/lines.py::1286,0.192344
lib/matplotlib/lines.py::1287,0.192344
lib/matplotlib/lines.py::1288,0.192344
lib/matplotlib/lines.py::1290,0.192344
lib/matplotlib/lines.py::1291,0.192344
lib/matplotlib/lines.py::1292,0.192344
lib/matplotlib/lines.py::1293,0.192344
lib/matplotlib/lines.py::693,0.192344
lib/matplotlib/lines.py::698,0.192344
lib/matplotlib/lines.py::699,0.192344
lib/matplotlib/lines.py::706,0.192344
lib/matplotlib/lines.py::707,0.192344
lib/matplotlib/lines.py::708,0.192344
lib/matplotlib/lines.py::732,0.192344
lib/matplotlib/lines.py::735,0.192344
lib/matplotlib/lines.py::736,0.192344
lib/matplotlib/lines.py::737,0.192344
lib/matplotlib/lines.py::738,0.192344
lib/matplotlib/lines.py::746,0.192344
lib/matplotlib/lines.py::748,0.192344
lib/matplotlib/lines.py::752,0.192344
lib/matplotlib/lines.py::753,0.192344
lib/matplotlib/lines.py::782,0.192344
lib/matplotlib/lines.py::858,0.192344
lib/matplotlib/lines.py::859,0.192344
lib/matplotlib/markers.py::239,0.192344
lib/matplotlib/markers.py::245,0.192344
lib/matplotlib/mathtext.py::3327,0.192344
lib/matplotlib/patches.py::534,0.192344
lib/matplotlib/patches.py::535,0.192344
lib/matplotlib/patches.py::537,0.192344
lib/matplotlib/patches.py::539,0.192344
lib/matplotlib/patches.py::540,0.192344
lib/matplotlib/patches.py::541,0.192344
lib/matplotlib/patches.py::542,0.192344
lib/matplotlib/patches.py::543,0.192344
lib/matplotlib/patches.py::544,0.192344
lib/matplotlib/patches.py::545,0.192344
lib/matplotlib/patches.py::547,0.192344
lib/matplotlib/patches.py::548,0.192344
lib/matplotlib/patches.py::549,0.192344
lib/matplotlib/patches.py::550,0.192344
lib/matplotlib/patches.py::552,0.192344
lib/matplotlib/patches.py::554,0.192344
lib/matplotlib/patches.py::558,0.192344
lib/matplotlib/patches.py::561,0.192344
lib/matplotlib/patches.py::569,0.192344
lib/matplotlib/patches.py::571,0.192344
lib/matplotlib/patches.py::572,0.192344
lib/matplotlib/patches.py::573,0.192344
lib/matplotlib/patches.py::578,0.192344
lib/matplotlib/patches.py::581,0.192344
lib/matplotlib/patches.py::582,0.192344
lib/matplotlib/patches.py::583,0.192344
lib/matplotlib/patches.py::584,0.192344
lib/matplotlib/patches.py::585,0.192344
lib/matplotlib/patches.py::586,0.192344
lib/matplotlib/patches.py::587,0.192344
lib/matplotlib/patches.py::591,0.192344
lib/matplotlib/patches.py::758,0.192344
lib/matplotlib/patches.py::769,0.192344
lib/matplotlib/patches.py::770,0.192344
lib/matplotlib/patches.py::771,0.192344
lib/matplotlib/patches.py::772,0.192344
lib/matplotlib/patches.py::773,0.192344
lib/matplotlib/patches.py::774,0.192344
lib/matplotlib/patches.py::784,0.192344
lib/matplotlib/patches.py::785,0.192344
lib/matplotlib/patches.py::786,0.192344
lib/matplotlib/patches.py::787,0.192344
lib/matplotlib/patches.py::788,0.192344
lib/matplotlib/patches.py::791,0.192344
lib/matplotlib/patches.py::792,0.192344
lib/matplotlib/path.py::179,0.192344
lib/matplotlib/path.py::180,0.192344
lib/matplotlib/path.py::181,0.192344
lib/matplotlib/path.py::182,0.192344
lib/matplotlib/path.py::183,0.192344
lib/matplotlib/path.py::184,0.192344
lib/matplotlib/path.py::185,0.192344
lib/matplotlib/path.py::186,0.192344
lib/matplotlib/path.py::191,0.192344
lib/matplotlib/path.py::349,0.192344
lib/matplotlib/path.py::392,0.192344
lib/matplotlib/path.py::395,0.192344
lib/matplotlib/path.py::396,0.192344
lib/matplotlib/path.py::397,0.192344
lib/matplotlib/path.py::398,0.192344
lib/matplotlib/path.py::399,0.192344
lib/matplotlib/path.py::402,0.192344
lib/matplotlib/path.py::403,0.192344
lib/matplotlib/path.py::405,0.192344
lib/matplotlib/path.py::406,0.192344
lib/matplotlib/path.py::407,0.192344
lib/matplotlib/path.py::408,0.192344
lib/matplotlib/path.py::409,0.192344
lib/matplotlib/path.py::410,0.192344
lib/matplotlib/path.py::411,0.192344
lib/matplotlib/path.py::415,0.192344
lib/matplotlib/path.py::476,0.192344
lib/matplotlib/path.py::477,0.192344
lib/matplotlib/path.py::478,0.192344
lib/matplotlib/path.py::479,0.192344
lib/matplotlib/path.py::480,0.192344
lib/matplotlib/path.py::481,0.192344
lib/matplotlib/path.py::482,0.192344
lib/matplotlib/path.py::690,0.192344
lib/matplotlib/path.py::693,0.192344
lib/matplotlib/projections/polar.py::40,0.192344
lib/matplotlib/projections/polar.py::43,0.192344
lib/matplotlib/projections/polar.py::46,0.192344
lib/matplotlib/projections/polar.py::48,0.192344
lib/matplotlib/projections/polar.py::49,0.192344
lib/matplotlib/spines.py::150,0.192344
lib/matplotlib/spines.py::213,0.192344
lib/matplotlib/spines.py::243,0.192344
lib/matplotlib/spines.py::246,0.192344
lib/matplotlib/spines.py::247,0.192344
lib/matplotlib/spines.py::248,0.192344
lib/matplotlib/spines.py::249,0.192344
lib/matplotlib/spines.py::250,0.192344
lib/matplotlib/spines.py::255,0.192344
lib/matplotlib/spines.py::305,0.192344
lib/matplotlib/spines.py::336,0.192344
lib/matplotlib/spines.py::337,0.192344
lib/matplotlib/spines.py::338,0.192344
lib/matplotlib/spines.py::339,0.192344
lib/matplotlib/spines.py::340,0.192344
lib/matplotlib/spines.py::350,0.192344
lib/matplotlib/spines.py::351,0.192344
lib/matplotlib/spines.py::352,0.192344
lib/matplotlib/spines.py::353,0.192344
lib/matplotlib/text.py::1103,0.192344
lib/matplotlib/text.py::1104,0.192344
lib/matplotlib/text.py::1170,0.192344
lib/matplotlib/text.py::1171,0.192344
lib/matplotlib/text.py::1185,0.192344
lib/matplotlib/text.py::1189,0.192344
lib/matplotlib/text.py::1192,0.192344
lib/matplotlib/text.py::1224,0.192344
lib/matplotlib/text.py::230,0.192344
lib/matplotlib/text.py::233,0.192344
lib/matplotlib/text.py::237,0.192344
lib/matplotlib/text.py::256,0.192344
lib/matplotlib/text.py::260,0.192344
lib/matplotlib/text.py::261,0.192344
lib/matplotlib/text.py::262,0.192344
lib/matplotlib/text.py::263,0.192344
lib/matplotlib/text.py::264,0.192344
lib/matplotlib/text.py::265,0.192344
lib/matplotlib/text.py::266,0.192344
lib/matplotlib/text.py::267,0.192344
lib/matplotlib/text.py::268,0.192344
lib/matplotlib/text.py::269,0.192344
lib/matplotlib/text.py::27,0.192344
lib/matplotlib/text.py::270,0.192344
lib/matplotlib/text.py::278,0.192344
lib/matplotlib/text.py::279,0.192344
lib/matplotlib/text.py::280,0.192344
lib/matplotlib/text.py::282,0.192344
lib/matplotlib/text.py::283,0.192344
lib/matplotlib/text.py::285,0.192344
lib/matplotlib/text.py::286,0.192344
lib/matplotlib/text.py::287,0.192344
lib/matplotlib/text.py::288,0.192344
lib/matplotlib/text.py::291,0.192344
lib/matplotlib/text.py::292,0.192344
lib/matplotlib/text.py::293,0.192344
lib/matplotlib/text.py::294,0.192344
lib/matplotlib/text.py::296,0.192344
lib/matplotlib/text.py::297,0.192344
lib/matplotlib/text.py::298,0.192344
lib/matplotlib/text.py::299,0.192344
lib/matplotlib/text.py::300,0.192344
lib/matplotlib/text.py::307,0.192344
lib/matplotlib/text.py::308,0.192344
lib/matplotlib/text.py::310,0.192344
lib/matplotlib/text.py::311,0.192344
lib/matplotlib/text.py::314,0.192344
lib/matplotlib/text.py::316,0.192344
lib/matplotlib/text.py::318,0.192344
lib/matplotlib/text.py::323,0.192344
lib/matplotlib/text.py::324,0.192344
lib/matplotlib/text.py::326,0.192344
lib/matplotlib/text.py::329,0.192344
lib/matplotlib/text.py::332,0.192344
lib/matplotlib/text.py::333,0.192344
lib/matplotlib/text.py::334,0.192344
lib/matplotlib/text.py::335,0.192344
lib/matplotlib/text.py::336,0.192344
lib/matplotlib/text.py::337,0.192344
lib/matplotlib/text.py::340,0.192344
lib/matplotlib/text.py::343,0.192344
lib/matplotlib/text.py::344,0.192344
lib/matplotlib/text.py::35,0.192344
lib/matplotlib/text.py::354,0.192344
lib/matplotlib/text.py::355,0.192344
lib/matplotlib/text.py::358,0.192344
lib/matplotlib/text.py::360,0.192344
lib/matplotlib/text.py::361,0.192344
lib/matplotlib/text.py::362,0.192344
lib/matplotlib/text.py::363,0.192344
lib/matplotlib/text.py::364,0.192344
lib/matplotlib/text.py::365,0.192344
lib/matplotlib/text.py::369,0.192344
lib/matplotlib/text.py::370,0.192344
lib/matplotlib/text.py::372,0.192344
lib/matplotlib/text.py::373,0.192344
lib/matplotlib/text.py::417,0.192344
lib/matplotlib/text.py::418,0.192344
lib/matplotlib/text.py::420,0.192344
lib/matplotlib/text.py::423,0.192344
lib/matplotlib/text.py::425,0.192344
lib/matplotlib/text.py::426,0.192344
lib/matplotlib/text.py::427,0.192344
lib/matplotlib/text.py::53,0.192344
lib/matplotlib/text.py::54,0.192344
lib/matplotlib/text.py::552,0.192344
lib/matplotlib/text.py::675,0.192344
lib/matplotlib/text.py::676,0.192344
lib/matplotlib/text.py::677,0.192344
lib/matplotlib/text.py::678,0.192344
lib/matplotlib/text.py::679,0.192344
lib/matplotlib/text.py::680,0.192344
lib/matplotlib/text.py::682,0.192344
lib/matplotlib/text.py::684,0.192344
lib/matplotlib/text.py::685,0.192344
lib/matplotlib/text.py::686,0.192344
lib/matplotlib/text.py::690,0.192344
lib/matplotlib/text.py::691,0.192344
lib/matplotlib/text.py::692,0.192344
lib/matplotlib/text.py::693,0.192344
lib/matplotlib/text.py::696,0.192344
lib/matplotlib/text.py::699,0.192344
lib/matplotlib/text.py::702,0.192344
lib/matplotlib/text.py::703,0.192344
lib/matplotlib/text.py::704,0.192344
lib/matplotlib/text.py::705,0.192344
lib/matplotlib/text.py::706,0.192344
lib/matplotlib/text.py::708,0.192344
lib/matplotlib/text.py::710,0.192344
lib/matplotlib/text.py::712,0.192344
lib/matplotlib/text.py::713,0.192344
lib/matplotlib/text.py::714,0.192344
lib/matplotlib/text.py::715,0.192344
lib/matplotlib/text.py::717,0.192344
lib/matplotlib/text.py::719,0.192344
lib/matplotlib/text.py::724,0.192344
lib/matplotlib/text.py::726,0.192344
lib/matplotlib/text.py::731,0.192344
lib/matplotlib/text.py::732,0.192344
lib/matplotlib/text.py::733,0.192344
lib/matplotlib/text.py::735,0.192344
lib/matplotlib/text.py::736,0.192344
lib/matplotlib/text.py::737,0.192344
lib/matplotlib/text.py::741,0.192344
lib/matplotlib/text.py::828,0.192344
lib/matplotlib/text.py::829,0.192344
lib/matplotlib/text.py::830,0.192344
lib/matplotlib/text.py::836,0.192344
lib/matplotlib/text.py::846,0.192344
lib/matplotlib/text.py::847,0.192344
lib/matplotlib/text.py::848,0.192344
lib/matplotlib/text.py::849,0.192344
lib/matplotlib/text.py::850,0.192344
lib/matplotlib/text.py::851,0.192344
lib/matplotlib/text.py::852,0.192344
lib/matplotlib/text.py::853,0.192344
lib/matplotlib/text.py::858,0.192344
lib/matplotlib/text.py::889,0.192344
lib/matplotlib/text.py::891,0.192344
lib/matplotlib/text.py::892,0.192344
lib/matplotlib/text.py::893,0.192344
lib/matplotlib/text.py::898,0.192344
lib/matplotlib/text.py::899,0.192344
lib/matplotlib/text.py::900,0.192344
lib/matplotlib/text.py::902,0.192344
lib/matplotlib/text.py::905,0.192344
lib/matplotlib/text.py::906,0.192344
lib/matplotlib/text.py::907,0.192344
lib/matplotlib/text.py::908,0.192344
lib/matplotlib/text.py::909,0.192344
lib/matplotlib/text.py::910,0.192344
lib/matplotlib/textpath.py::25,0.192344
lib/matplotlib/textpath.py::26,0.192344
lib/matplotlib/ticker.py::1796,0.192344
lib/matplotlib/ticker.py::1807,0.192344
lib/matplotlib/ticker.py::264,0.192344
lib/matplotlib/ticker.py::265,0.192344
lib/matplotlib/ticker.py::292,0.192344
lib/matplotlib/transforms.py::1417,0.192344
lib/matplotlib/transforms.py::1418,0.192344
lib/matplotlib/transforms.py::1419,0.192344
lib/matplotlib/transforms.py::1422,0.192344
lib/matplotlib/transforms.py::1425,0.192344
lib/matplotlib/transforms.py::1428,0.192344
lib/matplotlib/transforms.py::1429,0.192344
lib/matplotlib/transforms.py::1430,0.192344
lib/matplotlib/transforms.py::1431,0.192344
lib/matplotlib/transforms.py::1498,0.192344
lib/matplotlib/transforms.py::1527,0.192344
lib/matplotlib/transforms.py::1537,0.192344
lib/matplotlib/transforms.py::1708,0.192344
lib/matplotlib/transforms.py::1734,0.192344
lib/matplotlib/transforms.py::1735,0.192344
lib/matplotlib/transforms.py::1743,0.192344
lib/matplotlib/transforms.py::1767,0.192344
lib/matplotlib/transforms.py::1929,0.192344
lib/matplotlib/transforms.py::1930,0.192344
lib/matplotlib/transforms.py::1931,0.192344
lib/matplotlib/transforms.py::1932,0.192344
lib/matplotlib/transforms.py::1933,0.192344
lib/matplotlib/transforms.py::1934,0.192344
lib/matplotlib/transforms.py::1935,0.192344
lib/matplotlib/transforms.py::1945,0.192344
lib/matplotlib/transforms.py::1966,0.192344
lib/matplotlib/transforms.py::1967,0.192344
lib/matplotlib/transforms.py::2344,0.192344
lib/matplotlib/transforms.py::2348,0.192344
lib/matplotlib/transforms.py::2349,0.192344
lib/matplotlib/transforms.py::2350,0.192344
lib/matplotlib/transforms.py::2351,0.192344
lib/matplotlib/transforms.py::2358,0.192344
lib/matplotlib/transforms.py::2359,0.192344
lib/matplotlib/transforms.py::2368,0.192344
lib/matplotlib/transforms.py::2371,0.192344
lib/matplotlib/transforms.py::2372,0.192344
lib/matplotlib/transforms.py::2529,0.192344
lib/matplotlib/transforms.py::2530,0.192344
lib/matplotlib/transforms.py::2531,0.192344
lib/matplotlib/transforms.py::2533,0.192344
lib/matplotlib/transforms.py::2534,0.192344
lib/matplotlib/transforms.py::2535,0.192344
lib/matplotlib/transforms.py::2536,0.192344
lib/matplotlib/transforms.py::2537,0.192344
lib/matplotlib/transforms.py::2538,0.192344
lib/matplotlib/transforms.py::2539,0.192344
lib/matplotlib/transforms.py::257,0.192344
lib/matplotlib/transforms.py::2583,0.192344
lib/matplotlib/transforms.py::2584,0.192344
lib/matplotlib/transforms.py::2585,0.192344
lib/matplotlib/transforms.py::2587,0.192344
lib/matplotlib/transforms.py::2588,0.192344
lib/matplotlib/transforms.py::2589,0.192344
lib/matplotlib/transforms.py::2590,0.192344
lib/matplotlib/transforms.py::2591,0.192344
lib/matplotlib/transforms.py::2592,0.192344
lib/matplotlib/transforms.py::2593,0.192344
lib/matplotlib/transforms.py::2594,0.192344
lib/matplotlib/transforms.py::2595,0.192344
lib/matplotlib/transforms.py::267,0.192344
lib/matplotlib/transforms.py::2673,0.192344
lib/matplotlib/transforms.py::2674,0.192344
lib/matplotlib/transforms.py::2675,0.192344
lib/matplotlib/transforms.py::2676,0.192344
lib/matplotlib/transforms.py::2677,0.192344
lib/matplotlib/transforms.py::2678,0.192344
lib/matplotlib/transforms.py::2679,0.192344
lib/matplotlib/transforms.py::2684,0.192344
lib/matplotlib/transforms.py::2687,0.192344
lib/matplotlib/transforms.py::2689,0.192344
lib/matplotlib/transforms.py::2690,0.192344
lib/matplotlib/transforms.py::2691,0.192344
lib/matplotlib/transforms.py::2692,0.192344
lib/matplotlib/transforms.py::2722,0.192344
lib/matplotlib/transforms.py::2866,0.192344
lib/matplotlib/transforms.py::2867,0.192344
lib/matplotlib/transforms.py::2869,0.192344
lib/matplotlib/transforms.py::287,0.192344
lib/matplotlib/transforms.py::2870,0.192344
lib/matplotlib/transforms.py::307,0.192344
lib/matplotlib/transforms.py::372,0.192344
lib/matplotlib/transforms.py::373,0.192344
lib/matplotlib/transforms.py::378,0.192344
lib/matplotlib/transforms.py::379,0.192344
lib/matplotlib/transforms.py::520,0.192344
lib/matplotlib/transforms.py::522,0.192344
lib/matplotlib/transforms.py::523,0.192344
lib/matplotlib/transforms.py::524,0.192344
lib/matplotlib/transforms.py::527,0.192344
lib/matplotlib/transforms.py::528,0.192344
lib/matplotlib/transforms.py::529,0.192344
lib/matplotlib/transforms.py::530,0.192344
lib/matplotlib/transforms.py::553,0.192344
lib/matplotlib/transforms.py::555,0.192344
lib/matplotlib/transforms.py::557,0.192344
lib/matplotlib/transforms.py::558,0.192344
lib/matplotlib/transforms.py::559,0.192344
lib/matplotlib/transforms.py::564,0.192344
lib/matplotlib/transforms.py::565,0.192344
lib/matplotlib/transforms.py::635,0.192344
lib/matplotlib/transforms.py::993,0.192344
lib/matplotlib/transforms.py::994,0.192344
lib/matplotlib/transforms.py::995,0.192344
lib/matplotlib/ticker.py::1932,0.188816
lib/matplotlib/ticker.py::1933,0.188816
lib/matplotlib/ticker.py::1934,0.188816
lib/matplotlib/ticker.py::1935,0.188816
lib/matplotlib/ticker.py::1938,0.188816
lib/matplotlib/ticker.py::1939,0.188816
lib/matplotlib/ticker.py::1955,0.188816
lib/matplotlib/ticker.py::1957,0.188816
lib/matplotlib/ticker.py::1958,0.188816
lib/matplotlib/ticker.py::1962,0.188816
lib/matplotlib/ticker.py::1967,0.188816
lib/matplotlib/ticker.py::1968,0.188816
lib/matplotlib/ticker.py::1972,0.188816
lib/matplotlib/ticker.py::1973,0.188816
lib/matplotlib/ticker.py::1975,0.188816
lib/matplotlib/ticker.py::1979,0.188816
lib/matplotlib/ticker.py::1980,0.188816
lib/matplotlib/ticker.py::2122,0.188816
lib/matplotlib/ticker.py::2131,0.188816
lib/matplotlib/ticker.py::2132,0.188816
lib/matplotlib/ticker.py::2133,0.188816
lib/matplotlib/ticker.py::2134,0.188816
lib/matplotlib/ticker.py::2135,0.188816
lib/matplotlib/ticker.py::2136,0.188816
lib/matplotlib/ticker.py::2141,0.188816
lib/matplotlib/ticker.py::2144,0.188816
lib/matplotlib/ticker.py::2153,0.188816
lib/matplotlib/ticker.py::2154,0.188816
lib/matplotlib/ticker.py::2156,0.188816
lib/matplotlib/ticker.py::2159,0.188816
lib/matplotlib/ticker.py::2165,0.188816
lib/matplotlib/ticker.py::2166,0.188816
lib/matplotlib/ticker.py::2167,0.188816
lib/matplotlib/ticker.py::2168,0.188816
lib/matplotlib/ticker.py::2170,0.188816
lib/matplotlib/ticker.py::2171,0.188816
lib/matplotlib/ticker.py::2172,0.188816
lib/matplotlib/ticker.py::2173,0.188816
lib/matplotlib/transforms.py::1646,0.188816
lib/matplotlib/transforms.py::2322,0.188816
lib/matplotlib/transforms.py::2323,0.188816
lib/matplotlib/axis.py::1916,0.185477
lib/matplotlib/path.py::241,0.185477
lib/matplotlib/path.py::252,0.185477
lib/matplotlib/transforms.py::2057,0.185477
lib/matplotlib/transforms.py::2238,0.185477
lib/matplotlib/transforms.py::2239,0.185477
lib/matplotlib/transforms.py::2240,0.185477
lib/matplotlib/transforms.py::2247,0.185477
lib/matplotlib/transforms.py::2248,0.185477
lib/matplotlib/transforms.py::2249,0.185477
lib/matplotlib/transforms.py::317,0.185477
lib/matplotlib/transforms.py::327,0.185477
lib/matplotlib/transforms.py::355,0.185477
lib/matplotlib/transforms.py::661,0.185477
lib/matplotlib/transforms.py::665,0.185477
lib/matplotlib/transforms.py::666,0.185477
lib/matplotlib/transforms.py::667,0.185477
lib/matplotlib/transforms.py::668,0.185477
lib/matplotlib/transforms.py::669,0.185477
lib/matplotlib/transforms.py::670,0.185477
lib/matplotlib/transforms.py::867,0.185477
lib/matplotlib/transforms.py::870,0.185477
lib/matplotlib/transforms.py::873,0.185477
lib/matplotlib/transforms.py::874,0.185477
lib/matplotlib/transforms.py::876,0.185477
lib/matplotlib/transforms.py::877,0.185477
lib/matplotlib/transforms.py::878,0.185477
lib/matplotlib/transforms.py::879,0.185477
lib/matplotlib/transforms.py::880,0.185477
lib/matplotlib/transforms.py::881,0.185477
lib/matplotlib/transforms.py::882,0.185477
lib/matplotlib/transforms.py::883,0.185477
lib/matplotlib/artist.py::757,0.179301
lib/matplotlib/artist.py::758,0.179301
lib/matplotlib/artist.py::759,0.179301
lib/matplotlib/axes/_base.py::1046,0.179301
lib/matplotlib/axes/_base.py::1359,0.179301
lib/matplotlib/axes/_base.py::1528,0.179301
lib/matplotlib/axes/_base.py::1531,0.179301
lib/matplotlib/axes/_base.py::1535,0.179301
lib/matplotlib/axes/_base.py::1536,0.179301
lib/matplotlib/axes/_base.py::1537,0.179301
lib/matplotlib/axes/_base.py::1539,0.179301
lib/matplotlib/axes/_base.py::2274,0.179301
lib/matplotlib/axis.py::2123,0.179301
lib/matplotlib/axis.py::2124,0.179301
lib/matplotlib/axis.py::2125,0.179301
lib/matplotlib/axis.py::2130,0.179301
lib/matplotlib/axis.py::2135,0.179301
lib/matplotlib/axis.py::2138,0.179301
lib/matplotlib/axis.py::2139,0.179301
lib/matplotlib/axis.py::2140,0.179301
lib/matplotlib/axis.py::2148,0.179301
lib/matplotlib/axis.py::2411,0.179301
lib/matplotlib/axis.py::2412,0.179301
lib/matplotlib/axis.py::2413,0.179301
lib/matplotlib/axis.py::2417,0.179301
lib/matplotlib/axis.py::2421,0.179301
lib/matplotlib/axis.py::2424,0.179301
lib/matplotlib/axis.py::2425,0.179301
lib/matplotlib/axis.py::2426,0.179301
lib/matplotlib/axis.py::2432,0.179301
lib/matplotlib/axis.py::89,0.179301
lib/matplotlib/axis.py::90,0.179301
lib/matplotlib/lines.py::903,0.179301
lib/matplotlib/patches.py::1101,0.179301
lib/matplotlib/patches.py::1102,0.179301
lib/matplotlib/patches.py::1103,0.179301
lib/matplotlib/patches.py::1104,0.179301
lib/matplotlib/patches.py::1105,0.179301
lib/matplotlib/patches.py::1106,0.179301
lib/matplotlib/patches.py::1110,0.179301
lib/matplotlib/patches.py::1111,0.179301
lib/matplotlib/patches.py::1112,0.179301
lib/matplotlib/patches.py::1118,0.179301
lib/matplotlib/patches.py::1120,0.179301
lib/matplotlib/patches.py::1130,0.179301
lib/matplotlib/patches.py::1131,0.179301
lib/matplotlib/patches.py::1134,0.179301
lib/matplotlib/patches.py::1135,0.179301
lib/matplotlib/patches.py::1136,0.179301
lib/matplotlib/patches.py::1164,0.179301
lib/matplotlib/patches.py::1166,0.179301
lib/matplotlib/path.py::157,0.179301
lib/matplotlib/path.py::158,0.179301
lib/matplotlib/path.py::159,0.179301
lib/matplotlib/path.py::160,0.179301
lib/matplotlib/path.py::897,0.179301
lib/matplotlib/path.py::899,0.179301
lib/matplotlib/path.py::900,0.179301
lib/matplotlib/path.py::903,0.179301
lib/matplotlib/path.py::904,0.179301
lib/matplotlib/path.py::905,0.179301
lib/matplotlib/path.py::908,0.179301
lib/matplotlib/path.py::909,0.179301
lib/matplotlib/path.py::910,0.179301
lib/matplotlib/path.py::913,0.179301
lib/matplotlib/path.py::914,0.179301
lib/matplotlib/path.py::915,0.179301
lib/matplotlib/path.py::917,0.179301
lib/matplotlib/path.py::918,0.179301
lib/matplotlib/path.py::919,0.179301
lib/matplotlib/path.py::921,0.179301
lib/matplotlib/path.py::922,0.179301
lib/matplotlib/path.py::923,0.179301
lib/matplotlib/path.py::924,0.179301
lib/matplotlib/path.py::926,0.179301
lib/matplotlib/path.py::927,0.179301
lib/matplotlib/path.py::928,0.179301
lib/matplotlib/path.py::929,0.179301
lib/matplotlib/path.py::931,0.179301
lib/matplotlib/path.py::941,0.179301
lib/matplotlib/path.py::942,0.179301
lib/matplotlib/path.py::943,0.179301
lib/matplotlib/path.py::944,0.179301
lib/matplotlib/path.py::945,0.179301
lib/matplotlib/path.py::946,0.179301
lib/matplotlib/path.py::947,0.179301
lib/matplotlib/path.py::949,0.179301
lib/matplotlib/path.py::950,0.179301
lib/matplotlib/path.py::951,0.179301
lib/matplotlib/path.py::952,0.179301
lib/matplotlib/path.py::953,0.179301
lib/matplotlib/path.py::954,0.179301
lib/matplotlib/path.py::956,0.179301
lib/matplotlib/projections/polar.py::1000,0.179301
lib/matplotlib/projections/polar.py::1001,0.179301
lib/matplotlib/projections/polar.py::1002,0.179301
lib/matplotlib/projections/polar.py::1003,0.179301
lib/matplotlib/projections/polar.py::1004,0.179301
lib/matplotlib/projections/polar.py::1005,0.179301
lib/matplotlib/projections/polar.py::1006,0.179301
lib/matplotlib/projections/polar.py::1008,0.179301
lib/matplotlib/projections/polar.py::1009,0.179301
lib/matplotlib/projections/polar.py::1010,0.179301
lib/matplotlib/projections/polar.py::1011,0.179301
lib/matplotlib/projections/polar.py::1012,0.179301
lib/matplotlib/projections/polar.py::1020,0.179301
lib/matplotlib/projections/polar.py::1028,0.179301
lib/matplotlib/projections/polar.py::1072,0.179301
lib/matplotlib/projections/polar.py::1073,0.179301
lib/matplotlib/projections/polar.py::1074,0.179301
lib/matplotlib/projections/polar.py::1080,0.179301
lib/matplotlib/projections/polar.py::1118,0.179301
lib/matplotlib/projections/polar.py::1119,0.179301
lib/matplotlib/projections/polar.py::1121,0.179301
lib/matplotlib/projections/polar.py::1122,0.179301
lib/matplotlib/projections/polar.py::1127,0.179301
lib/matplotlib/projections/polar.py::1139,0.179301
lib/matplotlib/projections/polar.py::1187,0.179301
lib/matplotlib/projections/polar.py::122,0.179301
lib/matplotlib/projections/polar.py::123,0.179301
lib/matplotlib/projections/polar.py::124,0.179301
lib/matplotlib/projections/polar.py::125,0.179301
lib/matplotlib/projections/polar.py::1255,0.179301
lib/matplotlib/projections/polar.py::126,0.179301
lib/matplotlib/projections/polar.py::1261,0.179301
lib/matplotlib/projections/polar.py::1267,0.179301
lib/matplotlib/projections/polar.py::1269,0.179301
lib/matplotlib/projections/polar.py::1278,0.179301
lib/matplotlib/projections/polar.py::204,0.179301
lib/matplotlib/projections/polar.py::234,0.179301
lib/matplotlib/projections/polar.py::235,0.179301
lib/matplotlib/projections/polar.py::238,0.179301
lib/matplotlib/projections/polar.py::239,0.179301
lib/matplotlib/projections/polar.py::284,0.179301
lib/matplotlib/projections/polar.py::285,0.179301
lib/matplotlib/projections/polar.py::286,0.179301
lib/matplotlib/projections/polar.py::287,0.179301
lib/matplotlib/projections/polar.py::288,0.179301
lib/matplotlib/projections/polar.py::289,0.179301
lib/matplotlib/projections/polar.py::290,0.179301
lib/matplotlib/projections/polar.py::291,0.179301
lib/matplotlib/projections/polar.py::292,0.179301
lib/matplotlib/projections/polar.py::293,0.179301
lib/matplotlib/projections/polar.py::294,0.179301
lib/matplotlib/projections/polar.py::297,0.179301
lib/matplotlib/projections/polar.py::300,0.179301
lib/matplotlib/projections/polar.py::301,0.179301
lib/matplotlib/projections/polar.py::303,0.179301
lib/matplotlib/projections/polar.py::304,0.179301
lib/matplotlib/projections/polar.py::308,0.179301
lib/matplotlib/projections/polar.py::309,0.179301
lib/matplotlib/projections/polar.py::310,0.179301
lib/matplotlib/projections/polar.py::311,0.179301
lib/matplotlib/projections/polar.py::312,0.179301
lib/matplotlib/projections/polar.py::313,0.179301
lib/matplotlib/projections/polar.py::316,0.179301
lib/matplotlib/projections/polar.py::317,0.179301
lib/matplotlib/projections/polar.py::318,0.179301
lib/matplotlib/projections/polar.py::319,0.179301
lib/matplotlib/projections/polar.py::320,0.179301
lib/matplotlib/projections/polar.py::322,0.179301
lib/matplotlib/projections/polar.py::323,0.179301
lib/matplotlib/projections/polar.py::325,0.179301
lib/matplotlib/projections/polar.py::329,0.179301
lib/matplotlib/projections/polar.py::330,0.179301
lib/matplotlib/projections/polar.py::332,0.179301
lib/matplotlib/projections/polar.py::333,0.179301
lib/matplotlib/projections/polar.py::335,0.179301
lib/matplotlib/projections/polar.py::339,0.179301
lib/matplotlib/projections/polar.py::340,0.179301
lib/matplotlib/projections/polar.py::342,0.179301
lib/matplotlib/projections/polar.py::343,0.179301
lib/matplotlib/projections/polar.py::344,0.179301
lib/matplotlib/projections/polar.py::351,0.179301
lib/matplotlib/projections/polar.py::352,0.179301
lib/matplotlib/projections/polar.py::356,0.179301
lib/matplotlib/projections/polar.py::357,0.179301
lib/matplotlib/projections/polar.py::358,0.179301
lib/matplotlib/projections/polar.py::359,0.179301
lib/matplotlib/projections/polar.py::373,0.179301
lib/matplotlib/projections/polar.py::374,0.179301
lib/matplotlib/projections/polar.py::376,0.179301
lib/matplotlib/projections/polar.py::377,0.179301
lib/matplotlib/projections/polar.py::380,0.179301
lib/matplotlib/projections/polar.py::381,0.179301
lib/matplotlib/projections/polar.py::382,0.179301
lib/matplotlib/projections/polar.py::383,0.179301
lib/matplotlib/projections/polar.py::386,0.179301
lib/matplotlib/projections/polar.py::387,0.179301
lib/matplotlib/projections/polar.py::388,0.179301
lib/matplotlib/projections/polar.py::391,0.179301
lib/matplotlib/projections/polar.py::392,0.179301
lib/matplotlib/projections/polar.py::418,0.179301
lib/matplotlib/projections/polar.py::419,0.179301
lib/matplotlib/projections/polar.py::453,0.179301
lib/matplotlib/projections/polar.py::454,0.179301
lib/matplotlib/projections/polar.py::481,0.179301
lib/matplotlib/projections/polar.py::482,0.179301
lib/matplotlib/projections/polar.py::483,0.179301
lib/matplotlib/projections/polar.py::484,0.179301
lib/matplotlib/projections/polar.py::485,0.179301
lib/matplotlib/projections/polar.py::486,0.179301
lib/matplotlib/projections/polar.py::527,0.179301
lib/matplotlib/projections/polar.py::528,0.179301
lib/matplotlib/projections/polar.py::529,0.179301
lib/matplotlib/projections/polar.py::534,0.179301
lib/matplotlib/projections/polar.py::546,0.179301
lib/matplotlib/projections/polar.py::547,0.179301
lib/matplotlib/projections/polar.py::548,0.179301
lib/matplotlib/projections/polar.py::566,0.179301
lib/matplotlib/projections/polar.py::567,0.179301
lib/matplotlib/projections/polar.py::568,0.179301
lib/matplotlib/projections/polar.py::569,0.179301
lib/matplotlib/projections/polar.py::586,0.179301
lib/matplotlib/projections/polar.py::587,0.179301
lib/matplotlib/projections/polar.py::588,0.179301
lib/matplotlib/projections/polar.py::589,0.179301
lib/matplotlib/projections/polar.py::590,0.179301
lib/matplotlib/projections/polar.py::591,0.179301
lib/matplotlib/projections/polar.py::592,0.179301
lib/matplotlib/projections/polar.py::593,0.179301
lib/matplotlib/projections/polar.py::595,0.179301
lib/matplotlib/projections/polar.py::596,0.179301
lib/matplotlib/projections/polar.py::597,0.179301
lib/matplotlib/projections/polar.py::598,0.179301
lib/matplotlib/projections/polar.py::600,0.179301
lib/matplotlib/projections/polar.py::601,0.179301
lib/matplotlib/projections/polar.py::602,0.179301
lib/matplotlib/projections/polar.py::605,0.179301
lib/matplotlib/projections/polar.py::606,0.179301
lib/matplotlib/projections/polar.py::607,0.179301
lib/matplotlib/projections/polar.py::610,0.179301
lib/matplotlib/projections/polar.py::612,0.179301
lib/matplotlib/projections/polar.py::613,0.179301
lib/matplotlib/projections/polar.py::614,0.179301
lib/matplotlib/projections/polar.py::616,0.179301
lib/matplotlib/projections/polar.py::617,0.179301
lib/matplotlib/projections/polar.py::618,0.179301
lib/matplotlib/projections/polar.py::619,0.179301
lib/matplotlib/projections/polar.py::621,0.179301
lib/matplotlib/projections/polar.py::622,0.179301
lib/matplotlib/projections/polar.py::624,0.179301
lib/matplotlib/projections/polar.py::626,0.179301
lib/matplotlib/projections/polar.py::630,0.179301
lib/matplotlib/projections/polar.py::631,0.179301
lib/matplotlib/projections/polar.py::633,0.179301
lib/matplotlib/projections/polar.py::634,0.179301
lib/matplotlib/projections/polar.py::635,0.179301
lib/matplotlib/projections/polar.py::636,0.179301
lib/matplotlib/projections/polar.py::637,0.179301
lib/matplotlib/projections/polar.py::638,0.179301
lib/matplotlib/projections/polar.py::641,0.179301
lib/matplotlib/projections/polar.py::642,0.179301
lib/matplotlib/projections/polar.py::643,0.179301
lib/matplotlib/projections/polar.py::646,0.179301
lib/matplotlib/projections/polar.py::648,0.179301
lib/matplotlib/projections/polar.py::649,0.179301
lib/matplotlib/projections/polar.py::650,0.179301
lib/matplotlib/projections/polar.py::651,0.179301
lib/matplotlib/projections/polar.py::653,0.179301
lib/matplotlib/projections/polar.py::654,0.179301
lib/matplotlib/projections/polar.py::656,0.179301
lib/matplotlib/projections/polar.py::658,0.179301
lib/matplotlib/projections/polar.py::662,0.179301
lib/matplotlib/projections/polar.py::663,0.179301
lib/matplotlib/projections/polar.py::677,0.179301
lib/matplotlib/projections/polar.py::678,0.179301
lib/matplotlib/projections/polar.py::681,0.179301
lib/matplotlib/projections/polar.py::682,0.179301
lib/matplotlib/projections/polar.py::684,0.179301
lib/matplotlib/projections/polar.py::685,0.179301
lib/matplotlib/projections/polar.py::688,0.179301
lib/matplotlib/projections/polar.py::689,0.179301
lib/matplotlib/projections/polar.py::690,0.179301
lib/matplotlib/projections/polar.py::693,0.179301
lib/matplotlib/projections/polar.py::694,0.179301
lib/matplotlib/projections/polar.py::695,0.179301
lib/matplotlib/projections/polar.py::698,0.179301
lib/matplotlib/projections/polar.py::699,0.179301
lib/matplotlib/projections/polar.py::708,0.179301
lib/matplotlib/projections/polar.py::717,0.179301
lib/matplotlib/projections/polar.py::734,0.179301
lib/matplotlib/projections/polar.py::735,0.179301
lib/matplotlib/projections/polar.py::736,0.179301
lib/matplotlib/projections/polar.py::737,0.179301
lib/matplotlib/projections/polar.py::738,0.179301
lib/matplotlib/projections/polar.py::788,0.179301
lib/matplotlib/projections/polar.py::789,0.179301
lib/matplotlib/projections/polar.py::790,0.179301
lib/matplotlib/projections/polar.py::791,0.179301
lib/matplotlib/projections/polar.py::792,0.179301
lib/matplotlib/projections/polar.py::793,0.179301
lib/matplotlib/projections/polar.py::794,0.179301
lib/matplotlib/projections/polar.py::797,0.179301
lib/matplotlib/projections/polar.py::799,0.179301
lib/matplotlib/projections/polar.py::801,0.179301
lib/matplotlib/projections/polar.py::802,0.179301
lib/matplotlib/projections/polar.py::803,0.179301
lib/matplotlib/projections/polar.py::804,0.179301
lib/matplotlib/projections/polar.py::805,0.179301
lib/matplotlib/projections/polar.py::806,0.179301
lib/matplotlib/projections/polar.py::807,0.179301
lib/matplotlib/projections/polar.py::809,0.179301
lib/matplotlib/projections/polar.py::810,0.179301
lib/matplotlib/projections/polar.py::811,0.179301
lib/matplotlib/projections/polar.py::812,0.179301
lib/matplotlib/projections/polar.py::814,0.179301
lib/matplotlib/projections/polar.py::815,0.179301
lib/matplotlib/projections/polar.py::816,0.179301
lib/matplotlib/projections/polar.py::820,0.179301
lib/matplotlib/projections/polar.py::821,0.179301
lib/matplotlib/projections/polar.py::826,0.179301
lib/matplotlib/projections/polar.py::831,0.179301
lib/matplotlib/projections/polar.py::834,0.179301
lib/matplotlib/projections/polar.py::835,0.179301
lib/matplotlib/projections/polar.py::836,0.179301
lib/matplotlib/projections/polar.py::837,0.179301
lib/matplotlib/projections/polar.py::838,0.179301
lib/matplotlib/projections/polar.py::841,0.179301
lib/matplotlib/projections/polar.py::842,0.179301
lib/matplotlib/projections/polar.py::846,0.179301
lib/matplotlib/projections/polar.py::847,0.179301
lib/matplotlib/projections/polar.py::852,0.179301
lib/matplotlib/projections/polar.py::853,0.179301
lib/matplotlib/projections/polar.py::856,0.179301
lib/matplotlib/projections/polar.py::859,0.179301
lib/matplotlib/projections/polar.py::863,0.179301
lib/matplotlib/projections/polar.py::864,0.179301
lib/matplotlib/projections/polar.py::865,0.179301
lib/matplotlib/projections/polar.py::867,0.179301
lib/matplotlib/projections/polar.py::871,0.179301
lib/matplotlib/projections/polar.py::872,0.179301
lib/matplotlib/projections/polar.py::877,0.179301
lib/matplotlib/projections/polar.py::878,0.179301
lib/matplotlib/projections/polar.py::884,0.179301
lib/matplotlib/projections/polar.py::885,0.179301
lib/matplotlib/projections/polar.py::886,0.179301
lib/matplotlib/projections/polar.py::887,0.179301
lib/matplotlib/projections/polar.py::890,0.179301
lib/matplotlib/projections/polar.py::891,0.179301
lib/matplotlib/projections/polar.py::892,0.179301
lib/matplotlib/projections/polar.py::893,0.179301
lib/matplotlib/projections/polar.py::894,0.179301
lib/matplotlib/projections/polar.py::900,0.179301
lib/matplotlib/projections/polar.py::901,0.179301
lib/matplotlib/projections/polar.py::902,0.179301
lib/matplotlib/projections/polar.py::903,0.179301
lib/matplotlib/projections/polar.py::905,0.179301
lib/matplotlib/projections/polar.py::906,0.179301
lib/matplotlib/projections/polar.py::907,0.179301
lib/matplotlib/projections/polar.py::908,0.179301
lib/matplotlib/projections/polar.py::911,0.179301
lib/matplotlib/projections/polar.py::912,0.179301
lib/matplotlib/projections/polar.py::915,0.179301
lib/matplotlib/projections/polar.py::918,0.179301
lib/matplotlib/projections/polar.py::921,0.179301
lib/matplotlib/projections/polar.py::922,0.179301
lib/matplotlib/projections/polar.py::923,0.179301
lib/matplotlib/projections/polar.py::924,0.179301
lib/matplotlib/projections/polar.py::929,0.179301
lib/matplotlib/projections/polar.py::930,0.179301
lib/matplotlib/projections/polar.py::931,0.179301
lib/matplotlib/projections/polar.py::932,0.179301
lib/matplotlib/projections/polar.py::933,0.179301
lib/matplotlib/projections/polar.py::934,0.179301
lib/matplotlib/projections/polar.py::938,0.179301
lib/matplotlib/projections/polar.py::941,0.179301
lib/matplotlib/projections/polar.py::942,0.179301
lib/matplotlib/projections/polar.py::943,0.179301
lib/matplotlib/projections/polar.py::947,0.179301
lib/matplotlib/projections/polar.py::997,0.179301
lib/matplotlib/spines.py::104,0.179301
lib/matplotlib/spines.py::105,0.179301
lib/matplotlib/spines.py::106,0.179301
lib/matplotlib/spines.py::107,0.179301
lib/matplotlib/spines.py::108,0.179301
lib/matplotlib/spines.py::109,0.179301
lib/matplotlib/spines.py::110,0.179301
lib/matplotlib/spines.py::112,0.179301
lib/matplotlib/spines.py::113,0.179301
lib/matplotlib/spines.py::507,0.179301
lib/matplotlib/spines.py::508,0.179301
lib/matplotlib/spines.py::509,0.179301
lib/matplotlib/spines.py::510,0.179301
lib/matplotlib/text.py::822,0.179301
lib/matplotlib/text.py::865,0.179301
lib/matplotlib/transforms.py::1107,0.179301
lib/matplotlib/transforms.py::1110,0.179301
lib/matplotlib/transforms.py::1111,0.179301
lib/matplotlib/transforms.py::1112,0.179301
lib/matplotlib/transforms.py::1113,0.179301
lib/matplotlib/transforms.py::1114,0.179301
lib/matplotlib/transforms.py::1115,0.179301
lib/matplotlib/transforms.py::1116,0.179301
lib/matplotlib/transforms.py::1166,0.179301
lib/matplotlib/transforms.py::1167,0.179301
lib/matplotlib/transforms.py::1168,0.179301
lib/matplotlib/transforms.py::1292,0.179301
lib/matplotlib/transforms.py::1306,0.179301
lib/matplotlib/transforms.py::1318,0.179301
lib/matplotlib/transforms.py::1322,0.179301
lib/matplotlib/transforms.py::1323,0.179301
lib/matplotlib/transforms.py::1324,0.179301
lib/matplotlib/transforms.py::2314,0.179301
lib/matplotlib/transforms.py::2315,0.179301
lib/matplotlib/transforms.py::2328,0.179301
lib/matplotlib/transforms.py::2329,0.179301
lib/matplotlib/transforms.py::2330,0.179301
lib/matplotlib/transforms.py::2331,0.179301
lib/matplotlib/transforms.py::2333,0.179301
lib/matplotlib/transforms.py::2412,0.179301
lib/matplotlib/transforms.py::2415,0.179301
lib/matplotlib/transforms.py::2416,0.179301
lib/matplotlib/transforms.py::2417,0.179301
lib/matplotlib/transforms.py::2418,0.179301
lib/matplotlib/transforms.py::2737,0.179301
lib/matplotlib/transforms.py::2739,0.179301
lib/matplotlib/transforms.py::2740,0.179301
lib/matplotlib/transforms.py::2741,0.179301
lib/matplotlib/transforms.py::2742,0.179301
lib/matplotlib/transforms.py::2743,0.179301
lib/matplotlib/transforms.py::2744,0.179301
lib/matplotlib/transforms.py::2745,0.179301
lib/matplotlib/__init__.py::1000,0.176436
lib/matplotlib/__init__.py::1001,0.176436
lib/matplotlib/__init__.py::1079,0.176436
lib/matplotlib/__init__.py::1080,0.176436
lib/matplotlib/__init__.py::1081,0.176436
lib/matplotlib/__init__.py::1083,0.176436
lib/matplotlib/__init__.py::1085,0.176436
lib/matplotlib/__init__.py::1087,0.176436
lib/matplotlib/__init__.py::1121,0.176436
lib/matplotlib/__init__.py::1122,0.176436
lib/matplotlib/__init__.py::1124,0.176436
lib/matplotlib/__init__.py::1146,0.176436
lib/matplotlib/__init__.py::1158,0.176436
lib/matplotlib/__init__.py::660,0.176436
lib/matplotlib/__init__.py::661,0.176436
lib/matplotlib/__init__.py::667,0.176436
lib/matplotlib/__init__.py::668,0.176436
lib/matplotlib/__init__.py::669,0.176436
lib/matplotlib/__init__.py::670,0.176436
lib/matplotlib/__init__.py::671,0.176436
lib/matplotlib/__init__.py::676,0.176436
lib/matplotlib/__init__.py::680,0.176436
lib/matplotlib/__init__.py::681,0.176436
lib/matplotlib/__init__.py::684,0.176436
lib/matplotlib/__init__.py::691,0.176436
lib/matplotlib/__init__.py::697,0.176436
lib/matplotlib/__init__.py::703,0.176436
lib/matplotlib/__init__.py::704,0.176436
lib/matplotlib/__init__.py::705,0.176436
lib/matplotlib/__init__.py::709,0.176436
lib/matplotlib/__init__.py::725,0.176436
lib/matplotlib/__init__.py::726,0.176436
lib/matplotlib/__init__.py::748,0.176436
lib/matplotlib/__init__.py::997,0.176436
lib/matplotlib/__init__.py::998,0.176436
lib/matplotlib/__init__.py::999,0.176436
lib/matplotlib/_pylab_helpers.py::113,0.176436
lib/matplotlib/_pylab_helpers.py::114,0.176436
lib/matplotlib/_pylab_helpers.py::115,0.176436
lib/matplotlib/_pylab_helpers.py::116,0.176436
lib/matplotlib/_pylab_helpers.py::117,0.176436
lib/matplotlib/_pylab_helpers.py::118,0.176436
lib/matplotlib/_pylab_helpers.py::119,0.176436
lib/matplotlib/_pylab_helpers.py::121,0.176436
lib/matplotlib/_pylab_helpers.py::126,0.176436
lib/matplotlib/_pylab_helpers.py::127,0.176436
lib/matplotlib/_pylab_helpers.py::40,0.176436
lib/matplotlib/_pylab_helpers.py::41,0.176436
lib/matplotlib/_pylab_helpers.py::43,0.176436
lib/matplotlib/_pylab_helpers.py::83,0.176436
lib/matplotlib/_pylab_helpers.py::84,0.176436
lib/matplotlib/_pylab_helpers.py::87,0.176436
lib/matplotlib/_pylab_helpers.py::88,0.176436
lib/matplotlib/artist.py::100,0.176436
lib/matplotlib/artist.py::1000,0.176436
lib/matplotlib/artist.py::1001,0.176436
lib/matplotlib/artist.py::1002,0.176436
lib/matplotlib/artist.py::1006,0.176436
lib/matplotlib/artist.py::101,0.176436
lib/matplotlib/artist.py::1017,0.176436
lib/matplotlib/artist.py::1018,0.176436
lib/matplotlib/artist.py::102,0.176436
lib/matplotlib/artist.py::1021,0.176436
lib/matplotlib/artist.py::1022,0.176436
lib/matplotlib/artist.py::103,0.176436
lib/matplotlib/artist.py::1037,0.176436
lib/matplotlib/artist.py::1039,0.176436
lib/matplotlib/artist.py::104,0.176436
lib/matplotlib/artist.py::1040,0.176436
lib/matplotlib/artist.py::1041,0.176436
lib/matplotlib/artist.py::105,0.176436
lib/matplotlib/artist.py::106,0.176436
lib/matplotlib/artist.py::1063,0.176436
lib/matplotlib/artist.py::1088,0.176436
lib/matplotlib/artist.py::1089,0.176436
lib/matplotlib/artist.py::1090,0.176436
lib/matplotlib/artist.py::1091,0.176436
lib/matplotlib/artist.py::1092,0.176436
lib/matplotlib/artist.py::1093,0.176436
lib/matplotlib/artist.py::1094,0.176436
lib/matplotlib/artist.py::1096,0.176436
lib/matplotlib/artist.py::1098,0.176436
lib/matplotlib/artist.py::1099,0.176436
lib/matplotlib/artist.py::1100,0.176436
lib/matplotlib/artist.py::1111,0.176436
lib/matplotlib/artist.py::1113,0.176436
lib/matplotlib/artist.py::1222,0.176436
lib/matplotlib/artist.py::172,0.176436
lib/matplotlib/artist.py::173,0.176436
lib/matplotlib/artist.py::174,0.176436
lib/matplotlib/artist.py::175,0.176436
lib/matplotlib/artist.py::184,0.176436
lib/matplotlib/artist.py::185,0.176436
lib/matplotlib/artist.py::186,0.176436
lib/matplotlib/artist.py::187,0.176436
lib/matplotlib/artist.py::192,0.176436
lib/matplotlib/artist.py::196,0.176436
lib/matplotlib/artist.py::201,0.176436
lib/matplotlib/artist.py::202,0.176436
lib/matplotlib/artist.py::203,0.176436
lib/matplotlib/artist.py::215,0.176436
lib/matplotlib/artist.py::220,0.176436
lib/matplotlib/artist.py::223,0.176436
lib/matplotlib/artist.py::224,0.176436
lib/matplotlib/artist.py::343,0.176436
lib/matplotlib/artist.py::352,0.176436
lib/matplotlib/artist.py::362,0.176436
lib/matplotlib/artist.py::363,0.176436
lib/matplotlib/artist.py::364,0.176436
lib/matplotlib/artist.py::365,0.176436
lib/matplotlib/artist.py::369,0.176436
lib/matplotlib/artist.py::371,0.176436
lib/matplotlib/artist.py::374,0.176436
lib/matplotlib/artist.py::53,0.176436
lib/matplotlib/artist.py::54,0.176436
lib/matplotlib/artist.py::696,0.176436
lib/matplotlib/artist.py::70,0.176436
lib/matplotlib/artist.py::703,0.176436
lib/matplotlib/artist.py::706,0.176436
lib/matplotlib/artist.py::707,0.176436
lib/matplotlib/artist.py::708,0.176436
lib/matplotlib/artist.py::709,0.176436
lib/matplotlib/artist.py::71,0.176436
lib/matplotlib/artist.py::719,0.176436
lib/matplotlib/artist.py::72,0.176436
lib/matplotlib/artist.py::720,0.176436
lib/matplotlib/artist.py::721,0.176436
lib/matplotlib/artist.py::73,0.176436
lib/matplotlib/artist.py::748,0.176436
lib/matplotlib/artist.py::75,0.176436
lib/matplotlib/artist.py::750,0.176436
lib/matplotlib/artist.py::751,0.176436
lib/matplotlib/artist.py::752,0.176436
lib/matplotlib/artist.py::76,0.176436
lib/matplotlib/artist.py::763,0.176436
lib/matplotlib/artist.py::766,0.176436
lib/matplotlib/artist.py::769,0.176436
lib/matplotlib/artist.py::77,0.176436
lib/matplotlib/artist.py::772,0.176436
lib/matplotlib/artist.py::776,0.176436
lib/matplotlib/artist.py::78,0.176436
lib/matplotlib/artist.py::782,0.176436
lib/matplotlib/artist.py::783,0.176436
lib/matplotlib/artist.py::79,0.176436
lib/matplotlib/artist.py::794,0.176436
lib/matplotlib/artist.py::798,0.176436
lib/matplotlib/artist.py::80,0.176436
lib/matplotlib/artist.py::81,0.176436
lib/matplotlib/artist.py::82,0.176436
lib/matplotlib/artist.py::83,0.176436
lib/matplotlib/artist.py::84,0.176436
lib/matplotlib/artist.py::85,0.176436
lib/matplotlib/artist.py::86,0.176436
lib/matplotlib/artist.py::87,0.176436
lib/matplotlib/artist.py::90,0.176436
lib/matplotlib/artist.py::91,0.176436
lib/matplotlib/artist.py::92,0.176436
lib/matplotlib/artist.py::929,0.176436
lib/matplotlib/artist.py::93,0.176436
lib/matplotlib/artist.py::931,0.176436
lib/matplotlib/artist.py::932,0.176436
lib/matplotlib/artist.py::933,0.176436
lib/matplotlib/artist.py::94,0.176436
lib/matplotlib/artist.py::943,0.176436
lib/matplotlib/artist.py::944,0.176436
lib/matplotlib/artist.py::945,0.176436
lib/matplotlib/artist.py::95,0.176436
lib/matplotlib/artist.py::96,0.176436
lib/matplotlib/artist.py::970,0.176436
lib/matplotlib/artist.py::98,0.176436
lib/matplotlib/artist.py::980,0.176436
lib/matplotlib/artist.py::981,0.176436
lib/matplotlib/artist.py::982,0.176436
lib/matplotlib/artist.py::983,0.176436
lib/matplotlib/artist.py::99,0.176436
lib/matplotlib/artist.py::991,0.176436
lib/matplotlib/artist.py::994,0.176436
lib/matplotlib/artist.py::995,0.176436
lib/matplotlib/artist.py::998,0.176436
lib/matplotlib/artist.py::999,0.176436
lib/matplotlib/axes/_base.py::1045,0.176436
lib/matplotlib/axes/_base.py::1048,0.176436
lib/matplotlib/axes/_base.py::1050,0.176436
lib/matplotlib/axes/_base.py::1051,0.176436
lib/matplotlib/axes/_base.py::1053,0.176436
lib/matplotlib/axes/_base.py::1054,0.176436
lib/matplotlib/axes/_base.py::1056,0.176436
lib/matplotlib/axes/_base.py::1057,0.176436
lib/matplotlib/axes/_base.py::1059,0.176436
lib/matplotlib/axes/_base.py::1060,0.176436
lib/matplotlib/axes/_base.py::1062,0.176436
lib/matplotlib/axes/_base.py::1065,0.176436
lib/matplotlib/axes/_base.py::1066,0.176436
lib/matplotlib/axes/_base.py::1067,0.176436
lib/matplotlib/axes/_base.py::1070,0.176436
lib/matplotlib/axes/_base.py::1073,0.176436
lib/matplotlib/axes/_base.py::1074,0.176436
lib/matplotlib/axes/_base.py::1075,0.176436
lib/matplotlib/axes/_base.py::1080,0.176436
lib/matplotlib/axes/_base.py::1082,0.176436
lib/matplotlib/axes/_base.py::1085,0.176436
lib/matplotlib/axes/_base.py::1086,0.176436
lib/matplotlib/axes/_base.py::1087,0.176436
lib/matplotlib/axes/_base.py::1088,0.176436
lib/matplotlib/axes/_base.py::1089,0.176436
lib/matplotlib/axes/_base.py::1090,0.176436
lib/matplotlib/axes/_base.py::1091,0.176436
lib/matplotlib/axes/_base.py::1092,0.176436
lib/matplotlib/axes/_base.py::1093,0.176436
lib/matplotlib/axes/_base.py::1095,0.176436
lib/matplotlib/axes/_base.py::1096,0.176436
lib/matplotlib/axes/_base.py::1098,0.176436
lib/matplotlib/axes/_base.py::1099,0.176436
lib/matplotlib/axes/_base.py::1100,0.176436
lib/matplotlib/axes/_base.py::1101,0.176436
lib/matplotlib/axes/_base.py::1102,0.176436
lib/matplotlib/axes/_base.py::1103,0.176436
lib/matplotlib/axes/_base.py::1104,0.176436
lib/matplotlib/axes/_base.py::1105,0.176436
lib/matplotlib/axes/_base.py::1106,0.176436
lib/matplotlib/axes/_base.py::1107,0.176436
lib/matplotlib/axes/_base.py::1108,0.176436
lib/matplotlib/axes/_base.py::1109,0.176436
lib/matplotlib/axes/_base.py::1110,0.176436
lib/matplotlib/axes/_base.py::1112,0.176436
lib/matplotlib/axes/_base.py::1113,0.176436
lib/matplotlib/axes/_base.py::1114,0.176436
lib/matplotlib/axes/_base.py::1115,0.176436
lib/matplotlib/axes/_base.py::1116,0.176436
lib/matplotlib/axes/_base.py::1117,0.176436
lib/matplotlib/axes/_base.py::1119,0.176436
lib/matplotlib/axes/_base.py::1120,0.176436
lib/matplotlib/axes/_base.py::1126,0.176436
lib/matplotlib/axes/_base.py::1127,0.176436
lib/matplotlib/axes/_base.py::1128,0.176436
lib/matplotlib/axes/_base.py::1129,0.176436
lib/matplotlib/axes/_base.py::1130,0.176436
lib/matplotlib/axes/_base.py::1132,0.176436
lib/matplotlib/axes/_base.py::1133,0.176436
lib/matplotlib/axes/_base.py::1134,0.176436
lib/matplotlib/axes/_base.py::1135,0.176436
lib/matplotlib/axes/_base.py::1136,0.176436
lib/matplotlib/axes/_base.py::1137,0.176436
lib/matplotlib/axes/_base.py::1138,0.176436
lib/matplotlib/axes/_base.py::1139,0.176436
lib/matplotlib/axes/_base.py::1140,0.176436
lib/matplotlib/axes/_base.py::1141,0.176436
lib/matplotlib/axes/_base.py::1143,0.176436
lib/matplotlib/axes/_base.py::1146,0.176436
lib/matplotlib/axes/_base.py::1148,0.176436
lib/matplotlib/axes/_base.py::1149,0.176436
lib/matplotlib/axes/_base.py::1154,0.176436
lib/matplotlib/axes/_base.py::1155,0.176436
lib/matplotlib/axes/_base.py::1156,0.176436
lib/matplotlib/axes/_base.py::1157,0.176436
lib/matplotlib/axes/_base.py::1158,0.176436
lib/matplotlib/axes/_base.py::1159,0.176436
lib/matplotlib/axes/_base.py::1161,0.176436
lib/matplotlib/axes/_base.py::1163,0.176436
lib/matplotlib/axes/_base.py::1164,0.176436
lib/matplotlib/axes/_base.py::1166,0.176436
lib/matplotlib/axes/_base.py::1167,0.176436
lib/matplotlib/axes/_base.py::1168,0.176436
lib/matplotlib/axes/_base.py::1171,0.176436
lib/matplotlib/axes/_base.py::1175,0.176436
lib/matplotlib/axes/_base.py::1202,0.176436
lib/matplotlib/axes/_base.py::1203,0.176436
lib/matplotlib/axes/_base.py::1204,0.176436
lib/matplotlib/axes/_base.py::1205,0.176436
lib/matplotlib/axes/_base.py::1206,0.176436
lib/matplotlib/axes/_base.py::1207,0.176436
lib/matplotlib/axes/_base.py::1336,0.176436
lib/matplotlib/axes/_base.py::1337,0.176436
lib/matplotlib/axes/_base.py::1338,0.176436
lib/matplotlib/axes/_base.py::1339,0.176436
lib/matplotlib/axes/_base.py::1343,0.176436
lib/matplotlib/axes/_base.py::1345,0.176436
lib/matplotlib/axes/_base.py::1349,0.176436
lib/matplotlib/axes/_base.py::1351,0.176436
lib/matplotlib/axes/_base.py::1352,0.176436
lib/matplotlib/axes/_base.py::1354,0.176436
lib/matplotlib/axes/_base.py::1356,0.176436
lib/matplotlib/axes/_base.py::1358,0.176436
lib/matplotlib/axes/_base.py::1360,0.176436
lib/matplotlib/axes/_base.py::1406,0.176436
lib/matplotlib/axes/_base.py::1407,0.176436
lib/matplotlib/axes/_base.py::1411,0.176436
lib/matplotlib/axes/_base.py::1412,0.176436
lib/matplotlib/axes/_base.py::1420,0.176436
lib/matplotlib/axes/_base.py::1421,0.176436
lib/matplotlib/axes/_base.py::1422,0.176436
lib/matplotlib/axes/_base.py::1459,0.176436
lib/matplotlib/axes/_base.py::1460,0.176436
lib/matplotlib/axes/_base.py::1462,0.176436
lib/matplotlib/axes/_base.py::1469,0.176436
lib/matplotlib/axes/_base.py::1470,0.176436
lib/matplotlib/axes/_base.py::1471,0.176436
lib/matplotlib/axes/_base.py::186,0.176436
lib/matplotlib/axes/_base.py::187,0.176436
lib/matplotlib/axes/_base.py::188,0.176436
lib/matplotlib/axes/_base.py::200,0.176436
lib/matplotlib/axes/_base.py::201,0.176436
lib/matplotlib/axes/_base.py::205,0.176436
lib/matplotlib/axes/_base.py::207,0.176436
lib/matplotlib/axes/_base.py::2170,0.176436
lib/matplotlib/axes/_base.py::2172,0.176436
lib/matplotlib/axes/_base.py::2175,0.176436
lib/matplotlib/axes/_base.py::2177,0.176436
lib/matplotlib/axes/_base.py::2178,0.176436
lib/matplotlib/axes/_base.py::2181,0.176436
lib/matplotlib/axes/_base.py::2193,0.176436
lib/matplotlib/axes/_base.py::2195,0.176436
lib/matplotlib/axes/_base.py::2196,0.176436
lib/matplotlib/axes/_base.py::2197,0.176436
lib/matplotlib/axes/_base.py::2591,0.176436
lib/matplotlib/axes/_base.py::2838,0.176436
lib/matplotlib/axes/_base.py::2839,0.176436
lib/matplotlib/axes/_base.py::2841,0.176436
lib/matplotlib/axes/_base.py::2847,0.176436
lib/matplotlib/axes/_base.py::2848,0.176436
lib/matplotlib/axes/_base.py::2849,0.176436
lib/matplotlib/axes/_base.py::2888,0.176436
lib/matplotlib/axes/_base.py::2890,0.176436
lib/matplotlib/axes/_base.py::2891,0.176436
lib/matplotlib/axes/_base.py::2892,0.176436
lib/matplotlib/axes/_base.py::2893,0.176436
lib/matplotlib/axes/_base.py::2894,0.176436
lib/matplotlib/axes/_base.py::3078,0.176436
lib/matplotlib/axes/_base.py::3079,0.176436
lib/matplotlib/axes/_base.py::3080,0.176436
lib/matplotlib/axes/_base.py::3081,0.176436
lib/matplotlib/axes/_base.py::3082,0.176436
lib/matplotlib/axes/_base.py::3083,0.176436
lib/matplotlib/axes/_base.py::3084,0.176436
lib/matplotlib/axes/_base.py::3085,0.176436
lib/matplotlib/axes/_base.py::3086,0.176436
lib/matplotlib/axes/_base.py::3087,0.176436
lib/matplotlib/axes/_base.py::3088,0.176436
lib/matplotlib/axes/_base.py::3089,0.176436
lib/matplotlib/axes/_base.py::3090,0.176436
lib/matplotlib/axes/_base.py::3091,0.176436
lib/matplotlib/axes/_base.py::3092,0.176436
lib/matplotlib/axes/_base.py::3109,0.176436
lib/matplotlib/axes/_base.py::3110,0.176436
lib/matplotlib/axes/_base.py::3209,0.176436
lib/matplotlib/axes/_base.py::3210,0.176436
lib/matplotlib/axes/_base.py::3211,0.176436
lib/matplotlib/axes/_base.py::3212,0.176436
lib/matplotlib/axes/_base.py::3214,0.176436
lib/matplotlib/axes/_base.py::3284,0.176436
lib/matplotlib/axes/_base.py::3286,0.176436
lib/matplotlib/axes/_base.py::3290,0.176436
lib/matplotlib/axes/_base.py::3295,0.176436
lib/matplotlib/axes/_base.py::3296,0.176436
lib/matplotlib/axes/_base.py::3297,0.176436
lib/matplotlib/axes/_base.py::3299,0.176436
lib/matplotlib/axes/_base.py::3308,0.176436
lib/matplotlib/axes/_base.py::3324,0.176436
lib/matplotlib/axes/_base.py::3328,0.176436
lib/matplotlib/axes/_base.py::3329,0.176436
lib/matplotlib/axes/_base.py::3330,0.176436
lib/matplotlib/axes/_base.py::3332,0.176436
lib/matplotlib/axes/_base.py::3334,0.176436
lib/matplotlib/axes/_base.py::3335,0.176436
lib/matplotlib/axes/_base.py::3336,0.176436
lib/matplotlib/axes/_base.py::3338,0.176436
lib/matplotlib/axes/_base.py::3339,0.176436
lib/matplotlib/axes/_base.py::3341,0.176436
lib/matplotlib/axes/_base.py::3342,0.176436
lib/matplotlib/axes/_base.py::3347,0.176436
lib/matplotlib/axes/_base.py::3348,0.176436
lib/matplotlib/axes/_base.py::3552,0.176436
lib/matplotlib/axes/_base.py::3554,0.176436
lib/matplotlib/axes/_base.py::3558,0.176436
lib/matplotlib/axes/_base.py::3563,0.176436
lib/matplotlib/axes/_base.py::3564,0.176436
lib/matplotlib/axes/_base.py::3565,0.176436
lib/matplotlib/axes/_base.py::3567,0.176436
lib/matplotlib/axes/_base.py::3576,0.176436
lib/matplotlib/axes/_base.py::3592,0.176436
lib/matplotlib/axes/_base.py::3597,0.176436
lib/matplotlib/axes/_base.py::3598,0.176436
lib/matplotlib/axes/_base.py::3599,0.176436
lib/matplotlib/axes/_base.py::3601,0.176436
lib/matplotlib/axes/_base.py::3603,0.176436
lib/matplotlib/axes/_base.py::3604,0.176436
lib/matplotlib/axes/_base.py::3605,0.176436
lib/matplotlib/axes/_base.py::3607,0.176436
lib/matplotlib/axes/_base.py::3608,0.176436
lib/matplotlib/axes/_base.py::3610,0.176436
lib/matplotlib/axes/_base.py::3611,0.176436
lib/matplotlib/axes/_base.py::3616,0.176436
lib/matplotlib/axes/_base.py::3617,0.176436
lib/matplotlib/axes/_base.py::3756,0.176436
lib/matplotlib/axes/_base.py::3772,0.176436
lib/matplotlib/axes/_base.py::476,0.176436
lib/matplotlib/axes/_base.py::477,0.176436
lib/matplotlib/axes/_base.py::481,0.176436
lib/matplotlib/axes/_base.py::483,0.176436
lib/matplotlib/axes/_base.py::484,0.176436
lib/matplotlib/axes/_base.py::485,0.176436
lib/matplotlib/axes/_base.py::486,0.176436
lib/matplotlib/axes/_base.py::487,0.176436
lib/matplotlib/axes/_base.py::488,0.176436
lib/matplotlib/axes/_base.py::489,0.176436
lib/matplotlib/axes/_base.py::490,0.176436
lib/matplotlib/axes/_base.py::491,0.176436
lib/matplotlib/axes/_base.py::492,0.176436
lib/matplotlib/axes/_base.py::493,0.176436
lib/matplotlib/axes/_base.py::494,0.176436
lib/matplotlib/axes/_base.py::495,0.176436
lib/matplotlib/axes/_base.py::497,0.176436
lib/matplotlib/axes/_base.py::500,0.176436
lib/matplotlib/axes/_base.py::501,0.176436
lib/matplotlib/axes/_base.py::502,0.176436
lib/matplotlib/axes/_base.py::503,0.176436
lib/matplotlib/axes/_base.py::504,0.176436
lib/matplotlib/axes/_base.py::505,0.176436
lib/matplotlib/axes/_base.py::507,0.176436
lib/matplotlib/axes/_base.py::508,0.176436
lib/matplotlib/axes/_base.py::510,0.176436
lib/matplotlib/axes/_base.py::512,0.176436
lib/matplotlib/axes/_base.py::516,0.176436
lib/matplotlib/axes/_base.py::517,0.176436
lib/matplotlib/axes/_base.py::519,0.176436
lib/matplotlib/axes/_base.py::520,0.176436
lib/matplotlib/axes/_base.py::522,0.176436
lib/matplotlib/axes/_base.py::524,0.176436
lib/matplotlib/axes/_base.py::527,0.176436
lib/matplotlib/axes/_base.py::529,0.176436
lib/matplotlib/axes/_base.py::530,0.176436
lib/matplotlib/axes/_base.py::531,0.176436
lib/matplotlib/axes/_base.py::533,0.176436
lib/matplotlib/axes/_base.py::534,0.176436
lib/matplotlib/axes/_base.py::535,0.176436
lib/matplotlib/axes/_base.py::537,0.176436
lib/matplotlib/axes/_base.py::538,0.176436
lib/matplotlib/axes/_base.py::539,0.176436
lib/matplotlib/axes/_base.py::540,0.176436
lib/matplotlib/axes/_base.py::541,0.176436
lib/matplotlib/axes/_base.py::543,0.176436
lib/matplotlib/axes/_base.py::544,0.176436
lib/matplotlib/axes/_base.py::545,0.176436
lib/matplotlib/axes/_base.py::546,0.176436
lib/matplotlib/axes/_base.py::547,0.176436
lib/matplotlib/axes/_base.py::548,0.176436
lib/matplotlib/axes/_base.py::549,0.176436
lib/matplotlib/axes/_base.py::551,0.176436
lib/matplotlib/axes/_base.py::553,0.176436
lib/matplotlib/axes/_base.py::554,0.176436
lib/matplotlib/axes/_base.py::555,0.176436
lib/matplotlib/axes/_base.py::556,0.176436
lib/matplotlib/axes/_base.py::558,0.176436
lib/matplotlib/axes/_base.py::559,0.176436
lib/matplotlib/axes/_base.py::560,0.176436
lib/matplotlib/axes/_base.py::561,0.176436
lib/matplotlib/axes/_base.py::562,0.176436
lib/matplotlib/axes/_base.py::563,0.176436
lib/matplotlib/axes/_base.py::564,0.176436
lib/matplotlib/axes/_base.py::566,0.176436
lib/matplotlib/axes/_base.py::568,0.176436
lib/matplotlib/axes/_base.py::569,0.176436
lib/matplotlib/axes/_base.py::625,0.176436
lib/matplotlib/axes/_base.py::627,0.176436
lib/matplotlib/axes/_base.py::628,0.176436
lib/matplotlib/axes/_base.py::63,0.176436
lib/matplotlib/axes/_base.py::630,0.176436
lib/matplotlib/axes/_base.py::631,0.176436
lib/matplotlib/axes/_base.py::632,0.176436
lib/matplotlib/axes/_base.py::633,0.176436
lib/matplotlib/axes/_base.py::635,0.176436
lib/matplotlib/axes/_base.py::640,0.176436
lib/matplotlib/axes/_base.py::641,0.176436
lib/matplotlib/axes/_base.py::642,0.176436
lib/matplotlib/axes/_base.py::643,0.176436
lib/matplotlib/axes/_base.py::644,0.176436
lib/matplotlib/axes/_base.py::653,0.176436
lib/matplotlib/axes/_base.py::654,0.176436
lib/matplotlib/axes/_base.py::855,0.176436
lib/matplotlib/axes/_base.py::856,0.176436
lib/matplotlib/axes/_base.py::857,0.176436
lib/matplotlib/axes/_base.py::858,0.176436
lib/matplotlib/axes/_base.py::959,0.176436
lib/matplotlib/axes/_base.py::960,0.176436
lib/matplotlib/axes/_base.py::963,0.176436
lib/matplotlib/axes/_base.py::964,0.176436
lib/matplotlib/axis.py::100,0.176436
lib/matplotlib/axis.py::102,0.176436
lib/matplotlib/axis.py::103,0.176436
lib/matplotlib/axis.py::105,0.176436
lib/matplotlib/axis.py::107,0.176436
lib/matplotlib/axis.py::108,0.176436
lib/matplotlib/axis.py::109,0.176436
lib/matplotlib/axis.py::111,0.176436
lib/matplotlib/axis.py::112,0.176436
lib/matplotlib/axis.py::113,0.176436
lib/matplotlib/axis.py::115,0.176436
lib/matplotlib/axis.py::116,0.176436
lib/matplotlib/axis.py::118,0.176436
lib/matplotlib/axis.py::119,0.176436
lib/matplotlib/axis.py::120,0.176436
lib/matplotlib/axis.py::122,0.176436
lib/matplotlib/axis.py::123,0.176436
lib/matplotlib/axis.py::125,0.176436
lib/matplotlib/axis.py::126,0.176436
lib/matplotlib/axis.py::128,0.176436
lib/matplotlib/axis.py::130,0.176436
lib/matplotlib/axis.py::131,0.176436
lib/matplotlib/axis.py::132,0.176436
lib/matplotlib/axis.py::1336,0.176436
lib/matplotlib/axis.py::134,0.176436
lib/matplotlib/axis.py::135,0.176436
lib/matplotlib/axis.py::137,0.176436
lib/matplotlib/axis.py::138,0.176436
lib/matplotlib/axis.py::139,0.176436
lib/matplotlib/axis.py::140,0.176436
lib/matplotlib/axis.py::1400,0.176436
lib/matplotlib/axis.py::1406,0.176436
lib/matplotlib/axis.py::1407,0.176436
lib/matplotlib/axis.py::1408,0.176436
lib/matplotlib/axis.py::141,0.176436
lib/matplotlib/axis.py::1410,0.176436
lib/matplotlib/axis.py::1417,0.176436
lib/matplotlib/axis.py::1418,0.176436
lib/matplotlib/axis.py::142,0.176436
lib/matplotlib/axis.py::1421,0.176436
lib/matplotlib/axis.py::1422,0.176436
lib/matplotlib/axis.py::1423,0.176436
lib/matplotlib/axis.py::1424,0.176436
lib/matplotlib/axis.py::143,0.176436
lib/matplotlib/axis.py::1432,0.176436
lib/matplotlib/axis.py::1433,0.176436
lib/matplotlib/axis.py::1434,0.176436
lib/matplotlib/axis.py::144,0.176436
lib/matplotlib/axis.py::145,0.176436
lib/matplotlib/axis.py::147,0.176436
lib/matplotlib/axis.py::1482,0.176436
lib/matplotlib/axis.py::1486,0.176436
lib/matplotlib/axis.py::1487,0.176436
lib/matplotlib/axis.py::149,0.176436
lib/matplotlib/axis.py::150,0.176436
lib/matplotlib/axis.py::1509,0.176436
lib/matplotlib/axis.py::151,0.176436
lib/matplotlib/axis.py::1510,0.176436
lib/matplotlib/axis.py::152,0.176436
lib/matplotlib/axis.py::154,0.176436
lib/matplotlib/axis.py::155,0.176436
lib/matplotlib/axis.py::156,0.176436
lib/matplotlib/axis.py::1566,0.176436
lib/matplotlib/axis.py::157,0.176436
lib/matplotlib/axis.py::1580,0.176436
lib/matplotlib/axis.py::1583,0.176436
lib/matplotlib/axis.py::1587,0.176436
lib/matplotlib/axis.py::1588,0.176436
lib/matplotlib/axis.py::159,0.176436
lib/matplotlib/axis.py::1591,0.176436
lib/matplotlib/axis.py::1593,0.176436
lib/matplotlib/axis.py::1599,0.176436
lib/matplotlib/axis.py::160,0.176436
lib/matplotlib/axis.py::1600,0.176436
lib/matplotlib/axis.py::1602,0.176436
lib/matplotlib/axis.py::1604,0.176436
lib/matplotlib/axis.py::1605,0.176436
lib/matplotlib/axis.py::1606,0.176436
lib/matplotlib/axis.py::161,0.176436
lib/matplotlib/axis.py::1616,0.176436
lib/matplotlib/axis.py::1617,0.176436
lib/matplotlib/axis.py::1618,0.176436
lib/matplotlib/axis.py::1619,0.176436
lib/matplotlib/axis.py::162,0.176436
lib/matplotlib/axis.py::1620,0.176436
lib/matplotlib/axis.py::1621,0.176436
lib/matplotlib/axis.py::1622,0.176436
lib/matplotlib/axis.py::163,0.176436
lib/matplotlib/axis.py::1632,0.176436
lib/matplotlib/axis.py::1633,0.176436
lib/matplotlib/axis.py::1634,0.176436
lib/matplotlib/axis.py::1635,0.176436
lib/matplotlib/axis.py::1636,0.176436
lib/matplotlib/axis.py::1637,0.176436
lib/matplotlib/axis.py::1638,0.176436
lib/matplotlib/axis.py::166,0.176436
lib/matplotlib/axis.py::167,0.176436
lib/matplotlib/axis.py::168,0.176436
lib/matplotlib/axis.py::169,0.176436
lib/matplotlib/axis.py::170,0.176436
lib/matplotlib/axis.py::171,0.176436
lib/matplotlib/axis.py::172,0.176436
lib/matplotlib/axis.py::173,0.176436
lib/matplotlib/axis.py::177,0.176436
lib/matplotlib/axis.py::178,0.176436
lib/matplotlib/axis.py::179,0.176436
lib/matplotlib/axis.py::183,0.176436
lib/matplotlib/axis.py::185,0.176436
lib/matplotlib/axis.py::186,0.176436
lib/matplotlib/axis.py::187,0.176436
lib/matplotlib/axis.py::189,0.176436
lib/matplotlib/axis.py::1943,0.176436
lib/matplotlib/axis.py::1946,0.176436
lib/matplotlib/axis.py::1947,0.176436
lib/matplotlib/axis.py::1948,0.176436
lib/matplotlib/axis.py::1949,0.176436
lib/matplotlib/axis.py::1950,0.176436
lib/matplotlib/axis.py::1952,0.176436
lib/matplotlib/axis.py::1953,0.176436
lib/matplotlib/axis.py::1954,0.176436
lib/matplotlib/axis.py::1955,0.176436
lib/matplotlib/axis.py::1956,0.176436
lib/matplotlib/axis.py::1957,0.176436
lib/matplotlib/axis.py::1958,0.176436
lib/matplotlib/axis.py::1959,0.176436
lib/matplotlib/axis.py::1961,0.176436
lib/matplotlib/axis.py::197,0.176436
lib/matplotlib/axis.py::200,0.176436
lib/matplotlib/axis.py::203,0.176436
lib/matplotlib/axis.py::204,0.176436
lib/matplotlib/axis.py::205,0.176436
lib/matplotlib/axis.py::206,0.176436
lib/matplotlib/axis.py::217,0.176436
lib/matplotlib/axis.py::218,0.176436
lib/matplotlib/axis.py::2188,0.176436
lib/matplotlib/axis.py::219,0.176436
lib/matplotlib/axis.py::221,0.176436
lib/matplotlib/axis.py::2232,0.176436
lib/matplotlib/axis.py::2235,0.176436
lib/matplotlib/axis.py::2236,0.176436
lib/matplotlib/axis.py::2237,0.176436
lib/matplotlib/axis.py::2238,0.176436
lib/matplotlib/axis.py::2239,0.176436
lib/matplotlib/axis.py::2240,0.176436
lib/matplotlib/axis.py::2242,0.176436
lib/matplotlib/axis.py::2244,0.176436
lib/matplotlib/axis.py::2245,0.176436
lib/matplotlib/axis.py::2246,0.176436
lib/matplotlib/axis.py::2247,0.176436
lib/matplotlib/axis.py::2248,0.176436
lib/matplotlib/axis.py::2249,0.176436
lib/matplotlib/axis.py::2250,0.176436
lib/matplotlib/axis.py::2252,0.176436
lib/matplotlib/axis.py::230,0.176436
lib/matplotlib/axis.py::231,0.176436
lib/matplotlib/axis.py::232,0.176436
lib/matplotlib/axis.py::2474,0.176436
lib/matplotlib/axis.py::320,0.176436
lib/matplotlib/axis.py::329,0.176436
lib/matplotlib/axis.py::330,0.176436
lib/matplotlib/axis.py::331,0.176436
lib/matplotlib/axis.py::332,0.176436
lib/matplotlib/axis.py::333,0.176436
lib/matplotlib/axis.py::334,0.176436
lib/matplotlib/axis.py::335,0.176436
lib/matplotlib/axis.py::336,0.176436
lib/matplotlib/axis.py::355,0.176436
lib/matplotlib/axis.py::356,0.176436
lib/matplotlib/axis.py::358,0.176436
lib/matplotlib/axis.py::359,0.176436
lib/matplotlib/axis.py::360,0.176436
lib/matplotlib/axis.py::363,0.176436
lib/matplotlib/axis.py::368,0.176436
lib/matplotlib/axis.py::370,0.176436
lib/matplotlib/axis.py::371,0.176436
lib/matplotlib/axis.py::372,0.176436
lib/matplotlib/axis.py::379,0.176436
lib/matplotlib/axis.py::381,0.176436
lib/matplotlib/axis.py::382,0.176436
lib/matplotlib/axis.py::404,0.176436
lib/matplotlib/axis.py::406,0.176436
lib/matplotlib/axis.py::407,0.176436
lib/matplotlib/axis.py::408,0.176436
lib/matplotlib/axis.py::409,0.176436
lib/matplotlib/axis.py::411,0.176436
lib/matplotlib/axis.py::412,0.176436
lib/matplotlib/axis.py::413,0.176436
lib/matplotlib/axis.py::414,0.176436
lib/matplotlib/axis.py::416,0.176436
lib/matplotlib/axis.py::417,0.176436
lib/matplotlib/axis.py::418,0.176436
lib/matplotlib/axis.py::421,0.176436
lib/matplotlib/axis.py::422,0.176436
lib/matplotlib/axis.py::423,0.176436
lib/matplotlib/axis.py::424,0.176436
lib/matplotlib/axis.py::426,0.176436
lib/matplotlib/axis.py::427,0.176436
lib/matplotlib/axis.py::428,0.176436
lib/matplotlib/axis.py::429,0.176436
lib/matplotlib/axis.py::433,0.176436
lib/matplotlib/axis.py::436,0.176436
lib/matplotlib/axis.py::440,0.176436
lib/matplotlib/axis.py::441,0.176436
lib/matplotlib/axis.py::442,0.176436
lib/matplotlib/axis.py::443,0.176436
lib/matplotlib/axis.py::445,0.176436
lib/matplotlib/axis.py::451,0.176436
lib/matplotlib/axis.py::452,0.176436
lib/matplotlib/axis.py::456,0.176436
lib/matplotlib/axis.py::457,0.176436
lib/matplotlib/axis.py::458,0.176436
lib/matplotlib/axis.py::459,0.176436
lib/matplotlib/axis.py::460,0.176436
lib/matplotlib/axis.py::461,0.176436
lib/matplotlib/axis.py::462,0.176436
lib/matplotlib/axis.py::477,0.176436
lib/matplotlib/axis.py::479,0.176436
lib/matplotlib/axis.py::480,0.176436
lib/matplotlib/axis.py::481,0.176436
lib/matplotlib/axis.py::482,0.176436
lib/matplotlib/axis.py::484,0.176436
lib/matplotlib/axis.py::485,0.176436
lib/matplotlib/axis.py::486,0.176436
lib/matplotlib/axis.py::487,0.176436
lib/matplotlib/axis.py::489,0.176436
lib/matplotlib/axis.py::490,0.176436
lib/matplotlib/axis.py::491,0.176436
lib/matplotlib/axis.py::494,0.176436
lib/matplotlib/axis.py::495,0.176436
lib/matplotlib/axis.py::496,0.176436
lib/matplotlib/axis.py::497,0.176436
lib/matplotlib/axis.py::499,0.176436
lib/matplotlib/axis.py::500,0.176436
lib/matplotlib/axis.py::501,0.176436
lib/matplotlib/axis.py::502,0.176436
lib/matplotlib/axis.py::506,0.176436
lib/matplotlib/axis.py::509,0.176436
lib/matplotlib/axis.py::512,0.176436
lib/matplotlib/axis.py::513,0.176436
lib/matplotlib/axis.py::514,0.176436
lib/matplotlib/axis.py::516,0.176436
lib/matplotlib/axis.py::522,0.176436
lib/matplotlib/axis.py::523,0.176436
lib/matplotlib/axis.py::527,0.176436
lib/matplotlib/axis.py::528,0.176436
lib/matplotlib/axis.py::529,0.176436
lib/matplotlib/axis.py::530,0.176436
lib/matplotlib/axis.py::531,0.176436
lib/matplotlib/axis.py::532,0.176436
lib/matplotlib/axis.py::533,0.176436
lib/matplotlib/axis.py::553,0.176436
lib/matplotlib/axis.py::554,0.176436
lib/matplotlib/axis.py::558,0.176436
lib/matplotlib/axis.py::562,0.176436
lib/matplotlib/axis.py::567,0.176436
lib/matplotlib/axis.py::571,0.176436
lib/matplotlib/axis.py::575,0.176436
lib/matplotlib/axis.py::580,0.176436
lib/matplotlib/axis.py::595,0.176436
lib/matplotlib/axis.py::603,0.176436
lib/matplotlib/axis.py::604,0.176436
lib/matplotlib/axis.py::605,0.176436
lib/matplotlib/axis.py::606,0.176436
lib/matplotlib/axis.py::607,0.176436
lib/matplotlib/axis.py::609,0.176436
lib/matplotlib/axis.py::610,0.176436
lib/matplotlib/axis.py::611,0.176436
lib/matplotlib/axis.py::612,0.176436
lib/matplotlib/axis.py::661,0.176436
lib/matplotlib/axis.py::662,0.176436
lib/matplotlib/axis.py::664,0.176436
lib/matplotlib/axis.py::666,0.176436
lib/matplotlib/axis.py::668,0.176436
lib/matplotlib/axis.py::669,0.176436
lib/matplotlib/axis.py::670,0.176436
lib/matplotlib/axis.py::671,0.176436
lib/matplotlib/axis.py::673,0.176436
lib/matplotlib/axis.py::674,0.176436
lib/matplotlib/axis.py::676,0.176436
lib/matplotlib/axis.py::677,0.176436
lib/matplotlib/axis.py::678,0.176436
lib/matplotlib/axis.py::679,0.176436
lib/matplotlib/axis.py::680,0.176436
lib/matplotlib/axis.py::682,0.176436
lib/matplotlib/axis.py::683,0.176436
lib/matplotlib/axis.py::684,0.176436
lib/matplotlib/axis.py::686,0.176436
lib/matplotlib/axis.py::688,0.176436
lib/matplotlib/axis.py::691,0.176436
lib/matplotlib/axis.py::692,0.176436
lib/matplotlib/axis.py::694,0.176436
lib/matplotlib/axis.py::695,0.176436
lib/matplotlib/axis.py::735,0.176436
lib/matplotlib/axis.py::739,0.176436
lib/matplotlib/axis.py::742,0.176436
lib/matplotlib/axis.py::743,0.176436
lib/matplotlib/axis.py::745,0.176436
lib/matplotlib/axis.py::746,0.176436
lib/matplotlib/axis.py::747,0.176436
lib/matplotlib/axis.py::748,0.176436
lib/matplotlib/axis.py::751,0.176436
lib/matplotlib/axis.py::760,0.176436
lib/matplotlib/axis.py::762,0.176436
lib/matplotlib/axis.py::765,0.176436
lib/matplotlib/axis.py::769,0.176436
lib/matplotlib/axis.py::772,0.176436
lib/matplotlib/axis.py::775,0.176436
lib/matplotlib/axis.py::777,0.176436
lib/matplotlib/axis.py::778,0.176436
lib/matplotlib/axis.py::779,0.176436
lib/matplotlib/axis.py::780,0.176436
lib/matplotlib/axis.py::789,0.176436
lib/matplotlib/axis.py::790,0.176436
lib/matplotlib/axis.py::791,0.176436
lib/matplotlib/axis.py::792,0.176436
lib/matplotlib/axis.py::793,0.176436
lib/matplotlib/axis.py::794,0.176436
lib/matplotlib/axis.py::795,0.176436
lib/matplotlib/axis.py::796,0.176436
lib/matplotlib/axis.py::797,0.176436
lib/matplotlib/axis.py::798,0.176436
lib/matplotlib/axis.py::799,0.176436
lib/matplotlib/axis.py::800,0.176436
lib/matplotlib/axis.py::809,0.176436
lib/matplotlib/axis.py::810,0.176436
lib/matplotlib/axis.py::814,0.176436
lib/matplotlib/axis.py::823,0.176436
lib/matplotlib/axis.py::824,0.176436
lib/matplotlib/axis.py::825,0.176436
lib/matplotlib/axis.py::826,0.176436
lib/matplotlib/axis.py::827,0.176436
lib/matplotlib/axis.py::828,0.176436
lib/matplotlib/axis.py::829,0.176436
lib/matplotlib/axis.py::830,0.176436
lib/matplotlib/axis.py::832,0.176436
lib/matplotlib/axis.py::833,0.176436
lib/matplotlib/axis.py::834,0.176436
lib/matplotlib/axis.py::835,0.176436
lib/matplotlib/axis.py::836,0.176436
lib/matplotlib/axis.py::839,0.176436
lib/matplotlib/axis.py::844,0.176436
lib/matplotlib/axis.py::845,0.176436
lib/matplotlib/axis.py::846,0.176436
lib/matplotlib/axis.py::847,0.176436
lib/matplotlib/axis.py::848,0.176436
lib/matplotlib/axis.py::849,0.176436
lib/matplotlib/axis.py::85,0.176436
lib/matplotlib/axis.py::850,0.176436
lib/matplotlib/axis.py::851,0.176436
lib/matplotlib/axis.py::853,0.176436
lib/matplotlib/axis.py::855,0.176436
lib/matplotlib/axis.py::857,0.176436
lib/matplotlib/axis.py::858,0.176436
lib/matplotlib/axis.py::859,0.176436
lib/matplotlib/axis.py::860,0.176436
lib/matplotlib/axis.py::861,0.176436
lib/matplotlib/axis.py::862,0.176436
lib/matplotlib/axis.py::863,0.176436
lib/matplotlib/axis.py::864,0.176436
lib/matplotlib/axis.py::865,0.176436
lib/matplotlib/axis.py::866,0.176436
lib/matplotlib/axis.py::867,0.176436
lib/matplotlib/axis.py::868,0.176436
lib/matplotlib/axis.py::869,0.176436
lib/matplotlib/axis.py::87,0.176436
lib/matplotlib/axis.py::870,0.176436
lib/matplotlib/axis.py::871,0.176436
lib/matplotlib/axis.py::872,0.176436
lib/matplotlib/axis.py::873,0.176436
lib/matplotlib/axis.py::878,0.176436
lib/matplotlib/axis.py::879,0.176436
lib/matplotlib/axis.py::88,0.176436
lib/matplotlib/axis.py::883,0.176436
lib/matplotlib/axis.py::884,0.176436
lib/matplotlib/axis.py::887,0.176436
lib/matplotlib/axis.py::888,0.176436
lib/matplotlib/axis.py::889,0.176436
lib/matplotlib/axis.py::890,0.176436
lib/matplotlib/axis.py::91,0.176436
lib/matplotlib/axis.py::92,0.176436
lib/matplotlib/axis.py::95,0.176436
lib/matplotlib/axis.py::968,0.176436
lib/matplotlib/axis.py::97,0.176436
lib/matplotlib/axis.py::970,0.176436
lib/matplotlib/axis.py::98,0.176436
lib/matplotlib/backend_bases.py::1595,0.176436
lib/matplotlib/backend_bases.py::1596,0.176436
lib/matplotlib/backend_bases.py::1597,0.176436
lib/matplotlib/backend_bases.py::1598,0.176436
lib/matplotlib/backend_bases.py::1599,0.176436
lib/matplotlib/backend_bases.py::1600,0.176436
lib/matplotlib/backend_bases.py::1602,0.176436
lib/matplotlib/backend_bases.py::1603,0.176436
lib/matplotlib/backend_bases.py::1604,0.176436
lib/matplotlib/backend_bases.py::1605,0.176436
lib/matplotlib/backend_bases.py::1606,0.176436
lib/matplotlib/backend_bases.py::1607,0.176436
lib/matplotlib/backend_bases.py::1608,0.176436
lib/matplotlib/backend_bases.py::1609,0.176436
lib/matplotlib/backend_bases.py::1610,0.176436
lib/matplotlib/backend_bases.py::1611,0.176436
lib/matplotlib/backend_bases.py::2234,0.176436
lib/matplotlib/backend_bases.py::2248,0.176436
lib/matplotlib/backend_bases.py::2592,0.176436
lib/matplotlib/backend_bases.py::2593,0.176436
lib/matplotlib/backend_bases.py::2594,0.176436
lib/matplotlib/backend_bases.py::2596,0.176436
lib/matplotlib/backend_bases.py::2597,0.176436
lib/matplotlib/backend_bases.py::2598,0.176436
lib/matplotlib/backend_bases.py::2599,0.176436
lib/matplotlib/backend_bases.py::2600,0.176436
lib/matplotlib/backend_bases.py::2601,0.176436
lib/matplotlib/backend_bases.py::2602,0.176436
lib/matplotlib/backend_bases.py::2603,0.176436
lib/matplotlib/backend_bases.py::2604,0.176436
lib/matplotlib/backend_bases.py::2607,0.176436
lib/matplotlib/backend_bases.py::2608,0.176436
lib/matplotlib/backend_bases.py::2609,0.176436
lib/matplotlib/backend_bases.py::2611,0.176436
lib/matplotlib/backend_bases.py::2614,0.176436
lib/matplotlib/backend_bases.py::2631,0.176436
lib/matplotlib/backend_bases.py::3370,0.176436
lib/matplotlib/backend_bases.py::3371,0.176436
lib/matplotlib/backend_bases.py::3372,0.176436
lib/matplotlib/backend_bases.py::3373,0.176436
lib/matplotlib/backend_bases.py::3378,0.176436
lib/matplotlib/backend_bases.py::3379,0.176436
lib/matplotlib/backend_bases.py::3380,0.176436
lib/matplotlib/backend_bases.py::3384,0.176436
lib/matplotlib/cbook/__init__.py::101,0.176436
lib/matplotlib/cbook/__init__.py::1256,0.176436
lib/matplotlib/cbook/__init__.py::1257,0.176436
lib/matplotlib/cbook/__init__.py::1258,0.176436
lib/matplotlib/cbook/__init__.py::1259,0.176436
lib/matplotlib/cbook/__init__.py::1267,0.176436
lib/matplotlib/cbook/__init__.py::1270,0.176436
lib/matplotlib/cbook/__init__.py::1549,0.176436
lib/matplotlib/cbook/__init__.py::159,0.176436
lib/matplotlib/cbook/__init__.py::1591,0.176436
lib/matplotlib/cbook/__init__.py::160,0.176436
lib/matplotlib/cbook/__init__.py::1603,0.176436
lib/matplotlib/cbook/__init__.py::161,0.176436
lib/matplotlib/cbook/__init__.py::162,0.176436
lib/matplotlib/cbook/__init__.py::1665,0.176436
lib/matplotlib/cbook/__init__.py::1668,0.176436
lib/matplotlib/cbook/__init__.py::1670,0.176436
lib/matplotlib/cbook/__init__.py::1671,0.176436
lib/matplotlib/cbook/__init__.py::1672,0.176436
lib/matplotlib/cbook/__init__.py::1674,0.176436
lib/matplotlib/cbook/__init__.py::1675,0.176436
lib/matplotlib/cbook/__init__.py::1676,0.176436
lib/matplotlib/cbook/__init__.py::1677,0.176436
lib/matplotlib/cbook/__init__.py::1678,0.176436
lib/matplotlib/cbook/__init__.py::1680,0.176436
lib/matplotlib/cbook/__init__.py::1681,0.176436
lib/matplotlib/cbook/__init__.py::1682,0.176436
lib/matplotlib/cbook/__init__.py::1685,0.176436
lib/matplotlib/cbook/__init__.py::1686,0.176436
lib/matplotlib/cbook/__init__.py::1688,0.176436
lib/matplotlib/cbook/__init__.py::1689,0.176436
lib/matplotlib/cbook/__init__.py::1693,0.176436
lib/matplotlib/cbook/__init__.py::1694,0.176436
lib/matplotlib/cbook/__init__.py::1698,0.176436
lib/matplotlib/cbook/__init__.py::170,0.176436
lib/matplotlib/cbook/__init__.py::1707,0.176436
lib/matplotlib/cbook/__init__.py::171,0.176436
lib/matplotlib/cbook/__init__.py::172,0.176436
lib/matplotlib/cbook/__init__.py::173,0.176436
lib/matplotlib/cbook/__init__.py::174,0.176436
lib/matplotlib/cbook/__init__.py::175,0.176436
lib/matplotlib/cbook/__init__.py::1770,0.176436
lib/matplotlib/cbook/__init__.py::178,0.176436
lib/matplotlib/cbook/__init__.py::179,0.176436
lib/matplotlib/cbook/__init__.py::180,0.176436
lib/matplotlib/cbook/__init__.py::1808,0.176436
lib/matplotlib/cbook/__init__.py::181,0.176436
lib/matplotlib/cbook/__init__.py::182,0.176436
lib/matplotlib/cbook/__init__.py::187,0.176436
lib/matplotlib/cbook/__init__.py::190,0.176436
lib/matplotlib/cbook/__init__.py::191,0.176436
lib/matplotlib/cbook/__init__.py::192,0.176436
lib/matplotlib/cbook/__init__.py::193,0.176436
lib/matplotlib/cbook/__init__.py::194,0.176436
lib/matplotlib/cbook/__init__.py::195,0.176436
lib/matplotlib/cbook/__init__.py::196,0.176436
lib/matplotlib/cbook/__init__.py::197,0.176436
lib/matplotlib/cbook/__init__.py::1984,0.176436
lib/matplotlib/cbook/__init__.py::1985,0.176436
lib/matplotlib/cbook/__init__.py::1986,0.176436
lib/matplotlib/cbook/__init__.py::1987,0.176436
lib/matplotlib/cbook/__init__.py::1988,0.176436
lib/matplotlib/cbook/__init__.py::1989,0.176436
lib/matplotlib/cbook/__init__.py::1991,0.176436
lib/matplotlib/cbook/__init__.py::1992,0.176436
lib/matplotlib/cbook/__init__.py::1995,0.176436
lib/matplotlib/cbook/__init__.py::2007,0.176436
lib/matplotlib/cbook/__init__.py::2008,0.176436
lib/matplotlib/cbook/__init__.py::2009,0.176436
lib/matplotlib/cbook/__init__.py::201,0.176436
lib/matplotlib/cbook/__init__.py::2012,0.176436
lib/matplotlib/cbook/__init__.py::2014,0.176436
lib/matplotlib/cbook/__init__.py::2015,0.176436
lib/matplotlib/cbook/__init__.py::2016,0.176436
lib/matplotlib/cbook/__init__.py::2017,0.176436
lib/matplotlib/cbook/__init__.py::202,0.176436
lib/matplotlib/cbook/__init__.py::2022,0.176436
lib/matplotlib/cbook/__init__.py::203,0.176436
lib/matplotlib/cbook/__init__.py::207,0.176436
lib/matplotlib/cbook/__init__.py::208,0.176436
lib/matplotlib/cbook/__init__.py::209,0.176436
lib/matplotlib/cbook/__init__.py::210,0.176436
lib/matplotlib/cbook/__init__.py::211,0.176436
lib/matplotlib/cbook/__init__.py::2139,0.176436
lib/matplotlib/cbook/__init__.py::2140,0.176436
lib/matplotlib/cbook/__init__.py::2141,0.176436
lib/matplotlib/cbook/__init__.py::2142,0.176436
lib/matplotlib/cbook/__init__.py::2143,0.176436
lib/matplotlib/cbook/__init__.py::2145,0.176436
lib/matplotlib/cbook/__init__.py::2146,0.176436
lib/matplotlib/cbook/__init__.py::2147,0.176436
lib/matplotlib/cbook/__init__.py::2149,0.176436
lib/matplotlib/cbook/__init__.py::2150,0.176436
lib/matplotlib/cbook/__init__.py::2153,0.176436
lib/matplotlib/cbook/__init__.py::2154,0.176436
lib/matplotlib/cbook/__init__.py::2172,0.176436
lib/matplotlib/cbook/__init__.py::2173,0.176436
lib/matplotlib/cbook/__init__.py::2174,0.176436
lib/matplotlib/cbook/__init__.py::2196,0.176436
lib/matplotlib/cbook/__init__.py::2197,0.176436
lib/matplotlib/cbook/__init__.py::2198,0.176436
lib/matplotlib/cbook/__init__.py::220,0.176436
lib/matplotlib/cbook/__init__.py::2200,0.176436
lib/matplotlib/cbook/__init__.py::2201,0.176436
lib/matplotlib/cbook/__init__.py::2202,0.176436
lib/matplotlib/cbook/__init__.py::221,0.176436
lib/matplotlib/cbook/__init__.py::222,0.176436
lib/matplotlib/cbook/__init__.py::223,0.176436
lib/matplotlib/cbook/__init__.py::224,0.176436
lib/matplotlib/cbook/__init__.py::539,0.176436
lib/matplotlib/cbook/__init__.py::540,0.176436
lib/matplotlib/cbook/__init__.py::572,0.176436
lib/matplotlib/cbook/__init__.py::573,0.176436
lib/matplotlib/cbook/__init__.py::574,0.176436
lib/matplotlib/cbook/__init__.py::593,0.176436
lib/matplotlib/cbook/__init__.py::594,0.176436
lib/matplotlib/cbook/__init__.py::605,0.176436
lib/matplotlib/cbook/__init__.py::607,0.176436
lib/matplotlib/cbook/__init__.py::608,0.176436
lib/matplotlib/cbook/__init__.py::609,0.176436
lib/matplotlib/cbook/__init__.py::610,0.176436
lib/matplotlib/cbook/__init__.py::611,0.176436
lib/matplotlib/cbook/__init__.py::612,0.176436
lib/matplotlib/cbook/__init__.py::615,0.176436
lib/matplotlib/cbook/__init__.py::616,0.176436
lib/matplotlib/cbook/__init__.py::617,0.176436
lib/matplotlib/cbook/__init__.py::785,0.176436
lib/matplotlib/cbook/__init__.py::792,0.176436
lib/matplotlib/cbook/__init__.py::793,0.176436
lib/matplotlib/cbook/__init__.py::794,0.176436
lib/matplotlib/cbook/__init__.py::841,0.176436
lib/matplotlib/cbook/__init__.py::842,0.176436
lib/matplotlib/cbook/__init__.py::843,0.176436
lib/matplotlib/cbook/__init__.py::92,0.176436
lib/matplotlib/cbook/__init__.py::95,0.176436
lib/matplotlib/cbook/deprecation.py::105,0.176436
lib/matplotlib/cbook/deprecation.py::106,0.176436
lib/matplotlib/cbook/deprecation.py::107,0.176436
lib/matplotlib/cbook/deprecation.py::108,0.176436
lib/matplotlib/cbook/deprecation.py::109,0.176436
lib/matplotlib/cbook/deprecation.py::27,0.176436
lib/matplotlib/cbook/deprecation.py::32,0.176436
lib/matplotlib/cbook/deprecation.py::35,0.176436
lib/matplotlib/cbook/deprecation.py::36,0.176436
lib/matplotlib/cbook/deprecation.py::37,0.176436
lib/matplotlib/cbook/deprecation.py::384,0.176436
lib/matplotlib/cbook/deprecation.py::385,0.176436
lib/matplotlib/cbook/deprecation.py::390,0.176436
lib/matplotlib/cbook/deprecation.py::397,0.176436
lib/matplotlib/cbook/deprecation.py::398,0.176436
lib/matplotlib/cbook/deprecation.py::410,0.176436
lib/matplotlib/cbook/deprecation.py::476,0.176436
lib/matplotlib/cbook/deprecation.py::477,0.176436
lib/matplotlib/cbook/deprecation.py::479,0.176436
lib/matplotlib/cbook/deprecation.py::48,0.176436
lib/matplotlib/cbook/deprecation.py::480,0.176436
lib/matplotlib/cbook/deprecation.py::481,0.176436
lib/matplotlib/cbook/deprecation.py::489,0.176436
lib/matplotlib/cbook/deprecation.py::49,0.176436
lib/matplotlib/cbook/deprecation.py::494,0.176436
lib/matplotlib/cbook/deprecation.py::495,0.176436
lib/matplotlib/cbook/deprecation.py::496,0.176436
lib/matplotlib/cbook/deprecation.py::50,0.176436
lib/matplotlib/cbook/deprecation.py::51,0.176436
lib/matplotlib/cbook/deprecation.py::52,0.176436
lib/matplotlib/cbook/deprecation.py::53,0.176436
lib/matplotlib/colors.py::124,0.176436
lib/matplotlib/colors.py::130,0.176436
lib/matplotlib/colors.py::131,0.176436
lib/matplotlib/colors.py::132,0.176436
lib/matplotlib/colors.py::133,0.176436
lib/matplotlib/colors.py::137,0.176436
lib/matplotlib/colors.py::163,0.176436
lib/matplotlib/colors.py::168,0.176436
lib/matplotlib/colors.py::169,0.176436
lib/matplotlib/colors.py::172,0.176436
lib/matplotlib/colors.py::178,0.176436
lib/matplotlib/figure.py::103,0.176436
lib/matplotlib/figure.py::1057,0.176436
lib/matplotlib/figure.py::1060,0.176436
lib/matplotlib/figure.py::1061,0.176436
lib/matplotlib/figure.py::1071,0.176436
lib/matplotlib/figure.py::1073,0.176436
lib/matplotlib/figure.py::1074,0.176436
lib/matplotlib/figure.py::1075,0.176436
lib/matplotlib/figure.py::1076,0.176436
lib/matplotlib/figure.py::1078,0.176436
lib/matplotlib/figure.py::1079,0.176436
lib/matplotlib/figure.py::1081,0.176436
lib/matplotlib/figure.py::1082,0.176436
lib/matplotlib/figure.py::1093,0.176436
lib/matplotlib/figure.py::1101,0.176436
lib/matplotlib/figure.py::1102,0.176436
lib/matplotlib/figure.py::1112,0.176436
lib/matplotlib/figure.py::1114,0.176436
lib/matplotlib/figure.py::116,0.176436
lib/matplotlib/figure.py::117,0.176436
lib/matplotlib/figure.py::118,0.176436
lib/matplotlib/figure.py::122,0.176436
lib/matplotlib/figure.py::123,0.176436
lib/matplotlib/figure.py::129,0.176436
lib/matplotlib/figure.py::131,0.176436
lib/matplotlib/figure.py::132,0.176436
lib/matplotlib/figure.py::140,0.176436
lib/matplotlib/figure.py::1426,0.176436
lib/matplotlib/figure.py::1427,0.176436
lib/matplotlib/figure.py::1428,0.176436
lib/matplotlib/figure.py::1429,0.176436
lib/matplotlib/figure.py::143,0.176436
lib/matplotlib/figure.py::1430,0.176436
lib/matplotlib/figure.py::1431,0.176436
lib/matplotlib/figure.py::144,0.176436
lib/matplotlib/figure.py::147,0.176436
lib/matplotlib/figure.py::150,0.176436
lib/matplotlib/figure.py::1609,0.176436
lib/matplotlib/figure.py::1610,0.176436
lib/matplotlib/figure.py::1612,0.176436
lib/matplotlib/figure.py::1616,0.176436
lib/matplotlib/figure.py::1617,0.176436
lib/matplotlib/figure.py::1619,0.176436
lib/matplotlib/figure.py::1620,0.176436
lib/matplotlib/figure.py::1621,0.176436
lib/matplotlib/figure.py::1622,0.176436
lib/matplotlib/figure.py::1623,0.176436
lib/matplotlib/figure.py::1624,0.176436
lib/matplotlib/figure.py::1625,0.176436
lib/matplotlib/figure.py::1626,0.176436
lib/matplotlib/figure.py::1627,0.176436
lib/matplotlib/figure.py::1628,0.176436
lib/matplotlib/figure.py::1629,0.176436
lib/matplotlib/figure.py::1631,0.176436
lib/matplotlib/figure.py::1831,0.176436
lib/matplotlib/figure.py::1832,0.176436
lib/matplotlib/figure.py::1833,0.176436
lib/matplotlib/figure.py::1834,0.176436
lib/matplotlib/figure.py::188,0.176436
lib/matplotlib/figure.py::1884,0.176436
lib/matplotlib/figure.py::1885,0.176436
lib/matplotlib/figure.py::1886,0.176436
lib/matplotlib/figure.py::189,0.176436
lib/matplotlib/figure.py::190,0.176436
lib/matplotlib/figure.py::191,0.176436
lib/matplotlib/figure.py::198,0.176436
lib/matplotlib/figure.py::1980,0.176436
lib/matplotlib/figure.py::199,0.176436
lib/matplotlib/figure.py::200,0.176436
lib/matplotlib/figure.py::202,0.176436
lib/matplotlib/figure.py::203,0.176436
lib/matplotlib/figure.py::205,0.176436
lib/matplotlib/figure.py::207,0.176436
lib/matplotlib/figure.py::209,0.176436
lib/matplotlib/figure.py::211,0.176436
lib/matplotlib/figure.py::213,0.176436
lib/matplotlib/figure.py::215,0.176436
lib/matplotlib/figure.py::301,0.176436
lib/matplotlib/figure.py::306,0.176436
lib/matplotlib/figure.py::307,0.176436
lib/matplotlib/figure.py::309,0.176436
lib/matplotlib/figure.py::311,0.176436
lib/matplotlib/figure.py::313,0.176436
lib/matplotlib/figure.py::315,0.176436
lib/matplotlib/figure.py::317,0.176436
lib/matplotlib/figure.py::320,0.176436
lib/matplotlib/figure.py::323,0.176436
lib/matplotlib/figure.py::325,0.176436
lib/matplotlib/figure.py::327,0.176436
lib/matplotlib/figure.py::328,0.176436
lib/matplotlib/figure.py::330,0.176436
lib/matplotlib/figure.py::332,0.176436
lib/matplotlib/figure.py::333,0.176436
lib/matplotlib/figure.py::334,0.176436
lib/matplotlib/figure.py::336,0.176436
lib/matplotlib/figure.py::337,0.176436
lib/matplotlib/figure.py::338,0.176436
lib/matplotlib/figure.py::340,0.176436
lib/matplotlib/figure.py::341,0.176436
lib/matplotlib/figure.py::343,0.176436
lib/matplotlib/figure.py::344,0.176436
lib/matplotlib/figure.py::346,0.176436
lib/matplotlib/figure.py::348,0.176436
lib/matplotlib/figure.py::350,0.176436
lib/matplotlib/figure.py::352,0.176436
lib/matplotlib/figure.py::354,0.176436
lib/matplotlib/figure.py::355,0.176436
lib/matplotlib/figure.py::356,0.176436
lib/matplotlib/figure.py::361,0.176436
lib/matplotlib/figure.py::362,0.176436
lib/matplotlib/figure.py::365,0.176436
lib/matplotlib/figure.py::42,0.176436
lib/matplotlib/figure.py::423,0.176436
lib/matplotlib/figure.py::43,0.176436
lib/matplotlib/figure.py::472,0.176436
lib/matplotlib/figure.py::473,0.176436
lib/matplotlib/figure.py::474,0.176436
lib/matplotlib/figure.py::475,0.176436
lib/matplotlib/figure.py::476,0.176436
lib/matplotlib/figure.py::484,0.176436
lib/matplotlib/figure.py::502,0.176436
lib/matplotlib/figure.py::503,0.176436
lib/matplotlib/figure.py::504,0.176436
lib/matplotlib/figure.py::505,0.176436
lib/matplotlib/figure.py::506,0.176436
lib/matplotlib/figure.py::507,0.176436
lib/matplotlib/figure.py::508,0.176436
lib/matplotlib/figure.py::509,0.176436
lib/matplotlib/figure.py::510,0.176436
lib/matplotlib/figure.py::513,0.176436
lib/matplotlib/figure.py::515,0.176436
lib/matplotlib/figure.py::544,0.176436
lib/matplotlib/figure.py::545,0.176436
lib/matplotlib/figure.py::546,0.176436
lib/matplotlib/figure.py::550,0.176436
lib/matplotlib/figure.py::61,0.176436
lib/matplotlib/figure.py::62,0.176436
lib/matplotlib/figure.py::68,0.176436
lib/matplotlib/figure.py::69,0.176436
lib/matplotlib/figure.py::70,0.176436
lib/matplotlib/figure.py::758,0.176436
lib/matplotlib/figure.py::77,0.176436
lib/matplotlib/figure.py::78,0.176436
lib/matplotlib/figure.py::79,0.176436
lib/matplotlib/figure.py::91,0.176436
lib/matplotlib/figure.py::92,0.176436
lib/matplotlib/font_manager.py::1035,0.176436
lib/matplotlib/font_manager.py::615,0.176436
lib/matplotlib/font_manager.py::616,0.176436
lib/matplotlib/font_manager.py::617,0.176436
lib/matplotlib/font_manager.py::618,0.176436
lib/matplotlib/font_manager.py::619,0.176436
lib/matplotlib/font_manager.py::620,0.176436
lib/matplotlib/font_manager.py::621,0.176436
lib/matplotlib/font_manager.py::623,0.176436
lib/matplotlib/font_manager.py::631,0.176436
lib/matplotlib/font_manager.py::632,0.176436
lib/matplotlib/font_manager.py::633,0.176436
lib/matplotlib/font_manager.py::634,0.176436
lib/matplotlib/font_manager.py::635,0.176436
lib/matplotlib/font_manager.py::636,0.176436
lib/matplotlib/font_manager.py::637,0.176436
lib/matplotlib/font_manager.py::641,0.176436
lib/matplotlib/font_manager.py::642,0.176436
lib/matplotlib/font_manager.py::741,0.176436
lib/matplotlib/font_manager.py::742,0.176436
lib/matplotlib/font_manager.py::743,0.176436
lib/matplotlib/font_manager.py::750,0.176436
lib/matplotlib/font_manager.py::751,0.176436
lib/matplotlib/font_manager.py::752,0.176436
lib/matplotlib/font_manager.py::753,0.176436
lib/matplotlib/font_manager.py::760,0.176436
lib/matplotlib/font_manager.py::761,0.176436
lib/matplotlib/font_manager.py::762,0.176436
lib/matplotlib/font_manager.py::763,0.176436
lib/matplotlib/font_manager.py::772,0.176436
lib/matplotlib/font_manager.py::773,0.176436
lib/matplotlib/font_manager.py::774,0.176436
lib/matplotlib/font_manager.py::775,0.176436
lib/matplotlib/font_manager.py::778,0.176436
lib/matplotlib/font_manager.py::779,0.176436
lib/matplotlib/font_manager.py::781,0.176436
lib/matplotlib/font_manager.py::790,0.176436
lib/matplotlib/font_manager.py::791,0.176436
lib/matplotlib/font_manager.py::792,0.176436
lib/matplotlib/font_manager.py::793,0.176436
lib/matplotlib/font_manager.py::796,0.176436
lib/matplotlib/font_manager.py::797,0.176436
lib/matplotlib/font_manager.py::799,0.176436
lib/matplotlib/font_manager.py::807,0.176436
lib/matplotlib/font_manager.py::808,0.176436
lib/matplotlib/font_manager.py::809,0.176436
lib/matplotlib/font_manager.py::810,0.176436
lib/matplotlib/font_manager.py::811,0.176436
lib/matplotlib/font_manager.py::812,0.176436
lib/matplotlib/font_manager.py::813,0.176436
lib/matplotlib/font_manager.py::819,0.176436
lib/matplotlib/font_manager.py::820,0.176436
lib/matplotlib/font_manager.py::824,0.176436
lib/matplotlib/font_manager.py::831,0.176436
lib/matplotlib/font_manager.py::848,0.176436
lib/matplotlib/font_manager.py::849,0.176436
lib/matplotlib/font_manager.py::850,0.176436
lib/matplotlib/font_manager.py::931,0.176436
lib/matplotlib/font_manager.py::933,0.176436
lib/matplotlib/lines.py::1003,0.176436
lib/matplotlib/lines.py::1004,0.176436
lib/matplotlib/lines.py::1005,0.176436
lib/matplotlib/lines.py::1023,0.176436
lib/matplotlib/lines.py::1024,0.176436
lib/matplotlib/lines.py::1025,0.176436
lib/matplotlib/lines.py::1035,0.176436
lib/matplotlib/lines.py::1036,0.176436
lib/matplotlib/lines.py::1064,0.176436
lib/matplotlib/lines.py::1066,0.176436
lib/matplotlib/lines.py::1067,0.176436
lib/matplotlib/lines.py::1068,0.176436
lib/matplotlib/lines.py::1070,0.176436
lib/matplotlib/lines.py::1071,0.176436
lib/matplotlib/lines.py::1082,0.176436
lib/matplotlib/lines.py::1084,0.176436
lib/matplotlib/lines.py::1086,0.176436
lib/matplotlib/lines.py::1088,0.176436
lib/matplotlib/lines.py::1089,0.176436
lib/matplotlib/lines.py::1122,0.176436
lib/matplotlib/lines.py::1123,0.176436
lib/matplotlib/lines.py::1124,0.176436
lib/matplotlib/lines.py::1126,0.176436
lib/matplotlib/lines.py::1127,0.176436
lib/matplotlib/lines.py::1129,0.176436
lib/matplotlib/lines.py::1134,0.176436
lib/matplotlib/lines.py::1136,0.176436
lib/matplotlib/lines.py::1137,0.176436
lib/matplotlib/lines.py::1150,0.176436
lib/matplotlib/lines.py::1151,0.176436
lib/matplotlib/lines.py::1161,0.176436
lib/matplotlib/lines.py::1163,0.176436
lib/matplotlib/lines.py::1165,0.176436
lib/matplotlib/lines.py::1166,0.176436
lib/matplotlib/lines.py::1177,0.176436
lib/matplotlib/lines.py::1178,0.176436
lib/matplotlib/lines.py::1179,0.176436
lib/matplotlib/lines.py::1180,0.176436
lib/matplotlib/lines.py::1181,0.176436
lib/matplotlib/lines.py::1191,0.176436
lib/matplotlib/lines.py::1193,0.176436
lib/matplotlib/lines.py::1194,0.176436
lib/matplotlib/lines.py::1195,0.176436
lib/matplotlib/lines.py::1205,0.176436
lib/matplotlib/lines.py::1207,0.176436
lib/matplotlib/lines.py::1208,0.176436
lib/matplotlib/lines.py::1209,0.176436
lib/matplotlib/lines.py::1220,0.176436
lib/matplotlib/lines.py::1221,0.176436
lib/matplotlib/lines.py::1222,0.176436
lib/matplotlib/lines.py::1223,0.176436
lib/matplotlib/lines.py::1233,0.176436
lib/matplotlib/lines.py::1234,0.176436
lib/matplotlib/lines.py::1235,0.176436
lib/matplotlib/lines.py::1245,0.176436
lib/matplotlib/lines.py::1246,0.176436
lib/matplotlib/lines.py::1247,0.176436
lib/matplotlib/lines.py::1304,0.176436
lib/matplotlib/lines.py::1305,0.176436
lib/matplotlib/lines.py::1306,0.176436
lib/matplotlib/lines.py::1307,0.176436
lib/matplotlib/lines.py::1318,0.176436
lib/matplotlib/lines.py::1319,0.176436
lib/matplotlib/lines.py::1320,0.176436
lib/matplotlib/lines.py::1321,0.176436
lib/matplotlib/lines.py::1348,0.176436
lib/matplotlib/lines.py::1349,0.176436
lib/matplotlib/lines.py::1350,0.176436
lib/matplotlib/lines.py::1351,0.176436
lib/matplotlib/lines.py::1362,0.176436
lib/matplotlib/lines.py::1363,0.176436
lib/matplotlib/lines.py::1364,0.176436
lib/matplotlib/lines.py::1365,0.176436
lib/matplotlib/lines.py::303,0.176436
lib/matplotlib/lines.py::306,0.176436
lib/matplotlib/lines.py::308,0.176436
lib/matplotlib/lines.py::311,0.176436
lib/matplotlib/lines.py::312,0.176436
lib/matplotlib/lines.py::314,0.176436
lib/matplotlib/lines.py::316,0.176436
lib/matplotlib/lines.py::317,0.176436
lib/matplotlib/lines.py::318,0.176436
lib/matplotlib/lines.py::319,0.176436
lib/matplotlib/lines.py::320,0.176436
lib/matplotlib/lines.py::321,0.176436
lib/matplotlib/lines.py::322,0.176436
lib/matplotlib/lines.py::325,0.176436
lib/matplotlib/lines.py::326,0.176436
lib/matplotlib/lines.py::327,0.176436
lib/matplotlib/lines.py::328,0.176436
lib/matplotlib/lines.py::329,0.176436
lib/matplotlib/lines.py::330,0.176436
lib/matplotlib/lines.py::331,0.176436
lib/matplotlib/lines.py::332,0.176436
lib/matplotlib/lines.py::333,0.176436
lib/matplotlib/lines.py::334,0.176436
lib/matplotlib/lines.py::335,0.176436
lib/matplotlib/lines.py::336,0.176436
lib/matplotlib/lines.py::338,0.176436
lib/matplotlib/lines.py::339,0.176436
lib/matplotlib/lines.py::341,0.176436
lib/matplotlib/lines.py::342,0.176436
lib/matplotlib/lines.py::343,0.176436
lib/matplotlib/lines.py::344,0.176436
lib/matplotlib/lines.py::345,0.176436
lib/matplotlib/lines.py::346,0.176436
lib/matplotlib/lines.py::347,0.176436
lib/matplotlib/lines.py::348,0.176436
lib/matplotlib/lines.py::350,0.176436
lib/matplotlib/lines.py::351,0.176436
lib/matplotlib/lines.py::352,0.176436
lib/matplotlib/lines.py::355,0.176436
lib/matplotlib/lines.py::356,0.176436
lib/matplotlib/lines.py::359,0.176436
lib/matplotlib/lines.py::36,0.176436
lib/matplotlib/lines.py::360,0.176436
lib/matplotlib/lines.py::362,0.176436
lib/matplotlib/lines.py::363,0.176436
lib/matplotlib/lines.py::364,0.176436
lib/matplotlib/lines.py::366,0.176436
lib/matplotlib/lines.py::367,0.176436
lib/matplotlib/lines.py::368,0.176436
lib/matplotlib/lines.py::37,0.176436
lib/matplotlib/lines.py::370,0.176436
lib/matplotlib/lines.py::371,0.176436
lib/matplotlib/lines.py::372,0.176436
lib/matplotlib/lines.py::374,0.176436
lib/matplotlib/lines.py::375,0.176436
lib/matplotlib/lines.py::376,0.176436
lib/matplotlib/lines.py::378,0.176436
lib/matplotlib/lines.py::379,0.176436
lib/matplotlib/lines.py::380,0.176436
lib/matplotlib/lines.py::381,0.176436
lib/matplotlib/lines.py::383,0.176436
lib/matplotlib/lines.py::384,0.176436
lib/matplotlib/lines.py::385,0.176436
lib/matplotlib/lines.py::386,0.176436
lib/matplotlib/lines.py::39,0.176436
lib/matplotlib/lines.py::390,0.176436
lib/matplotlib/lines.py::391,0.176436
lib/matplotlib/lines.py::392,0.176436
lib/matplotlib/lines.py::394,0.176436
lib/matplotlib/lines.py::395,0.176436
lib/matplotlib/lines.py::396,0.176436
lib/matplotlib/lines.py::397,0.176436
lib/matplotlib/lines.py::398,0.176436
lib/matplotlib/lines.py::399,0.176436
lib/matplotlib/lines.py::40,0.176436
lib/matplotlib/lines.py::400,0.176436
lib/matplotlib/lines.py::401,0.176436
lib/matplotlib/lines.py::402,0.176436
lib/matplotlib/lines.py::403,0.176436
lib/matplotlib/lines.py::404,0.176436
lib/matplotlib/lines.py::406,0.176436
lib/matplotlib/lines.py::41,0.176436
lib/matplotlib/lines.py::492,0.176436
lib/matplotlib/lines.py::494,0.176436
lib/matplotlib/lines.py::578,0.176436
lib/matplotlib/lines.py::580,0.176436
lib/matplotlib/lines.py::59,0.176436
lib/matplotlib/lines.py::615,0.176436
lib/matplotlib/lines.py::616,0.176436
lib/matplotlib/lines.py::633,0.176436
lib/matplotlib/lines.py::636,0.176436
lib/matplotlib/lines.py::638,0.176436
lib/matplotlib/lines.py::639,0.176436
lib/matplotlib/lines.py::64,0.176436
lib/matplotlib/lines.py::645,0.176436
lib/matplotlib/lines.py::646,0.176436
lib/matplotlib/lines.py::647,0.176436
lib/matplotlib/lines.py::650,0.176436
lib/matplotlib/lines.py::651,0.176436
lib/matplotlib/lines.py::652,0.176436
lib/matplotlib/lines.py::656,0.176436
lib/matplotlib/lines.py::657,0.176436
lib/matplotlib/lines.py::659,0.176436
lib/matplotlib/lines.py::660,0.176436
lib/matplotlib/lines.py::675,0.176436
lib/matplotlib/lines.py::678,0.176436
lib/matplotlib/lines.py::679,0.176436
lib/matplotlib/lines.py::68,0.176436
lib/matplotlib/lines.py::680,0.176436
lib/matplotlib/lines.py::681,0.176436
lib/matplotlib/lines.py::682,0.176436
lib/matplotlib/lines.py::683,0.176436
lib/matplotlib/lines.py::684,0.176436
lib/matplotlib/lines.py::718,0.176436
lib/matplotlib/lines.py::719,0.176436
lib/matplotlib/lines.py::720,0.176436
lib/matplotlib/lines.py::721,0.176436
lib/matplotlib/markers.py::221,0.176436
lib/matplotlib/markers.py::222,0.176436
lib/matplotlib/markers.py::223,0.176436
lib/matplotlib/markers.py::226,0.176436
lib/matplotlib/markers.py::227,0.176436
lib/matplotlib/markers.py::228,0.176436
lib/matplotlib/markers.py::229,0.176436
lib/matplotlib/markers.py::230,0.176436
lib/matplotlib/markers.py::231,0.176436
lib/matplotlib/markers.py::232,0.176436
lib/matplotlib/markers.py::233,0.176436
lib/matplotlib/markers.py::234,0.176436
lib/matplotlib/markers.py::235,0.176436
lib/matplotlib/markers.py::236,0.176436
lib/matplotlib/markers.py::255,0.176436
lib/matplotlib/markers.py::256,0.176436
lib/matplotlib/markers.py::257,0.176436
lib/matplotlib/markers.py::258,0.176436
lib/matplotlib/markers.py::259,0.176436
lib/matplotlib/markers.py::268,0.176436
lib/matplotlib/markers.py::271,0.176436
lib/matplotlib/markers.py::274,0.176436
lib/matplotlib/markers.py::276,0.176436
lib/matplotlib/markers.py::278,0.176436
lib/matplotlib/markers.py::281,0.176436
lib/matplotlib/markers.py::282,0.176436
lib/matplotlib/markers.py::283,0.176436
lib/matplotlib/markers.py::284,0.176436
lib/matplotlib/markers.py::295,0.176436
lib/matplotlib/markers.py::296,0.176436
lib/matplotlib/markers.py::297,0.176436
lib/matplotlib/markers.py::315,0.176436
lib/matplotlib/markers.py::698,0.176436
lib/matplotlib/markers.py::699,0.176436
lib/matplotlib/markers.py::700,0.176436
lib/matplotlib/markers.py::701,0.176436
lib/matplotlib/markers.py::704,0.176436
lib/matplotlib/markers.py::705,0.176436
lib/matplotlib/markers.py::706,0.176436
lib/matplotlib/markers.py::707,0.176436
lib/matplotlib/markers.py::712,0.176436
lib/matplotlib/markers.py::713,0.176436
lib/matplotlib/markers.py::714,0.176436
lib/matplotlib/markers.py::715,0.176436
lib/matplotlib/markers.py::718,0.176436
lib/matplotlib/markers.py::719,0.176436
lib/matplotlib/markers.py::720,0.176436
lib/matplotlib/markers.py::721,0.176436
lib/matplotlib/patches.py::260,0.176436
lib/matplotlib/patches.py::278,0.176436
lib/matplotlib/patches.py::308,0.176436
lib/matplotlib/patches.py::310,0.176436
lib/matplotlib/patches.py::311,0.176436
lib/matplotlib/patches.py::314,0.176436
lib/matplotlib/patches.py::315,0.176436
lib/matplotlib/patches.py::316,0.176436
lib/matplotlib/patches.py::323,0.176436
lib/matplotlib/patches.py::324,0.176436
lib/matplotlib/patches.py::325,0.176436
lib/matplotlib/patches.py::326,0.176436
lib/matplotlib/patches.py::336,0.176436
lib/matplotlib/patches.py::337,0.176436
lib/matplotlib/patches.py::340,0.176436
lib/matplotlib/patches.py::341,0.176436
lib/matplotlib/patches.py::342,0.176436
lib/matplotlib/patches.py::343,0.176436
lib/matplotlib/patches.py::344,0.176436
lib/matplotlib/patches.py::354,0.176436
lib/matplotlib/patches.py::355,0.176436
lib/matplotlib/patches.py::388,0.176436
lib/matplotlib/patches.py::393,0.176436
lib/matplotlib/patches.py::395,0.176436
lib/matplotlib/patches.py::396,0.176436
lib/matplotlib/patches.py::397,0.176436
lib/matplotlib/patches.py::398,0.176436
lib/matplotlib/patches.py::424,0.176436
lib/matplotlib/patches.py::426,0.176436
lib/matplotlib/patches.py::428,0.176436
lib/matplotlib/patches.py::430,0.176436
lib/matplotlib/patches.py::431,0.176436
lib/matplotlib/patches.py::432,0.176436
lib/matplotlib/patches.py::442,0.176436
lib/matplotlib/patches.py::443,0.176436
lib/matplotlib/patches.py::444,0.176436
lib/matplotlib/patches.py::445,0.176436
lib/matplotlib/patches.py::464,0.176436
lib/matplotlib/patches.py::465,0.176436
lib/matplotlib/patches.py::466,0.176436
lib/matplotlib/patches.py::480,0.176436
lib/matplotlib/patches.py::481,0.176436
lib/matplotlib/patches.py::482,0.176436
lib/matplotlib/patches.py::516,0.176436
lib/matplotlib/patches.py::517,0.176436
lib/matplotlib/patches.py::58,0.176436
lib/matplotlib/patches.py::60,0.176436
lib/matplotlib/patches.py::61,0.176436
lib/matplotlib/patches.py::62,0.176436
lib/matplotlib/patches.py::63,0.176436
lib/matplotlib/patches.py::64,0.176436
lib/matplotlib/patches.py::65,0.176436
lib/matplotlib/patches.py::66,0.176436
lib/matplotlib/patches.py::67,0.176436
lib/matplotlib/patches.py::68,0.176436
lib/matplotlib/patches.py::69,0.176436
lib/matplotlib/patches.py::71,0.176436
lib/matplotlib/patches.py::72,0.176436
lib/matplotlib/patches.py::73,0.176436
lib/matplotlib/patches.py::741,0.176436
lib/matplotlib/patches.py::743,0.176436
lib/matplotlib/patches.py::744,0.176436
lib/matplotlib/patches.py::746,0.176436
lib/matplotlib/patches.py::747,0.176436
lib/matplotlib/patches.py::749,0.176436
lib/matplotlib/patches.py::750,0.176436
lib/matplotlib/patches.py::752,0.176436
lib/matplotlib/patches.py::754,0.176436
lib/matplotlib/patches.py::80,0.176436
lib/matplotlib/patches.py::81,0.176436
lib/matplotlib/patches.py::83,0.176436
lib/matplotlib/patches.py::84,0.176436
lib/matplotlib/patches.py::86,0.176436
lib/matplotlib/patches.py::87,0.176436
lib/matplotlib/patches.py::88,0.176436
lib/matplotlib/patches.py::89,0.176436
lib/matplotlib/patches.py::90,0.176436
lib/matplotlib/patches.py::91,0.176436
lib/matplotlib/patches.py::92,0.176436
lib/matplotlib/patches.py::94,0.176436
lib/matplotlib/patches.py::95,0.176436
lib/matplotlib/path.py::131,0.176436
lib/matplotlib/path.py::132,0.176436
lib/matplotlib/path.py::134,0.176436
lib/matplotlib/path.py::135,0.176436
lib/matplotlib/path.py::136,0.176436
lib/matplotlib/path.py::141,0.176436
lib/matplotlib/path.py::145,0.176436
lib/matplotlib/path.py::151,0.176436
lib/matplotlib/path.py::152,0.176436
lib/matplotlib/path.py::153,0.176436
lib/matplotlib/path.py::154,0.176436
lib/matplotlib/path.py::156,0.176436
lib/matplotlib/path.py::162,0.176436
lib/matplotlib/path.py::194,0.176436
lib/matplotlib/path.py::196,0.176436
lib/matplotlib/path.py::197,0.176436
lib/matplotlib/path.py::198,0.176436
lib/matplotlib/path.py::207,0.176436
lib/matplotlib/path.py::226,0.176436
lib/matplotlib/projections/__init__.py::21,0.176436
lib/matplotlib/projections/__init__.py::50,0.176436
lib/matplotlib/projections/__init__.py::53,0.176436
lib/matplotlib/projections/__init__.py::54,0.176436
lib/matplotlib/projections/polar.py::28,0.176436
lib/matplotlib/projections/polar.py::29,0.176436
lib/matplotlib/projections/polar.py::30,0.176436
lib/matplotlib/projections/polar.py::31,0.176436
lib/matplotlib/pyplot.py::212,0.176436
lib/matplotlib/pyplot.py::213,0.176436
lib/matplotlib/pyplot.py::287,0.176436
lib/matplotlib/pyplot.py::297,0.176436
lib/matplotlib/pyplot.py::298,0.176436
lib/matplotlib/pyplot.py::303,0.176436
lib/matplotlib/pyplot.py::572,0.176436
lib/matplotlib/pyplot.py::573,0.176436
lib/matplotlib/pyplot.py::574,0.176436
lib/matplotlib/pyplot.py::575,0.176436
lib/matplotlib/pyplot.py::576,0.176436
lib/matplotlib/pyplot.py::577,0.176436
lib/matplotlib/pyplot.py::578,0.176436
lib/matplotlib/pyplot.py::579,0.176436
lib/matplotlib/pyplot.py::581,0.176436
lib/matplotlib/pyplot.py::582,0.176436
lib/matplotlib/pyplot.py::583,0.176436
lib/matplotlib/pyplot.py::584,0.176436
lib/matplotlib/pyplot.py::600,0.176436
lib/matplotlib/pyplot.py::601,0.176436
lib/matplotlib/pyplot.py::602,0.176436
lib/matplotlib/pyplot.py::604,0.176436
lib/matplotlib/pyplot.py::614,0.176436
lib/matplotlib/pyplot.py::617,0.176436
lib/matplotlib/pyplot.py::618,0.176436
lib/matplotlib/pyplot.py::619,0.176436
lib/matplotlib/pyplot.py::620,0.176436
lib/matplotlib/pyplot.py::621,0.176436
lib/matplotlib/pyplot.py::622,0.176436
lib/matplotlib/pyplot.py::623,0.176436
lib/matplotlib/pyplot.py::624,0.176436
lib/matplotlib/pyplot.py::625,0.176436
lib/matplotlib/pyplot.py::628,0.176436
lib/matplotlib/pyplot.py::634,0.176436
lib/matplotlib/pyplot.py::636,0.176436
lib/matplotlib/pyplot.py::637,0.176436
lib/matplotlib/pyplot.py::639,0.176436
lib/matplotlib/pyplot.py::642,0.176436
lib/matplotlib/pyplot.py::655,0.176436
lib/matplotlib/pyplot.py::687,0.176436
lib/matplotlib/pyplot.py::740,0.176436
lib/matplotlib/pyplot.py::746,0.176436
lib/matplotlib/pyplot.py::747,0.176436
lib/matplotlib/rcsetup.py::101,0.176436
lib/matplotlib/rcsetup.py::106,0.176436
lib/matplotlib/rcsetup.py::107,0.176436
lib/matplotlib/rcsetup.py::121,0.176436
lib/matplotlib/rcsetup.py::147,0.176436
lib/matplotlib/rcsetup.py::148,0.176436
lib/matplotlib/rcsetup.py::149,0.176436
lib/matplotlib/rcsetup.py::150,0.176436
lib/matplotlib/rcsetup.py::151,0.176436
lib/matplotlib/rcsetup.py::152,0.176436
lib/matplotlib/rcsetup.py::154,0.176436
lib/matplotlib/rcsetup.py::173,0.176436
lib/matplotlib/rcsetup.py::179,0.176436
lib/matplotlib/rcsetup.py::180,0.176436
lib/matplotlib/rcsetup.py::181,0.176436
lib/matplotlib/rcsetup.py::196,0.176436
lib/matplotlib/rcsetup.py::197,0.176436
lib/matplotlib/rcsetup.py::198,0.176436
lib/matplotlib/rcsetup.py::199,0.176436
lib/matplotlib/rcsetup.py::200,0.176436
lib/matplotlib/rcsetup.py::201,0.176436
lib/matplotlib/rcsetup.py::214,0.176436
lib/matplotlib/rcsetup.py::215,0.176436
lib/matplotlib/rcsetup.py::230,0.176436
lib/matplotlib/rcsetup.py::231,0.176436
lib/matplotlib/rcsetup.py::232,0.176436
lib/matplotlib/rcsetup.py::233,0.176436
lib/matplotlib/rcsetup.py::234,0.176436
lib/matplotlib/rcsetup.py::263,0.176436
lib/matplotlib/rcsetup.py::264,0.176436
lib/matplotlib/rcsetup.py::265,0.176436
lib/matplotlib/rcsetup.py::266,0.176436
lib/matplotlib/rcsetup.py::274,0.176436
lib/matplotlib/rcsetup.py::278,0.176436
lib/matplotlib/rcsetup.py::288,0.176436
lib/matplotlib/rcsetup.py::289,0.176436
lib/matplotlib/rcsetup.py::290,0.176436
lib/matplotlib/rcsetup.py::300,0.176436
lib/matplotlib/rcsetup.py::302,0.176436
lib/matplotlib/rcsetup.py::309,0.176436
lib/matplotlib/rcsetup.py::313,0.176436
lib/matplotlib/rcsetup.py::314,0.176436
lib/matplotlib/rcsetup.py::315,0.176436
lib/matplotlib/rcsetup.py::320,0.176436
lib/matplotlib/rcsetup.py::329,0.176436
lib/matplotlib/rcsetup.py::330,0.176436
lib/matplotlib/rcsetup.py::331,0.176436
lib/matplotlib/rcsetup.py::335,0.176436
lib/matplotlib/rcsetup.py::336,0.176436
lib/matplotlib/rcsetup.py::337,0.176436
lib/matplotlib/rcsetup.py::342,0.176436
lib/matplotlib/rcsetup.py::344,0.176436
lib/matplotlib/rcsetup.py::349,0.176436
lib/matplotlib/rcsetup.py::350,0.176436
lib/matplotlib/rcsetup.py::351,0.176436
lib/matplotlib/rcsetup.py::352,0.176436
lib/matplotlib/rcsetup.py::357,0.176436
lib/matplotlib/rcsetup.py::358,0.176436
lib/matplotlib/rcsetup.py::379,0.176436
lib/matplotlib/rcsetup.py::380,0.176436
lib/matplotlib/rcsetup.py::388,0.176436
lib/matplotlib/rcsetup.py::389,0.176436
lib/matplotlib/rcsetup.py::395,0.176436
lib/matplotlib/rcsetup.py::396,0.176436
lib/matplotlib/rcsetup.py::397,0.176436
lib/matplotlib/rcsetup.py::398,0.176436
lib/matplotlib/rcsetup.py::399,0.176436
lib/matplotlib/rcsetup.py::400,0.176436
lib/matplotlib/rcsetup.py::413,0.176436
lib/matplotlib/rcsetup.py::414,0.176436
lib/matplotlib/rcsetup.py::416,0.176436
lib/matplotlib/rcsetup.py::417,0.176436
lib/matplotlib/rcsetup.py::425,0.176436
lib/matplotlib/rcsetup.py::426,0.176436
lib/matplotlib/rcsetup.py::434,0.176436
lib/matplotlib/rcsetup.py::436,0.176436
lib/matplotlib/rcsetup.py::437,0.176436
lib/matplotlib/rcsetup.py::447,0.176436
lib/matplotlib/rcsetup.py::448,0.176436
lib/matplotlib/rcsetup.py::449,0.176436
lib/matplotlib/rcsetup.py::450,0.176436
lib/matplotlib/rcsetup.py::452,0.176436
lib/matplotlib/rcsetup.py::453,0.176436
lib/matplotlib/rcsetup.py::474,0.176436
lib/matplotlib/rcsetup.py::481,0.176436
lib/matplotlib/rcsetup.py::482,0.176436
lib/matplotlib/rcsetup.py::484,0.176436
lib/matplotlib/rcsetup.py::485,0.176436
lib/matplotlib/rcsetup.py::486,0.176436
lib/matplotlib/rcsetup.py::487,0.176436
lib/matplotlib/rcsetup.py::511,0.176436
lib/matplotlib/rcsetup.py::512,0.176436
lib/matplotlib/rcsetup.py::518,0.176436
lib/matplotlib/rcsetup.py::530,0.176436
lib/matplotlib/rcsetup.py::532,0.176436
lib/matplotlib/rcsetup.py::533,0.176436
lib/matplotlib/rcsetup.py::55,0.176436
lib/matplotlib/rcsetup.py::551,0.176436
lib/matplotlib/rcsetup.py::552,0.176436
lib/matplotlib/rcsetup.py::553,0.176436
lib/matplotlib/rcsetup.py::56,0.176436
lib/matplotlib/rcsetup.py::57,0.176436
lib/matplotlib/rcsetup.py::589,0.176436
lib/matplotlib/rcsetup.py::59,0.176436
lib/matplotlib/rcsetup.py::590,0.176436
lib/matplotlib/rcsetup.py::60,0.176436
lib/matplotlib/rcsetup.py::602,0.176436
lib/matplotlib/rcsetup.py::606,0.176436
lib/matplotlib/rcsetup.py::607,0.176436
lib/matplotlib/rcsetup.py::608,0.176436
lib/matplotlib/rcsetup.py::61,0.176436
lib/matplotlib/rcsetup.py::612,0.176436
lib/matplotlib/rcsetup.py::613,0.176436
lib/matplotlib/rcsetup.py::614,0.176436
lib/matplotlib/rcsetup.py::64,0.176436
lib/matplotlib/rcsetup.py::67,0.176436
lib/matplotlib/rcsetup.py::690,0.176436
lib/matplotlib/rcsetup.py::696,0.176436
lib/matplotlib/rcsetup.py::697,0.176436
lib/matplotlib/rcsetup.py::698,0.176436
lib/matplotlib/rcsetup.py::699,0.176436
lib/matplotlib/rcsetup.py::700,0.176436
lib/matplotlib/rcsetup.py::71,0.176436
lib/matplotlib/rcsetup.py::72,0.176436
lib/matplotlib/rcsetup.py::729,0.176436
lib/matplotlib/rcsetup.py::73,0.176436
lib/matplotlib/rcsetup.py::736,0.176436
lib/matplotlib/rcsetup.py::739,0.176436
lib/matplotlib/rcsetup.py::74,0.176436
lib/matplotlib/rcsetup.py::743,0.176436
lib/matplotlib/rcsetup.py::745,0.176436
lib/matplotlib/rcsetup.py::746,0.176436
lib/matplotlib/rcsetup.py::754,0.176436
lib/matplotlib/rcsetup.py::755,0.176436
lib/matplotlib/rcsetup.py::756,0.176436
lib/matplotlib/rcsetup.py::762,0.176436
lib/matplotlib/rcsetup.py::763,0.176436
lib/matplotlib/rcsetup.py::764,0.176436
lib/matplotlib/rcsetup.py::87,0.176436
lib/matplotlib/rcsetup.py::88,0.176436
lib/matplotlib/rcsetup.py::89,0.176436
lib/matplotlib/rcsetup.py::90,0.176436
lib/matplotlib/rcsetup.py::918,0.176436
lib/matplotlib/rcsetup.py::943,0.176436
lib/matplotlib/rcsetup.py::944,0.176436
lib/matplotlib/rcsetup.py::948,0.176436
lib/matplotlib/rcsetup.py::949,0.176436
lib/matplotlib/rcsetup.py::954,0.176436
lib/matplotlib/rcsetup.py::955,0.176436
lib/matplotlib/rcsetup.py::956,0.176436
lib/matplotlib/rcsetup.py::957,0.176436
lib/matplotlib/rcsetup.py::960,0.176436
lib/matplotlib/rcsetup.py::964,0.176436
lib/matplotlib/rcsetup.py::968,0.176436
lib/matplotlib/rcsetup.py::971,0.176436
lib/matplotlib/rcsetup.py::972,0.176436
lib/matplotlib/rcsetup.py::973,0.176436
lib/matplotlib/rcsetup.py::975,0.176436
lib/matplotlib/rcsetup.py::976,0.176436
lib/matplotlib/rcsetup.py::978,0.176436
lib/matplotlib/rcsetup.py::982,0.176436
lib/matplotlib/rcsetup.py::983,0.176436
lib/matplotlib/rcsetup.py::985,0.176436
lib/matplotlib/rcsetup.py::986,0.176436
lib/matplotlib/scale.py::104,0.176436
lib/matplotlib/scale.py::108,0.176436
lib/matplotlib/scale.py::109,0.176436
lib/matplotlib/scale.py::110,0.176436
lib/matplotlib/scale.py::112,0.176436
lib/matplotlib/scale.py::113,0.176436
lib/matplotlib/scale.py::116,0.176436
lib/matplotlib/scale.py::123,0.176436
lib/matplotlib/scale.py::57,0.176436
lib/matplotlib/scale.py::648,0.176436
lib/matplotlib/scale.py::649,0.176436
lib/matplotlib/scale.py::650,0.176436
lib/matplotlib/scale.py::88,0.176436
lib/matplotlib/spines.py::236,0.176436
lib/matplotlib/spines.py::237,0.176436
lib/matplotlib/spines.py::488,0.176436
lib/matplotlib/spines.py::489,0.176436
lib/matplotlib/spines.py::490,0.176436
lib/matplotlib/spines.py::491,0.176436
lib/matplotlib/spines.py::498,0.176436
lib/matplotlib/spines.py::499,0.176436
lib/matplotlib/spines.py::50,0.176436
lib/matplotlib/spines.py::501,0.176436
lib/matplotlib/spines.py::51,0.176436
lib/matplotlib/spines.py::52,0.176436
lib/matplotlib/spines.py::53,0.176436
lib/matplotlib/spines.py::54,0.176436
lib/matplotlib/spines.py::55,0.176436
lib/matplotlib/spines.py::56,0.176436
lib/matplotlib/spines.py::57,0.176436
lib/matplotlib/spines.py::58,0.176436
lib/matplotlib/spines.py::60,0.176436
lib/matplotlib/spines.py::61,0.176436
lib/matplotlib/spines.py::63,0.176436
lib/matplotlib/spines.py::64,0.176436
lib/matplotlib/spines.py::69,0.176436
lib/matplotlib/spines.py::70,0.176436
lib/matplotlib/spines.py::71,0.176436
lib/matplotlib/spines.py::79,0.176436
lib/matplotlib/spines.py::83,0.176436
lib/matplotlib/style/core.py::100,0.176436
lib/matplotlib/style/core.py::101,0.176436
lib/matplotlib/style/core.py::107,0.176436
lib/matplotlib/style/core.py::108,0.176436
lib/matplotlib/style/core.py::109,0.176436
lib/matplotlib/style/core.py::110,0.176436
lib/matplotlib/style/core.py::112,0.176436
lib/matplotlib/style/core.py::46,0.176436
lib/matplotlib/style/core.py::47,0.176436
lib/matplotlib/style/core.py::48,0.176436
lib/matplotlib/style/core.py::54,0.176436
lib/matplotlib/style/core.py::55,0.176436
lib/matplotlib/style/core.py::65,0.176436
lib/matplotlib/style/core.py::99,0.176436
lib/matplotlib/testing/__init__.py::21,0.176436
lib/matplotlib/testing/__init__.py::22,0.176436
lib/matplotlib/testing/__init__.py::23,0.176436
lib/matplotlib/testing/__init__.py::27,0.176436
lib/matplotlib/testing/__init__.py::34,0.176436
lib/matplotlib/testing/__init__.py::35,0.176436
lib/matplotlib/testing/__init__.py::36,0.176436
lib/matplotlib/testing/__init__.py::37,0.176436
lib/matplotlib/testing/__init__.py::38,0.176436
lib/matplotlib/testing/__init__.py::39,0.176436
lib/matplotlib/testing/__init__.py::40,0.176436
lib/matplotlib/testing/__init__.py::41,0.176436
lib/matplotlib/testing/__init__.py::44,0.176436
lib/matplotlib/testing/__init__.py::46,0.176436
lib/matplotlib/testing/__init__.py::47,0.176436
lib/matplotlib/testing/__init__.py::51,0.176436
lib/matplotlib/testing/__init__.py::52,0.176436
lib/matplotlib/testing/conftest.py::100,0.176436
lib/matplotlib/testing/conftest.py::34,0.176436
lib/matplotlib/testing/conftest.py::36,0.176436
lib/matplotlib/testing/conftest.py::38,0.176436
lib/matplotlib/testing/conftest.py::39,0.176436
lib/matplotlib/testing/conftest.py::40,0.176436
lib/matplotlib/testing/conftest.py::73,0.176436
lib/matplotlib/testing/conftest.py::74,0.176436
lib/matplotlib/testing/conftest.py::75,0.176436
lib/matplotlib/testing/conftest.py::80,0.176436
lib/matplotlib/testing/conftest.py::81,0.176436
lib/matplotlib/testing/conftest.py::95,0.176436
lib/matplotlib/testing/conftest.py::96,0.176436
lib/matplotlib/testing/conftest.py::97,0.176436
lib/matplotlib/testing/conftest.py::98,0.176436
lib/matplotlib/testing/decorators.py::32,0.176436
lib/matplotlib/testing/decorators.py::33,0.176436
lib/matplotlib/testing/decorators.py::34,0.176436
lib/matplotlib/testing/decorators.py::35,0.176436
lib/matplotlib/testing/decorators.py::37,0.176436
lib/matplotlib/testing/decorators.py::38,0.176436
lib/matplotlib/testing/decorators.py::39,0.176436
lib/matplotlib/text.py::1058,0.176436
lib/matplotlib/text.py::1059,0.176436
lib/matplotlib/text.py::1075,0.176436
lib/matplotlib/text.py::1076,0.176436
lib/matplotlib/text.py::1114,0.176436
lib/matplotlib/text.py::1115,0.176436
lib/matplotlib/text.py::1125,0.176436
lib/matplotlib/text.py::1126,0.176436
lib/matplotlib/text.py::1138,0.176436
lib/matplotlib/text.py::1139,0.176436
lib/matplotlib/text.py::1149,0.176436
lib/matplotlib/text.py::1150,0.176436
lib/matplotlib/text.py::1151,0.176436
lib/matplotlib/text.py::1152,0.176436
lib/matplotlib/text.py::1153,0.176436
lib/matplotlib/text.py::1167,0.176436
lib/matplotlib/text.py::1169,0.176436
lib/matplotlib/text.py::1205,0.176436
lib/matplotlib/text.py::1206,0.176436
lib/matplotlib/text.py::1216,0.176436
lib/matplotlib/text.py::1217,0.176436
lib/matplotlib/text.py::1220,0.176436
lib/matplotlib/text.py::148,0.176436
lib/matplotlib/text.py::149,0.176436
lib/matplotlib/text.py::151,0.176436
lib/matplotlib/text.py::152,0.176436
lib/matplotlib/text.py::153,0.176436
lib/matplotlib/text.py::154,0.176436
lib/matplotlib/text.py::156,0.176436
lib/matplotlib/text.py::157,0.176436
lib/matplotlib/text.py::158,0.176436
lib/matplotlib/text.py::159,0.176436
lib/matplotlib/text.py::160,0.176436
lib/matplotlib/text.py::161,0.176436
lib/matplotlib/text.py::162,0.176436
lib/matplotlib/text.py::163,0.176436
lib/matplotlib/text.py::164,0.176436
lib/matplotlib/text.py::165,0.176436
lib/matplotlib/text.py::166,0.176436
lib/matplotlib/text.py::167,0.176436
lib/matplotlib/text.py::168,0.176436
lib/matplotlib/text.py::169,0.176436
lib/matplotlib/text.py::170,0.176436
lib/matplotlib/text.py::171,0.176436
lib/matplotlib/text.py::172,0.176436
lib/matplotlib/text.py::176,0.176436
lib/matplotlib/text.py::178,0.176436
lib/matplotlib/text.py::179,0.176436
lib/matplotlib/text.py::182,0.176436
lib/matplotlib/text.py::183,0.176436
lib/matplotlib/text.py::184,0.176436
lib/matplotlib/text.py::250,0.176436
lib/matplotlib/text.py::251,0.176436
lib/matplotlib/text.py::252,0.176436
lib/matplotlib/text.py::529,0.176436
lib/matplotlib/text.py::530,0.176436
lib/matplotlib/text.py::531,0.176436
lib/matplotlib/text.py::532,0.176436
lib/matplotlib/text.py::537,0.176436
lib/matplotlib/text.py::538,0.176436
lib/matplotlib/text.py::562,0.176436
lib/matplotlib/text.py::941,0.176436
lib/matplotlib/text.py::942,0.176436
lib/matplotlib/text.py::945,0.176436
lib/matplotlib/text.py::946,0.176436
lib/matplotlib/text.py::956,0.176436
lib/matplotlib/text.py::957,0.176436
lib/matplotlib/text.py::958,0.176436
lib/matplotlib/ticker.py::1669,0.176436
lib/matplotlib/ticker.py::2034,0.176436
lib/matplotlib/ticker.py::2045,0.176436
lib/matplotlib/ticker.py::2049,0.176436
lib/matplotlib/ticker.py::2052,0.176436
lib/matplotlib/ticker.py::2053,0.176436
lib/matplotlib/ticker.py::2056,0.176436
lib/matplotlib/ticker.py::2058,0.176436
lib/matplotlib/ticker.py::2060,0.176436
lib/matplotlib/ticker.py::2067,0.176436
lib/matplotlib/ticker.py::2068,0.176436
lib/matplotlib/ticker.py::2089,0.176436
lib/matplotlib/ticker.py::2090,0.176436
lib/matplotlib/ticker.py::2091,0.176436
lib/matplotlib/ticker.py::2093,0.176436
lib/matplotlib/ticker.py::2094,0.176436
lib/matplotlib/ticker.py::2095,0.176436
lib/matplotlib/ticker.py::2096,0.176436
lib/matplotlib/ticker.py::2097,0.176436
lib/matplotlib/ticker.py::2098,0.176436
lib/matplotlib/ticker.py::2099,0.176436
lib/matplotlib/ticker.py::2100,0.176436
lib/matplotlib/ticker.py::2101,0.176436
lib/matplotlib/ticker.py::2102,0.176436
lib/matplotlib/ticker.py::2103,0.176436
lib/matplotlib/ticker.py::2106,0.176436
lib/matplotlib/ticker.py::2107,0.176436
lib/matplotlib/ticker.py::2108,0.176436
lib/matplotlib/ticker.py::2109,0.176436
lib/matplotlib/ticker.py::2110,0.176436
lib/matplotlib/ticker.py::230,0.176436
lib/matplotlib/ticker.py::2795,0.176436
lib/matplotlib/ticker.py::2801,0.176436
lib/matplotlib/ticker.py::308,0.176436
lib/matplotlib/ticker.py::499,0.176436
lib/matplotlib/ticker.py::500,0.176436
lib/matplotlib/ticker.py::502,0.176436
lib/matplotlib/ticker.py::503,0.176436
lib/matplotlib/ticker.py::504,0.176436
lib/matplotlib/ticker.py::505,0.176436
lib/matplotlib/ticker.py::506,0.176436
lib/matplotlib/ticker.py::507,0.176436
lib/matplotlib/ticker.py::508,0.176436
lib/matplotlib/ticker.py::509,0.176436
lib/matplotlib/ticker.py::510,0.176436
lib/matplotlib/ticker.py::511,0.176436
lib/matplotlib/ticker.py::512,0.176436
lib/matplotlib/ticker.py::513,0.176436
lib/matplotlib/ticker.py::514,0.176436
lib/matplotlib/ticker.py::520,0.176436
lib/matplotlib/ticker.py::521,0.176436
lib/matplotlib/ticker.py::522,0.176436
lib/matplotlib/ticker.py::544,0.176436
lib/matplotlib/ticker.py::547,0.176436
lib/matplotlib/transforms.py::1026,0.176436
lib/matplotlib/transforms.py::1028,0.176436
lib/matplotlib/transforms.py::1029,0.176436
lib/matplotlib/transforms.py::1033,0.176436
lib/matplotlib/transforms.py::1034,0.176436
lib/matplotlib/transforms.py::1035,0.176436
lib/matplotlib/transforms.py::1036,0.176436
lib/matplotlib/transforms.py::1037,0.176436
lib/matplotlib/transforms.py::1043,0.176436
lib/matplotlib/transforms.py::1044,0.176436
lib/matplotlib/transforms.py::1048,0.176436
lib/matplotlib/transforms.py::1049,0.176436
lib/matplotlib/transforms.py::1050,0.176436
lib/matplotlib/transforms.py::1051,0.176436
lib/matplotlib/transforms.py::1052,0.176436
lib/matplotlib/transforms.py::1053,0.176436
lib/matplotlib/transforms.py::1055,0.176436
lib/matplotlib/transforms.py::1056,0.176436
lib/matplotlib/transforms.py::1059,0.176436
lib/matplotlib/transforms.py::1060,0.176436
lib/matplotlib/transforms.py::1063,0.176436
lib/matplotlib/transforms.py::1064,0.176436
lib/matplotlib/transforms.py::1065,0.176436
lib/matplotlib/transforms.py::1068,0.176436
lib/matplotlib/transforms.py::1069,0.176436
lib/matplotlib/transforms.py::116,0.176436
lib/matplotlib/transforms.py::120,0.176436
lib/matplotlib/transforms.py::121,0.176436
lib/matplotlib/transforms.py::1275,0.176436
lib/matplotlib/transforms.py::153,0.176436
lib/matplotlib/transforms.py::154,0.176436
lib/matplotlib/transforms.py::155,0.176436
lib/matplotlib/transforms.py::156,0.176436
lib/matplotlib/transforms.py::1634,0.176436
lib/matplotlib/transforms.py::1635,0.176436
lib/matplotlib/transforms.py::1636,0.176436
lib/matplotlib/transforms.py::1639,0.176436
lib/matplotlib/transforms.py::1640,0.176436
lib/matplotlib/transforms.py::1641,0.176436
lib/matplotlib/transforms.py::1642,0.176436
lib/matplotlib/transforms.py::1643,0.176436
lib/matplotlib/transforms.py::1655,0.176436
lib/matplotlib/transforms.py::1657,0.176436
lib/matplotlib/transforms.py::1658,0.176436
lib/matplotlib/transforms.py::1659,0.176436
lib/matplotlib/transforms.py::1660,0.176436
lib/matplotlib/transforms.py::1661,0.176436
lib/matplotlib/transforms.py::1662,0.176436
lib/matplotlib/transforms.py::1663,0.176436
lib/matplotlib/transforms.py::1664,0.176436
lib/matplotlib/transforms.py::1665,0.176436
lib/matplotlib/transforms.py::1678,0.176436
lib/matplotlib/transforms.py::1679,0.176436
lib/matplotlib/transforms.py::1684,0.176436
lib/matplotlib/transforms.py::1685,0.176436
lib/matplotlib/transforms.py::1687,0.176436
lib/matplotlib/transforms.py::1688,0.176436
lib/matplotlib/transforms.py::1689,0.176436
lib/matplotlib/transforms.py::1691,0.176436
lib/matplotlib/transforms.py::1703,0.176436
lib/matplotlib/transforms.py::1704,0.176436
lib/matplotlib/transforms.py::1711,0.176436
lib/matplotlib/transforms.py::1712,0.176436
lib/matplotlib/transforms.py::1717,0.176436
lib/matplotlib/transforms.py::173,0.176436
lib/matplotlib/transforms.py::175,0.176436
lib/matplotlib/transforms.py::176,0.176436
lib/matplotlib/transforms.py::1771,0.176436
lib/matplotlib/transforms.py::1772,0.176436
lib/matplotlib/transforms.py::178,0.176436
lib/matplotlib/transforms.py::1795,0.176436
lib/matplotlib/transforms.py::1796,0.176436
lib/matplotlib/transforms.py::1799,0.176436
lib/matplotlib/transforms.py::180,0.176436
lib/matplotlib/transforms.py::181,0.176436
lib/matplotlib/transforms.py::182,0.176436
lib/matplotlib/transforms.py::183,0.176436
lib/matplotlib/transforms.py::1842,0.176436
lib/matplotlib/transforms.py::1843,0.176436
lib/matplotlib/transforms.py::1845,0.176436
lib/matplotlib/transforms.py::1846,0.176436
lib/matplotlib/transforms.py::1847,0.176436
lib/matplotlib/transforms.py::1875,0.176436
lib/matplotlib/transforms.py::1876,0.176436
lib/matplotlib/transforms.py::1877,0.176436
lib/matplotlib/transforms.py::1878,0.176436
lib/matplotlib/transforms.py::195,0.176436
lib/matplotlib/transforms.py::1977,0.176436
lib/matplotlib/transforms.py::1978,0.176436
lib/matplotlib/transforms.py::1979,0.176436
lib/matplotlib/transforms.py::1980,0.176436
lib/matplotlib/transforms.py::199,0.176436
lib/matplotlib/transforms.py::1993,0.176436
lib/matplotlib/transforms.py::1994,0.176436
lib/matplotlib/transforms.py::1996,0.176436
lib/matplotlib/transforms.py::1997,0.176436
lib/matplotlib/transforms.py::1998,0.176436
lib/matplotlib/transforms.py::1999,0.176436
lib/matplotlib/transforms.py::200,0.176436
lib/matplotlib/transforms.py::2000,0.176436
lib/matplotlib/transforms.py::2001,0.176436
lib/matplotlib/transforms.py::2002,0.176436
lib/matplotlib/transforms.py::2003,0.176436
lib/matplotlib/transforms.py::201,0.176436
lib/matplotlib/transforms.py::2053,0.176436
lib/matplotlib/transforms.py::2221,0.176436
lib/matplotlib/transforms.py::2222,0.176436
lib/matplotlib/transforms.py::2223,0.176436
lib/matplotlib/transforms.py::2224,0.176436
lib/matplotlib/transforms.py::2228,0.176436
lib/matplotlib/transforms.py::2229,0.176436
lib/matplotlib/transforms.py::2230,0.176436
lib/matplotlib/transforms.py::2231,0.176436
lib/matplotlib/transforms.py::2233,0.176436
lib/matplotlib/transforms.py::2234,0.176436
lib/matplotlib/transforms.py::2260,0.176436
lib/matplotlib/transforms.py::2261,0.176436
lib/matplotlib/transforms.py::2262,0.176436
lib/matplotlib/transforms.py::2285,0.176436
lib/matplotlib/transforms.py::2288,0.176436
lib/matplotlib/transforms.py::2289,0.176436
lib/matplotlib/transforms.py::2291,0.176436
lib/matplotlib/transforms.py::2292,0.176436
lib/matplotlib/transforms.py::2293,0.176436
lib/matplotlib/transforms.py::2294,0.176436
lib/matplotlib/transforms.py::2312,0.176436
lib/matplotlib/transforms.py::2313,0.176436
lib/matplotlib/transforms.py::2317,0.176436
lib/matplotlib/transforms.py::2318,0.176436
lib/matplotlib/transforms.py::2321,0.176436
lib/matplotlib/transforms.py::2325,0.176436
lib/matplotlib/transforms.py::2334,0.176436
lib/matplotlib/transforms.py::238,0.176436
lib/matplotlib/transforms.py::2396,0.176436
lib/matplotlib/transforms.py::2398,0.176436
lib/matplotlib/transforms.py::2401,0.176436
lib/matplotlib/transforms.py::2402,0.176436
lib/matplotlib/transforms.py::2404,0.176436
lib/matplotlib/transforms.py::2405,0.176436
lib/matplotlib/transforms.py::2406,0.176436
lib/matplotlib/transforms.py::2407,0.176436
lib/matplotlib/transforms.py::2408,0.176436
lib/matplotlib/transforms.py::2424,0.176436
lib/matplotlib/transforms.py::2425,0.176436
lib/matplotlib/transforms.py::2426,0.176436
lib/matplotlib/transforms.py::2427,0.176436
lib/matplotlib/transforms.py::2428,0.176436
lib/matplotlib/transforms.py::2429,0.176436
lib/matplotlib/transforms.py::2430,0.176436
lib/matplotlib/transforms.py::2451,0.176436
lib/matplotlib/transforms.py::2452,0.176436
lib/matplotlib/transforms.py::2453,0.176436
lib/matplotlib/transforms.py::2454,0.176436
lib/matplotlib/transforms.py::2455,0.176436
lib/matplotlib/transforms.py::2456,0.176436
lib/matplotlib/transforms.py::2457,0.176436
lib/matplotlib/transforms.py::2516,0.176436
lib/matplotlib/transforms.py::2519,0.176436
lib/matplotlib/transforms.py::2520,0.176436
lib/matplotlib/transforms.py::2521,0.176436
lib/matplotlib/transforms.py::2522,0.176436
lib/matplotlib/transforms.py::2523,0.176436
lib/matplotlib/transforms.py::2570,0.176436
lib/matplotlib/transforms.py::2573,0.176436
lib/matplotlib/transforms.py::2574,0.176436
lib/matplotlib/transforms.py::2575,0.176436
lib/matplotlib/transforms.py::2576,0.176436
lib/matplotlib/transforms.py::2577,0.176436
lib/matplotlib/transforms.py::2604,0.176436
lib/matplotlib/transforms.py::2605,0.176436
lib/matplotlib/transforms.py::2606,0.176436
lib/matplotlib/transforms.py::2607,0.176436
lib/matplotlib/transforms.py::2608,0.176436
lib/matplotlib/transforms.py::2609,0.176436
lib/matplotlib/transforms.py::2615,0.176436
lib/matplotlib/transforms.py::2617,0.176436
lib/matplotlib/transforms.py::2618,0.176436
lib/matplotlib/transforms.py::2619,0.176436
lib/matplotlib/transforms.py::2620,0.176436
lib/matplotlib/transforms.py::2621,0.176436
lib/matplotlib/transforms.py::2792,0.176436
lib/matplotlib/transforms.py::2795,0.176436
lib/matplotlib/transforms.py::2796,0.176436
lib/matplotlib/transforms.py::2802,0.176436
lib/matplotlib/transforms.py::2804,0.176436
lib/matplotlib/transforms.py::2805,0.176436
lib/matplotlib/transforms.py::2809,0.176436
lib/matplotlib/transforms.py::2817,0.176436
lib/matplotlib/transforms.py::2819,0.176436
lib/matplotlib/transforms.py::312,0.176436
lib/matplotlib/transforms.py::322,0.176436
lib/matplotlib/transforms.py::346,0.176436
lib/matplotlib/transforms.py::360,0.176436
lib/matplotlib/transforms.py::361,0.176436
lib/matplotlib/transforms.py::366,0.176436
lib/matplotlib/transforms.py::367,0.176436
lib/matplotlib/transforms.py::773,0.176436
lib/matplotlib/transforms.py::774,0.176436
lib/matplotlib/transforms.py::775,0.176436
lib/matplotlib/transforms.py::778,0.176436
lib/matplotlib/transforms.py::779,0.176436
lib/matplotlib/transforms.py::780,0.176436
lib/matplotlib/transforms.py::784,0.176436
lib/matplotlib/transforms.py::799,0.176436
lib/matplotlib/transforms.py::804,0.176436
lib/matplotlib/transforms.py::813,0.176436
lib/matplotlib/transforms.py::822,0.176436
lib/matplotlib/transforms.py::943,0.176436
lib/matplotlib/transforms.py::944,0.176436
lib/matplotlib/transforms.py::948,0.176436
lib/matplotlib/transforms.py::949,0.176436
lib/matplotlib/transforms.py::965,0.176436
lib/matplotlib/transforms.py::969,0.176436
lib/matplotlib/transforms.py::976,0.176436
lib/matplotlib/transforms.py::977,0.176436
lib/matplotlib/units.py::194,0.176436
lib/matplotlib/units.py::196,0.176436
lib/matplotlib/units.py::204,0.176436
lib/matplotlib/units.py::205,0.176436
lib/matplotlib/units.py::206,0.176436
lib/matplotlib/units.py::207,0.176436
lib/matplotlib/units.py::208,0.176436
lib/matplotlib/units.py::209,0.176436
lib/matplotlib/units.py::210,0.176436
lib/matplotlib/units.py::211,0.176436
lib/matplotlib/units.py::212,0.176436
lib/matplotlib/units.py::216,0.176436
lib/matplotlib/units.py::217,0.176436
lib/matplotlib/units.py::218,0.176436
lib/matplotlib/units.py::64,0.176436
lib/matplotlib/units.py::71,0.176436
lib/matplotlib/widgets.py::36,0.176436
