Entity,Score
lib/matplotlib/colors.py::142,0.952381
lib/matplotlib/axes/_axes.py::1161,0.660409
lib/matplotlib/axes/_axes.py::1243,0.660409
lib/matplotlib/tests/test_axes.py::3819,0.660409
lib/matplotlib/tests/test_axes.py::3820,0.660409
lib/matplotlib/tests/test_axes.py::3821,0.660409
lib/matplotlib/tests/test_axes.py::3822,0.660409
lib/matplotlib/tests/test_axes.py::3866,0.660409
lib/matplotlib/tests/test_axes.py::3867,0.660409
lib/matplotlib/tests/test_axes.py::3868,0.660409
lib/matplotlib/tests/test_axes.py::3869,0.660409
lib/matplotlib/collections.py::1441,0.487805
lib/matplotlib/axes/_axes.py::1165,0.392235
lib/matplotlib/axes/_axes.py::1247,0.392235
lib/matplotlib/__init__.py::1101,0.347412
lib/matplotlib/axes/_axes.py::1163,0.341480
lib/matplotlib/axes/_axes.py::1245,0.341480
lib/matplotlib/cbook/__init__.py::1287,0.159876
lib/matplotlib/collections.py::1383,0.141131
lib/matplotlib/collections.py::1385,0.141131
lib/matplotlib/collections.py::1355,0.137720
lib/matplotlib/cbook/__init__.py::1000,0.135789
lib/matplotlib/cbook/__init__.py::1001,0.135789
lib/matplotlib/cbook/__init__.py::1004,0.135789
lib/matplotlib/cbook/__init__.py::1006,0.135789
lib/matplotlib/cbook/__init__.py::1007,0.135789
lib/matplotlib/cbook/__init__.py::1012,0.135789
lib/matplotlib/cbook/__init__.py::1013,0.135789
lib/matplotlib/cbook/__init__.py::1014,0.135789
lib/matplotlib/cbook/__init__.py::1015,0.135789
lib/matplotlib/cbook/__init__.py::1017,0.135789
lib/matplotlib/cbook/__init__.py::1018,0.135789
lib/matplotlib/cbook/__init__.py::1023,0.135789
lib/matplotlib/cbook/__init__.py::992,0.135789
lib/matplotlib/cbook/__init__.py::994,0.135789
lib/matplotlib/cbook/__init__.py::996,0.135789
lib/matplotlib/cbook/__init__.py::997,0.135789
lib/matplotlib/cbook/__init__.py::998,0.135789
lib/matplotlib/cbook/__init__.py::999,0.135789
lib/matplotlib/collections.py::1352,0.135163
lib/matplotlib/collections.py::1354,0.135163
lib/matplotlib/collections.py::1356,0.135163
lib/matplotlib/collections.py::1357,0.135163
lib/matplotlib/collections.py::1359,0.135163
lib/matplotlib/collections.py::1360,0.135163
lib/matplotlib/collections.py::1361,0.135163
lib/matplotlib/collections.py::1362,0.135163
lib/matplotlib/collections.py::1363,0.135163
lib/matplotlib/collections.py::1364,0.135163
lib/matplotlib/collections.py::1365,0.135163
lib/matplotlib/collections.py::1366,0.135163
lib/matplotlib/collections.py::1367,0.135163
lib/matplotlib/collections.py::1368,0.135163
lib/matplotlib/collections.py::1369,0.135163
lib/matplotlib/collections.py::1370,0.135163
lib/matplotlib/collections.py::1371,0.135163
lib/matplotlib/collections.py::1372,0.135163
lib/matplotlib/collections.py::1373,0.135163
lib/matplotlib/collections.py::1375,0.135163
lib/matplotlib/collections.py::1378,0.135163
lib/matplotlib/collections.py::1380,0.135163
lib/matplotlib/collections.py::1382,0.135163
lib/matplotlib/collections.py::1387,0.135163
lib/matplotlib/collections.py::1390,0.135163
lib/matplotlib/collections.py::1391,0.135163
lib/matplotlib/collections.py::694,0.135163
lib/matplotlib/axes/_base.py::1932,0.133336
lib/matplotlib/collections.py::738,0.132159
lib/matplotlib/collections.py::739,0.132159
lib/matplotlib/collections.py::745,0.132159
lib/matplotlib/collections.py::746,0.132159
lib/matplotlib/colors.py::284,0.124224
lib/matplotlib/colors.py::285,0.124224
lib/matplotlib/colors.py::286,0.124224
lib/matplotlib/colors.py::292,0.121881
lib/matplotlib/colors.py::279,0.121428
lib/matplotlib/colors.py::280,0.121428
lib/matplotlib/colors.py::281,0.121428
lib/matplotlib/colors.py::288,0.121428
lib/matplotlib/colors.py::290,0.121428
lib/matplotlib/colors.py::278,0.120099
lib/matplotlib/colors.py::298,0.118393
lib/matplotlib/cbook/__init__.py::682,0.117161
lib/matplotlib/cbook/__init__.py::683,0.117161
lib/matplotlib/cbook/__init__.py::687,0.117161
lib/matplotlib/cbook/__init__.py::688,0.117161
lib/matplotlib/cbook/__init__.py::689,0.117161
lib/matplotlib/cbook/__init__.py::692,0.117161
lib/matplotlib/collections.py::749,0.114429
lib/matplotlib/collections.py::571,0.114054
lib/matplotlib/collections.py::572,0.114054
lib/matplotlib/cbook/__init__.py::433,0.110497
lib/matplotlib/collections.py::643,0.110497
lib/matplotlib/collections.py::747,0.108197
lib/matplotlib/collections.py::748,0.108197
lib/matplotlib/collections.py::750,0.108197
lib/matplotlib/axes/_base.py::1930,0.105737
lib/matplotlib/axes/_base.py::1931,0.105737
lib/matplotlib/axes/_base.py::1933,0.105737
lib/matplotlib/axes/_base.py::1934,0.105737
lib/matplotlib/axes/_base.py::1935,0.105737
lib/matplotlib/axes/_base.py::1937,0.105737
lib/matplotlib/axes/_base.py::1938,0.105737
lib/matplotlib/axes/_base.py::1940,0.105737
lib/matplotlib/axes/_base.py::1946,0.105737
lib/matplotlib/axes/_base.py::1947,0.105737
lib/matplotlib/collections.py::113,0.105737
lib/matplotlib/collections.py::114,0.105737
lib/matplotlib/collections.py::117,0.105737
lib/matplotlib/collections.py::119,0.105737
lib/matplotlib/collections.py::121,0.105737
lib/matplotlib/collections.py::122,0.105737
lib/matplotlib/collections.py::123,0.105737
lib/matplotlib/collections.py::125,0.105737
lib/matplotlib/collections.py::126,0.105737
lib/matplotlib/collections.py::127,0.105737
lib/matplotlib/collections.py::128,0.105737
lib/matplotlib/collections.py::129,0.105737
lib/matplotlib/collections.py::130,0.105737
lib/matplotlib/collections.py::131,0.105737
lib/matplotlib/collections.py::132,0.105737
lib/matplotlib/collections.py::133,0.105737
lib/matplotlib/collections.py::134,0.105737
lib/matplotlib/collections.py::135,0.105737
lib/matplotlib/collections.py::137,0.105737
lib/matplotlib/collections.py::139,0.105737
lib/matplotlib/collections.py::142,0.105737
lib/matplotlib/collections.py::144,0.105737
lib/matplotlib/collections.py::147,0.105737
lib/matplotlib/collections.py::149,0.105737
lib/matplotlib/collections.py::151,0.105737
lib/matplotlib/collections.py::152,0.105737
lib/matplotlib/collections.py::153,0.105737
lib/matplotlib/collections.py::164,0.105737
lib/matplotlib/collections.py::165,0.105737
lib/matplotlib/collections.py::166,0.105737
lib/matplotlib/collections.py::378,0.105737
lib/matplotlib/collections.py::422,0.105737
lib/matplotlib/collections.py::423,0.105737
lib/matplotlib/collections.py::460,0.105737
lib/matplotlib/collections.py::461,0.105737
lib/matplotlib/collections.py::533,0.105737
lib/matplotlib/collections.py::538,0.105737
lib/matplotlib/collections.py::541,0.105737
lib/matplotlib/collections.py::542,0.105737
lib/matplotlib/collections.py::543,0.105737
lib/matplotlib/collections.py::569,0.105737
lib/matplotlib/collections.py::570,0.105737
lib/matplotlib/collections.py::584,0.105737
lib/matplotlib/collections.py::587,0.105737
lib/matplotlib/collections.py::588,0.105737
lib/matplotlib/collections.py::642,0.105737
lib/matplotlib/collections.py::666,0.105737
lib/matplotlib/collections.py::668,0.105737
lib/matplotlib/collections.py::669,0.105737
lib/matplotlib/collections.py::688,0.105737
lib/matplotlib/collections.py::691,0.105737
lib/matplotlib/collections.py::692,0.105737
lib/matplotlib/collections.py::693,0.105737
lib/matplotlib/collections.py::697,0.105737
lib/matplotlib/collections.py::698,0.105737
lib/matplotlib/collections.py::712,0.105737
lib/matplotlib/collections.py::713,0.105737
lib/matplotlib/collections.py::725,0.105737
lib/matplotlib/collections.py::726,0.105737
lib/matplotlib/collections.py::734,0.105737
lib/matplotlib/collections.py::735,0.105737
lib/matplotlib/collections.py::736,0.105737
lib/matplotlib/collections.py::741,0.105737
lib/matplotlib/collections.py::742,0.105737
lib/matplotlib/collections.py::762,0.105737
lib/matplotlib/collections.py::763,0.105737
lib/matplotlib/cm.py::201,0.101022
lib/matplotlib/cm.py::200,0.100764
lib/matplotlib/cm.py::202,0.100764
lib/matplotlib/cm.py::204,0.100764
lib/matplotlib/cm.py::205,0.100764
lib/matplotlib/cm.py::206,0.100764
lib/matplotlib/cm.py::232,0.100764
lib/matplotlib/cm.py::233,0.100764
lib/matplotlib/cm.py::234,0.100764
lib/matplotlib/cm.py::235,0.100764
lib/matplotlib/cm.py::236,0.100764
lib/matplotlib/cm.py::238,0.100764
lib/matplotlib/cm.py::239,0.100764
lib/matplotlib/cm.py::240,0.100764
lib/matplotlib/cm.py::402,0.100764
lib/matplotlib/cm.py::403,0.100764
lib/matplotlib/cm.py::404,0.100764
lib/matplotlib/cm.py::405,0.100764
lib/matplotlib/cm.py::422,0.100764
lib/matplotlib/cm.py::423,0.100764
lib/matplotlib/cm.py::424,0.100764
lib/matplotlib/cm.py::425,0.100764
lib/matplotlib/cm.py::426,0.100764
lib/matplotlib/cm.py::427,0.100764
lib/matplotlib/colors.py::113,0.100764
lib/matplotlib/colors.py::114,0.100764
lib/matplotlib/colors.py::968,0.100764
lib/matplotlib/colors.py::969,0.100764
lib/matplotlib/colors.py::970,0.100764
lib/matplotlib/axes/_axes.py::1185,0.098044
lib/matplotlib/axes/_axes.py::1186,0.098044
lib/matplotlib/axes/_axes.py::1187,0.098044
lib/matplotlib/axes/_axes.py::1188,0.098044
lib/matplotlib/axes/_axes.py::1190,0.098044
lib/matplotlib/axes/_axes.py::1192,0.098044
lib/matplotlib/axes/_axes.py::1193,0.098044
lib/matplotlib/axes/_axes.py::1155,0.095308
lib/matplotlib/axes/_axes.py::1156,0.095308
lib/matplotlib/axes/_axes.py::1157,0.095308
lib/matplotlib/axes/_axes.py::1158,0.095308
lib/matplotlib/axes/_axes.py::1160,0.095308
lib/matplotlib/axes/_axes.py::1162,0.095308
lib/matplotlib/axes/_axes.py::1164,0.095308
lib/matplotlib/axes/_axes.py::1168,0.095308
lib/matplotlib/axes/_axes.py::1169,0.095308
lib/matplotlib/axes/_axes.py::1170,0.095308
lib/matplotlib/axes/_axes.py::1171,0.095308
lib/matplotlib/axes/_axes.py::1173,0.095308
lib/matplotlib/axes/_axes.py::1174,0.095308
lib/matplotlib/axes/_axes.py::1175,0.095308
lib/matplotlib/axes/_axes.py::1176,0.095308
lib/matplotlib/axes/_axes.py::1177,0.095308
lib/matplotlib/axes/_axes.py::1179,0.095308
lib/matplotlib/axes/_axes.py::1180,0.095308
lib/matplotlib/axes/_axes.py::1181,0.095308
lib/matplotlib/axes/_axes.py::1182,0.095308
lib/matplotlib/axes/_axes.py::1184,0.095308
lib/matplotlib/axes/_axes.py::1195,0.095308
lib/matplotlib/pyplot.py::1272,0.092221
lib/matplotlib/pyplot.py::1273,0.092221
lib/matplotlib/pyplot.py::1274,0.092221
lib/matplotlib/pyplot.py::1275,0.092221
lib/matplotlib/pyplot.py::1276,0.092221
lib/matplotlib/axes/_axes.py::1267,0.089723
lib/matplotlib/axes/_axes.py::1268,0.089723
lib/matplotlib/axes/_axes.py::1269,0.089723
lib/matplotlib/axes/_axes.py::1270,0.089723
lib/matplotlib/axes/_axes.py::1272,0.089723
lib/matplotlib/axes/_axes.py::1273,0.089723
lib/matplotlib/axes/_axes.py::1274,0.089723
lib/matplotlib/colors.py::299,0.088517
lib/matplotlib/colors.py::300,0.088517
lib/matplotlib/colors.py::297,0.088344
lib/matplotlib/axes/_base.py::2150,0.087999
lib/matplotlib/axes/_base.py::2151,0.087999
lib/matplotlib/axes/_base.py::2153,0.087999
lib/matplotlib/axes/_base.py::2154,0.087999
lib/matplotlib/axes/_base.py::2155,0.087999
lib/matplotlib/axes/_axes.py::1235,0.087614
lib/matplotlib/axes/_axes.py::1238,0.087614
lib/matplotlib/axes/_axes.py::1239,0.087614
lib/matplotlib/axes/_axes.py::1240,0.087614
lib/matplotlib/axes/_axes.py::1242,0.087614
lib/matplotlib/axes/_axes.py::1244,0.087614
lib/matplotlib/axes/_axes.py::1246,0.087614
lib/matplotlib/axes/_axes.py::1250,0.087614
lib/matplotlib/axes/_axes.py::1251,0.087614
lib/matplotlib/axes/_axes.py::1252,0.087614
lib/matplotlib/axes/_axes.py::1253,0.087614
lib/matplotlib/axes/_axes.py::1255,0.087614
lib/matplotlib/axes/_axes.py::1256,0.087614
lib/matplotlib/axes/_axes.py::1257,0.087614
lib/matplotlib/axes/_axes.py::1258,0.087614
lib/matplotlib/axes/_axes.py::1259,0.087614
lib/matplotlib/axes/_axes.py::1261,0.087614
lib/matplotlib/axes/_axes.py::1262,0.087614
lib/matplotlib/axes/_axes.py::1263,0.087614
lib/matplotlib/axes/_axes.py::1264,0.087614
lib/matplotlib/axes/_axes.py::1266,0.087614
lib/matplotlib/axes/_axes.py::1276,0.087614
lib/matplotlib/colors.py::277,0.086826
lib/matplotlib/gridspec.py::307,0.083862
lib/matplotlib/gridspec.py::309,0.083862
lib/matplotlib/gridspec.py::322,0.083714
lib/matplotlib/figure.py::1520,0.083421
lib/matplotlib/figure.py::1521,0.083421
lib/matplotlib/figure.py::1522,0.083421
lib/matplotlib/figure.py::1523,0.083421
lib/matplotlib/figure.py::1524,0.083421
lib/matplotlib/figure.py::2596,0.083421
lib/matplotlib/figure.py::2597,0.083421
lib/matplotlib/figure.py::2598,0.083421
lib/matplotlib/figure.py::2599,0.083421
lib/matplotlib/gridspec.py::300,0.083421
lib/matplotlib/gridspec.py::302,0.083421
lib/matplotlib/gridspec.py::306,0.083421
lib/matplotlib/gridspec.py::308,0.083421
lib/matplotlib/gridspec.py::315,0.083421
lib/matplotlib/gridspec.py::319,0.083421
lib/matplotlib/gridspec.py::320,0.083421
lib/matplotlib/gridspec.py::321,0.083421
lib/matplotlib/gridspec.py::324,0.083421
lib/matplotlib/gridspec.py::327,0.083421
lib/matplotlib/gridspec.py::328,0.083421
lib/matplotlib/gridspec.py::329,0.083421
lib/matplotlib/gridspec.py::330,0.083421
lib/matplotlib/gridspec.py::331,0.083421
lib/matplotlib/gridspec.py::332,0.083421
lib/matplotlib/gridspec.py::333,0.083421
lib/matplotlib/gridspec.py::334,0.083421
lib/matplotlib/gridspec.py::335,0.083421
lib/matplotlib/gridspec.py::338,0.083421
lib/matplotlib/gridspec.py::344,0.083421
lib/matplotlib/gridspec.py::351,0.083421
lib/matplotlib/gridspec.py::354,0.083421
lib/matplotlib/gridspec.py::230,0.082844
lib/matplotlib/gridspec.py::231,0.082844
lib/matplotlib/gridspec.py::234,0.082844
lib/matplotlib/gridspec.py::235,0.082844
lib/matplotlib/gridspec.py::236,0.082844
lib/matplotlib/gridspec.py::654,0.081863
lib/matplotlib/gridspec.py::655,0.081863
lib/matplotlib/gridspec.py::656,0.081863
lib/matplotlib/gridspec.py::792,0.081863
lib/matplotlib/cbook/deprecation.py::443,0.081726
lib/matplotlib/cbook/deprecation.py::444,0.081726
lib/matplotlib/cbook/deprecation.py::450,0.081726
lib/matplotlib/figure.py::1069,0.081318
lib/matplotlib/figure.py::1070,0.081318
lib/matplotlib/figure.py::1067,0.081049
lib/matplotlib/figure.py::1068,0.081049
lib/matplotlib/figure.py::1071,0.081049
lib/matplotlib/__init__.py::1412,0.080783
lib/matplotlib/__init__.py::1413,0.080783
lib/matplotlib/cbook/__init__.py::2201,0.075850
lib/matplotlib/cbook/__init__.py::2202,0.075850
lib/matplotlib/axes/_base.py::665,0.072571
lib/matplotlib/axes/_base.py::667,0.072571
lib/matplotlib/axes/_base.py::662,0.072476
lib/matplotlib/axes/_base.py::664,0.072476
lib/matplotlib/axes/_base.py::666,0.072476
lib/matplotlib/axes/_base.py::2185,0.072285
lib/matplotlib/axes/_base.py::2186,0.072285
lib/matplotlib/axes/_base.py::2190,0.072285
lib/matplotlib/axes/_base.py::964,0.072285
lib/matplotlib/transforms.py::904,0.072191
lib/matplotlib/transforms.py::907,0.072191
lib/matplotlib/transforms.py::908,0.072191
lib/matplotlib/transforms.py::909,0.072191
lib/matplotlib/cbook/__init__.py::1831,0.071356
lib/matplotlib/cbook/__init__.py::1660,0.069685
lib/matplotlib/cbook/__init__.py::1661,0.069685
lib/matplotlib/artist.py::821,0.069431
lib/matplotlib/transforms.py::877,0.069015
lib/matplotlib/transforms.py::878,0.069015
lib/matplotlib/transforms.py::879,0.069015
lib/matplotlib/transforms.py::880,0.069015
lib/matplotlib/transforms.py::881,0.069015
lib/matplotlib/transforms.py::882,0.069015
lib/matplotlib/transforms.py::883,0.069015
lib/matplotlib/transforms.py::867,0.068851
lib/matplotlib/transforms.py::870,0.068851
lib/matplotlib/transforms.py::873,0.068851
lib/matplotlib/transforms.py::874,0.068851
lib/matplotlib/transforms.py::876,0.068851
lib/matplotlib/path.py::241,0.068688
lib/matplotlib/path.py::252,0.068688
lib/matplotlib/path.py::226,0.068607
lib/matplotlib/ticker.py::2796,0.068526
lib/matplotlib/ticker.py::2797,0.068526
lib/matplotlib/ticker.py::2092,0.068365
lib/matplotlib/axes/_base.py::1127,0.068285
lib/matplotlib/axis.py::459,0.068205
lib/matplotlib/axis.py::530,0.068205
lib/matplotlib/axes/_base.py::2845,0.068126
lib/matplotlib/path.py::207,0.068126
lib/matplotlib/lines.py::69,0.068047
lib/matplotlib/patches.py::318,0.067968
lib/matplotlib/lines.py::44,0.067423
lib/matplotlib/lines.py::45,0.067423
lib/matplotlib/lines.py::60,0.067423
lib/matplotlib/lines.py::61,0.067423
lib/matplotlib/lines.py::62,0.067423
lib/matplotlib/lines.py::43,0.067270
lib/matplotlib/_pylab_helpers.py::85,0.066891
lib/matplotlib/_pylab_helpers.py::86,0.066891
lib/matplotlib/pyplot.py::638,0.066667
lib/matplotlib/pyplot.py::626,0.064011
lib/matplotlib/artist.py::753,0.063814
lib/matplotlib/artist.py::754,0.063814
lib/matplotlib/artist.py::755,0.063814
lib/matplotlib/artist.py::756,0.063814
lib/matplotlib/axes/_base.py::1002,0.063814
lib/matplotlib/axes/_base.py::1003,0.063814
lib/matplotlib/axes/_base.py::618,0.063814
lib/matplotlib/axes/_base.py::619,0.063814
lib/matplotlib/axes/_base.py::620,0.063814
lib/matplotlib/axes/_base.py::621,0.063814
lib/matplotlib/axes/_base.py::622,0.063814
lib/matplotlib/axes/_base.py::623,0.063814
lib/matplotlib/axes/_base.py::624,0.063814
lib/matplotlib/axes/_base.py::682,0.063814
lib/matplotlib/axes/_base.py::687,0.063814
lib/matplotlib/axes/_base.py::688,0.063814
lib/matplotlib/axes/_base.py::692,0.063814
lib/matplotlib/axes/_base.py::693,0.063814
lib/matplotlib/axes/_base.py::698,0.063814
lib/matplotlib/axes/_base.py::700,0.063814
lib/matplotlib/axes/_base.py::701,0.063814
lib/matplotlib/axes/_base.py::702,0.063814
lib/matplotlib/axes/_base.py::703,0.063814
lib/matplotlib/axes/_base.py::718,0.063814
lib/matplotlib/axes/_base.py::719,0.063814
lib/matplotlib/axes/_base.py::720,0.063814
lib/matplotlib/axes/_base.py::722,0.063814
lib/matplotlib/axes/_base.py::723,0.063814
lib/matplotlib/axes/_base.py::725,0.063814
lib/matplotlib/axes/_base.py::749,0.063814
lib/matplotlib/axes/_base.py::750,0.063814
lib/matplotlib/axes/_base.py::751,0.063814
lib/matplotlib/axes/_base.py::752,0.063814
lib/matplotlib/axes/_base.py::753,0.063814
lib/matplotlib/axes/_base.py::775,0.063814
lib/matplotlib/axes/_base.py::776,0.063814
lib/matplotlib/axes/_base.py::777,0.063814
lib/matplotlib/axes/_base.py::778,0.063814
lib/matplotlib/axes/_base.py::779,0.063814
lib/matplotlib/axes/_base.py::794,0.063814
lib/matplotlib/axes/_base.py::795,0.063814
lib/matplotlib/axes/_base.py::796,0.063814
lib/matplotlib/axes/_base.py::798,0.063814
lib/matplotlib/axes/_base.py::799,0.063814
lib/matplotlib/axes/_base.py::801,0.063814
lib/matplotlib/axes/_base.py::825,0.063814
lib/matplotlib/axes/_base.py::826,0.063814
lib/matplotlib/axes/_base.py::827,0.063814
lib/matplotlib/axes/_base.py::828,0.063814
lib/matplotlib/axes/_base.py::829,0.063814
lib/matplotlib/axes/_base.py::851,0.063814
lib/matplotlib/axes/_base.py::852,0.063814
lib/matplotlib/axes/_base.py::853,0.063814
lib/matplotlib/axes/_base.py::854,0.063814
lib/matplotlib/axes/_base.py::855,0.063814
lib/matplotlib/axes/_base.py::985,0.063814
lib/matplotlib/axes/_subplots.py::44,0.063814
lib/matplotlib/axes/_subplots.py::45,0.063814
lib/matplotlib/projections/__init__.py::51,0.063814
lib/matplotlib/pyplot.py::628,0.063814
lib/matplotlib/spines.py::216,0.063814
lib/matplotlib/spines.py::218,0.063814
lib/matplotlib/spines.py::219,0.063814
lib/matplotlib/spines.py::229,0.063814
lib/matplotlib/spines.py::230,0.063814
lib/matplotlib/spines.py::231,0.063814
lib/matplotlib/spines.py::232,0.063814
lib/matplotlib/spines.py::238,0.063814
lib/matplotlib/spines.py::372,0.063814
lib/matplotlib/spines.py::375,0.063814
lib/matplotlib/spines.py::377,0.063814
lib/matplotlib/spines.py::380,0.063814
lib/matplotlib/spines.py::381,0.063814
lib/matplotlib/spines.py::382,0.063814
lib/matplotlib/spines.py::383,0.063814
lib/matplotlib/spines.py::384,0.063814
lib/matplotlib/spines.py::393,0.063814
lib/matplotlib/spines.py::395,0.063814
lib/matplotlib/spines.py::396,0.063814
lib/matplotlib/spines.py::401,0.063814
lib/matplotlib/spines.py::402,0.063814
lib/matplotlib/spines.py::403,0.063814
lib/matplotlib/spines.py::404,0.063814
lib/matplotlib/spines.py::405,0.063814
lib/matplotlib/spines.py::406,0.063814
lib/matplotlib/spines.py::407,0.063814
lib/matplotlib/spines.py::408,0.063814
lib/matplotlib/spines.py::412,0.063814
lib/matplotlib/spines.py::413,0.063814
lib/matplotlib/spines.py::414,0.063814
lib/matplotlib/spines.py::492,0.063814
lib/matplotlib/spines.py::493,0.063814
lib/matplotlib/spines.py::494,0.063814
lib/matplotlib/spines.py::495,0.063814
lib/matplotlib/transforms.py::2128,0.063814
lib/matplotlib/transforms.py::2129,0.063814
lib/matplotlib/transforms.py::2130,0.063814
lib/matplotlib/transforms.py::2131,0.063814
lib/matplotlib/transforms.py::2132,0.063814
lib/matplotlib/transforms.py::2263,0.063814
lib/matplotlib/gridspec.py::423,0.063749
lib/matplotlib/gridspec.py::635,0.063749
lib/matplotlib/axes/_subplots.py::43,0.063684
lib/matplotlib/figure.py::1404,0.063684
lib/matplotlib/axes/_subplots.py::35,0.063620
lib/matplotlib/axes/_subplots.py::36,0.063620
lib/matplotlib/axes/_subplots.py::37,0.063620
lib/matplotlib/axes/_subplots.py::39,0.063620
lib/matplotlib/axes/_subplots.py::82,0.063620
lib/matplotlib/axes/_subplots.py::95,0.063620
lib/matplotlib/axes/_subplots.py::96,0.063620
lib/matplotlib/figure.py::1363,0.063620
lib/matplotlib/figure.py::1369,0.063620
lib/matplotlib/figure.py::1379,0.063620
lib/matplotlib/figure.py::1384,0.063620
lib/matplotlib/figure.py::1388,0.063620
lib/matplotlib/figure.py::1389,0.063620
lib/matplotlib/figure.py::1390,0.063620
lib/matplotlib/figure.py::1402,0.063620
lib/matplotlib/gridspec.py::105,0.063620
lib/matplotlib/gridspec.py::108,0.063620
lib/matplotlib/gridspec.py::125,0.063620
lib/matplotlib/gridspec.py::128,0.063620
lib/matplotlib/gridspec.py::159,0.063620
lib/matplotlib/gridspec.py::161,0.063620
lib/matplotlib/gridspec.py::169,0.063620
lib/matplotlib/gridspec.py::170,0.063620
lib/matplotlib/gridspec.py::171,0.063620
lib/matplotlib/gridspec.py::172,0.063620
lib/matplotlib/gridspec.py::173,0.063620
lib/matplotlib/gridspec.py::174,0.063620
lib/matplotlib/gridspec.py::175,0.063620
lib/matplotlib/gridspec.py::176,0.063620
lib/matplotlib/gridspec.py::177,0.063620
lib/matplotlib/gridspec.py::180,0.063620
lib/matplotlib/gridspec.py::181,0.063620
lib/matplotlib/gridspec.py::182,0.063620
lib/matplotlib/gridspec.py::186,0.063620
lib/matplotlib/gridspec.py::187,0.063620
lib/matplotlib/gridspec.py::188,0.063620
lib/matplotlib/gridspec.py::191,0.063620
lib/matplotlib/gridspec.py::192,0.063620
lib/matplotlib/gridspec.py::193,0.063620
lib/matplotlib/gridspec.py::197,0.063620
lib/matplotlib/gridspec.py::198,0.063620
lib/matplotlib/gridspec.py::199,0.063620
lib/matplotlib/gridspec.py::201,0.063620
lib/matplotlib/gridspec.py::202,0.063620
lib/matplotlib/gridspec.py::203,0.063620
lib/matplotlib/gridspec.py::207,0.063620
lib/matplotlib/gridspec.py::209,0.063620
lib/matplotlib/gridspec.py::210,0.063620
lib/matplotlib/gridspec.py::211,0.063620
lib/matplotlib/gridspec.py::218,0.063620
lib/matplotlib/gridspec.py::220,0.063620
lib/matplotlib/gridspec.py::221,0.063620
lib/matplotlib/gridspec.py::229,0.063620
lib/matplotlib/gridspec.py::240,0.063620
lib/matplotlib/gridspec.py::410,0.063620
lib/matplotlib/gridspec.py::411,0.063620
lib/matplotlib/gridspec.py::412,0.063620
lib/matplotlib/gridspec.py::413,0.063620
lib/matplotlib/gridspec.py::414,0.063620
lib/matplotlib/gridspec.py::415,0.063620
lib/matplotlib/gridspec.py::416,0.063620
lib/matplotlib/gridspec.py::418,0.063620
lib/matplotlib/gridspec.py::419,0.063620
lib/matplotlib/gridspec.py::420,0.063620
lib/matplotlib/gridspec.py::422,0.063620
lib/matplotlib/gridspec.py::47,0.063620
lib/matplotlib/gridspec.py::488,0.063620
lib/matplotlib/gridspec.py::49,0.063620
lib/matplotlib/gridspec.py::492,0.063620
lib/matplotlib/gridspec.py::494,0.063620
lib/matplotlib/gridspec.py::496,0.063620
lib/matplotlib/gridspec.py::51,0.063620
lib/matplotlib/gridspec.py::52,0.063620
lib/matplotlib/gridspec.py::53,0.063620
lib/matplotlib/gridspec.py::621,0.063620
lib/matplotlib/gridspec.py::622,0.063620
lib/matplotlib/gridspec.py::623,0.063620
lib/matplotlib/gridspec.py::624,0.063620
lib/matplotlib/gridspec.py::650,0.063620
lib/matplotlib/gridspec.py::653,0.063620
lib/matplotlib/gridspec.py::699,0.063620
lib/matplotlib/gridspec.py::703,0.063620
lib/matplotlib/gridspec.py::709,0.063620
lib/matplotlib/gridspec.py::753,0.063620
lib/matplotlib/gridspec.py::754,0.063620
lib/matplotlib/gridspec.py::755,0.063620
lib/matplotlib/gridspec.py::757,0.063620
lib/matplotlib/gridspec.py::759,0.063620
lib/matplotlib/gridspec.py::76,0.063620
lib/matplotlib/gridspec.py::760,0.063620
lib/matplotlib/gridspec.py::761,0.063620
lib/matplotlib/gridspec.py::762,0.063620
lib/matplotlib/gridspec.py::763,0.063620
lib/matplotlib/gridspec.py::765,0.063620
lib/matplotlib/gridspec.py::766,0.063620
lib/matplotlib/rcsetup.py::221,0.063620
lib/matplotlib/rcsetup.py::222,0.063620
lib/matplotlib/spines.py::488,0.063620
lib/matplotlib/spines.py::489,0.063620
lib/matplotlib/spines.py::490,0.063620
lib/matplotlib/spines.py::491,0.063620
lib/matplotlib/spines.py::498,0.063620
lib/matplotlib/spines.py::499,0.063620
lib/matplotlib/spines.py::501,0.063620
lib/matplotlib/style/core.py::105,0.063620
lib/matplotlib/style/core.py::117,0.063620
lib/matplotlib/style/core.py::118,0.063620
lib/matplotlib/transforms.py::2570,0.063620
lib/matplotlib/transforms.py::2573,0.063620
lib/matplotlib/transforms.py::2574,0.063620
lib/matplotlib/transforms.py::2575,0.063620
lib/matplotlib/transforms.py::2576,0.063620
lib/matplotlib/transforms.py::2577,0.063620
lib/matplotlib/axis.py::2007,0.063555
lib/matplotlib/axis.py::2008,0.063555
lib/matplotlib/axis.py::2010,0.063555
lib/matplotlib/axis.py::2011,0.063555
lib/matplotlib/axis.py::2297,0.063555
lib/matplotlib/axis.py::2298,0.063555
lib/matplotlib/axis.py::2300,0.063555
lib/matplotlib/axis.py::2301,0.063555
lib/matplotlib/patches.py::769,0.063555
lib/matplotlib/patches.py::770,0.063555
lib/matplotlib/patches.py::771,0.063555
lib/matplotlib/patches.py::772,0.063555
lib/matplotlib/patches.py::773,0.063555
lib/matplotlib/patches.py::774,0.063555
lib/matplotlib/patches.py::784,0.063555
lib/matplotlib/patches.py::785,0.063555
lib/matplotlib/patches.py::786,0.063555
lib/matplotlib/patches.py::787,0.063555
lib/matplotlib/patches.py::788,0.063555
lib/matplotlib/patches.py::791,0.063555
lib/matplotlib/patches.py::792,0.063555
lib/matplotlib/transforms.py::1966,0.063555
lib/matplotlib/transforms.py::1967,0.063555
lib/matplotlib/__init__.py::1175,0.063491
lib/matplotlib/backend_bases.py::2615,0.063491
lib/matplotlib/cbook/__init__.py::221,0.063491
lib/matplotlib/cbook/__init__.py::222,0.063491
lib/matplotlib/cbook/__init__.py::223,0.063491
lib/matplotlib/cbook/__init__.py::224,0.063491
lib/matplotlib/cbook/__init__.py::95,0.063491
lib/matplotlib/figure.py::509,0.063491
lib/matplotlib/pyplot.py::708,0.063491
lib/matplotlib/transforms.py::180,0.063491
lib/matplotlib/transforms.py::181,0.063491
lib/matplotlib/transforms.py::182,0.063491
lib/matplotlib/transforms.py::183,0.063491
lib/matplotlib/transforms.py::2312,0.063491
lib/matplotlib/transforms.py::2313,0.063491
lib/matplotlib/transforms.py::2317,0.063491
lib/matplotlib/transforms.py::2318,0.063491
lib/matplotlib/transforms.py::2334,0.063491
lib/matplotlib/__init__.py::1163,0.063427
lib/matplotlib/_pylab_helpers.py::113,0.063427
lib/matplotlib/_pylab_helpers.py::114,0.063427
lib/matplotlib/_pylab_helpers.py::115,0.063427
lib/matplotlib/_pylab_helpers.py::116,0.063427
lib/matplotlib/_pylab_helpers.py::117,0.063427
lib/matplotlib/_pylab_helpers.py::118,0.063427
lib/matplotlib/_pylab_helpers.py::119,0.063427
lib/matplotlib/_pylab_helpers.py::121,0.063427
lib/matplotlib/_pylab_helpers.py::126,0.063427
lib/matplotlib/_pylab_helpers.py::127,0.063427
lib/matplotlib/_pylab_helpers.py::40,0.063427
lib/matplotlib/_pylab_helpers.py::41,0.063427
lib/matplotlib/_pylab_helpers.py::43,0.063427
lib/matplotlib/axes/_base.py::3081,0.063427
lib/matplotlib/axes/_base.py::3082,0.063427
lib/matplotlib/axes/_base.py::3083,0.063427
lib/matplotlib/axes/_base.py::3084,0.063427
lib/matplotlib/axes/_base.py::3085,0.063427
lib/matplotlib/axes/_base.py::3086,0.063427
lib/matplotlib/axes/_base.py::3087,0.063427
lib/matplotlib/axes/_base.py::3088,0.063427
lib/matplotlib/axes/_base.py::3089,0.063427
lib/matplotlib/axes/_base.py::3090,0.063427
lib/matplotlib/axes/_base.py::3091,0.063427
lib/matplotlib/axes/_base.py::3092,0.063427
lib/matplotlib/axes/_base.py::3093,0.063427
lib/matplotlib/axes/_base.py::3094,0.063427
lib/matplotlib/axes/_base.py::3095,0.063427
lib/matplotlib/axes/_base.py::3765,0.063427
lib/matplotlib/axes/_base.py::3781,0.063427
lib/matplotlib/axes/_base.py::481,0.063427
lib/matplotlib/axes/_base.py::519,0.063427
lib/matplotlib/axes/_base.py::520,0.063427
lib/matplotlib/axes/_base.py::522,0.063427
lib/matplotlib/axes/_base.py::523,0.063427
lib/matplotlib/axes/_base.py::525,0.063427
lib/matplotlib/axes/_base.py::527,0.063427
lib/matplotlib/axes/_base.py::530,0.063427
lib/matplotlib/axes/_base.py::532,0.063427
lib/matplotlib/axes/_base.py::533,0.063427
lib/matplotlib/axes/_base.py::534,0.063427
lib/matplotlib/axes/_base.py::536,0.063427
lib/matplotlib/axes/_base.py::537,0.063427
lib/matplotlib/axes/_base.py::538,0.063427
lib/matplotlib/axes/_base.py::540,0.063427
lib/matplotlib/axes/_base.py::541,0.063427
lib/matplotlib/axes/_base.py::542,0.063427
lib/matplotlib/axes/_base.py::543,0.063427
lib/matplotlib/axes/_base.py::544,0.063427
lib/matplotlib/axes/_base.py::546,0.063427
lib/matplotlib/axes/_base.py::547,0.063427
lib/matplotlib/axes/_base.py::548,0.063427
lib/matplotlib/axes/_base.py::549,0.063427
lib/matplotlib/axes/_base.py::550,0.063427
lib/matplotlib/axes/_base.py::551,0.063427
lib/matplotlib/axes/_base.py::552,0.063427
lib/matplotlib/axes/_base.py::554,0.063427
lib/matplotlib/axes/_base.py::556,0.063427
lib/matplotlib/axes/_base.py::557,0.063427
lib/matplotlib/axes/_base.py::558,0.063427
lib/matplotlib/axes/_base.py::559,0.063427
lib/matplotlib/axes/_base.py::561,0.063427
lib/matplotlib/axes/_base.py::562,0.063427
lib/matplotlib/axes/_base.py::563,0.063427
lib/matplotlib/axes/_base.py::564,0.063427
lib/matplotlib/axes/_base.py::565,0.063427
lib/matplotlib/axes/_base.py::566,0.063427
lib/matplotlib/axes/_base.py::567,0.063427
lib/matplotlib/axes/_base.py::569,0.063427
lib/matplotlib/axes/_base.py::571,0.063427
lib/matplotlib/axes/_base.py::572,0.063427
lib/matplotlib/axis.py::841,0.063427
lib/matplotlib/axis.py::842,0.063427
lib/matplotlib/axis.py::843,0.063427
lib/matplotlib/axis.py::846,0.063427
lib/matplotlib/axis.py::847,0.063427
lib/matplotlib/axis.py::848,0.063427
lib/matplotlib/axis.py::871,0.063427
lib/matplotlib/axis.py::873,0.063427
lib/matplotlib/axis.py::875,0.063427
lib/matplotlib/axis.py::877,0.063427
lib/matplotlib/axis.py::879,0.063427
lib/matplotlib/axis.py::881,0.063427
lib/matplotlib/axis.py::883,0.063427
lib/matplotlib/axis.py::885,0.063427
lib/matplotlib/backend_bases.py::2249,0.063427
lib/matplotlib/backend_bases.py::2593,0.063427
lib/matplotlib/backend_bases.py::2594,0.063427
lib/matplotlib/backend_bases.py::2595,0.063427
lib/matplotlib/backend_bases.py::2597,0.063427
lib/matplotlib/backend_bases.py::2598,0.063427
lib/matplotlib/backend_bases.py::2599,0.063427
lib/matplotlib/backend_bases.py::2600,0.063427
lib/matplotlib/backend_bases.py::2601,0.063427
lib/matplotlib/backend_bases.py::2602,0.063427
lib/matplotlib/backend_bases.py::2603,0.063427
lib/matplotlib/backend_bases.py::2604,0.063427
lib/matplotlib/backend_bases.py::2605,0.063427
lib/matplotlib/backend_bases.py::2608,0.063427
lib/matplotlib/backend_bases.py::2609,0.063427
lib/matplotlib/backend_bases.py::2610,0.063427
lib/matplotlib/backend_bases.py::2612,0.063427
lib/matplotlib/backend_bases.py::2637,0.063427
lib/matplotlib/backend_bases.py::3387,0.063427
lib/matplotlib/backend_bases.py::3388,0.063427
lib/matplotlib/backend_bases.py::3389,0.063427
lib/matplotlib/backend_bases.py::3390,0.063427
lib/matplotlib/backend_bases.py::3395,0.063427
lib/matplotlib/backend_bases.py::3396,0.063427
lib/matplotlib/backend_bases.py::3397,0.063427
lib/matplotlib/backend_bases.py::3401,0.063427
lib/matplotlib/cbook/__init__.py::187,0.063427
lib/matplotlib/cbook/__init__.py::190,0.063427
lib/matplotlib/cbook/__init__.py::191,0.063427
lib/matplotlib/cbook/__init__.py::192,0.063427
lib/matplotlib/cbook/__init__.py::193,0.063427
lib/matplotlib/cbook/__init__.py::194,0.063427
lib/matplotlib/cbook/__init__.py::195,0.063427
lib/matplotlib/cbook/__init__.py::196,0.063427
lib/matplotlib/cbook/__init__.py::197,0.063427
lib/matplotlib/cbook/__init__.py::201,0.063427
lib/matplotlib/cbook/__init__.py::202,0.063427
lib/matplotlib/cbook/__init__.py::203,0.063427
lib/matplotlib/cbook/__init__.py::207,0.063427
lib/matplotlib/cbook/__init__.py::208,0.063427
lib/matplotlib/cbook/__init__.py::209,0.063427
lib/matplotlib/cbook/__init__.py::210,0.063427
lib/matplotlib/cbook/__init__.py::211,0.063427
lib/matplotlib/cbook/__init__.py::586,0.063427
lib/matplotlib/cbook/__init__.py::587,0.063427
lib/matplotlib/cbook/__init__.py::588,0.063427
lib/matplotlib/cbook/__init__.py::619,0.063427
lib/matplotlib/cbook/__init__.py::621,0.063427
lib/matplotlib/cbook/__init__.py::622,0.063427
lib/matplotlib/cbook/__init__.py::623,0.063427
lib/matplotlib/cbook/__init__.py::624,0.063427
lib/matplotlib/cbook/__init__.py::625,0.063427
lib/matplotlib/cbook/__init__.py::626,0.063427
lib/matplotlib/cbook/__init__.py::629,0.063427
lib/matplotlib/cbook/__init__.py::630,0.063427
lib/matplotlib/cbook/__init__.py::631,0.063427
lib/matplotlib/figure.py::103,0.063427
lib/matplotlib/figure.py::1103,0.063427
lib/matplotlib/figure.py::116,0.063427
lib/matplotlib/figure.py::117,0.063427
lib/matplotlib/figure.py::118,0.063427
lib/matplotlib/figure.py::122,0.063427
lib/matplotlib/figure.py::123,0.063427
lib/matplotlib/figure.py::129,0.063427
lib/matplotlib/figure.py::131,0.063427
lib/matplotlib/figure.py::132,0.063427
lib/matplotlib/figure.py::140,0.063427
lib/matplotlib/figure.py::1408,0.063427
lib/matplotlib/figure.py::1409,0.063427
lib/matplotlib/figure.py::1410,0.063427
lib/matplotlib/figure.py::1411,0.063427
lib/matplotlib/figure.py::1412,0.063427
lib/matplotlib/figure.py::1413,0.063427
lib/matplotlib/figure.py::143,0.063427
lib/matplotlib/figure.py::144,0.063427
lib/matplotlib/figure.py::147,0.063427
lib/matplotlib/figure.py::150,0.063427
lib/matplotlib/figure.py::1869,0.063427
lib/matplotlib/figure.py::1870,0.063427
lib/matplotlib/figure.py::1871,0.063427
lib/matplotlib/figure.py::1965,0.063427
lib/matplotlib/figure.py::91,0.063427
lib/matplotlib/figure.py::92,0.063427
lib/matplotlib/projections/__init__.py::21,0.063427
lib/matplotlib/projections/__init__.py::50,0.063427
lib/matplotlib/projections/__init__.py::53,0.063427
lib/matplotlib/projections/__init__.py::54,0.063427
lib/matplotlib/pyplot.py::212,0.063427
lib/matplotlib/pyplot.py::213,0.063427
lib/matplotlib/pyplot.py::287,0.063427
lib/matplotlib/pyplot.py::297,0.063427
lib/matplotlib/pyplot.py::298,0.063427
lib/matplotlib/pyplot.py::303,0.063427
lib/matplotlib/pyplot.py::625,0.063427
lib/matplotlib/pyplot.py::627,0.063427
lib/matplotlib/pyplot.py::629,0.063427
lib/matplotlib/pyplot.py::630,0.063427
lib/matplotlib/pyplot.py::631,0.063427
lib/matplotlib/pyplot.py::632,0.063427
lib/matplotlib/pyplot.py::634,0.063427
lib/matplotlib/pyplot.py::635,0.063427
lib/matplotlib/pyplot.py::636,0.063427
lib/matplotlib/pyplot.py::637,0.063427
lib/matplotlib/pyplot.py::653,0.063427
lib/matplotlib/pyplot.py::654,0.063427
lib/matplotlib/pyplot.py::655,0.063427
lib/matplotlib/pyplot.py::657,0.063427
lib/matplotlib/pyplot.py::667,0.063427
lib/matplotlib/pyplot.py::670,0.063427
lib/matplotlib/pyplot.py::671,0.063427
lib/matplotlib/pyplot.py::672,0.063427
lib/matplotlib/pyplot.py::673,0.063427
lib/matplotlib/pyplot.py::674,0.063427
lib/matplotlib/pyplot.py::675,0.063427
lib/matplotlib/pyplot.py::676,0.063427
lib/matplotlib/pyplot.py::677,0.063427
lib/matplotlib/pyplot.py::678,0.063427
lib/matplotlib/pyplot.py::681,0.063427
lib/matplotlib/pyplot.py::687,0.063427
lib/matplotlib/pyplot.py::689,0.063427
lib/matplotlib/pyplot.py::690,0.063427
lib/matplotlib/pyplot.py::692,0.063427
lib/matplotlib/pyplot.py::695,0.063427
lib/matplotlib/pyplot.py::740,0.063427
lib/matplotlib/transforms.py::1929,0.063427
lib/matplotlib/transforms.py::1930,0.063427
lib/matplotlib/transforms.py::1931,0.063427
lib/matplotlib/transforms.py::1932,0.063427
lib/matplotlib/transforms.py::1933,0.063427
lib/matplotlib/transforms.py::1934,0.063427
lib/matplotlib/transforms.py::1935,0.063427
lib/matplotlib/transforms.py::1945,0.063427
lib/matplotlib/artist.py::100,0.063363
lib/matplotlib/artist.py::1000,0.063363
lib/matplotlib/artist.py::1001,0.063363
lib/matplotlib/artist.py::1002,0.063363
lib/matplotlib/artist.py::1006,0.063363
lib/matplotlib/artist.py::101,0.063363
lib/matplotlib/artist.py::1017,0.063363
lib/matplotlib/artist.py::1018,0.063363
lib/matplotlib/artist.py::102,0.063363
lib/matplotlib/artist.py::1021,0.063363
lib/matplotlib/artist.py::1022,0.063363
lib/matplotlib/artist.py::103,0.063363
lib/matplotlib/artist.py::1037,0.063363
lib/matplotlib/artist.py::1039,0.063363
lib/matplotlib/artist.py::104,0.063363
lib/matplotlib/artist.py::1040,0.063363
lib/matplotlib/artist.py::1041,0.063363
lib/matplotlib/artist.py::105,0.063363
lib/matplotlib/artist.py::106,0.063363
lib/matplotlib/artist.py::1088,0.063363
lib/matplotlib/artist.py::1089,0.063363
lib/matplotlib/artist.py::1090,0.063363
lib/matplotlib/artist.py::1091,0.063363
lib/matplotlib/artist.py::1092,0.063363
lib/matplotlib/artist.py::1093,0.063363
lib/matplotlib/artist.py::1094,0.063363
lib/matplotlib/artist.py::1096,0.063363
lib/matplotlib/artist.py::1098,0.063363
lib/matplotlib/artist.py::1099,0.063363
lib/matplotlib/artist.py::1100,0.063363
lib/matplotlib/artist.py::1111,0.063363
lib/matplotlib/artist.py::1113,0.063363
lib/matplotlib/artist.py::1222,0.063363
lib/matplotlib/artist.py::172,0.063363
lib/matplotlib/artist.py::173,0.063363
lib/matplotlib/artist.py::174,0.063363
lib/matplotlib/artist.py::175,0.063363
lib/matplotlib/artist.py::184,0.063363
lib/matplotlib/artist.py::185,0.063363
lib/matplotlib/artist.py::186,0.063363
lib/matplotlib/artist.py::187,0.063363
lib/matplotlib/artist.py::192,0.063363
lib/matplotlib/artist.py::196,0.063363
lib/matplotlib/artist.py::201,0.063363
lib/matplotlib/artist.py::202,0.063363
lib/matplotlib/artist.py::203,0.063363
lib/matplotlib/artist.py::215,0.063363
lib/matplotlib/artist.py::220,0.063363
lib/matplotlib/artist.py::223,0.063363
lib/matplotlib/artist.py::224,0.063363
lib/matplotlib/artist.py::343,0.063363
lib/matplotlib/artist.py::352,0.063363
lib/matplotlib/artist.py::362,0.063363
lib/matplotlib/artist.py::363,0.063363
lib/matplotlib/artist.py::364,0.063363
lib/matplotlib/artist.py::365,0.063363
lib/matplotlib/artist.py::369,0.063363
lib/matplotlib/artist.py::371,0.063363
lib/matplotlib/artist.py::374,0.063363
lib/matplotlib/artist.py::53,0.063363
lib/matplotlib/artist.py::54,0.063363
lib/matplotlib/artist.py::696,0.063363
lib/matplotlib/artist.py::70,0.063363
lib/matplotlib/artist.py::703,0.063363
lib/matplotlib/artist.py::706,0.063363
lib/matplotlib/artist.py::707,0.063363
lib/matplotlib/artist.py::708,0.063363
lib/matplotlib/artist.py::709,0.063363
lib/matplotlib/artist.py::71,0.063363
lib/matplotlib/artist.py::719,0.063363
lib/matplotlib/artist.py::72,0.063363
lib/matplotlib/artist.py::720,0.063363
lib/matplotlib/artist.py::721,0.063363
lib/matplotlib/artist.py::73,0.063363
lib/matplotlib/artist.py::748,0.063363
lib/matplotlib/artist.py::75,0.063363
lib/matplotlib/artist.py::750,0.063363
lib/matplotlib/artist.py::751,0.063363
lib/matplotlib/artist.py::752,0.063363
lib/matplotlib/artist.py::76,0.063363
lib/matplotlib/artist.py::763,0.063363
lib/matplotlib/artist.py::766,0.063363
lib/matplotlib/artist.py::769,0.063363
lib/matplotlib/artist.py::77,0.063363
lib/matplotlib/artist.py::772,0.063363
lib/matplotlib/artist.py::776,0.063363
lib/matplotlib/artist.py::78,0.063363
lib/matplotlib/artist.py::782,0.063363
lib/matplotlib/artist.py::783,0.063363
lib/matplotlib/artist.py::79,0.063363
lib/matplotlib/artist.py::794,0.063363
lib/matplotlib/artist.py::798,0.063363
lib/matplotlib/artist.py::80,0.063363
lib/matplotlib/artist.py::81,0.063363
lib/matplotlib/artist.py::82,0.063363
lib/matplotlib/artist.py::83,0.063363
lib/matplotlib/artist.py::84,0.063363
lib/matplotlib/artist.py::85,0.063363
lib/matplotlib/artist.py::86,0.063363
lib/matplotlib/artist.py::87,0.063363
lib/matplotlib/artist.py::90,0.063363
lib/matplotlib/artist.py::91,0.063363
lib/matplotlib/artist.py::92,0.063363
lib/matplotlib/artist.py::929,0.063363
lib/matplotlib/artist.py::93,0.063363
lib/matplotlib/artist.py::931,0.063363
lib/matplotlib/artist.py::932,0.063363
lib/matplotlib/artist.py::933,0.063363
lib/matplotlib/artist.py::94,0.063363
lib/matplotlib/artist.py::943,0.063363
lib/matplotlib/artist.py::944,0.063363
lib/matplotlib/artist.py::945,0.063363
lib/matplotlib/artist.py::95,0.063363
lib/matplotlib/artist.py::96,0.063363
lib/matplotlib/artist.py::970,0.063363
lib/matplotlib/artist.py::98,0.063363
lib/matplotlib/artist.py::980,0.063363
lib/matplotlib/artist.py::981,0.063363
lib/matplotlib/artist.py::982,0.063363
lib/matplotlib/artist.py::983,0.063363
lib/matplotlib/artist.py::99,0.063363
lib/matplotlib/artist.py::991,0.063363
lib/matplotlib/artist.py::994,0.063363
lib/matplotlib/artist.py::995,0.063363
lib/matplotlib/artist.py::998,0.063363
lib/matplotlib/artist.py::999,0.063363
lib/matplotlib/axes/_base.py::1048,0.063363
lib/matplotlib/axes/_base.py::1051,0.063363
lib/matplotlib/axes/_base.py::1053,0.063363
lib/matplotlib/axes/_base.py::1054,0.063363
lib/matplotlib/axes/_base.py::1056,0.063363
lib/matplotlib/axes/_base.py::1057,0.063363
lib/matplotlib/axes/_base.py::1059,0.063363
lib/matplotlib/axes/_base.py::1060,0.063363
lib/matplotlib/axes/_base.py::1062,0.063363
lib/matplotlib/axes/_base.py::1063,0.063363
lib/matplotlib/axes/_base.py::1065,0.063363
lib/matplotlib/axes/_base.py::1068,0.063363
lib/matplotlib/axes/_base.py::1069,0.063363
lib/matplotlib/axes/_base.py::1070,0.063363
lib/matplotlib/axes/_base.py::1073,0.063363
lib/matplotlib/axes/_base.py::1076,0.063363
lib/matplotlib/axes/_base.py::1077,0.063363
lib/matplotlib/axes/_base.py::1078,0.063363
lib/matplotlib/axes/_base.py::1083,0.063363
lib/matplotlib/axes/_base.py::1085,0.063363
lib/matplotlib/axes/_base.py::1088,0.063363
lib/matplotlib/axes/_base.py::1089,0.063363
lib/matplotlib/axes/_base.py::1090,0.063363
lib/matplotlib/axes/_base.py::1091,0.063363
lib/matplotlib/axes/_base.py::1092,0.063363
lib/matplotlib/axes/_base.py::1093,0.063363
lib/matplotlib/axes/_base.py::1094,0.063363
lib/matplotlib/axes/_base.py::1095,0.063363
lib/matplotlib/axes/_base.py::1096,0.063363
lib/matplotlib/axes/_base.py::1098,0.063363
lib/matplotlib/axes/_base.py::1099,0.063363
lib/matplotlib/axes/_base.py::1101,0.063363
lib/matplotlib/axes/_base.py::1102,0.063363
lib/matplotlib/axes/_base.py::1103,0.063363
lib/matplotlib/axes/_base.py::1104,0.063363
lib/matplotlib/axes/_base.py::1105,0.063363
lib/matplotlib/axes/_base.py::1106,0.063363
lib/matplotlib/axes/_base.py::1107,0.063363
lib/matplotlib/axes/_base.py::1108,0.063363
lib/matplotlib/axes/_base.py::1109,0.063363
lib/matplotlib/axes/_base.py::1110,0.063363
lib/matplotlib/axes/_base.py::1111,0.063363
lib/matplotlib/axes/_base.py::1112,0.063363
lib/matplotlib/axes/_base.py::1113,0.063363
lib/matplotlib/axes/_base.py::1115,0.063363
lib/matplotlib/axes/_base.py::1116,0.063363
lib/matplotlib/axes/_base.py::1117,0.063363
lib/matplotlib/axes/_base.py::1118,0.063363
lib/matplotlib/axes/_base.py::1119,0.063363
lib/matplotlib/axes/_base.py::1120,0.063363
lib/matplotlib/axes/_base.py::1122,0.063363
lib/matplotlib/axes/_base.py::1123,0.063363
lib/matplotlib/axes/_base.py::1129,0.063363
lib/matplotlib/axes/_base.py::1130,0.063363
lib/matplotlib/axes/_base.py::1131,0.063363
lib/matplotlib/axes/_base.py::1132,0.063363
lib/matplotlib/axes/_base.py::1133,0.063363
lib/matplotlib/axes/_base.py::1135,0.063363
lib/matplotlib/axes/_base.py::1136,0.063363
lib/matplotlib/axes/_base.py::1137,0.063363
lib/matplotlib/axes/_base.py::1138,0.063363
lib/matplotlib/axes/_base.py::1139,0.063363
lib/matplotlib/axes/_base.py::1140,0.063363
lib/matplotlib/axes/_base.py::1141,0.063363
lib/matplotlib/axes/_base.py::1142,0.063363
lib/matplotlib/axes/_base.py::1143,0.063363
lib/matplotlib/axes/_base.py::1144,0.063363
lib/matplotlib/axes/_base.py::1146,0.063363
lib/matplotlib/axes/_base.py::1149,0.063363
lib/matplotlib/axes/_base.py::1151,0.063363
lib/matplotlib/axes/_base.py::1152,0.063363
lib/matplotlib/axes/_base.py::1157,0.063363
lib/matplotlib/axes/_base.py::1158,0.063363
lib/matplotlib/axes/_base.py::1159,0.063363
lib/matplotlib/axes/_base.py::1160,0.063363
lib/matplotlib/axes/_base.py::1161,0.063363
lib/matplotlib/axes/_base.py::1162,0.063363
lib/matplotlib/axes/_base.py::1164,0.063363
lib/matplotlib/axes/_base.py::1166,0.063363
lib/matplotlib/axes/_base.py::1167,0.063363
lib/matplotlib/axes/_base.py::1169,0.063363
lib/matplotlib/axes/_base.py::1170,0.063363
lib/matplotlib/axes/_base.py::1171,0.063363
lib/matplotlib/axes/_base.py::1174,0.063363
lib/matplotlib/axes/_base.py::1178,0.063363
lib/matplotlib/axes/_base.py::1205,0.063363
lib/matplotlib/axes/_base.py::1206,0.063363
lib/matplotlib/axes/_base.py::1207,0.063363
lib/matplotlib/axes/_base.py::1208,0.063363
lib/matplotlib/axes/_base.py::1209,0.063363
lib/matplotlib/axes/_base.py::1210,0.063363
lib/matplotlib/axes/_base.py::1462,0.063363
lib/matplotlib/axes/_base.py::1463,0.063363
lib/matplotlib/axes/_base.py::1465,0.063363
lib/matplotlib/axes/_base.py::1472,0.063363
lib/matplotlib/axes/_base.py::1473,0.063363
lib/matplotlib/axes/_base.py::1474,0.063363
lib/matplotlib/axes/_base.py::186,0.063363
lib/matplotlib/axes/_base.py::187,0.063363
lib/matplotlib/axes/_base.py::188,0.063363
lib/matplotlib/axes/_base.py::200,0.063363
lib/matplotlib/axes/_base.py::201,0.063363
lib/matplotlib/axes/_base.py::205,0.063363
lib/matplotlib/axes/_base.py::207,0.063363
lib/matplotlib/axes/_base.py::2173,0.063363
lib/matplotlib/axes/_base.py::2175,0.063363
lib/matplotlib/axes/_base.py::2178,0.063363
lib/matplotlib/axes/_base.py::2180,0.063363
lib/matplotlib/axes/_base.py::2181,0.063363
lib/matplotlib/axes/_base.py::2184,0.063363
lib/matplotlib/axes/_base.py::2196,0.063363
lib/matplotlib/axes/_base.py::2198,0.063363
lib/matplotlib/axes/_base.py::2199,0.063363
lib/matplotlib/axes/_base.py::2200,0.063363
lib/matplotlib/axes/_base.py::2594,0.063363
lib/matplotlib/axes/_base.py::2841,0.063363
lib/matplotlib/axes/_base.py::2842,0.063363
lib/matplotlib/axes/_base.py::2844,0.063363
lib/matplotlib/axes/_base.py::2850,0.063363
lib/matplotlib/axes/_base.py::2851,0.063363
lib/matplotlib/axes/_base.py::2852,0.063363
lib/matplotlib/axes/_base.py::2891,0.063363
lib/matplotlib/axes/_base.py::2893,0.063363
lib/matplotlib/axes/_base.py::2894,0.063363
lib/matplotlib/axes/_base.py::2895,0.063363
lib/matplotlib/axes/_base.py::2896,0.063363
lib/matplotlib/axes/_base.py::2897,0.063363
lib/matplotlib/axes/_base.py::3112,0.063363
lib/matplotlib/axes/_base.py::3113,0.063363
lib/matplotlib/axes/_base.py::3212,0.063363
lib/matplotlib/axes/_base.py::3213,0.063363
lib/matplotlib/axes/_base.py::3214,0.063363
lib/matplotlib/axes/_base.py::3215,0.063363
lib/matplotlib/axes/_base.py::3217,0.063363
lib/matplotlib/axes/_base.py::3287,0.063363
lib/matplotlib/axes/_base.py::3289,0.063363
lib/matplotlib/axes/_base.py::3293,0.063363
lib/matplotlib/axes/_base.py::3298,0.063363
lib/matplotlib/axes/_base.py::3299,0.063363
lib/matplotlib/axes/_base.py::3300,0.063363
lib/matplotlib/axes/_base.py::3302,0.063363
lib/matplotlib/axes/_base.py::3311,0.063363
lib/matplotlib/axes/_base.py::3327,0.063363
lib/matplotlib/axes/_base.py::3331,0.063363
lib/matplotlib/axes/_base.py::3332,0.063363
lib/matplotlib/axes/_base.py::3333,0.063363
lib/matplotlib/axes/_base.py::3335,0.063363
lib/matplotlib/axes/_base.py::3337,0.063363
lib/matplotlib/axes/_base.py::3339,0.063363
lib/matplotlib/axes/_base.py::3340,0.063363
lib/matplotlib/axes/_base.py::3341,0.063363
lib/matplotlib/axes/_base.py::3342,0.063363
lib/matplotlib/axes/_base.py::3344,0.063363
lib/matplotlib/axes/_base.py::3345,0.063363
lib/matplotlib/axes/_base.py::3347,0.063363
lib/matplotlib/axes/_base.py::3348,0.063363
lib/matplotlib/axes/_base.py::3353,0.063363
lib/matplotlib/axes/_base.py::3354,0.063363
lib/matplotlib/axes/_base.py::3558,0.063363
lib/matplotlib/axes/_base.py::3560,0.063363
lib/matplotlib/axes/_base.py::3564,0.063363
lib/matplotlib/axes/_base.py::3569,0.063363
lib/matplotlib/axes/_base.py::3570,0.063363
lib/matplotlib/axes/_base.py::3571,0.063363
lib/matplotlib/axes/_base.py::3573,0.063363
lib/matplotlib/axes/_base.py::3582,0.063363
lib/matplotlib/axes/_base.py::3598,0.063363
lib/matplotlib/axes/_base.py::3603,0.063363
lib/matplotlib/axes/_base.py::3604,0.063363
lib/matplotlib/axes/_base.py::3605,0.063363
lib/matplotlib/axes/_base.py::3607,0.063363
lib/matplotlib/axes/_base.py::3609,0.063363
lib/matplotlib/axes/_base.py::3611,0.063363
lib/matplotlib/axes/_base.py::3612,0.063363
lib/matplotlib/axes/_base.py::3613,0.063363
lib/matplotlib/axes/_base.py::3614,0.063363
lib/matplotlib/axes/_base.py::3616,0.063363
lib/matplotlib/axes/_base.py::3617,0.063363
lib/matplotlib/axes/_base.py::3619,0.063363
lib/matplotlib/axes/_base.py::3620,0.063363
lib/matplotlib/axes/_base.py::3625,0.063363
lib/matplotlib/axes/_base.py::3626,0.063363
lib/matplotlib/axes/_base.py::479,0.063363
lib/matplotlib/axes/_base.py::480,0.063363
lib/matplotlib/axes/_base.py::484,0.063363
lib/matplotlib/axes/_base.py::486,0.063363
lib/matplotlib/axes/_base.py::487,0.063363
lib/matplotlib/axes/_base.py::488,0.063363
lib/matplotlib/axes/_base.py::489,0.063363
lib/matplotlib/axes/_base.py::490,0.063363
lib/matplotlib/axes/_base.py::491,0.063363
lib/matplotlib/axes/_base.py::492,0.063363
lib/matplotlib/axes/_base.py::493,0.063363
lib/matplotlib/axes/_base.py::494,0.063363
lib/matplotlib/axes/_base.py::495,0.063363
lib/matplotlib/axes/_base.py::496,0.063363
lib/matplotlib/axes/_base.py::497,0.063363
lib/matplotlib/axes/_base.py::498,0.063363
lib/matplotlib/axes/_base.py::500,0.063363
lib/matplotlib/axes/_base.py::503,0.063363
lib/matplotlib/axes/_base.py::504,0.063363
lib/matplotlib/axes/_base.py::505,0.063363
lib/matplotlib/axes/_base.py::506,0.063363
lib/matplotlib/axes/_base.py::507,0.063363
lib/matplotlib/axes/_base.py::508,0.063363
lib/matplotlib/axes/_base.py::510,0.063363
lib/matplotlib/axes/_base.py::511,0.063363
lib/matplotlib/axes/_base.py::513,0.063363
lib/matplotlib/axes/_base.py::515,0.063363
lib/matplotlib/axes/_base.py::628,0.063363
lib/matplotlib/axes/_base.py::63,0.063363
lib/matplotlib/axes/_base.py::630,0.063363
lib/matplotlib/axes/_base.py::631,0.063363
lib/matplotlib/axes/_base.py::633,0.063363
lib/matplotlib/axes/_base.py::634,0.063363
lib/matplotlib/axes/_base.py::635,0.063363
lib/matplotlib/axes/_base.py::636,0.063363
lib/matplotlib/axes/_base.py::638,0.063363
lib/matplotlib/axes/_base.py::858,0.063363
lib/matplotlib/axes/_base.py::859,0.063363
lib/matplotlib/axes/_base.py::860,0.063363
lib/matplotlib/axes/_base.py::861,0.063363
lib/matplotlib/axes/_base.py::962,0.063363
lib/matplotlib/axes/_base.py::963,0.063363
lib/matplotlib/axes/_base.py::966,0.063363
lib/matplotlib/axes/_base.py::967,0.063363
lib/matplotlib/axis.py::100,0.063363
lib/matplotlib/axis.py::102,0.063363
lib/matplotlib/axis.py::103,0.063363
lib/matplotlib/axis.py::105,0.063363
lib/matplotlib/axis.py::107,0.063363
lib/matplotlib/axis.py::108,0.063363
lib/matplotlib/axis.py::109,0.063363
lib/matplotlib/axis.py::111,0.063363
lib/matplotlib/axis.py::112,0.063363
lib/matplotlib/axis.py::113,0.063363
lib/matplotlib/axis.py::115,0.063363
lib/matplotlib/axis.py::116,0.063363
lib/matplotlib/axis.py::118,0.063363
lib/matplotlib/axis.py::119,0.063363
lib/matplotlib/axis.py::120,0.063363
lib/matplotlib/axis.py::122,0.063363
lib/matplotlib/axis.py::123,0.063363
lib/matplotlib/axis.py::125,0.063363
lib/matplotlib/axis.py::126,0.063363
lib/matplotlib/axis.py::128,0.063363
lib/matplotlib/axis.py::130,0.063363
lib/matplotlib/axis.py::131,0.063363
lib/matplotlib/axis.py::132,0.063363
lib/matplotlib/axis.py::134,0.063363
lib/matplotlib/axis.py::135,0.063363
lib/matplotlib/axis.py::1361,0.063363
lib/matplotlib/axis.py::137,0.063363
lib/matplotlib/axis.py::138,0.063363
lib/matplotlib/axis.py::139,0.063363
lib/matplotlib/axis.py::140,0.063363
lib/matplotlib/axis.py::141,0.063363
lib/matplotlib/axis.py::142,0.063363
lib/matplotlib/axis.py::1425,0.063363
lib/matplotlib/axis.py::143,0.063363
lib/matplotlib/axis.py::1431,0.063363
lib/matplotlib/axis.py::1432,0.063363
lib/matplotlib/axis.py::1433,0.063363
lib/matplotlib/axis.py::1435,0.063363
lib/matplotlib/axis.py::144,0.063363
lib/matplotlib/axis.py::1442,0.063363
lib/matplotlib/axis.py::1443,0.063363
lib/matplotlib/axis.py::1446,0.063363
lib/matplotlib/axis.py::1447,0.063363
lib/matplotlib/axis.py::1448,0.063363
lib/matplotlib/axis.py::1449,0.063363
lib/matplotlib/axis.py::145,0.063363
lib/matplotlib/axis.py::1457,0.063363
lib/matplotlib/axis.py::1458,0.063363
lib/matplotlib/axis.py::1459,0.063363
lib/matplotlib/axis.py::147,0.063363
lib/matplotlib/axis.py::149,0.063363
lib/matplotlib/axis.py::150,0.063363
lib/matplotlib/axis.py::1507,0.063363
lib/matplotlib/axis.py::151,0.063363
lib/matplotlib/axis.py::1511,0.063363
lib/matplotlib/axis.py::1512,0.063363
lib/matplotlib/axis.py::152,0.063363
lib/matplotlib/axis.py::1534,0.063363
lib/matplotlib/axis.py::1535,0.063363
lib/matplotlib/axis.py::154,0.063363
lib/matplotlib/axis.py::155,0.063363
lib/matplotlib/axis.py::156,0.063363
lib/matplotlib/axis.py::157,0.063363
lib/matplotlib/axis.py::159,0.063363
lib/matplotlib/axis.py::1591,0.063363
lib/matplotlib/axis.py::160,0.063363
lib/matplotlib/axis.py::1605,0.063363
lib/matplotlib/axis.py::1608,0.063363
lib/matplotlib/axis.py::161,0.063363
lib/matplotlib/axis.py::1612,0.063363
lib/matplotlib/axis.py::1613,0.063363
lib/matplotlib/axis.py::1616,0.063363
lib/matplotlib/axis.py::1618,0.063363
lib/matplotlib/axis.py::162,0.063363
lib/matplotlib/axis.py::1624,0.063363
lib/matplotlib/axis.py::1625,0.063363
lib/matplotlib/axis.py::1627,0.063363
lib/matplotlib/axis.py::1629,0.063363
lib/matplotlib/axis.py::163,0.063363
lib/matplotlib/axis.py::1630,0.063363
lib/matplotlib/axis.py::1631,0.063363
lib/matplotlib/axis.py::1641,0.063363
lib/matplotlib/axis.py::1642,0.063363
lib/matplotlib/axis.py::1643,0.063363
lib/matplotlib/axis.py::1644,0.063363
lib/matplotlib/axis.py::1645,0.063363
lib/matplotlib/axis.py::1646,0.063363
lib/matplotlib/axis.py::1647,0.063363
lib/matplotlib/axis.py::1657,0.063363
lib/matplotlib/axis.py::1658,0.063363
lib/matplotlib/axis.py::1659,0.063363
lib/matplotlib/axis.py::166,0.063363
lib/matplotlib/axis.py::1660,0.063363
lib/matplotlib/axis.py::1661,0.063363
lib/matplotlib/axis.py::1662,0.063363
lib/matplotlib/axis.py::1663,0.063363
lib/matplotlib/axis.py::167,0.063363
lib/matplotlib/axis.py::168,0.063363
lib/matplotlib/axis.py::169,0.063363
lib/matplotlib/axis.py::170,0.063363
lib/matplotlib/axis.py::171,0.063363
lib/matplotlib/axis.py::172,0.063363
lib/matplotlib/axis.py::173,0.063363
lib/matplotlib/axis.py::177,0.063363
lib/matplotlib/axis.py::178,0.063363
lib/matplotlib/axis.py::179,0.063363
lib/matplotlib/axis.py::183,0.063363
lib/matplotlib/axis.py::185,0.063363
lib/matplotlib/axis.py::186,0.063363
lib/matplotlib/axis.py::187,0.063363
lib/matplotlib/axis.py::189,0.063363
lib/matplotlib/axis.py::1968,0.063363
lib/matplotlib/axis.py::197,0.063363
lib/matplotlib/axis.py::1971,0.063363
lib/matplotlib/axis.py::1972,0.063363
lib/matplotlib/axis.py::1973,0.063363
lib/matplotlib/axis.py::1974,0.063363
lib/matplotlib/axis.py::1975,0.063363
lib/matplotlib/axis.py::1977,0.063363
lib/matplotlib/axis.py::1978,0.063363
lib/matplotlib/axis.py::1979,0.063363
lib/matplotlib/axis.py::1980,0.063363
lib/matplotlib/axis.py::1981,0.063363
lib/matplotlib/axis.py::1982,0.063363
lib/matplotlib/axis.py::1983,0.063363
lib/matplotlib/axis.py::1984,0.063363
lib/matplotlib/axis.py::1986,0.063363
lib/matplotlib/axis.py::200,0.063363
lib/matplotlib/axis.py::203,0.063363
lib/matplotlib/axis.py::204,0.063363
lib/matplotlib/axis.py::205,0.063363
lib/matplotlib/axis.py::206,0.063363
lib/matplotlib/axis.py::217,0.063363
lib/matplotlib/axis.py::218,0.063363
lib/matplotlib/axis.py::219,0.063363
lib/matplotlib/axis.py::221,0.063363
lib/matplotlib/axis.py::2213,0.063363
lib/matplotlib/axis.py::2256,0.063363
lib/matplotlib/axis.py::2259,0.063363
lib/matplotlib/axis.py::2260,0.063363
lib/matplotlib/axis.py::2261,0.063363
lib/matplotlib/axis.py::2262,0.063363
lib/matplotlib/axis.py::2263,0.063363
lib/matplotlib/axis.py::2264,0.063363
lib/matplotlib/axis.py::2266,0.063363
lib/matplotlib/axis.py::2268,0.063363
lib/matplotlib/axis.py::2269,0.063363
lib/matplotlib/axis.py::2270,0.063363
lib/matplotlib/axis.py::2271,0.063363
lib/matplotlib/axis.py::2272,0.063363
lib/matplotlib/axis.py::2273,0.063363
lib/matplotlib/axis.py::2274,0.063363
lib/matplotlib/axis.py::2276,0.063363
lib/matplotlib/axis.py::230,0.063363
lib/matplotlib/axis.py::231,0.063363
lib/matplotlib/axis.py::232,0.063363
lib/matplotlib/axis.py::2498,0.063363
lib/matplotlib/axis.py::333,0.063363
lib/matplotlib/axis.py::342,0.063363
lib/matplotlib/axis.py::343,0.063363
lib/matplotlib/axis.py::344,0.063363
lib/matplotlib/axis.py::345,0.063363
lib/matplotlib/axis.py::346,0.063363
lib/matplotlib/axis.py::347,0.063363
lib/matplotlib/axis.py::348,0.063363
lib/matplotlib/axis.py::349,0.063363
lib/matplotlib/axis.py::368,0.063363
lib/matplotlib/axis.py::369,0.063363
lib/matplotlib/axis.py::371,0.063363
lib/matplotlib/axis.py::372,0.063363
lib/matplotlib/axis.py::373,0.063363
lib/matplotlib/axis.py::376,0.063363
lib/matplotlib/axis.py::381,0.063363
lib/matplotlib/axis.py::383,0.063363
lib/matplotlib/axis.py::384,0.063363
lib/matplotlib/axis.py::385,0.063363
lib/matplotlib/axis.py::392,0.063363
lib/matplotlib/axis.py::394,0.063363
lib/matplotlib/axis.py::395,0.063363
lib/matplotlib/axis.py::417,0.063363
lib/matplotlib/axis.py::419,0.063363
lib/matplotlib/axis.py::420,0.063363
lib/matplotlib/axis.py::421,0.063363
lib/matplotlib/axis.py::422,0.063363
lib/matplotlib/axis.py::424,0.063363
lib/matplotlib/axis.py::425,0.063363
lib/matplotlib/axis.py::426,0.063363
lib/matplotlib/axis.py::427,0.063363
lib/matplotlib/axis.py::429,0.063363
lib/matplotlib/axis.py::430,0.063363
lib/matplotlib/axis.py::431,0.063363
lib/matplotlib/axis.py::434,0.063363
lib/matplotlib/axis.py::435,0.063363
lib/matplotlib/axis.py::436,0.063363
lib/matplotlib/axis.py::437,0.063363
lib/matplotlib/axis.py::439,0.063363
lib/matplotlib/axis.py::440,0.063363
lib/matplotlib/axis.py::441,0.063363
lib/matplotlib/axis.py::442,0.063363
lib/matplotlib/axis.py::446,0.063363
lib/matplotlib/axis.py::449,0.063363
lib/matplotlib/axis.py::453,0.063363
lib/matplotlib/axis.py::454,0.063363
lib/matplotlib/axis.py::455,0.063363
lib/matplotlib/axis.py::456,0.063363
lib/matplotlib/axis.py::458,0.063363
lib/matplotlib/axis.py::464,0.063363
lib/matplotlib/axis.py::465,0.063363
lib/matplotlib/axis.py::469,0.063363
lib/matplotlib/axis.py::470,0.063363
lib/matplotlib/axis.py::471,0.063363
lib/matplotlib/axis.py::472,0.063363
lib/matplotlib/axis.py::473,0.063363
lib/matplotlib/axis.py::474,0.063363
lib/matplotlib/axis.py::475,0.063363
lib/matplotlib/axis.py::490,0.063363
lib/matplotlib/axis.py::492,0.063363
lib/matplotlib/axis.py::493,0.063363
lib/matplotlib/axis.py::494,0.063363
lib/matplotlib/axis.py::495,0.063363
lib/matplotlib/axis.py::497,0.063363
lib/matplotlib/axis.py::498,0.063363
lib/matplotlib/axis.py::499,0.063363
lib/matplotlib/axis.py::500,0.063363
lib/matplotlib/axis.py::502,0.063363
lib/matplotlib/axis.py::503,0.063363
lib/matplotlib/axis.py::504,0.063363
lib/matplotlib/axis.py::507,0.063363
lib/matplotlib/axis.py::508,0.063363
lib/matplotlib/axis.py::509,0.063363
lib/matplotlib/axis.py::510,0.063363
lib/matplotlib/axis.py::512,0.063363
lib/matplotlib/axis.py::513,0.063363
lib/matplotlib/axis.py::514,0.063363
lib/matplotlib/axis.py::515,0.063363
lib/matplotlib/axis.py::519,0.063363
lib/matplotlib/axis.py::522,0.063363
lib/matplotlib/axis.py::525,0.063363
lib/matplotlib/axis.py::526,0.063363
lib/matplotlib/axis.py::527,0.063363
lib/matplotlib/axis.py::529,0.063363
lib/matplotlib/axis.py::535,0.063363
lib/matplotlib/axis.py::536,0.063363
lib/matplotlib/axis.py::540,0.063363
lib/matplotlib/axis.py::541,0.063363
lib/matplotlib/axis.py::542,0.063363
lib/matplotlib/axis.py::543,0.063363
lib/matplotlib/axis.py::544,0.063363
lib/matplotlib/axis.py::545,0.063363
lib/matplotlib/axis.py::546,0.063363
lib/matplotlib/axis.py::566,0.063363
lib/matplotlib/axis.py::567,0.063363
lib/matplotlib/axis.py::571,0.063363
lib/matplotlib/axis.py::575,0.063363
lib/matplotlib/axis.py::580,0.063363
lib/matplotlib/axis.py::584,0.063363
lib/matplotlib/axis.py::588,0.063363
lib/matplotlib/axis.py::593,0.063363
lib/matplotlib/axis.py::608,0.063363
lib/matplotlib/axis.py::616,0.063363
lib/matplotlib/axis.py::617,0.063363
lib/matplotlib/axis.py::618,0.063363
lib/matplotlib/axis.py::619,0.063363
lib/matplotlib/axis.py::620,0.063363
lib/matplotlib/axis.py::622,0.063363
lib/matplotlib/axis.py::623,0.063363
lib/matplotlib/axis.py::624,0.063363
lib/matplotlib/axis.py::625,0.063363
lib/matplotlib/axis.py::674,0.063363
lib/matplotlib/axis.py::675,0.063363
lib/matplotlib/axis.py::677,0.063363
lib/matplotlib/axis.py::679,0.063363
lib/matplotlib/axis.py::681,0.063363
lib/matplotlib/axis.py::682,0.063363
lib/matplotlib/axis.py::683,0.063363
lib/matplotlib/axis.py::684,0.063363
lib/matplotlib/axis.py::686,0.063363
lib/matplotlib/axis.py::687,0.063363
lib/matplotlib/axis.py::689,0.063363
lib/matplotlib/axis.py::690,0.063363
lib/matplotlib/axis.py::691,0.063363
lib/matplotlib/axis.py::692,0.063363
lib/matplotlib/axis.py::693,0.063363
lib/matplotlib/axis.py::695,0.063363
lib/matplotlib/axis.py::696,0.063363
lib/matplotlib/axis.py::697,0.063363
lib/matplotlib/axis.py::699,0.063363
lib/matplotlib/axis.py::701,0.063363
lib/matplotlib/axis.py::704,0.063363
lib/matplotlib/axis.py::705,0.063363
lib/matplotlib/axis.py::707,0.063363
lib/matplotlib/axis.py::708,0.063363
lib/matplotlib/axis.py::748,0.063363
lib/matplotlib/axis.py::752,0.063363
lib/matplotlib/axis.py::755,0.063363
lib/matplotlib/axis.py::756,0.063363
lib/matplotlib/axis.py::758,0.063363
lib/matplotlib/axis.py::759,0.063363
lib/matplotlib/axis.py::760,0.063363
lib/matplotlib/axis.py::761,0.063363
lib/matplotlib/axis.py::764,0.063363
lib/matplotlib/axis.py::773,0.063363
lib/matplotlib/axis.py::775,0.063363
lib/matplotlib/axis.py::778,0.063363
lib/matplotlib/axis.py::782,0.063363
lib/matplotlib/axis.py::785,0.063363
lib/matplotlib/axis.py::788,0.063363
lib/matplotlib/axis.py::790,0.063363
lib/matplotlib/axis.py::791,0.063363
lib/matplotlib/axis.py::792,0.063363
lib/matplotlib/axis.py::793,0.063363
lib/matplotlib/axis.py::802,0.063363
lib/matplotlib/axis.py::803,0.063363
lib/matplotlib/axis.py::804,0.063363
lib/matplotlib/axis.py::805,0.063363
lib/matplotlib/axis.py::806,0.063363
lib/matplotlib/axis.py::807,0.063363
lib/matplotlib/axis.py::808,0.063363
lib/matplotlib/axis.py::809,0.063363
lib/matplotlib/axis.py::810,0.063363
lib/matplotlib/axis.py::811,0.063363
lib/matplotlib/axis.py::812,0.063363
lib/matplotlib/axis.py::813,0.063363
lib/matplotlib/axis.py::822,0.063363
lib/matplotlib/axis.py::823,0.063363
lib/matplotlib/axis.py::827,0.063363
lib/matplotlib/axis.py::836,0.063363
lib/matplotlib/axis.py::837,0.063363
lib/matplotlib/axis.py::838,0.063363
lib/matplotlib/axis.py::839,0.063363
lib/matplotlib/axis.py::840,0.063363
lib/matplotlib/axis.py::845,0.063363
lib/matplotlib/axis.py::849,0.063363
lib/matplotlib/axis.py::85,0.063363
lib/matplotlib/axis.py::852,0.063363
lib/matplotlib/axis.py::857,0.063363
lib/matplotlib/axis.py::858,0.063363
lib/matplotlib/axis.py::859,0.063363
lib/matplotlib/axis.py::860,0.063363
lib/matplotlib/axis.py::861,0.063363
lib/matplotlib/axis.py::862,0.063363
lib/matplotlib/axis.py::863,0.063363
lib/matplotlib/axis.py::864,0.063363
lib/matplotlib/axis.py::866,0.063363
lib/matplotlib/axis.py::868,0.063363
lib/matplotlib/axis.py::87,0.063363
lib/matplotlib/axis.py::870,0.063363
lib/matplotlib/axis.py::872,0.063363
lib/matplotlib/axis.py::874,0.063363
lib/matplotlib/axis.py::876,0.063363
lib/matplotlib/axis.py::878,0.063363
lib/matplotlib/axis.py::88,0.063363
lib/matplotlib/axis.py::880,0.063363
lib/matplotlib/axis.py::882,0.063363
lib/matplotlib/axis.py::884,0.063363
lib/matplotlib/axis.py::886,0.063363
lib/matplotlib/axis.py::891,0.063363
lib/matplotlib/axis.py::892,0.063363
lib/matplotlib/axis.py::896,0.063363
lib/matplotlib/axis.py::897,0.063363
lib/matplotlib/axis.py::900,0.063363
lib/matplotlib/axis.py::901,0.063363
lib/matplotlib/axis.py::902,0.063363
lib/matplotlib/axis.py::903,0.063363
lib/matplotlib/axis.py::91,0.063363
lib/matplotlib/axis.py::92,0.063363
lib/matplotlib/axis.py::95,0.063363
lib/matplotlib/axis.py::97,0.063363
lib/matplotlib/axis.py::98,0.063363
lib/matplotlib/axis.py::981,0.063363
lib/matplotlib/axis.py::983,0.063363
lib/matplotlib/backend_bases.py::1596,0.063363
lib/matplotlib/backend_bases.py::1597,0.063363
lib/matplotlib/backend_bases.py::1598,0.063363
lib/matplotlib/backend_bases.py::1599,0.063363
lib/matplotlib/backend_bases.py::1600,0.063363
lib/matplotlib/backend_bases.py::1601,0.063363
lib/matplotlib/backend_bases.py::1603,0.063363
lib/matplotlib/backend_bases.py::1604,0.063363
lib/matplotlib/backend_bases.py::1605,0.063363
lib/matplotlib/backend_bases.py::1606,0.063363
lib/matplotlib/backend_bases.py::1607,0.063363
lib/matplotlib/backend_bases.py::1608,0.063363
lib/matplotlib/backend_bases.py::1609,0.063363
lib/matplotlib/backend_bases.py::1610,0.063363
lib/matplotlib/backend_bases.py::1611,0.063363
lib/matplotlib/backend_bases.py::1612,0.063363
lib/matplotlib/backend_bases.py::2235,0.063363
lib/matplotlib/cbook/__init__.py::101,0.063363
lib/matplotlib/cbook/__init__.py::1275,0.063363
lib/matplotlib/cbook/__init__.py::1276,0.063363
lib/matplotlib/cbook/__init__.py::1277,0.063363
lib/matplotlib/cbook/__init__.py::1278,0.063363
lib/matplotlib/cbook/__init__.py::1286,0.063363
lib/matplotlib/cbook/__init__.py::1289,0.063363
lib/matplotlib/cbook/__init__.py::159,0.063363
lib/matplotlib/cbook/__init__.py::1592,0.063363
lib/matplotlib/cbook/__init__.py::160,0.063363
lib/matplotlib/cbook/__init__.py::161,0.063363
lib/matplotlib/cbook/__init__.py::162,0.063363
lib/matplotlib/cbook/__init__.py::170,0.063363
lib/matplotlib/cbook/__init__.py::171,0.063363
lib/matplotlib/cbook/__init__.py::1715,0.063363
lib/matplotlib/cbook/__init__.py::1718,0.063363
lib/matplotlib/cbook/__init__.py::172,0.063363
lib/matplotlib/cbook/__init__.py::1720,0.063363
lib/matplotlib/cbook/__init__.py::1721,0.063363
lib/matplotlib/cbook/__init__.py::1722,0.063363
lib/matplotlib/cbook/__init__.py::1724,0.063363
lib/matplotlib/cbook/__init__.py::1725,0.063363
lib/matplotlib/cbook/__init__.py::1726,0.063363
lib/matplotlib/cbook/__init__.py::1727,0.063363
lib/matplotlib/cbook/__init__.py::1728,0.063363
lib/matplotlib/cbook/__init__.py::173,0.063363
lib/matplotlib/cbook/__init__.py::1730,0.063363
lib/matplotlib/cbook/__init__.py::1731,0.063363
lib/matplotlib/cbook/__init__.py::1732,0.063363
lib/matplotlib/cbook/__init__.py::1735,0.063363
lib/matplotlib/cbook/__init__.py::1736,0.063363
lib/matplotlib/cbook/__init__.py::1738,0.063363
lib/matplotlib/cbook/__init__.py::1739,0.063363
lib/matplotlib/cbook/__init__.py::174,0.063363
lib/matplotlib/cbook/__init__.py::1743,0.063363
lib/matplotlib/cbook/__init__.py::1744,0.063363
lib/matplotlib/cbook/__init__.py::1748,0.063363
lib/matplotlib/cbook/__init__.py::175,0.063363
lib/matplotlib/cbook/__init__.py::1757,0.063363
lib/matplotlib/cbook/__init__.py::178,0.063363
lib/matplotlib/cbook/__init__.py::179,0.063363
lib/matplotlib/cbook/__init__.py::180,0.063363
lib/matplotlib/cbook/__init__.py::181,0.063363
lib/matplotlib/cbook/__init__.py::182,0.063363
lib/matplotlib/cbook/__init__.py::2034,0.063363
lib/matplotlib/cbook/__init__.py::2035,0.063363
lib/matplotlib/cbook/__init__.py::2036,0.063363
lib/matplotlib/cbook/__init__.py::2037,0.063363
lib/matplotlib/cbook/__init__.py::2038,0.063363
lib/matplotlib/cbook/__init__.py::2039,0.063363
lib/matplotlib/cbook/__init__.py::2041,0.063363
lib/matplotlib/cbook/__init__.py::2042,0.063363
lib/matplotlib/cbook/__init__.py::2045,0.063363
lib/matplotlib/cbook/__init__.py::2072,0.063363
lib/matplotlib/cbook/__init__.py::2189,0.063363
lib/matplotlib/cbook/__init__.py::2190,0.063363
lib/matplotlib/cbook/__init__.py::2191,0.063363
lib/matplotlib/cbook/__init__.py::2192,0.063363
lib/matplotlib/cbook/__init__.py::2193,0.063363
lib/matplotlib/cbook/__init__.py::2195,0.063363
lib/matplotlib/cbook/__init__.py::2196,0.063363
lib/matplotlib/cbook/__init__.py::2197,0.063363
lib/matplotlib/cbook/__init__.py::2199,0.063363
lib/matplotlib/cbook/__init__.py::220,0.063363
lib/matplotlib/cbook/__init__.py::2200,0.063363
lib/matplotlib/cbook/__init__.py::2203,0.063363
lib/matplotlib/cbook/__init__.py::2204,0.063363
lib/matplotlib/cbook/__init__.py::2246,0.063363
lib/matplotlib/cbook/__init__.py::2247,0.063363
lib/matplotlib/cbook/__init__.py::2248,0.063363
lib/matplotlib/cbook/__init__.py::2250,0.063363
lib/matplotlib/cbook/__init__.py::2251,0.063363
lib/matplotlib/cbook/__init__.py::2252,0.063363
lib/matplotlib/cbook/__init__.py::553,0.063363
lib/matplotlib/cbook/__init__.py::554,0.063363
lib/matplotlib/cbook/__init__.py::607,0.063363
lib/matplotlib/cbook/__init__.py::608,0.063363
lib/matplotlib/cbook/__init__.py::799,0.063363
lib/matplotlib/cbook/__init__.py::806,0.063363
lib/matplotlib/cbook/__init__.py::807,0.063363
lib/matplotlib/cbook/__init__.py::808,0.063363
lib/matplotlib/cbook/__init__.py::855,0.063363
lib/matplotlib/cbook/__init__.py::856,0.063363
lib/matplotlib/cbook/__init__.py::857,0.063363
lib/matplotlib/cbook/__init__.py::92,0.063363
lib/matplotlib/cbook/deprecation.py::384,0.063363
lib/matplotlib/cbook/deprecation.py::385,0.063363
lib/matplotlib/cbook/deprecation.py::390,0.063363
lib/matplotlib/cbook/deprecation.py::397,0.063363
lib/matplotlib/cbook/deprecation.py::398,0.063363
lib/matplotlib/cbook/deprecation.py::410,0.063363
lib/matplotlib/cbook/deprecation.py::476,0.063363
lib/matplotlib/cbook/deprecation.py::477,0.063363
lib/matplotlib/cbook/deprecation.py::479,0.063363
lib/matplotlib/cbook/deprecation.py::480,0.063363
lib/matplotlib/cbook/deprecation.py::481,0.063363
lib/matplotlib/cbook/deprecation.py::489,0.063363
lib/matplotlib/figure.py::1058,0.063363
lib/matplotlib/figure.py::1061,0.063363
lib/matplotlib/figure.py::1062,0.063363
lib/matplotlib/figure.py::1072,0.063363
lib/matplotlib/figure.py::1074,0.063363
lib/matplotlib/figure.py::1075,0.063363
lib/matplotlib/figure.py::1076,0.063363
lib/matplotlib/figure.py::1077,0.063363
lib/matplotlib/figure.py::1079,0.063363
lib/matplotlib/figure.py::1080,0.063363
lib/matplotlib/figure.py::1082,0.063363
lib/matplotlib/figure.py::1083,0.063363
lib/matplotlib/figure.py::1094,0.063363
lib/matplotlib/figure.py::1102,0.063363
lib/matplotlib/figure.py::1113,0.063363
lib/matplotlib/figure.py::1115,0.063363
lib/matplotlib/figure.py::1591,0.063363
lib/matplotlib/figure.py::1592,0.063363
lib/matplotlib/figure.py::1594,0.063363
lib/matplotlib/figure.py::1598,0.063363
lib/matplotlib/figure.py::1599,0.063363
lib/matplotlib/figure.py::1601,0.063363
lib/matplotlib/figure.py::1602,0.063363
lib/matplotlib/figure.py::1603,0.063363
lib/matplotlib/figure.py::1604,0.063363
lib/matplotlib/figure.py::1605,0.063363
lib/matplotlib/figure.py::1606,0.063363
lib/matplotlib/figure.py::1607,0.063363
lib/matplotlib/figure.py::1608,0.063363
lib/matplotlib/figure.py::1609,0.063363
lib/matplotlib/figure.py::1610,0.063363
lib/matplotlib/figure.py::1611,0.063363
lib/matplotlib/figure.py::1613,0.063363
lib/matplotlib/figure.py::1816,0.063363
lib/matplotlib/figure.py::1817,0.063363
lib/matplotlib/figure.py::1818,0.063363
lib/matplotlib/figure.py::1819,0.063363
lib/matplotlib/figure.py::188,0.063363
lib/matplotlib/figure.py::189,0.063363
lib/matplotlib/figure.py::190,0.063363
lib/matplotlib/figure.py::191,0.063363
lib/matplotlib/figure.py::198,0.063363
lib/matplotlib/figure.py::199,0.063363
lib/matplotlib/figure.py::200,0.063363
lib/matplotlib/figure.py::202,0.063363
lib/matplotlib/figure.py::203,0.063363
lib/matplotlib/figure.py::205,0.063363
lib/matplotlib/figure.py::207,0.063363
lib/matplotlib/figure.py::209,0.063363
lib/matplotlib/figure.py::211,0.063363
lib/matplotlib/figure.py::213,0.063363
lib/matplotlib/figure.py::215,0.063363
lib/matplotlib/figure.py::301,0.063363
lib/matplotlib/figure.py::306,0.063363
lib/matplotlib/figure.py::307,0.063363
lib/matplotlib/figure.py::309,0.063363
lib/matplotlib/figure.py::311,0.063363
lib/matplotlib/figure.py::313,0.063363
lib/matplotlib/figure.py::315,0.063363
lib/matplotlib/figure.py::317,0.063363
lib/matplotlib/figure.py::320,0.063363
lib/matplotlib/figure.py::323,0.063363
lib/matplotlib/figure.py::325,0.063363
lib/matplotlib/figure.py::327,0.063363
lib/matplotlib/figure.py::328,0.063363
lib/matplotlib/figure.py::330,0.063363
lib/matplotlib/figure.py::332,0.063363
lib/matplotlib/figure.py::333,0.063363
lib/matplotlib/figure.py::334,0.063363
lib/matplotlib/figure.py::336,0.063363
lib/matplotlib/figure.py::337,0.063363
lib/matplotlib/figure.py::338,0.063363
lib/matplotlib/figure.py::340,0.063363
lib/matplotlib/figure.py::341,0.063363
lib/matplotlib/figure.py::343,0.063363
lib/matplotlib/figure.py::344,0.063363
lib/matplotlib/figure.py::346,0.063363
lib/matplotlib/figure.py::348,0.063363
lib/matplotlib/figure.py::350,0.063363
lib/matplotlib/figure.py::352,0.063363
lib/matplotlib/figure.py::354,0.063363
lib/matplotlib/figure.py::355,0.063363
lib/matplotlib/figure.py::356,0.063363
lib/matplotlib/figure.py::361,0.063363
lib/matplotlib/figure.py::362,0.063363
lib/matplotlib/figure.py::365,0.063363
lib/matplotlib/figure.py::42,0.063363
lib/matplotlib/figure.py::424,0.063363
lib/matplotlib/figure.py::43,0.063363
lib/matplotlib/figure.py::473,0.063363
lib/matplotlib/figure.py::474,0.063363
lib/matplotlib/figure.py::475,0.063363
lib/matplotlib/figure.py::476,0.063363
lib/matplotlib/figure.py::477,0.063363
lib/matplotlib/figure.py::485,0.063363
lib/matplotlib/figure.py::503,0.063363
lib/matplotlib/figure.py::504,0.063363
lib/matplotlib/figure.py::505,0.063363
lib/matplotlib/figure.py::506,0.063363
lib/matplotlib/figure.py::507,0.063363
lib/matplotlib/figure.py::508,0.063363
lib/matplotlib/figure.py::510,0.063363
lib/matplotlib/figure.py::511,0.063363
lib/matplotlib/figure.py::514,0.063363
lib/matplotlib/figure.py::516,0.063363
lib/matplotlib/figure.py::545,0.063363
lib/matplotlib/figure.py::546,0.063363
lib/matplotlib/figure.py::547,0.063363
lib/matplotlib/figure.py::551,0.063363
lib/matplotlib/figure.py::61,0.063363
lib/matplotlib/figure.py::62,0.063363
lib/matplotlib/figure.py::68,0.063363
lib/matplotlib/figure.py::69,0.063363
lib/matplotlib/figure.py::70,0.063363
lib/matplotlib/figure.py::759,0.063363
lib/matplotlib/figure.py::77,0.063363
lib/matplotlib/figure.py::78,0.063363
lib/matplotlib/figure.py::79,0.063363
lib/matplotlib/font_manager.py::1017,0.063363
lib/matplotlib/font_manager.py::1019,0.063363
lib/matplotlib/font_manager.py::1121,0.063363
lib/matplotlib/font_manager.py::689,0.063363
lib/matplotlib/font_manager.py::690,0.063363
lib/matplotlib/font_manager.py::691,0.063363
lib/matplotlib/font_manager.py::692,0.063363
lib/matplotlib/font_manager.py::693,0.063363
lib/matplotlib/font_manager.py::694,0.063363
lib/matplotlib/font_manager.py::695,0.063363
lib/matplotlib/font_manager.py::697,0.063363
lib/matplotlib/font_manager.py::705,0.063363
lib/matplotlib/font_manager.py::706,0.063363
lib/matplotlib/font_manager.py::707,0.063363
lib/matplotlib/font_manager.py::708,0.063363
lib/matplotlib/font_manager.py::709,0.063363
lib/matplotlib/font_manager.py::710,0.063363
lib/matplotlib/font_manager.py::711,0.063363
lib/matplotlib/font_manager.py::725,0.063363
lib/matplotlib/font_manager.py::726,0.063363
lib/matplotlib/font_manager.py::727,0.063363
lib/matplotlib/font_manager.py::728,0.063363
lib/matplotlib/font_manager.py::827,0.063363
lib/matplotlib/font_manager.py::828,0.063363
lib/matplotlib/font_manager.py::829,0.063363
lib/matplotlib/font_manager.py::836,0.063363
lib/matplotlib/font_manager.py::837,0.063363
lib/matplotlib/font_manager.py::838,0.063363
lib/matplotlib/font_manager.py::839,0.063363
lib/matplotlib/font_manager.py::846,0.063363
lib/matplotlib/font_manager.py::847,0.063363
lib/matplotlib/font_manager.py::848,0.063363
lib/matplotlib/font_manager.py::849,0.063363
lib/matplotlib/font_manager.py::858,0.063363
lib/matplotlib/font_manager.py::859,0.063363
lib/matplotlib/font_manager.py::860,0.063363
lib/matplotlib/font_manager.py::861,0.063363
lib/matplotlib/font_manager.py::864,0.063363
lib/matplotlib/font_manager.py::865,0.063363
lib/matplotlib/font_manager.py::867,0.063363
lib/matplotlib/font_manager.py::876,0.063363
lib/matplotlib/font_manager.py::877,0.063363
lib/matplotlib/font_manager.py::878,0.063363
lib/matplotlib/font_manager.py::879,0.063363
lib/matplotlib/font_manager.py::882,0.063363
lib/matplotlib/font_manager.py::883,0.063363
lib/matplotlib/font_manager.py::885,0.063363
lib/matplotlib/font_manager.py::893,0.063363
lib/matplotlib/font_manager.py::894,0.063363
lib/matplotlib/font_manager.py::895,0.063363
lib/matplotlib/font_manager.py::896,0.063363
lib/matplotlib/font_manager.py::897,0.063363
lib/matplotlib/font_manager.py::898,0.063363
lib/matplotlib/font_manager.py::899,0.063363
lib/matplotlib/font_manager.py::905,0.063363
lib/matplotlib/font_manager.py::906,0.063363
lib/matplotlib/font_manager.py::910,0.063363
lib/matplotlib/font_manager.py::917,0.063363
lib/matplotlib/font_manager.py::934,0.063363
lib/matplotlib/font_manager.py::935,0.063363
lib/matplotlib/font_manager.py::936,0.063363
lib/matplotlib/lines.py::1010,0.063363
lib/matplotlib/lines.py::1011,0.063363
lib/matplotlib/lines.py::1012,0.063363
lib/matplotlib/lines.py::1030,0.063363
lib/matplotlib/lines.py::1031,0.063363
lib/matplotlib/lines.py::1032,0.063363
lib/matplotlib/lines.py::1042,0.063363
lib/matplotlib/lines.py::1043,0.063363
lib/matplotlib/lines.py::1071,0.063363
lib/matplotlib/lines.py::1073,0.063363
lib/matplotlib/lines.py::1074,0.063363
lib/matplotlib/lines.py::1075,0.063363
lib/matplotlib/lines.py::1077,0.063363
lib/matplotlib/lines.py::1078,0.063363
lib/matplotlib/lines.py::1089,0.063363
lib/matplotlib/lines.py::1091,0.063363
lib/matplotlib/lines.py::1093,0.063363
lib/matplotlib/lines.py::1095,0.063363
lib/matplotlib/lines.py::1096,0.063363
lib/matplotlib/lines.py::1129,0.063363
lib/matplotlib/lines.py::1130,0.063363
lib/matplotlib/lines.py::1131,0.063363
lib/matplotlib/lines.py::1133,0.063363
lib/matplotlib/lines.py::1134,0.063363
lib/matplotlib/lines.py::1136,0.063363
lib/matplotlib/lines.py::1141,0.063363
lib/matplotlib/lines.py::1143,0.063363
lib/matplotlib/lines.py::1144,0.063363
lib/matplotlib/lines.py::1157,0.063363
lib/matplotlib/lines.py::1158,0.063363
lib/matplotlib/lines.py::1168,0.063363
lib/matplotlib/lines.py::1170,0.063363
lib/matplotlib/lines.py::1172,0.063363
lib/matplotlib/lines.py::1173,0.063363
lib/matplotlib/lines.py::1184,0.063363
lib/matplotlib/lines.py::1185,0.063363
lib/matplotlib/lines.py::1186,0.063363
lib/matplotlib/lines.py::1187,0.063363
lib/matplotlib/lines.py::1188,0.063363
lib/matplotlib/lines.py::1198,0.063363
lib/matplotlib/lines.py::1200,0.063363
lib/matplotlib/lines.py::1201,0.063363
lib/matplotlib/lines.py::1202,0.063363
lib/matplotlib/lines.py::1212,0.063363
lib/matplotlib/lines.py::1214,0.063363
lib/matplotlib/lines.py::1215,0.063363
lib/matplotlib/lines.py::1216,0.063363
lib/matplotlib/lines.py::1227,0.063363
lib/matplotlib/lines.py::1228,0.063363
lib/matplotlib/lines.py::1229,0.063363
lib/matplotlib/lines.py::1230,0.063363
lib/matplotlib/lines.py::1240,0.063363
lib/matplotlib/lines.py::1241,0.063363
lib/matplotlib/lines.py::1242,0.063363
lib/matplotlib/lines.py::1252,0.063363
lib/matplotlib/lines.py::1253,0.063363
lib/matplotlib/lines.py::1254,0.063363
lib/matplotlib/lines.py::1311,0.063363
lib/matplotlib/lines.py::1312,0.063363
lib/matplotlib/lines.py::1313,0.063363
lib/matplotlib/lines.py::1314,0.063363
lib/matplotlib/lines.py::1325,0.063363
lib/matplotlib/lines.py::1326,0.063363
lib/matplotlib/lines.py::1327,0.063363
lib/matplotlib/lines.py::1328,0.063363
lib/matplotlib/lines.py::1355,0.063363
lib/matplotlib/lines.py::1356,0.063363
lib/matplotlib/lines.py::1357,0.063363
lib/matplotlib/lines.py::1358,0.063363
lib/matplotlib/lines.py::1369,0.063363
lib/matplotlib/lines.py::1370,0.063363
lib/matplotlib/lines.py::1371,0.063363
lib/matplotlib/lines.py::1372,0.063363
lib/matplotlib/lines.py::303,0.063363
lib/matplotlib/lines.py::306,0.063363
lib/matplotlib/lines.py::308,0.063363
lib/matplotlib/lines.py::311,0.063363
lib/matplotlib/lines.py::312,0.063363
lib/matplotlib/lines.py::314,0.063363
lib/matplotlib/lines.py::316,0.063363
lib/matplotlib/lines.py::317,0.063363
lib/matplotlib/lines.py::318,0.063363
lib/matplotlib/lines.py::319,0.063363
lib/matplotlib/lines.py::320,0.063363
lib/matplotlib/lines.py::321,0.063363
lib/matplotlib/lines.py::322,0.063363
lib/matplotlib/lines.py::325,0.063363
lib/matplotlib/lines.py::326,0.063363
lib/matplotlib/lines.py::327,0.063363
lib/matplotlib/lines.py::328,0.063363
lib/matplotlib/lines.py::329,0.063363
lib/matplotlib/lines.py::330,0.063363
lib/matplotlib/lines.py::331,0.063363
lib/matplotlib/lines.py::332,0.063363
lib/matplotlib/lines.py::333,0.063363
lib/matplotlib/lines.py::334,0.063363
lib/matplotlib/lines.py::335,0.063363
lib/matplotlib/lines.py::336,0.063363
lib/matplotlib/lines.py::338,0.063363
lib/matplotlib/lines.py::339,0.063363
lib/matplotlib/lines.py::341,0.063363
lib/matplotlib/lines.py::342,0.063363
lib/matplotlib/lines.py::343,0.063363
lib/matplotlib/lines.py::344,0.063363
lib/matplotlib/lines.py::345,0.063363
lib/matplotlib/lines.py::346,0.063363
lib/matplotlib/lines.py::347,0.063363
lib/matplotlib/lines.py::348,0.063363
lib/matplotlib/lines.py::350,0.063363
lib/matplotlib/lines.py::351,0.063363
lib/matplotlib/lines.py::352,0.063363
lib/matplotlib/lines.py::355,0.063363
lib/matplotlib/lines.py::356,0.063363
lib/matplotlib/lines.py::359,0.063363
lib/matplotlib/lines.py::36,0.063363
lib/matplotlib/lines.py::360,0.063363
lib/matplotlib/lines.py::362,0.063363
lib/matplotlib/lines.py::363,0.063363
lib/matplotlib/lines.py::364,0.063363
lib/matplotlib/lines.py::366,0.063363
lib/matplotlib/lines.py::367,0.063363
lib/matplotlib/lines.py::368,0.063363
lib/matplotlib/lines.py::37,0.063363
lib/matplotlib/lines.py::370,0.063363
lib/matplotlib/lines.py::371,0.063363
lib/matplotlib/lines.py::372,0.063363
lib/matplotlib/lines.py::374,0.063363
lib/matplotlib/lines.py::375,0.063363
lib/matplotlib/lines.py::376,0.063363
lib/matplotlib/lines.py::378,0.063363
lib/matplotlib/lines.py::379,0.063363
lib/matplotlib/lines.py::380,0.063363
lib/matplotlib/lines.py::381,0.063363
lib/matplotlib/lines.py::383,0.063363
lib/matplotlib/lines.py::384,0.063363
lib/matplotlib/lines.py::385,0.063363
lib/matplotlib/lines.py::386,0.063363
lib/matplotlib/lines.py::39,0.063363
lib/matplotlib/lines.py::390,0.063363
lib/matplotlib/lines.py::391,0.063363
lib/matplotlib/lines.py::392,0.063363
lib/matplotlib/lines.py::394,0.063363
lib/matplotlib/lines.py::395,0.063363
lib/matplotlib/lines.py::396,0.063363
lib/matplotlib/lines.py::397,0.063363
lib/matplotlib/lines.py::398,0.063363
lib/matplotlib/lines.py::399,0.063363
lib/matplotlib/lines.py::40,0.063363
lib/matplotlib/lines.py::400,0.063363
lib/matplotlib/lines.py::401,0.063363
lib/matplotlib/lines.py::402,0.063363
lib/matplotlib/lines.py::403,0.063363
lib/matplotlib/lines.py::404,0.063363
lib/matplotlib/lines.py::406,0.063363
lib/matplotlib/lines.py::41,0.063363
lib/matplotlib/lines.py::497,0.063363
lib/matplotlib/lines.py::499,0.063363
lib/matplotlib/lines.py::583,0.063363
lib/matplotlib/lines.py::585,0.063363
lib/matplotlib/lines.py::59,0.063363
lib/matplotlib/lines.py::620,0.063363
lib/matplotlib/lines.py::621,0.063363
lib/matplotlib/lines.py::638,0.063363
lib/matplotlib/lines.py::64,0.063363
lib/matplotlib/lines.py::641,0.063363
lib/matplotlib/lines.py::643,0.063363
lib/matplotlib/lines.py::644,0.063363
lib/matplotlib/lines.py::650,0.063363
lib/matplotlib/lines.py::651,0.063363
lib/matplotlib/lines.py::652,0.063363
lib/matplotlib/lines.py::655,0.063363
lib/matplotlib/lines.py::656,0.063363
lib/matplotlib/lines.py::657,0.063363
lib/matplotlib/lines.py::661,0.063363
lib/matplotlib/lines.py::662,0.063363
lib/matplotlib/lines.py::664,0.063363
lib/matplotlib/lines.py::665,0.063363
lib/matplotlib/lines.py::68,0.063363
lib/matplotlib/lines.py::680,0.063363
lib/matplotlib/lines.py::683,0.063363
lib/matplotlib/lines.py::684,0.063363
lib/matplotlib/lines.py::685,0.063363
lib/matplotlib/lines.py::686,0.063363
lib/matplotlib/lines.py::687,0.063363
lib/matplotlib/lines.py::688,0.063363
lib/matplotlib/lines.py::689,0.063363
lib/matplotlib/lines.py::723,0.063363
lib/matplotlib/lines.py::724,0.063363
lib/matplotlib/lines.py::725,0.063363
lib/matplotlib/lines.py::726,0.063363
lib/matplotlib/markers.py::221,0.063363
lib/matplotlib/markers.py::222,0.063363
lib/matplotlib/markers.py::223,0.063363
lib/matplotlib/markers.py::226,0.063363
lib/matplotlib/markers.py::227,0.063363
lib/matplotlib/markers.py::228,0.063363
lib/matplotlib/markers.py::229,0.063363
lib/matplotlib/markers.py::230,0.063363
lib/matplotlib/markers.py::231,0.063363
lib/matplotlib/markers.py::232,0.063363
lib/matplotlib/markers.py::233,0.063363
lib/matplotlib/markers.py::234,0.063363
lib/matplotlib/markers.py::235,0.063363
lib/matplotlib/markers.py::236,0.063363
lib/matplotlib/markers.py::255,0.063363
lib/matplotlib/markers.py::256,0.063363
lib/matplotlib/markers.py::257,0.063363
lib/matplotlib/markers.py::258,0.063363
lib/matplotlib/markers.py::259,0.063363
lib/matplotlib/markers.py::271,0.063363
lib/matplotlib/markers.py::274,0.063363
lib/matplotlib/markers.py::276,0.063363
lib/matplotlib/markers.py::278,0.063363
lib/matplotlib/markers.py::281,0.063363
lib/matplotlib/markers.py::282,0.063363
lib/matplotlib/markers.py::283,0.063363
lib/matplotlib/markers.py::284,0.063363
lib/matplotlib/markers.py::295,0.063363
lib/matplotlib/markers.py::296,0.063363
lib/matplotlib/markers.py::297,0.063363
lib/matplotlib/markers.py::315,0.063363
lib/matplotlib/markers.py::698,0.063363
lib/matplotlib/markers.py::699,0.063363
lib/matplotlib/markers.py::700,0.063363
lib/matplotlib/markers.py::701,0.063363
lib/matplotlib/markers.py::704,0.063363
lib/matplotlib/markers.py::705,0.063363
lib/matplotlib/markers.py::706,0.063363
lib/matplotlib/markers.py::707,0.063363
lib/matplotlib/markers.py::712,0.063363
lib/matplotlib/markers.py::713,0.063363
lib/matplotlib/markers.py::714,0.063363
lib/matplotlib/markers.py::715,0.063363
lib/matplotlib/markers.py::718,0.063363
lib/matplotlib/markers.py::719,0.063363
lib/matplotlib/markers.py::720,0.063363
lib/matplotlib/markers.py::721,0.063363
lib/matplotlib/patches.py::260,0.063363
lib/matplotlib/patches.py::308,0.063363
lib/matplotlib/patches.py::310,0.063363
lib/matplotlib/patches.py::311,0.063363
lib/matplotlib/patches.py::314,0.063363
lib/matplotlib/patches.py::315,0.063363
lib/matplotlib/patches.py::316,0.063363
lib/matplotlib/patches.py::323,0.063363
lib/matplotlib/patches.py::324,0.063363
lib/matplotlib/patches.py::325,0.063363
lib/matplotlib/patches.py::326,0.063363
lib/matplotlib/patches.py::336,0.063363
lib/matplotlib/patches.py::337,0.063363
lib/matplotlib/patches.py::340,0.063363
lib/matplotlib/patches.py::341,0.063363
lib/matplotlib/patches.py::342,0.063363
lib/matplotlib/patches.py::343,0.063363
lib/matplotlib/patches.py::344,0.063363
lib/matplotlib/patches.py::354,0.063363
lib/matplotlib/patches.py::355,0.063363
lib/matplotlib/patches.py::388,0.063363
lib/matplotlib/patches.py::393,0.063363
lib/matplotlib/patches.py::395,0.063363
lib/matplotlib/patches.py::396,0.063363
lib/matplotlib/patches.py::397,0.063363
lib/matplotlib/patches.py::398,0.063363
lib/matplotlib/patches.py::424,0.063363
lib/matplotlib/patches.py::426,0.063363
lib/matplotlib/patches.py::428,0.063363
lib/matplotlib/patches.py::430,0.063363
lib/matplotlib/patches.py::431,0.063363
lib/matplotlib/patches.py::432,0.063363
lib/matplotlib/patches.py::442,0.063363
lib/matplotlib/patches.py::443,0.063363
lib/matplotlib/patches.py::444,0.063363
lib/matplotlib/patches.py::445,0.063363
lib/matplotlib/patches.py::464,0.063363
lib/matplotlib/patches.py::465,0.063363
lib/matplotlib/patches.py::466,0.063363
lib/matplotlib/patches.py::480,0.063363
lib/matplotlib/patches.py::481,0.063363
lib/matplotlib/patches.py::482,0.063363
lib/matplotlib/patches.py::516,0.063363
lib/matplotlib/patches.py::517,0.063363
lib/matplotlib/patches.py::58,0.063363
lib/matplotlib/patches.py::60,0.063363
lib/matplotlib/patches.py::61,0.063363
lib/matplotlib/patches.py::62,0.063363
lib/matplotlib/patches.py::63,0.063363
lib/matplotlib/patches.py::64,0.063363
lib/matplotlib/patches.py::65,0.063363
lib/matplotlib/patches.py::66,0.063363
lib/matplotlib/patches.py::67,0.063363
lib/matplotlib/patches.py::68,0.063363
lib/matplotlib/patches.py::69,0.063363
lib/matplotlib/patches.py::71,0.063363
lib/matplotlib/patches.py::72,0.063363
lib/matplotlib/patches.py::73,0.063363
lib/matplotlib/patches.py::741,0.063363
lib/matplotlib/patches.py::743,0.063363
lib/matplotlib/patches.py::744,0.063363
lib/matplotlib/patches.py::746,0.063363
lib/matplotlib/patches.py::747,0.063363
lib/matplotlib/patches.py::749,0.063363
lib/matplotlib/patches.py::750,0.063363
lib/matplotlib/patches.py::752,0.063363
lib/matplotlib/patches.py::754,0.063363
lib/matplotlib/patches.py::80,0.063363
lib/matplotlib/patches.py::81,0.063363
lib/matplotlib/patches.py::83,0.063363
lib/matplotlib/patches.py::84,0.063363
lib/matplotlib/patches.py::86,0.063363
lib/matplotlib/patches.py::87,0.063363
lib/matplotlib/patches.py::88,0.063363
lib/matplotlib/patches.py::89,0.063363
lib/matplotlib/patches.py::90,0.063363
lib/matplotlib/patches.py::91,0.063363
lib/matplotlib/patches.py::92,0.063363
lib/matplotlib/patches.py::94,0.063363
lib/matplotlib/patches.py::95,0.063363
lib/matplotlib/path.py::131,0.063363
lib/matplotlib/path.py::132,0.063363
lib/matplotlib/path.py::134,0.063363
lib/matplotlib/path.py::145,0.063363
lib/matplotlib/path.py::151,0.063363
lib/matplotlib/path.py::152,0.063363
lib/matplotlib/path.py::153,0.063363
lib/matplotlib/path.py::154,0.063363
lib/matplotlib/path.py::156,0.063363
lib/matplotlib/path.py::162,0.063363
lib/matplotlib/path.py::194,0.063363
lib/matplotlib/path.py::196,0.063363
lib/matplotlib/path.py::197,0.063363
lib/matplotlib/path.py::198,0.063363
lib/matplotlib/scale.py::104,0.063363
lib/matplotlib/scale.py::108,0.063363
lib/matplotlib/scale.py::109,0.063363
lib/matplotlib/scale.py::110,0.063363
lib/matplotlib/scale.py::112,0.063363
lib/matplotlib/scale.py::113,0.063363
lib/matplotlib/scale.py::116,0.063363
lib/matplotlib/scale.py::123,0.063363
lib/matplotlib/scale.py::57,0.063363
lib/matplotlib/scale.py::648,0.063363
lib/matplotlib/scale.py::649,0.063363
lib/matplotlib/scale.py::650,0.063363
lib/matplotlib/scale.py::88,0.063363
lib/matplotlib/spines.py::236,0.063363
lib/matplotlib/spines.py::237,0.063363
lib/matplotlib/spines.py::50,0.063363
lib/matplotlib/spines.py::51,0.063363
lib/matplotlib/spines.py::52,0.063363
lib/matplotlib/spines.py::53,0.063363
lib/matplotlib/spines.py::54,0.063363
lib/matplotlib/spines.py::55,0.063363
lib/matplotlib/spines.py::56,0.063363
lib/matplotlib/spines.py::57,0.063363
lib/matplotlib/spines.py::58,0.063363
lib/matplotlib/spines.py::60,0.063363
lib/matplotlib/spines.py::61,0.063363
lib/matplotlib/spines.py::63,0.063363
lib/matplotlib/spines.py::64,0.063363
lib/matplotlib/spines.py::69,0.063363
lib/matplotlib/spines.py::70,0.063363
lib/matplotlib/spines.py::71,0.063363
lib/matplotlib/spines.py::79,0.063363
lib/matplotlib/spines.py::83,0.063363
lib/matplotlib/text.py::1052,0.063363
lib/matplotlib/text.py::1053,0.063363
lib/matplotlib/text.py::1069,0.063363
lib/matplotlib/text.py::1070,0.063363
lib/matplotlib/text.py::1108,0.063363
lib/matplotlib/text.py::1109,0.063363
lib/matplotlib/text.py::1119,0.063363
lib/matplotlib/text.py::1120,0.063363
lib/matplotlib/text.py::1132,0.063363
lib/matplotlib/text.py::1133,0.063363
lib/matplotlib/text.py::1143,0.063363
lib/matplotlib/text.py::1144,0.063363
lib/matplotlib/text.py::1145,0.063363
lib/matplotlib/text.py::1146,0.063363
lib/matplotlib/text.py::1147,0.063363
lib/matplotlib/text.py::1161,0.063363
lib/matplotlib/text.py::1163,0.063363
lib/matplotlib/text.py::1199,0.063363
lib/matplotlib/text.py::1200,0.063363
lib/matplotlib/text.py::1210,0.063363
lib/matplotlib/text.py::1211,0.063363
lib/matplotlib/text.py::1214,0.063363
lib/matplotlib/text.py::148,0.063363
lib/matplotlib/text.py::149,0.063363
lib/matplotlib/text.py::150,0.063363
lib/matplotlib/text.py::151,0.063363
lib/matplotlib/text.py::152,0.063363
lib/matplotlib/text.py::153,0.063363
lib/matplotlib/text.py::154,0.063363
lib/matplotlib/text.py::155,0.063363
lib/matplotlib/text.py::156,0.063363
lib/matplotlib/text.py::157,0.063363
lib/matplotlib/text.py::158,0.063363
lib/matplotlib/text.py::159,0.063363
lib/matplotlib/text.py::160,0.063363
lib/matplotlib/text.py::161,0.063363
lib/matplotlib/text.py::162,0.063363
lib/matplotlib/text.py::163,0.063363
lib/matplotlib/text.py::164,0.063363
lib/matplotlib/text.py::165,0.063363
lib/matplotlib/text.py::166,0.063363
lib/matplotlib/text.py::170,0.063363
lib/matplotlib/text.py::172,0.063363
lib/matplotlib/text.py::173,0.063363
lib/matplotlib/text.py::176,0.063363
lib/matplotlib/text.py::177,0.063363
lib/matplotlib/text.py::178,0.063363
lib/matplotlib/text.py::244,0.063363
lib/matplotlib/text.py::245,0.063363
lib/matplotlib/text.py::246,0.063363
lib/matplotlib/text.py::523,0.063363
lib/matplotlib/text.py::524,0.063363
lib/matplotlib/text.py::525,0.063363
lib/matplotlib/text.py::526,0.063363
lib/matplotlib/text.py::531,0.063363
lib/matplotlib/text.py::532,0.063363
lib/matplotlib/text.py::556,0.063363
lib/matplotlib/text.py::935,0.063363
lib/matplotlib/text.py::936,0.063363
lib/matplotlib/text.py::939,0.063363
lib/matplotlib/text.py::940,0.063363
lib/matplotlib/text.py::950,0.063363
lib/matplotlib/text.py::951,0.063363
lib/matplotlib/text.py::952,0.063363
lib/matplotlib/ticker.py::1669,0.063363
lib/matplotlib/ticker.py::2034,0.063363
lib/matplotlib/ticker.py::2045,0.063363
lib/matplotlib/ticker.py::2049,0.063363
lib/matplotlib/ticker.py::2052,0.063363
lib/matplotlib/ticker.py::2053,0.063363
lib/matplotlib/ticker.py::2056,0.063363
lib/matplotlib/ticker.py::2058,0.063363
lib/matplotlib/ticker.py::2060,0.063363
lib/matplotlib/ticker.py::2067,0.063363
lib/matplotlib/ticker.py::2068,0.063363
lib/matplotlib/ticker.py::2089,0.063363
lib/matplotlib/ticker.py::2090,0.063363
lib/matplotlib/ticker.py::2091,0.063363
lib/matplotlib/ticker.py::2093,0.063363
lib/matplotlib/ticker.py::2094,0.063363
lib/matplotlib/ticker.py::2095,0.063363
lib/matplotlib/ticker.py::2096,0.063363
lib/matplotlib/ticker.py::2097,0.063363
lib/matplotlib/ticker.py::2098,0.063363
lib/matplotlib/ticker.py::2099,0.063363
lib/matplotlib/ticker.py::2100,0.063363
lib/matplotlib/ticker.py::2101,0.063363
lib/matplotlib/ticker.py::2102,0.063363
lib/matplotlib/ticker.py::2103,0.063363
lib/matplotlib/ticker.py::2106,0.063363
lib/matplotlib/ticker.py::2107,0.063363
lib/matplotlib/ticker.py::2108,0.063363
lib/matplotlib/ticker.py::2109,0.063363
lib/matplotlib/ticker.py::2110,0.063363
lib/matplotlib/ticker.py::230,0.063363
lib/matplotlib/ticker.py::2795,0.063363
lib/matplotlib/ticker.py::2801,0.063363
lib/matplotlib/ticker.py::308,0.063363
lib/matplotlib/ticker.py::499,0.063363
lib/matplotlib/ticker.py::500,0.063363
lib/matplotlib/ticker.py::502,0.063363
lib/matplotlib/ticker.py::503,0.063363
lib/matplotlib/ticker.py::504,0.063363
lib/matplotlib/ticker.py::505,0.063363
lib/matplotlib/ticker.py::506,0.063363
lib/matplotlib/ticker.py::507,0.063363
lib/matplotlib/ticker.py::508,0.063363
lib/matplotlib/ticker.py::509,0.063363
lib/matplotlib/ticker.py::510,0.063363
lib/matplotlib/ticker.py::511,0.063363
lib/matplotlib/ticker.py::512,0.063363
lib/matplotlib/ticker.py::513,0.063363
lib/matplotlib/ticker.py::514,0.063363
lib/matplotlib/ticker.py::520,0.063363
lib/matplotlib/ticker.py::521,0.063363
lib/matplotlib/ticker.py::522,0.063363
lib/matplotlib/ticker.py::544,0.063363
lib/matplotlib/ticker.py::547,0.063363
lib/matplotlib/transforms.py::1026,0.063363
lib/matplotlib/transforms.py::1028,0.063363
lib/matplotlib/transforms.py::1029,0.063363
lib/matplotlib/transforms.py::1033,0.063363
lib/matplotlib/transforms.py::1034,0.063363
lib/matplotlib/transforms.py::1035,0.063363
lib/matplotlib/transforms.py::1036,0.063363
lib/matplotlib/transforms.py::1037,0.063363
lib/matplotlib/transforms.py::116,0.063363
lib/matplotlib/transforms.py::120,0.063363
lib/matplotlib/transforms.py::121,0.063363
lib/matplotlib/transforms.py::1275,0.063363
lib/matplotlib/transforms.py::153,0.063363
lib/matplotlib/transforms.py::154,0.063363
lib/matplotlib/transforms.py::155,0.063363
lib/matplotlib/transforms.py::156,0.063363
lib/matplotlib/transforms.py::1634,0.063363
lib/matplotlib/transforms.py::1635,0.063363
lib/matplotlib/transforms.py::1636,0.063363
lib/matplotlib/transforms.py::1639,0.063363
lib/matplotlib/transforms.py::1640,0.063363
lib/matplotlib/transforms.py::1641,0.063363
lib/matplotlib/transforms.py::1642,0.063363
lib/matplotlib/transforms.py::1643,0.063363
lib/matplotlib/transforms.py::1655,0.063363
lib/matplotlib/transforms.py::1657,0.063363
lib/matplotlib/transforms.py::1658,0.063363
lib/matplotlib/transforms.py::1659,0.063363
lib/matplotlib/transforms.py::1660,0.063363
lib/matplotlib/transforms.py::1661,0.063363
lib/matplotlib/transforms.py::1662,0.063363
lib/matplotlib/transforms.py::1663,0.063363
lib/matplotlib/transforms.py::1664,0.063363
lib/matplotlib/transforms.py::1665,0.063363
lib/matplotlib/transforms.py::1678,0.063363
lib/matplotlib/transforms.py::1679,0.063363
lib/matplotlib/transforms.py::1684,0.063363
lib/matplotlib/transforms.py::1685,0.063363
lib/matplotlib/transforms.py::1687,0.063363
lib/matplotlib/transforms.py::1688,0.063363
lib/matplotlib/transforms.py::1689,0.063363
lib/matplotlib/transforms.py::1691,0.063363
lib/matplotlib/transforms.py::1703,0.063363
lib/matplotlib/transforms.py::1704,0.063363
lib/matplotlib/transforms.py::173,0.063363
lib/matplotlib/transforms.py::175,0.063363
lib/matplotlib/transforms.py::176,0.063363
lib/matplotlib/transforms.py::1771,0.063363
lib/matplotlib/transforms.py::1772,0.063363
lib/matplotlib/transforms.py::178,0.063363
lib/matplotlib/transforms.py::1842,0.063363
lib/matplotlib/transforms.py::1843,0.063363
lib/matplotlib/transforms.py::1845,0.063363
lib/matplotlib/transforms.py::1846,0.063363
lib/matplotlib/transforms.py::1847,0.063363
lib/matplotlib/transforms.py::195,0.063363
lib/matplotlib/transforms.py::1977,0.063363
lib/matplotlib/transforms.py::1978,0.063363
lib/matplotlib/transforms.py::1979,0.063363
lib/matplotlib/transforms.py::1980,0.063363
lib/matplotlib/transforms.py::199,0.063363
lib/matplotlib/transforms.py::1993,0.063363
lib/matplotlib/transforms.py::1994,0.063363
lib/matplotlib/transforms.py::1996,0.063363
lib/matplotlib/transforms.py::1997,0.063363
lib/matplotlib/transforms.py::1998,0.063363
lib/matplotlib/transforms.py::1999,0.063363
lib/matplotlib/transforms.py::200,0.063363
lib/matplotlib/transforms.py::2000,0.063363
lib/matplotlib/transforms.py::2001,0.063363
lib/matplotlib/transforms.py::2002,0.063363
lib/matplotlib/transforms.py::2003,0.063363
lib/matplotlib/transforms.py::201,0.063363
lib/matplotlib/transforms.py::2053,0.063363
lib/matplotlib/transforms.py::2221,0.063363
lib/matplotlib/transforms.py::2222,0.063363
lib/matplotlib/transforms.py::2223,0.063363
lib/matplotlib/transforms.py::2224,0.063363
lib/matplotlib/transforms.py::2228,0.063363
lib/matplotlib/transforms.py::2229,0.063363
lib/matplotlib/transforms.py::2230,0.063363
lib/matplotlib/transforms.py::2231,0.063363
lib/matplotlib/transforms.py::2233,0.063363
lib/matplotlib/transforms.py::2234,0.063363
lib/matplotlib/transforms.py::2260,0.063363
lib/matplotlib/transforms.py::2261,0.063363
lib/matplotlib/transforms.py::2262,0.063363
lib/matplotlib/transforms.py::2285,0.063363
lib/matplotlib/transforms.py::2288,0.063363
lib/matplotlib/transforms.py::2289,0.063363
lib/matplotlib/transforms.py::2291,0.063363
lib/matplotlib/transforms.py::2292,0.063363
lib/matplotlib/transforms.py::2293,0.063363
lib/matplotlib/transforms.py::2294,0.063363
lib/matplotlib/transforms.py::238,0.063363
lib/matplotlib/transforms.py::2451,0.063363
lib/matplotlib/transforms.py::2453,0.063363
lib/matplotlib/transforms.py::2455,0.063363
lib/matplotlib/transforms.py::2457,0.063363
lib/matplotlib/transforms.py::2516,0.063363
lib/matplotlib/transforms.py::2519,0.063363
lib/matplotlib/transforms.py::2520,0.063363
lib/matplotlib/transforms.py::2521,0.063363
lib/matplotlib/transforms.py::2522,0.063363
lib/matplotlib/transforms.py::2523,0.063363
lib/matplotlib/transforms.py::2604,0.063363
lib/matplotlib/transforms.py::2605,0.063363
lib/matplotlib/transforms.py::2606,0.063363
lib/matplotlib/transforms.py::2607,0.063363
lib/matplotlib/transforms.py::2608,0.063363
lib/matplotlib/transforms.py::2609,0.063363
lib/matplotlib/transforms.py::2792,0.063363
lib/matplotlib/transforms.py::2795,0.063363
lib/matplotlib/transforms.py::2796,0.063363
lib/matplotlib/transforms.py::2802,0.063363
lib/matplotlib/transforms.py::2804,0.063363
lib/matplotlib/transforms.py::2805,0.063363
lib/matplotlib/transforms.py::2809,0.063363
lib/matplotlib/transforms.py::2817,0.063363
lib/matplotlib/transforms.py::2819,0.063363
lib/matplotlib/transforms.py::360,0.063363
lib/matplotlib/transforms.py::361,0.063363
lib/matplotlib/transforms.py::366,0.063363
lib/matplotlib/transforms.py::367,0.063363
lib/matplotlib/transforms.py::773,0.063363
lib/matplotlib/transforms.py::774,0.063363
lib/matplotlib/transforms.py::775,0.063363
lib/matplotlib/transforms.py::778,0.063363
lib/matplotlib/transforms.py::779,0.063363
lib/matplotlib/transforms.py::780,0.063363
lib/matplotlib/transforms.py::784,0.063363
lib/matplotlib/transforms.py::799,0.063363
lib/matplotlib/transforms.py::804,0.063363
lib/matplotlib/transforms.py::813,0.063363
lib/matplotlib/transforms.py::822,0.063363
lib/matplotlib/transforms.py::943,0.063363
lib/matplotlib/transforms.py::944,0.063363
lib/matplotlib/transforms.py::948,0.063363
lib/matplotlib/transforms.py::949,0.063363
lib/matplotlib/transforms.py::965,0.063363
lib/matplotlib/transforms.py::969,0.063363
lib/matplotlib/transforms.py::976,0.063363
lib/matplotlib/transforms.py::977,0.063363
lib/matplotlib/units.py::194,0.063363
lib/matplotlib/units.py::196,0.063363
lib/matplotlib/units.py::204,0.063363
lib/matplotlib/units.py::205,0.063363
lib/matplotlib/units.py::206,0.063363
lib/matplotlib/units.py::207,0.063363
lib/matplotlib/units.py::208,0.063363
lib/matplotlib/units.py::209,0.063363
lib/matplotlib/units.py::210,0.063363
lib/matplotlib/units.py::211,0.063363
lib/matplotlib/units.py::212,0.063363
lib/matplotlib/units.py::216,0.063363
lib/matplotlib/units.py::217,0.063363
lib/matplotlib/units.py::218,0.063363
lib/matplotlib/units.py::64,0.063363
lib/matplotlib/units.py::71,0.063363
lib/matplotlib/widgets.py::36,0.063363
lib/matplotlib/cbook/__init__.py::1641,0.061707
lib/matplotlib/cbook/__init__.py::1653,0.061707
lib/matplotlib/__init__.py::1014,0.059850
lib/matplotlib/__init__.py::1015,0.059850
lib/matplotlib/__init__.py::1016,0.059850
lib/matplotlib/__init__.py::1017,0.059850
lib/matplotlib/__init__.py::1018,0.059850
lib/matplotlib/__init__.py::1096,0.059850
lib/matplotlib/__init__.py::1097,0.059850
lib/matplotlib/__init__.py::1098,0.059850
lib/matplotlib/__init__.py::1100,0.059850
lib/matplotlib/__init__.py::1102,0.059850
lib/matplotlib/__init__.py::1104,0.059850
lib/matplotlib/__init__.py::1138,0.059850
lib/matplotlib/__init__.py::1139,0.059850
lib/matplotlib/__init__.py::1141,0.059850
lib/matplotlib/__init__.py::656,0.059850
lib/matplotlib/__init__.py::657,0.059850
lib/matplotlib/__init__.py::663,0.059850
lib/matplotlib/__init__.py::664,0.059850
lib/matplotlib/__init__.py::665,0.059850
lib/matplotlib/__init__.py::666,0.059850
lib/matplotlib/__init__.py::667,0.059850
lib/matplotlib/__init__.py::672,0.059850
lib/matplotlib/__init__.py::676,0.059850
lib/matplotlib/__init__.py::677,0.059850
lib/matplotlib/__init__.py::680,0.059850
lib/matplotlib/__init__.py::687,0.059850
lib/matplotlib/__init__.py::693,0.059850
lib/matplotlib/__init__.py::699,0.059850
lib/matplotlib/__init__.py::700,0.059850
lib/matplotlib/__init__.py::701,0.059850
lib/matplotlib/__init__.py::705,0.059850
lib/matplotlib/__init__.py::708,0.059850
lib/matplotlib/__init__.py::724,0.059850
lib/matplotlib/__init__.py::725,0.059850
lib/matplotlib/__init__.py::747,0.059850
lib/matplotlib/_pylab_helpers.py::83,0.059850
lib/matplotlib/_pylab_helpers.py::84,0.059850
lib/matplotlib/_pylab_helpers.py::87,0.059850
lib/matplotlib/_pylab_helpers.py::88,0.059850
lib/matplotlib/cbook/__init__.py::1820,0.059850
lib/matplotlib/cbook/__init__.py::2057,0.059850
lib/matplotlib/cbook/__init__.py::2058,0.059850
lib/matplotlib/cbook/__init__.py::2059,0.059850
lib/matplotlib/cbook/__init__.py::2062,0.059850
lib/matplotlib/cbook/__init__.py::2064,0.059850
lib/matplotlib/cbook/__init__.py::2065,0.059850
lib/matplotlib/cbook/__init__.py::2066,0.059850
lib/matplotlib/cbook/__init__.py::2067,0.059850
lib/matplotlib/cbook/__init__.py::2222,0.059850
lib/matplotlib/cbook/__init__.py::2223,0.059850
lib/matplotlib/cbook/__init__.py::2224,0.059850
lib/matplotlib/cbook/deprecation.py::105,0.059850
lib/matplotlib/cbook/deprecation.py::106,0.059850
lib/matplotlib/cbook/deprecation.py::107,0.059850
lib/matplotlib/cbook/deprecation.py::108,0.059850
lib/matplotlib/cbook/deprecation.py::109,0.059850
lib/matplotlib/cbook/deprecation.py::27,0.059850
lib/matplotlib/cbook/deprecation.py::32,0.059850
lib/matplotlib/cbook/deprecation.py::35,0.059850
lib/matplotlib/cbook/deprecation.py::36,0.059850
lib/matplotlib/cbook/deprecation.py::37,0.059850
lib/matplotlib/cbook/deprecation.py::48,0.059850
lib/matplotlib/cbook/deprecation.py::49,0.059850
lib/matplotlib/cbook/deprecation.py::494,0.059850
lib/matplotlib/cbook/deprecation.py::495,0.059850
lib/matplotlib/cbook/deprecation.py::496,0.059850
lib/matplotlib/cbook/deprecation.py::50,0.059850
lib/matplotlib/cbook/deprecation.py::51,0.059850
lib/matplotlib/cbook/deprecation.py::52,0.059850
lib/matplotlib/cbook/deprecation.py::53,0.059850
lib/matplotlib/colors.py::124,0.059850
lib/matplotlib/colors.py::130,0.059850
lib/matplotlib/colors.py::131,0.059850
lib/matplotlib/colors.py::132,0.059850
lib/matplotlib/colors.py::133,0.059850
lib/matplotlib/colors.py::137,0.059850
lib/matplotlib/colors.py::163,0.059850
lib/matplotlib/colors.py::168,0.059850
lib/matplotlib/colors.py::169,0.059850
lib/matplotlib/colors.py::172,0.059850
lib/matplotlib/colors.py::178,0.059850
lib/matplotlib/pyplot.py::793,0.059850
lib/matplotlib/pyplot.py::799,0.059850
lib/matplotlib/pyplot.py::800,0.059850
lib/matplotlib/rcsetup.py::101,0.059850
lib/matplotlib/rcsetup.py::106,0.059850
lib/matplotlib/rcsetup.py::107,0.059850
lib/matplotlib/rcsetup.py::109,0.059850
lib/matplotlib/rcsetup.py::110,0.059850
lib/matplotlib/rcsetup.py::111,0.059850
lib/matplotlib/rcsetup.py::114,0.059850
lib/matplotlib/rcsetup.py::152,0.059850
lib/matplotlib/rcsetup.py::153,0.059850
lib/matplotlib/rcsetup.py::154,0.059850
lib/matplotlib/rcsetup.py::155,0.059850
lib/matplotlib/rcsetup.py::156,0.059850
lib/matplotlib/rcsetup.py::157,0.059850
lib/matplotlib/rcsetup.py::159,0.059850
lib/matplotlib/rcsetup.py::178,0.059850
lib/matplotlib/rcsetup.py::184,0.059850
lib/matplotlib/rcsetup.py::185,0.059850
lib/matplotlib/rcsetup.py::186,0.059850
lib/matplotlib/rcsetup.py::201,0.059850
lib/matplotlib/rcsetup.py::202,0.059850
lib/matplotlib/rcsetup.py::203,0.059850
lib/matplotlib/rcsetup.py::204,0.059850
lib/matplotlib/rcsetup.py::205,0.059850
lib/matplotlib/rcsetup.py::206,0.059850
lib/matplotlib/rcsetup.py::219,0.059850
lib/matplotlib/rcsetup.py::220,0.059850
lib/matplotlib/rcsetup.py::235,0.059850
lib/matplotlib/rcsetup.py::236,0.059850
lib/matplotlib/rcsetup.py::237,0.059850
lib/matplotlib/rcsetup.py::238,0.059850
lib/matplotlib/rcsetup.py::239,0.059850
lib/matplotlib/rcsetup.py::269,0.059850
lib/matplotlib/rcsetup.py::270,0.059850
lib/matplotlib/rcsetup.py::271,0.059850
lib/matplotlib/rcsetup.py::272,0.059850
lib/matplotlib/rcsetup.py::280,0.059850
lib/matplotlib/rcsetup.py::284,0.059850
lib/matplotlib/rcsetup.py::294,0.059850
lib/matplotlib/rcsetup.py::295,0.059850
lib/matplotlib/rcsetup.py::296,0.059850
lib/matplotlib/rcsetup.py::342,0.059850
lib/matplotlib/rcsetup.py::343,0.059850
lib/matplotlib/rcsetup.py::344,0.059850
lib/matplotlib/rcsetup.py::348,0.059850
lib/matplotlib/rcsetup.py::349,0.059850
lib/matplotlib/rcsetup.py::350,0.059850
lib/matplotlib/rcsetup.py::355,0.059850
lib/matplotlib/rcsetup.py::357,0.059850
lib/matplotlib/rcsetup.py::362,0.059850
lib/matplotlib/rcsetup.py::363,0.059850
lib/matplotlib/rcsetup.py::364,0.059850
lib/matplotlib/rcsetup.py::365,0.059850
lib/matplotlib/rcsetup.py::370,0.059850
lib/matplotlib/rcsetup.py::371,0.059850
lib/matplotlib/rcsetup.py::392,0.059850
lib/matplotlib/rcsetup.py::393,0.059850
lib/matplotlib/rcsetup.py::401,0.059850
lib/matplotlib/rcsetup.py::402,0.059850
lib/matplotlib/rcsetup.py::408,0.059850
lib/matplotlib/rcsetup.py::409,0.059850
lib/matplotlib/rcsetup.py::410,0.059850
lib/matplotlib/rcsetup.py::411,0.059850
lib/matplotlib/rcsetup.py::412,0.059850
lib/matplotlib/rcsetup.py::413,0.059850
lib/matplotlib/rcsetup.py::426,0.059850
lib/matplotlib/rcsetup.py::427,0.059850
lib/matplotlib/rcsetup.py::429,0.059850
lib/matplotlib/rcsetup.py::430,0.059850
lib/matplotlib/rcsetup.py::438,0.059850
lib/matplotlib/rcsetup.py::439,0.059850
lib/matplotlib/rcsetup.py::447,0.059850
lib/matplotlib/rcsetup.py::449,0.059850
lib/matplotlib/rcsetup.py::450,0.059850
lib/matplotlib/rcsetup.py::460,0.059850
lib/matplotlib/rcsetup.py::461,0.059850
lib/matplotlib/rcsetup.py::462,0.059850
lib/matplotlib/rcsetup.py::463,0.059850
lib/matplotlib/rcsetup.py::465,0.059850
lib/matplotlib/rcsetup.py::466,0.059850
lib/matplotlib/rcsetup.py::488,0.059850
lib/matplotlib/rcsetup.py::495,0.059850
lib/matplotlib/rcsetup.py::496,0.059850
lib/matplotlib/rcsetup.py::497,0.059850
lib/matplotlib/rcsetup.py::498,0.059850
lib/matplotlib/rcsetup.py::499,0.059850
lib/matplotlib/rcsetup.py::523,0.059850
lib/matplotlib/rcsetup.py::524,0.059850
lib/matplotlib/rcsetup.py::530,0.059850
lib/matplotlib/rcsetup.py::54,0.059850
lib/matplotlib/rcsetup.py::542,0.059850
lib/matplotlib/rcsetup.py::544,0.059850
lib/matplotlib/rcsetup.py::545,0.059850
lib/matplotlib/rcsetup.py::55,0.059850
lib/matplotlib/rcsetup.py::56,0.059850
lib/matplotlib/rcsetup.py::563,0.059850
lib/matplotlib/rcsetup.py::564,0.059850
lib/matplotlib/rcsetup.py::565,0.059850
lib/matplotlib/rcsetup.py::58,0.059850
lib/matplotlib/rcsetup.py::59,0.059850
lib/matplotlib/rcsetup.py::60,0.059850
lib/matplotlib/rcsetup.py::601,0.059850
lib/matplotlib/rcsetup.py::602,0.059850
lib/matplotlib/rcsetup.py::614,0.059850
lib/matplotlib/rcsetup.py::618,0.059850
lib/matplotlib/rcsetup.py::619,0.059850
lib/matplotlib/rcsetup.py::620,0.059850
lib/matplotlib/rcsetup.py::624,0.059850
lib/matplotlib/rcsetup.py::625,0.059850
lib/matplotlib/rcsetup.py::626,0.059850
lib/matplotlib/rcsetup.py::63,0.059850
lib/matplotlib/rcsetup.py::66,0.059850
lib/matplotlib/rcsetup.py::70,0.059850
lib/matplotlib/rcsetup.py::702,0.059850
lib/matplotlib/rcsetup.py::708,0.059850
lib/matplotlib/rcsetup.py::709,0.059850
lib/matplotlib/rcsetup.py::71,0.059850
lib/matplotlib/rcsetup.py::710,0.059850
lib/matplotlib/rcsetup.py::711,0.059850
lib/matplotlib/rcsetup.py::712,0.059850
lib/matplotlib/rcsetup.py::72,0.059850
lib/matplotlib/rcsetup.py::73,0.059850
lib/matplotlib/rcsetup.py::741,0.059850
lib/matplotlib/rcsetup.py::748,0.059850
lib/matplotlib/rcsetup.py::751,0.059850
lib/matplotlib/rcsetup.py::755,0.059850
lib/matplotlib/rcsetup.py::757,0.059850
lib/matplotlib/rcsetup.py::758,0.059850
lib/matplotlib/rcsetup.py::766,0.059850
lib/matplotlib/rcsetup.py::767,0.059850
lib/matplotlib/rcsetup.py::768,0.059850
lib/matplotlib/rcsetup.py::774,0.059850
lib/matplotlib/rcsetup.py::775,0.059850
lib/matplotlib/rcsetup.py::776,0.059850
lib/matplotlib/rcsetup.py::88,0.059850
lib/matplotlib/rcsetup.py::89,0.059850
lib/matplotlib/rcsetup.py::90,0.059850
lib/matplotlib/rcsetup.py::91,0.059850
lib/matplotlib/rcsetup.py::930,0.059850
lib/matplotlib/rcsetup.py::952,0.059850
lib/matplotlib/rcsetup.py::953,0.059850
lib/matplotlib/rcsetup.py::957,0.059850
lib/matplotlib/rcsetup.py::958,0.059850
lib/matplotlib/rcsetup.py::963,0.059850
lib/matplotlib/rcsetup.py::964,0.059850
lib/matplotlib/rcsetup.py::965,0.059850
lib/matplotlib/rcsetup.py::966,0.059850
lib/matplotlib/rcsetup.py::969,0.059850
lib/matplotlib/rcsetup.py::973,0.059850
lib/matplotlib/rcsetup.py::977,0.059850
lib/matplotlib/rcsetup.py::980,0.059850
lib/matplotlib/rcsetup.py::981,0.059850
lib/matplotlib/rcsetup.py::982,0.059850
lib/matplotlib/rcsetup.py::984,0.059850
lib/matplotlib/rcsetup.py::985,0.059850
lib/matplotlib/rcsetup.py::987,0.059850
lib/matplotlib/rcsetup.py::991,0.059850
lib/matplotlib/rcsetup.py::992,0.059850
lib/matplotlib/rcsetup.py::994,0.059850
lib/matplotlib/rcsetup.py::995,0.059850
lib/matplotlib/style/core.py::100,0.059850
lib/matplotlib/style/core.py::101,0.059850
lib/matplotlib/style/core.py::107,0.059850
lib/matplotlib/style/core.py::108,0.059850
lib/matplotlib/style/core.py::109,0.059850
lib/matplotlib/style/core.py::110,0.059850
lib/matplotlib/style/core.py::112,0.059850
lib/matplotlib/style/core.py::46,0.059850
lib/matplotlib/style/core.py::47,0.059850
lib/matplotlib/style/core.py::48,0.059850
lib/matplotlib/style/core.py::54,0.059850
lib/matplotlib/style/core.py::55,0.059850
lib/matplotlib/style/core.py::65,0.059850
lib/matplotlib/style/core.py::99,0.059850
lib/matplotlib/testing/__init__.py::21,0.059850
lib/matplotlib/testing/__init__.py::22,0.059850
lib/matplotlib/testing/__init__.py::23,0.059850
lib/matplotlib/testing/__init__.py::27,0.059850
lib/matplotlib/testing/__init__.py::34,0.059850
lib/matplotlib/testing/__init__.py::35,0.059850
lib/matplotlib/testing/__init__.py::36,0.059850
lib/matplotlib/testing/__init__.py::37,0.059850
lib/matplotlib/testing/__init__.py::38,0.059850
lib/matplotlib/testing/__init__.py::39,0.059850
lib/matplotlib/testing/__init__.py::40,0.059850
lib/matplotlib/testing/__init__.py::41,0.059850
lib/matplotlib/testing/__init__.py::44,0.059850
lib/matplotlib/testing/__init__.py::46,0.059850
lib/matplotlib/testing/__init__.py::47,0.059850
lib/matplotlib/testing/__init__.py::51,0.059850
lib/matplotlib/testing/__init__.py::52,0.059850
lib/matplotlib/testing/conftest.py::100,0.059850
lib/matplotlib/testing/conftest.py::34,0.059850
lib/matplotlib/testing/conftest.py::36,0.059850
lib/matplotlib/testing/conftest.py::38,0.059850
lib/matplotlib/testing/conftest.py::39,0.059850
lib/matplotlib/testing/conftest.py::40,0.059850
lib/matplotlib/testing/conftest.py::73,0.059850
lib/matplotlib/testing/conftest.py::74,0.059850
lib/matplotlib/testing/conftest.py::75,0.059850
lib/matplotlib/testing/conftest.py::80,0.059850
lib/matplotlib/testing/conftest.py::81,0.059850
lib/matplotlib/testing/conftest.py::95,0.059850
lib/matplotlib/testing/conftest.py::96,0.059850
lib/matplotlib/testing/conftest.py::97,0.059850
lib/matplotlib/testing/conftest.py::98,0.059850
lib/matplotlib/testing/decorators.py::32,0.059850
lib/matplotlib/testing/decorators.py::33,0.059850
lib/matplotlib/testing/decorators.py::34,0.059850
lib/matplotlib/testing/decorators.py::35,0.059850
lib/matplotlib/testing/decorators.py::37,0.059850
lib/matplotlib/testing/decorators.py::38,0.059850
lib/matplotlib/testing/decorators.py::39,0.059850
