Entity,Score
pandas/_config/config.py::102,0.909091
pandas/_config/config.py::105,0.909091
pandas/_config/config.py::106,0.909091
pandas/_config/config.py::396,0.909091
pandas/_config/config.py::401,0.909091
pandas/_config/config.py::404,0.909091
pandas/_config/config.py::406,0.909091
pandas/_config/config.py::407,0.909091
pandas/_config/config.py::410,0.909091
pandas/_config/config.py::411,0.909091
pandas/_config/config.py::412,0.909091
pandas/_config/config.py::543,0.909091
pandas/_config/config.py::836,0.909091
pandas/_config/config.py::839,0.909091
pandas/_config/config.py::840,0.909091
pandas/_config/config.py::841,0.909091
pandas/core/accessor.py::184,0.909091
pandas/core/accessor.py::187,0.909091
pandas/core/accessor.py::192,0.909091
pandas/core/accessor.py::193,0.909091
pandas/core/arrays/datetimes.py::1112,0.909091
pandas/core/arrays/datetimes.py::1114,0.909091
pandas/core/arrays/datetimes.py::1121,0.909091
pandas/core/arrays/datetimes.py::1131,0.909091
pandas/core/arrays/datetimes.py::626,0.909091
pandas/core/arrays/datetimes.py::628,0.909091
pandas/core/arrays/datetimes.py::630,0.909091
pandas/core/arrays/datetimes.py::631,0.909091
pandas/core/arrays/numpy_.py::142,0.909091
pandas/core/arrays/numpy_.py::144,0.909091
pandas/core/arrays/numpy_.py::149,0.909091
pandas/core/arrays/numpy_.py::152,0.909091
pandas/core/arrays/numpy_.py::155,0.909091
pandas/core/arrays/numpy_.py::156,0.909091
pandas/core/arrays/numpy_.py::187,0.909091
pandas/core/arrays/numpy_.py::45,0.909091
pandas/core/arrays/numpy_.py::46,0.909091
pandas/core/arrays/numpy_.py::47,0.909091
pandas/core/arrays/numpy_.py::48,0.909091
pandas/core/arrays/period.py::147,0.909091
pandas/core/arrays/period.py::149,0.909091
pandas/core/arrays/period.py::150,0.909091
pandas/core/arrays/period.py::152,0.909091
pandas/core/arrays/period.py::157,0.909091
pandas/core/arrays/period.py::160,0.909091
pandas/core/arrays/period.py::161,0.909091
pandas/core/arrays/period.py::163,0.909091
pandas/core/arrays/period.py::165,0.909091
pandas/core/arrays/period.py::166,0.909091
pandas/core/arrays/period.py::167,0.909091
pandas/core/arrays/period.py::169,0.909091
pandas/core/arrays/period.py::221,0.909091
pandas/core/arrays/period.py::222,0.909091
pandas/core/arrays/period.py::272,0.909091
pandas/core/arrays/period.py::280,0.909091
pandas/core/arrays/period.py::463,0.909091
pandas/core/arrays/period.py::825,0.909091
pandas/core/arrays/period.py::827,0.909091
pandas/core/arrays/period.py::828,0.909091
pandas/core/arrays/period.py::869,0.909091
pandas/core/arrays/period.py::870,0.909091
pandas/core/arrays/period.py::872,0.909091
pandas/core/arrays/period.py::880,0.909091
pandas/core/arrays/period.py::903,0.909091
pandas/core/arrays/period.py::906,0.909091
pandas/core/arrays/period.py::912,0.909091
pandas/core/arrays/period.py::914,0.909091
pandas/core/arrays/period.py::917,0.909091
pandas/core/arrays/period.py::918,0.909091
pandas/core/arrays/sparse/dtype.py::209,0.909091
pandas/core/arrays/sparse/dtype.py::210,0.909091
pandas/core/arrays/sparse/dtype.py::228,0.909091
pandas/core/base.py::112,0.909091
pandas/core/base.py::121,0.909091
pandas/core/base.py::127,0.909091
pandas/core/base.py::682,0.909091
pandas/core/base.py::753,0.909091
pandas/core/base.py::755,0.909091
pandas/core/base.py::759,0.909091
pandas/core/base.py::764,0.909091
pandas/core/base.py::765,0.909091
pandas/core/base.py::767,0.909091
pandas/core/base.py::769,0.909091
pandas/core/base.py::902,0.909091
pandas/core/construction.py::437,0.909091
pandas/core/construction.py::440,0.909091
pandas/core/construction.py::442,0.909091
pandas/core/construction.py::463,0.909091
pandas/core/construction.py::499,0.909091
pandas/core/construction.py::500,0.909091
pandas/core/construction.py::541,0.909091
pandas/core/construction.py::542,0.909091
pandas/core/construction.py::544,0.909091
pandas/core/construction.py::620,0.909091
pandas/core/construction.py::622,0.909091
pandas/core/construction.py::624,0.909091
pandas/core/construction.py::625,0.909091
pandas/core/dtypes/base.py::237,0.909091
pandas/core/dtypes/base.py::242,0.909091
pandas/core/dtypes/base.py::243,0.909091
pandas/core/dtypes/base.py::244,0.909091
pandas/core/dtypes/cast.py::1067,0.909091
pandas/core/dtypes/cast.py::1068,0.909091
pandas/core/dtypes/cast.py::1071,0.909091
pandas/core/dtypes/cast.py::1074,0.909091
pandas/core/dtypes/cast.py::1099,0.909091
pandas/core/dtypes/cast.py::1110,0.909091
pandas/core/dtypes/cast.py::1112,0.909091
pandas/core/dtypes/cast.py::1114,0.909091
pandas/core/dtypes/cast.py::1116,0.909091
pandas/core/dtypes/cast.py::1118,0.909091
pandas/core/dtypes/cast.py::1134,0.909091
pandas/core/dtypes/common.py::1065,0.909091
pandas/core/dtypes/common.py::1067,0.909091
pandas/core/dtypes/common.py::1068,0.909091
pandas/core/dtypes/common.py::1074,0.909091
pandas/core/dtypes/common.py::1105,0.909091
pandas/core/dtypes/common.py::1364,0.909091
pandas/core/dtypes/common.py::1365,0.909091
pandas/core/dtypes/common.py::1693,0.909091
pandas/core/dtypes/common.py::1744,0.909091
pandas/core/dtypes/common.py::1745,0.909091
pandas/core/dtypes/common.py::1746,0.909091
pandas/core/dtypes/common.py::1867,0.909091
pandas/core/dtypes/common.py::1868,0.909091
pandas/core/dtypes/common.py::1873,0.909091
pandas/core/dtypes/common.py::1874,0.909091
pandas/core/dtypes/common.py::1875,0.909091
pandas/core/dtypes/common.py::1884,0.909091
pandas/core/dtypes/common.py::1887,0.909091
pandas/core/dtypes/common.py::1888,0.909091
pandas/core/dtypes/common.py::1891,0.909091
pandas/core/dtypes/dtypes.py::100,0.909091
pandas/core/dtypes/dtypes.py::101,0.909091
pandas/core/dtypes/dtypes.py::103,0.909091
pandas/core/dtypes/dtypes.py::1059,0.909091
pandas/core/dtypes/dtypes.py::1062,0.909091
pandas/core/dtypes/dtypes.py::1066,0.909091
pandas/core/dtypes/dtypes.py::1071,0.909091
pandas/core/dtypes/dtypes.py::355,0.909091
pandas/core/dtypes/dtypes.py::357,0.909091
pandas/core/dtypes/dtypes.py::358,0.909091
pandas/core/dtypes/dtypes.py::733,0.909091
pandas/core/dtypes/dtypes.py::734,0.909091
pandas/core/dtypes/dtypes.py::735,0.909091
pandas/core/dtypes/dtypes.py::736,0.909091
pandas/core/dtypes/dtypes.py::746,0.909091
pandas/core/dtypes/dtypes.py::826,0.909091
pandas/core/dtypes/dtypes.py::829,0.909091
pandas/core/dtypes/dtypes.py::835,0.909091
pandas/core/dtypes/dtypes.py::838,0.909091
pandas/core/dtypes/dtypes.py::839,0.909091
pandas/core/dtypes/dtypes.py::840,0.909091
pandas/core/dtypes/dtypes.py::841,0.909091
pandas/core/dtypes/dtypes.py::842,0.909091
pandas/core/dtypes/dtypes.py::843,0.909091
pandas/core/dtypes/dtypes.py::844,0.909091
pandas/core/dtypes/dtypes.py::851,0.909091
pandas/core/dtypes/dtypes.py::875,0.909091
pandas/core/dtypes/dtypes.py::876,0.909091
pandas/core/dtypes/dtypes.py::877,0.909091
pandas/core/dtypes/dtypes.py::885,0.909091
pandas/core/dtypes/dtypes.py::886,0.909091
pandas/core/dtypes/dtypes.py::889,0.909091
pandas/core/dtypes/dtypes.py::97,0.909091
pandas/core/dtypes/dtypes.py::98,0.909091
pandas/core/dtypes/dtypes.py::99,0.909091
pandas/core/dtypes/inference.py::327,0.909091
pandas/core/dtypes/inference.py::419,0.909091
pandas/core/dtypes/inference.py::420,0.909091
pandas/core/dtypes/inference.py::421,0.909091
pandas/core/dtypes/inference.py::422,0.909091
pandas/core/dtypes/inference.py::423,0.909091
pandas/core/dtypes/inference.py::424,0.909091
pandas/core/dtypes/missing.py::266,0.909091
pandas/core/dtypes/missing.py::556,0.909091
pandas/core/dtypes/missing.py::558,0.909091
pandas/core/dtypes/missing.py::561,0.909091
pandas/core/dtypes/missing.py::562,0.909091
pandas/core/dtypes/missing.py::563,0.909091
pandas/core/dtypes/missing.py::564,0.909091
pandas/core/dtypes/missing.py::567,0.909091
pandas/core/dtypes/missing.py::568,0.909091
pandas/core/dtypes/missing.py::569,0.909091
pandas/core/dtypes/missing.py::573,0.909091
pandas/core/dtypes/missing.py::575,0.909091
pandas/core/frame.py::423,0.909091
pandas/core/frame.py::425,0.909091
pandas/core/frame.py::657,0.909091
pandas/core/frame.py::658,0.909091
pandas/core/frame.py::666,0.909091
pandas/core/frame.py::667,0.909091
pandas/core/frame.py::671,0.909091
pandas/core/frame.py::672,0.909091
pandas/core/frame.py::673,0.909091
pandas/core/frame.py::674,0.909091
pandas/core/frame.py::675,0.909091
pandas/core/frame.py::676,0.909091
pandas/core/frame.py::677,0.909091
pandas/core/frame.py::680,0.909091
pandas/core/frame.py::681,0.909091
pandas/core/frame.py::682,0.909091
pandas/core/frame.py::683,0.909091
pandas/core/frame.py::684,0.909091
pandas/core/frame.py::685,0.909091
pandas/core/frame.py::686,0.909091
pandas/core/frame.py::687,0.909091
pandas/core/frame.py::690,0.909091
pandas/core/frame.py::798,0.909091
pandas/core/frame.py::800,0.909091
pandas/core/frame.py::801,0.909091
pandas/core/frame.py::802,0.909091
pandas/core/frame.py::803,0.909091
pandas/core/frame.py::804,0.909091
pandas/core/frame.py::805,0.909091
pandas/core/frame.py::806,0.909091
pandas/core/frame.py::807,0.909091
pandas/core/frame.py::808,0.909091
pandas/core/frame.py::809,0.909091
pandas/core/frame.py::810,0.909091
pandas/core/frame.py::811,0.909091
pandas/core/frame.py::812,0.909091
pandas/core/frame.py::813,0.909091
pandas/core/frame.py::814,0.909091
pandas/core/frame.py::815,0.909091
pandas/core/frame.py::816,0.909091
pandas/core/frame.py::817,0.909091
pandas/core/frame.py::818,0.909091
pandas/core/frame.py::820,0.909091
pandas/core/frame.py::8296,0.909091
pandas/core/frame.py::8297,0.909091
pandas/core/frame.py::8298,0.909091
pandas/core/frame.py::8300,0.909091
pandas/core/frame.py::8301,0.909091
pandas/core/frame.py::8302,0.909091
pandas/core/frame.py::8308,0.909091
pandas/core/generic.py::10992,0.909091
pandas/core/generic.py::10993,0.909091
pandas/core/generic.py::10998,0.909091
pandas/core/generic.py::10999,0.909091
pandas/core/generic.py::11000,0.909091
pandas/core/generic.py::11001,0.909091
pandas/core/generic.py::11002,0.909091
pandas/core/generic.py::11006,0.909091
pandas/core/generic.py::11007,0.909091
pandas/core/generic.py::11008,0.909091
pandas/core/generic.py::11009,0.909091
pandas/core/generic.py::11010,0.909091
pandas/core/generic.py::11011,0.909091
pandas/core/generic.py::11012,0.909091
pandas/core/generic.py::11034,0.909091
pandas/core/generic.py::11037,0.909091
pandas/core/generic.py::11038,0.909091
pandas/core/generic.py::11039,0.909091
pandas/core/generic.py::11040,0.909091
pandas/core/generic.py::11041,0.909091
pandas/core/generic.py::11042,0.909091
pandas/core/generic.py::11044,0.909091
pandas/core/generic.py::11045,0.909091
pandas/core/generic.py::1785,0.909091
pandas/core/generic.py::5510,0.909091
pandas/core/generic.py::5512,0.909091
pandas/core/generic.py::5626,0.909091
pandas/core/generic.py::5651,0.909091
pandas/core/generic.py::5661,0.909091
pandas/core/generic.py::5662,0.909091
pandas/core/generic.py::6956,0.909091
pandas/core/generic.py::6975,0.909091
pandas/core/generic.py::6976,0.909091
pandas/core/generic.py::6979,0.909091
pandas/core/generic.py::6980,0.909091
pandas/core/generic.py::6982,0.909091
pandas/core/indexers.py::100,0.909091
pandas/core/indexers.py::200,0.909091
pandas/core/indexers.py::201,0.909091
pandas/core/indexes/base.py::342,0.909091
pandas/core/indexes/base.py::344,0.909091
pandas/core/indexes/base.py::5481,0.909091
pandas/core/indexes/base.py::5484,0.909091
pandas/core/indexes/base.py::644,0.909091
pandas/core/indexes/base.py::935,0.909091
pandas/core/indexes/base.py::936,0.909091
pandas/core/indexes/base.py::937,0.909091
pandas/core/indexes/base.py::939,0.909091
pandas/core/indexes/base.py::940,0.909091
pandas/core/indexes/base.py::943,0.909091
pandas/core/indexes/base.py::946,0.909091
pandas/core/indexes/base.py::949,0.909091
pandas/core/indexes/base.py::951,0.909091
pandas/core/indexes/base.py::953,0.909091
pandas/core/indexes/base.py::956,0.909091
pandas/core/indexes/base.py::957,0.909091
pandas/core/indexes/base.py::959,0.909091
pandas/core/indexes/base.py::960,0.909091
pandas/core/indexes/base.py::963,0.909091
pandas/core/indexes/base.py::964,0.909091
pandas/core/indexes/base.py::971,0.909091
pandas/core/indexes/datetimelike.py::376,0.909091
pandas/core/indexes/datetimelike.py::942,0.909091
pandas/core/indexes/period.py::182,0.909091
pandas/core/indexes/period.py::183,0.909091
pandas/core/indexes/period.py::184,0.909091
pandas/core/indexes/period.py::185,0.909091
pandas/core/indexes/period.py::186,0.909091
pandas/core/indexes/period.py::187,0.909091
pandas/core/indexes/period.py::188,0.909091
pandas/core/indexes/period.py::191,0.909091
pandas/core/indexes/period.py::195,0.909091
pandas/core/indexes/period.py::197,0.909091
pandas/core/indexes/period.py::206,0.909091
pandas/core/indexes/period.py::211,0.909091
pandas/core/indexes/period.py::216,0.909091
pandas/core/indexes/period.py::222,0.909091
pandas/core/indexes/period.py::224,0.909091
pandas/core/indexes/period.py::227,0.909091
pandas/core/indexes/period.py::244,0.909091
pandas/core/indexes/period.py::246,0.909091
pandas/core/indexes/period.py::248,0.909091
pandas/core/indexes/period.py::250,0.909091
pandas/core/indexes/period.py::252,0.909091
pandas/core/indexes/period.py::254,0.909091
pandas/core/indexes/period.py::255,0.909091
pandas/core/indexes/period.py::257,0.909091
pandas/core/indexes/period.py::258,0.909091
pandas/core/indexes/period.py::259,0.909091
pandas/core/indexes/period.py::260,0.909091
pandas/core/indexes/period.py::369,0.909091
pandas/core/indexes/period.py::370,0.909091
pandas/core/internals/blocks.py::185,0.909091
pandas/core/internals/blocks.py::190,0.909091
pandas/core/internals/blocks.py::193,0.909091
pandas/core/internals/blocks.py::2528,0.909091
pandas/core/internals/blocks.py::2531,0.909091
pandas/core/internals/blocks.py::2589,0.909091
pandas/core/internals/blocks.py::2959,0.909091
pandas/core/internals/blocks.py::551,0.909091
pandas/core/internals/blocks.py::553,0.909091
pandas/core/internals/blocks.py::560,0.909091
pandas/core/internals/blocks.py::568,0.909091
pandas/core/internals/blocks.py::576,0.909091
pandas/core/internals/blocks.py::579,0.909091
pandas/core/internals/blocks.py::580,0.909091
pandas/core/internals/blocks.py::581,0.909091
pandas/core/internals/blocks.py::869,0.909091
pandas/core/internals/blocks.py::870,0.909091
pandas/core/internals/blocks.py::872,0.909091
pandas/core/internals/blocks.py::873,0.909091
pandas/core/internals/blocks.py::874,0.909091
pandas/core/internals/construction.py::219,0.909091
pandas/core/internals/construction.py::221,0.909091
pandas/core/internals/construction.py::222,0.909091
pandas/core/internals/construction.py::224,0.909091
pandas/core/internals/construction.py::225,0.909091
pandas/core/internals/construction.py::230,0.909091
pandas/core/internals/construction.py::233,0.909091
pandas/core/internals/construction.py::234,0.909091
pandas/core/internals/construction.py::238,0.909091
pandas/core/internals/construction.py::239,0.909091
pandas/core/internals/construction.py::240,0.909091
pandas/core/internals/managers.py::1727,0.909091
pandas/core/internals/managers.py::1728,0.909091
pandas/core/internals/managers.py::250,0.909091
pandas/core/internals/managers.py::251,0.909091
pandas/core/internals/managers.py::583,0.909091
pandas/core/nanops.py::102,0.909091
pandas/core/nanops.py::111,0.909091
pandas/core/nanops.py::1188,0.909091
pandas/core/nanops.py::1200,0.909091
pandas/core/nanops.py::1201,0.909091
pandas/core/nanops.py::1204,0.909091
pandas/core/nanops.py::1205,0.909091
pandas/core/nanops.py::1208,0.909091
pandas/core/nanops.py::125,0.909091
pandas/core/nanops.py::127,0.909091
pandas/core/nanops.py::170,0.909091
pandas/core/nanops.py::179,0.909091
pandas/core/nanops.py::182,0.909091
pandas/core/nanops.py::186,0.909091
pandas/core/nanops.py::337,0.909091
pandas/core/nanops.py::349,0.909091
pandas/core/nanops.py::362,0.909091
pandas/core/nanops.py::485,0.909091
pandas/core/nanops.py::486,0.909091
pandas/core/nanops.py::488,0.909091
pandas/core/nanops.py::489,0.909091
pandas/core/nanops.py::491,0.909091
pandas/core/nanops.py::493,0.909091
pandas/core/nanops.py::494,0.909091
pandas/core/nanops.py::496,0.909091
pandas/core/nanops.py::56,0.909091
pandas/core/nanops.py::61,0.909091
pandas/core/nanops.py::62,0.909091
pandas/core/nanops.py::67,0.909091
pandas/core/nanops.py::68,0.909091
pandas/core/nanops.py::69,0.909091
pandas/core/nanops.py::826,0.909091
pandas/core/nanops.py::827,0.909091
pandas/core/nanops.py::830,0.909091
pandas/core/nanops.py::837,0.909091
pandas/core/nanops.py::839,0.909091
pandas/core/nanops.py::840,0.909091
pandas/core/nanops.py::97,0.909091
pandas/core/series.py::1100,0.909091
pandas/core/series.py::1300,0.909091
pandas/core/series.py::1301,0.909091
pandas/core/series.py::1304,0.909091
pandas/core/series.py::1305,0.909091
pandas/core/series.py::1309,0.909091
pandas/core/series.py::1310,0.909091
pandas/core/series.py::1312,0.909091
pandas/core/series.py::1314,0.909091
pandas/core/series.py::1315,0.909091
pandas/core/series.py::1316,0.909091
pandas/core/series.py::1317,0.909091
pandas/core/series.py::1318,0.909091
pandas/core/series.py::1319,0.909091
pandas/core/series.py::1320,0.909091
pandas/core/series.py::1322,0.909091
pandas/core/series.py::1324,0.909091
pandas/core/series.py::1374,0.909091
pandas/core/series.py::1375,0.909091
pandas/core/series.py::1376,0.909091
pandas/core/series.py::1377,0.909091
pandas/core/series.py::1378,0.909091
pandas/core/series.py::1379,0.909091
pandas/core/series.py::1380,0.909091
pandas/core/series.py::1381,0.909091
pandas/core/series.py::1382,0.909091
pandas/core/series.py::1383,0.909091
pandas/core/series.py::1384,0.909091
pandas/core/series.py::1386,0.909091
pandas/core/series.py::1389,0.909091
pandas/core/series.py::1395,0.909091
pandas/core/series.py::1398,0.909091
pandas/core/series.py::1399,0.909091
pandas/core/series.py::216,0.909091
pandas/core/series.py::254,0.909091
pandas/core/series.py::255,0.909091
pandas/core/series.py::256,0.909091
pandas/core/series.py::280,0.909091
pandas/core/series.py::282,0.909091
pandas/core/series.py::332,0.909091
pandas/core/series.py::335,0.909091
pandas/core/series.py::338,0.909091
pandas/core/series.py::339,0.909091
pandas/core/series.py::341,0.909091
pandas/core/series.py::346,0.909091
pandas/core/series.py::347,0.909091
pandas/core/series.py::351,0.909091
pandas/core/series.py::353,0.909091
pandas/core/series.py::3760,0.909091
pandas/core/series.py::3766,0.909091
pandas/core/series.py::3770,0.909091
pandas/core/series.py::3774,0.909091
pandas/core/series.py::3780,0.909091
pandas/core/series.py::3782,0.909091
pandas/core/series.py::3783,0.909091
pandas/core/series.py::3787,0.909091
pandas/core/series.py::3791,0.909091
pandas/core/series.py::3792,0.909091
pandas/core/series.py::3794,0.909091
pandas/core/series.py::3799,0.909091
pandas/core/series.py::4306,0.909091
pandas/core/series.py::719,0.909091
pandas/core/strings.py::123,0.909091
pandas/core/strings.py::127,0.909091
pandas/core/strings.py::1941,0.909091
pandas/core/strings.py::1947,0.909091
pandas/core/strings.py::1965,0.909091
pandas/core/strings.py::1966,0.909091
pandas/core/strings.py::201,0.909091
pandas/core/strings.py::2034,0.909091
pandas/core/strings.py::2035,0.909091
pandas/core/strings.py::2036,0.909091
pandas/core/strings.py::2039,0.909091
pandas/core/strings.py::204,0.909091
pandas/core/strings.py::2041,0.909091
pandas/core/strings.py::2042,0.909091
pandas/core/strings.py::205,0.909091
pandas/core/strings.py::206,0.909091
pandas/core/strings.py::2067,0.909091
pandas/core/strings.py::2069,0.909091
pandas/core/strings.py::2075,0.909091
pandas/core/strings.py::2077,0.909091
pandas/core/strings.py::2078,0.909091
pandas/core/strings.py::208,0.909091
pandas/core/strings.py::2081,0.909091
pandas/core/strings.py::2084,0.909091
pandas/core/strings.py::2085,0.909091
pandas/core/strings.py::209,0.909091
pandas/core/strings.py::2090,0.909091
pandas/core/strings.py::2092,0.909091
pandas/core/strings.py::210,0.909091
pandas/core/strings.py::211,0.909091
pandas/core/strings.py::212,0.909091
pandas/core/strings.py::2123,0.909091
pandas/core/strings.py::2130,0.909091
pandas/core/strings.py::2136,0.909091
pandas/core/strings.py::2138,0.909091
pandas/core/strings.py::2144,0.909091
pandas/core/strings.py::2147,0.909091
pandas/core/strings.py::2149,0.909091
pandas/core/strings.py::2151,0.909091
pandas/core/strings.py::2171,0.909091
pandas/core/strings.py::2174,0.909091
pandas/core/strings.py::2177,0.909091
pandas/core/strings.py::2178,0.909091
pandas/core/strings.py::2179,0.909091
pandas/core/strings.py::2182,0.909091
pandas/core/strings.py::2186,0.909091
pandas/core/strings.py::2203,0.909091
pandas/core/strings.py::2204,0.909091
pandas/core/strings.py::2209,0.909091
pandas/core/strings.py::2210,0.909091
pandas/core/strings.py::2211,0.909091
pandas/core/strings.py::232,0.909091
pandas/core/strings.py::236,0.909091
pandas/core/tools/datetimes.py::100,0.909091
pandas/core/tools/datetimes.py::101,0.909091
pandas/core/tools/datetimes.py::141,0.909091
pandas/core/tools/datetimes.py::143,0.909091
pandas/core/tools/datetimes.py::145,0.909091
pandas/core/tools/datetimes.py::147,0.909091
pandas/core/tools/datetimes.py::148,0.909091
pandas/core/tools/datetimes.py::179,0.909091
pandas/core/tools/datetimes.py::181,0.909091
pandas/core/tools/datetimes.py::182,0.909091
pandas/core/tools/datetimes.py::183,0.909091
pandas/core/tools/datetimes.py::287,0.909091
pandas/core/tools/datetimes.py::288,0.909091
pandas/core/tools/datetimes.py::289,0.909091
pandas/core/tools/datetimes.py::294,0.909091
pandas/core/tools/datetimes.py::295,0.909091
pandas/core/tools/datetimes.py::298,0.909091
pandas/core/tools/datetimes.py::305,0.909091
pandas/core/tools/datetimes.py::317,0.909091
pandas/core/tools/datetimes.py::355,0.909091
pandas/core/tools/datetimes.py::362,0.909091
pandas/core/tools/datetimes.py::363,0.909091
pandas/core/tools/datetimes.py::365,0.909091
pandas/core/tools/datetimes.py::366,0.909091
pandas/core/tools/datetimes.py::368,0.909091
pandas/core/tools/datetimes.py::371,0.909091
pandas/core/tools/datetimes.py::381,0.909091
pandas/core/tools/datetimes.py::382,0.909091
pandas/core/tools/datetimes.py::384,0.909091
pandas/core/tools/datetimes.py::437,0.909091
pandas/core/tools/datetimes.py::438,0.909091
pandas/core/tools/datetimes.py::439,0.909091
pandas/core/tools/datetimes.py::440,0.909091
pandas/core/tools/datetimes.py::441,0.909091
pandas/core/tools/datetimes.py::442,0.909091
pandas/core/tools/datetimes.py::443,0.909091
pandas/core/tools/datetimes.py::444,0.909091
pandas/core/tools/datetimes.py::445,0.909091
pandas/core/tools/datetimes.py::446,0.909091
pandas/core/tools/datetimes.py::447,0.909091
pandas/core/tools/datetimes.py::450,0.909091
pandas/core/tools/datetimes.py::455,0.909091
pandas/core/tools/datetimes.py::456,0.909091
pandas/core/tools/datetimes.py::695,0.909091
pandas/core/tools/datetimes.py::698,0.909091
pandas/core/tools/datetimes.py::701,0.909091
pandas/core/tools/datetimes.py::702,0.909091
pandas/core/tools/datetimes.py::703,0.909091
pandas/core/tools/datetimes.py::704,0.909091
pandas/core/tools/datetimes.py::705,0.909091
pandas/core/tools/datetimes.py::706,0.909091
pandas/core/tools/datetimes.py::707,0.909091
pandas/core/tools/datetimes.py::708,0.909091
pandas/core/tools/datetimes.py::709,0.909091
pandas/core/tools/datetimes.py::710,0.909091
pandas/core/tools/datetimes.py::713,0.909091
pandas/core/tools/datetimes.py::720,0.909091
pandas/core/tools/datetimes.py::727,0.909091
pandas/core/tools/datetimes.py::729,0.909091
pandas/core/tools/datetimes.py::736,0.909091
pandas/core/tools/datetimes.py::737,0.909091
pandas/core/tools/datetimes.py::738,0.909091
pandas/core/tools/datetimes.py::741,0.909091
pandas/core/tools/datetimes.py::745,0.909091
pandas/core/tools/datetimes.py::95,0.909091
pandas/core/tools/datetimes.py::98,0.909091
pandas/io/common.py::112,0.909091
pandas/io/common.py::115,0.909091
pandas/io/common.py::117,0.909091
pandas/io/common.py::73,0.909091
pandas/io/common.py::75,0.909091
pandas/io/formats/console.py::14,0.909091
pandas/io/formats/console.py::16,0.909091
pandas/io/formats/console.py::17,0.909091
pandas/io/formats/console.py::29,0.909091
pandas/io/formats/console.py::41,0.909091
pandas/io/formats/console.py::46,0.909091
pandas/io/formats/console.py::62,0.909091
pandas/io/formats/console.py::64,0.909091
pandas/io/formats/console.py::65,0.909091
pandas/io/formats/console.py::66,0.909091
pandas/io/formats/console.py::69,0.909091
pandas/io/formats/console.py::71,0.909091
pandas/io/formats/console.py::72,0.909091
pandas/io/formats/console.py::73,0.909091
pandas/io/formats/console.py::74,0.909091
pandas/io/formats/format.py::1019,0.909091
pandas/io/formats/format.py::1020,0.909091
pandas/io/formats/format.py::1021,0.909091
pandas/io/formats/format.py::1023,0.909091
pandas/io/formats/format.py::1024,0.909091
pandas/io/formats/format.py::1027,0.909091
pandas/io/formats/format.py::1031,0.909091
pandas/io/formats/format.py::1035,0.909091
pandas/io/formats/format.py::1039,0.909091
pandas/io/formats/format.py::1043,0.909091
pandas/io/formats/format.py::1048,0.909091
pandas/io/formats/format.py::1049,0.909091
pandas/io/formats/format.py::1050,0.909091
pandas/io/formats/format.py::1051,0.909091
pandas/io/formats/format.py::1053,0.909091
pandas/io/formats/format.py::1061,0.909091
pandas/io/formats/format.py::1064,0.909091
pandas/io/formats/format.py::1069,0.909091
pandas/io/formats/format.py::1072,0.909091
pandas/io/formats/format.py::1075,0.909091
pandas/io/formats/format.py::1078,0.909091
pandas/io/formats/format.py::1080,0.909091
pandas/io/formats/format.py::1081,0.909091
pandas/io/formats/format.py::1138,0.909091
pandas/io/formats/format.py::1140,0.909091
pandas/io/formats/format.py::1142,0.909091
pandas/io/formats/format.py::1144,0.909091
pandas/io/formats/format.py::1146,0.909091
pandas/io/formats/format.py::1147,0.909091
pandas/io/formats/format.py::1148,0.909091
pandas/io/formats/format.py::1149,0.909091
pandas/io/formats/format.py::1151,0.909091
pandas/io/formats/format.py::1153,0.909091
pandas/io/formats/format.py::1154,0.909091
pandas/io/formats/format.py::1156,0.909091
pandas/io/formats/format.py::1157,0.909091
pandas/io/formats/format.py::1159,0.909091
pandas/io/formats/format.py::1160,0.909091
pandas/io/formats/format.py::1162,0.909091
pandas/io/formats/format.py::1163,0.909091
pandas/io/formats/format.py::1164,0.909091
pandas/io/formats/format.py::1165,0.909091
pandas/io/formats/format.py::1166,0.909091
pandas/io/formats/format.py::1167,0.909091
pandas/io/formats/format.py::1168,0.909091
pandas/io/formats/format.py::1169,0.909091
pandas/io/formats/format.py::1170,0.909091
pandas/io/formats/format.py::1171,0.909091
pandas/io/formats/format.py::1174,0.909091
pandas/io/formats/format.py::1192,0.909091
pandas/io/formats/format.py::1193,0.909091
pandas/io/formats/format.py::1194,0.909091
pandas/io/formats/format.py::1195,0.909091
pandas/io/formats/format.py::1196,0.909091
pandas/io/formats/format.py::1197,0.909091
pandas/io/formats/format.py::1198,0.909091
pandas/io/formats/format.py::1199,0.909091
pandas/io/formats/format.py::1200,0.909091
pandas/io/formats/format.py::1201,0.909091
pandas/io/formats/format.py::1202,0.909091
pandas/io/formats/format.py::1205,0.909091
pandas/io/formats/format.py::1206,0.909091
pandas/io/formats/format.py::1209,0.909091
pandas/io/formats/format.py::1210,0.909091
pandas/io/formats/format.py::1211,0.909091
pandas/io/formats/format.py::1212,0.909091
pandas/io/formats/format.py::1213,0.909091
pandas/io/formats/format.py::1215,0.909091
pandas/io/formats/format.py::1221,0.909091
pandas/io/formats/format.py::1222,0.909091
pandas/io/formats/format.py::1225,0.909091
pandas/io/formats/format.py::1226,0.909091
pandas/io/formats/format.py::1240,0.909091
pandas/io/formats/format.py::1244,0.909091
pandas/io/formats/format.py::1246,0.909091
pandas/io/formats/format.py::1247,0.909091
pandas/io/formats/format.py::1249,0.909091
pandas/io/formats/format.py::1252,0.909091
pandas/io/formats/format.py::1253,0.909091
pandas/io/formats/format.py::1254,0.909091
pandas/io/formats/format.py::1255,0.909091
pandas/io/formats/format.py::1257,0.909091
pandas/io/formats/format.py::1258,0.909091
pandas/io/formats/format.py::1259,0.909091
pandas/io/formats/format.py::1261,0.909091
pandas/io/formats/format.py::1264,0.909091
pandas/io/formats/format.py::1269,0.909091
pandas/io/formats/format.py::1270,0.909091
pandas/io/formats/format.py::1272,0.909091
pandas/io/formats/format.py::1281,0.909091
pandas/io/formats/format.py::1285,0.909091
pandas/io/formats/format.py::1301,0.909091
pandas/io/formats/format.py::1310,0.909091
pandas/io/formats/format.py::1312,0.909091
pandas/io/formats/format.py::1320,0.909091
pandas/io/formats/format.py::1326,0.909091
pandas/io/formats/format.py::1328,0.909091
pandas/io/formats/format.py::1329,0.909091
pandas/io/formats/format.py::1348,0.909091
pandas/io/formats/format.py::1351,0.909091
pandas/io/formats/format.py::1352,0.909091
pandas/io/formats/format.py::1357,0.909091
pandas/io/formats/format.py::1358,0.909091
pandas/io/formats/format.py::1362,0.909091
pandas/io/formats/format.py::1365,0.909091
pandas/io/formats/format.py::1368,0.909091
pandas/io/formats/format.py::1369,0.909091
pandas/io/formats/format.py::1370,0.909091
pandas/io/formats/format.py::1371,0.909091
pandas/io/formats/format.py::1373,0.909091
pandas/io/formats/format.py::1374,0.909091
pandas/io/formats/format.py::1375,0.909091
pandas/io/formats/format.py::1376,0.909091
pandas/io/formats/format.py::1377,0.909091
pandas/io/formats/format.py::1380,0.909091
pandas/io/formats/format.py::1381,0.909091
pandas/io/formats/format.py::1384,0.909091
pandas/io/formats/format.py::1385,0.909091
pandas/io/formats/format.py::1392,0.909091
pandas/io/formats/format.py::1393,0.909091
pandas/io/formats/format.py::1394,0.909091
pandas/io/formats/format.py::1395,0.909091
pandas/io/formats/format.py::1402,0.909091
pandas/io/formats/format.py::1404,0.909091
pandas/io/formats/format.py::1411,0.909091
pandas/io/formats/format.py::1412,0.909091
pandas/io/formats/format.py::1413,0.909091
pandas/io/formats/format.py::1417,0.909091
pandas/io/formats/format.py::1418,0.909091
pandas/io/formats/format.py::1422,0.909091
pandas/io/formats/format.py::1424,0.909091
pandas/io/formats/format.py::1427,0.909091
pandas/io/formats/format.py::1431,0.909091
pandas/io/formats/format.py::1435,0.909091
pandas/io/formats/format.py::1438,0.909091
pandas/io/formats/format.py::1443,0.909091
pandas/io/formats/format.py::1444,0.909091
pandas/io/formats/format.py::1445,0.909091
pandas/io/formats/format.py::1580,0.909091
pandas/io/formats/format.py::1582,0.909091
pandas/io/formats/format.py::1583,0.909091
pandas/io/formats/format.py::1586,0.909091
pandas/io/formats/format.py::1587,0.909091
pandas/io/formats/format.py::1588,0.909091
pandas/io/formats/format.py::1590,0.909091
pandas/io/formats/format.py::1592,0.909091
pandas/io/formats/format.py::1594,0.909091
pandas/io/formats/format.py::1644,0.909091
pandas/io/formats/format.py::1649,0.909091
pandas/io/formats/format.py::1650,0.909091
pandas/io/formats/format.py::1652,0.909091
pandas/io/formats/format.py::1740,0.909091
pandas/io/formats/format.py::1743,0.909091
pandas/io/formats/format.py::1744,0.909091
pandas/io/formats/format.py::1746,0.909091
pandas/io/formats/format.py::1748,0.909091
pandas/io/formats/format.py::1749,0.909091
pandas/io/formats/format.py::1751,0.909091
pandas/io/formats/format.py::1752,0.909091
pandas/io/formats/format.py::1755,0.909091
pandas/io/formats/format.py::1756,0.909091
pandas/io/formats/format.py::1757,0.909091
pandas/io/formats/format.py::1759,0.909091
pandas/io/formats/format.py::1761,0.909091
pandas/io/formats/format.py::1762,0.909091
pandas/io/formats/format.py::1763,0.909091
pandas/io/formats/format.py::1783,0.909091
pandas/io/formats/format.py::1785,0.909091
pandas/io/formats/format.py::1786,0.909091
pandas/io/formats/format.py::1788,0.909091
pandas/io/formats/format.py::1789,0.909091
pandas/io/formats/format.py::1791,0.909091
pandas/io/formats/format.py::1796,0.909091
pandas/io/formats/format.py::1800,0.909091
pandas/io/formats/format.py::1804,0.909091
pandas/io/formats/format.py::1807,0.909091
pandas/io/formats/format.py::244,0.909091
pandas/io/formats/format.py::245,0.909091
pandas/io/formats/format.py::246,0.909091
pandas/io/formats/format.py::247,0.909091
pandas/io/formats/format.py::248,0.909091
pandas/io/formats/format.py::249,0.909091
pandas/io/formats/format.py::250,0.909091
pandas/io/formats/format.py::251,0.909091
pandas/io/formats/format.py::252,0.909091
pandas/io/formats/format.py::254,0.909091
pandas/io/formats/format.py::255,0.909091
pandas/io/formats/format.py::256,0.909091
pandas/io/formats/format.py::257,0.909091
pandas/io/formats/format.py::258,0.909091
pandas/io/formats/format.py::260,0.909091
pandas/io/formats/format.py::263,0.909091
pandas/io/formats/format.py::265,0.909091
pandas/io/formats/format.py::267,0.909091
pandas/io/formats/format.py::268,0.909091
pandas/io/formats/format.py::271,0.909091
pandas/io/formats/format.py::272,0.909091
pandas/io/formats/format.py::273,0.909091
pandas/io/formats/format.py::289,0.909091
pandas/io/formats/format.py::290,0.909091
pandas/io/formats/format.py::291,0.909091
pandas/io/formats/format.py::294,0.909091
pandas/io/formats/format.py::295,0.909091
pandas/io/formats/format.py::297,0.909091
pandas/io/formats/format.py::300,0.909091
pandas/io/formats/format.py::301,0.909091
pandas/io/formats/format.py::304,0.909091
pandas/io/formats/format.py::305,0.909091
pandas/io/formats/format.py::306,0.909091
pandas/io/formats/format.py::309,0.909091
pandas/io/formats/format.py::314,0.909091
pandas/io/formats/format.py::315,0.909091
pandas/io/formats/format.py::316,0.909091
pandas/io/formats/format.py::317,0.909091
pandas/io/formats/format.py::318,0.909091
pandas/io/formats/format.py::319,0.909091
pandas/io/formats/format.py::323,0.909091
pandas/io/formats/format.py::329,0.909091
pandas/io/formats/format.py::332,0.909091
pandas/io/formats/format.py::333,0.909091
pandas/io/formats/format.py::335,0.909091
pandas/io/formats/format.py::339,0.909091
pandas/io/formats/format.py::340,0.909091
pandas/io/formats/format.py::341,0.909091
pandas/io/formats/format.py::344,0.909091
pandas/io/formats/format.py::345,0.909091
pandas/io/formats/format.py::346,0.909091
pandas/io/formats/format.py::347,0.909091
pandas/io/formats/format.py::348,0.909091
pandas/io/formats/format.py::352,0.909091
pandas/io/formats/format.py::353,0.909091
pandas/io/formats/format.py::355,0.909091
pandas/io/formats/format.py::360,0.909091
pandas/io/formats/format.py::361,0.909091
pandas/io/formats/format.py::363,0.909091
pandas/io/formats/format.py::378,0.909091
pandas/io/formats/format.py::379,0.909091
pandas/io/formats/format.py::383,0.909091
pandas/io/formats/format.py::386,0.909091
pandas/io/formats/format.py::387,0.909091
pandas/io/formats/format.py::389,0.909091
pandas/io/formats/format.py::394,0.909091
pandas/io/formats/format.py::397,0.909091
pandas/io/formats/format.py::400,0.909091
pandas/io/formats/format.py::403,0.909091
pandas/io/formats/format.py::446,0.909091
pandas/io/formats/format.py::447,0.909091
pandas/io/formats/format.py::450,0.909091
pandas/io/formats/format.py::462,0.909091
pandas/io/formats/format.py::463,0.909091
pandas/io/formats/format.py::467,0.909091
pandas/io/formats/format.py::474,0.909091
pandas/io/formats/format.py::475,0.909091
pandas/io/formats/format.py::476,0.909091
pandas/io/formats/format.py::486,0.909091
pandas/io/formats/format.py::487,0.909091
pandas/io/formats/format.py::491,0.909091
pandas/io/formats/format.py::492,0.909091
pandas/io/formats/format.py::496,0.909091
pandas/io/formats/format.py::497,0.909091
pandas/io/formats/format.py::522,0.909091
pandas/io/formats/format.py::523,0.909091
pandas/io/formats/format.py::524,0.909091
pandas/io/formats/format.py::526,0.909091
pandas/io/formats/format.py::566,0.909091
pandas/io/formats/format.py::567,0.909091
pandas/io/formats/format.py::569,0.909091
pandas/io/formats/format.py::570,0.909091
pandas/io/formats/format.py::572,0.909091
pandas/io/formats/format.py::574,0.909091
pandas/io/formats/format.py::575,0.909091
pandas/io/formats/format.py::576,0.909091
pandas/io/formats/format.py::586,0.909091
pandas/io/formats/format.py::587,0.909091
pandas/io/formats/format.py::588,0.909091
pandas/io/formats/format.py::589,0.909091
pandas/io/formats/format.py::590,0.909091
pandas/io/formats/format.py::591,0.909091
pandas/io/formats/format.py::592,0.909091
pandas/io/formats/format.py::593,0.909091
pandas/io/formats/format.py::594,0.909091
pandas/io/formats/format.py::595,0.909091
pandas/io/formats/format.py::596,0.909091
pandas/io/formats/format.py::597,0.909091
pandas/io/formats/format.py::598,0.909091
pandas/io/formats/format.py::600,0.909091
pandas/io/formats/format.py::601,0.909091
pandas/io/formats/format.py::605,0.909091
pandas/io/formats/format.py::606,0.909091
pandas/io/formats/format.py::608,0.909091
pandas/io/formats/format.py::612,0.909091
pandas/io/formats/format.py::614,0.909091
pandas/io/formats/format.py::615,0.909091
pandas/io/formats/format.py::622,0.909091
pandas/io/formats/format.py::625,0.909091
pandas/io/formats/format.py::626,0.909091
pandas/io/formats/format.py::627,0.909091
pandas/io/formats/format.py::630,0.909091
pandas/io/formats/format.py::631,0.909091
pandas/io/formats/format.py::632,0.909091
pandas/io/formats/format.py::633,0.909091
pandas/io/formats/format.py::634,0.909091
pandas/io/formats/format.py::649,0.909091
pandas/io/formats/format.py::651,0.909091
pandas/io/formats/format.py::654,0.909091
pandas/io/formats/format.py::655,0.909091
pandas/io/formats/format.py::656,0.909091
pandas/io/formats/format.py::659,0.909091
pandas/io/formats/format.py::660,0.909091
pandas/io/formats/format.py::661,0.909091
pandas/io/formats/format.py::663,0.909091
pandas/io/formats/format.py::664,0.909091
pandas/io/formats/format.py::666,0.909091
pandas/io/formats/format.py::667,0.909091
pandas/io/formats/format.py::669,0.909091
pandas/io/formats/format.py::670,0.909091
pandas/io/formats/format.py::692,0.909091
pandas/io/formats/format.py::703,0.909091
pandas/io/formats/format.py::705,0.909091
pandas/io/formats/format.py::706,0.909091
pandas/io/formats/format.py::707,0.909091
pandas/io/formats/format.py::708,0.909091
pandas/io/formats/format.py::716,0.909091
pandas/io/formats/format.py::718,0.909091
pandas/io/formats/format.py::721,0.909091
pandas/io/formats/format.py::723,0.909091
pandas/io/formats/format.py::735,0.909091
pandas/io/formats/format.py::749,0.909091
pandas/io/formats/format.py::751,0.909091
pandas/io/formats/format.py::755,0.909091
pandas/io/formats/format.py::756,0.909091
pandas/io/formats/format.py::757,0.909091
pandas/io/formats/format.py::758,0.909091
pandas/io/formats/format.py::759,0.909091
pandas/io/formats/format.py::761,0.909091
pandas/io/formats/format.py::762,0.909091
pandas/io/formats/format.py::763,0.909091
pandas/io/formats/format.py::766,0.909091
pandas/io/formats/format.py::767,0.909091
pandas/io/formats/format.py::768,0.909091
pandas/io/formats/format.py::770,0.909091
pandas/io/formats/format.py::771,0.909091
pandas/io/formats/format.py::772,0.909091
pandas/io/formats/format.py::775,0.909091
pandas/io/formats/format.py::776,0.909091
pandas/io/formats/format.py::778,0.909091
pandas/io/formats/format.py::781,0.909091
pandas/io/formats/format.py::806,0.909091
pandas/io/formats/format.py::812,0.909091
pandas/io/formats/format.py::814,0.909091
pandas/io/formats/format.py::816,0.909091
pandas/io/formats/format.py::825,0.909091
pandas/io/formats/format.py::826,0.909091
pandas/io/formats/format.py::830,0.909091
pandas/io/formats/format.py::834,0.909091
pandas/io/formats/format.py::835,0.909091
pandas/io/formats/format.py::837,0.909091
pandas/io/formats/format.py::839,0.909091
pandas/io/formats/format.py::840,0.909091
pandas/io/formats/format.py::841,0.909091
pandas/io/formats/format.py::842,0.909091
pandas/io/formats/format.py::843,0.909091
pandas/io/formats/format.py::853,0.909091
pandas/io/formats/format.py::855,0.909091
pandas/io/formats/format.py::856,0.909091
pandas/io/formats/format.py::860,0.909091
pandas/io/formats/format.py::861,0.909091
pandas/io/formats/format.py::862,0.909091
pandas/io/formats/format.py::863,0.909091
pandas/io/formats/format.py::865,0.909091
pandas/io/formats/format.py::916,0.909091
pandas/io/formats/format.py::948,0.909091
pandas/io/formats/format.py::949,0.909091
pandas/io/formats/format.py::950,0.909091
pandas/io/formats/format.py::951,0.909091
pandas/io/formats/format.py::952,0.909091
pandas/io/formats/format.py::953,0.909091
pandas/io/formats/format.py::954,0.909091
pandas/io/formats/format.py::955,0.909091
pandas/io/formats/format.py::956,0.909091
pandas/io/formats/format.py::989,0.909091
pandas/io/formats/format.py::991,0.909091
pandas/io/formats/format.py::993,0.909091
pandas/io/formats/printing.py::194,0.909091
pandas/io/formats/printing.py::195,0.909091
pandas/io/formats/printing.py::196,0.909091
pandas/io/formats/printing.py::197,0.909091
pandas/io/formats/printing.py::204,0.909091
pandas/io/formats/printing.py::206,0.909091
pandas/io/formats/printing.py::207,0.909091
pandas/io/formats/printing.py::208,0.909091
pandas/io/formats/printing.py::209,0.909091
pandas/io/formats/printing.py::211,0.909091
pandas/io/formats/printing.py::213,0.909091
pandas/io/formats/printing.py::219,0.909091
pandas/io/formats/printing.py::227,0.909091
pandas/io/formats/printing.py::230,0.909091
pandas/io/formats/printing.py::232,0.909091
pandas/io/formats/printing.py::41,0.909091
pandas/io/formats/printing.py::42,0.909091
pandas/io/formats/printing.py::44,0.909091
pandas/io/formats/printing.py::45,0.909091
pandas/io/formats/printing.py::46,0.909091
pandas/io/formats/printing.py::48,0.909091
pandas/io/formats/printing.py::49,0.909091
pandas/io/formats/printing.py::50,0.909091
pandas/io/formats/printing.py::51,0.909091
pandas/io/formats/printing.py::52,0.909091
pandas/io/formats/printing.py::53,0.909091
pandas/io/formats/printing.py::54,0.909091
pandas/io/formats/printing.py::55,0.909091
pandas/io/formats/printing.py::56,0.909091
pandas/io/formats/printing.py::57,0.909091
pandas/io/formats/printing.py::64,0.909091
pandas/io/formats/printing.py::65,0.909091
pandas/io/formats/printing.py::66,0.909091
pandas/io/formats/printing.py::69,0.909091
pandas/tseries/offsets.py::472,0.909091
pandas/core/accessor.py::99,0.660409
pandas/core/arrays/datetimelike.py::1616,0.660409
pandas/core/arrays/datetimelike.py::1622,0.660409
pandas/core/arrays/datetimelike.py::1623,0.660409
pandas/core/arrays/datetimelike.py::1624,0.660409
pandas/core/arrays/datetimelike.py::645,0.660409
pandas/core/arrays/datetimelike.py::647,0.660409
pandas/core/arrays/datetimes.py::1879,0.660409
pandas/core/arrays/datetimes.py::1884,0.660409
pandas/core/arrays/datetimes.py::1887,0.660409
pandas/core/construction.py::426,0.660409
pandas/core/construction.py::436,0.660409
pandas/core/construction.py::444,0.660409
pandas/core/construction.py::449,0.660409
pandas/core/construction.py::453,0.660409
pandas/core/construction.py::455,0.660409
pandas/core/construction.py::456,0.660409
pandas/core/construction.py::459,0.660409
pandas/core/construction.py::465,0.660409
pandas/core/dtypes/cast.py::1362,0.660409
pandas/core/dtypes/cast.py::1367,0.660409
pandas/core/dtypes/cast.py::1370,0.660409
pandas/core/dtypes/cast.py::1373,0.660409
pandas/core/dtypes/cast.py::1380,0.660409
pandas/core/dtypes/cast.py::1381,0.660409
pandas/core/dtypes/cast.py::1383,0.660409
pandas/core/dtypes/missing.py::376,0.660409
pandas/core/dtypes/missing.py::377,0.660409
pandas/core/dtypes/missing.py::379,0.660409
pandas/core/generic.py::3576,0.660409
pandas/core/generic.py::3577,0.660409
pandas/core/generic.py::3578,0.660409
pandas/core/generic.py::3582,0.660409
pandas/core/generic.py::3583,0.660409
pandas/core/generic.py::3584,0.660409
pandas/core/generic.py::3610,0.660409
pandas/core/generic.py::3615,0.660409
pandas/core/generic.py::3617,0.660409
pandas/core/generic.py::3755,0.660409
pandas/core/indexes/base.py::1719,0.660409
pandas/core/indexes/base.py::2892,0.660409
pandas/core/indexes/base.py::2893,0.660409
pandas/core/indexes/base.py::2894,0.660409
pandas/core/indexes/base.py::2895,0.660409
pandas/core/indexes/base.py::4702,0.660409
pandas/core/indexes/base.py::4704,0.660409
pandas/core/indexes/base.py::4705,0.660409
pandas/core/indexes/base.py::4706,0.660409
pandas/core/indexes/base.py::4707,0.660409
pandas/core/indexes/base.py::4710,0.660409
pandas/core/indexes/datetimelike.py::940,0.660409
pandas/core/indexes/datetimelike.py::941,0.660409
pandas/core/indexes/datetimelike.py::943,0.660409
pandas/core/indexing.py::1031,0.660409
pandas/core/indexing.py::1050,0.660409
pandas/core/indexing.py::1056,0.660409
pandas/core/indexing.py::1060,0.660409
pandas/core/indexing.py::1063,0.660409
pandas/core/indexing.py::1064,0.660409
pandas/core/indexing.py::1065,0.660409
pandas/core/indexing.py::1743,0.660409
pandas/core/indexing.py::1745,0.660409
pandas/core/indexing.py::1748,0.660409
pandas/core/indexing.py::1749,0.660409
pandas/core/indexing.py::2117,0.660409
pandas/core/indexing.py::2408,0.660409
pandas/core/indexing.py::2409,0.660409
pandas/core/indexing.py::631,0.660409
pandas/core/internals/blocks.py::173,0.660409
pandas/core/internals/blocks.py::293,0.660409
pandas/core/internals/blocks.py::301,0.660409
pandas/core/internals/blocks.py::302,0.660409
pandas/core/internals/blocks.py::303,0.660409
pandas/core/internals/blocks.py::306,0.660409
pandas/core/internals/blocks.py::308,0.660409
pandas/core/internals/blocks.py::310,0.660409
pandas/core/internals/blocks.py::313,0.660409
pandas/core/internals/managers.py::687,0.660409
pandas/core/internals/managers.py::688,0.660409
pandas/core/internals/managers.py::742,0.660409
pandas/core/internals/managers.py::745,0.660409
pandas/core/internals/managers.py::748,0.660409
pandas/core/internals/managers.py::749,0.660409
pandas/core/internals/managers.py::750,0.660409
pandas/core/internals/managers.py::751,0.660409
pandas/core/internals/managers.py::753,0.660409
pandas/core/internals/managers.py::754,0.660409
pandas/core/internals/managers.py::756,0.660409
pandas/core/internals/managers.py::757,0.660409
pandas/core/internals/managers.py::758,0.660409
pandas/core/series.py::269,0.660409
pandas/core/series.py::271,0.660409
pandas/core/series.py::273,0.660409
pandas/core/series.py::277,0.660409
pandas/tseries/frequencies.py::166,0.660409
pandas/tseries/frequencies.py::167,0.660409
pandas/_testing.py::1300,0.545836
pandas/_testing.py::1303,0.545836
pandas/_testing.py::1305,0.545836
pandas/_testing.py::1306,0.545836
pandas/_testing.py::1310,0.545836
pandas/_testing.py::1315,0.545836
pandas/_testing.py::1319,0.545836
pandas/_testing.py::1320,0.545836
pandas/_testing.py::1321,0.545836
pandas/_testing.py::1322,0.545836
pandas/_testing.py::1323,0.545836
pandas/_testing.py::1324,0.545836
pandas/_testing.py::1325,0.545836
pandas/_testing.py::1326,0.545836
pandas/_testing.py::1327,0.545836
pandas/_testing.py::1331,0.545836
pandas/_testing.py::1332,0.545836
pandas/_testing.py::1333,0.545836
pandas/_testing.py::1334,0.545836
pandas/_testing.py::1335,0.545836
pandas/_testing.py::1336,0.545836
pandas/_testing.py::1337,0.545836
pandas/_testing.py::1338,0.545836
pandas/_testing.py::1339,0.545836
pandas/_testing.py::1343,0.545836
pandas/_testing.py::1355,0.545836
pandas/_testing.py::1356,0.545836
pandas/_testing.py::1357,0.545836
pandas/_testing.py::1358,0.545836
pandas/_testing.py::1359,0.545836
pandas/_testing.py::1360,0.545836
pandas/_testing.py::1361,0.545836
pandas/_testing.py::1362,0.545836
pandas/_testing.py::1363,0.545836
pandas/_testing.py::1364,0.545836
pandas/_testing.py::1365,0.545836
pandas/_testing.py::1366,0.545836
pandas/_testing.py::1367,0.545836
pandas/_testing.py::1368,0.545836
pandas/_testing.py::1369,0.545836
pandas/_testing.py::614,0.545836
pandas/core/arrays/datetimelike.py::943,0.545836
pandas/core/arrays/datetimelike.py::944,0.545836
pandas/core/arrays/datetimes.py::1782,0.545836
pandas/core/arrays/datetimes.py::1783,0.545836
pandas/core/arrays/datetimes.py::1786,0.545836
pandas/core/arrays/datetimes.py::1794,0.545836
pandas/core/arrays/datetimes.py::1795,0.545836
pandas/core/common.py::296,0.545836
pandas/core/common.py::297,0.545836
pandas/core/construction.py::396,0.545836
pandas/core/dtypes/base.py::282,0.545836
pandas/core/dtypes/cast.py::1145,0.545836
pandas/core/dtypes/cast.py::1148,0.545836
pandas/core/dtypes/cast.py::1149,0.545836
pandas/core/dtypes/cast.py::1150,0.545836
pandas/core/dtypes/cast.py::1152,0.545836
pandas/core/dtypes/cast.py::1231,0.545836
pandas/core/dtypes/common.py::1275,0.545836
pandas/core/dtypes/common.py::717,0.545836
pandas/core/dtypes/common.py::721,0.545836
pandas/core/dtypes/missing.py::449,0.545836
pandas/core/dtypes/missing.py::450,0.545836
pandas/core/dtypes/missing.py::453,0.545836
pandas/core/dtypes/missing.py::456,0.545836
pandas/core/dtypes/missing.py::460,0.545836
pandas/core/dtypes/missing.py::461,0.545836
pandas/core/dtypes/missing.py::470,0.545836
pandas/core/dtypes/missing.py::486,0.545836
pandas/core/dtypes/missing.py::489,0.545836
pandas/core/dtypes/missing.py::490,0.545836
pandas/core/frame.py::2738,0.545836
pandas/core/frame.py::2744,0.545836
pandas/core/frame.py::2746,0.545836
pandas/core/frame.py::2748,0.545836
pandas/core/frame.py::2751,0.545836
pandas/core/frame.py::2753,0.545836
pandas/core/generic.py::1823,0.545836
pandas/core/generic.py::246,0.545836
pandas/core/generic.py::247,0.545836
pandas/core/generic.py::250,0.545836
pandas/core/generic.py::256,0.545836
pandas/core/generic.py::481,0.545836
pandas/core/indexes/base.py::2888,0.545836
pandas/core/indexes/base.py::2891,0.545836
pandas/core/indexes/base.py::3894,0.545836
pandas/core/indexes/base.py::3897,0.545836
pandas/core/indexes/base.py::508,0.545836
pandas/core/indexes/datetimelike.py::637,0.545836
pandas/core/indexes/datetimelike.py::638,0.545836
pandas/core/indexing.py::1366,0.545836
pandas/core/indexing.py::1371,0.545836
pandas/core/indexing.py::1375,0.545836
pandas/core/indexing.py::1378,0.545836
pandas/core/indexing.py::1383,0.545836
pandas/core/indexing.py::1386,0.545836
pandas/core/indexing.py::1387,0.545836
pandas/core/indexing.py::1388,0.545836
pandas/core/indexing.py::1391,0.545836
pandas/core/indexing.py::1394,0.545836
pandas/core/indexing.py::1400,0.545836
pandas/core/indexing.py::1405,0.545836
pandas/core/indexing.py::1412,0.545836
pandas/core/indexing.py::1413,0.545836
pandas/core/indexing.py::1417,0.545836
pandas/core/indexing.py::1418,0.545836
pandas/core/indexing.py::1755,0.545836
pandas/core/indexing.py::1756,0.545836
pandas/core/indexing.py::1761,0.545836
pandas/core/indexing.py::1976,0.545836
pandas/core/indexing.py::1990,0.545836
pandas/core/indexing.py::1991,0.545836
pandas/core/indexing.py::1992,0.545836
pandas/core/indexing.py::1993,0.545836
pandas/core/indexing.py::2025,0.545836
pandas/core/indexing.py::2028,0.545836
pandas/core/indexing.py::2029,0.545836
pandas/core/indexing.py::2030,0.545836
pandas/core/indexing.py::2066,0.545836
pandas/core/indexing.py::2067,0.545836
pandas/core/indexing.py::2068,0.545836
pandas/core/indexing.py::2271,0.545836
pandas/core/indexing.py::2272,0.545836
pandas/core/indexing.py::2398,0.545836
pandas/core/indexing.py::699,0.545836
pandas/core/indexing.py::700,0.545836
pandas/core/indexing.py::702,0.545836
pandas/core/indexing.py::703,0.545836
pandas/core/indexing.py::716,0.545836
pandas/core/indexing.py::718,0.545836
pandas/core/indexing.py::745,0.545836
pandas/core/indexing.py::746,0.545836
pandas/core/internals/blocks.py::281,0.545836
pandas/core/internals/blocks.py::362,0.545836
pandas/core/internals/blocks.py::363,0.545836
pandas/core/internals/blocks.py::816,0.545836
pandas/core/internals/managers.py::1100,0.545836
pandas/core/internals/managers.py::1101,0.545836
pandas/core/internals/managers.py::1102,0.545836
pandas/core/series.py::218,0.545836
pandas/tseries/frequencies.py::318,0.545836
pandas/tseries/offsets.py::460,0.545836
pandas/tseries/offsets.py::464,0.545836
pandas/tseries/offsets.py::465,0.545836
pandas/tseries/offsets.py::469,0.545836
pandas/tseries/offsets.py::474,0.545836
pandas/tseries/offsets.py::475,0.545836
pandas/tseries/offsets.py::477,0.545836
pandas/tseries/offsets.py::479,0.545836
pandas/tseries/offsets.py::481,0.545836
pandas/core/arrays/_ranges.py::114,0.476190
pandas/core/arrays/_ranges.py::116,0.476190
pandas/core/arrays/_ranges.py::117,0.476190
pandas/core/arrays/_ranges.py::119,0.476190
pandas/core/arrays/_ranges.py::122,0.476190
pandas/core/arrays/_ranges.py::123,0.476190
pandas/core/arrays/_ranges.py::127,0.476190
pandas/core/arrays/_ranges.py::129,0.476190
pandas/core/arrays/_ranges.py::160,0.476190
pandas/core/arrays/_ranges.py::161,0.476190
pandas/core/arrays/_ranges.py::164,0.476190
pandas/core/arrays/_ranges.py::165,0.476190
pandas/core/arrays/_ranges.py::166,0.476190
pandas/core/arrays/_ranges.py::168,0.476190
pandas/core/arrays/_ranges.py::37,0.476190
pandas/core/arrays/_ranges.py::38,0.476190
pandas/core/arrays/_ranges.py::39,0.476190
pandas/core/arrays/_ranges.py::46,0.476190
pandas/core/arrays/_ranges.py::47,0.476190
pandas/core/arrays/_ranges.py::48,0.476190
pandas/core/arrays/_ranges.py::49,0.476190
pandas/core/arrays/_ranges.py::60,0.476190
pandas/core/arrays/_ranges.py::63,0.476190
pandas/core/arrays/_ranges.py::64,0.476190
pandas/core/arrays/_ranges.py::83,0.476190
pandas/core/arrays/datetimelike.py::1553,0.476190
pandas/core/arrays/datetimelike.py::1554,0.476190
pandas/core/arrays/datetimelike.py::1556,0.476190
pandas/core/arrays/datetimelike.py::1558,0.476190
pandas/core/arrays/datetimelike.py::1578,0.476190
pandas/core/arrays/datetimelike.py::1579,0.476190
pandas/core/arrays/datetimelike.py::1581,0.476190
pandas/core/arrays/datetimelike.py::1582,0.476190
pandas/core/arrays/datetimelike.py::1583,0.476190
pandas/core/arrays/datetimelike.py::1591,0.476190
pandas/core/arrays/datetimelike.py::515,0.476190
pandas/core/arrays/datetimelike.py::516,0.476190
pandas/core/arrays/datetimelike.py::518,0.476190
pandas/core/arrays/datetimelike.py::929,0.476190
pandas/core/arrays/datetimes.py::1856,0.476190
pandas/core/arrays/datetimes.py::1859,0.476190
pandas/core/arrays/datetimes.py::1861,0.476190
pandas/core/arrays/datetimes.py::1862,0.476190
pandas/core/arrays/datetimes.py::1863,0.476190
pandas/core/arrays/datetimes.py::1864,0.476190
pandas/core/arrays/datetimes.py::1865,0.476190
pandas/core/arrays/datetimes.py::1866,0.476190
pandas/core/arrays/datetimes.py::1867,0.476190
pandas/core/arrays/datetimes.py::1868,0.476190
pandas/core/arrays/datetimes.py::2099,0.476190
pandas/core/arrays/datetimes.py::2100,0.476190
pandas/core/arrays/datetimes.py::2107,0.476190
pandas/core/arrays/datetimes.py::2108,0.476190
pandas/core/arrays/datetimes.py::2110,0.476190
pandas/core/arrays/datetimes.py::2114,0.476190
pandas/core/arrays/datetimes.py::2117,0.476190
pandas/core/arrays/datetimes.py::2121,0.476190
pandas/core/arrays/datetimes.py::2123,0.476190
pandas/core/arrays/datetimes.py::2124,0.476190
pandas/core/arrays/datetimes.py::2128,0.476190
pandas/core/arrays/datetimes.py::2130,0.476190
pandas/core/arrays/datetimes.py::2137,0.476190
pandas/core/arrays/datetimes.py::245,0.476190
pandas/core/arrays/datetimes.py::286,0.476190
pandas/core/arrays/datetimes.py::306,0.476190
pandas/core/arrays/datetimes.py::369,0.476190
pandas/core/arrays/datetimes.py::370,0.476190
pandas/core/arrays/datetimes.py::373,0.476190
pandas/core/arrays/datetimes.py::378,0.476190
pandas/core/arrays/datetimes.py::380,0.476190
pandas/core/arrays/datetimes.py::381,0.476190
pandas/core/arrays/datetimes.py::383,0.476190
pandas/core/arrays/datetimes.py::386,0.476190
pandas/core/arrays/datetimes.py::391,0.476190
pandas/core/arrays/datetimes.py::394,0.476190
pandas/core/arrays/datetimes.py::396,0.476190
pandas/core/arrays/datetimes.py::398,0.476190
pandas/core/arrays/datetimes.py::400,0.476190
pandas/core/arrays/datetimes.py::414,0.476190
pandas/core/arrays/datetimes.py::418,0.476190
pandas/core/arrays/datetimes.py::424,0.476190
pandas/core/arrays/datetimes.py::425,0.476190
pandas/core/arrays/datetimes.py::427,0.476190
pandas/core/arrays/datetimes.py::454,0.476190
pandas/core/arrays/datetimes.py::456,0.476190
pandas/core/arrays/datetimes.py::459,0.476190
pandas/core/arrays/datetimes.py::460,0.476190
pandas/core/arrays/datetimes.py::68,0.476190
pandas/core/base.py::893,0.476190
pandas/core/base.py::898,0.476190
pandas/core/common.py::132,0.476190
pandas/core/common.py::134,0.476190
pandas/core/common.py::135,0.476190
pandas/core/common.py::137,0.476190
pandas/core/common.py::169,0.476190
pandas/core/common.py::171,0.476190
pandas/core/common.py::192,0.476190
pandas/core/common.py::213,0.476190
pandas/core/common.py::284,0.476190
pandas/core/common.py::286,0.476190
pandas/core/common.py::295,0.476190
pandas/core/dtypes/cast.py::1049,0.476190
pandas/core/dtypes/cast.py::1050,0.476190
pandas/core/dtypes/cast.py::1053,0.476190
pandas/core/dtypes/cast.py::1057,0.476190
pandas/core/dtypes/cast.py::1059,0.476190
pandas/core/dtypes/cast.py::1061,0.476190
pandas/core/dtypes/cast.py::1064,0.476190
pandas/core/dtypes/cast.py::1065,0.476190
pandas/core/dtypes/cast.py::1243,0.476190
pandas/core/dtypes/cast.py::1247,0.476190
pandas/core/dtypes/cast.py::1260,0.476190
pandas/core/dtypes/cast.py::1262,0.476190
pandas/core/dtypes/cast.py::1265,0.476190
pandas/core/dtypes/cast.py::66,0.476190
pandas/core/dtypes/cast.py::67,0.476190
pandas/core/dtypes/cast.py::68,0.476190
pandas/core/dtypes/cast.py::69,0.476190
pandas/core/dtypes/cast.py::71,0.476190
pandas/core/dtypes/cast.py::73,0.476190
pandas/core/dtypes/common.py::1398,0.476190
pandas/core/dtypes/common.py::195,0.476190
pandas/core/dtypes/common.py::197,0.476190
pandas/core/dtypes/common.py::198,0.476190
pandas/core/dtypes/common.py::199,0.476190
pandas/core/dtypes/common.py::200,0.476190
pandas/core/dtypes/common.py::203,0.476190
pandas/core/dtypes/common.py::218,0.476190
pandas/core/dtypes/common.py::612,0.476190
pandas/core/dtypes/common.py::613,0.476190
pandas/core/dtypes/missing.py::247,0.476190
pandas/core/dtypes/missing.py::249,0.476190
pandas/core/dtypes/missing.py::254,0.476190
pandas/core/dtypes/missing.py::255,0.476190
pandas/core/dtypes/missing.py::256,0.476190
pandas/core/dtypes/missing.py::443,0.476190
pandas/core/dtypes/missing.py::445,0.476190
pandas/core/dtypes/missing.py::446,0.476190
pandas/core/frame.py::435,0.476190
pandas/core/frame.py::552,0.476190
pandas/core/generic.py::6973,0.476190
pandas/core/generic.py::6974,0.476190
pandas/core/generic.py::6978,0.476190
pandas/core/indexes/base.py::1641,0.476190
pandas/core/indexes/base.py::1648,0.476190
pandas/core/indexes/base.py::1715,0.476190
pandas/core/indexes/base.py::2688,0.476190
pandas/core/indexes/base.py::2689,0.476190
pandas/core/indexes/base.py::2690,0.476190
pandas/core/indexes/base.py::2696,0.476190
pandas/core/indexes/base.py::2699,0.476190
pandas/core/indexes/base.py::2700,0.476190
pandas/core/indexes/base.py::2705,0.476190
pandas/core/indexes/base.py::2712,0.476190
pandas/core/indexes/base.py::2717,0.476190
pandas/core/indexes/base.py::2719,0.476190
pandas/core/indexes/base.py::2722,0.476190
pandas/core/indexes/base.py::2727,0.476190
pandas/core/indexes/base.py::2733,0.476190
pandas/core/indexes/base.py::2735,0.476190
pandas/core/indexes/base.py::367,0.476190
pandas/core/indexes/base.py::368,0.476190
pandas/core/indexes/base.py::3862,0.476190
pandas/core/indexes/base.py::3863,0.476190
pandas/core/indexes/base.py::3864,0.476190
pandas/core/indexes/base.py::3887,0.476190
pandas/core/indexes/base.py::3888,0.476190
pandas/core/indexes/base.py::3890,0.476190
pandas/core/indexes/base.py::3891,0.476190
pandas/core/indexes/base.py::3892,0.476190
pandas/core/indexes/base.py::394,0.476190
pandas/core/indexes/base.py::396,0.476190
pandas/core/indexes/base.py::4017,0.476190
pandas/core/indexes/base.py::4468,0.476190
pandas/core/indexes/base.py::4470,0.476190
pandas/core/indexes/base.py::4473,0.476190
pandas/core/indexes/base.py::507,0.476190
pandas/core/indexes/base.py::509,0.476190
pandas/core/indexes/base.py::510,0.476190
pandas/core/indexes/base.py::511,0.476190
pandas/core/indexes/base.py::515,0.476190
pandas/core/indexes/base.py::516,0.476190
pandas/core/indexes/base.py::521,0.476190
pandas/core/indexes/base.py::5348,0.476190
pandas/core/indexes/base.py::5350,0.476190
pandas/core/indexes/base.py::5389,0.476190
pandas/core/indexes/base.py::5411,0.476190
pandas/core/indexes/base.py::5418,0.476190
pandas/core/indexes/base.py::5420,0.476190
pandas/core/indexes/base.py::5471,0.476190
pandas/core/indexes/base.py::5491,0.476190
pandas/core/indexes/base.py::730,0.476190
pandas/core/indexes/base.py::731,0.476190
pandas/core/indexes/base.py::732,0.476190
pandas/core/indexes/base.py::733,0.476190
pandas/core/indexes/base.py::734,0.476190
pandas/core/indexes/base.py::735,0.476190
pandas/core/indexes/base.py::752,0.476190
pandas/core/indexes/base.py::755,0.476190
pandas/core/indexes/base.py::765,0.476190
pandas/core/indexes/base.py::766,0.476190
pandas/core/indexes/datetimelike.py::234,0.476190
pandas/core/indexes/datetimes.py::1169,0.476190
pandas/core/indexes/datetimes.py::1172,0.476190
pandas/core/indexes/datetimes.py::1173,0.476190
pandas/core/indexes/datetimes.py::1174,0.476190
pandas/core/indexes/datetimes.py::1175,0.476190
pandas/core/indexes/datetimes.py::1176,0.476190
pandas/core/indexes/datetimes.py::1177,0.476190
pandas/core/indexes/datetimes.py::1178,0.476190
pandas/core/indexes/datetimes.py::1179,0.476190
pandas/core/indexes/datetimes.py::1180,0.476190
pandas/core/indexes/datetimes.py::1182,0.476190
pandas/core/indexes/datetimes.py::270,0.476190
pandas/core/indexes/datetimes.py::271,0.476190
pandas/core/indexes/datetimes.py::846,0.476190
pandas/core/indexes/numeric.py::156,0.476190
pandas/core/indexes/numeric.py::81,0.476190
pandas/core/indexes/numeric.py::82,0.476190
pandas/core/indexes/range.py::101,0.476190
pandas/core/indexes/range.py::104,0.476190
pandas/core/indexes/range.py::106,0.476190
pandas/core/indexes/range.py::107,0.476190
pandas/core/indexes/range.py::110,0.476190
pandas/core/indexes/range.py::111,0.476190
pandas/core/indexes/range.py::133,0.476190
pandas/core/indexes/range.py::136,0.476190
pandas/core/indexes/range.py::139,0.476190
pandas/core/indexes/range.py::142,0.476190
pandas/core/indexes/range.py::143,0.476190
pandas/core/indexes/range.py::145,0.476190
pandas/core/indexes/range.py::146,0.476190
pandas/core/indexes/range.py::679,0.476190
pandas/core/indexes/range.py::87,0.476190
pandas/core/indexes/range.py::88,0.476190
pandas/core/indexes/range.py::91,0.476190
pandas/core/indexes/range.py::96,0.476190
pandas/core/indexes/range.py::99,0.476190
pandas/core/indexing.py::1764,0.476190
pandas/core/indexing.py::1766,0.476190
pandas/core/indexing.py::1767,0.476190
pandas/core/internals/construction.py::218,0.476190
pandas/core/internals/construction.py::243,0.476190
pandas/core/internals/construction.py::244,0.476190
pandas/core/internals/construction.py::245,0.476190
pandas/core/internals/construction.py::249,0.476190
pandas/core/internals/construction.py::252,0.476190
pandas/core/internals/construction.py::254,0.476190
pandas/core/internals/construction.py::301,0.476190
pandas/core/internals/construction.py::302,0.476190
pandas/core/internals/construction.py::304,0.476190
pandas/core/internals/construction.py::305,0.476190
pandas/core/internals/construction.py::313,0.476190
pandas/core/internals/construction.py::322,0.476190
pandas/core/internals/construction.py::323,0.476190
pandas/core/internals/construction.py::326,0.476190
pandas/core/internals/construction.py::328,0.476190
pandas/core/internals/construction.py::63,0.476190
pandas/core/internals/construction.py::66,0.476190
pandas/core/internals/construction.py::69,0.476190
pandas/core/internals/construction.py::72,0.476190
pandas/core/internals/construction.py::74,0.476190
pandas/core/internals/managers.py::1293,0.476190
pandas/core/internals/managers.py::1295,0.476190
pandas/core/internals/managers.py::1297,0.476190
pandas/core/internals/managers.py::1670,0.476190
pandas/core/internals/managers.py::1671,0.476190
pandas/core/internals/managers.py::1672,0.476190
pandas/core/internals/managers.py::1673,0.476190
pandas/core/internals/managers.py::1674,0.476190
pandas/core/internals/managers.py::1704,0.476190
pandas/core/internals/managers.py::1705,0.476190
pandas/core/internals/managers.py::1707,0.476190
pandas/core/internals/managers.py::1708,0.476190
pandas/core/internals/managers.py::1709,0.476190
pandas/core/internals/managers.py::1714,0.476190
pandas/core/internals/managers.py::1715,0.476190
pandas/core/internals/managers.py::1719,0.476190
pandas/core/internals/managers.py::1720,0.476190
pandas/core/internals/managers.py::1722,0.476190
pandas/core/internals/managers.py::1723,0.476190
pandas/core/internals/managers.py::1725,0.476190
pandas/core/internals/managers.py::1726,0.476190
pandas/core/internals/managers.py::1730,0.476190
pandas/core/internals/managers.py::1734,0.476190
pandas/core/internals/managers.py::1738,0.476190
pandas/core/internals/managers.py::1739,0.476190
pandas/core/internals/managers.py::1740,0.476190
pandas/core/internals/managers.py::1742,0.476190
pandas/core/internals/managers.py::1746,0.476190
pandas/core/internals/managers.py::1753,0.476190
pandas/core/internals/managers.py::1757,0.476190
pandas/core/internals/managers.py::1761,0.476190
pandas/core/internals/managers.py::1768,0.476190
pandas/core/internals/managers.py::1777,0.476190
pandas/core/internals/managers.py::1785,0.476190
pandas/core/internals/managers.py::1795,0.476190
pandas/core/internals/managers.py::1816,0.476190
pandas/core/internals/managers.py::1818,0.476190
pandas/core/internals/managers.py::1819,0.476190
pandas/core/internals/managers.py::1821,0.476190
pandas/core/internals/managers.py::1823,0.476190
pandas/core/internals/managers.py::1824,0.476190
pandas/core/internals/managers.py::1826,0.476190
pandas/core/internals/managers.py::1832,0.476190
pandas/core/internals/managers.py::1833,0.476190
pandas/core/internals/managers.py::1836,0.476190
pandas/core/internals/managers.py::1838,0.476190
pandas/core/internals/managers.py::1839,0.476190
pandas/core/internals/managers.py::1842,0.476190
pandas/core/internals/managers.py::1844,0.476190
pandas/core/internals/managers.py::1846,0.476190
pandas/core/internals/managers.py::1847,0.476190
pandas/core/internals/managers.py::1849,0.476190
pandas/core/internals/managers.py::1850,0.476190
pandas/core/internals/managers.py::1851,0.476190
pandas/core/internals/managers.py::1853,0.476190
pandas/core/missing.py::602,0.476190
pandas/core/missing.py::75,0.476190
pandas/core/missing.py::76,0.476190
pandas/core/series.py::405,0.476190
pandas/tseries/frequencies.py::120,0.476190
pandas/tseries/frequencies.py::121,0.476190
pandas/tseries/frequencies.py::123,0.476190
pandas/tseries/frequencies.py::131,0.476190
pandas/tseries/frequencies.py::148,0.476190
pandas/tseries/frequencies.py::149,0.476190
pandas/tseries/frequencies.py::150,0.476190
pandas/tseries/frequencies.py::151,0.476190
pandas/tseries/frequencies.py::152,0.476190
pandas/tseries/frequencies.py::155,0.476190
pandas/tseries/frequencies.py::156,0.476190
pandas/tseries/frequencies.py::158,0.476190
pandas/tseries/frequencies.py::160,0.476190
pandas/tseries/frequencies.py::161,0.476190
pandas/tseries/frequencies.py::162,0.476190
pandas/tseries/frequencies.py::163,0.476190
pandas/tseries/frequencies.py::164,0.476190
pandas/tseries/frequencies.py::165,0.476190
pandas/tseries/frequencies.py::169,0.476190
pandas/tseries/frequencies.py::170,0.476190
pandas/tseries/frequencies.py::171,0.476190
pandas/tseries/frequencies.py::172,0.476190
pandas/tseries/frequencies.py::173,0.476190
pandas/tseries/frequencies.py::176,0.476190
pandas/tseries/frequencies.py::177,0.476190
pandas/tseries/frequencies.py::179,0.476190
pandas/tseries/frequencies.py::182,0.476190
pandas/tseries/frequencies.py::212,0.476190
pandas/tseries/frequencies.py::213,0.476190
pandas/tseries/frequencies.py::214,0.476190
pandas/tseries/frequencies.py::215,0.476190
pandas/tseries/frequencies.py::219,0.476190
pandas/tseries/frequencies.py::220,0.476190
pandas/tseries/frequencies.py::221,0.476190
pandas/tseries/frequencies.py::222,0.476190
pandas/tseries/frequencies.py::226,0.476190
pandas/tseries/frequencies.py::228,0.476190
pandas/tseries/frequencies.py::232,0.476190
pandas/tseries/offsets.py::2552,0.476190
pandas/tseries/offsets.py::2553,0.476190
pandas/tseries/offsets.py::2581,0.476190
pandas/tseries/offsets.py::2582,0.476190
pandas/tseries/offsets.py::2584,0.476190
pandas/tseries/offsets.py::2587,0.476190
pandas/tseries/offsets.py::2588,0.476190
pandas/tseries/offsets.py::2590,0.476190
pandas/tseries/offsets.py::2621,0.476190
pandas/tseries/offsets.py::2625,0.476190
pandas/_testing.py::1094,0.428070
pandas/_testing.py::1097,0.428070
pandas/_testing.py::1099,0.428070
pandas/_testing.py::1102,0.428070
pandas/_testing.py::1106,0.428070
pandas/_testing.py::1112,0.428070
pandas/_testing.py::1113,0.428070
pandas/_testing.py::1114,0.428070
pandas/_testing.py::1115,0.428070
pandas/_testing.py::1116,0.428070
pandas/_testing.py::1117,0.428070
pandas/_testing.py::1118,0.428070
pandas/_testing.py::1119,0.428070
pandas/_testing.py::1120,0.428070
pandas/_testing.py::1123,0.428070
pandas/_testing.py::1128,0.428070
pandas/_testing.py::1134,0.428070
pandas/_testing.py::1136,0.428070
pandas/_testing.py::1143,0.428070
pandas/_testing.py::1163,0.428070
pandas/_testing.py::1165,0.428070
pandas/_testing.py::1171,0.428070
pandas/_testing.py::1178,0.428070
pandas/_testing.py::1179,0.428070
pandas/_testing.py::1180,0.428070
pandas/_testing.py::1181,0.428070
pandas/_testing.py::1182,0.428070
pandas/_testing.py::1183,0.428070
pandas/_testing.py::1187,0.428070
pandas/_testing.py::1188,0.428070
pandas/_testing.py::1190,0.428070
pandas/_testing.py::1191,0.428070
pandas/_testing.py::379,0.428070
pandas/_testing.py::381,0.428070
pandas/_testing.py::385,0.428070
pandas/_testing.py::602,0.428070
pandas/_testing.py::604,0.428070
pandas/_testing.py::605,0.428070
pandas/_testing.py::606,0.428070
pandas/_testing.py::609,0.428070
pandas/_testing.py::610,0.428070
pandas/_testing.py::613,0.428070
pandas/_testing.py::616,0.428070
pandas/_testing.py::618,0.428070
pandas/_testing.py::627,0.428070
pandas/_testing.py::630,0.428070
pandas/_testing.py::633,0.428070
pandas/_testing.py::640,0.428070
pandas/_testing.py::647,0.428070
pandas/_testing.py::670,0.428070
pandas/_testing.py::676,0.428070
pandas/_testing.py::677,0.428070
pandas/_testing.py::678,0.428070
pandas/_testing.py::679,0.428070
pandas/_testing.py::680,0.428070
pandas/_testing.py::681,0.428070
pandas/_testing.py::682,0.428070
pandas/_testing.py::683,0.428070
pandas/_testing.py::687,0.428070
pandas/_testing.py::688,0.428070
pandas/_testing.py::689,0.428070
pandas/_testing.py::691,0.428070
pandas/_testing.py::694,0.428070
pandas/_testing.py::695,0.428070
pandas/_testing.py::703,0.428070
pandas/_testing.py::705,0.428070
pandas/_testing.py::715,0.428070
pandas/_testing.py::716,0.428070
pandas/_testing.py::741,0.428070
pandas/_testing.py::743,0.428070
pandas/_testing.py::744,0.428070
pandas/_testing.py::746,0.428070
pandas/_testing.py::747,0.428070
pandas/_testing.py::749,0.428070
pandas/_testing.py::757,0.428070
pandas/_testing.py::758,0.428070
pandas/_testing.py::762,0.428070
pandas/_testing.py::765,0.428070
pandas/_testing.py::766,0.428070
pandas/core/accessor.py::85,0.428070
pandas/core/algorithms.py::1438,0.428070
pandas/core/algorithms.py::1614,0.428070
pandas/core/algorithms.py::1615,0.428070
pandas/core/algorithms.py::1616,0.428070
pandas/core/algorithms.py::1617,0.428070
pandas/core/algorithms.py::1624,0.428070
pandas/core/arrays/datetimelike.py::1615,0.428070
pandas/core/arrays/datetimelike.py::1626,0.428070
pandas/core/arrays/datetimelike.py::1645,0.428070
pandas/core/arrays/datetimelike.py::1646,0.428070
pandas/core/arrays/datetimelike.py::1648,0.428070
pandas/core/arrays/datetimelike.py::1649,0.428070
pandas/core/arrays/datetimelike.py::1653,0.428070
pandas/core/arrays/datetimelike.py::412,0.428070
pandas/core/arrays/datetimelike.py::505,0.428070
pandas/core/arrays/datetimelike.py::506,0.428070
pandas/core/arrays/datetimelike.py::513,0.428070
pandas/core/arrays/datetimelike.py::514,0.428070
pandas/core/arrays/datetimelike.py::521,0.428070
pandas/core/arrays/datetimelike.py::528,0.428070
pandas/core/arrays/datetimelike.py::529,0.428070
pandas/core/arrays/datetimelike.py::532,0.428070
pandas/core/arrays/datetimelike.py::533,0.428070
pandas/core/arrays/datetimelike.py::534,0.428070
pandas/core/arrays/datetimelike.py::537,0.428070
pandas/core/arrays/datetimelike.py::543,0.428070
pandas/core/arrays/datetimelike.py::544,0.428070
pandas/core/arrays/datetimelike.py::551,0.428070
pandas/core/arrays/datetimelike.py::928,0.428070
pandas/core/arrays/datetimelike.py::939,0.428070
pandas/core/arrays/datetimelike.py::941,0.428070
pandas/core/arrays/datetimelike.py::942,0.428070
pandas/core/arrays/datetimes.py::1727,0.428070
pandas/core/arrays/datetimes.py::1729,0.428070
pandas/core/arrays/datetimes.py::1731,0.428070
pandas/core/arrays/datetimes.py::1738,0.428070
pandas/core/arrays/datetimes.py::1740,0.428070
pandas/core/arrays/datetimes.py::1743,0.428070
pandas/core/arrays/datetimes.py::1745,0.428070
pandas/core/arrays/datetimes.py::1748,0.428070
pandas/core/arrays/datetimes.py::1750,0.428070
pandas/core/arrays/datetimes.py::1757,0.428070
pandas/core/arrays/datetimes.py::1759,0.428070
pandas/core/arrays/datetimes.py::1775,0.428070
pandas/core/arrays/datetimes.py::1780,0.428070
pandas/core/arrays/datetimes.py::1807,0.428070
pandas/core/arrays/datetimes.py::1811,0.428070
pandas/core/arrays/datetimes.py::1812,0.428070
pandas/core/arrays/datetimes.py::1815,0.428070
pandas/core/arrays/datetimes.py::1817,0.428070
pandas/core/arrays/datetimes.py::1922,0.428070
pandas/core/arrays/datetimes.py::1930,0.428070
pandas/core/arrays/datetimes.py::1933,0.428070
pandas/core/arrays/datetimes.py::1940,0.428070
pandas/core/arrays/datetimes.py::1947,0.428070
pandas/core/arrays/datetimes.py::1953,0.428070
pandas/core/arrays/datetimes.py::2051,0.428070
pandas/core/arrays/datetimes.py::2076,0.428070
pandas/core/arrays/datetimes.py::249,0.428070
pandas/core/arrays/datetimes.py::327,0.428070
pandas/core/arrays/datetimes.py::329,0.428070
pandas/core/arrays/datetimes.py::330,0.428070
pandas/core/arrays/datetimes.py::331,0.428070
pandas/core/arrays/datetimes.py::332,0.428070
pandas/core/arrays/datetimes.py::333,0.428070
pandas/core/arrays/datetimes.py::334,0.428070
pandas/core/arrays/datetimes.py::335,0.428070
pandas/core/arrays/datetimes.py::336,0.428070
pandas/core/arrays/datetimes.py::339,0.428070
pandas/core/arrays/datetimes.py::341,0.428070
pandas/core/arrays/datetimes.py::342,0.428070
pandas/core/arrays/datetimes.py::344,0.428070
pandas/core/arrays/datetimes.py::348,0.428070
pandas/core/arrays/datetimes.py::353,0.428070
pandas/core/arrays/datetimes.py::492,0.428070
pandas/core/common.py::139,0.428070
pandas/core/common.py::142,0.428070
pandas/core/common.py::145,0.428070
pandas/core/dtypes/cast.py::425,0.428070
pandas/core/dtypes/cast.py::428,0.428070
pandas/core/dtypes/cast.py::429,0.428070
pandas/core/dtypes/cast.py::431,0.428070
pandas/core/dtypes/cast.py::432,0.428070
pandas/core/dtypes/cast.py::433,0.428070
pandas/core/dtypes/cast.py::520,0.428070
pandas/core/dtypes/cast.py::700,0.428070
pandas/core/dtypes/cast.py::701,0.428070
pandas/core/dtypes/cast.py::703,0.428070
pandas/core/dtypes/cast.py::706,0.428070
pandas/core/dtypes/common.py::1266,0.428070
pandas/core/dtypes/common.py::1268,0.428070
pandas/core/dtypes/common.py::1271,0.428070
pandas/core/dtypes/common.py::1277,0.428070
pandas/core/dtypes/common.py::1278,0.428070
pandas/core/dtypes/common.py::1644,0.428070
pandas/core/dtypes/common.py::643,0.428070
pandas/core/dtypes/common.py::645,0.428070
pandas/core/dtypes/common.py::647,0.428070
pandas/core/dtypes/inference.py::67,0.428070
pandas/core/dtypes/missing.py::473,0.428070
pandas/core/dtypes/missing.py::476,0.428070
pandas/core/dtypes/missing.py::478,0.428070
pandas/core/dtypes/missing.py::480,0.428070
pandas/core/dtypes/missing.py::484,0.428070
pandas/core/dtypes/missing.py::493,0.428070
pandas/core/dtypes/missing.py::497,0.428070
pandas/core/frame.py::1041,0.428070
pandas/core/frame.py::2722,0.428070
pandas/core/frame.py::2761,0.428070
pandas/core/frame.py::2762,0.428070
pandas/core/frame.py::2764,0.428070
pandas/core/frame.py::2911,0.428070
pandas/core/frame.py::2914,0.428070
pandas/core/frame.py::2915,0.428070
pandas/core/frame.py::2920,0.428070
pandas/core/frame.py::2922,0.428070
pandas/core/frame.py::2926,0.428070
pandas/core/frame.py::2984,0.428070
pandas/core/frame.py::2985,0.428070
pandas/core/frame.py::2986,0.428070
pandas/core/frame.py::2991,0.428070
pandas/core/frame.py::2992,0.428070
pandas/core/frame.py::3037,0.428070
pandas/core/frame.py::3052,0.428070
pandas/core/frame.py::3053,0.428070
pandas/core/frame.py::3056,0.428070
pandas/core/frame.py::3575,0.428070
pandas/core/frame.py::3578,0.428070
pandas/core/frame.py::3579,0.428070
pandas/core/frame.py::3595,0.428070
pandas/core/frame.py::3597,0.428070
pandas/core/frame.py::3598,0.428070
pandas/core/frame.py::3647,0.428070
pandas/core/frame.py::3651,0.428070
pandas/core/frame.py::3652,0.428070
pandas/core/frame.py::3657,0.428070
pandas/core/generic.py::3243,0.428070
pandas/core/generic.py::3244,0.428070
pandas/core/generic.py::3261,0.428070
pandas/core/generic.py::3262,0.428070
pandas/core/generic.py::3264,0.428070
pandas/core/generic.py::3265,0.428070
pandas/core/generic.py::3268,0.428070
pandas/core/generic.py::3374,0.428070
pandas/core/generic.py::3546,0.428070
pandas/core/generic.py::3547,0.428070
pandas/core/generic.py::3548,0.428070
pandas/core/generic.py::3549,0.428070
pandas/core/generic.py::3550,0.428070
pandas/core/generic.py::3551,0.428070
pandas/core/generic.py::3552,0.428070
pandas/core/generic.py::3555,0.428070
pandas/core/generic.py::3556,0.428070
pandas/core/generic.py::3587,0.428070
pandas/core/generic.py::3588,0.428070
pandas/core/generic.py::3591,0.428070
pandas/core/generic.py::3594,0.428070
pandas/core/generic.py::3595,0.428070
pandas/core/generic.py::3651,0.428070
pandas/core/generic.py::3652,0.428070
pandas/core/generic.py::5214,0.428070
pandas/core/generic.py::5229,0.428070
pandas/core/generic.py::5233,0.428070
pandas/core/generic.py::5336,0.428070
pandas/core/generic.py::5337,0.428070
pandas/core/generic.py::5774,0.428070
pandas/core/generic.py::5775,0.428070
pandas/core/generic.py::649,0.428070
pandas/core/generic.py::650,0.428070
pandas/core/generic.py::7017,0.428070
pandas/core/generic.py::7020,0.428070
pandas/core/generic.py::7021,0.428070
pandas/core/generic.py::7022,0.428070
pandas/core/generic.py::7023,0.428070
pandas/core/generic.py::7024,0.428070
pandas/core/generic.py::7025,0.428070
pandas/core/indexers.py::221,0.428070
pandas/core/indexers.py::240,0.428070
pandas/core/indexers.py::241,0.428070
pandas/core/indexers.py::305,0.428070
pandas/core/indexers.py::307,0.428070
pandas/core/indexers.py::309,0.428070
pandas/core/indexers.py::39,0.428070
pandas/core/indexers.py::43,0.428070
pandas/core/indexers.py::59,0.428070
pandas/core/indexers.py::61,0.428070
pandas/core/indexers.py::65,0.428070
pandas/core/indexers.py::99,0.428070
pandas/core/indexes/base.py::1198,0.428070
pandas/core/indexes/base.py::1651,0.428070
pandas/core/indexes/base.py::2619,0.428070
pandas/core/indexes/base.py::2620,0.428070
pandas/core/indexes/base.py::2625,0.428070
pandas/core/indexes/base.py::2626,0.428070
pandas/core/indexes/base.py::2627,0.428070
pandas/core/indexes/base.py::2835,0.428070
pandas/core/indexes/base.py::2837,0.428070
pandas/core/indexes/base.py::2840,0.428070
pandas/core/indexes/base.py::2847,0.428070
pandas/core/indexes/base.py::2851,0.428070
pandas/core/indexes/base.py::2866,0.428070
pandas/core/indexes/base.py::2870,0.428070
pandas/core/indexes/base.py::4152,0.428070
pandas/core/indexes/base.py::4153,0.428070
pandas/core/indexes/base.py::4155,0.428070
pandas/core/indexes/base.py::4157,0.428070
pandas/core/indexes/base.py::4158,0.428070
pandas/core/indexes/base.py::4160,0.428070
pandas/core/indexes/base.py::4688,0.428070
pandas/core/indexes/base.py::4695,0.428070
pandas/core/indexes/base.py::5289,0.428070
pandas/core/indexes/base.py::5292,0.428070
pandas/core/indexes/base.py::5297,0.428070
pandas/core/indexes/base.py::5298,0.428070
pandas/core/indexes/base.py::5301,0.428070
pandas/core/indexes/base.py::5303,0.428070
pandas/core/indexes/base.py::5308,0.428070
pandas/core/indexes/base.py::5317,0.428070
pandas/core/indexes/base.py::643,0.428070
pandas/core/indexes/base.py::646,0.428070
pandas/core/indexes/base.py::647,0.428070
pandas/core/indexes/base.py::648,0.428070
pandas/core/indexes/base.py::649,0.428070
pandas/core/indexes/datetimelike.py::148,0.428070
pandas/core/indexes/datetimelike.py::149,0.428070
pandas/core/indexes/datetimelike.py::151,0.428070
pandas/core/indexes/datetimelike.py::153,0.428070
pandas/core/indexes/datetimelike.py::163,0.428070
pandas/core/indexes/datetimelike.py::167,0.428070
pandas/core/indexes/datetimelike.py::229,0.428070
pandas/core/indexes/datetimelike.py::230,0.428070
pandas/core/indexes/datetimelike.py::232,0.428070
pandas/core/indexes/datetimelike.py::233,0.428070
pandas/core/indexes/datetimelike.py::408,0.428070
pandas/core/indexes/datetimelike.py::412,0.428070
pandas/core/indexes/datetimelike.py::420,0.428070
pandas/core/indexes/datetimelike.py::629,0.428070
pandas/core/indexes/datetimelike.py::630,0.428070
pandas/core/indexes/datetimelike.py::631,0.428070
pandas/core/indexes/datetimelike.py::634,0.428070
pandas/core/indexes/datetimelike.py::636,0.428070
pandas/core/indexes/datetimelike.py::641,0.428070
pandas/core/indexes/datetimelike.py::642,0.428070
pandas/core/indexes/datetimelike.py::931,0.428070
pandas/core/indexes/datetimelike.py::932,0.428070
pandas/core/indexes/datetimelike.py::934,0.428070
pandas/core/indexes/datetimes.py::236,0.428070
pandas/core/indexes/datetimes.py::244,0.428070
pandas/core/indexes/datetimes.py::246,0.428070
pandas/core/indexes/datetimes.py::247,0.428070
pandas/core/indexes/datetimes.py::248,0.428070
pandas/core/indexes/datetimes.py::249,0.428070
pandas/core/indexes/datetimes.py::250,0.428070
pandas/core/indexes/datetimes.py::251,0.428070
pandas/core/indexes/datetimes.py::252,0.428070
pandas/core/indexes/datetimes.py::253,0.428070
pandas/core/indexes/datetimes.py::254,0.428070
pandas/core/indexes/datetimes.py::257,0.428070
pandas/core/indexes/datetimes.py::258,0.428070
pandas/core/indexes/datetimes.py::695,0.428070
pandas/core/indexes/datetimes.py::700,0.428070
pandas/core/indexes/datetimes.py::708,0.428070
pandas/core/indexes/datetimes.py::714,0.428070
pandas/core/indexes/datetimes.py::721,0.428070
pandas/core/indexes/datetimes.py::722,0.428070
pandas/core/indexes/datetimes.py::723,0.428070
pandas/core/indexes/datetimes.py::724,0.428070
pandas/core/indexes/datetimes.py::725,0.428070
pandas/core/indexes/datetimes.py::726,0.428070
pandas/core/indexes/datetimes.py::727,0.428070
pandas/core/indexes/datetimes.py::729,0.428070
pandas/core/indexes/datetimes.py::730,0.428070
pandas/core/indexes/datetimes.py::736,0.428070
pandas/core/indexes/datetimes.py::738,0.428070
pandas/core/indexes/datetimes.py::784,0.428070
pandas/core/indexes/datetimes.py::785,0.428070
pandas/core/indexes/datetimes.py::844,0.428070
pandas/core/indexes/datetimes.py::845,0.428070
pandas/core/indexes/datetimes.py::847,0.428070
pandas/core/indexes/datetimes.py::852,0.428070
pandas/core/indexes/frozen.py::77,0.428070
pandas/core/indexes/frozen.py::78,0.428070
pandas/core/indexes/frozen.py::79,0.428070
pandas/core/indexes/numeric.py::259,0.428070
pandas/core/indexes/numeric.py::262,0.428070
pandas/core/indexes/numeric.py::263,0.428070
pandas/core/indexes/numeric.py::264,0.428070
pandas/core/indexing.py::1027,0.428070
pandas/core/indexing.py::1028,0.428070
pandas/core/indexing.py::1674,0.428070
pandas/core/indexing.py::1676,0.428070
pandas/core/indexing.py::1680,0.428070
pandas/core/indexing.py::1681,0.428070
pandas/core/indexing.py::1687,0.428070
pandas/core/indexing.py::1688,0.428070
pandas/core/indexing.py::1691,0.428070
pandas/core/indexing.py::1692,0.428070
pandas/core/indexing.py::1693,0.428070
pandas/core/indexing.py::1698,0.428070
pandas/core/indexing.py::1699,0.428070
pandas/core/indexing.py::1705,0.428070
pandas/core/indexing.py::1720,0.428070
pandas/core/indexing.py::1723,0.428070
pandas/core/indexing.py::1725,0.428070
pandas/core/indexing.py::1726,0.428070
pandas/core/indexing.py::1727,0.428070
pandas/core/indexing.py::1728,0.428070
pandas/core/indexing.py::1754,0.428070
pandas/core/indexing.py::2060,0.428070
pandas/core/indexing.py::2061,0.428070
pandas/core/indexing.py::2116,0.428070
pandas/core/indexing.py::2119,0.428070
pandas/core/indexing.py::2122,0.428070
pandas/core/indexing.py::2127,0.428070
pandas/core/indexing.py::2132,0.428070
pandas/core/indexing.py::2133,0.428070
pandas/core/indexing.py::2137,0.428070
pandas/core/indexing.py::2139,0.428070
pandas/core/indexing.py::2255,0.428070
pandas/core/indexing.py::2256,0.428070
pandas/core/indexing.py::2257,0.428070
pandas/core/indexing.py::229,0.428070
pandas/core/indexing.py::2311,0.428070
pandas/core/indexing.py::2312,0.428070
pandas/core/indexing.py::2323,0.428070
pandas/core/indexing.py::2325,0.428070
pandas/core/indexing.py::2327,0.428070
pandas/core/indexing.py::2335,0.428070
pandas/core/indexing.py::2344,0.428070
pandas/core/indexing.py::2380,0.428070
pandas/core/indexing.py::2381,0.428070
pandas/core/indexing.py::628,0.428070
pandas/core/indexing.py::634,0.428070
pandas/core/indexing.py::637,0.428070
pandas/core/indexing.py::639,0.428070
pandas/core/indexing.py::646,0.428070
pandas/core/indexing.py::652,0.428070
pandas/core/indexing.py::655,0.428070
pandas/core/indexing.py::656,0.428070
pandas/core/indexing.py::657,0.428070
pandas/core/indexing.py::666,0.428070
pandas/core/indexing.py::669,0.428070
pandas/core/indexing.py::670,0.428070
pandas/core/indexing.py::671,0.428070
pandas/core/indexing.py::739,0.428070
pandas/core/indexing.py::741,0.428070
pandas/core/indexing.py::749,0.428070
pandas/core/indexing.py::783,0.428070
pandas/core/indexing.py::786,0.428070
pandas/core/indexing.py::788,0.428070
pandas/core/indexing.py::791,0.428070
pandas/core/indexing.py::795,0.428070
pandas/core/indexing.py::796,0.428070
pandas/core/indexing.py::797,0.428070
pandas/core/indexing.py::798,0.428070
pandas/core/indexing.py::799,0.428070
pandas/core/indexing.py::804,0.428070
pandas/core/indexing.py::812,0.428070
pandas/core/indexing.py::872,0.428070
pandas/core/indexing.py::874,0.428070
pandas/core/indexing.py::878,0.428070
pandas/core/indexing.py::881,0.428070
pandas/core/indexing.py::883,0.428070
pandas/core/indexing.py::884,0.428070
pandas/core/indexing.py::886,0.428070
pandas/core/indexing.py::887,0.428070
pandas/core/indexing.py::889,0.428070
pandas/core/indexing.py::892,0.428070
pandas/core/indexing.py::893,0.428070
pandas/core/indexing.py::895,0.428070
pandas/core/indexing.py::899,0.428070
pandas/core/indexing.py::939,0.428070
pandas/core/indexing.py::940,0.428070
pandas/core/indexing.py::941,0.428070
pandas/core/indexing.py::943,0.428070
pandas/core/indexing.py::944,0.428070
pandas/core/indexing.py::945,0.428070
pandas/core/indexing.py::952,0.428070
pandas/core/indexing.py::959,0.428070
pandas/core/indexing.py::960,0.428070
pandas/core/indexing.py::961,0.428070
pandas/core/indexing.py::962,0.428070
pandas/core/indexing.py::965,0.428070
pandas/core/indexing.py::969,0.428070
pandas/core/internals/blocks.py::1253,0.428070
pandas/core/internals/blocks.py::1254,0.428070
pandas/core/internals/blocks.py::1264,0.428070
pandas/core/internals/blocks.py::197,0.428070
pandas/core/internals/blocks.py::2075,0.428070
pandas/core/internals/blocks.py::2076,0.428070
pandas/core/internals/blocks.py::2082,0.428070
pandas/core/internals/blocks.py::2085,0.428070
pandas/core/internals/blocks.py::221,0.428070
pandas/core/internals/blocks.py::258,0.428070
pandas/core/internals/blocks.py::673,0.428070
pandas/core/internals/blocks.py::674,0.428070
pandas/core/internals/blocks.py::675,0.428070
pandas/core/internals/blocks.py::676,0.428070
pandas/core/internals/blocks.py::804,0.428070
pandas/core/internals/blocks.py::807,0.428070
pandas/core/internals/blocks.py::812,0.428070
pandas/core/internals/blocks.py::813,0.428070
pandas/core/internals/blocks.py::821,0.428070
pandas/core/internals/blocks.py::823,0.428070
pandas/core/internals/blocks.py::827,0.428070
pandas/core/internals/blocks.py::831,0.428070
pandas/core/internals/blocks.py::838,0.428070
pandas/core/internals/blocks.py::843,0.428070
pandas/core/internals/blocks.py::846,0.428070
pandas/core/internals/blocks.py::847,0.428070
pandas/core/internals/blocks.py::848,0.428070
pandas/core/internals/blocks.py::850,0.428070
pandas/core/internals/blocks.py::854,0.428070
pandas/core/internals/blocks.py::856,0.428070
pandas/core/internals/blocks.py::860,0.428070
pandas/core/internals/blocks.py::868,0.428070
pandas/core/internals/blocks.py::880,0.428070
pandas/core/internals/blocks.py::882,0.428070
pandas/core/internals/blocks.py::884,0.428070
pandas/core/internals/blocks.py::885,0.428070
pandas/core/internals/managers.py::1046,0.428070
pandas/core/internals/managers.py::1049,0.428070
pandas/core/internals/managers.py::1055,0.428070
pandas/core/internals/managers.py::1063,0.428070
pandas/core/internals/managers.py::1064,0.428070
pandas/core/internals/managers.py::1066,0.428070
pandas/core/internals/managers.py::1071,0.428070
pandas/core/internals/managers.py::1072,0.428070
pandas/core/internals/managers.py::1078,0.428070
pandas/core/internals/managers.py::1079,0.428070
pandas/core/internals/managers.py::1081,0.428070
pandas/core/internals/managers.py::1082,0.428070
pandas/core/internals/managers.py::1084,0.428070
pandas/core/internals/managers.py::1085,0.428070
pandas/core/internals/managers.py::1086,0.428070
pandas/core/internals/managers.py::1087,0.428070
pandas/core/internals/managers.py::1088,0.428070
pandas/core/internals/managers.py::1089,0.428070
pandas/core/internals/managers.py::1090,0.428070
pandas/core/internals/managers.py::1093,0.428070
pandas/core/internals/managers.py::1094,0.428070
pandas/core/internals/managers.py::1097,0.428070
pandas/core/internals/managers.py::1098,0.428070
pandas/core/internals/managers.py::1104,0.428070
pandas/core/internals/managers.py::1106,0.428070
pandas/core/internals/managers.py::1107,0.428070
pandas/core/internals/managers.py::1109,0.428070
pandas/core/internals/managers.py::1110,0.428070
pandas/core/internals/managers.py::1111,0.428070
pandas/core/internals/managers.py::1112,0.428070
pandas/core/internals/managers.py::1113,0.428070
pandas/core/internals/managers.py::1115,0.428070
pandas/core/internals/managers.py::1116,0.428070
pandas/core/internals/managers.py::1119,0.428070
pandas/core/internals/managers.py::1120,0.428070
pandas/core/internals/managers.py::1121,0.428070
pandas/core/internals/managers.py::1123,0.428070
pandas/core/internals/managers.py::1124,0.428070
pandas/core/internals/managers.py::1141,0.428070
pandas/core/internals/managers.py::1143,0.428070
pandas/core/internals/managers.py::1144,0.428070
pandas/core/internals/managers.py::1145,0.428070
pandas/core/internals/managers.py::1146,0.428070
pandas/core/internals/managers.py::1147,0.428070
pandas/core/internals/managers.py::1151,0.428070
pandas/core/internals/managers.py::1152,0.428070
pandas/core/internals/managers.py::1154,0.428070
pandas/core/internals/managers.py::1157,0.428070
pandas/core/internals/managers.py::1261,0.428070
pandas/core/internals/managers.py::1268,0.428070
pandas/core/internals/managers.py::1476,0.428070
pandas/core/internals/managers.py::1480,0.428070
pandas/core/internals/managers.py::1547,0.428070
pandas/core/internals/managers.py::1551,0.428070
pandas/core/internals/managers.py::1564,0.428070
pandas/core/internals/managers.py::1571,0.428070
pandas/core/internals/managers.py::1578,0.428070
pandas/core/internals/managers.py::1584,0.428070
pandas/core/internals/managers.py::173,0.428070
pandas/core/internals/managers.py::174,0.428070
pandas/core/internals/managers.py::175,0.428070
pandas/core/internals/managers.py::177,0.428070
pandas/core/internals/managers.py::183,0.428070
pandas/core/internals/managers.py::562,0.428070
pandas/core/internals/managers.py::664,0.428070
pandas/core/internals/managers.py::665,0.428070
pandas/core/internals/managers.py::765,0.428070
pandas/core/internals/managers.py::782,0.428070
pandas/core/internals/managers.py::785,0.428070
pandas/core/internals/managers.py::786,0.428070
pandas/core/internals/managers.py::789,0.428070
pandas/core/internals/managers.py::791,0.428070
pandas/core/internals/managers.py::795,0.428070
pandas/core/internals/managers.py::796,0.428070
pandas/core/internals/managers.py::797,0.428070
pandas/core/internals/managers.py::955,0.428070
pandas/core/internals/managers.py::957,0.428070
pandas/core/internals/managers.py::958,0.428070
pandas/core/internals/managers.py::969,0.428070
pandas/core/series.py::258,0.428070
pandas/core/series.py::259,0.428070
pandas/core/series.py::298,0.428070
pandas/core/series.py::300,0.428070
pandas/core/series.py::359,0.428070
pandas/core/series.py::417,0.428070
pandas/core/series.py::476,0.428070
pandas/core/series.py::495,0.428070
pandas/core/series.py::517,0.428070
pandas/tseries/frequencies.py::118,0.428070
pandas/tseries/frequencies.py::257,0.428070
pandas/tseries/frequencies.py::259,0.428070
pandas/tseries/frequencies.py::273,0.428070
pandas/tseries/frequencies.py::278,0.428070
pandas/tseries/frequencies.py::283,0.428070
pandas/tseries/frequencies.py::290,0.428070
pandas/tseries/frequencies.py::296,0.428070
pandas/tseries/frequencies.py::306,0.428070
pandas/tseries/frequencies.py::307,0.428070
pandas/tseries/frequencies.py::311,0.428070
pandas/tseries/frequencies.py::312,0.428070
pandas/tseries/frequencies.py::315,0.428070
pandas/tseries/frequencies.py::317,0.428070
pandas/_config/config.py::111,0.392235
pandas/_config/config.py::112,0.392235
pandas/_config/config.py::116,0.392235
pandas/_config/config.py::118,0.392235
pandas/_config/config.py::122,0.392235
pandas/_config/config.py::123,0.392235
pandas/_config/config.py::125,0.392235
pandas/_config/config.py::126,0.392235
pandas/_config/config.py::127,0.392235
pandas/_config/config.py::130,0.392235
pandas/_config/config.py::131,0.392235
pandas/_config/config.py::133,0.392235
pandas/_config/config.py::233,0.392235
pandas/_config/config.py::542,0.392235
pandas/_config/config.py::546,0.392235
pandas/_config/config.py::547,0.392235
pandas/_config/config.py::550,0.392235
pandas/_config/config.py::554,0.392235
pandas/_config/config.py::555,0.392235
pandas/_config/config.py::556,0.392235
pandas/_config/config.py::557,0.392235
pandas/_config/config.py::558,0.392235
pandas/_config/config.py::577,0.392235
pandas/_config/config.py::578,0.392235
pandas/_config/config.py::579,0.392235
pandas/_config/config.py::580,0.392235
pandas/_config/config.py::593,0.392235
pandas/_config/config.py::602,0.392235
pandas/_config/config.py::603,0.392235
pandas/_config/config.py::606,0.392235
pandas/_config/config.py::618,0.392235
pandas/_config/config.py::619,0.392235
pandas/_config/config.py::634,0.392235
pandas/_config/config.py::808,0.392235
pandas/_config/config.py::84,0.392235
pandas/_config/config.py::85,0.392235
pandas/_config/config.py::89,0.392235
pandas/_config/config.py::91,0.392235
pandas/_config/config.py::93,0.392235
pandas/_config/config.py::94,0.392235
pandas/_config/config.py::96,0.392235
pandas/_config/config.py::98,0.392235
pandas/compat/numpy/function.py::43,0.392235
pandas/conftest.py::50,0.392235
pandas/conftest.py::53,0.392235
pandas/conftest.py::56,0.392235
pandas/conftest.py::59,0.392235
pandas/conftest.py::62,0.392235
pandas/conftest.py::73,0.392235
pandas/conftest.py::81,0.392235
pandas/conftest.py::82,0.392235
pandas/core/algorithms.py::1432,0.392235
pandas/core/algorithms.py::1433,0.392235
pandas/core/algorithms.py::1434,0.392235
pandas/core/algorithms.py::1435,0.392235
pandas/core/algorithms.py::1436,0.392235
pandas/core/algorithms.py::1437,0.392235
pandas/core/algorithms.py::1440,0.392235
pandas/core/algorithms.py::1441,0.392235
pandas/core/algorithms.py::1442,0.392235
pandas/core/algorithms.py::1592,0.392235
pandas/core/algorithms.py::1594,0.392235
pandas/core/algorithms.py::1597,0.392235
pandas/core/algorithms.py::1598,0.392235
pandas/core/algorithms.py::1600,0.392235
pandas/core/algorithms.py::1604,0.392235
pandas/core/algorithms.py::1605,0.392235
pandas/core/algorithms.py::1606,0.392235
pandas/core/algorithms.py::1607,0.392235
pandas/core/algorithms.py::1611,0.392235
pandas/core/algorithms.py::1612,0.392235
pandas/core/algorithms.py::1626,0.392235
pandas/core/algorithms.py::1627,0.392235
pandas/core/algorithms.py::1628,0.392235
pandas/core/algorithms.py::1631,0.392235
pandas/core/algorithms.py::1639,0.392235
pandas/core/algorithms.py::1640,0.392235
pandas/core/algorithms.py::1641,0.392235
pandas/core/algorithms.py::1642,0.392235
pandas/core/algorithms.py::1643,0.392235
pandas/core/algorithms.py::1648,0.392235
pandas/core/algorithms.py::1650,0.392235
pandas/core/algorithms.py::1652,0.392235
pandas/core/algorithms.py::1653,0.392235
pandas/core/algorithms.py::1655,0.392235
pandas/core/algorithms.py::1657,0.392235
pandas/core/algorithms.py::1659,0.392235
pandas/core/arrays/datetimelike.py::455,0.392235
pandas/core/arrays/datetimelike.py::459,0.392235
pandas/core/arrays/datetimelike.py::497,0.392235
pandas/core/arrays/datetimelike.py::913,0.392235
pandas/core/arrays/datetimes.py::2012,0.392235
pandas/core/arrays/datetimes.py::2013,0.392235
pandas/core/arrays/datetimes.py::2014,0.392235
pandas/core/arrays/datetimes.py::2022,0.392235
pandas/core/arrays/datetimes.py::2023,0.392235
pandas/core/arrays/datetimes.py::2029,0.392235
pandas/core/arrays/datetimes.py::228,0.392235
pandas/core/arrays/datetimes.py::231,0.392235
pandas/core/arrays/datetimes.py::233,0.392235
pandas/core/arrays/datetimes.py::235,0.392235
pandas/core/arrays/datetimes.py::236,0.392235
pandas/core/arrays/datetimes.py::238,0.392235
pandas/core/arrays/datetimes.py::248,0.392235
pandas/core/arrays/datetimes.py::250,0.392235
pandas/core/arrays/datetimes.py::252,0.392235
pandas/core/arrays/datetimes.py::258,0.392235
pandas/core/arrays/datetimes.py::261,0.392235
pandas/core/arrays/datetimes.py::267,0.392235
pandas/core/arrays/datetimes.py::274,0.392235
pandas/core/arrays/datetimes.py::276,0.392235
pandas/core/arrays/datetimes.py::283,0.392235
pandas/core/arrays/datetimes.py::285,0.392235
pandas/core/arrays/datetimes.py::287,0.392235
pandas/core/arrays/datetimes.py::295,0.392235
pandas/core/arrays/datetimes.py::296,0.392235
pandas/core/arrays/datetimes.py::297,0.392235
pandas/core/arrays/datetimes.py::299,0.392235
pandas/core/arrays/datetimes.py::304,0.392235
pandas/core/arrays/datetimes.py::305,0.392235
pandas/core/arrays/datetimes.py::308,0.392235
pandas/core/arrays/datetimes.py::309,0.392235
pandas/core/arrays/datetimes.py::310,0.392235
pandas/core/arrays/datetimes.py::311,0.392235
pandas/core/arrays/datetimes.py::312,0.392235
pandas/core/arrays/datetimes.py::514,0.392235
pandas/core/arrays/datetimes.py::527,0.392235
pandas/core/arrays/datetimes.py::67,0.392235
pandas/core/base.py::1069,0.392235
pandas/core/base.py::1071,0.392235
pandas/core/base.py::1074,0.392235
pandas/core/base.py::642,0.392235
pandas/core/common.py::127,0.392235
pandas/core/common.py::128,0.392235
pandas/core/common.py::129,0.392235
pandas/core/common.py::131,0.392235
pandas/core/common.py::146,0.392235
pandas/core/common.py::153,0.392235
pandas/core/common.py::226,0.392235
pandas/core/common.py::228,0.392235
pandas/core/common.py::231,0.392235
pandas/core/common.py::232,0.392235
pandas/core/common.py::234,0.392235
pandas/core/common.py::236,0.392235
pandas/core/common.py::239,0.392235
pandas/core/common.py::244,0.392235
pandas/core/common.py::294,0.392235
pandas/core/common.py::347,0.392235
pandas/core/common.py::350,0.392235
pandas/core/construction.py::379,0.392235
pandas/core/construction.py::382,0.392235
pandas/core/construction.py::385,0.392235
pandas/core/construction.py::395,0.392235
pandas/core/construction.py::398,0.392235
pandas/core/construction.py::408,0.392235
pandas/core/construction.py::411,0.392235
pandas/core/construction.py::413,0.392235
pandas/core/construction.py::424,0.392235
pandas/core/construction.py::452,0.392235
pandas/core/construction.py::471,0.392235
pandas/core/construction.py::472,0.392235
pandas/core/construction.py::475,0.392235
pandas/core/construction.py::486,0.392235
pandas/core/construction.py::489,0.392235
pandas/core/construction.py::498,0.392235
pandas/core/construction.py::503,0.392235
pandas/core/construction.py::527,0.392235
pandas/core/construction.py::528,0.392235
pandas/core/construction.py::529,0.392235
pandas/core/construction.py::531,0.392235
pandas/core/construction.py::534,0.392235
pandas/core/construction.py::537,0.392235
pandas/core/construction.py::540,0.392235
pandas/core/construction.py::545,0.392235
pandas/core/construction.py::546,0.392235
pandas/core/construction.py::567,0.392235
pandas/core/construction.py::584,0.392235
pandas/core/construction.py::585,0.392235
pandas/core/construction.py::586,0.392235
pandas/core/construction.py::587,0.392235
pandas/core/dtypes/base.py::271,0.392235
pandas/core/dtypes/base.py::273,0.392235
pandas/core/dtypes/base.py::278,0.392235
pandas/core/dtypes/base.py::279,0.392235
pandas/core/dtypes/base.py::281,0.392235
pandas/core/dtypes/base.py::283,0.392235
pandas/core/dtypes/base.py::288,0.392235
pandas/core/dtypes/cast.py::1021,0.392235
pandas/core/dtypes/cast.py::1022,0.392235
pandas/core/dtypes/cast.py::1024,0.392235
pandas/core/dtypes/cast.py::1027,0.392235
pandas/core/dtypes/cast.py::1141,0.392235
pandas/core/dtypes/cast.py::1142,0.392235
pandas/core/dtypes/cast.py::1144,0.392235
pandas/core/dtypes/cast.py::1267,0.392235
pandas/core/dtypes/cast.py::1406,0.392235
pandas/core/dtypes/cast.py::1407,0.392235
pandas/core/dtypes/cast.py::1408,0.392235
pandas/core/dtypes/cast.py::1435,0.392235
pandas/core/dtypes/cast.py::1437,0.392235
pandas/core/dtypes/cast.py::1449,0.392235
pandas/core/dtypes/cast.py::356,0.392235
pandas/core/dtypes/cast.py::362,0.392235
pandas/core/dtypes/cast.py::380,0.392235
pandas/core/dtypes/cast.py::391,0.392235
pandas/core/dtypes/cast.py::410,0.392235
pandas/core/dtypes/cast.py::421,0.392235
pandas/core/dtypes/cast.py::424,0.392235
pandas/core/dtypes/cast.py::441,0.392235
pandas/core/dtypes/cast.py::445,0.392235
pandas/core/dtypes/cast.py::446,0.392235
pandas/core/dtypes/cast.py::449,0.392235
pandas/core/dtypes/cast.py::450,0.392235
pandas/core/dtypes/cast.py::487,0.392235
pandas/core/dtypes/cast.py::489,0.392235
pandas/core/dtypes/cast.py::492,0.392235
pandas/core/dtypes/cast.py::493,0.392235
pandas/core/dtypes/cast.py::514,0.392235
pandas/core/dtypes/cast.py::516,0.392235
pandas/core/dtypes/cast.py::518,0.392235
pandas/core/dtypes/cast.py::522,0.392235
pandas/core/dtypes/common.py::1022,0.392235
pandas/core/dtypes/common.py::1023,0.392235
pandas/core/dtypes/common.py::1024,0.392235
pandas/core/dtypes/common.py::1144,0.392235
pandas/core/dtypes/common.py::1317,0.392235
pandas/core/dtypes/common.py::1320,0.392235
pandas/core/dtypes/common.py::1321,0.392235
pandas/core/dtypes/common.py::1322,0.392235
pandas/core/dtypes/common.py::1432,0.392235
pandas/core/dtypes/common.py::1475,0.392235
pandas/core/dtypes/common.py::1477,0.392235
pandas/core/dtypes/common.py::1478,0.392235
pandas/core/dtypes/common.py::1482,0.392235
pandas/core/dtypes/common.py::1486,0.392235
pandas/core/dtypes/common.py::1493,0.392235
pandas/core/dtypes/common.py::1497,0.392235
pandas/core/dtypes/common.py::1610,0.392235
pandas/core/dtypes/common.py::1611,0.392235
pandas/core/dtypes/common.py::1663,0.392235
pandas/core/dtypes/common.py::1665,0.392235
pandas/core/dtypes/common.py::1666,0.392235
pandas/core/dtypes/common.py::1669,0.392235
pandas/core/dtypes/common.py::1692,0.392235
pandas/core/dtypes/common.py::1696,0.392235
pandas/core/dtypes/common.py::1697,0.392235
pandas/core/dtypes/common.py::1698,0.392235
pandas/core/dtypes/common.py::1702,0.392235
pandas/core/dtypes/common.py::1703,0.392235
pandas/core/dtypes/common.py::1705,0.392235
pandas/core/dtypes/common.py::1723,0.392235
pandas/core/dtypes/common.py::1724,0.392235
pandas/core/dtypes/common.py::1727,0.392235
pandas/core/dtypes/common.py::1728,0.392235
pandas/core/dtypes/common.py::1729,0.392235
pandas/core/dtypes/common.py::1735,0.392235
pandas/core/dtypes/common.py::1736,0.392235
pandas/core/dtypes/common.py::1739,0.392235
pandas/core/dtypes/common.py::1740,0.392235
pandas/core/dtypes/common.py::1742,0.392235
pandas/core/dtypes/common.py::1743,0.392235
pandas/core/dtypes/common.py::1750,0.392235
pandas/core/dtypes/common.py::1861,0.392235
pandas/core/dtypes/common.py::1863,0.392235
pandas/core/dtypes/common.py::1864,0.392235
pandas/core/dtypes/common.py::208,0.392235
pandas/core/dtypes/common.py::216,0.392235
pandas/core/dtypes/common.py::217,0.392235
pandas/core/dtypes/common.py::249,0.392235
pandas/core/dtypes/common.py::294,0.392235
pandas/core/dtypes/common.py::296,0.392235
pandas/core/dtypes/common.py::297,0.392235
pandas/core/dtypes/common.py::369,0.392235
pandas/core/dtypes/common.py::400,0.392235
pandas/core/dtypes/common.py::436,0.392235
pandas/core/dtypes/common.py::438,0.392235
pandas/core/dtypes/common.py::469,0.392235
pandas/core/dtypes/common.py::501,0.392235
pandas/core/dtypes/common.py::502,0.392235
pandas/core/dtypes/common.py::503,0.392235
pandas/core/dtypes/common.py::537,0.392235
pandas/core/dtypes/common.py::538,0.392235
pandas/core/dtypes/common.py::539,0.392235
pandas/core/dtypes/common.py::570,0.392235
pandas/core/dtypes/common.py::571,0.392235
pandas/core/dtypes/common.py::572,0.392235
pandas/core/dtypes/common.py::605,0.392235
pandas/core/dtypes/common.py::606,0.392235
pandas/core/dtypes/common.py::608,0.392235
pandas/core/dtypes/common.py::615,0.392235
pandas/core/dtypes/common.py::713,0.392235
pandas/core/dtypes/common.py::714,0.392235
pandas/core/dtypes/common.py::715,0.392235
pandas/core/dtypes/common.py::716,0.392235
pandas/core/dtypes/common.py::827,0.392235
pandas/core/dtypes/common.py::884,0.392235
pandas/core/dtypes/common.py::931,0.392235
pandas/core/dtypes/common.py::932,0.392235
pandas/core/dtypes/dtypes.py::1112,0.392235
pandas/core/dtypes/dtypes.py::1123,0.392235
pandas/core/dtypes/dtypes.py::88,0.392235
pandas/core/dtypes/dtypes.py::89,0.392235
pandas/core/dtypes/dtypes.py::90,0.392235
pandas/core/dtypes/dtypes.py::91,0.392235
pandas/core/dtypes/dtypes.py::92,0.392235
pandas/core/dtypes/dtypes.py::925,0.392235
pandas/core/dtypes/dtypes.py::938,0.392235
pandas/core/dtypes/dtypes.py::95,0.392235
pandas/core/dtypes/generic.py::12,0.392235
pandas/core/dtypes/generic.py::81,0.392235
pandas/core/dtypes/inference.py::124,0.392235
pandas/core/dtypes/inference.py::127,0.392235
pandas/core/dtypes/inference.py::250,0.392235
pandas/core/dtypes/inference.py::323,0.392235
pandas/core/dtypes/inference.py::325,0.392235
pandas/core/dtypes/inference.py::387,0.392235
pandas/core/dtypes/inference.py::388,0.392235
pandas/core/dtypes/inference.py::389,0.392235
pandas/core/dtypes/inference.py::390,0.392235
pandas/core/dtypes/inference.py::392,0.392235
pandas/core/dtypes/missing.py::126,0.392235
pandas/core/dtypes/missing.py::134,0.392235
pandas/core/dtypes/missing.py::135,0.392235
pandas/core/dtypes/missing.py::137,0.392235
pandas/core/dtypes/missing.py::139,0.392235
pandas/core/dtypes/missing.py::141,0.392235
pandas/core/dtypes/missing.py::142,0.392235
pandas/core/dtypes/missing.py::144,0.392235
pandas/core/dtypes/missing.py::145,0.392235
pandas/core/dtypes/missing.py::146,0.392235
pandas/core/dtypes/missing.py::147,0.392235
pandas/core/dtypes/missing.py::148,0.392235
pandas/core/dtypes/missing.py::149,0.392235
pandas/core/dtypes/missing.py::152,0.392235
pandas/core/dtypes/missing.py::153,0.392235
pandas/core/dtypes/missing.py::154,0.392235
pandas/core/dtypes/missing.py::226,0.392235
pandas/core/dtypes/missing.py::228,0.392235
pandas/core/dtypes/missing.py::231,0.392235
pandas/core/dtypes/missing.py::235,0.392235
pandas/core/dtypes/missing.py::237,0.392235
pandas/core/dtypes/missing.py::243,0.392235
pandas/core/dtypes/missing.py::245,0.392235
pandas/core/dtypes/missing.py::258,0.392235
pandas/core/dtypes/missing.py::262,0.392235
pandas/core/dtypes/missing.py::265,0.392235
pandas/core/dtypes/missing.py::268,0.392235
pandas/core/dtypes/missing.py::433,0.392235
pandas/core/dtypes/missing.py::436,0.392235
pandas/core/dtypes/missing.py::441,0.392235
pandas/core/frame.py::2756,0.392235
pandas/core/frame.py::2757,0.392235
pandas/core/frame.py::2759,0.392235
pandas/core/frame.py::2767,0.392235
pandas/core/frame.py::2768,0.392235
pandas/core/frame.py::2774,0.392235
pandas/core/frame.py::2778,0.392235
pandas/core/frame.py::2783,0.392235
pandas/core/frame.py::2785,0.392235
pandas/core/frame.py::2792,0.392235
pandas/core/frame.py::2794,0.392235
pandas/core/frame.py::2797,0.392235
pandas/core/frame.py::2800,0.392235
pandas/core/frame.py::2802,0.392235
pandas/core/frame.py::2810,0.392235
pandas/core/frame.py::3062,0.392235
pandas/core/frame.py::3063,0.392235
pandas/core/frame.py::401,0.392235
pandas/core/frame.py::422,0.392235
pandas/core/frame.py::424,0.392235
pandas/core/frame.py::427,0.392235
pandas/core/frame.py::430,0.392235
pandas/core/frame.py::431,0.392235
pandas/core/frame.py::432,0.392235
pandas/core/frame.py::434,0.392235
pandas/core/frame.py::4586,0.392235
pandas/core/frame.py::511,0.392235
pandas/core/frame.py::530,0.392235
pandas/core/frame.py::7819,0.392235
pandas/core/frame.py::7824,0.392235
pandas/core/frame.py::7825,0.392235
pandas/core/frame.py::7826,0.392235
pandas/core/frame.py::7828,0.392235
pandas/core/frame.py::7829,0.392235
pandas/core/frame.py::7831,0.392235
pandas/core/frame.py::7848,0.392235
pandas/core/frame.py::7868,0.392235
pandas/core/frame.py::7869,0.392235
pandas/core/frame.py::7870,0.392235
pandas/core/frame.py::7871,0.392235
pandas/core/frame.py::7873,0.392235
pandas/core/frame.py::7916,0.392235
pandas/core/frame.py::7928,0.392235
pandas/core/frame.py::7929,0.392235
pandas/core/frame.py::7930,0.392235
pandas/core/frame.py::8052,0.392235
pandas/core/frame.py::8054,0.392235
pandas/core/frame.py::8055,0.392235
pandas/core/generic.py::11182,0.392235
pandas/core/generic.py::11183,0.392235
pandas/core/generic.py::11189,0.392235
pandas/core/generic.py::11190,0.392235
pandas/core/generic.py::11191,0.392235
pandas/core/generic.py::11192,0.392235
pandas/core/generic.py::11193,0.392235
pandas/core/generic.py::11194,0.392235
pandas/core/generic.py::11195,0.392235
pandas/core/generic.py::192,0.392235
pandas/core/generic.py::202,0.392235
pandas/core/generic.py::203,0.392235
pandas/core/generic.py::204,0.392235
pandas/core/generic.py::205,0.392235
pandas/core/generic.py::206,0.392235
pandas/core/generic.py::209,0.392235
pandas/core/generic.py::213,0.392235
pandas/core/generic.py::214,0.392235
pandas/core/generic.py::220,0.392235
pandas/core/generic.py::222,0.392235
pandas/core/generic.py::226,0.392235
pandas/core/generic.py::235,0.392235
pandas/core/generic.py::237,0.392235
pandas/core/generic.py::3204,0.392235
pandas/core/generic.py::3352,0.392235
pandas/core/generic.py::3360,0.392235
pandas/core/generic.py::3362,0.392235
pandas/core/generic.py::3364,0.392235
pandas/core/generic.py::3366,0.392235
pandas/core/generic.py::3367,0.392235
pandas/core/generic.py::3369,0.392235
pandas/core/generic.py::3372,0.392235
pandas/core/generic.py::3373,0.392235
pandas/core/generic.py::3376,0.392235
pandas/core/generic.py::386,0.392235
pandas/core/generic.py::387,0.392235
pandas/core/generic.py::388,0.392235
pandas/core/generic.py::389,0.392235
pandas/core/generic.py::399,0.392235
pandas/core/generic.py::400,0.392235
pandas/core/generic.py::404,0.392235
pandas/core/generic.py::405,0.392235
pandas/core/generic.py::411,0.392235
pandas/core/generic.py::412,0.392235
pandas/core/generic.py::417,0.392235
pandas/core/generic.py::418,0.392235
pandas/core/generic.py::419,0.392235
pandas/core/generic.py::420,0.392235
pandas/core/generic.py::5212,0.392235
pandas/core/generic.py::5213,0.392235
pandas/core/generic.py::5216,0.392235
pandas/core/generic.py::5218,0.392235
pandas/core/generic.py::524,0.392235
pandas/core/generic.py::5248,0.392235
pandas/core/generic.py::5249,0.392235
pandas/core/generic.py::5250,0.392235
pandas/core/generic.py::5251,0.392235
pandas/core/generic.py::5252,0.392235
pandas/core/generic.py::5256,0.392235
pandas/core/generic.py::5257,0.392235
pandas/core/generic.py::5298,0.392235
pandas/core/generic.py::5299,0.392235
pandas/core/generic.py::5300,0.392235
pandas/core/generic.py::5302,0.392235
pandas/core/generic.py::5307,0.392235
pandas/core/generic.py::5308,0.392235
pandas/core/generic.py::5310,0.392235
pandas/core/generic.py::5449,0.392235
pandas/core/generic.py::5450,0.392235
pandas/core/generic.py::6955,0.392235
pandas/core/generic.py::6958,0.392235
pandas/core/generic.py::6961,0.392235
pandas/core/generic.py::6962,0.392235
pandas/core/generic.py::6966,0.392235
pandas/core/generic.py::6967,0.392235
pandas/core/generic.py::6968,0.392235
pandas/core/generic.py::6971,0.392235
pandas/core/generic.py::6972,0.392235
pandas/core/generic.py::7001,0.392235
pandas/core/generic.py::7004,0.392235
pandas/core/generic.py::7005,0.392235
pandas/core/generic.py::7094,0.392235
pandas/core/indexers.py::191,0.392235
pandas/core/indexers.py::198,0.392235
pandas/core/indexers.py::199,0.392235
pandas/core/indexers.py::203,0.392235
pandas/core/indexers.py::204,0.392235
pandas/core/indexers.py::206,0.392235
pandas/core/indexers.py::28,0.392235
pandas/core/indexes/base.py::1164,0.392235
pandas/core/indexes/base.py::1168,0.392235
pandas/core/indexes/base.py::1174,0.392235
pandas/core/indexes/base.py::1175,0.392235
pandas/core/indexes/base.py::1368,0.392235
pandas/core/indexes/base.py::1566,0.392235
pandas/core/indexes/base.py::1583,0.392235
pandas/core/indexes/base.py::280,0.392235
pandas/core/indexes/base.py::281,0.392235
pandas/core/indexes/base.py::282,0.392235
pandas/core/indexes/base.py::283,0.392235
pandas/core/indexes/base.py::284,0.392235
pandas/core/indexes/base.py::286,0.392235
pandas/core/indexes/base.py::288,0.392235
pandas/core/indexes/base.py::293,0.392235
pandas/core/indexes/base.py::295,0.392235
pandas/core/indexes/base.py::2961,0.392235
pandas/core/indexes/base.py::2962,0.392235
pandas/core/indexes/base.py::2966,0.392235
pandas/core/indexes/base.py::2967,0.392235
pandas/core/indexes/base.py::299,0.392235
pandas/core/indexes/base.py::3006,0.392235
pandas/core/indexes/base.py::3027,0.392235
pandas/core/indexes/base.py::303,0.392235
pandas/core/indexes/base.py::3050,0.392235
pandas/core/indexes/base.py::3099,0.392235
pandas/core/indexes/base.py::3102,0.392235
pandas/core/indexes/base.py::3104,0.392235
pandas/core/indexes/base.py::3110,0.392235
pandas/core/indexes/base.py::3112,0.392235
pandas/core/indexes/base.py::3119,0.392235
pandas/core/indexes/base.py::3120,0.392235
pandas/core/indexes/base.py::3135,0.392235
pandas/core/indexes/base.py::3139,0.392235
pandas/core/indexes/base.py::314,0.392235
pandas/core/indexes/base.py::315,0.392235
pandas/core/indexes/base.py::316,0.392235
pandas/core/indexes/base.py::331,0.392235
pandas/core/indexes/base.py::341,0.392235
pandas/core/indexes/base.py::347,0.392235
pandas/core/indexes/base.py::360,0.392235
pandas/core/indexes/base.py::361,0.392235
pandas/core/indexes/base.py::3639,0.392235
pandas/core/indexes/base.py::3669,0.392235
pandas/core/indexes/base.py::371,0.392235
pandas/core/indexes/base.py::3713,0.392235
pandas/core/indexes/base.py::373,0.392235
pandas/core/indexes/base.py::375,0.392235
pandas/core/indexes/base.py::377,0.392235
pandas/core/indexes/base.py::380,0.392235
pandas/core/indexes/base.py::384,0.392235
pandas/core/indexes/base.py::3869,0.392235
pandas/core/indexes/base.py::387,0.392235
pandas/core/indexes/base.py::388,0.392235
pandas/core/indexes/base.py::389,0.392235
pandas/core/indexes/base.py::390,0.392235
pandas/core/indexes/base.py::391,0.392235
pandas/core/indexes/base.py::398,0.392235
pandas/core/indexes/base.py::400,0.392235
pandas/core/indexes/base.py::4016,0.392235
pandas/core/indexes/base.py::4019,0.392235
pandas/core/indexes/base.py::4022,0.392235
pandas/core/indexes/base.py::4026,0.392235
pandas/core/indexes/base.py::403,0.392235
pandas/core/indexes/base.py::4032,0.392235
pandas/core/indexes/base.py::4033,0.392235
pandas/core/indexes/base.py::405,0.392235
pandas/core/indexes/base.py::408,0.392235
pandas/core/indexes/base.py::417,0.392235
pandas/core/indexes/base.py::418,0.392235
pandas/core/indexes/base.py::4460,0.392235
pandas/core/indexes/base.py::4461,0.392235
pandas/core/indexes/base.py::459,0.392235
pandas/core/indexes/base.py::465,0.392235
pandas/core/indexes/base.py::466,0.392235
pandas/core/indexes/base.py::472,0.392235
pandas/core/indexes/base.py::473,0.392235
pandas/core/indexes/base.py::475,0.392235
pandas/core/indexes/base.py::488,0.392235
pandas/core/indexes/base.py::5285,0.392235
pandas/core/indexes/base.py::5286,0.392235
pandas/core/indexes/base.py::5288,0.392235
pandas/core/indexes/base.py::5324,0.392235
pandas/core/indexes/base.py::5325,0.392235
pandas/core/indexes/base.py::5329,0.392235
pandas/core/indexes/base.py::5357,0.392235
pandas/core/indexes/base.py::5363,0.392235
pandas/core/indexes/base.py::5366,0.392235
pandas/core/indexes/base.py::5438,0.392235
pandas/core/indexes/base.py::5445,0.392235
pandas/core/indexes/base.py::5447,0.392235
pandas/core/indexes/base.py::5456,0.392235
pandas/core/indexes/base.py::5460,0.392235
pandas/core/indexes/base.py::5467,0.392235
pandas/core/indexes/base.py::5470,0.392235
pandas/core/indexes/base.py::569,0.392235
pandas/core/indexes/base.py::575,0.392235
pandas/core/indexes/base.py::576,0.392235
pandas/core/indexes/base.py::587,0.392235
pandas/core/indexes/base.py::588,0.392235
pandas/core/indexes/base.py::598,0.392235
pandas/core/indexes/base.py::622,0.392235
pandas/core/indexes/base.py::726,0.392235
pandas/core/indexes/base.py::728,0.392235
pandas/core/indexes/base.py::729,0.392235
pandas/core/indexes/base.py::744,0.392235
pandas/core/indexes/datetimelike.py::111,0.392235
pandas/core/indexes/datetimelike.py::126,0.392235
pandas/core/indexes/datetimes.py::266,0.392235
pandas/core/indexes/datetimes.py::267,0.392235
pandas/core/indexes/datetimes.py::273,0.392235
pandas/core/indexes/datetimes.py::274,0.392235
pandas/core/indexes/datetimes.py::275,0.392235
pandas/core/indexes/datetimes.py::276,0.392235
pandas/core/indexes/datetimes.py::279,0.392235
pandas/core/indexes/datetimes.py::282,0.392235
pandas/core/indexes/datetimes.py::283,0.392235
pandas/core/indexes/datetimes.py::284,0.392235
pandas/core/indexes/datetimes.py::286,0.392235
pandas/core/indexes/datetimes.py::287,0.392235
pandas/core/indexes/datetimes.py::288,0.392235
pandas/core/indexes/datetimes.py::289,0.392235
pandas/core/indexes/datetimes.py::291,0.392235
pandas/core/indexes/datetimes.py::292,0.392235
pandas/core/indexes/datetimes.py::293,0.392235
pandas/core/indexes/datetimes.py::873,0.392235
pandas/core/indexes/extension.py::44,0.392235
pandas/core/indexing.py::1344,0.392235
pandas/core/indexing.py::1530,0.392235
pandas/core/indexing.py::1531,0.392235
pandas/core/indexing.py::1535,0.392235
pandas/core/indexing.py::1537,0.392235
pandas/core/indexing.py::1541,0.392235
pandas/core/indexing.py::1544,0.392235
pandas/core/indexing.py::1545,0.392235
pandas/core/indexing.py::1546,0.392235
pandas/core/indexing.py::1547,0.392235
pandas/core/indexing.py::1551,0.392235
pandas/core/indexing.py::1552,0.392235
pandas/core/indexing.py::1554,0.392235
pandas/core/indexing.py::1628,0.392235
pandas/core/indexing.py::1630,0.392235
pandas/core/indexing.py::1634,0.392235
pandas/core/indexing.py::1636,0.392235
pandas/core/indexing.py::2264,0.392235
pandas/core/indexing.py::2265,0.392235
pandas/core/indexing.py::2268,0.392235
pandas/core/indexing.py::2282,0.392235
pandas/core/indexing.py::469,0.392235
pandas/core/internals/blocks.py::112,0.392235
pandas/core/internals/blocks.py::113,0.392235
pandas/core/internals/blocks.py::114,0.392235
pandas/core/internals/blocks.py::116,0.392235
pandas/core/internals/blocks.py::1247,0.392235
pandas/core/internals/blocks.py::1249,0.392235
pandas/core/internals/blocks.py::1250,0.392235
pandas/core/internals/blocks.py::1251,0.392235
pandas/core/internals/blocks.py::1256,0.392235
pandas/core/internals/blocks.py::1257,0.392235
pandas/core/internals/blocks.py::1262,0.392235
pandas/core/internals/blocks.py::1263,0.392235
pandas/core/internals/blocks.py::1266,0.392235
pandas/core/internals/blocks.py::1269,0.392235
pandas/core/internals/blocks.py::143,0.392235
pandas/core/internals/blocks.py::144,0.392235
pandas/core/internals/blocks.py::146,0.392235
pandas/core/internals/blocks.py::151,0.392235
pandas/core/internals/blocks.py::203,0.392235
pandas/core/internals/blocks.py::210,0.392235
pandas/core/internals/blocks.py::212,0.392235
pandas/core/internals/blocks.py::225,0.392235
pandas/core/internals/blocks.py::229,0.392235
pandas/core/internals/blocks.py::233,0.392235
pandas/core/internals/blocks.py::234,0.392235
pandas/core/internals/blocks.py::236,0.392235
pandas/core/internals/blocks.py::250,0.392235
pandas/core/internals/blocks.py::251,0.392235
pandas/core/internals/blocks.py::253,0.392235
pandas/core/internals/blocks.py::257,0.392235
pandas/core/internals/blocks.py::259,0.392235
pandas/core/internals/blocks.py::260,0.392235
pandas/core/internals/blocks.py::261,0.392235
pandas/core/internals/blocks.py::2930,0.392235
pandas/core/internals/blocks.py::2931,0.392235
pandas/core/internals/blocks.py::2933,0.392235
pandas/core/internals/blocks.py::2936,0.392235
pandas/core/internals/blocks.py::2938,0.392235
pandas/core/internals/blocks.py::2941,0.392235
pandas/core/internals/blocks.py::2943,0.392235
pandas/core/internals/blocks.py::2945,0.392235
pandas/core/internals/blocks.py::2947,0.392235
pandas/core/internals/blocks.py::2948,0.392235
pandas/core/internals/blocks.py::2949,0.392235
pandas/core/internals/blocks.py::2952,0.392235
pandas/core/internals/blocks.py::2954,0.392235
pandas/core/internals/blocks.py::2955,0.392235
pandas/core/internals/blocks.py::2956,0.392235
pandas/core/internals/blocks.py::2957,0.392235
pandas/core/internals/blocks.py::2960,0.392235
pandas/core/internals/blocks.py::2966,0.392235
pandas/core/internals/blocks.py::2971,0.392235
pandas/core/internals/blocks.py::2974,0.392235
pandas/core/internals/blocks.py::2975,0.392235
pandas/core/internals/blocks.py::2976,0.392235
pandas/core/internals/blocks.py::2978,0.392235
pandas/core/internals/blocks.py::2983,0.392235
pandas/core/internals/blocks.py::2991,0.392235
pandas/core/internals/blocks.py::2993,0.392235
pandas/core/internals/blocks.py::2995,0.392235
pandas/core/internals/blocks.py::3001,0.392235
pandas/core/internals/blocks.py::3004,0.392235
pandas/core/internals/blocks.py::3005,0.392235
pandas/core/internals/blocks.py::3010,0.392235
pandas/core/internals/blocks.py::3018,0.392235
pandas/core/internals/blocks.py::317,0.392235
pandas/core/internals/blocks.py::321,0.392235
pandas/core/internals/blocks.py::325,0.392235
pandas/core/internals/blocks.py::328,0.392235
pandas/core/internals/blocks.py::329,0.392235
pandas/core/internals/blocks.py::346,0.392235
pandas/core/internals/blocks.py::369,0.392235
pandas/core/internals/blocks.py::370,0.392235
pandas/core/internals/blocks.py::372,0.392235
pandas/core/internals/blocks.py::382,0.392235
pandas/core/internals/blocks.py::383,0.392235
pandas/core/internals/blocks.py::385,0.392235
pandas/core/internals/managers.py::1239,0.392235
pandas/core/internals/managers.py::1248,0.392235
pandas/core/internals/managers.py::1251,0.392235
pandas/core/internals/managers.py::1254,0.392235
pandas/core/internals/managers.py::1257,0.392235
pandas/core/internals/managers.py::1258,0.392235
pandas/core/internals/managers.py::1271,0.392235
pandas/core/internals/managers.py::1272,0.392235
pandas/core/internals/managers.py::1273,0.392235
pandas/core/internals/managers.py::1286,0.392235
pandas/core/internals/managers.py::1288,0.392235
pandas/core/internals/managers.py::1289,0.392235
pandas/core/internals/managers.py::129,0.392235
pandas/core/internals/managers.py::1292,0.392235
pandas/core/internals/managers.py::130,0.392235
pandas/core/internals/managers.py::1311,0.392235
pandas/core/internals/managers.py::1315,0.392235
pandas/core/internals/managers.py::1316,0.392235
pandas/core/internals/managers.py::1318,0.392235
pandas/core/internals/managers.py::1319,0.392235
pandas/core/internals/managers.py::132,0.392235
pandas/core/internals/managers.py::1327,0.392235
pandas/core/internals/managers.py::1328,0.392235
pandas/core/internals/managers.py::1329,0.392235
pandas/core/internals/managers.py::133,0.392235
pandas/core/internals/managers.py::1337,0.392235
pandas/core/internals/managers.py::1340,0.392235
pandas/core/internals/managers.py::1350,0.392235
pandas/core/internals/managers.py::1351,0.392235
pandas/core/internals/managers.py::1352,0.392235
pandas/core/internals/managers.py::1353,0.392235
pandas/core/internals/managers.py::1354,0.392235
pandas/core/internals/managers.py::1355,0.392235
pandas/core/internals/managers.py::1359,0.392235
pandas/core/internals/managers.py::1378,0.392235
pandas/core/internals/managers.py::1381,0.392235
pandas/core/internals/managers.py::1382,0.392235
pandas/core/internals/managers.py::1385,0.392235
pandas/core/internals/managers.py::1386,0.392235
pandas/core/internals/managers.py::1387,0.392235
pandas/core/internals/managers.py::1389,0.392235
pandas/core/internals/managers.py::139,0.392235
pandas/core/internals/managers.py::1390,0.392235
pandas/core/internals/managers.py::1393,0.392235
pandas/core/internals/managers.py::1394,0.392235
pandas/core/internals/managers.py::1395,0.392235
pandas/core/internals/managers.py::140,0.392235
pandas/core/internals/managers.py::142,0.392235
pandas/core/internals/managers.py::144,0.392235
pandas/core/internals/managers.py::1475,0.392235
pandas/core/internals/managers.py::1483,0.392235
pandas/core/internals/managers.py::1484,0.392235
pandas/core/internals/managers.py::1485,0.392235
pandas/core/internals/managers.py::1496,0.392235
pandas/core/internals/managers.py::1499,0.392235
pandas/core/internals/managers.py::1502,0.392235
pandas/core/internals/managers.py::1507,0.392235
pandas/core/internals/managers.py::1511,0.392235
pandas/core/internals/managers.py::1513,0.392235
pandas/core/internals/managers.py::1514,0.392235
pandas/core/internals/managers.py::1516,0.392235
pandas/core/internals/managers.py::1523,0.392235
pandas/core/internals/managers.py::1567,0.392235
pandas/core/internals/managers.py::166,0.392235
pandas/core/internals/managers.py::170,0.392235
pandas/core/internals/managers.py::1972,0.392235
pandas/core/internals/managers.py::1979,0.392235
pandas/core/internals/managers.py::1983,0.392235
pandas/core/internals/managers.py::1984,0.392235
pandas/core/internals/managers.py::1986,0.392235
pandas/core/internals/managers.py::202,0.392235
pandas/core/internals/managers.py::205,0.392235
pandas/core/internals/managers.py::208,0.392235
pandas/core/internals/managers.py::209,0.392235
pandas/core/internals/managers.py::210,0.392235
pandas/core/internals/managers.py::217,0.392235
pandas/core/internals/managers.py::218,0.392235
pandas/core/internals/managers.py::219,0.392235
pandas/core/internals/managers.py::220,0.392235
pandas/core/internals/managers.py::222,0.392235
pandas/core/internals/managers.py::223,0.392235
pandas/core/internals/managers.py::224,0.392235
pandas/core/internals/managers.py::225,0.392235
pandas/core/internals/managers.py::227,0.392235
pandas/core/internals/managers.py::230,0.392235
pandas/core/internals/managers.py::231,0.392235
pandas/core/internals/managers.py::235,0.392235
pandas/core/internals/managers.py::316,0.392235
pandas/core/internals/managers.py::331,0.392235
pandas/core/internals/managers.py::332,0.392235
pandas/core/internals/managers.py::333,0.392235
pandas/core/internals/managers.py::334,0.392235
pandas/core/internals/managers.py::336,0.392235
pandas/core/internals/managers.py::385,0.392235
pandas/core/internals/managers.py::388,0.392235
pandas/core/internals/managers.py::396,0.392235
pandas/core/internals/managers.py::398,0.392235
pandas/core/internals/managers.py::404,0.392235
pandas/core/internals/managers.py::410,0.392235
pandas/core/internals/managers.py::416,0.392235
pandas/core/internals/managers.py::420,0.392235
pandas/core/internals/managers.py::422,0.392235
pandas/core/internals/managers.py::427,0.392235
pandas/core/internals/managers.py::428,0.392235
pandas/core/internals/managers.py::433,0.392235
pandas/core/internals/managers.py::440,0.392235
pandas/core/internals/managers.py::443,0.392235
pandas/core/internals/managers.py::444,0.392235
pandas/core/internals/managers.py::446,0.392235
pandas/core/internals/managers.py::448,0.392235
pandas/core/internals/managers.py::449,0.392235
pandas/core/internals/managers.py::556,0.392235
pandas/core/internals/managers.py::652,0.392235
pandas/core/internals/managers.py::654,0.392235
pandas/core/internals/managers.py::657,0.392235
pandas/core/internals/managers.py::658,0.392235
pandas/core/internals/managers.py::659,0.392235
pandas/core/internals/managers.py::814,0.392235
pandas/core/internals/managers.py::818,0.392235
pandas/core/internals/managers.py::821,0.392235
pandas/core/internals/managers.py::823,0.392235
pandas/core/internals/managers.py::828,0.392235
pandas/core/internals/managers.py::829,0.392235
pandas/core/internals/managers.py::833,0.392235
pandas/core/internals/managers.py::936,0.392235
pandas/core/internals/managers.py::937,0.392235
pandas/core/internals/managers.py::945,0.392235
pandas/core/internals/managers.py::986,0.392235
pandas/core/internals/managers.py::987,0.392235
pandas/core/internals/managers.py::990,0.392235
pandas/core/internals/managers.py::992,0.392235
pandas/core/internals/managers.py::993,0.392235
pandas/core/internals/managers.py::996,0.392235
pandas/core/nanops.py::168,0.392235
pandas/core/nanops.py::169,0.392235
pandas/core/nanops.py::223,0.392235
pandas/core/nanops.py::224,0.392235
pandas/core/nanops.py::226,0.392235
pandas/core/nanops.py::281,0.392235
pandas/core/nanops.py::283,0.392235
pandas/core/nanops.py::285,0.392235
pandas/core/nanops.py::291,0.392235
pandas/core/nanops.py::292,0.392235
pandas/core/nanops.py::294,0.392235
pandas/core/nanops.py::300,0.392235
pandas/core/nanops.py::304,0.392235
pandas/core/nanops.py::305,0.392235
pandas/core/nanops.py::308,0.392235
pandas/core/nanops.py::310,0.392235
pandas/core/nanops.py::320,0.392235
pandas/core/nanops.py::321,0.392235
pandas/core/nanops.py::322,0.392235
pandas/core/nanops.py::326,0.392235
pandas/core/nanops.py::331,0.392235
pandas/core/nanops.py::424,0.392235
pandas/core/nanops.py::425,0.392235
pandas/core/nanops.py::456,0.392235
pandas/core/nanops.py::457,0.392235
pandas/core/series.py::186,0.392235
pandas/core/series.py::189,0.392235
pandas/core/series.py::191,0.392235
pandas/core/series.py::193,0.392235
pandas/core/series.py::198,0.392235
pandas/core/series.py::200,0.392235
pandas/core/series.py::212,0.392235
pandas/core/series.py::213,0.392235
pandas/core/series.py::215,0.392235
pandas/core/series.py::217,0.392235
pandas/core/series.py::220,0.392235
pandas/core/series.py::224,0.392235
pandas/core/series.py::238,0.392235
pandas/core/series.py::239,0.392235
pandas/core/series.py::247,0.392235
pandas/core/series.py::253,0.392235
pandas/core/series.py::257,0.392235
pandas/core/series.py::279,0.392235
pandas/core/series.py::283,0.392235
pandas/core/series.py::287,0.392235
pandas/core/series.py::288,0.392235
pandas/core/series.py::297,0.392235
pandas/core/series.py::303,0.392235
pandas/core/series.py::305,0.392235
pandas/core/series.py::307,0.392235
pandas/core/series.py::308,0.392235
pandas/core/series.py::309,0.392235
pandas/core/series.py::379,0.392235
pandas/core/series.py::3810,0.392235
pandas/core/series.py::3812,0.392235
pandas/core/series.py::3813,0.392235
pandas/core/series.py::3815,0.392235
pandas/core/series.py::3817,0.392235
pandas/core/series.py::382,0.392235
pandas/core/series.py::3820,0.392235
pandas/core/series.py::3823,0.392235
pandas/core/series.py::3829,0.392235
pandas/core/series.py::383,0.392235
pandas/core/series.py::3830,0.392235
pandas/core/series.py::3834,0.392235
pandas/core/series.py::3835,0.392235
pandas/core/series.py::384,0.392235
pandas/core/series.py::395,0.392235
pandas/core/series.py::397,0.392235
pandas/core/series.py::398,0.392235
pandas/core/series.py::402,0.392235
pandas/core/series.py::403,0.392235
pandas/core/series.py::428,0.392235
pandas/core/series.py::432,0.392235
pandas/core/series.py::434,0.392235
pandas/core/series.py::483,0.392235
pandas/tseries/frequencies.py::117,0.392235
