Entity,Score
lib/matplotlib/tests/test_colorbar.py::580,0.952381
lib/matplotlib/tests/test_colorbar.py::581,0.952381
lib/matplotlib/tests/test_colorbar.py::582,0.952381
lib/matplotlib/testing/conftest.py::29,0.660409
lib/matplotlib/tests/test_colorbar.py::583,0.660409
lib/matplotlib/artist.py::569,0.520609
lib/matplotlib/axes/_axes.py::5605,0.520609
lib/matplotlib/axes/_axes.py::5606,0.520609
lib/matplotlib/axes/_axes.py::5607,0.520609
lib/matplotlib/axes/_axes.py::5608,0.520609
lib/matplotlib/axes/_axes.py::5609,0.520609
lib/matplotlib/axes/_axes.py::5610,0.520609
lib/matplotlib/axes/_axes.py::5612,0.520609
lib/matplotlib/axes/_axes.py::5613,0.520609
lib/matplotlib/axes/_axes.py::5614,0.520609
lib/matplotlib/axes/_axes.py::5616,0.520609
lib/matplotlib/axes/_axes.py::5617,0.520609
lib/matplotlib/axes/_axes.py::5618,0.520609
lib/matplotlib/axes/_axes.py::5622,0.520609
lib/matplotlib/axes/_axes.py::5624,0.520609
lib/matplotlib/axes/_axes.py::5625,0.520609
lib/matplotlib/axes/_base.py::1895,0.520609
lib/matplotlib/axes/_base.py::1896,0.520609
lib/matplotlib/axes/_base.py::1897,0.520609
lib/matplotlib/axes/_base.py::1898,0.520609
lib/matplotlib/axes/_base.py::1899,0.520609
lib/matplotlib/axes/_base.py::1900,0.520609
lib/matplotlib/axes/_base.py::1901,0.520609
lib/matplotlib/axes/_base.py::918,0.520609
lib/matplotlib/cbook/__init__.py::2027,0.520609
lib/matplotlib/cbook/__init__.py::2028,0.520609
lib/matplotlib/image.py::244,0.520609
lib/matplotlib/image.py::245,0.520609
lib/matplotlib/image.py::246,0.520609
lib/matplotlib/image.py::247,0.520609
lib/matplotlib/image.py::248,0.520609
lib/matplotlib/image.py::249,0.520609
lib/matplotlib/image.py::250,0.520609
lib/matplotlib/image.py::251,0.520609
lib/matplotlib/image.py::252,0.520609
lib/matplotlib/image.py::253,0.520609
lib/matplotlib/image.py::254,0.520609
lib/matplotlib/image.py::255,0.520609
lib/matplotlib/image.py::257,0.520609
lib/matplotlib/image.py::259,0.520609
lib/matplotlib/image.py::269,0.520609
lib/matplotlib/image.py::272,0.520609
lib/matplotlib/image.py::282,0.520609
lib/matplotlib/image.py::287,0.520609
lib/matplotlib/image.py::288,0.520609
lib/matplotlib/image.py::289,0.520609
lib/matplotlib/image.py::290,0.520609
lib/matplotlib/image.py::309,0.520609
lib/matplotlib/image.py::310,0.520609
lib/matplotlib/image.py::311,0.520609
lib/matplotlib/image.py::675,0.520609
lib/matplotlib/image.py::677,0.520609
lib/matplotlib/image.py::679,0.520609
lib/matplotlib/image.py::680,0.520609
lib/matplotlib/image.py::684,0.520609
lib/matplotlib/image.py::688,0.520609
lib/matplotlib/image.py::693,0.520609
lib/matplotlib/image.py::710,0.520609
lib/matplotlib/image.py::711,0.520609
lib/matplotlib/image.py::712,0.520609
lib/matplotlib/image.py::752,0.520609
lib/matplotlib/image.py::753,0.520609
lib/matplotlib/image.py::754,0.520609
lib/matplotlib/image.py::755,0.520609
lib/matplotlib/image.py::756,0.520609
lib/matplotlib/image.py::757,0.520609
lib/matplotlib/image.py::776,0.520609
lib/matplotlib/image.py::777,0.520609
lib/matplotlib/image.py::778,0.520609
lib/matplotlib/image.py::779,0.520609
lib/matplotlib/image.py::795,0.520609
lib/matplotlib/image.py::796,0.520609
lib/matplotlib/image.py::811,0.520609
lib/matplotlib/image.py::812,0.520609
lib/matplotlib/image.py::814,0.520609
lib/matplotlib/image.py::815,0.520609
lib/matplotlib/image.py::877,0.520609
lib/matplotlib/image.py::879,0.520609
lib/matplotlib/image.py::880,0.520609
lib/matplotlib/image.py::881,0.520609
lib/matplotlib/image.py::882,0.520609
lib/matplotlib/image.py::883,0.520609
lib/matplotlib/image.py::884,0.520609
lib/matplotlib/image.py::885,0.520609
lib/matplotlib/image.py::886,0.520609
lib/matplotlib/image.py::887,0.520609
lib/matplotlib/image.py::888,0.520609
lib/matplotlib/image.py::930,0.520609
lib/matplotlib/image.py::931,0.520609
lib/matplotlib/image.py::932,0.520609
lib/matplotlib/image.py::933,0.520609
lib/matplotlib/image.py::934,0.520609
lib/matplotlib/image.py::935,0.520609
lib/matplotlib/image.py::936,0.520609
lib/matplotlib/image.py::937,0.520609
lib/matplotlib/image.py::938,0.520609
lib/matplotlib/image.py::939,0.520609
lib/matplotlib/image.py::943,0.520609
lib/matplotlib/image.py::946,0.520609
lib/matplotlib/image.py::947,0.520609
lib/matplotlib/image.py::948,0.520609
lib/matplotlib/image.py::949,0.520609
lib/matplotlib/axes/_base.py::1262,0.487805
lib/matplotlib/axes/_base.py::1280,0.487805
lib/matplotlib/transforms.py::2791,0.487805
lib/matplotlib/transforms.py::2792,0.487805
lib/matplotlib/transforms.py::2796,0.476190
lib/matplotlib/transforms.py::2797,0.476190
lib/matplotlib/figure.py::2184,0.417500
lib/matplotlib/axes/_base.py::3224,0.337214
lib/matplotlib/axes/_base.py::3617,0.337214
lib/matplotlib/colorbar.py::1230,0.327869
lib/matplotlib/colorbar.py::1574,0.327869
lib/matplotlib/colorbar.py::1575,0.327869
lib/matplotlib/colorbar.py::1576,0.327869
lib/matplotlib/colorbar.py::1577,0.327869
lib/matplotlib/colorbar.py::1578,0.327869
lib/matplotlib/colorbar.py::1579,0.327869
lib/matplotlib/colorbar.py::1580,0.327869
lib/matplotlib/colorbar.py::1581,0.327869
lib/matplotlib/colorbar.py::1582,0.327869
lib/matplotlib/colorbar.py::1583,0.327869
lib/matplotlib/colorbar.py::1584,0.327869
lib/matplotlib/colorbar.py::1585,0.327869
lib/matplotlib/colorbar.py::1227,0.319264
lib/matplotlib/colorbar.py::1229,0.319264
lib/matplotlib/colorbar.py::1231,0.319264
lib/matplotlib/figure.py::1068,0.319264
lib/matplotlib/figure.py::1069,0.319264
lib/matplotlib/figure.py::1517,0.319264
lib/matplotlib/figure.py::1518,0.319264
lib/matplotlib/figure.py::1519,0.319264
lib/matplotlib/figure.py::1520,0.319264
lib/matplotlib/figure.py::1526,0.319264
lib/matplotlib/figure.py::1530,0.319264
lib/matplotlib/figure.py::1531,0.319264
lib/matplotlib/figure.py::1532,0.319264
lib/matplotlib/figure.py::1533,0.319264
lib/matplotlib/figure.py::1534,0.319264
lib/matplotlib/figure.py::1535,0.319264
lib/matplotlib/figure.py::1537,0.319264
lib/matplotlib/figure.py::1538,0.319264
lib/matplotlib/figure.py::1540,0.319264
lib/matplotlib/figure.py::1544,0.319264
lib/matplotlib/figure.py::1545,0.319264
lib/matplotlib/figure.py::1548,0.319264
lib/matplotlib/figure.py::1549,0.319264
lib/matplotlib/figure.py::1550,0.319264
lib/matplotlib/figure.py::1551,0.319264
lib/matplotlib/figure.py::1552,0.319264
lib/matplotlib/figure.py::1553,0.319264
lib/matplotlib/figure.py::1554,0.319264
lib/matplotlib/figure.py::1555,0.319264
lib/matplotlib/figure.py::1558,0.319264
lib/matplotlib/figure.py::1564,0.319264
lib/matplotlib/figure.py::1571,0.319264
lib/matplotlib/figure.py::1574,0.319264
lib/matplotlib/gridspec.py::225,0.319264
lib/matplotlib/gridspec.py::226,0.319264
lib/matplotlib/gridspec.py::229,0.319264
lib/matplotlib/gridspec.py::230,0.319264
lib/matplotlib/gridspec.py::231,0.319264
lib/matplotlib/pyplot.py::1122,0.319264
lib/matplotlib/pyplot.py::1123,0.319264
lib/matplotlib/pyplot.py::1124,0.319264
lib/matplotlib/pyplot.py::1125,0.319264
lib/matplotlib/pyplot.py::1126,0.319264
lib/matplotlib/_layoutbox.py::626,0.311306
lib/matplotlib/artist.py::789,0.311306
lib/matplotlib/axes/_subplots.py::86,0.311306
lib/matplotlib/colorbar.py::1558,0.311306
lib/matplotlib/colorbar.py::1559,0.311306
lib/matplotlib/colorbar.py::1561,0.311306
lib/matplotlib/colorbar.py::1564,0.311306
lib/matplotlib/colorbar.py::1565,0.311306
lib/matplotlib/colorbar.py::1570,0.311306
lib/matplotlib/colorbar.py::1571,0.311306
lib/matplotlib/colorbar.py::1572,0.311306
lib/matplotlib/colorbar.py::1573,0.311306
lib/matplotlib/colorbar.py::1601,0.311306
lib/matplotlib/colorbar.py::1602,0.311306
lib/matplotlib/colorbar.py::1603,0.311306
lib/matplotlib/colorbar.py::1604,0.311306
lib/matplotlib/colorbar.py::1606,0.311306
lib/matplotlib/colorbar.py::1607,0.311306
lib/matplotlib/colorbar.py::1608,0.311306
lib/matplotlib/colorbar.py::1609,0.311306
lib/matplotlib/figure.py::210,0.311306
lib/matplotlib/figure.py::212,0.311306
lib/matplotlib/figure.py::214,0.311306
lib/matplotlib/figure.py::216,0.311306
lib/matplotlib/figure.py::218,0.311306
lib/matplotlib/figure.py::2191,0.311306
lib/matplotlib/figure.py::2192,0.311306
lib/matplotlib/gridspec.py::178,0.311306
lib/matplotlib/gridspec.py::179,0.311306
lib/matplotlib/gridspec.py::189,0.311306
lib/matplotlib/gridspec.py::190,0.311306
lib/matplotlib/gridspec.py::447,0.311306
lib/matplotlib/gridspec.py::448,0.311306
lib/matplotlib/gridspec.py::449,0.311306
lib/matplotlib/gridspec.py::450,0.311306
lib/matplotlib/gridspec.py::451,0.311306
lib/matplotlib/gridspec.py::452,0.311306
lib/matplotlib/gridspec.py::454,0.311306
lib/matplotlib/gridspec.py::455,0.311306
lib/matplotlib/gridspec.py::456,0.311306
lib/matplotlib/gridspec.py::467,0.311306
lib/matplotlib/gridspec.py::468,0.311306
lib/matplotlib/gridspec.py::470,0.311306
lib/matplotlib/gridspec.py::471,0.311306
lib/matplotlib/gridspec.py::474,0.311306
lib/matplotlib/gridspec.py::475,0.311306
lib/matplotlib/gridspec.py::477,0.311306
lib/matplotlib/gridspec.py::478,0.311306
lib/matplotlib/gridspec.py::479,0.311306
lib/matplotlib/gridspec.py::651,0.311306
lib/matplotlib/colorbar.py::928,0.303917
lib/matplotlib/colorbar.py::939,0.303917
lib/matplotlib/colorbar.py::957,0.303917
lib/matplotlib/colorbar.py::961,0.303917
lib/matplotlib/colorbar.py::962,0.303917
lib/matplotlib/colorbar.py::963,0.303917
lib/matplotlib/colorbar.py::964,0.303917
lib/matplotlib/colors.py::1058,0.303917
lib/matplotlib/colors.py::1060,0.303917
lib/matplotlib/gridspec.py::669,0.303917
lib/matplotlib/gridspec.py::670,0.303917
lib/matplotlib/gridspec.py::671,0.303917
lib/matplotlib/gridspec.py::672,0.303917
lib/matplotlib/artist.py::684,0.297033
lib/matplotlib/axes/_base.py::1261,0.297033
lib/matplotlib/axes/_base.py::1263,0.297033
lib/matplotlib/axes/_base.py::1264,0.297033
lib/matplotlib/axes/_base.py::1268,0.297033
lib/matplotlib/axes/_base.py::1270,0.297033
lib/matplotlib/axes/_base.py::1274,0.297033
lib/matplotlib/axes/_base.py::1276,0.297033
lib/matplotlib/axes/_base.py::1277,0.297033
lib/matplotlib/axes/_base.py::1279,0.297033
lib/matplotlib/axes/_base.py::1281,0.297033
lib/matplotlib/axes/_base.py::1283,0.297033
lib/matplotlib/axes/_base.py::1284,0.297033
lib/matplotlib/axes/_base.py::1285,0.297033
lib/matplotlib/axes/_base.py::1332,0.297033
lib/matplotlib/axes/_base.py::1333,0.297033
lib/matplotlib/axes/_base.py::1337,0.297033
lib/matplotlib/axes/_base.py::1338,0.297033
lib/matplotlib/axes/_base.py::1346,0.297033
lib/matplotlib/axes/_base.py::1347,0.297033
lib/matplotlib/axes/_base.py::1348,0.297033
lib/matplotlib/axes/_base.py::1454,0.297033
lib/matplotlib/axes/_base.py::1457,0.297033
lib/matplotlib/axes/_base.py::1461,0.297033
lib/matplotlib/axes/_base.py::1462,0.297033
lib/matplotlib/axes/_base.py::1463,0.297033
lib/matplotlib/axes/_base.py::1465,0.297033
lib/matplotlib/axes/_base.py::879,0.297033
lib/matplotlib/colorbar.py::1206,0.297033
lib/matplotlib/colorbar.py::915,0.297033
lib/matplotlib/figure.py::2190,0.297033
lib/matplotlib/figure.py::220,0.297033
lib/matplotlib/transforms.py::419,0.297033
lib/matplotlib/transforms.py::959,0.297033
lib/matplotlib/transforms.py::960,0.297033
lib/matplotlib/axes/_axes.py::271,0.290599
lib/matplotlib/axes/_axes.py::273,0.290599
lib/matplotlib/axes/_axes.py::274,0.290599
lib/matplotlib/axes/_axes.py::281,0.290599
lib/matplotlib/axes/_axes.py::282,0.290599
lib/matplotlib/axes/_axes.py::283,0.290599
lib/matplotlib/axes/_axes.py::285,0.290599
lib/matplotlib/axes/_axes.py::287,0.290599
lib/matplotlib/cm.py::290,0.290599
lib/matplotlib/colorbar.py::1183,0.290599
lib/matplotlib/colorbar.py::1184,0.290599
lib/matplotlib/colorbar.py::1189,0.290599
lib/matplotlib/colorbar.py::1205,0.290599
lib/matplotlib/colorbar.py::1208,0.290599
lib/matplotlib/colorbar.py::1209,0.290599
lib/matplotlib/colorbar.py::1211,0.290599
lib/matplotlib/colorbar.py::1703,0.290599
lib/matplotlib/colorbar.py::1707,0.290599
lib/matplotlib/colorbar.py::737,0.290599
lib/matplotlib/colorbar.py::756,0.290599
lib/matplotlib/figure.py::1892,0.290599
lib/matplotlib/figure.py::1893,0.290599
lib/matplotlib/figure.py::2183,0.290599
lib/matplotlib/figure.py::2187,0.290599
lib/matplotlib/figure.py::2189,0.290599
lib/matplotlib/figure.py::2197,0.290599
lib/matplotlib/figure.py::2198,0.290599
lib/matplotlib/figure.py::2199,0.290599
lib/matplotlib/figure.py::2200,0.290599
lib/matplotlib/gridspec.py::539,0.290599
lib/matplotlib/gridspec.py::540,0.290599
lib/matplotlib/gridspec.py::541,0.290599
lib/matplotlib/gridspec.py::675,0.290599
lib/matplotlib/figure.py::1066,0.284568
lib/matplotlib/figure.py::1067,0.284568
lib/matplotlib/figure.py::1070,0.284568
lib/matplotlib/figure.py::1885,0.284568
lib/matplotlib/figure.py::1888,0.284568
lib/matplotlib/gridspec.py::233,0.284568
lib/matplotlib/ticker.py::2095,0.284568
lib/matplotlib/ticker.py::2801,0.284568
lib/matplotlib/ticker.py::2802,0.284568
lib/matplotlib/axes/_base.py::873,0.278898
lib/matplotlib/axes/_base.py::875,0.278898
lib/matplotlib/axes/_base.py::876,0.278898
lib/matplotlib/axes/_base.py::877,0.278898
lib/matplotlib/axes/_base.py::878,0.278898
lib/matplotlib/axes/_base.py::880,0.278898
lib/matplotlib/cbook/__init__.py::1867,0.278898
lib/matplotlib/cbook/__init__.py::694,0.278898
lib/matplotlib/colorbar.py::606,0.278898
lib/matplotlib/colorbar.py::607,0.278898
lib/matplotlib/colors.py::1064,0.278898
lib/matplotlib/transforms.py::958,0.278898
lib/matplotlib/colorbar.py::457,0.273557
lib/matplotlib/colorbar.py::466,0.273557
lib/matplotlib/axes/_base.py::423,0.268512
lib/matplotlib/axes/_subplots.py::35,0.268512
lib/matplotlib/axes/_subplots.py::36,0.268512
lib/matplotlib/axes/_subplots.py::37,0.268512
lib/matplotlib/axes/_subplots.py::39,0.268512
lib/matplotlib/axes/_subplots.py::43,0.268512
lib/matplotlib/axes/_subplots.py::44,0.268512
lib/matplotlib/axes/_subplots.py::45,0.268512
lib/matplotlib/axes/_subplots.py::82,0.268512
lib/matplotlib/axes/_subplots.py::95,0.268512
lib/matplotlib/axes/_subplots.py::96,0.268512
lib/matplotlib/colorbar.py::471,0.268512
lib/matplotlib/figure.py::1354,0.268512
lib/matplotlib/figure.py::1357,0.268512
lib/matplotlib/figure.py::1363,0.268512
lib/matplotlib/figure.py::1369,0.268512
lib/matplotlib/figure.py::1380,0.268512
lib/matplotlib/figure.py::1383,0.268512
lib/matplotlib/figure.py::1385,0.268512
lib/matplotlib/figure.py::1398,0.268512
lib/matplotlib/figure.py::1400,0.268512
lib/matplotlib/gridspec.py::100,0.268512
lib/matplotlib/gridspec.py::103,0.268512
lib/matplotlib/gridspec.py::120,0.268512
lib/matplotlib/gridspec.py::123,0.268512
lib/matplotlib/gridspec.py::154,0.268512
lib/matplotlib/gridspec.py::156,0.268512
lib/matplotlib/gridspec.py::164,0.268512
lib/matplotlib/gridspec.py::165,0.268512
lib/matplotlib/gridspec.py::166,0.268512
lib/matplotlib/gridspec.py::167,0.268512
lib/matplotlib/gridspec.py::168,0.268512
lib/matplotlib/gridspec.py::169,0.268512
lib/matplotlib/gridspec.py::170,0.268512
lib/matplotlib/gridspec.py::171,0.268512
lib/matplotlib/gridspec.py::172,0.268512
lib/matplotlib/gridspec.py::175,0.268512
lib/matplotlib/gridspec.py::176,0.268512
lib/matplotlib/gridspec.py::177,0.268512
lib/matplotlib/gridspec.py::181,0.268512
lib/matplotlib/gridspec.py::182,0.268512
lib/matplotlib/gridspec.py::183,0.268512
lib/matplotlib/gridspec.py::186,0.268512
lib/matplotlib/gridspec.py::187,0.268512
lib/matplotlib/gridspec.py::188,0.268512
lib/matplotlib/gridspec.py::192,0.268512
lib/matplotlib/gridspec.py::193,0.268512
lib/matplotlib/gridspec.py::194,0.268512
lib/matplotlib/gridspec.py::196,0.268512
lib/matplotlib/gridspec.py::197,0.268512
lib/matplotlib/gridspec.py::198,0.268512
lib/matplotlib/gridspec.py::202,0.268512
lib/matplotlib/gridspec.py::204,0.268512
lib/matplotlib/gridspec.py::205,0.268512
lib/matplotlib/gridspec.py::206,0.268512
lib/matplotlib/gridspec.py::213,0.268512
lib/matplotlib/gridspec.py::215,0.268512
lib/matplotlib/gridspec.py::216,0.268512
lib/matplotlib/gridspec.py::224,0.268512
lib/matplotlib/gridspec.py::235,0.268512
lib/matplotlib/gridspec.py::288,0.268512
lib/matplotlib/gridspec.py::289,0.268512
lib/matplotlib/gridspec.py::290,0.268512
lib/matplotlib/gridspec.py::291,0.268512
lib/matplotlib/gridspec.py::292,0.268512
lib/matplotlib/gridspec.py::293,0.268512
lib/matplotlib/gridspec.py::294,0.268512
lib/matplotlib/gridspec.py::296,0.268512
lib/matplotlib/gridspec.py::297,0.268512
lib/matplotlib/gridspec.py::298,0.268512
lib/matplotlib/gridspec.py::300,0.268512
lib/matplotlib/gridspec.py::301,0.268512
lib/matplotlib/gridspec.py::376,0.268512
lib/matplotlib/gridspec.py::380,0.268512
lib/matplotlib/gridspec.py::382,0.268512
lib/matplotlib/gridspec.py::384,0.268512
lib/matplotlib/gridspec.py::46,0.268512
lib/matplotlib/gridspec.py::47,0.268512
lib/matplotlib/gridspec.py::48,0.268512
lib/matplotlib/gridspec.py::509,0.268512
lib/matplotlib/gridspec.py::510,0.268512
lib/matplotlib/gridspec.py::511,0.268512
lib/matplotlib/gridspec.py::512,0.268512
lib/matplotlib/gridspec.py::523,0.268512
lib/matplotlib/gridspec.py::538,0.268512
lib/matplotlib/gridspec.py::576,0.268512
lib/matplotlib/gridspec.py::580,0.268512
lib/matplotlib/gridspec.py::596,0.268512
lib/matplotlib/gridspec.py::636,0.268512
lib/matplotlib/gridspec.py::637,0.268512
lib/matplotlib/gridspec.py::638,0.268512
lib/matplotlib/gridspec.py::640,0.268512
lib/matplotlib/gridspec.py::642,0.268512
lib/matplotlib/gridspec.py::643,0.268512
lib/matplotlib/gridspec.py::644,0.268512
lib/matplotlib/gridspec.py::645,0.268512
lib/matplotlib/gridspec.py::646,0.268512
lib/matplotlib/gridspec.py::648,0.268512
lib/matplotlib/gridspec.py::649,0.268512
lib/matplotlib/gridspec.py::71,0.268512
lib/matplotlib/__init__.py::1053,0.263737
lib/matplotlib/__init__.py::1054,0.263737
lib/matplotlib/__init__.py::1055,0.263737
lib/matplotlib/__init__.py::1057,0.263737
lib/matplotlib/__init__.py::1065,0.263737
lib/matplotlib/__init__.py::1066,0.263737
lib/matplotlib/__init__.py::1069,0.263737
lib/matplotlib/__init__.py::1073,0.263737
lib/matplotlib/__init__.py::1076,0.263737
lib/matplotlib/__init__.py::1110,0.263737
lib/matplotlib/__init__.py::1111,0.263737
lib/matplotlib/__init__.py::1113,0.263737
lib/matplotlib/__init__.py::1135,0.263737
lib/matplotlib/__init__.py::1147,0.263737
lib/matplotlib/__init__.py::1384,0.263737
lib/matplotlib/__init__.py::1385,0.263737
lib/matplotlib/__init__.py::634,0.263737
lib/matplotlib/__init__.py::635,0.263737
lib/matplotlib/__init__.py::641,0.263737
lib/matplotlib/__init__.py::645,0.263737
lib/matplotlib/__init__.py::650,0.263737
lib/matplotlib/__init__.py::654,0.263737
lib/matplotlib/__init__.py::655,0.263737
lib/matplotlib/__init__.py::658,0.263737
lib/matplotlib/__init__.py::665,0.263737
lib/matplotlib/__init__.py::671,0.263737
lib/matplotlib/__init__.py::677,0.263737
lib/matplotlib/__init__.py::678,0.263737
lib/matplotlib/__init__.py::679,0.263737
lib/matplotlib/__init__.py::683,0.263737
lib/matplotlib/__init__.py::699,0.263737
lib/matplotlib/__init__.py::700,0.263737
lib/matplotlib/__init__.py::722,0.263737
lib/matplotlib/__init__.py::968,0.263737
lib/matplotlib/__init__.py::969,0.263737
lib/matplotlib/__init__.py::970,0.263737
lib/matplotlib/__init__.py::971,0.263737
lib/matplotlib/__init__.py::972,0.263737
lib/matplotlib/_pylab_helpers.py::103,0.263737
lib/matplotlib/_pylab_helpers.py::104,0.263737
lib/matplotlib/_pylab_helpers.py::40,0.263737
lib/matplotlib/_pylab_helpers.py::41,0.263737
lib/matplotlib/_pylab_helpers.py::43,0.263737
lib/matplotlib/_pylab_helpers.py::73,0.263737
lib/matplotlib/_pylab_helpers.py::74,0.263737
lib/matplotlib/_pylab_helpers.py::75,0.263737
lib/matplotlib/_pylab_helpers.py::76,0.263737
lib/matplotlib/_pylab_helpers.py::77,0.263737
lib/matplotlib/_pylab_helpers.py::78,0.263737
lib/matplotlib/artist.py::100,0.263737
lib/matplotlib/artist.py::1008,0.263737
lib/matplotlib/artist.py::1009,0.263737
lib/matplotlib/artist.py::101,0.263737
lib/matplotlib/artist.py::1012,0.263737
lib/matplotlib/artist.py::1013,0.263737
lib/matplotlib/artist.py::102,0.263737
lib/matplotlib/artist.py::1028,0.263737
lib/matplotlib/artist.py::103,0.263737
lib/matplotlib/artist.py::1030,0.263737
lib/matplotlib/artist.py::1031,0.263737
lib/matplotlib/artist.py::1032,0.263737
lib/matplotlib/artist.py::104,0.263737
lib/matplotlib/artist.py::105,0.263737
lib/matplotlib/artist.py::1054,0.263737
lib/matplotlib/artist.py::1079,0.263737
lib/matplotlib/artist.py::1080,0.263737
lib/matplotlib/artist.py::1081,0.263737
lib/matplotlib/artist.py::1082,0.263737
lib/matplotlib/artist.py::1083,0.263737
lib/matplotlib/artist.py::1192,0.263737
lib/matplotlib/artist.py::171,0.263737
lib/matplotlib/artist.py::172,0.263737
lib/matplotlib/artist.py::173,0.263737
lib/matplotlib/artist.py::174,0.263737
lib/matplotlib/artist.py::183,0.263737
lib/matplotlib/artist.py::184,0.263737
lib/matplotlib/artist.py::185,0.263737
lib/matplotlib/artist.py::186,0.263737
lib/matplotlib/artist.py::191,0.263737
lib/matplotlib/artist.py::195,0.263737
lib/matplotlib/artist.py::196,0.263737
lib/matplotlib/artist.py::200,0.263737
lib/matplotlib/artist.py::201,0.263737
lib/matplotlib/artist.py::202,0.263737
lib/matplotlib/artist.py::214,0.263737
lib/matplotlib/artist.py::219,0.263737
lib/matplotlib/artist.py::222,0.263737
lib/matplotlib/artist.py::223,0.263737
lib/matplotlib/artist.py::342,0.263737
lib/matplotlib/artist.py::351,0.263737
lib/matplotlib/artist.py::361,0.263737
lib/matplotlib/artist.py::362,0.263737
lib/matplotlib/artist.py::363,0.263737
lib/matplotlib/artist.py::364,0.263737
lib/matplotlib/artist.py::368,0.263737
lib/matplotlib/artist.py::370,0.263737
lib/matplotlib/artist.py::373,0.263737
lib/matplotlib/artist.py::50,0.263737
lib/matplotlib/artist.py::51,0.263737
lib/matplotlib/artist.py::695,0.263737
lib/matplotlib/artist.py::702,0.263737
lib/matplotlib/artist.py::705,0.263737
lib/matplotlib/artist.py::706,0.263737
lib/matplotlib/artist.py::707,0.263737
lib/matplotlib/artist.py::708,0.263737
lib/matplotlib/artist.py::71,0.263737
lib/matplotlib/artist.py::718,0.263737
lib/matplotlib/artist.py::719,0.263737
lib/matplotlib/artist.py::72,0.263737
lib/matplotlib/artist.py::720,0.263737
lib/matplotlib/artist.py::73,0.263737
lib/matplotlib/artist.py::74,0.263737
lib/matplotlib/artist.py::747,0.263737
lib/matplotlib/artist.py::749,0.263737
lib/matplotlib/artist.py::750,0.263737
lib/matplotlib/artist.py::751,0.263737
lib/matplotlib/artist.py::752,0.263737
lib/matplotlib/artist.py::753,0.263737
lib/matplotlib/artist.py::754,0.263737
lib/matplotlib/artist.py::755,0.263737
lib/matplotlib/artist.py::76,0.263737
lib/matplotlib/artist.py::762,0.263737
lib/matplotlib/artist.py::765,0.263737
lib/matplotlib/artist.py::768,0.263737
lib/matplotlib/artist.py::77,0.263737
lib/matplotlib/artist.py::771,0.263737
lib/matplotlib/artist.py::775,0.263737
lib/matplotlib/artist.py::78,0.263737
lib/matplotlib/artist.py::781,0.263737
lib/matplotlib/artist.py::782,0.263737
lib/matplotlib/artist.py::79,0.263737
lib/matplotlib/artist.py::793,0.263737
lib/matplotlib/artist.py::797,0.263737
lib/matplotlib/artist.py::80,0.263737
lib/matplotlib/artist.py::81,0.263737
lib/matplotlib/artist.py::82,0.263737
lib/matplotlib/artist.py::820,0.263737
lib/matplotlib/artist.py::83,0.263737
lib/matplotlib/artist.py::84,0.263737
lib/matplotlib/artist.py::85,0.263737
lib/matplotlib/artist.py::86,0.263737
lib/matplotlib/artist.py::87,0.263737
lib/matplotlib/artist.py::88,0.263737
lib/matplotlib/artist.py::89,0.263737
lib/matplotlib/artist.py::90,0.263737
lib/matplotlib/artist.py::91,0.263737
lib/matplotlib/artist.py::92,0.263737
lib/matplotlib/artist.py::925,0.263737
lib/matplotlib/artist.py::927,0.263737
lib/matplotlib/artist.py::928,0.263737
lib/matplotlib/artist.py::929,0.263737
lib/matplotlib/artist.py::93,0.263737
lib/matplotlib/artist.py::939,0.263737
lib/matplotlib/artist.py::94,0.263737
lib/matplotlib/artist.py::940,0.263737
lib/matplotlib/artist.py::941,0.263737
lib/matplotlib/artist.py::95,0.263737
lib/matplotlib/artist.py::966,0.263737
lib/matplotlib/artist.py::97,0.263737
lib/matplotlib/artist.py::976,0.263737
lib/matplotlib/artist.py::977,0.263737
lib/matplotlib/artist.py::978,0.263737
lib/matplotlib/artist.py::979,0.263737
lib/matplotlib/artist.py::98,0.263737
lib/matplotlib/artist.py::982,0.263737
lib/matplotlib/artist.py::985,0.263737
lib/matplotlib/artist.py::986,0.263737
lib/matplotlib/artist.py::989,0.263737
lib/matplotlib/artist.py::99,0.263737
lib/matplotlib/artist.py::990,0.263737
lib/matplotlib/artist.py::991,0.263737
lib/matplotlib/artist.py::992,0.263737
lib/matplotlib/artist.py::993,0.263737
lib/matplotlib/artist.py::997,0.263737
lib/matplotlib/axes/_base.py::1001,0.263737
lib/matplotlib/axes/_base.py::1002,0.263737
lib/matplotlib/axes/_base.py::1003,0.263737
lib/matplotlib/axes/_base.py::1007,0.263737
lib/matplotlib/axes/_base.py::1010,0.263737
lib/matplotlib/axes/_base.py::1013,0.263737
lib/matplotlib/axes/_base.py::1014,0.263737
lib/matplotlib/axes/_base.py::1015,0.263737
lib/matplotlib/axes/_base.py::1016,0.263737
lib/matplotlib/axes/_base.py::1017,0.263737
lib/matplotlib/axes/_base.py::1018,0.263737
lib/matplotlib/axes/_base.py::1019,0.263737
lib/matplotlib/axes/_base.py::1020,0.263737
lib/matplotlib/axes/_base.py::1021,0.263737
lib/matplotlib/axes/_base.py::1023,0.263737
lib/matplotlib/axes/_base.py::1024,0.263737
lib/matplotlib/axes/_base.py::1026,0.263737
lib/matplotlib/axes/_base.py::1027,0.263737
lib/matplotlib/axes/_base.py::1028,0.263737
lib/matplotlib/axes/_base.py::1029,0.263737
lib/matplotlib/axes/_base.py::1030,0.263737
lib/matplotlib/axes/_base.py::1031,0.263737
lib/matplotlib/axes/_base.py::1032,0.263737
lib/matplotlib/axes/_base.py::1033,0.263737
lib/matplotlib/axes/_base.py::1034,0.263737
lib/matplotlib/axes/_base.py::1035,0.263737
lib/matplotlib/axes/_base.py::1036,0.263737
lib/matplotlib/axes/_base.py::1037,0.263737
lib/matplotlib/axes/_base.py::1038,0.263737
lib/matplotlib/axes/_base.py::1040,0.263737
lib/matplotlib/axes/_base.py::1041,0.263737
lib/matplotlib/axes/_base.py::1042,0.263737
lib/matplotlib/axes/_base.py::1043,0.263737
lib/matplotlib/axes/_base.py::1044,0.263737
lib/matplotlib/axes/_base.py::1045,0.263737
lib/matplotlib/axes/_base.py::1047,0.263737
lib/matplotlib/axes/_base.py::1048,0.263737
lib/matplotlib/axes/_base.py::1049,0.263737
lib/matplotlib/axes/_base.py::1050,0.263737
lib/matplotlib/axes/_base.py::1051,0.263737
lib/matplotlib/axes/_base.py::1053,0.263737
lib/matplotlib/axes/_base.py::1054,0.263737
lib/matplotlib/axes/_base.py::1055,0.263737
lib/matplotlib/axes/_base.py::1056,0.263737
lib/matplotlib/axes/_base.py::1057,0.263737
lib/matplotlib/axes/_base.py::1058,0.263737
lib/matplotlib/axes/_base.py::1059,0.263737
lib/matplotlib/axes/_base.py::1060,0.263737
lib/matplotlib/axes/_base.py::1061,0.263737
lib/matplotlib/axes/_base.py::1062,0.263737
lib/matplotlib/axes/_base.py::1064,0.263737
lib/matplotlib/axes/_base.py::1067,0.263737
lib/matplotlib/axes/_base.py::1069,0.263737
lib/matplotlib/axes/_base.py::1071,0.263737
lib/matplotlib/axes/_base.py::1072,0.263737
lib/matplotlib/axes/_base.py::1077,0.263737
lib/matplotlib/axes/_base.py::1078,0.263737
lib/matplotlib/axes/_base.py::1079,0.263737
lib/matplotlib/axes/_base.py::1080,0.263737
lib/matplotlib/axes/_base.py::1081,0.263737
lib/matplotlib/axes/_base.py::1082,0.263737
lib/matplotlib/axes/_base.py::1084,0.263737
lib/matplotlib/axes/_base.py::1086,0.263737
lib/matplotlib/axes/_base.py::1087,0.263737
lib/matplotlib/axes/_base.py::1089,0.263737
lib/matplotlib/axes/_base.py::1090,0.263737
lib/matplotlib/axes/_base.py::1091,0.263737
lib/matplotlib/axes/_base.py::1095,0.263737
lib/matplotlib/axes/_base.py::1099,0.263737
lib/matplotlib/axes/_base.py::1126,0.263737
lib/matplotlib/axes/_base.py::1127,0.263737
lib/matplotlib/axes/_base.py::1128,0.263737
lib/matplotlib/axes/_base.py::1129,0.263737
lib/matplotlib/axes/_base.py::1130,0.263737
lib/matplotlib/axes/_base.py::1131,0.263737
lib/matplotlib/axes/_base.py::129,0.263737
lib/matplotlib/axes/_base.py::130,0.263737
lib/matplotlib/axes/_base.py::131,0.263737
lib/matplotlib/axes/_base.py::1385,0.263737
lib/matplotlib/axes/_base.py::1386,0.263737
lib/matplotlib/axes/_base.py::1388,0.263737
lib/matplotlib/axes/_base.py::1395,0.263737
lib/matplotlib/axes/_base.py::1396,0.263737
lib/matplotlib/axes/_base.py::1397,0.263737
lib/matplotlib/axes/_base.py::143,0.263737
lib/matplotlib/axes/_base.py::144,0.263737
lib/matplotlib/axes/_base.py::148,0.263737
lib/matplotlib/axes/_base.py::150,0.263737
lib/matplotlib/axes/_base.py::2092,0.263737
lib/matplotlib/axes/_base.py::2093,0.263737
lib/matplotlib/axes/_base.py::2095,0.263737
lib/matplotlib/axes/_base.py::2096,0.263737
lib/matplotlib/axes/_base.py::2097,0.263737
lib/matplotlib/axes/_base.py::2115,0.263737
lib/matplotlib/axes/_base.py::2117,0.263737
lib/matplotlib/axes/_base.py::2120,0.263737
lib/matplotlib/axes/_base.py::2122,0.263737
lib/matplotlib/axes/_base.py::2123,0.263737
lib/matplotlib/axes/_base.py::2126,0.263737
lib/matplotlib/axes/_base.py::2138,0.263737
lib/matplotlib/axes/_base.py::2140,0.263737
lib/matplotlib/axes/_base.py::2141,0.263737
lib/matplotlib/axes/_base.py::2142,0.263737
lib/matplotlib/axes/_base.py::2525,0.263737
lib/matplotlib/axes/_base.py::2768,0.263737
lib/matplotlib/axes/_base.py::2769,0.263737
lib/matplotlib/axes/_base.py::2771,0.263737
lib/matplotlib/axes/_base.py::2772,0.263737
lib/matplotlib/axes/_base.py::2777,0.263737
lib/matplotlib/axes/_base.py::2778,0.263737
lib/matplotlib/axes/_base.py::2779,0.263737
lib/matplotlib/axes/_base.py::2818,0.263737
lib/matplotlib/axes/_base.py::2820,0.263737
lib/matplotlib/axes/_base.py::2821,0.263737
lib/matplotlib/axes/_base.py::2822,0.263737
lib/matplotlib/axes/_base.py::2823,0.263737
lib/matplotlib/axes/_base.py::2824,0.263737
lib/matplotlib/axes/_base.py::3005,0.263737
lib/matplotlib/axes/_base.py::3006,0.263737
lib/matplotlib/axes/_base.py::3007,0.263737
lib/matplotlib/axes/_base.py::3008,0.263737
lib/matplotlib/axes/_base.py::3009,0.263737
lib/matplotlib/axes/_base.py::3010,0.263737
lib/matplotlib/axes/_base.py::3011,0.263737
lib/matplotlib/axes/_base.py::3012,0.263737
lib/matplotlib/axes/_base.py::3013,0.263737
lib/matplotlib/axes/_base.py::3014,0.263737
lib/matplotlib/axes/_base.py::3015,0.263737
lib/matplotlib/axes/_base.py::3016,0.263737
lib/matplotlib/axes/_base.py::3017,0.263737
lib/matplotlib/axes/_base.py::3018,0.263737
lib/matplotlib/axes/_base.py::3019,0.263737
lib/matplotlib/axes/_base.py::3036,0.263737
lib/matplotlib/axes/_base.py::3037,0.263737
lib/matplotlib/axes/_base.py::3148,0.263737
lib/matplotlib/axes/_base.py::3149,0.263737
lib/matplotlib/axes/_base.py::3150,0.263737
lib/matplotlib/axes/_base.py::3151,0.263737
lib/matplotlib/axes/_base.py::3153,0.263737
lib/matplotlib/axes/_base.py::3223,0.263737
lib/matplotlib/axes/_base.py::3225,0.263737
lib/matplotlib/axes/_base.py::3229,0.263737
lib/matplotlib/axes/_base.py::3234,0.263737
lib/matplotlib/axes/_base.py::3235,0.263737
lib/matplotlib/axes/_base.py::3236,0.263737
lib/matplotlib/axes/_base.py::3238,0.263737
lib/matplotlib/axes/_base.py::3247,0.263737
lib/matplotlib/axes/_base.py::3263,0.263737
lib/matplotlib/axes/_base.py::3267,0.263737
lib/matplotlib/axes/_base.py::3268,0.263737
lib/matplotlib/axes/_base.py::3269,0.263737
lib/matplotlib/axes/_base.py::3271,0.263737
lib/matplotlib/axes/_base.py::3273,0.263737
lib/matplotlib/axes/_base.py::3274,0.263737
lib/matplotlib/axes/_base.py::3275,0.263737
lib/matplotlib/axes/_base.py::3277,0.263737
lib/matplotlib/axes/_base.py::3278,0.263737
lib/matplotlib/axes/_base.py::3280,0.263737
lib/matplotlib/axes/_base.py::3281,0.263737
lib/matplotlib/axes/_base.py::3286,0.263737
lib/matplotlib/axes/_base.py::3287,0.263737
lib/matplotlib/axes/_base.py::3297,0.263737
lib/matplotlib/axes/_base.py::3324,0.263737
lib/matplotlib/axes/_base.py::3325,0.263737
lib/matplotlib/axes/_base.py::3326,0.263737
lib/matplotlib/axes/_base.py::3327,0.263737
lib/matplotlib/axes/_base.py::3328,0.263737
lib/matplotlib/axes/_base.py::3329,0.263737
lib/matplotlib/axes/_base.py::3330,0.263737
lib/matplotlib/axes/_base.py::3331,0.263737
lib/matplotlib/axes/_base.py::3332,0.263737
lib/matplotlib/axes/_base.py::3333,0.263737
lib/matplotlib/axes/_base.py::3616,0.263737
lib/matplotlib/axes/_base.py::3618,0.263737
lib/matplotlib/axes/_base.py::3622,0.263737
lib/matplotlib/axes/_base.py::3627,0.263737
lib/matplotlib/axes/_base.py::3628,0.263737
lib/matplotlib/axes/_base.py::3629,0.263737
lib/matplotlib/axes/_base.py::3631,0.263737
lib/matplotlib/axes/_base.py::3640,0.263737
lib/matplotlib/axes/_base.py::3656,0.263737
lib/matplotlib/axes/_base.py::3661,0.263737
lib/matplotlib/axes/_base.py::3662,0.263737
lib/matplotlib/axes/_base.py::3663,0.263737
lib/matplotlib/axes/_base.py::3665,0.263737
lib/matplotlib/axes/_base.py::3667,0.263737
lib/matplotlib/axes/_base.py::3668,0.263737
lib/matplotlib/axes/_base.py::3669,0.263737
lib/matplotlib/axes/_base.py::3671,0.263737
lib/matplotlib/axes/_base.py::3672,0.263737
lib/matplotlib/axes/_base.py::3674,0.263737
lib/matplotlib/axes/_base.py::3675,0.263737
lib/matplotlib/axes/_base.py::3680,0.263737
lib/matplotlib/axes/_base.py::3681,0.263737
lib/matplotlib/axes/_base.py::3691,0.263737
lib/matplotlib/axes/_base.py::3718,0.263737
lib/matplotlib/axes/_base.py::3719,0.263737
lib/matplotlib/axes/_base.py::3720,0.263737
lib/matplotlib/axes/_base.py::3721,0.263737
lib/matplotlib/axes/_base.py::3722,0.263737
lib/matplotlib/axes/_base.py::3723,0.263737
lib/matplotlib/axes/_base.py::3724,0.263737
lib/matplotlib/axes/_base.py::3725,0.263737
lib/matplotlib/axes/_base.py::3726,0.263737
lib/matplotlib/axes/_base.py::3727,0.263737
lib/matplotlib/axes/_base.py::3951,0.263737
lib/matplotlib/axes/_base.py::3967,0.263737
lib/matplotlib/axes/_base.py::421,0.263737
lib/matplotlib/axes/_base.py::422,0.263737
lib/matplotlib/axes/_base.py::426,0.263737
lib/matplotlib/axes/_base.py::428,0.263737
lib/matplotlib/axes/_base.py::429,0.263737
lib/matplotlib/axes/_base.py::430,0.263737
lib/matplotlib/axes/_base.py::431,0.263737
lib/matplotlib/axes/_base.py::432,0.263737
lib/matplotlib/axes/_base.py::433,0.263737
lib/matplotlib/axes/_base.py::434,0.263737
lib/matplotlib/axes/_base.py::435,0.263737
lib/matplotlib/axes/_base.py::436,0.263737
lib/matplotlib/axes/_base.py::437,0.263737
lib/matplotlib/axes/_base.py::441,0.263737
lib/matplotlib/axes/_base.py::445,0.263737
lib/matplotlib/axes/_base.py::446,0.263737
lib/matplotlib/axes/_base.py::447,0.263737
lib/matplotlib/axes/_base.py::448,0.263737
lib/matplotlib/axes/_base.py::4495,0.263737
lib/matplotlib/axes/_base.py::4499,0.263737
lib/matplotlib/axes/_base.py::450,0.263737
lib/matplotlib/axes/_base.py::453,0.263737
lib/matplotlib/axes/_base.py::454,0.263737
lib/matplotlib/axes/_base.py::455,0.263737
lib/matplotlib/axes/_base.py::456,0.263737
lib/matplotlib/axes/_base.py::457,0.263737
lib/matplotlib/axes/_base.py::458,0.263737
lib/matplotlib/axes/_base.py::460,0.263737
lib/matplotlib/axes/_base.py::461,0.263737
lib/matplotlib/axes/_base.py::464,0.263737
lib/matplotlib/axes/_base.py::465,0.263737
lib/matplotlib/axes/_base.py::467,0.263737
lib/matplotlib/axes/_base.py::468,0.263737
lib/matplotlib/axes/_base.py::470,0.263737
lib/matplotlib/axes/_base.py::472,0.263737
lib/matplotlib/axes/_base.py::475,0.263737
lib/matplotlib/axes/_base.py::477,0.263737
lib/matplotlib/axes/_base.py::478,0.263737
lib/matplotlib/axes/_base.py::479,0.263737
lib/matplotlib/axes/_base.py::481,0.263737
lib/matplotlib/axes/_base.py::482,0.263737
lib/matplotlib/axes/_base.py::483,0.263737
lib/matplotlib/axes/_base.py::485,0.263737
lib/matplotlib/axes/_base.py::486,0.263737
lib/matplotlib/axes/_base.py::487,0.263737
lib/matplotlib/axes/_base.py::488,0.263737
lib/matplotlib/axes/_base.py::490,0.263737
lib/matplotlib/axes/_base.py::491,0.263737
lib/matplotlib/axes/_base.py::492,0.263737
lib/matplotlib/axes/_base.py::493,0.263737
lib/matplotlib/axes/_base.py::494,0.263737
lib/matplotlib/axes/_base.py::495,0.263737
lib/matplotlib/axes/_base.py::496,0.263737
lib/matplotlib/axes/_base.py::498,0.263737
lib/matplotlib/axes/_base.py::500,0.263737
lib/matplotlib/axes/_base.py::501,0.263737
lib/matplotlib/axes/_base.py::502,0.263737
lib/matplotlib/axes/_base.py::503,0.263737
lib/matplotlib/axes/_base.py::505,0.263737
lib/matplotlib/axes/_base.py::506,0.263737
lib/matplotlib/axes/_base.py::507,0.263737
lib/matplotlib/axes/_base.py::508,0.263737
lib/matplotlib/axes/_base.py::509,0.263737
lib/matplotlib/axes/_base.py::510,0.263737
lib/matplotlib/axes/_base.py::511,0.263737
lib/matplotlib/axes/_base.py::513,0.263737
lib/matplotlib/axes/_base.py::515,0.263737
lib/matplotlib/axes/_base.py::516,0.263737
lib/matplotlib/axes/_base.py::562,0.263737
lib/matplotlib/axes/_base.py::563,0.263737
lib/matplotlib/axes/_base.py::564,0.263737
lib/matplotlib/axes/_base.py::565,0.263737
lib/matplotlib/axes/_base.py::566,0.263737
lib/matplotlib/axes/_base.py::567,0.263737
lib/matplotlib/axes/_base.py::568,0.263737
lib/matplotlib/axes/_base.py::578,0.263737
lib/matplotlib/axes/_base.py::580,0.263737
lib/matplotlib/axes/_base.py::581,0.263737
lib/matplotlib/axes/_base.py::583,0.263737
lib/matplotlib/axes/_base.py::584,0.263737
lib/matplotlib/axes/_base.py::585,0.263737
lib/matplotlib/axes/_base.py::586,0.263737
lib/matplotlib/axes/_base.py::588,0.263737
lib/matplotlib/axes/_base.py::632,0.263737
lib/matplotlib/axes/_base.py::637,0.263737
lib/matplotlib/axes/_base.py::638,0.263737
lib/matplotlib/axes/_base.py::642,0.263737
lib/matplotlib/axes/_base.py::643,0.263737
lib/matplotlib/axes/_base.py::648,0.263737
lib/matplotlib/axes/_base.py::650,0.263737
lib/matplotlib/axes/_base.py::651,0.263737
lib/matplotlib/axes/_base.py::652,0.263737
lib/matplotlib/axes/_base.py::653,0.263737
lib/matplotlib/axes/_base.py::668,0.263737
lib/matplotlib/axes/_base.py::669,0.263737
lib/matplotlib/axes/_base.py::670,0.263737
lib/matplotlib/axes/_base.py::672,0.263737
lib/matplotlib/axes/_base.py::673,0.263737
lib/matplotlib/axes/_base.py::675,0.263737
lib/matplotlib/axes/_base.py::699,0.263737
lib/matplotlib/axes/_base.py::700,0.263737
lib/matplotlib/axes/_base.py::701,0.263737
lib/matplotlib/axes/_base.py::702,0.263737
lib/matplotlib/axes/_base.py::703,0.263737
lib/matplotlib/axes/_base.py::725,0.263737
lib/matplotlib/axes/_base.py::726,0.263737
lib/matplotlib/axes/_base.py::727,0.263737
lib/matplotlib/axes/_base.py::728,0.263737
lib/matplotlib/axes/_base.py::729,0.263737
lib/matplotlib/axes/_base.py::744,0.263737
lib/matplotlib/axes/_base.py::745,0.263737
lib/matplotlib/axes/_base.py::746,0.263737
lib/matplotlib/axes/_base.py::748,0.263737
lib/matplotlib/axes/_base.py::749,0.263737
lib/matplotlib/axes/_base.py::751,0.263737
lib/matplotlib/axes/_base.py::775,0.263737
lib/matplotlib/axes/_base.py::776,0.263737
lib/matplotlib/axes/_base.py::777,0.263737
lib/matplotlib/axes/_base.py::778,0.263737
lib/matplotlib/axes/_base.py::779,0.263737
lib/matplotlib/axes/_base.py::801,0.263737
lib/matplotlib/axes/_base.py::802,0.263737
lib/matplotlib/axes/_base.py::803,0.263737
lib/matplotlib/axes/_base.py::804,0.263737
lib/matplotlib/axes/_base.py::805,0.263737
lib/matplotlib/axes/_base.py::808,0.263737
lib/matplotlib/axes/_base.py::809,0.263737
lib/matplotlib/axes/_base.py::810,0.263737
lib/matplotlib/axes/_base.py::811,0.263737
lib/matplotlib/axes/_base.py::901,0.263737
lib/matplotlib/axes/_base.py::902,0.263737
lib/matplotlib/axes/_base.py::912,0.263737
lib/matplotlib/axes/_base.py::913,0.263737
lib/matplotlib/axes/_base.py::914,0.263737
lib/matplotlib/axes/_base.py::916,0.263737
lib/matplotlib/axes/_base.py::917,0.263737
lib/matplotlib/axes/_base.py::935,0.263737
lib/matplotlib/axes/_base.py::952,0.263737
lib/matplotlib/axes/_base.py::953,0.263737
lib/matplotlib/axes/_base.py::960,0.263737
lib/matplotlib/axes/_base.py::963,0.263737
lib/matplotlib/axes/_base.py::965,0.263737
lib/matplotlib/axes/_base.py::966,0.263737
lib/matplotlib/axes/_base.py::968,0.263737
lib/matplotlib/axes/_base.py::969,0.263737
lib/matplotlib/axes/_base.py::971,0.263737
lib/matplotlib/axes/_base.py::972,0.263737
lib/matplotlib/axes/_base.py::974,0.263737
lib/matplotlib/axes/_base.py::975,0.263737
lib/matplotlib/axes/_base.py::977,0.263737
lib/matplotlib/axes/_base.py::987,0.263737
lib/matplotlib/axes/_base.py::988,0.263737
lib/matplotlib/axes/_base.py::989,0.263737
lib/matplotlib/axes/_base.py::993,0.263737
lib/matplotlib/axis.py::101,0.263737
lib/matplotlib/axis.py::103,0.263737
lib/matplotlib/axis.py::105,0.263737
lib/matplotlib/axis.py::106,0.263737
lib/matplotlib/axis.py::107,0.263737
lib/matplotlib/axis.py::109,0.263737
lib/matplotlib/axis.py::110,0.263737
lib/matplotlib/axis.py::111,0.263737
lib/matplotlib/axis.py::113,0.263737
lib/matplotlib/axis.py::114,0.263737
lib/matplotlib/axis.py::116,0.263737
lib/matplotlib/axis.py::117,0.263737
lib/matplotlib/axis.py::118,0.263737
lib/matplotlib/axis.py::120,0.263737
lib/matplotlib/axis.py::121,0.263737
lib/matplotlib/axis.py::123,0.263737
lib/matplotlib/axis.py::124,0.263737
lib/matplotlib/axis.py::126,0.263737
lib/matplotlib/axis.py::128,0.263737
lib/matplotlib/axis.py::129,0.263737
lib/matplotlib/axis.py::130,0.263737
lib/matplotlib/axis.py::132,0.263737
lib/matplotlib/axis.py::1325,0.263737
lib/matplotlib/axis.py::133,0.263737
lib/matplotlib/axis.py::135,0.263737
lib/matplotlib/axis.py::136,0.263737
lib/matplotlib/axis.py::137,0.263737
lib/matplotlib/axis.py::138,0.263737
lib/matplotlib/axis.py::1389,0.263737
lib/matplotlib/axis.py::139,0.263737
lib/matplotlib/axis.py::1395,0.263737
lib/matplotlib/axis.py::1396,0.263737
lib/matplotlib/axis.py::1397,0.263737
lib/matplotlib/axis.py::1399,0.263737
lib/matplotlib/axis.py::140,0.263737
lib/matplotlib/axis.py::1406,0.263737
lib/matplotlib/axis.py::1407,0.263737
lib/matplotlib/axis.py::141,0.263737
lib/matplotlib/axis.py::1410,0.263737
lib/matplotlib/axis.py::1411,0.263737
lib/matplotlib/axis.py::1412,0.263737
lib/matplotlib/axis.py::1413,0.263737
lib/matplotlib/axis.py::142,0.263737
lib/matplotlib/axis.py::1421,0.263737
lib/matplotlib/axis.py::1422,0.263737
lib/matplotlib/axis.py::1423,0.263737
lib/matplotlib/axis.py::143,0.263737
lib/matplotlib/axis.py::145,0.263737
lib/matplotlib/axis.py::147,0.263737
lib/matplotlib/axis.py::1471,0.263737
lib/matplotlib/axis.py::1475,0.263737
lib/matplotlib/axis.py::1476,0.263737
lib/matplotlib/axis.py::148,0.263737
lib/matplotlib/axis.py::149,0.263737
lib/matplotlib/axis.py::1498,0.263737
lib/matplotlib/axis.py::1499,0.263737
lib/matplotlib/axis.py::150,0.263737
lib/matplotlib/axis.py::152,0.263737
lib/matplotlib/axis.py::1523,0.263737
lib/matplotlib/axis.py::1524,0.263737
lib/matplotlib/axis.py::1525,0.263737
lib/matplotlib/axis.py::1527,0.263737
lib/matplotlib/axis.py::1528,0.263737
lib/matplotlib/axis.py::1529,0.263737
lib/matplotlib/axis.py::153,0.263737
lib/matplotlib/axis.py::1539,0.263737
lib/matplotlib/axis.py::154,0.263737
lib/matplotlib/axis.py::1540,0.263737
lib/matplotlib/axis.py::1545,0.263737
lib/matplotlib/axis.py::1546,0.263737
lib/matplotlib/axis.py::1547,0.263737
lib/matplotlib/axis.py::1548,0.263737
lib/matplotlib/axis.py::155,0.263737
lib/matplotlib/axis.py::1558,0.263737
lib/matplotlib/axis.py::1559,0.263737
lib/matplotlib/axis.py::1564,0.263737
lib/matplotlib/axis.py::1565,0.263737
lib/matplotlib/axis.py::1566,0.263737
lib/matplotlib/axis.py::1567,0.263737
lib/matplotlib/axis.py::157,0.263737
lib/matplotlib/axis.py::1577,0.263737
lib/matplotlib/axis.py::1578,0.263737
lib/matplotlib/axis.py::1579,0.263737
lib/matplotlib/axis.py::158,0.263737
lib/matplotlib/axis.py::1580,0.263737
lib/matplotlib/axis.py::1581,0.263737
lib/matplotlib/axis.py::1582,0.263737
lib/matplotlib/axis.py::1583,0.263737
lib/matplotlib/axis.py::159,0.263737
lib/matplotlib/axis.py::1593,0.263737
lib/matplotlib/axis.py::1594,0.263737
lib/matplotlib/axis.py::1595,0.263737
lib/matplotlib/axis.py::1596,0.263737
lib/matplotlib/axis.py::1597,0.263737
lib/matplotlib/axis.py::1598,0.263737
lib/matplotlib/axis.py::1599,0.263737
lib/matplotlib/axis.py::160,0.263737
lib/matplotlib/axis.py::161,0.263737
lib/matplotlib/axis.py::164,0.263737
lib/matplotlib/axis.py::165,0.263737
lib/matplotlib/axis.py::166,0.263737
lib/matplotlib/axis.py::167,0.263737
lib/matplotlib/axis.py::168,0.263737
lib/matplotlib/axis.py::170,0.263737
lib/matplotlib/axis.py::171,0.263737
lib/matplotlib/axis.py::172,0.263737
lib/matplotlib/axis.py::173,0.263737
lib/matplotlib/axis.py::175,0.263737
lib/matplotlib/axis.py::179,0.263737
lib/matplotlib/axis.py::180,0.263737
lib/matplotlib/axis.py::1836,0.263737
lib/matplotlib/axis.py::1839,0.263737
lib/matplotlib/axis.py::1840,0.263737
lib/matplotlib/axis.py::1841,0.263737
lib/matplotlib/axis.py::1842,0.263737
lib/matplotlib/axis.py::1843,0.263737
lib/matplotlib/axis.py::1845,0.263737
lib/matplotlib/axis.py::1846,0.263737
lib/matplotlib/axis.py::1847,0.263737
lib/matplotlib/axis.py::1848,0.263737
lib/matplotlib/axis.py::1849,0.263737
lib/matplotlib/axis.py::1850,0.263737
lib/matplotlib/axis.py::1851,0.263737
lib/matplotlib/axis.py::1852,0.263737
lib/matplotlib/axis.py::1853,0.263737
lib/matplotlib/axis.py::1855,0.263737
lib/matplotlib/axis.py::187,0.263737
lib/matplotlib/axis.py::1877,0.263737
lib/matplotlib/axis.py::1878,0.263737
lib/matplotlib/axis.py::188,0.263737
lib/matplotlib/axis.py::1880,0.263737
lib/matplotlib/axis.py::1881,0.263737
lib/matplotlib/axis.py::189,0.263737
lib/matplotlib/axis.py::191,0.263737
lib/matplotlib/axis.py::2084,0.263737
lib/matplotlib/axis.py::2128,0.263737
lib/matplotlib/axis.py::2131,0.263737
lib/matplotlib/axis.py::2132,0.263737
lib/matplotlib/axis.py::2133,0.263737
lib/matplotlib/axis.py::2134,0.263737
lib/matplotlib/axis.py::2135,0.263737
lib/matplotlib/axis.py::2136,0.263737
lib/matplotlib/axis.py::2138,0.263737
lib/matplotlib/axis.py::2140,0.263737
lib/matplotlib/axis.py::2141,0.263737
lib/matplotlib/axis.py::2142,0.263737
lib/matplotlib/axis.py::2143,0.263737
lib/matplotlib/axis.py::2144,0.263737
lib/matplotlib/axis.py::2145,0.263737
lib/matplotlib/axis.py::2146,0.263737
lib/matplotlib/axis.py::2147,0.263737
lib/matplotlib/axis.py::2149,0.263737
lib/matplotlib/axis.py::2173,0.263737
lib/matplotlib/axis.py::2174,0.263737
lib/matplotlib/axis.py::2176,0.263737
lib/matplotlib/axis.py::2177,0.263737
lib/matplotlib/axis.py::220,0.263737
lib/matplotlib/axis.py::223,0.263737
lib/matplotlib/axis.py::226,0.263737
lib/matplotlib/axis.py::227,0.263737
lib/matplotlib/axis.py::228,0.263737
lib/matplotlib/axis.py::229,0.263737
lib/matplotlib/axis.py::2374,0.263737
lib/matplotlib/axis.py::240,0.263737
lib/matplotlib/axis.py::241,0.263737
lib/matplotlib/axis.py::242,0.263737
lib/matplotlib/axis.py::244,0.263737
lib/matplotlib/axis.py::253,0.263737
lib/matplotlib/axis.py::254,0.263737
lib/matplotlib/axis.py::255,0.263737
lib/matplotlib/axis.py::343,0.263737
lib/matplotlib/axis.py::352,0.263737
lib/matplotlib/axis.py::353,0.263737
lib/matplotlib/axis.py::354,0.263737
lib/matplotlib/axis.py::355,0.263737
lib/matplotlib/axis.py::356,0.263737
lib/matplotlib/axis.py::357,0.263737
lib/matplotlib/axis.py::358,0.263737
lib/matplotlib/axis.py::359,0.263737
lib/matplotlib/axis.py::378,0.263737
lib/matplotlib/axis.py::379,0.263737
lib/matplotlib/axis.py::380,0.263737
lib/matplotlib/axis.py::381,0.263737
lib/matplotlib/axis.py::384,0.263737
lib/matplotlib/axis.py::389,0.263737
lib/matplotlib/axis.py::391,0.263737
lib/matplotlib/axis.py::392,0.263737
lib/matplotlib/axis.py::393,0.263737
lib/matplotlib/axis.py::400,0.263737
lib/matplotlib/axis.py::402,0.263737
lib/matplotlib/axis.py::403,0.263737
lib/matplotlib/axis.py::425,0.263737
lib/matplotlib/axis.py::427,0.263737
lib/matplotlib/axis.py::428,0.263737
lib/matplotlib/axis.py::429,0.263737
lib/matplotlib/axis.py::430,0.263737
lib/matplotlib/axis.py::432,0.263737
lib/matplotlib/axis.py::433,0.263737
lib/matplotlib/axis.py::434,0.263737
lib/matplotlib/axis.py::435,0.263737
lib/matplotlib/axis.py::437,0.263737
lib/matplotlib/axis.py::438,0.263737
lib/matplotlib/axis.py::439,0.263737
lib/matplotlib/axis.py::442,0.263737
lib/matplotlib/axis.py::443,0.263737
lib/matplotlib/axis.py::444,0.263737
lib/matplotlib/axis.py::445,0.263737
lib/matplotlib/axis.py::447,0.263737
lib/matplotlib/axis.py::448,0.263737
lib/matplotlib/axis.py::449,0.263737
lib/matplotlib/axis.py::450,0.263737
lib/matplotlib/axis.py::454,0.263737
lib/matplotlib/axis.py::457,0.263737
lib/matplotlib/axis.py::460,0.263737
lib/matplotlib/axis.py::461,0.263737
lib/matplotlib/axis.py::462,0.263737
lib/matplotlib/axis.py::464,0.263737
lib/matplotlib/axis.py::465,0.263737
lib/matplotlib/axis.py::470,0.263737
lib/matplotlib/axis.py::471,0.263737
lib/matplotlib/axis.py::475,0.263737
lib/matplotlib/axis.py::476,0.263737
lib/matplotlib/axis.py::477,0.263737
lib/matplotlib/axis.py::478,0.263737
lib/matplotlib/axis.py::479,0.263737
lib/matplotlib/axis.py::480,0.263737
lib/matplotlib/axis.py::481,0.263737
lib/matplotlib/axis.py::496,0.263737
lib/matplotlib/axis.py::498,0.263737
lib/matplotlib/axis.py::499,0.263737
lib/matplotlib/axis.py::500,0.263737
lib/matplotlib/axis.py::501,0.263737
lib/matplotlib/axis.py::503,0.263737
lib/matplotlib/axis.py::504,0.263737
lib/matplotlib/axis.py::505,0.263737
lib/matplotlib/axis.py::506,0.263737
lib/matplotlib/axis.py::508,0.263737
lib/matplotlib/axis.py::509,0.263737
lib/matplotlib/axis.py::510,0.263737
lib/matplotlib/axis.py::513,0.263737
lib/matplotlib/axis.py::514,0.263737
lib/matplotlib/axis.py::515,0.263737
lib/matplotlib/axis.py::516,0.263737
lib/matplotlib/axis.py::518,0.263737
lib/matplotlib/axis.py::519,0.263737
lib/matplotlib/axis.py::520,0.263737
lib/matplotlib/axis.py::521,0.263737
lib/matplotlib/axis.py::525,0.263737
lib/matplotlib/axis.py::528,0.263737
lib/matplotlib/axis.py::531,0.263737
lib/matplotlib/axis.py::532,0.263737
lib/matplotlib/axis.py::533,0.263737
lib/matplotlib/axis.py::535,0.263737
lib/matplotlib/axis.py::536,0.263737
lib/matplotlib/axis.py::541,0.263737
lib/matplotlib/axis.py::542,0.263737
lib/matplotlib/axis.py::546,0.263737
lib/matplotlib/axis.py::547,0.263737
lib/matplotlib/axis.py::548,0.263737
lib/matplotlib/axis.py::549,0.263737
lib/matplotlib/axis.py::550,0.263737
lib/matplotlib/axis.py::551,0.263737
lib/matplotlib/axis.py::552,0.263737
lib/matplotlib/axis.py::572,0.263737
lib/matplotlib/axis.py::573,0.263737
lib/matplotlib/axis.py::577,0.263737
lib/matplotlib/axis.py::581,0.263737
lib/matplotlib/axis.py::586,0.263737
lib/matplotlib/axis.py::590,0.263737
lib/matplotlib/axis.py::594,0.263737
lib/matplotlib/axis.py::599,0.263737
lib/matplotlib/axis.py::614,0.263737
lib/matplotlib/axis.py::622,0.263737
lib/matplotlib/axis.py::623,0.263737
lib/matplotlib/axis.py::624,0.263737
lib/matplotlib/axis.py::625,0.263737
lib/matplotlib/axis.py::626,0.263737
lib/matplotlib/axis.py::628,0.263737
lib/matplotlib/axis.py::629,0.263737
lib/matplotlib/axis.py::630,0.263737
lib/matplotlib/axis.py::631,0.263737
lib/matplotlib/axis.py::680,0.263737
lib/matplotlib/axis.py::681,0.263737
lib/matplotlib/axis.py::683,0.263737
lib/matplotlib/axis.py::685,0.263737
lib/matplotlib/axis.py::687,0.263737
lib/matplotlib/axis.py::688,0.263737
lib/matplotlib/axis.py::689,0.263737
lib/matplotlib/axis.py::690,0.263737
lib/matplotlib/axis.py::692,0.263737
lib/matplotlib/axis.py::693,0.263737
lib/matplotlib/axis.py::695,0.263737
lib/matplotlib/axis.py::696,0.263737
lib/matplotlib/axis.py::697,0.263737
lib/matplotlib/axis.py::698,0.263737
lib/matplotlib/axis.py::699,0.263737
lib/matplotlib/axis.py::700,0.263737
lib/matplotlib/axis.py::702,0.263737
lib/matplotlib/axis.py::703,0.263737
lib/matplotlib/axis.py::704,0.263737
lib/matplotlib/axis.py::706,0.263737
lib/matplotlib/axis.py::708,0.263737
lib/matplotlib/axis.py::711,0.263737
lib/matplotlib/axis.py::712,0.263737
lib/matplotlib/axis.py::714,0.263737
lib/matplotlib/axis.py::715,0.263737
lib/matplotlib/axis.py::755,0.263737
lib/matplotlib/axis.py::758,0.263737
lib/matplotlib/axis.py::761,0.263737
lib/matplotlib/axis.py::762,0.263737
lib/matplotlib/axis.py::764,0.263737
lib/matplotlib/axis.py::765,0.263737
lib/matplotlib/axis.py::766,0.263737
lib/matplotlib/axis.py::767,0.263737
lib/matplotlib/axis.py::770,0.263737
lib/matplotlib/axis.py::779,0.263737
lib/matplotlib/axis.py::781,0.263737
lib/matplotlib/axis.py::784,0.263737
lib/matplotlib/axis.py::787,0.263737
lib/matplotlib/axis.py::789,0.263737
lib/matplotlib/axis.py::792,0.263737
lib/matplotlib/axis.py::794,0.263737
lib/matplotlib/axis.py::795,0.263737
lib/matplotlib/axis.py::796,0.263737
lib/matplotlib/axis.py::797,0.263737
lib/matplotlib/axis.py::806,0.263737
lib/matplotlib/axis.py::807,0.263737
lib/matplotlib/axis.py::808,0.263737
lib/matplotlib/axis.py::809,0.263737
lib/matplotlib/axis.py::810,0.263737
lib/matplotlib/axis.py::811,0.263737
lib/matplotlib/axis.py::812,0.263737
lib/matplotlib/axis.py::813,0.263737
lib/matplotlib/axis.py::814,0.263737
lib/matplotlib/axis.py::815,0.263737
lib/matplotlib/axis.py::816,0.263737
lib/matplotlib/axis.py::817,0.263737
lib/matplotlib/axis.py::826,0.263737
lib/matplotlib/axis.py::827,0.263737
lib/matplotlib/axis.py::831,0.263737
lib/matplotlib/axis.py::840,0.263737
lib/matplotlib/axis.py::841,0.263737
lib/matplotlib/axis.py::842,0.263737
lib/matplotlib/axis.py::843,0.263737
lib/matplotlib/axis.py::844,0.263737
lib/matplotlib/axis.py::845,0.263737
lib/matplotlib/axis.py::846,0.263737
lib/matplotlib/axis.py::847,0.263737
lib/matplotlib/axis.py::849,0.263737
lib/matplotlib/axis.py::85,0.263737
lib/matplotlib/axis.py::852,0.263737
lib/matplotlib/axis.py::857,0.263737
lib/matplotlib/axis.py::858,0.263737
lib/matplotlib/axis.py::859,0.263737
lib/matplotlib/axis.py::860,0.263737
lib/matplotlib/axis.py::861,0.263737
lib/matplotlib/axis.py::862,0.263737
lib/matplotlib/axis.py::863,0.263737
lib/matplotlib/axis.py::864,0.263737
lib/matplotlib/axis.py::866,0.263737
lib/matplotlib/axis.py::868,0.263737
lib/matplotlib/axis.py::87,0.263737
lib/matplotlib/axis.py::870,0.263737
lib/matplotlib/axis.py::871,0.263737
lib/matplotlib/axis.py::872,0.263737
lib/matplotlib/axis.py::873,0.263737
lib/matplotlib/axis.py::874,0.263737
lib/matplotlib/axis.py::875,0.263737
lib/matplotlib/axis.py::876,0.263737
lib/matplotlib/axis.py::877,0.263737
lib/matplotlib/axis.py::878,0.263737
lib/matplotlib/axis.py::879,0.263737
lib/matplotlib/axis.py::88,0.263737
lib/matplotlib/axis.py::880,0.263737
lib/matplotlib/axis.py::881,0.263737
lib/matplotlib/axis.py::882,0.263737
lib/matplotlib/axis.py::883,0.263737
lib/matplotlib/axis.py::884,0.263737
lib/matplotlib/axis.py::885,0.263737
lib/matplotlib/axis.py::886,0.263737
lib/matplotlib/axis.py::891,0.263737
lib/matplotlib/axis.py::892,0.263737
lib/matplotlib/axis.py::896,0.263737
lib/matplotlib/axis.py::897,0.263737
lib/matplotlib/axis.py::90,0.263737
lib/matplotlib/axis.py::900,0.263737
lib/matplotlib/axis.py::901,0.263737
lib/matplotlib/axis.py::902,0.263737
lib/matplotlib/axis.py::903,0.263737
lib/matplotlib/axis.py::91,0.263737
lib/matplotlib/axis.py::94,0.263737
lib/matplotlib/axis.py::96,0.263737
lib/matplotlib/axis.py::97,0.263737
lib/matplotlib/axis.py::981,0.263737
lib/matplotlib/axis.py::983,0.263737
lib/matplotlib/axis.py::99,0.263737
lib/matplotlib/backend_bases.py::1573,0.263737
lib/matplotlib/backend_bases.py::1574,0.263737
lib/matplotlib/backend_bases.py::1575,0.263737
lib/matplotlib/backend_bases.py::1576,0.263737
lib/matplotlib/backend_bases.py::1577,0.263737
lib/matplotlib/backend_bases.py::1578,0.263737
lib/matplotlib/backend_bases.py::1580,0.263737
lib/matplotlib/backend_bases.py::1581,0.263737
lib/matplotlib/backend_bases.py::1582,0.263737
lib/matplotlib/backend_bases.py::1583,0.263737
lib/matplotlib/backend_bases.py::1584,0.263737
lib/matplotlib/backend_bases.py::1585,0.263737
lib/matplotlib/backend_bases.py::1586,0.263737
lib/matplotlib/backend_bases.py::1587,0.263737
lib/matplotlib/backend_bases.py::1588,0.263737
lib/matplotlib/backend_bases.py::1589,0.263737
lib/matplotlib/backend_bases.py::2204,0.263737
lib/matplotlib/backend_bases.py::2218,0.263737
lib/matplotlib/backend_bases.py::2532,0.263737
lib/matplotlib/backend_bases.py::2533,0.263737
lib/matplotlib/backend_bases.py::2534,0.263737
lib/matplotlib/backend_bases.py::2536,0.263737
lib/matplotlib/backend_bases.py::2537,0.263737
lib/matplotlib/backend_bases.py::2538,0.263737
lib/matplotlib/backend_bases.py::2539,0.263737
lib/matplotlib/backend_bases.py::2540,0.263737
lib/matplotlib/backend_bases.py::2541,0.263737
lib/matplotlib/backend_bases.py::2542,0.263737
lib/matplotlib/backend_bases.py::2543,0.263737
lib/matplotlib/backend_bases.py::2544,0.263737
lib/matplotlib/backend_bases.py::2546,0.263737
lib/matplotlib/backend_bases.py::2547,0.263737
lib/matplotlib/backend_bases.py::2549,0.263737
lib/matplotlib/backend_bases.py::2552,0.263737
lib/matplotlib/backend_bases.py::2569,0.263737
lib/matplotlib/backend_bases.py::3342,0.263737
lib/matplotlib/backend_bases.py::3343,0.263737
lib/matplotlib/backend_bases.py::3344,0.263737
lib/matplotlib/backend_bases.py::3345,0.263737
lib/matplotlib/backend_bases.py::3350,0.263737
lib/matplotlib/backend_bases.py::3351,0.263737
lib/matplotlib/backend_bases.py::3352,0.263737
lib/matplotlib/cbook/__init__.py::101,0.263737
lib/matplotlib/cbook/__init__.py::1344,0.263737
lib/matplotlib/cbook/__init__.py::1345,0.263737
lib/matplotlib/cbook/__init__.py::1346,0.263737
lib/matplotlib/cbook/__init__.py::1347,0.263737
lib/matplotlib/cbook/__init__.py::1355,0.263737
lib/matplotlib/cbook/__init__.py::1358,0.263737
lib/matplotlib/cbook/__init__.py::159,0.263737
lib/matplotlib/cbook/__init__.py::160,0.263737
lib/matplotlib/cbook/__init__.py::161,0.263737
lib/matplotlib/cbook/__init__.py::1616,0.263737
lib/matplotlib/cbook/__init__.py::162,0.263737
lib/matplotlib/cbook/__init__.py::1658,0.263737
lib/matplotlib/cbook/__init__.py::1670,0.263737
lib/matplotlib/cbook/__init__.py::1677,0.263737
lib/matplotlib/cbook/__init__.py::1678,0.263737
lib/matplotlib/cbook/__init__.py::1732,0.263737
lib/matplotlib/cbook/__init__.py::1735,0.263737
lib/matplotlib/cbook/__init__.py::1737,0.263737
lib/matplotlib/cbook/__init__.py::1738,0.263737
lib/matplotlib/cbook/__init__.py::1739,0.263737
lib/matplotlib/cbook/__init__.py::1742,0.263737
lib/matplotlib/cbook/__init__.py::1744,0.263737
lib/matplotlib/cbook/__init__.py::1747,0.263737
lib/matplotlib/cbook/__init__.py::1751,0.263737
lib/matplotlib/cbook/__init__.py::1752,0.263737
lib/matplotlib/cbook/__init__.py::1753,0.263737
lib/matplotlib/cbook/__init__.py::1754,0.263737
lib/matplotlib/cbook/__init__.py::1755,0.263737
lib/matplotlib/cbook/__init__.py::1757,0.263737
lib/matplotlib/cbook/__init__.py::1758,0.263737
lib/matplotlib/cbook/__init__.py::1760,0.263737
lib/matplotlib/cbook/__init__.py::1761,0.263737
lib/matplotlib/cbook/__init__.py::1762,0.263737
lib/matplotlib/cbook/__init__.py::1763,0.263737
lib/matplotlib/cbook/__init__.py::1764,0.263737
lib/matplotlib/cbook/__init__.py::1765,0.263737
lib/matplotlib/cbook/__init__.py::1768,0.263737
lib/matplotlib/cbook/__init__.py::1769,0.263737
lib/matplotlib/cbook/__init__.py::1770,0.263737
lib/matplotlib/cbook/__init__.py::1777,0.263737
lib/matplotlib/cbook/__init__.py::1779,0.263737
lib/matplotlib/cbook/__init__.py::1780,0.263737
lib/matplotlib/cbook/__init__.py::1784,0.263737
lib/matplotlib/cbook/__init__.py::1785,0.263737
lib/matplotlib/cbook/__init__.py::1789,0.263737
lib/matplotlib/cbook/__init__.py::1798,0.263737
lib/matplotlib/cbook/__init__.py::181,0.263737
lib/matplotlib/cbook/__init__.py::182,0.263737
lib/matplotlib/cbook/__init__.py::183,0.263737
lib/matplotlib/cbook/__init__.py::184,0.263737
lib/matplotlib/cbook/__init__.py::185,0.263737
lib/matplotlib/cbook/__init__.py::186,0.263737
lib/matplotlib/cbook/__init__.py::189,0.263737
lib/matplotlib/cbook/__init__.py::190,0.263737
lib/matplotlib/cbook/__init__.py::191,0.263737
lib/matplotlib/cbook/__init__.py::192,0.263737
lib/matplotlib/cbook/__init__.py::193,0.263737
lib/matplotlib/cbook/__init__.py::1977,0.263737
lib/matplotlib/cbook/__init__.py::1978,0.263737
lib/matplotlib/cbook/__init__.py::1979,0.263737
lib/matplotlib/cbook/__init__.py::198,0.263737
lib/matplotlib/cbook/__init__.py::1980,0.263737
lib/matplotlib/cbook/__init__.py::1981,0.263737
lib/matplotlib/cbook/__init__.py::1982,0.263737
lib/matplotlib/cbook/__init__.py::1984,0.263737
lib/matplotlib/cbook/__init__.py::1985,0.263737
lib/matplotlib/cbook/__init__.py::1988,0.263737
lib/matplotlib/cbook/__init__.py::201,0.263737
lib/matplotlib/cbook/__init__.py::2015,0.263737
lib/matplotlib/cbook/__init__.py::202,0.263737
lib/matplotlib/cbook/__init__.py::203,0.263737
lib/matplotlib/cbook/__init__.py::204,0.263737
lib/matplotlib/cbook/__init__.py::205,0.263737
lib/matplotlib/cbook/__init__.py::206,0.263737
lib/matplotlib/cbook/__init__.py::207,0.263737
lib/matplotlib/cbook/__init__.py::208,0.263737
lib/matplotlib/cbook/__init__.py::2124,0.263737
lib/matplotlib/cbook/__init__.py::2125,0.263737
lib/matplotlib/cbook/__init__.py::2126,0.263737
lib/matplotlib/cbook/__init__.py::2127,0.263737
lib/matplotlib/cbook/__init__.py::2128,0.263737
lib/matplotlib/cbook/__init__.py::213,0.263737
lib/matplotlib/cbook/__init__.py::2130,0.263737
lib/matplotlib/cbook/__init__.py::2131,0.263737
lib/matplotlib/cbook/__init__.py::2132,0.263737
lib/matplotlib/cbook/__init__.py::2134,0.263737
lib/matplotlib/cbook/__init__.py::2135,0.263737
lib/matplotlib/cbook/__init__.py::2136,0.263737
lib/matplotlib/cbook/__init__.py::2137,0.263737
lib/matplotlib/cbook/__init__.py::2138,0.263737
lib/matplotlib/cbook/__init__.py::2139,0.263737
lib/matplotlib/cbook/__init__.py::214,0.263737
lib/matplotlib/cbook/__init__.py::215,0.263737
lib/matplotlib/cbook/__init__.py::2157,0.263737
lib/matplotlib/cbook/__init__.py::2158,0.263737
lib/matplotlib/cbook/__init__.py::2159,0.263737
lib/matplotlib/cbook/__init__.py::2175,0.263737
lib/matplotlib/cbook/__init__.py::2176,0.263737
lib/matplotlib/cbook/__init__.py::2178,0.263737
lib/matplotlib/cbook/__init__.py::2179,0.263737
lib/matplotlib/cbook/__init__.py::2180,0.263737
lib/matplotlib/cbook/__init__.py::219,0.263737
lib/matplotlib/cbook/__init__.py::220,0.263737
lib/matplotlib/cbook/__init__.py::221,0.263737
lib/matplotlib/cbook/__init__.py::222,0.263737
lib/matplotlib/cbook/__init__.py::223,0.263737
lib/matplotlib/cbook/__init__.py::232,0.263737
lib/matplotlib/cbook/__init__.py::622,0.263737
lib/matplotlib/cbook/__init__.py::623,0.263737
lib/matplotlib/cbook/__init__.py::655,0.263737
lib/matplotlib/cbook/__init__.py::656,0.263737
lib/matplotlib/cbook/__init__.py::657,0.263737
lib/matplotlib/cbook/__init__.py::676,0.263737
lib/matplotlib/cbook/__init__.py::677,0.263737
lib/matplotlib/cbook/__init__.py::685,0.263737
lib/matplotlib/cbook/__init__.py::687,0.263737
lib/matplotlib/cbook/__init__.py::688,0.263737
lib/matplotlib/cbook/__init__.py::689,0.263737
lib/matplotlib/cbook/__init__.py::690,0.263737
lib/matplotlib/cbook/__init__.py::691,0.263737
lib/matplotlib/cbook/__init__.py::692,0.263737
lib/matplotlib/cbook/__init__.py::695,0.263737
lib/matplotlib/cbook/__init__.py::696,0.263737
lib/matplotlib/cbook/__init__.py::697,0.263737
lib/matplotlib/cbook/__init__.py::754,0.263737
lib/matplotlib/cbook/__init__.py::755,0.263737
lib/matplotlib/cbook/__init__.py::759,0.263737
lib/matplotlib/cbook/__init__.py::760,0.263737
lib/matplotlib/cbook/__init__.py::761,0.263737
lib/matplotlib/cbook/__init__.py::764,0.263737
lib/matplotlib/cbook/__init__.py::873,0.263737
lib/matplotlib/cbook/__init__.py::880,0.263737
lib/matplotlib/cbook/__init__.py::881,0.263737
lib/matplotlib/cbook/__init__.py::882,0.263737
lib/matplotlib/cbook/__init__.py::92,0.263737
lib/matplotlib/cbook/__init__.py::929,0.263737
lib/matplotlib/cbook/__init__.py::930,0.263737
lib/matplotlib/cbook/__init__.py::931,0.263737
lib/matplotlib/cbook/deprecation.py::345,0.263737
lib/matplotlib/cbook/deprecation.py::348,0.263737
lib/matplotlib/cbook/deprecation.py::354,0.263737
lib/matplotlib/cbook/deprecation.py::403,0.263737
lib/matplotlib/cbook/deprecation.py::404,0.263737
lib/matplotlib/cbook/deprecation.py::405,0.263737
lib/matplotlib/cm.py::139,0.263737
lib/matplotlib/cm.py::140,0.263737
lib/matplotlib/cm.py::141,0.263737
lib/matplotlib/cm.py::142,0.263737
lib/matplotlib/cm.py::143,0.263737
lib/matplotlib/cm.py::144,0.263737
lib/matplotlib/cm.py::145,0.263737
lib/matplotlib/cm.py::171,0.263737
lib/matplotlib/cm.py::173,0.263737
lib/matplotlib/cm.py::174,0.263737
lib/matplotlib/cm.py::175,0.263737
lib/matplotlib/cm.py::176,0.263737
lib/matplotlib/cm.py::178,0.263737
lib/matplotlib/cm.py::180,0.263737
lib/matplotlib/cm.py::182,0.263737
lib/matplotlib/cm.py::184,0.263737
lib/matplotlib/cm.py::185,0.263737
lib/matplotlib/cm.py::197,0.263737
lib/matplotlib/cm.py::206,0.263737
lib/matplotlib/cm.py::384,0.263737
lib/matplotlib/cm.py::386,0.263737
lib/matplotlib/cm.py::387,0.263737
lib/matplotlib/cm.py::411,0.263737
lib/matplotlib/cm.py::413,0.263737
lib/matplotlib/cm.py::414,0.263737
lib/matplotlib/cm.py::415,0.263737
lib/matplotlib/colorbar.py::416,0.263737
lib/matplotlib/colorbar.py::417,0.263737
lib/matplotlib/colorbar.py::418,0.263737
lib/matplotlib/colorbar.py::419,0.263737
lib/matplotlib/colorbar.py::420,0.263737
lib/matplotlib/colorbar.py::421,0.263737
lib/matplotlib/colorbar.py::422,0.263737
lib/matplotlib/colorbar.py::423,0.263737
lib/matplotlib/colorbar.py::425,0.263737
lib/matplotlib/colorbar.py::426,0.263737
lib/matplotlib/colorbar.py::427,0.263737
lib/matplotlib/colorbar.py::429,0.263737
lib/matplotlib/colorbar.py::431,0.263737
lib/matplotlib/colorbar.py::432,0.263737
lib/matplotlib/colorbar.py::433,0.263737
lib/matplotlib/colorbar.py::434,0.263737
lib/matplotlib/colorbar.py::435,0.263737
lib/matplotlib/colorbar.py::436,0.263737
lib/matplotlib/colorbar.py::437,0.263737
lib/matplotlib/colorbar.py::438,0.263737
lib/matplotlib/colorbar.py::439,0.263737
lib/matplotlib/colorbar.py::440,0.263737
lib/matplotlib/colorbar.py::441,0.263737
lib/matplotlib/colorbar.py::442,0.263737
lib/matplotlib/colorbar.py::443,0.263737
lib/matplotlib/colorbar.py::444,0.263737
lib/matplotlib/colorbar.py::445,0.263737
lib/matplotlib/colorbar.py::446,0.263737
lib/matplotlib/colorbar.py::447,0.263737
lib/matplotlib/colorbar.py::448,0.263737
lib/matplotlib/colorbar.py::449,0.263737
lib/matplotlib/colorbar.py::450,0.263737
lib/matplotlib/colorbar.py::451,0.263737
lib/matplotlib/colorbar.py::452,0.263737
lib/matplotlib/colorbar.py::453,0.263737
lib/matplotlib/colorbar.py::454,0.263737
lib/matplotlib/colorbar.py::456,0.263737
lib/matplotlib/colorbar.py::458,0.263737
lib/matplotlib/colorbar.py::460,0.263737
lib/matplotlib/colorbar.py::461,0.263737
lib/matplotlib/colorbar.py::463,0.263737
lib/matplotlib/colorbar.py::468,0.263737
lib/matplotlib/colorbar.py::472,0.263737
lib/matplotlib/colorbar.py::485,0.263737
lib/matplotlib/colorbar.py::486,0.263737
lib/matplotlib/colorbar.py::495,0.263737
lib/matplotlib/colorbar.py::597,0.263737
lib/matplotlib/colorbar.py::598,0.263737
lib/matplotlib/colorbar.py::599,0.263737
lib/matplotlib/colorbar.py::736,0.263737
lib/matplotlib/colorbar.py::740,0.263737
lib/matplotlib/colorbar.py::744,0.263737
lib/matplotlib/colorbar.py::745,0.263737
lib/matplotlib/colorbar.py::746,0.263737
lib/matplotlib/colorbar.py::753,0.263737
lib/matplotlib/colorbar.py::754,0.263737
lib/matplotlib/colorbar.py::755,0.263737
lib/matplotlib/colorbar.py::759,0.263737
lib/matplotlib/colorbar.py::762,0.263737
lib/matplotlib/colorbar.py::765,0.263737
lib/matplotlib/colorbar.py::766,0.263737
lib/matplotlib/colorbar.py::767,0.263737
lib/matplotlib/colorbar.py::903,0.263737
lib/matplotlib/colorbar.py::904,0.263737
lib/matplotlib/colorbar.py::905,0.263737
lib/matplotlib/colors.py::1056,0.263737
lib/matplotlib/colors.py::1057,0.263737
lib/matplotlib/colors.py::1059,0.263737
lib/matplotlib/colors.py::115,0.263737
lib/matplotlib/colors.py::116,0.263737
lib/matplotlib/colors.py::126,0.263737
lib/matplotlib/colors.py::132,0.263737
lib/matplotlib/colors.py::133,0.263737
lib/matplotlib/colors.py::134,0.263737
lib/matplotlib/colors.py::135,0.263737
lib/matplotlib/colors.py::139,0.263737
lib/matplotlib/colors.py::176,0.263737
lib/matplotlib/colors.py::181,0.263737
lib/matplotlib/colors.py::182,0.263737
lib/matplotlib/colors.py::185,0.263737
lib/matplotlib/colors.py::191,0.263737
lib/matplotlib/colors.py::952,0.263737
lib/matplotlib/colors.py::953,0.263737
lib/matplotlib/colors.py::954,0.263737
lib/matplotlib/figure.py::1057,0.263737
lib/matplotlib/figure.py::1060,0.263737
lib/matplotlib/figure.py::1061,0.263737
lib/matplotlib/figure.py::107,0.263737
lib/matplotlib/figure.py::1071,0.263737
lib/matplotlib/figure.py::1073,0.263737
lib/matplotlib/figure.py::1074,0.263737
lib/matplotlib/figure.py::1075,0.263737
lib/matplotlib/figure.py::1076,0.263737
lib/matplotlib/figure.py::1078,0.263737
lib/matplotlib/figure.py::1079,0.263737
lib/matplotlib/figure.py::1081,0.263737
lib/matplotlib/figure.py::1082,0.263737
lib/matplotlib/figure.py::1093,0.263737
lib/matplotlib/figure.py::1101,0.263737
lib/matplotlib/figure.py::1102,0.263737
lib/matplotlib/figure.py::1112,0.263737
lib/matplotlib/figure.py::1114,0.263737
lib/matplotlib/figure.py::120,0.263737
lib/matplotlib/figure.py::121,0.263737
lib/matplotlib/figure.py::122,0.263737
lib/matplotlib/figure.py::126,0.263737
lib/matplotlib/figure.py::127,0.263737
lib/matplotlib/figure.py::133,0.263737
lib/matplotlib/figure.py::135,0.263737
lib/matplotlib/figure.py::136,0.263737
lib/matplotlib/figure.py::1404,0.263737
lib/matplotlib/figure.py::1405,0.263737
lib/matplotlib/figure.py::1406,0.263737
lib/matplotlib/figure.py::1407,0.263737
lib/matplotlib/figure.py::1408,0.263737
lib/matplotlib/figure.py::1409,0.263737
lib/matplotlib/figure.py::144,0.263737
lib/matplotlib/figure.py::147,0.263737
lib/matplotlib/figure.py::148,0.263737
lib/matplotlib/figure.py::151,0.263737
lib/matplotlib/figure.py::154,0.263737
lib/matplotlib/figure.py::1645,0.263737
lib/matplotlib/figure.py::1646,0.263737
lib/matplotlib/figure.py::1648,0.263737
lib/matplotlib/figure.py::1652,0.263737
lib/matplotlib/figure.py::1653,0.263737
lib/matplotlib/figure.py::1655,0.263737
lib/matplotlib/figure.py::1656,0.263737
lib/matplotlib/figure.py::1657,0.263737
lib/matplotlib/figure.py::1658,0.263737
lib/matplotlib/figure.py::1659,0.263737
lib/matplotlib/figure.py::1660,0.263737
lib/matplotlib/figure.py::1661,0.263737
lib/matplotlib/figure.py::1662,0.263737
lib/matplotlib/figure.py::1663,0.263737
lib/matplotlib/figure.py::1664,0.263737
lib/matplotlib/figure.py::1665,0.263737
lib/matplotlib/figure.py::1667,0.263737
lib/matplotlib/figure.py::1868,0.263737
lib/matplotlib/figure.py::1869,0.263737
lib/matplotlib/figure.py::1870,0.263737
lib/matplotlib/figure.py::1871,0.263737
lib/matplotlib/figure.py::192,0.263737
lib/matplotlib/figure.py::1921,0.263737
lib/matplotlib/figure.py::1922,0.263737
lib/matplotlib/figure.py::1923,0.263737
lib/matplotlib/figure.py::1924,0.263737
lib/matplotlib/figure.py::193,0.263737
lib/matplotlib/figure.py::194,0.263737
lib/matplotlib/figure.py::195,0.263737
lib/matplotlib/figure.py::202,0.263737
lib/matplotlib/figure.py::203,0.263737
lib/matplotlib/figure.py::2034,0.263737
lib/matplotlib/figure.py::204,0.263737
lib/matplotlib/figure.py::206,0.263737
lib/matplotlib/figure.py::207,0.263737
lib/matplotlib/figure.py::209,0.263737
lib/matplotlib/figure.py::211,0.263737
lib/matplotlib/figure.py::213,0.263737
lib/matplotlib/figure.py::215,0.263737
lib/matplotlib/figure.py::217,0.263737
lib/matplotlib/figure.py::219,0.263737
lib/matplotlib/figure.py::306,0.263737
lib/matplotlib/figure.py::311,0.263737
lib/matplotlib/figure.py::312,0.263737
lib/matplotlib/figure.py::314,0.263737
lib/matplotlib/figure.py::316,0.263737
lib/matplotlib/figure.py::318,0.263737
lib/matplotlib/figure.py::320,0.263737
lib/matplotlib/figure.py::322,0.263737
lib/matplotlib/figure.py::325,0.263737
lib/matplotlib/figure.py::328,0.263737
lib/matplotlib/figure.py::330,0.263737
lib/matplotlib/figure.py::332,0.263737
lib/matplotlib/figure.py::333,0.263737
lib/matplotlib/figure.py::335,0.263737
lib/matplotlib/figure.py::337,0.263737
lib/matplotlib/figure.py::338,0.263737
lib/matplotlib/figure.py::339,0.263737
lib/matplotlib/figure.py::341,0.263737
lib/matplotlib/figure.py::342,0.263737
lib/matplotlib/figure.py::343,0.263737
lib/matplotlib/figure.py::345,0.263737
lib/matplotlib/figure.py::346,0.263737
lib/matplotlib/figure.py::348,0.263737
lib/matplotlib/figure.py::349,0.263737
lib/matplotlib/figure.py::351,0.263737
lib/matplotlib/figure.py::353,0.263737
lib/matplotlib/figure.py::355,0.263737
lib/matplotlib/figure.py::357,0.263737
lib/matplotlib/figure.py::359,0.263737
lib/matplotlib/figure.py::360,0.263737
lib/matplotlib/figure.py::361,0.263737
lib/matplotlib/figure.py::366,0.263737
lib/matplotlib/figure.py::367,0.263737
lib/matplotlib/figure.py::370,0.263737
lib/matplotlib/figure.py::429,0.263737
lib/matplotlib/figure.py::44,0.263737
lib/matplotlib/figure.py::45,0.263737
lib/matplotlib/figure.py::475,0.263737
lib/matplotlib/figure.py::476,0.263737
lib/matplotlib/figure.py::477,0.263737
lib/matplotlib/figure.py::478,0.263737
lib/matplotlib/figure.py::479,0.263737
lib/matplotlib/figure.py::487,0.263737
lib/matplotlib/figure.py::505,0.263737
lib/matplotlib/figure.py::506,0.263737
lib/matplotlib/figure.py::507,0.263737
lib/matplotlib/figure.py::508,0.263737
lib/matplotlib/figure.py::509,0.263737
lib/matplotlib/figure.py::510,0.263737
lib/matplotlib/figure.py::511,0.263737
lib/matplotlib/figure.py::512,0.263737
lib/matplotlib/figure.py::513,0.263737
lib/matplotlib/figure.py::516,0.263737
lib/matplotlib/figure.py::518,0.263737
lib/matplotlib/figure.py::547,0.263737
lib/matplotlib/figure.py::548,0.263737
lib/matplotlib/figure.py::549,0.263737
lib/matplotlib/figure.py::553,0.263737
lib/matplotlib/figure.py::65,0.263737
lib/matplotlib/figure.py::66,0.263737
lib/matplotlib/figure.py::72,0.263737
lib/matplotlib/figure.py::73,0.263737
lib/matplotlib/figure.py::74,0.263737
lib/matplotlib/figure.py::759,0.263737
lib/matplotlib/figure.py::81,0.263737
lib/matplotlib/figure.py::82,0.263737
lib/matplotlib/figure.py::83,0.263737
lib/matplotlib/figure.py::95,0.263737
lib/matplotlib/figure.py::96,0.263737
lib/matplotlib/font_manager.py::1034,0.263737
lib/matplotlib/font_manager.py::632,0.263737
lib/matplotlib/font_manager.py::633,0.263737
lib/matplotlib/font_manager.py::634,0.263737
lib/matplotlib/font_manager.py::635,0.263737
lib/matplotlib/font_manager.py::636,0.263737
lib/matplotlib/font_manager.py::637,0.263737
lib/matplotlib/font_manager.py::638,0.263737
lib/matplotlib/font_manager.py::640,0.263737
lib/matplotlib/font_manager.py::652,0.263737
lib/matplotlib/font_manager.py::653,0.263737
lib/matplotlib/font_manager.py::654,0.263737
lib/matplotlib/font_manager.py::655,0.263737
lib/matplotlib/font_manager.py::656,0.263737
lib/matplotlib/font_manager.py::657,0.263737
lib/matplotlib/font_manager.py::658,0.263737
lib/matplotlib/font_manager.py::751,0.263737
lib/matplotlib/font_manager.py::752,0.263737
lib/matplotlib/font_manager.py::753,0.263737
lib/matplotlib/font_manager.py::760,0.263737
lib/matplotlib/font_manager.py::761,0.263737
lib/matplotlib/font_manager.py::762,0.263737
lib/matplotlib/font_manager.py::763,0.263737
lib/matplotlib/font_manager.py::770,0.263737
lib/matplotlib/font_manager.py::771,0.263737
lib/matplotlib/font_manager.py::772,0.263737
lib/matplotlib/font_manager.py::773,0.263737
lib/matplotlib/font_manager.py::782,0.263737
lib/matplotlib/font_manager.py::783,0.263737
lib/matplotlib/font_manager.py::784,0.263737
lib/matplotlib/font_manager.py::785,0.263737
lib/matplotlib/font_manager.py::788,0.263737
lib/matplotlib/font_manager.py::789,0.263737
lib/matplotlib/font_manager.py::791,0.263737
lib/matplotlib/font_manager.py::800,0.263737
lib/matplotlib/font_manager.py::801,0.263737
lib/matplotlib/font_manager.py::802,0.263737
lib/matplotlib/font_manager.py::803,0.263737
lib/matplotlib/font_manager.py::806,0.263737
lib/matplotlib/font_manager.py::807,0.263737
lib/matplotlib/font_manager.py::809,0.263737
lib/matplotlib/font_manager.py::817,0.263737
lib/matplotlib/font_manager.py::818,0.263737
lib/matplotlib/font_manager.py::819,0.263737
lib/matplotlib/font_manager.py::820,0.263737
lib/matplotlib/font_manager.py::821,0.263737
lib/matplotlib/font_manager.py::822,0.263737
lib/matplotlib/font_manager.py::823,0.263737
lib/matplotlib/font_manager.py::829,0.263737
lib/matplotlib/font_manager.py::830,0.263737
lib/matplotlib/font_manager.py::834,0.263737
lib/matplotlib/font_manager.py::841,0.263737
lib/matplotlib/font_manager.py::858,0.263737
lib/matplotlib/font_manager.py::859,0.263737
lib/matplotlib/font_manager.py::860,0.263737
lib/matplotlib/font_manager.py::938,0.263737
lib/matplotlib/font_manager.py::940,0.263737
lib/matplotlib/lines.py::1015,0.263737
lib/matplotlib/lines.py::1016,0.263737
lib/matplotlib/lines.py::1017,0.263737
lib/matplotlib/lines.py::1035,0.263737
lib/matplotlib/lines.py::1036,0.263737
lib/matplotlib/lines.py::1037,0.263737
lib/matplotlib/lines.py::1047,0.263737
lib/matplotlib/lines.py::1048,0.263737
lib/matplotlib/lines.py::1076,0.263737
lib/matplotlib/lines.py::1078,0.263737
lib/matplotlib/lines.py::1079,0.263737
lib/matplotlib/lines.py::1080,0.263737
lib/matplotlib/lines.py::1082,0.263737
lib/matplotlib/lines.py::1083,0.263737
lib/matplotlib/lines.py::1094,0.263737
lib/matplotlib/lines.py::1096,0.263737
lib/matplotlib/lines.py::1098,0.263737
lib/matplotlib/lines.py::1100,0.263737
lib/matplotlib/lines.py::1101,0.263737
lib/matplotlib/lines.py::1124,0.263737
lib/matplotlib/lines.py::1125,0.263737
lib/matplotlib/lines.py::1134,0.263737
lib/matplotlib/lines.py::1170,0.263737
lib/matplotlib/lines.py::1171,0.263737
lib/matplotlib/lines.py::1172,0.263737
lib/matplotlib/lines.py::1175,0.263737
lib/matplotlib/lines.py::1176,0.263737
lib/matplotlib/lines.py::1178,0.263737
lib/matplotlib/lines.py::1179,0.263737
lib/matplotlib/lines.py::1181,0.263737
lib/matplotlib/lines.py::1186,0.263737
lib/matplotlib/lines.py::1188,0.263737
lib/matplotlib/lines.py::1189,0.263737
lib/matplotlib/lines.py::1202,0.263737
lib/matplotlib/lines.py::1203,0.263737
lib/matplotlib/lines.py::1213,0.263737
lib/matplotlib/lines.py::1215,0.263737
lib/matplotlib/lines.py::1217,0.263737
lib/matplotlib/lines.py::1218,0.263737
lib/matplotlib/lines.py::1229,0.263737
lib/matplotlib/lines.py::1230,0.263737
lib/matplotlib/lines.py::1231,0.263737
lib/matplotlib/lines.py::1232,0.263737
lib/matplotlib/lines.py::1233,0.263737
lib/matplotlib/lines.py::1243,0.263737
lib/matplotlib/lines.py::1245,0.263737
lib/matplotlib/lines.py::1246,0.263737
lib/matplotlib/lines.py::1247,0.263737
lib/matplotlib/lines.py::1257,0.263737
lib/matplotlib/lines.py::1259,0.263737
lib/matplotlib/lines.py::1260,0.263737
lib/matplotlib/lines.py::1261,0.263737
lib/matplotlib/lines.py::1272,0.263737
lib/matplotlib/lines.py::1273,0.263737
lib/matplotlib/lines.py::1274,0.263737
lib/matplotlib/lines.py::1275,0.263737
lib/matplotlib/lines.py::1285,0.263737
lib/matplotlib/lines.py::1286,0.263737
lib/matplotlib/lines.py::1287,0.263737
lib/matplotlib/lines.py::1297,0.263737
lib/matplotlib/lines.py::1298,0.263737
lib/matplotlib/lines.py::1299,0.263737
lib/matplotlib/lines.py::1356,0.263737
lib/matplotlib/lines.py::1357,0.263737
lib/matplotlib/lines.py::1358,0.263737
lib/matplotlib/lines.py::1359,0.263737
lib/matplotlib/lines.py::1360,0.263737
lib/matplotlib/lines.py::1371,0.263737
lib/matplotlib/lines.py::1372,0.263737
lib/matplotlib/lines.py::1373,0.263737
lib/matplotlib/lines.py::1374,0.263737
lib/matplotlib/lines.py::1375,0.263737
lib/matplotlib/lines.py::1402,0.263737
lib/matplotlib/lines.py::1403,0.263737
lib/matplotlib/lines.py::1404,0.263737
lib/matplotlib/lines.py::1405,0.263737
lib/matplotlib/lines.py::1406,0.263737
lib/matplotlib/lines.py::1417,0.263737
lib/matplotlib/lines.py::1418,0.263737
lib/matplotlib/lines.py::1419,0.263737
lib/matplotlib/lines.py::1420,0.263737
lib/matplotlib/lines.py::1421,0.263737
lib/matplotlib/lines.py::302,0.263737
lib/matplotlib/lines.py::305,0.263737
lib/matplotlib/lines.py::307,0.263737
lib/matplotlib/lines.py::310,0.263737
lib/matplotlib/lines.py::311,0.263737
lib/matplotlib/lines.py::313,0.263737
lib/matplotlib/lines.py::315,0.263737
lib/matplotlib/lines.py::316,0.263737
lib/matplotlib/lines.py::317,0.263737
lib/matplotlib/lines.py::318,0.263737
lib/matplotlib/lines.py::319,0.263737
lib/matplotlib/lines.py::320,0.263737
lib/matplotlib/lines.py::321,0.263737
lib/matplotlib/lines.py::324,0.263737
lib/matplotlib/lines.py::325,0.263737
lib/matplotlib/lines.py::326,0.263737
lib/matplotlib/lines.py::327,0.263737
lib/matplotlib/lines.py::328,0.263737
lib/matplotlib/lines.py::329,0.263737
lib/matplotlib/lines.py::330,0.263737
lib/matplotlib/lines.py::331,0.263737
lib/matplotlib/lines.py::332,0.263737
lib/matplotlib/lines.py::333,0.263737
lib/matplotlib/lines.py::334,0.263737
lib/matplotlib/lines.py::335,0.263737
lib/matplotlib/lines.py::337,0.263737
lib/matplotlib/lines.py::338,0.263737
lib/matplotlib/lines.py::339,0.263737
lib/matplotlib/lines.py::342,0.263737
lib/matplotlib/lines.py::344,0.263737
lib/matplotlib/lines.py::347,0.263737
lib/matplotlib/lines.py::348,0.263737
lib/matplotlib/lines.py::350,0.263737
lib/matplotlib/lines.py::351,0.263737
lib/matplotlib/lines.py::352,0.263737
lib/matplotlib/lines.py::353,0.263737
lib/matplotlib/lines.py::354,0.263737
lib/matplotlib/lines.py::355,0.263737
lib/matplotlib/lines.py::356,0.263737
lib/matplotlib/lines.py::357,0.263737
lib/matplotlib/lines.py::359,0.263737
lib/matplotlib/lines.py::360,0.263737
lib/matplotlib/lines.py::361,0.263737
lib/matplotlib/lines.py::364,0.263737
lib/matplotlib/lines.py::365,0.263737
lib/matplotlib/lines.py::368,0.263737
lib/matplotlib/lines.py::369,0.263737
lib/matplotlib/lines.py::37,0.263737
lib/matplotlib/lines.py::371,0.263737
lib/matplotlib/lines.py::372,0.263737
lib/matplotlib/lines.py::373,0.263737
lib/matplotlib/lines.py::375,0.263737
lib/matplotlib/lines.py::376,0.263737
lib/matplotlib/lines.py::377,0.263737
lib/matplotlib/lines.py::379,0.263737
lib/matplotlib/lines.py::38,0.263737
lib/matplotlib/lines.py::380,0.263737
lib/matplotlib/lines.py::381,0.263737
lib/matplotlib/lines.py::383,0.263737
lib/matplotlib/lines.py::384,0.263737
lib/matplotlib/lines.py::385,0.263737
lib/matplotlib/lines.py::387,0.263737
lib/matplotlib/lines.py::388,0.263737
lib/matplotlib/lines.py::389,0.263737
lib/matplotlib/lines.py::390,0.263737
lib/matplotlib/lines.py::392,0.263737
lib/matplotlib/lines.py::393,0.263737
lib/matplotlib/lines.py::394,0.263737
lib/matplotlib/lines.py::395,0.263737
lib/matplotlib/lines.py::399,0.263737
lib/matplotlib/lines.py::40,0.263737
lib/matplotlib/lines.py::400,0.263737
lib/matplotlib/lines.py::401,0.263737
lib/matplotlib/lines.py::403,0.263737
lib/matplotlib/lines.py::404,0.263737
lib/matplotlib/lines.py::405,0.263737
lib/matplotlib/lines.py::406,0.263737
lib/matplotlib/lines.py::407,0.263737
lib/matplotlib/lines.py::408,0.263737
lib/matplotlib/lines.py::409,0.263737
lib/matplotlib/lines.py::41,0.263737
lib/matplotlib/lines.py::410,0.263737
lib/matplotlib/lines.py::411,0.263737
lib/matplotlib/lines.py::412,0.263737
lib/matplotlib/lines.py::413,0.263737
lib/matplotlib/lines.py::415,0.263737
lib/matplotlib/lines.py::43,0.263737
lib/matplotlib/lines.py::44,0.263737
lib/matplotlib/lines.py::45,0.263737
lib/matplotlib/lines.py::505,0.263737
lib/matplotlib/lines.py::507,0.263737
lib/matplotlib/lines.py::53,0.263737
lib/matplotlib/lines.py::54,0.263737
lib/matplotlib/lines.py::55,0.263737
lib/matplotlib/lines.py::56,0.263737
lib/matplotlib/lines.py::58,0.263737
lib/matplotlib/lines.py::591,0.263737
lib/matplotlib/lines.py::593,0.263737
lib/matplotlib/lines.py::62,0.263737
lib/matplotlib/lines.py::627,0.263737
lib/matplotlib/lines.py::628,0.263737
lib/matplotlib/lines.py::63,0.263737
lib/matplotlib/lines.py::645,0.263737
lib/matplotlib/lines.py::648,0.263737
lib/matplotlib/lines.py::650,0.263737
lib/matplotlib/lines.py::651,0.263737
lib/matplotlib/lines.py::657,0.263737
lib/matplotlib/lines.py::658,0.263737
lib/matplotlib/lines.py::659,0.263737
lib/matplotlib/lines.py::662,0.263737
lib/matplotlib/lines.py::663,0.263737
lib/matplotlib/lines.py::664,0.263737
lib/matplotlib/lines.py::668,0.263737
lib/matplotlib/lines.py::669,0.263737
lib/matplotlib/lines.py::671,0.263737
lib/matplotlib/lines.py::672,0.263737
lib/matplotlib/lines.py::687,0.263737
lib/matplotlib/lines.py::690,0.263737
lib/matplotlib/lines.py::691,0.263737
lib/matplotlib/lines.py::692,0.263737
lib/matplotlib/lines.py::693,0.263737
lib/matplotlib/lines.py::694,0.263737
lib/matplotlib/lines.py::695,0.263737
lib/matplotlib/lines.py::696,0.263737
lib/matplotlib/lines.py::730,0.263737
lib/matplotlib/lines.py::731,0.263737
lib/matplotlib/lines.py::732,0.263737
lib/matplotlib/lines.py::733,0.263737
lib/matplotlib/markers.py::222,0.263737
lib/matplotlib/markers.py::223,0.263737
lib/matplotlib/markers.py::224,0.263737
lib/matplotlib/markers.py::227,0.263737
lib/matplotlib/markers.py::228,0.263737
lib/matplotlib/markers.py::229,0.263737
lib/matplotlib/markers.py::230,0.263737
lib/matplotlib/markers.py::231,0.263737
lib/matplotlib/markers.py::232,0.263737
lib/matplotlib/markers.py::233,0.263737
lib/matplotlib/markers.py::234,0.263737
lib/matplotlib/markers.py::235,0.263737
lib/matplotlib/markers.py::236,0.263737
lib/matplotlib/markers.py::237,0.263737
lib/matplotlib/markers.py::256,0.263737
lib/matplotlib/markers.py::257,0.263737
lib/matplotlib/markers.py::258,0.263737
lib/matplotlib/markers.py::259,0.263737
lib/matplotlib/markers.py::260,0.263737
lib/matplotlib/markers.py::272,0.263737
lib/matplotlib/markers.py::275,0.263737
lib/matplotlib/markers.py::277,0.263737
lib/matplotlib/markers.py::279,0.263737
lib/matplotlib/markers.py::282,0.263737
lib/matplotlib/markers.py::283,0.263737
lib/matplotlib/markers.py::284,0.263737
lib/matplotlib/markers.py::285,0.263737
lib/matplotlib/markers.py::294,0.263737
lib/matplotlib/markers.py::295,0.263737
lib/matplotlib/markers.py::313,0.263737
lib/matplotlib/markers.py::707,0.263737
lib/matplotlib/markers.py::708,0.263737
lib/matplotlib/markers.py::709,0.263737
lib/matplotlib/markers.py::710,0.263737
lib/matplotlib/markers.py::713,0.263737
lib/matplotlib/markers.py::714,0.263737
lib/matplotlib/markers.py::715,0.263737
lib/matplotlib/markers.py::716,0.263737
lib/matplotlib/markers.py::721,0.263737
lib/matplotlib/markers.py::722,0.263737
lib/matplotlib/markers.py::723,0.263737
lib/matplotlib/markers.py::724,0.263737
lib/matplotlib/markers.py::727,0.263737
lib/matplotlib/markers.py::728,0.263737
lib/matplotlib/markers.py::729,0.263737
lib/matplotlib/markers.py::730,0.263737
lib/matplotlib/patches.py::261,0.263737
lib/matplotlib/patches.py::309,0.263737
lib/matplotlib/patches.py::311,0.263737
lib/matplotlib/patches.py::312,0.263737
lib/matplotlib/patches.py::315,0.263737
lib/matplotlib/patches.py::316,0.263737
lib/matplotlib/patches.py::317,0.263737
lib/matplotlib/patches.py::319,0.263737
lib/matplotlib/patches.py::324,0.263737
lib/matplotlib/patches.py::325,0.263737
lib/matplotlib/patches.py::326,0.263737
lib/matplotlib/patches.py::327,0.263737
lib/matplotlib/patches.py::337,0.263737
lib/matplotlib/patches.py::338,0.263737
lib/matplotlib/patches.py::341,0.263737
lib/matplotlib/patches.py::342,0.263737
lib/matplotlib/patches.py::343,0.263737
lib/matplotlib/patches.py::344,0.263737
lib/matplotlib/patches.py::345,0.263737
lib/matplotlib/patches.py::355,0.263737
lib/matplotlib/patches.py::356,0.263737
lib/matplotlib/patches.py::389,0.263737
lib/matplotlib/patches.py::394,0.263737
lib/matplotlib/patches.py::396,0.263737
lib/matplotlib/patches.py::397,0.263737
lib/matplotlib/patches.py::398,0.263737
lib/matplotlib/patches.py::399,0.263737
lib/matplotlib/patches.py::425,0.263737
lib/matplotlib/patches.py::427,0.263737
lib/matplotlib/patches.py::429,0.263737
lib/matplotlib/patches.py::431,0.263737
lib/matplotlib/patches.py::432,0.263737
lib/matplotlib/patches.py::433,0.263737
lib/matplotlib/patches.py::443,0.263737
lib/matplotlib/patches.py::444,0.263737
lib/matplotlib/patches.py::445,0.263737
lib/matplotlib/patches.py::446,0.263737
lib/matplotlib/patches.py::465,0.263737
lib/matplotlib/patches.py::466,0.263737
lib/matplotlib/patches.py::467,0.263737
lib/matplotlib/patches.py::468,0.263737
lib/matplotlib/patches.py::481,0.263737
lib/matplotlib/patches.py::482,0.263737
lib/matplotlib/patches.py::483,0.263737
lib/matplotlib/patches.py::484,0.263737
lib/matplotlib/patches.py::518,0.263737
lib/matplotlib/patches.py::519,0.263737
lib/matplotlib/patches.py::59,0.263737
lib/matplotlib/patches.py::61,0.263737
lib/matplotlib/patches.py::62,0.263737
lib/matplotlib/patches.py::63,0.263737
lib/matplotlib/patches.py::64,0.263737
lib/matplotlib/patches.py::65,0.263737
lib/matplotlib/patches.py::66,0.263737
lib/matplotlib/patches.py::67,0.263737
lib/matplotlib/patches.py::68,0.263737
lib/matplotlib/patches.py::69,0.263737
lib/matplotlib/patches.py::70,0.263737
lib/matplotlib/patches.py::72,0.263737
lib/matplotlib/patches.py::725,0.263737
lib/matplotlib/patches.py::727,0.263737
lib/matplotlib/patches.py::728,0.263737
lib/matplotlib/patches.py::73,0.263737
lib/matplotlib/patches.py::730,0.263737
lib/matplotlib/patches.py::731,0.263737
lib/matplotlib/patches.py::733,0.263737
lib/matplotlib/patches.py::734,0.263737
lib/matplotlib/patches.py::736,0.263737
lib/matplotlib/patches.py::738,0.263737
lib/matplotlib/patches.py::74,0.263737
lib/matplotlib/patches.py::753,0.263737
lib/matplotlib/patches.py::754,0.263737
lib/matplotlib/patches.py::755,0.263737
lib/matplotlib/patches.py::756,0.263737
lib/matplotlib/patches.py::757,0.263737
lib/matplotlib/patches.py::758,0.263737
lib/matplotlib/patches.py::768,0.263737
lib/matplotlib/patches.py::769,0.263737
lib/matplotlib/patches.py::770,0.263737
lib/matplotlib/patches.py::771,0.263737
lib/matplotlib/patches.py::772,0.263737
lib/matplotlib/patches.py::775,0.263737
lib/matplotlib/patches.py::776,0.263737
lib/matplotlib/patches.py::81,0.263737
lib/matplotlib/patches.py::82,0.263737
lib/matplotlib/patches.py::84,0.263737
lib/matplotlib/patches.py::85,0.263737
lib/matplotlib/patches.py::87,0.263737
lib/matplotlib/patches.py::88,0.263737
lib/matplotlib/patches.py::89,0.263737
lib/matplotlib/patches.py::90,0.263737
lib/matplotlib/patches.py::91,0.263737
lib/matplotlib/patches.py::92,0.263737
lib/matplotlib/patches.py::93,0.263737
lib/matplotlib/patches.py::95,0.263737
lib/matplotlib/patches.py::96,0.263737
lib/matplotlib/path.py::127,0.263737
lib/matplotlib/path.py::128,0.263737
lib/matplotlib/path.py::132,0.263737
lib/matplotlib/path.py::140,0.263737
lib/matplotlib/path.py::146,0.263737
lib/matplotlib/path.py::147,0.263737
lib/matplotlib/path.py::148,0.263737
lib/matplotlib/path.py::149,0.263737
lib/matplotlib/path.py::151,0.263737
lib/matplotlib/path.py::157,0.263737
lib/matplotlib/path.py::189,0.263737
lib/matplotlib/path.py::191,0.263737
lib/matplotlib/path.py::192,0.263737
lib/matplotlib/path.py::193,0.263737
lib/matplotlib/path.py::202,0.263737
lib/matplotlib/path.py::221,0.263737
lib/matplotlib/path.py::236,0.263737
lib/matplotlib/path.py::256,0.263737
lib/matplotlib/projections/__init__.py::21,0.263737
lib/matplotlib/projections/__init__.py::50,0.263737
lib/matplotlib/projections/__init__.py::51,0.263737
lib/matplotlib/projections/__init__.py::53,0.263737
lib/matplotlib/projections/__init__.py::54,0.263737
lib/matplotlib/pyplot.py::474,0.263737
lib/matplotlib/pyplot.py::475,0.263737
lib/matplotlib/pyplot.py::476,0.263737
lib/matplotlib/pyplot.py::477,0.263737
lib/matplotlib/pyplot.py::478,0.263737
lib/matplotlib/pyplot.py::479,0.263737
lib/matplotlib/pyplot.py::480,0.263737
lib/matplotlib/pyplot.py::481,0.263737
lib/matplotlib/pyplot.py::483,0.263737
lib/matplotlib/pyplot.py::484,0.263737
lib/matplotlib/pyplot.py::485,0.263737
lib/matplotlib/pyplot.py::486,0.263737
lib/matplotlib/pyplot.py::487,0.263737
lib/matplotlib/pyplot.py::502,0.263737
lib/matplotlib/pyplot.py::503,0.263737
lib/matplotlib/pyplot.py::504,0.263737
lib/matplotlib/pyplot.py::506,0.263737
lib/matplotlib/pyplot.py::516,0.263737
lib/matplotlib/pyplot.py::519,0.263737
lib/matplotlib/pyplot.py::520,0.263737
lib/matplotlib/pyplot.py::521,0.263737
lib/matplotlib/pyplot.py::522,0.263737
lib/matplotlib/pyplot.py::523,0.263737
lib/matplotlib/pyplot.py::524,0.263737
lib/matplotlib/pyplot.py::525,0.263737
lib/matplotlib/pyplot.py::527,0.263737
lib/matplotlib/pyplot.py::532,0.263737
lib/matplotlib/pyplot.py::535,0.263737
lib/matplotlib/pyplot.py::536,0.263737
lib/matplotlib/pyplot.py::538,0.263737
lib/matplotlib/pyplot.py::539,0.263737
lib/matplotlib/pyplot.py::540,0.263737
lib/matplotlib/pyplot.py::546,0.263737
lib/matplotlib/pyplot.py::549,0.263737
lib/matplotlib/pyplot.py::550,0.263737
lib/matplotlib/pyplot.py::552,0.263737
lib/matplotlib/pyplot.py::555,0.263737
lib/matplotlib/pyplot.py::568,0.263737
lib/matplotlib/pyplot.py::593,0.263737
lib/matplotlib/pyplot.py::646,0.263737
lib/matplotlib/pyplot.py::652,0.263737
lib/matplotlib/pyplot.py::653,0.263737
lib/matplotlib/rcsetup.py::110,0.263737
lib/matplotlib/rcsetup.py::127,0.263737
lib/matplotlib/rcsetup.py::128,0.263737
lib/matplotlib/rcsetup.py::129,0.263737
lib/matplotlib/rcsetup.py::130,0.263737
lib/matplotlib/rcsetup.py::131,0.263737
lib/matplotlib/rcsetup.py::132,0.263737
lib/matplotlib/rcsetup.py::134,0.263737
lib/matplotlib/rcsetup.py::153,0.263737
lib/matplotlib/rcsetup.py::157,0.263737
lib/matplotlib/rcsetup.py::160,0.263737
lib/matplotlib/rcsetup.py::161,0.263737
lib/matplotlib/rcsetup.py::162,0.263737
lib/matplotlib/rcsetup.py::173,0.263737
lib/matplotlib/rcsetup.py::174,0.263737
lib/matplotlib/rcsetup.py::175,0.263737
lib/matplotlib/rcsetup.py::176,0.263737
lib/matplotlib/rcsetup.py::177,0.263737
lib/matplotlib/rcsetup.py::178,0.263737
lib/matplotlib/rcsetup.py::179,0.263737
lib/matplotlib/rcsetup.py::186,0.263737
lib/matplotlib/rcsetup.py::187,0.263737
lib/matplotlib/rcsetup.py::188,0.263737
lib/matplotlib/rcsetup.py::189,0.263737
lib/matplotlib/rcsetup.py::202,0.263737
lib/matplotlib/rcsetup.py::203,0.263737
lib/matplotlib/rcsetup.py::204,0.263737
lib/matplotlib/rcsetup.py::205,0.263737
lib/matplotlib/rcsetup.py::206,0.263737
lib/matplotlib/rcsetup.py::235,0.263737
lib/matplotlib/rcsetup.py::236,0.263737
lib/matplotlib/rcsetup.py::237,0.263737
lib/matplotlib/rcsetup.py::238,0.263737
lib/matplotlib/rcsetup.py::246,0.263737
lib/matplotlib/rcsetup.py::250,0.263737
lib/matplotlib/rcsetup.py::260,0.263737
lib/matplotlib/rcsetup.py::261,0.263737
lib/matplotlib/rcsetup.py::262,0.263737
lib/matplotlib/rcsetup.py::271,0.263737
lib/matplotlib/rcsetup.py::273,0.263737
lib/matplotlib/rcsetup.py::280,0.263737
lib/matplotlib/rcsetup.py::284,0.263737
lib/matplotlib/rcsetup.py::285,0.263737
lib/matplotlib/rcsetup.py::286,0.263737
lib/matplotlib/rcsetup.py::291,0.263737
lib/matplotlib/rcsetup.py::300,0.263737
lib/matplotlib/rcsetup.py::301,0.263737
lib/matplotlib/rcsetup.py::302,0.263737
lib/matplotlib/rcsetup.py::306,0.263737
lib/matplotlib/rcsetup.py::307,0.263737
lib/matplotlib/rcsetup.py::308,0.263737
lib/matplotlib/rcsetup.py::314,0.263737
lib/matplotlib/rcsetup.py::319,0.263737
lib/matplotlib/rcsetup.py::320,0.263737
lib/matplotlib/rcsetup.py::321,0.263737
lib/matplotlib/rcsetup.py::324,0.263737
lib/matplotlib/rcsetup.py::329,0.263737
lib/matplotlib/rcsetup.py::330,0.263737
lib/matplotlib/rcsetup.py::331,0.263737
lib/matplotlib/rcsetup.py::335,0.263737
lib/matplotlib/rcsetup.py::336,0.263737
lib/matplotlib/rcsetup.py::341,0.263737
lib/matplotlib/rcsetup.py::342,0.263737
lib/matplotlib/rcsetup.py::372,0.263737
lib/matplotlib/rcsetup.py::373,0.263737
lib/matplotlib/rcsetup.py::381,0.263737
lib/matplotlib/rcsetup.py::382,0.263737
lib/matplotlib/rcsetup.py::388,0.263737
lib/matplotlib/rcsetup.py::389,0.263737
lib/matplotlib/rcsetup.py::390,0.263737
lib/matplotlib/rcsetup.py::391,0.263737
lib/matplotlib/rcsetup.py::392,0.263737
lib/matplotlib/rcsetup.py::393,0.263737
lib/matplotlib/rcsetup.py::406,0.263737
lib/matplotlib/rcsetup.py::407,0.263737
lib/matplotlib/rcsetup.py::409,0.263737
lib/matplotlib/rcsetup.py::410,0.263737
lib/matplotlib/rcsetup.py::418,0.263737
lib/matplotlib/rcsetup.py::419,0.263737
lib/matplotlib/rcsetup.py::428,0.263737
lib/matplotlib/rcsetup.py::433,0.263737
lib/matplotlib/rcsetup.py::434,0.263737
lib/matplotlib/rcsetup.py::435,0.263737
lib/matplotlib/rcsetup.py::445,0.263737
lib/matplotlib/rcsetup.py::452,0.263737
lib/matplotlib/rcsetup.py::453,0.263737
lib/matplotlib/rcsetup.py::455,0.263737
lib/matplotlib/rcsetup.py::456,0.263737
lib/matplotlib/rcsetup.py::457,0.263737
lib/matplotlib/rcsetup.py::458,0.263737
lib/matplotlib/rcsetup.py::482,0.263737
lib/matplotlib/rcsetup.py::483,0.263737
lib/matplotlib/rcsetup.py::489,0.263737
lib/matplotlib/rcsetup.py::501,0.263737
lib/matplotlib/rcsetup.py::503,0.263737
lib/matplotlib/rcsetup.py::504,0.263737
lib/matplotlib/rcsetup.py::538,0.263737
lib/matplotlib/rcsetup.py::539,0.263737
lib/matplotlib/rcsetup.py::540,0.263737
lib/matplotlib/rcsetup.py::55,0.263737
lib/matplotlib/rcsetup.py::56,0.263737
lib/matplotlib/rcsetup.py::570,0.263737
lib/matplotlib/rcsetup.py::571,0.263737
lib/matplotlib/rcsetup.py::58,0.263737
lib/matplotlib/rcsetup.py::583,0.263737
lib/matplotlib/rcsetup.py::587,0.263737
lib/matplotlib/rcsetup.py::588,0.263737
lib/matplotlib/rcsetup.py::589,0.263737
lib/matplotlib/rcsetup.py::59,0.263737
lib/matplotlib/rcsetup.py::593,0.263737
lib/matplotlib/rcsetup.py::594,0.263737
lib/matplotlib/rcsetup.py::595,0.263737
lib/matplotlib/rcsetup.py::62,0.263737
lib/matplotlib/rcsetup.py::63,0.263737
lib/matplotlib/rcsetup.py::66,0.263737
lib/matplotlib/rcsetup.py::664,0.263737
lib/matplotlib/rcsetup.py::67,0.263737
lib/matplotlib/rcsetup.py::670,0.263737
lib/matplotlib/rcsetup.py::671,0.263737
lib/matplotlib/rcsetup.py::68,0.263737
lib/matplotlib/rcsetup.py::682,0.263737
lib/matplotlib/rcsetup.py::683,0.263737
lib/matplotlib/rcsetup.py::69,0.263737
lib/matplotlib/rcsetup.py::699,0.263737
lib/matplotlib/rcsetup.py::706,0.263737
lib/matplotlib/rcsetup.py::709,0.263737
lib/matplotlib/rcsetup.py::713,0.263737
lib/matplotlib/rcsetup.py::715,0.263737
lib/matplotlib/rcsetup.py::716,0.263737
lib/matplotlib/rcsetup.py::727,0.263737
lib/matplotlib/rcsetup.py::728,0.263737
lib/matplotlib/rcsetup.py::729,0.263737
lib/matplotlib/rcsetup.py::735,0.263737
lib/matplotlib/rcsetup.py::736,0.263737
lib/matplotlib/rcsetup.py::737,0.263737
lib/matplotlib/rcsetup.py::76,0.263737
lib/matplotlib/rcsetup.py::77,0.263737
lib/matplotlib/rcsetup.py::78,0.263737
lib/matplotlib/rcsetup.py::79,0.263737
lib/matplotlib/rcsetup.py::890,0.263737
lib/matplotlib/rcsetup.py::90,0.263737
lib/matplotlib/rcsetup.py::915,0.263737
lib/matplotlib/rcsetup.py::916,0.263737
lib/matplotlib/rcsetup.py::920,0.263737
lib/matplotlib/rcsetup.py::921,0.263737
lib/matplotlib/rcsetup.py::926,0.263737
lib/matplotlib/rcsetup.py::927,0.263737
lib/matplotlib/rcsetup.py::928,0.263737
lib/matplotlib/rcsetup.py::929,0.263737
lib/matplotlib/rcsetup.py::932,0.263737
lib/matplotlib/rcsetup.py::936,0.263737
lib/matplotlib/rcsetup.py::940,0.263737
lib/matplotlib/rcsetup.py::943,0.263737
lib/matplotlib/rcsetup.py::944,0.263737
lib/matplotlib/rcsetup.py::945,0.263737
lib/matplotlib/rcsetup.py::947,0.263737
lib/matplotlib/rcsetup.py::948,0.263737
lib/matplotlib/rcsetup.py::95,0.263737
lib/matplotlib/rcsetup.py::950,0.263737
lib/matplotlib/rcsetup.py::954,0.263737
lib/matplotlib/rcsetup.py::955,0.263737
lib/matplotlib/rcsetup.py::957,0.263737
lib/matplotlib/rcsetup.py::958,0.263737
lib/matplotlib/rcsetup.py::96,0.263737
lib/matplotlib/scale.py::103,0.263737
lib/matplotlib/scale.py::107,0.263737
lib/matplotlib/scale.py::108,0.263737
lib/matplotlib/scale.py::109,0.263737
lib/matplotlib/scale.py::111,0.263737
lib/matplotlib/scale.py::112,0.263737
lib/matplotlib/scale.py::115,0.263737
lib/matplotlib/scale.py::122,0.263737
lib/matplotlib/scale.py::56,0.263737
lib/matplotlib/scale.py::742,0.263737
lib/matplotlib/scale.py::743,0.263737
lib/matplotlib/scale.py::744,0.263737
lib/matplotlib/scale.py::87,0.263737
lib/matplotlib/spines.py::221,0.263737
lib/matplotlib/spines.py::223,0.263737
lib/matplotlib/spines.py::224,0.263737
lib/matplotlib/spines.py::233,0.263737
lib/matplotlib/spines.py::234,0.263737
lib/matplotlib/spines.py::235,0.263737
lib/matplotlib/spines.py::236,0.263737
lib/matplotlib/spines.py::240,0.263737
lib/matplotlib/spines.py::241,0.263737
lib/matplotlib/spines.py::242,0.263737
lib/matplotlib/spines.py::398,0.263737
lib/matplotlib/spines.py::401,0.263737
lib/matplotlib/spines.py::403,0.263737
lib/matplotlib/spines.py::406,0.263737
lib/matplotlib/spines.py::407,0.263737
lib/matplotlib/spines.py::408,0.263737
lib/matplotlib/spines.py::409,0.263737
lib/matplotlib/spines.py::410,0.263737
lib/matplotlib/spines.py::419,0.263737
lib/matplotlib/spines.py::421,0.263737
lib/matplotlib/spines.py::422,0.263737
lib/matplotlib/spines.py::427,0.263737
lib/matplotlib/spines.py::428,0.263737
lib/matplotlib/spines.py::429,0.263737
lib/matplotlib/spines.py::430,0.263737
lib/matplotlib/spines.py::431,0.263737
lib/matplotlib/spines.py::432,0.263737
lib/matplotlib/spines.py::433,0.263737
lib/matplotlib/spines.py::434,0.263737
lib/matplotlib/spines.py::438,0.263737
lib/matplotlib/spines.py::439,0.263737
lib/matplotlib/spines.py::440,0.263737
lib/matplotlib/spines.py::516,0.263737
lib/matplotlib/spines.py::517,0.263737
lib/matplotlib/spines.py::518,0.263737
lib/matplotlib/spines.py::519,0.263737
lib/matplotlib/spines.py::520,0.263737
lib/matplotlib/spines.py::521,0.263737
lib/matplotlib/spines.py::522,0.263737
lib/matplotlib/spines.py::523,0.263737
lib/matplotlib/spines.py::526,0.263737
lib/matplotlib/spines.py::527,0.263737
lib/matplotlib/spines.py::529,0.263737
lib/matplotlib/spines.py::55,0.263737
lib/matplotlib/spines.py::56,0.263737
lib/matplotlib/spines.py::57,0.263737
lib/matplotlib/spines.py::58,0.263737
lib/matplotlib/spines.py::59,0.263737
lib/matplotlib/spines.py::60,0.263737
lib/matplotlib/spines.py::61,0.263737
lib/matplotlib/spines.py::62,0.263737
lib/matplotlib/spines.py::63,0.263737
lib/matplotlib/spines.py::65,0.263737
lib/matplotlib/spines.py::66,0.263737
lib/matplotlib/spines.py::68,0.263737
lib/matplotlib/spines.py::69,0.263737
lib/matplotlib/spines.py::74,0.263737
lib/matplotlib/spines.py::75,0.263737
lib/matplotlib/spines.py::76,0.263737
lib/matplotlib/spines.py::84,0.263737
lib/matplotlib/spines.py::88,0.263737
lib/matplotlib/style/core.py::100,0.263737
lib/matplotlib/style/core.py::101,0.263737
lib/matplotlib/style/core.py::102,0.263737
lib/matplotlib/style/core.py::103,0.263737
lib/matplotlib/style/core.py::105,0.263737
lib/matplotlib/style/core.py::110,0.263737
lib/matplotlib/style/core.py::111,0.263737
lib/matplotlib/style/core.py::45,0.263737
lib/matplotlib/style/core.py::46,0.263737
lib/matplotlib/style/core.py::47,0.263737
lib/matplotlib/style/core.py::53,0.263737
lib/matplotlib/style/core.py::54,0.263737
lib/matplotlib/style/core.py::64,0.263737
lib/matplotlib/style/core.py::92,0.263737
lib/matplotlib/style/core.py::93,0.263737
lib/matplotlib/style/core.py::94,0.263737
lib/matplotlib/style/core.py::98,0.263737
lib/matplotlib/testing/__init__.py::21,0.263737
lib/matplotlib/testing/__init__.py::22,0.263737
lib/matplotlib/testing/__init__.py::23,0.263737
lib/matplotlib/testing/__init__.py::27,0.263737
lib/matplotlib/testing/__init__.py::34,0.263737
lib/matplotlib/testing/__init__.py::35,0.263737
lib/matplotlib/testing/__init__.py::36,0.263737
lib/matplotlib/testing/__init__.py::37,0.263737
lib/matplotlib/testing/__init__.py::38,0.263737
lib/matplotlib/testing/__init__.py::39,0.263737
lib/matplotlib/testing/__init__.py::40,0.263737
lib/matplotlib/testing/__init__.py::41,0.263737
lib/matplotlib/testing/__init__.py::44,0.263737
lib/matplotlib/testing/__init__.py::46,0.263737
lib/matplotlib/testing/__init__.py::47,0.263737
lib/matplotlib/testing/__init__.py::51,0.263737
lib/matplotlib/testing/__init__.py::52,0.263737
lib/matplotlib/testing/conftest.py::100,0.263737
lib/matplotlib/testing/conftest.py::34,0.263737
lib/matplotlib/testing/conftest.py::36,0.263737
lib/matplotlib/testing/conftest.py::38,0.263737
lib/matplotlib/testing/conftest.py::39,0.263737
lib/matplotlib/testing/conftest.py::40,0.263737
lib/matplotlib/testing/conftest.py::73,0.263737
lib/matplotlib/testing/conftest.py::74,0.263737
lib/matplotlib/testing/conftest.py::75,0.263737
lib/matplotlib/testing/conftest.py::80,0.263737
lib/matplotlib/testing/conftest.py::81,0.263737
lib/matplotlib/testing/conftest.py::95,0.263737
lib/matplotlib/testing/conftest.py::96,0.263737
lib/matplotlib/testing/conftest.py::97,0.263737
lib/matplotlib/testing/conftest.py::98,0.263737
lib/matplotlib/testing/decorators.py::27,0.263737
lib/matplotlib/testing/decorators.py::28,0.263737
lib/matplotlib/testing/decorators.py::29,0.263737
lib/matplotlib/testing/decorators.py::30,0.263737
lib/matplotlib/testing/decorators.py::32,0.263737
lib/matplotlib/testing/decorators.py::33,0.263737
lib/matplotlib/testing/decorators.py::34,0.263737
lib/matplotlib/text.py::1113,0.263737
lib/matplotlib/text.py::1114,0.263737
lib/matplotlib/text.py::1124,0.263737
lib/matplotlib/text.py::1125,0.263737
lib/matplotlib/text.py::1137,0.263737
lib/matplotlib/text.py::1138,0.263737
lib/matplotlib/text.py::1148,0.263737
lib/matplotlib/text.py::1149,0.263737
lib/matplotlib/text.py::1150,0.263737
lib/matplotlib/text.py::1151,0.263737
lib/matplotlib/text.py::1152,0.263737
lib/matplotlib/text.py::1166,0.263737
lib/matplotlib/text.py::1168,0.263737
lib/matplotlib/text.py::1225,0.263737
lib/matplotlib/text.py::1227,0.263737
lib/matplotlib/text.py::1228,0.263737
lib/matplotlib/text.py::1238,0.263737
lib/matplotlib/text.py::1239,0.263737
lib/matplotlib/text.py::1242,0.263737
lib/matplotlib/text.py::149,0.263737
lib/matplotlib/text.py::150,0.263737
lib/matplotlib/text.py::152,0.263737
lib/matplotlib/text.py::153,0.263737
lib/matplotlib/text.py::154,0.263737
lib/matplotlib/text.py::155,0.263737
lib/matplotlib/text.py::157,0.263737
lib/matplotlib/text.py::158,0.263737
lib/matplotlib/text.py::159,0.263737
lib/matplotlib/text.py::160,0.263737
lib/matplotlib/text.py::161,0.263737
lib/matplotlib/text.py::162,0.263737
lib/matplotlib/text.py::163,0.263737
lib/matplotlib/text.py::164,0.263737
lib/matplotlib/text.py::165,0.263737
lib/matplotlib/text.py::166,0.263737
lib/matplotlib/text.py::167,0.263737
lib/matplotlib/text.py::168,0.263737
lib/matplotlib/text.py::169,0.263737
lib/matplotlib/text.py::170,0.263737
lib/matplotlib/text.py::171,0.263737
lib/matplotlib/text.py::172,0.263737
lib/matplotlib/text.py::173,0.263737
lib/matplotlib/text.py::178,0.263737
lib/matplotlib/text.py::179,0.263737
lib/matplotlib/text.py::180,0.263737
lib/matplotlib/text.py::181,0.263737
lib/matplotlib/text.py::249,0.263737
lib/matplotlib/text.py::250,0.263737
lib/matplotlib/text.py::251,0.263737
lib/matplotlib/text.py::527,0.263737
lib/matplotlib/text.py::528,0.263737
lib/matplotlib/text.py::529,0.263737
lib/matplotlib/text.py::530,0.263737
lib/matplotlib/text.py::535,0.263737
lib/matplotlib/text.py::536,0.263737
lib/matplotlib/text.py::560,0.263737
lib/matplotlib/text.py::940,0.263737
lib/matplotlib/text.py::941,0.263737
lib/matplotlib/text.py::944,0.263737
lib/matplotlib/text.py::945,0.263737
lib/matplotlib/text.py::955,0.263737
lib/matplotlib/text.py::956,0.263737
lib/matplotlib/text.py::957,0.263737
lib/matplotlib/ticker.py::1675,0.263737
lib/matplotlib/ticker.py::2037,0.263737
lib/matplotlib/ticker.py::2048,0.263737
lib/matplotlib/ticker.py::2052,0.263737
lib/matplotlib/ticker.py::2055,0.263737
lib/matplotlib/ticker.py::2056,0.263737
lib/matplotlib/ticker.py::2059,0.263737
lib/matplotlib/ticker.py::2061,0.263737
lib/matplotlib/ticker.py::2063,0.263737
lib/matplotlib/ticker.py::2070,0.263737
lib/matplotlib/ticker.py::2071,0.263737
lib/matplotlib/ticker.py::2092,0.263737
lib/matplotlib/ticker.py::2093,0.263737
lib/matplotlib/ticker.py::2094,0.263737
lib/matplotlib/ticker.py::2096,0.263737
lib/matplotlib/ticker.py::2097,0.263737
lib/matplotlib/ticker.py::2098,0.263737
lib/matplotlib/ticker.py::2099,0.263737
lib/matplotlib/ticker.py::2100,0.263737
lib/matplotlib/ticker.py::2101,0.263737
lib/matplotlib/ticker.py::2102,0.263737
lib/matplotlib/ticker.py::2103,0.263737
lib/matplotlib/ticker.py::2104,0.263737
lib/matplotlib/ticker.py::2105,0.263737
lib/matplotlib/ticker.py::2106,0.263737
lib/matplotlib/ticker.py::2109,0.263737
lib/matplotlib/ticker.py::2110,0.263737
lib/matplotlib/ticker.py::2111,0.263737
lib/matplotlib/ticker.py::2112,0.263737
lib/matplotlib/ticker.py::2113,0.263737
lib/matplotlib/ticker.py::221,0.263737
lib/matplotlib/ticker.py::2800,0.263737
lib/matplotlib/ticker.py::2806,0.263737
lib/matplotlib/ticker.py::299,0.263737
lib/matplotlib/ticker.py::517,0.263737
lib/matplotlib/ticker.py::518,0.263737
lib/matplotlib/ticker.py::519,0.263737
lib/matplotlib/ticker.py::520,0.263737
lib/matplotlib/ticker.py::521,0.263737
lib/matplotlib/ticker.py::522,0.263737
lib/matplotlib/ticker.py::523,0.263737
lib/matplotlib/ticker.py::524,0.263737
lib/matplotlib/ticker.py::525,0.263737
lib/matplotlib/ticker.py::526,0.263737
lib/matplotlib/ticker.py::527,0.263737
lib/matplotlib/ticker.py::528,0.263737
lib/matplotlib/ticker.py::529,0.263737
lib/matplotlib/ticker.py::530,0.263737
lib/matplotlib/ticker.py::531,0.263737
lib/matplotlib/ticker.py::537,0.263737
lib/matplotlib/ticker.py::538,0.263737
lib/matplotlib/ticker.py::539,0.263737
lib/matplotlib/ticker.py::561,0.263737
lib/matplotlib/ticker.py::564,0.263737
lib/matplotlib/transforms.py::1000,0.263737
lib/matplotlib/transforms.py::1001,0.263737
lib/matplotlib/transforms.py::1002,0.263737
lib/matplotlib/transforms.py::1249,0.263737
lib/matplotlib/transforms.py::129,0.263737
lib/matplotlib/transforms.py::130,0.263737
lib/matplotlib/transforms.py::131,0.263737
lib/matplotlib/transforms.py::132,0.263737
lib/matplotlib/transforms.py::149,0.263737
lib/matplotlib/transforms.py::151,0.263737
lib/matplotlib/transforms.py::152,0.263737
lib/matplotlib/transforms.py::154,0.263737
lib/matplotlib/transforms.py::156,0.263737
lib/matplotlib/transforms.py::157,0.263737
lib/matplotlib/transforms.py::158,0.263737
lib/matplotlib/transforms.py::159,0.263737
lib/matplotlib/transforms.py::1614,0.263737
lib/matplotlib/transforms.py::1615,0.263737
lib/matplotlib/transforms.py::1616,0.263737
lib/matplotlib/transforms.py::1619,0.263737
lib/matplotlib/transforms.py::1620,0.263737
lib/matplotlib/transforms.py::1621,0.263737
lib/matplotlib/transforms.py::1622,0.263737
lib/matplotlib/transforms.py::1623,0.263737
lib/matplotlib/transforms.py::1639,0.263737
lib/matplotlib/transforms.py::1641,0.263737
lib/matplotlib/transforms.py::1642,0.263737
lib/matplotlib/transforms.py::1643,0.263737
lib/matplotlib/transforms.py::1644,0.263737
lib/matplotlib/transforms.py::1645,0.263737
lib/matplotlib/transforms.py::1646,0.263737
lib/matplotlib/transforms.py::1647,0.263737
lib/matplotlib/transforms.py::1648,0.263737
lib/matplotlib/transforms.py::1649,0.263737
lib/matplotlib/transforms.py::1662,0.263737
lib/matplotlib/transforms.py::1663,0.263737
lib/matplotlib/transforms.py::1668,0.263737
lib/matplotlib/transforms.py::1669,0.263737
lib/matplotlib/transforms.py::1671,0.263737
lib/matplotlib/transforms.py::1672,0.263737
lib/matplotlib/transforms.py::1673,0.263737
lib/matplotlib/transforms.py::1675,0.263737
lib/matplotlib/transforms.py::1688,0.263737
lib/matplotlib/transforms.py::1689,0.263737
lib/matplotlib/transforms.py::171,0.263737
lib/matplotlib/transforms.py::175,0.263737
lib/matplotlib/transforms.py::1756,0.263737
lib/matplotlib/transforms.py::1757,0.263737
lib/matplotlib/transforms.py::176,0.263737
lib/matplotlib/transforms.py::177,0.263737
lib/matplotlib/transforms.py::1827,0.263737
lib/matplotlib/transforms.py::1828,0.263737
lib/matplotlib/transforms.py::1830,0.263737
lib/matplotlib/transforms.py::1831,0.263737
lib/matplotlib/transforms.py::1832,0.263737
lib/matplotlib/transforms.py::1918,0.263737
lib/matplotlib/transforms.py::1919,0.263737
lib/matplotlib/transforms.py::1920,0.263737
lib/matplotlib/transforms.py::1921,0.263737
lib/matplotlib/transforms.py::1922,0.263737
lib/matplotlib/transforms.py::1923,0.263737
lib/matplotlib/transforms.py::1924,0.263737
lib/matplotlib/transforms.py::1934,0.263737
lib/matplotlib/transforms.py::1955,0.263737
lib/matplotlib/transforms.py::1956,0.263737
lib/matplotlib/transforms.py::1966,0.263737
lib/matplotlib/transforms.py::1967,0.263737
lib/matplotlib/transforms.py::1968,0.263737
lib/matplotlib/transforms.py::1969,0.263737
lib/matplotlib/transforms.py::1970,0.263737
lib/matplotlib/transforms.py::1983,0.263737
lib/matplotlib/transforms.py::1984,0.263737
lib/matplotlib/transforms.py::1985,0.263737
lib/matplotlib/transforms.py::1986,0.263737
lib/matplotlib/transforms.py::1987,0.263737
lib/matplotlib/transforms.py::1988,0.263737
lib/matplotlib/transforms.py::1989,0.263737
lib/matplotlib/transforms.py::2041,0.263737
lib/matplotlib/transforms.py::2122,0.263737
lib/matplotlib/transforms.py::2123,0.263737
lib/matplotlib/transforms.py::2124,0.263737
lib/matplotlib/transforms.py::2125,0.263737
lib/matplotlib/transforms.py::2126,0.263737
lib/matplotlib/transforms.py::2215,0.263737
lib/matplotlib/transforms.py::2216,0.263737
lib/matplotlib/transforms.py::2217,0.263737
lib/matplotlib/transforms.py::2218,0.263737
lib/matplotlib/transforms.py::2222,0.263737
lib/matplotlib/transforms.py::2223,0.263737
lib/matplotlib/transforms.py::2224,0.263737
lib/matplotlib/transforms.py::2225,0.263737
lib/matplotlib/transforms.py::2227,0.263737
lib/matplotlib/transforms.py::2228,0.263737
lib/matplotlib/transforms.py::2255,0.263737
lib/matplotlib/transforms.py::2256,0.263737
lib/matplotlib/transforms.py::2257,0.263737
lib/matplotlib/transforms.py::2258,0.263737
lib/matplotlib/transforms.py::2280,0.263737
lib/matplotlib/transforms.py::2283,0.263737
lib/matplotlib/transforms.py::2284,0.263737
lib/matplotlib/transforms.py::2286,0.263737
lib/matplotlib/transforms.py::2287,0.263737
lib/matplotlib/transforms.py::2288,0.263737
lib/matplotlib/transforms.py::2289,0.263737
lib/matplotlib/transforms.py::2307,0.263737
lib/matplotlib/transforms.py::2308,0.263737
lib/matplotlib/transforms.py::2313,0.263737
lib/matplotlib/transforms.py::2314,0.263737
lib/matplotlib/transforms.py::2330,0.263737
lib/matplotlib/transforms.py::2459,0.263737
lib/matplotlib/transforms.py::2461,0.263737
lib/matplotlib/transforms.py::2463,0.263737
lib/matplotlib/transforms.py::2465,0.263737
lib/matplotlib/transforms.py::2528,0.263737
lib/matplotlib/transforms.py::2531,0.263737
lib/matplotlib/transforms.py::2532,0.263737
lib/matplotlib/transforms.py::2533,0.263737
lib/matplotlib/transforms.py::2534,0.263737
lib/matplotlib/transforms.py::2535,0.263737
lib/matplotlib/transforms.py::2586,0.263737
lib/matplotlib/transforms.py::2589,0.263737
lib/matplotlib/transforms.py::2590,0.263737
lib/matplotlib/transforms.py::2591,0.263737
lib/matplotlib/transforms.py::2592,0.263737
lib/matplotlib/transforms.py::2593,0.263737
lib/matplotlib/transforms.py::2624,0.263737
lib/matplotlib/transforms.py::2625,0.263737
lib/matplotlib/transforms.py::2626,0.263737
lib/matplotlib/transforms.py::2627,0.263737
lib/matplotlib/transforms.py::2628,0.263737
lib/matplotlib/transforms.py::2629,0.263737
lib/matplotlib/transforms.py::273,0.263737
lib/matplotlib/transforms.py::2786,0.263737
lib/matplotlib/transforms.py::2787,0.263737
lib/matplotlib/transforms.py::2789,0.263737
lib/matplotlib/transforms.py::2790,0.263737
lib/matplotlib/transforms.py::2794,0.263737
lib/matplotlib/transforms.py::2795,0.263737
lib/matplotlib/transforms.py::2799,0.263737
lib/matplotlib/transforms.py::2807,0.263737
lib/matplotlib/transforms.py::2809,0.263737
lib/matplotlib/transforms.py::395,0.263737
lib/matplotlib/transforms.py::396,0.263737
lib/matplotlib/transforms.py::401,0.263737
lib/matplotlib/transforms.py::402,0.263737
lib/matplotlib/transforms.py::738,0.263737
lib/matplotlib/transforms.py::739,0.263737
lib/matplotlib/transforms.py::740,0.263737
lib/matplotlib/transforms.py::743,0.263737
lib/matplotlib/transforms.py::744,0.263737
lib/matplotlib/transforms.py::745,0.263737
lib/matplotlib/transforms.py::749,0.263737
lib/matplotlib/transforms.py::764,0.263737
lib/matplotlib/transforms.py::769,0.263737
lib/matplotlib/transforms.py::778,0.263737
lib/matplotlib/transforms.py::787,0.263737
lib/matplotlib/transforms.py::832,0.263737
lib/matplotlib/transforms.py::835,0.263737
lib/matplotlib/transforms.py::838,0.263737
lib/matplotlib/transforms.py::839,0.263737
lib/matplotlib/transforms.py::841,0.263737
lib/matplotlib/transforms.py::842,0.263737
lib/matplotlib/transforms.py::843,0.263737
lib/matplotlib/transforms.py::844,0.263737
lib/matplotlib/transforms.py::845,0.263737
lib/matplotlib/transforms.py::846,0.263737
lib/matplotlib/transforms.py::847,0.263737
lib/matplotlib/transforms.py::848,0.263737
lib/matplotlib/transforms.py::869,0.263737
lib/matplotlib/transforms.py::872,0.263737
lib/matplotlib/transforms.py::873,0.263737
lib/matplotlib/transforms.py::874,0.263737
lib/matplotlib/transforms.py::908,0.263737
lib/matplotlib/transforms.py::909,0.263737
lib/matplotlib/transforms.py::91,0.263737
lib/matplotlib/transforms.py::913,0.263737
lib/matplotlib/transforms.py::914,0.263737
lib/matplotlib/transforms.py::930,0.263737
lib/matplotlib/transforms.py::934,0.263737
lib/matplotlib/transforms.py::941,0.263737
lib/matplotlib/transforms.py::942,0.263737
lib/matplotlib/transforms.py::95,0.263737
lib/matplotlib/transforms.py::96,0.263737
lib/matplotlib/transforms.py::991,0.263737
lib/matplotlib/transforms.py::993,0.263737
lib/matplotlib/transforms.py::994,0.263737
lib/matplotlib/transforms.py::998,0.263737
lib/matplotlib/transforms.py::999,0.263737
lib/matplotlib/units.py::198,0.263737
lib/matplotlib/units.py::200,0.263737
lib/matplotlib/units.py::208,0.263737
lib/matplotlib/units.py::209,0.263737
lib/matplotlib/units.py::210,0.263737
lib/matplotlib/units.py::211,0.263737
lib/matplotlib/units.py::212,0.263737
lib/matplotlib/units.py::213,0.263737
lib/matplotlib/units.py::214,0.263737
lib/matplotlib/units.py::215,0.263737
lib/matplotlib/units.py::216,0.263737
lib/matplotlib/units.py::220,0.263737
lib/matplotlib/units.py::221,0.263737
lib/matplotlib/units.py::222,0.263737
lib/matplotlib/units.py::64,0.263737
lib/matplotlib/units.py::71,0.263737
lib/matplotlib/widgets.py::36,0.263737
lib/matplotlib/colorbar.py::559,0.185477
lib/matplotlib/ticker.py::2107,0.185477
lib/matplotlib/colorbar.py::976,0.173706
lib/matplotlib/colorbar.py::978,0.173706
lib/matplotlib/colorbar.py::550,0.168607
lib/matplotlib/colorbar.py::558,0.168607
lib/matplotlib/artist.py::873,0.159632
lib/matplotlib/artist.py::877,0.159632
lib/matplotlib/colorbar.py::619,0.159632
lib/matplotlib/colorbar.py::620,0.159632
lib/matplotlib/colorbar.py::621,0.159632
lib/matplotlib/colorbar.py::823,0.159632
lib/matplotlib/colorbar.py::541,0.155653
lib/matplotlib/colorbar.py::545,0.155653
lib/matplotlib/colorbar.py::548,0.155653
lib/matplotlib/colorbar.py::908,0.155653
lib/matplotlib/colorbar.py::909,0.155653
lib/matplotlib/colorbar.py::910,0.155653
lib/matplotlib/colorbar.py::966,0.155653
lib/matplotlib/colorbar.py::968,0.155653
lib/matplotlib/colorbar.py::980,0.155653
lib/matplotlib/colors.py::1037,0.155653
lib/matplotlib/colors.py::1039,0.155653
lib/matplotlib/colors.py::1040,0.155653
lib/matplotlib/colors.py::1042,0.155653
lib/matplotlib/colors.py::1043,0.155653
lib/matplotlib/colors.py::1044,0.155653
lib/matplotlib/path.py::194,0.155653
lib/matplotlib/colorbar.py::1043,0.151959
lib/matplotlib/colorbar.py::996,0.151959
lib/matplotlib/axis.py::2187,0.148517
lib/matplotlib/axis.py::2188,0.148517
lib/matplotlib/axis.py::2189,0.148517
lib/matplotlib/axis.py::2190,0.148517
lib/matplotlib/axis.py::2191,0.148517
lib/matplotlib/axis.py::2192,0.148517
lib/matplotlib/axis.py::2193,0.148517
lib/matplotlib/axis.py::2273,0.148517
lib/matplotlib/axis.py::2274,0.148517
lib/matplotlib/axis.py::2276,0.148517
lib/matplotlib/axis.py::2277,0.148517
lib/matplotlib/axis.py::2278,0.148517
lib/matplotlib/axis.py::2311,0.148517
lib/matplotlib/axis.py::2312,0.148517
lib/matplotlib/axis.py::2313,0.148517
lib/matplotlib/axis.py::2314,0.148517
lib/matplotlib/axis.py::2315,0.148517
lib/matplotlib/axis.py::2316,0.148517
lib/matplotlib/axis.py::2332,0.148517
lib/matplotlib/colorbar.py::1709,0.148517
lib/matplotlib/colorbar.py::1710,0.148517
lib/matplotlib/colorbar.py::1711,0.148517
lib/matplotlib/colorbar.py::1713,0.148517
lib/matplotlib/colorbar.py::519,0.148517
lib/matplotlib/colorbar.py::540,0.148517
lib/matplotlib/colorbar.py::589,0.148517
lib/matplotlib/colorbar.py::780,0.148517
lib/matplotlib/colorbar.py::798,0.148517
lib/matplotlib/colors.py::979,0.148517
lib/matplotlib/figure.py::2202,0.148517
lib/matplotlib/figure.py::2203,0.148517
lib/matplotlib/figure.py::2204,0.148517
lib/matplotlib/collections.py::648,0.145300
lib/matplotlib/colorbar.py::569,0.145300
lib/matplotlib/colorbar.py::573,0.145300
lib/matplotlib/colors.py::977,0.142284
lib/matplotlib/colors.py::978,0.142284
lib/matplotlib/colors.py::980,0.142284
lib/matplotlib/colors.py::981,0.142284
lib/matplotlib/colors.py::986,0.142284
lib/matplotlib/colors.py::987,0.142284
lib/matplotlib/colors.py::988,0.142284
lib/matplotlib/colors.py::989,0.142284
lib/matplotlib/cbook/__init__.py::1903,0.139449
lib/matplotlib/colorbar.py::1124,0.139449
lib/matplotlib/colorbar.py::1125,0.139449
lib/matplotlib/text.py::1102,0.139449
lib/matplotlib/text.py::1103,0.139449
lib/matplotlib/text.py::834,0.139449
lib/matplotlib/colorbar.py::906,0.136778
lib/matplotlib/colorbar.py::907,0.136778
lib/matplotlib/colorbar.py::914,0.136778
lib/matplotlib/artist.py::756,0.134256
lib/matplotlib/artist.py::759,0.134256
lib/matplotlib/artist.py::763,0.134256
lib/matplotlib/artist.py::764,0.134256
lib/matplotlib/axes/_axes.py::5637,0.134256
lib/matplotlib/axes/_axes.py::5647,0.134256
lib/matplotlib/axes/_axes.py::5649,0.134256
lib/matplotlib/axes/_axes.py::5650,0.134256
lib/matplotlib/axes/_axes.py::5651,0.134256
lib/matplotlib/axes/_axes.py::5652,0.134256
lib/matplotlib/axes/_axes.py::5659,0.134256
lib/matplotlib/axes/_axes.py::5660,0.134256
lib/matplotlib/axes/_axes.py::5661,0.134256
lib/matplotlib/axes/_axes.py::5662,0.134256
lib/matplotlib/axes/_axes.py::5663,0.134256
lib/matplotlib/axes/_axes.py::5668,0.134256
lib/matplotlib/axes/_axes.py::5669,0.134256
lib/matplotlib/axes/_axes.py::5670,0.134256
lib/matplotlib/axes/_axes.py::5673,0.134256
lib/matplotlib/axes/_axes.py::5676,0.134256
lib/matplotlib/axes/_axes.py::5680,0.134256
lib/matplotlib/axes/_axes.py::5686,0.134256
lib/matplotlib/axes/_axes.py::5690,0.134256
lib/matplotlib/axes/_axes.py::5691,0.134256
lib/matplotlib/axes/_axes.py::5692,0.134256
lib/matplotlib/axes/_axes.py::6083,0.134256
lib/matplotlib/axes/_axes.py::6084,0.134256
lib/matplotlib/axes/_axes.py::6086,0.134256
lib/matplotlib/axes/_axes.py::6088,0.134256
lib/matplotlib/axes/_axes.py::6089,0.134256
lib/matplotlib/axes/_axes.py::6090,0.134256
lib/matplotlib/axes/_axes.py::6091,0.134256
lib/matplotlib/axes/_axes.py::6093,0.134256
lib/matplotlib/axes/_axes.py::6094,0.134256
lib/matplotlib/axes/_axes.py::6095,0.134256
lib/matplotlib/axes/_axes.py::6098,0.134256
lib/matplotlib/axes/_axes.py::6099,0.134256
lib/matplotlib/axes/_axes.py::6100,0.134256
lib/matplotlib/axes/_axes.py::6101,0.134256
lib/matplotlib/axes/_axes.py::6102,0.134256
lib/matplotlib/axes/_axes.py::6103,0.134256
lib/matplotlib/axes/_axes.py::6104,0.134256
lib/matplotlib/axes/_axes.py::6105,0.134256
lib/matplotlib/axes/_axes.py::6106,0.134256
lib/matplotlib/axes/_axes.py::6107,0.134256
lib/matplotlib/axes/_axes.py::6109,0.134256
lib/matplotlib/axes/_axes.py::6112,0.134256
lib/matplotlib/axes/_axes.py::6113,0.134256
lib/matplotlib/axes/_axes.py::6114,0.134256
lib/matplotlib/axes/_axes.py::6117,0.134256
lib/matplotlib/axes/_axes.py::6121,0.134256
lib/matplotlib/axes/_axes.py::6123,0.134256
lib/matplotlib/axes/_axes.py::6124,0.134256
lib/matplotlib/axes/_axes.py::6125,0.134256
lib/matplotlib/axes/_axes.py::6126,0.134256
lib/matplotlib/axes/_axes.py::6127,0.134256
lib/matplotlib/axes/_axes.py::6128,0.134256
lib/matplotlib/axes/_axes.py::6129,0.134256
lib/matplotlib/axes/_axes.py::6130,0.134256
lib/matplotlib/axes/_base.py::1842,0.134256
lib/matplotlib/axes/_base.py::1843,0.134256
lib/matplotlib/axes/_base.py::1844,0.134256
lib/matplotlib/axes/_base.py::1845,0.134256
lib/matplotlib/axes/_base.py::1846,0.134256
lib/matplotlib/axes/_base.py::1847,0.134256
lib/matplotlib/axes/_base.py::1848,0.134256
lib/matplotlib/axes/_base.py::1872,0.134256
lib/matplotlib/axes/_base.py::1873,0.134256
lib/matplotlib/axes/_base.py::1874,0.134256
lib/matplotlib/axes/_base.py::1875,0.134256
lib/matplotlib/axes/_base.py::1876,0.134256
lib/matplotlib/axes/_base.py::1877,0.134256
lib/matplotlib/axes/_base.py::1879,0.134256
lib/matplotlib/axes/_base.py::1880,0.134256
lib/matplotlib/axes/_base.py::1882,0.134256
lib/matplotlib/axes/_base.py::1888,0.134256
lib/matplotlib/axes/_base.py::1889,0.134256
lib/matplotlib/axes/_base.py::2127,0.134256
lib/matplotlib/axes/_base.py::2128,0.134256
lib/matplotlib/axes/_base.py::2132,0.134256
lib/matplotlib/axes/_base.py::2728,0.134256
lib/matplotlib/axes/_base.py::2729,0.134256
lib/matplotlib/axes/_base.py::612,0.134256
lib/matplotlib/axes/_base.py::614,0.134256
lib/matplotlib/axes/_base.py::615,0.134256
lib/matplotlib/axes/_base.py::616,0.134256
lib/matplotlib/axes/_base.py::617,0.134256
lib/matplotlib/axis.py::1341,0.134256
lib/matplotlib/axis.py::1344,0.134256
lib/matplotlib/axis.py::1351,0.134256
lib/matplotlib/axis.py::1355,0.134256
lib/matplotlib/axis.py::1358,0.134256
lib/matplotlib/axis.py::1365,0.134256
lib/matplotlib/axis.py::1478,0.134256
lib/matplotlib/axis.py::1479,0.134256
lib/matplotlib/axis.py::1481,0.134256
lib/matplotlib/axis.py::1482,0.134256
lib/matplotlib/axis.py::1677,0.134256
lib/matplotlib/axis.py::1678,0.134256
lib/matplotlib/axis.py::1684,0.134256
lib/matplotlib/axis.py::1685,0.134256
lib/matplotlib/axis.py::1686,0.134256
lib/matplotlib/axis.py::1688,0.134256
lib/matplotlib/axis.py::1689,0.134256
lib/matplotlib/cbook/__init__.py::1877,0.134256
lib/matplotlib/cbook/deprecation.py::389,0.134256
lib/matplotlib/cbook/deprecation.py::390,0.134256
lib/matplotlib/cbook/deprecation.py::396,0.134256
lib/matplotlib/cm.py::285,0.134256
lib/matplotlib/cm.py::286,0.134256
lib/matplotlib/cm.py::345,0.134256
lib/matplotlib/cm.py::346,0.134256
lib/matplotlib/cm.py::347,0.134256
lib/matplotlib/cm.py::363,0.134256
lib/matplotlib/cm.py::364,0.134256
lib/matplotlib/cm.py::366,0.134256
lib/matplotlib/cm.py::367,0.134256
lib/matplotlib/collections.py::114,0.134256
lib/matplotlib/collections.py::115,0.134256
lib/matplotlib/collections.py::118,0.134256
lib/matplotlib/collections.py::120,0.134256
lib/matplotlib/collections.py::122,0.134256
lib/matplotlib/collections.py::123,0.134256
lib/matplotlib/collections.py::124,0.134256
lib/matplotlib/collections.py::126,0.134256
lib/matplotlib/collections.py::127,0.134256
lib/matplotlib/collections.py::128,0.134256
lib/matplotlib/collections.py::129,0.134256
lib/matplotlib/collections.py::130,0.134256
lib/matplotlib/collections.py::131,0.134256
lib/matplotlib/collections.py::132,0.134256
lib/matplotlib/collections.py::133,0.134256
lib/matplotlib/collections.py::134,0.134256
lib/matplotlib/collections.py::135,0.134256
lib/matplotlib/collections.py::136,0.134256
lib/matplotlib/collections.py::138,0.134256
lib/matplotlib/collections.py::141,0.134256
lib/matplotlib/collections.py::143,0.134256
lib/matplotlib/collections.py::146,0.134256
lib/matplotlib/collections.py::148,0.134256
lib/matplotlib/collections.py::150,0.134256
lib/matplotlib/collections.py::151,0.134256
lib/matplotlib/collections.py::152,0.134256
lib/matplotlib/collections.py::163,0.134256
lib/matplotlib/collections.py::164,0.134256
lib/matplotlib/collections.py::165,0.134256
lib/matplotlib/collections.py::1943,0.134256
lib/matplotlib/collections.py::1944,0.134256
lib/matplotlib/collections.py::1945,0.134256
lib/matplotlib/collections.py::1947,0.134256
lib/matplotlib/collections.py::1948,0.134256
lib/matplotlib/collections.py::1949,0.134256
lib/matplotlib/collections.py::1950,0.134256
lib/matplotlib/collections.py::1952,0.134256
lib/matplotlib/collections.py::1953,0.134256
lib/matplotlib/collections.py::1954,0.134256
lib/matplotlib/collections.py::385,0.134256
lib/matplotlib/collections.py::429,0.134256
lib/matplotlib/collections.py::430,0.134256
lib/matplotlib/collections.py::467,0.134256
lib/matplotlib/collections.py::468,0.134256
lib/matplotlib/collections.py::512,0.134256
lib/matplotlib/collections.py::513,0.134256
lib/matplotlib/collections.py::514,0.134256
lib/matplotlib/collections.py::515,0.134256
lib/matplotlib/collections.py::538,0.134256
lib/matplotlib/collections.py::539,0.134256
lib/matplotlib/collections.py::540,0.134256
lib/matplotlib/collections.py::543,0.134256
lib/matplotlib/collections.py::546,0.134256
lib/matplotlib/collections.py::547,0.134256
lib/matplotlib/collections.py::548,0.134256
lib/matplotlib/collections.py::574,0.134256
lib/matplotlib/collections.py::575,0.134256
lib/matplotlib/collections.py::576,0.134256
lib/matplotlib/collections.py::577,0.134256
lib/matplotlib/collections.py::589,0.134256
lib/matplotlib/collections.py::592,0.134256
lib/matplotlib/collections.py::593,0.134256
lib/matplotlib/collections.py::647,0.134256
lib/matplotlib/collections.py::671,0.134256
lib/matplotlib/collections.py::672,0.134256
lib/matplotlib/collections.py::673,0.134256
lib/matplotlib/collections.py::674,0.134256
lib/matplotlib/collections.py::693,0.134256
lib/matplotlib/collections.py::694,0.134256
lib/matplotlib/collections.py::696,0.134256
lib/matplotlib/collections.py::697,0.134256
lib/matplotlib/collections.py::698,0.134256
lib/matplotlib/collections.py::702,0.134256
lib/matplotlib/collections.py::703,0.134256
lib/matplotlib/collections.py::717,0.134256
lib/matplotlib/collections.py::718,0.134256
lib/matplotlib/collections.py::730,0.134256
lib/matplotlib/collections.py::731,0.134256
lib/matplotlib/collections.py::739,0.134256
lib/matplotlib/collections.py::740,0.134256
lib/matplotlib/collections.py::741,0.134256
lib/matplotlib/collections.py::742,0.134256
lib/matplotlib/collections.py::746,0.134256
lib/matplotlib/collections.py::747,0.134256
lib/matplotlib/collections.py::752,0.134256
lib/matplotlib/collections.py::753,0.134256
lib/matplotlib/collections.py::755,0.134256
lib/matplotlib/collections.py::767,0.134256
lib/matplotlib/collections.py::768,0.134256
lib/matplotlib/collections.py::772,0.134256
lib/matplotlib/collections.py::773,0.134256
lib/matplotlib/collections.py::774,0.134256
lib/matplotlib/collections.py::775,0.134256
lib/matplotlib/colorbar.py::1042,0.134256
lib/matplotlib/colorbar.py::1060,0.134256
lib/matplotlib/colorbar.py::1113,0.134256
lib/matplotlib/colorbar.py::1114,0.134256
lib/matplotlib/colorbar.py::1115,0.134256
lib/matplotlib/colorbar.py::1116,0.134256
lib/matplotlib/colorbar.py::1117,0.134256
lib/matplotlib/colorbar.py::1118,0.134256
lib/matplotlib/colorbar.py::1121,0.134256
lib/matplotlib/colorbar.py::1122,0.134256
lib/matplotlib/colorbar.py::1123,0.134256
lib/matplotlib/colorbar.py::1133,0.134256
lib/matplotlib/colorbar.py::1134,0.134256
lib/matplotlib/colorbar.py::1135,0.134256
lib/matplotlib/colorbar.py::1137,0.134256
lib/matplotlib/colorbar.py::1139,0.134256
lib/matplotlib/colorbar.py::476,0.134256
lib/matplotlib/colorbar.py::480,0.134256
lib/matplotlib/colorbar.py::499,0.134256
lib/matplotlib/colorbar.py::502,0.134256
lib/matplotlib/colorbar.py::503,0.134256
lib/matplotlib/colorbar.py::505,0.134256
lib/matplotlib/colorbar.py::506,0.134256
lib/matplotlib/colorbar.py::507,0.134256
lib/matplotlib/colorbar.py::508,0.134256
lib/matplotlib/colorbar.py::516,0.134256
lib/matplotlib/colorbar.py::518,0.134256
lib/matplotlib/colorbar.py::523,0.134256
lib/matplotlib/colorbar.py::524,0.134256
lib/matplotlib/colorbar.py::525,0.134256
lib/matplotlib/colorbar.py::526,0.134256
lib/matplotlib/colorbar.py::527,0.134256
lib/matplotlib/colorbar.py::537,0.134256
lib/matplotlib/colorbar.py::538,0.134256
lib/matplotlib/colorbar.py::539,0.134256
lib/matplotlib/colorbar.py::566,0.134256
lib/matplotlib/colorbar.py::567,0.134256
lib/matplotlib/colorbar.py::577,0.134256
lib/matplotlib/colorbar.py::578,0.134256
lib/matplotlib/colorbar.py::579,0.134256
lib/matplotlib/colorbar.py::580,0.134256
lib/matplotlib/colorbar.py::587,0.134256
lib/matplotlib/colorbar.py::588,0.134256
lib/matplotlib/colorbar.py::614,0.134256
lib/matplotlib/colorbar.py::616,0.134256
lib/matplotlib/colorbar.py::617,0.134256
lib/matplotlib/colorbar.py::618,0.134256
lib/matplotlib/colorbar.py::705,0.134256
lib/matplotlib/colorbar.py::706,0.134256
lib/matplotlib/colorbar.py::707,0.134256
lib/matplotlib/colorbar.py::708,0.134256
lib/matplotlib/colorbar.py::709,0.134256
lib/matplotlib/colorbar.py::710,0.134256
lib/matplotlib/colorbar.py::711,0.134256
lib/matplotlib/colorbar.py::712,0.134256
lib/matplotlib/colorbar.py::713,0.134256
lib/matplotlib/colorbar.py::715,0.134256
lib/matplotlib/colorbar.py::716,0.134256
lib/matplotlib/colorbar.py::717,0.134256
lib/matplotlib/colorbar.py::718,0.134256
lib/matplotlib/colorbar.py::719,0.134256
lib/matplotlib/colorbar.py::720,0.134256
lib/matplotlib/colorbar.py::721,0.134256
lib/matplotlib/colorbar.py::722,0.134256
lib/matplotlib/colorbar.py::723,0.134256
lib/matplotlib/colorbar.py::724,0.134256
lib/matplotlib/colorbar.py::725,0.134256
lib/matplotlib/colorbar.py::727,0.134256
lib/matplotlib/colorbar.py::728,0.134256
lib/matplotlib/colorbar.py::729,0.134256
lib/matplotlib/colorbar.py::730,0.134256
lib/matplotlib/colorbar.py::731,0.134256
lib/matplotlib/colorbar.py::733,0.134256
lib/matplotlib/colorbar.py::774,0.134256
lib/matplotlib/colorbar.py::775,0.134256
lib/matplotlib/colorbar.py::776,0.134256
lib/matplotlib/colorbar.py::777,0.134256
lib/matplotlib/colorbar.py::779,0.134256
lib/matplotlib/colorbar.py::797,0.134256
lib/matplotlib/colorbar.py::801,0.134256
lib/matplotlib/colorbar.py::802,0.134256
lib/matplotlib/colorbar.py::803,0.134256
lib/matplotlib/colorbar.py::804,0.134256
lib/matplotlib/colorbar.py::805,0.134256
lib/matplotlib/colorbar.py::806,0.134256
lib/matplotlib/colorbar.py::809,0.134256
lib/matplotlib/colorbar.py::811,0.134256
lib/matplotlib/colorbar.py::812,0.134256
lib/matplotlib/colorbar.py::815,0.134256
lib/matplotlib/colorbar.py::822,0.134256
lib/matplotlib/colorbar.py::987,0.134256
lib/matplotlib/colorbar.py::988,0.134256
lib/matplotlib/colorbar.py::989,0.134256
lib/matplotlib/colorbar.py::993,0.134256
lib/matplotlib/colorbar.py::994,0.134256
lib/matplotlib/colorbar.py::998,0.134256
lib/matplotlib/colors.py::294,0.134256
lib/matplotlib/colors.py::314,0.134256
lib/matplotlib/colors.py::315,0.134256
lib/matplotlib/colors.py::316,0.134256
lib/matplotlib/colors.py::317,0.134256
lib/matplotlib/patches.py::1006,0.134256
lib/matplotlib/patches.py::1007,0.134256
lib/matplotlib/patches.py::1008,0.134256
lib/matplotlib/patches.py::1067,0.134256
lib/matplotlib/patches.py::1068,0.134256
lib/matplotlib/patches.py::1069,0.134256
lib/matplotlib/patches.py::1074,0.134256
lib/matplotlib/patches.py::1075,0.134256
lib/matplotlib/path.py::141,0.134256
lib/matplotlib/path.py::142,0.134256
lib/matplotlib/path.py::143,0.134256
lib/matplotlib/path.py::144,0.134256
lib/matplotlib/ticker.py::1762,0.134256
lib/matplotlib/ticker.py::1763,0.134256
lib/matplotlib/transforms.py::381,0.134256
lib/matplotlib/transforms.py::390,0.134256
lib/matplotlib/transforms.py::833,0.134256
lib/matplotlib/units.py::204,0.134256
lib/matplotlib/units.py::206,0.134256
lib/matplotlib/units.py::66,0.134256
lib/matplotlib/units.py::67,0.134256
lib/matplotlib/units.py::69,0.134256
